{
  "type": "pointblank:default",
  "ingredients": [
    {
      "count": 24,
      "item": "pointblank:gunmetal_ingot"
    },
    {
      "count": 6,
      "item": "pointblank:guninternals"
    },
    {
      "count": 8,
      "tag": "forge:ingots/iron"
    },
    {
      "count": 2,
      "tag": "forge:ingots/gold"
    },
    {
      "count": 2,
      "tag": "minecraft:planks"
    },
    {
      "count": 6,
      "item": "pointblank:eea_plastic"
    }
  ],
  "result": {
    "item": "pointblank:eea_gepard"
  }
}