{
  "type": "pointblank:default",
  "ingredients": [
    {
      "count": 24,
      "item": "pointblank:gunmetal_ingot"
    },
    {
      "count": 8,
      "item": "pointblank:guninternals"
    },
    {
      "count": 12,
      "tag": "forge:ingots/iron"
    },
    {
      "count": 2,
      "tag": "forge:ingots/gold"
    },
    {
      "count": 6,
      "tag": "minecraft:planks"
    },
    {
      "count": 4,
      "item": "pointblank:eea_bakelite"
    }
  ],
  "result": {
    "item": "pointblank:eea_ak74"
  }
}