{
	"format_version": "1.8.0",
	"animations": {
		"animation.model.prepare": {
			"animation_length": 1.375,
			"bones": {
				"main": {
					"rotation": {
						"0.0": {
							"vector": [0, 0, 0]
						},
						"0.2083": {
							"vector": [-5.58, -1.54, 0]
						},
						"0.5417": {
							"vector": [-5.36856, -4.08419, 10.19938]
						},
						"0.7917": {
							"vector": [-7.68472, -19.93989, 0.57543]
						},
						"1.0": {
							"vector": [-19.56151, -14.63599, 17.205]
						},
						"1.25": {
							"vector": [-29.90184, -14.527, 32.67604]
						}
					},
					"position": {
						"0.0": {
							"vector": [0, 0, 0]
						},
						"0.2083": {
							"vector": [0, 0, 1.15]
						},
						"0.5417": {
							"vector": [0, 0, 3]
						},
						"0.7917": {
							"vector": [0, 0, 3],
							"easing": "easeInBounce"
						},
						"1.0": {
							"vector": [0, 0, 3]
						},
						"1.25": {
							"vector": [0, 0, 3]
						}
					}
				},
				"Part1": {
					"rotation": {
						"0.2917": {
							"vector": [0, 0, 0]
						},
						"0.375": {
							"vector": [0, 0, 7]
						},
						"0.4583": {
							"vector": [0, 0, 14],
							"easing": "linear"
						},
						"0.5": {
							"vector": [0, 0, 21]
						},
						"0.5417": {
							"vector": [0, 0, 28],
							"easing": "linear"
						},
						"0.5833": {
							"vector": [0, 0, 35]
						},
						"0.625": {
							"vector": [0, 0, 42],
							"easing": "linear"
						},
						"0.6667": {
							"vector": [0, 0, 62],
							"easing": "linear"
						},
						"0.7083": {
							"vector": [0, 0, 76]
						},
						"0.75": {
							"vector": [0, 0, 90],
							"easing": "linear"
						}
					},
					"position": {
						"0.2917": {
							"vector": [-0.25, 0, 0]
						},
						"0.375": {
							"vector": [-3.25, 0, 0]
						},
						"0.4583": {
							"vector": [-6.5, 0.5, 0]
						},
						"0.5": {
							"vector": [-9.3, 1.48, 0]
						},
						"0.5417": {
							"vector": [-12.1, 2.6, 0],
							"easing": "linear"
						},
						"0.5833": {
							"vector": [-15, 4.1, 0]
						},
						"0.625": {
							"vector": [-17.5, 5.6, 0]
						},
						"0.6667": {
							"vector": [-23.6, 12.6, 0]
						},
						"0.7083": {
							"vector": [-26, 18.6, 0]
						},
						"0.75": {
							"vector": [-26.9, 24.6, 0]
						}
					}
				},
				"Bolt": {
					"rotation": {
						"0.9583": {
							"vector": [0, 0, 0]
						},
						"1.0833": {
							"vector": [0, 0, 0]
						}
					},
					"position": {
						"0.0": {
							"vector": [0, 0, 0]
						},
						"0.9583": {
							"vector": [0, 0, 0]
						},
						"1.0833": {
							"vector": [0, 0, 10.25]
						}
					}
				},
				"bullet": {
					"rotation": {
						"0.9167": {
							"vector": [0, 0, 0]
						},
						"1.0833": {
							"vector": [0, 0, 0]
						},
						"1.125": {
							"vector": [-2.5, 7.5, 0]
						},
						"1.2083": {
							"vector": [-10.14579, 14.9565, -0.67403]
						},
						"1.2917": {
							"vector": [-24.05029, 53.26084, -15.1189]
						},
						"1.375": {
							"vector": [-85.04449, 69.63513, -71.91701]
						}
					},
					"position": {
						"0.9167": {
							"vector": [0, 0, 0]
						},
						"1.0833": {
							"vector": [0, 0, 10.375]
						},
						"1.125": {
							"vector": [-2.65066, 3.01895, 10.35712]
						},
						"1.2083": {
							"vector": [-18.79106, 7.341, 20.11797]
						},
						"1.2917": {
							"vector": [-36.76972, -0.49274, 38.54709]
						},
						"1.375": {
							"vector": [-46.42466, -7.95979, 64.59073]
						}
					}
				},
				"Bolt2": {
					"rotation": {
						"0.7917": {
							"vector": [0, 0, 0]
						},
						"0.8333": {
							"vector": [0, 0, 22.5]
						},
						"0.875": {
							"vector": [0, 0, 45]
						},
						"0.9167": {
							"vector": [0, 0, 67.5]
						},
						"0.9583": {
							"vector": [0, 0, 90]
						}
					},
					"position": {
						"0.7917": {
							"vector": [0, 0, 0]
						},
						"0.8333": {
							"vector": [0.03459, -0.09501, 0]
						},
						"0.875": {
							"vector": [0.04763, -0.18499, 0]
						},
						"0.9167": {
							"vector": [-0.03795, -0.07285, 0]
						},
						"0.9583": {
							"vector": [0, 0, 0]
						}
					}
				},
				"bullet2": {
					"position": {
						"1.0833": {
							"vector": [0, -0.745, 10.13]
						},
						"1.1667": {
							"vector": [0, -0.125, 10.125]
						}
					}
				},
				"rightarm": {
					"rotation": {
						"0.625": {
							"vector": [0, 0, 0]
						},
						"0.7083": {
							"vector": [0, 10, 0]
						},
						"0.75": {
							"vector": [0, 10, 0]
						},
						"0.8333": {
							"vector": [-5, 10, 0]
						},
						"0.875": {
							"vector": [-7.55179, 7.64099, 0.82937]
						},
						"0.9167": {
							"vector": [-7.75818, 2.92544, 2.50863]
						},
						"0.9583": {
							"vector": [-3.11388, -1.7763, 4.23556]
						},
						"1.0833": {
							"vector": [-4.71238, -16.22624, 8.59428]
						},
						"1.2917": {
							"vector": [8.35989, -0.21, 1.67]
						}
					},
					"position": {
						"0.625": {
							"vector": [0, 0, 0]
						},
						"0.7083": {
							"vector": [-6.04456, 2.30511, -4.9206]
						},
						"0.75": {
							"vector": [-9.01172, 8.38162, -12.9312]
						},
						"0.7917": {
							"vector": [-9.01172, 8.38162, -12.9312]
						},
						"0.8333": {
							"vector": [-9.11783, 10.45729, -12.49543]
						},
						"0.875": {
							"vector": [-6.77398, 12.39259, -12.70623]
						},
						"0.9167": {
							"vector": [-5.39724, 13.93181, -13.09743]
						},
						"0.9583": {
							"vector": [-4.89353, 16.54594, -13.69261]
						},
						"1.0833": {
							"vector": [-7.84983, 16.33814, -6.25229]
						},
						"1.2917": {
							"vector": [-12, 10, 17]
						}
					}
				},
				"leftarm": {
					"rotation": {
						"0.0": {
							"vector": [0, 0, 0]
						},
						"0.2083": {
							"vector": [0, 0, -12.5]
						},
						"0.5417": {
							"vector": [0, 0, -27.5]
						},
						"0.875": {
							"vector": [0, 0, -22.5]
						},
						"1.2083": {
							"vector": [0, 0, -30]
						}
					},
					"position": {
						"0.0": {
							"vector": [0, 0, 0]
						},
						"0.2083": {
							"vector": [1.2331, 1.12104, 7.05041]
						},
						"0.5417": {
							"vector": [3.9175, 5.12, 7.05]
						},
						"0.875": {
							"vector": [3.2956, 3.37104, 4.61291]
						},
						"1.2083": {
							"vector": [4.4831, 6.05854, 4.61291]
						}
					}
				}
			},
			"sound_effects": {
				"0.7083": {
					"effect": "carcanoprepare"
				}
			}
		},
		"animation.model.preparealt": {
			"animation_length": 1.2917,
			"bones": {
				"main": {
					"rotation": {
						"0.0": {
							"vector": [0, 0, 0]
						},
						"0.2083": {
							"vector": [-5.58, -1.54, 0]
						},
						"0.5417": {
							"vector": [-5.36856, -4.08419, 10.19938]
						},
						"0.7917": {
							"vector": [-7.68472, -19.93989, 0.57543]
						},
						"1.0": {
							"vector": [-19.56151, -14.63599, 17.205]
						},
						"1.25": {
							"vector": [-29.90184, -14.527, 32.67604]
						}
					},
					"position": {
						"0.0": {
							"vector": [0, 0, 0]
						},
						"0.2083": {
							"vector": [0, 0, 1.15]
						},
						"0.5417": {
							"vector": [0, 0, 3]
						},
						"0.7917": {
							"vector": [0, 0, 3],
							"easing": "easeInBounce"
						},
						"1.0": {
							"vector": [0, 0, 3]
						},
						"1.25": {
							"vector": [0, 0, 3]
						}
					}
				},
				"Part1": {
					"rotation": {
						"0.2917": {
							"vector": [0, 0, 0]
						},
						"0.375": {
							"vector": [0, 0, 7]
						},
						"0.4583": {
							"vector": [0, 0, 14],
							"easing": "linear"
						},
						"0.5": {
							"vector": [0, 0, 21]
						},
						"0.5417": {
							"vector": [0, 0, 28],
							"easing": "linear"
						},
						"0.5833": {
							"vector": [0, 0, 35]
						},
						"0.625": {
							"vector": [0, 0, 42],
							"easing": "linear"
						},
						"0.6667": {
							"vector": [0, 0, 62],
							"easing": "linear"
						},
						"0.7083": {
							"vector": [0, 0, 76]
						},
						"0.75": {
							"vector": [0, 0, 90],
							"easing": "linear"
						}
					},
					"position": {
						"0.2917": {
							"vector": [-0.25, 0, 0]
						},
						"0.375": {
							"vector": [-3.25, 0, 0]
						},
						"0.4583": {
							"vector": [-6.5, 0.5, 0]
						},
						"0.5": {
							"vector": [-9.3, 1.48, 0]
						},
						"0.5417": {
							"vector": [-12.1, 2.6, 0],
							"easing": "linear"
						},
						"0.5833": {
							"vector": [-15, 4.1, 0]
						},
						"0.625": {
							"vector": [-17.5, 5.6, 0]
						},
						"0.6667": {
							"vector": [-23.6, 12.6, 0]
						},
						"0.7083": {
							"vector": [-26, 18.6, 0]
						},
						"0.75": {
							"vector": [-26.9, 24.6, 0]
						}
					}
				},
				"Bolt": {
					"rotation": {
						"0.9583": {
							"vector": [0, 0, 0]
						},
						"1.0833": {
							"vector": [0, 0, 0]
						}
					},
					"position": {
						"0.0": {
							"vector": [0, 0, 0]
						},
						"0.9583": {
							"vector": [0, 0, 0]
						},
						"1.0833": {
							"vector": [0, 0, 10.25]
						}
					}
				},
				"Bolt2": {
					"rotation": {
						"0.7917": {
							"vector": [0, 0, 0]
						},
						"0.8333": {
							"vector": [0, 0, 22.5]
						},
						"0.875": {
							"vector": [0, 0, 45]
						},
						"0.9167": {
							"vector": [0, 0, 67.5]
						},
						"0.9583": {
							"vector": [0, 0, 90]
						}
					},
					"position": {
						"0.7917": {
							"vector": [0, 0, 0]
						},
						"0.8333": {
							"vector": [0.03459, -0.09501, 0]
						},
						"0.875": {
							"vector": [0.04763, -0.18499, 0]
						},
						"0.9167": {
							"vector": [-0.03795, -0.07285, 0]
						},
						"0.9583": {
							"vector": [0, 0, 0]
						}
					}
				},
				"rightarm": {
					"rotation": {
						"0.625": {
							"vector": [0, 0, 0]
						},
						"0.7083": {
							"vector": [0, 10, 0]
						},
						"0.75": {
							"vector": [0, 10, 0]
						},
						"0.8333": {
							"vector": [-5, 10, 0]
						},
						"0.875": {
							"vector": [-7.55179, 7.64099, 0.82937]
						},
						"0.9167": {
							"vector": [-7.75818, 2.92544, 2.50863]
						},
						"0.9583": {
							"vector": [-3.11388, -1.7763, 4.23556]
						},
						"1.0833": {
							"vector": [-4.71238, -16.22624, 8.59428]
						},
						"1.2917": {
							"vector": [8.35989, -0.21, 1.67]
						}
					},
					"position": {
						"0.625": {
							"vector": [0, 0, 0]
						},
						"0.7083": {
							"vector": [-6.04456, 2.30511, -4.9206]
						},
						"0.75": {
							"vector": [-9.01172, 8.38162, -12.9312]
						},
						"0.7917": {
							"vector": [-9.01172, 8.38162, -12.9312]
						},
						"0.8333": {
							"vector": [-9.11783, 10.45729, -12.49543]
						},
						"0.875": {
							"vector": [-6.77398, 12.39259, -12.70623]
						},
						"0.9167": {
							"vector": [-5.39724, 13.93181, -13.09743]
						},
						"0.9583": {
							"vector": [-4.89353, 16.54594, -13.69261]
						},
						"1.0833": {
							"vector": [-7.84983, 16.33814, -6.25229]
						},
						"1.2917": {
							"vector": [-12, 10, 17]
						}
					}
				},
				"leftarm": {
					"rotation": {
						"0.0": {
							"vector": [0, 0, 0]
						},
						"0.2083": {
							"vector": [0, 0, -12.5]
						},
						"0.5417": {
							"vector": [0, 0, -27.5]
						},
						"0.875": {
							"vector": [0, 0, -22.5]
						},
						"1.2083": {
							"vector": [0, 0, -30]
						}
					},
					"position": {
						"0.0": {
							"vector": [0, 0, 0]
						},
						"0.2083": {
							"vector": [1.2331, 1.12104, 7.05041]
						},
						"0.5417": {
							"vector": [3.9175, 5.12, 7.05]
						},
						"0.875": {
							"vector": [3.2956, 3.37104, 4.61291]
						},
						"1.2083": {
							"vector": [4.4831, 6.05854, 4.61291]
						}
					}
				}
			},
			"sound_effects": {
				"0.7083": {
					"effect": "carcanoprepare"
				}
			}
		},
		"animation.model.loadfirst": {
			"animation_length": 0.8333,
			"bones": {
				"main": {
					"rotation": {
						"0.0": {
							"vector": [-29.90184, -14.527, 32.67604]
						},
						"0.4583": {
							"vector": [-27.4, -14.53, 32.68],
							"easing": "easeInSine"
						},
						"0.5417": {
							"vector": [-27.33848, -19.07778, 29.28558]
						},
						"0.6667": {
							"vector": [-27.68183, -18.42067, 26.93961]
						},
						"0.7917": {
							"vector": [-29.90184, -14.527, 32.67604]
						}
					},
					"position": {
						"0.0": {
							"vector": [0, 0, 3]
						},
						"0.4583": {
							"vector": [0, 0, 3]
						},
						"0.5417": {
							"vector": [0, -0.5625, 3]
						},
						"0.7917": {
							"vector": [0, 0, 3]
						}
					}
				},
				"Part1": {
					"rotation": {
						"vector": ["linear", "linear", "linear"]
					},
					"position": {
						"vector": [-26.9, 24.6, 0]
					}
				},
				"Bolt": {
					"rotation": {
						"vector": [0, 0, 0]
					},
					"position": {
						"vector": [0, 0, 10.25]
					}
				},
				"bullet": {
					"rotation": {
						"0.0833": {
							"vector": [0, -2.5, 0]
						},
						"0.2083": {
							"vector": [0, -5, 0]
						},
						"0.2917": {
							"vector": [0, -7.5, 0]
						},
						"0.4167": {
							"vector": [7.5, -6.5, 0]
						},
						"0.5417": {
							"vector": [0, 0, 0]
						}
					},
					"position": {
						"0.0": {
							"vector": [-6.25, 0.63, 43.13]
						},
						"0.0833": {
							"vector": [-5.73, 0.57, 32.005]
						},
						"0.125": {
							"vector": [-5.68614, 0.51, 20.86552]
						},
						"0.2083": {
							"vector": [-4.90736, 0.95, 14.91964]
						},
						"0.2917": {
							"vector": [-3.93512, 0.83, 9.53355]
						},
						"0.3333": {
							"vector": [-2.57462, 1.77, 9.71684]
						},
						"0.375": {
							"vector": [-1.71484, 1.52, 11.60292]
						},
						"0.4167": {
							"vector": [-0.90254, 1.7, 12.48444]
						},
						"0.4583": {
							"vector": [-0.36804, 1.82266, 9.85669]
						},
						"0.5417": {
							"vector": [0, -0.125, 10.125]
						},
						"0.8333": {
							"vector": [0, -0.125, 10.125]
						}
					}
				},
				"Bolt2": {
					"rotation": {
						"vector": [0, 0, 90]
					},
					"position": {
						"vector": [0, 0, 0]
					}
				},
				"rightarm": {
					"rotation": {
						"0.0": {
							"vector": [8.35989, -0.21, 1.67]
						},
						"0.125": {
							"vector": [8.44037, 14.76373, 0.77652]
						},
						"0.2917": {
							"vector": [8.44, 14.76, 0.78]
						},
						"0.4167": {
							"vector": [18.44, 14.76, 0.78]
						},
						"0.5": {
							"vector": [18.43437, 12.27669, 0.49149]
						},
						"0.7083": {
							"vector": [18.43437, 12.27669, 0.49149]
						},
						"0.8333": {
							"vector": [8.35989, -0.21, 1.67]
						}
					},
					"position": {
						"0.0": {
							"vector": [-12, 10, 17]
						},
						"0.125": {
							"vector": [-8, 10, -3.125]
						},
						"0.2917": {
							"vector": [-6, 10, -16]
						},
						"0.4167": {
							"vector": [-3, 14, -11]
						},
						"0.5": {
							"vector": [-2, 14, -15.125]
						},
						"0.7083": {
							"vector": [-6.625, 14, -9]
						},
						"0.75": {
							"vector": [-8.25, 13, -4]
						},
						"0.8333": {
							"vector": [-12, 10, 17]
						}
					}
				},
				"leftarm": {
					"rotation": {
						"0.0": {
							"vector": [0, 0, -30]
						},
						"0.2917": {
							"vector": [0, 0, -30]
						},
						"0.5": {
							"vector": [-5, 0, -30]
						},
						"0.5417": {
							"vector": [-4.77718, 2.8335, -25.87394]
						},
						"0.7083": {
							"vector": [-5, 0, -30]
						},
						"0.8333": {
							"vector": [0, 0, -30]
						}
					},
					"position": {
						"0.0": {
							"vector": [4.4831, 6.05854, 4.61291]
						},
						"0.2917": {
							"vector": [4.4831, 6.05854, 4.61291]
						},
						"0.5": {
							"vector": [5.7331, 6.05854, 4.61291]
						},
						"0.5417": {
							"vector": [5.73, 4.6225, 4.61]
						},
						"0.7083": {
							"vector": [5.7331, 6.05854, 4.61291]
						},
						"0.8333": {
							"vector": [4.4831, 6.05854, 4.61291]
						}
					}
				}
			},
			"sound_effects": {
				"0.0417": {
					"effect": "boltsingleload"
				}
			}
		},
		"animation.model.load": {
			"animation_length": 0.8333,
			"bones": {
				"main": {
					"rotation": {
						"0.0": {
							"vector": [-29.90184, -14.527, 32.67604]
						},
						"0.4583": {
							"vector": [-27.4, -14.53, 32.68],
							"easing": "easeInSine"
						},
						"0.5417": {
							"vector": [-27.33848, -19.07778, 29.28558]
						},
						"0.6667": {
							"vector": [-27.68183, -18.42067, 26.93961]
						},
						"0.7917": {
							"vector": [-29.90184, -14.527, 32.67604]
						}
					},
					"position": {
						"0.0": {
							"vector": [0, 0, 3]
						},
						"0.4583": {
							"vector": [0, 0, 3]
						},
						"0.5417": {
							"vector": [0, -0.5625, 3]
						},
						"0.7917": {
							"vector": [0, 0, 3]
						}
					}
				},
				"Part1": {
					"rotation": {
						"vector": ["linear", "linear", "linear"]
					},
					"position": {
						"vector": [-26.9, 24.6, 0]
					}
				},
				"Bolt": {
					"rotation": {
						"vector": [0, 0, 0]
					},
					"position": {
						"vector": [0, 0, 10.25]
					}
				},
				"bullet": {
					"rotation": {
						"0.0833": {
							"vector": [0, -2.5, 0]
						},
						"0.2083": {
							"vector": [0, -5, 0]
						},
						"0.2917": {
							"vector": [0, -7.5, 0]
						},
						"0.4167": {
							"vector": [7.5, -6.5, 0]
						},
						"0.5417": {
							"vector": [0, 0, 0]
						}
					},
					"position": {
						"0.0": {
							"vector": [-6.25, 0.63, 43.13]
						},
						"0.0833": {
							"vector": [-5.73, 0.57, 32.005]
						},
						"0.125": {
							"vector": [-5.68614, 0.51, 20.86552]
						},
						"0.2083": {
							"vector": [-4.90736, 0.95, 14.91964]
						},
						"0.2917": {
							"vector": [-3.93512, 0.83, 9.53355]
						},
						"0.3333": {
							"vector": [-2.57462, 1.77, 9.71684]
						},
						"0.375": {
							"vector": [-1.71484, 1.52, 11.60292]
						},
						"0.4167": {
							"vector": [-0.90254, 1.7, 12.48444]
						},
						"0.4583": {
							"vector": [-0.36804, 1.82266, 9.85669]
						},
						"0.5417": {
							"vector": [0, -0.125, 10.125]
						},
						"0.8333": {
							"vector": [0, -0.125, 10.125]
						}
					}
				},
				"Bolt2": {
					"rotation": {
						"vector": [0, 0, 90]
					},
					"position": {
						"vector": [0, 0, 0]
					}
				},
				"bullet2": {
					"position": {
						"0.4167": {
							"vector": [0, -0.125, 10.125]
						},
						"0.5": {
							"vector": [0, -0.745, 10.13]
						}
					}
				},
				"rightarm": {
					"rotation": {
						"0.0": {
							"vector": [8.35989, -0.21, 1.67]
						},
						"0.125": {
							"vector": [8.44037, 14.76373, 0.77652]
						},
						"0.2917": {
							"vector": [8.44, 14.76, 0.78]
						},
						"0.4167": {
							"vector": [18.44, 14.76, 0.78]
						},
						"0.5": {
							"vector": [18.43437, 12.27669, 0.49149]
						},
						"0.7083": {
							"vector": [18.43437, 12.27669, 0.49149]
						},
						"0.8333": {
							"vector": [8.35989, -0.21, 1.67]
						}
					},
					"position": {
						"0.0": {
							"vector": [-12, 10, 17]
						},
						"0.125": {
							"vector": [-8, 10, -3.125]
						},
						"0.2917": {
							"vector": [-6, 10, -16]
						},
						"0.4167": {
							"vector": [-3, 14, -11]
						},
						"0.5": {
							"vector": [-2, 14, -15.125]
						},
						"0.7083": {
							"vector": [-6.625, 14, -9]
						},
						"0.75": {
							"vector": [-8.25, 13, -4]
						},
						"0.8333": {
							"vector": [-12, 10, 17]
						}
					}
				},
				"leftarm": {
					"rotation": {
						"0.0": {
							"vector": [0, 0, -30]
						},
						"0.2917": {
							"vector": [0, 0, -30]
						},
						"0.5": {
							"vector": [-5, 0, -30]
						},
						"0.5417": {
							"vector": [-4.77718, 2.8335, -25.87394]
						},
						"0.7083": {
							"vector": [-5, 0, -30]
						},
						"0.8333": {
							"vector": [0, 0, -30]
						}
					},
					"position": {
						"0.0": {
							"vector": [4.4831, 6.05854, 4.61291]
						},
						"0.2917": {
							"vector": [4.4831, 6.05854, 4.61291]
						},
						"0.5": {
							"vector": [5.7331, 6.05854, 4.61291]
						},
						"0.5417": {
							"vector": [5.73, 4.6225, 4.61]
						},
						"0.7083": {
							"vector": [5.7331, 6.05854, 4.61291]
						},
						"0.8333": {
							"vector": [4.4831, 6.05854, 4.61291]
						}
					}
				}
			},
			"sound_effects": {
				"0.0417": {
					"effect": "boltsingleload"
				}
			}
		},
		"animation.model.finish": {
			"loop": true,
			"animation_length": 1,
			"bones": {
				"main": {
					"rotation": {
						"0.0": {
							"vector": [-29.90184, -14.527, 32.67604]
						},
						"0.1667": {
							"vector": [-19.56151, -14.63599, 17.205]
						},
						"0.4583": {
							"vector": [-7.68472, -19.93989, 0.57543]
						},
						"0.625": {
							"vector": [-5.37587, -9.67927, 2.78825]
						},
						"0.8333": {
							"vector": [1.92, -1.54, 0]
						},
						"1.0": {
							"vector": [0, 0, 0]
						}
					},
					"position": {
						"0.0": {
							"vector": [0, 0, 3]
						},
						"0.1667": {
							"vector": [0, 0, 3]
						},
						"0.4583": {
							"vector": [0, 0, 3],
							"easing": "easeInBounce"
						},
						"0.8333": {
							"vector": [0, 0, 1.15]
						},
						"1.0": {
							"vector": [0, 0, 0]
						}
					}
				},
				"Part1": {
					"rotation": {
						"0.4167": {
							"vector": [0, 0, 90],
							"easing": "linear"
						},
						"0.4583": {
							"vector": [0, 0, 76]
						},
						"0.5": {
							"vector": [0, 0, 62],
							"easing": "linear"
						},
						"0.5417": {
							"vector": [0, 0, 42],
							"easing": "linear"
						},
						"0.5833": {
							"vector": [0, 0, 35]
						},
						"0.625": {
							"vector": [0, 0, 28],
							"easing": "linear"
						},
						"0.6667": {
							"vector": [0, 0, 21]
						},
						"0.7083": {
							"vector": [0, 0, 14],
							"easing": "linear"
						},
						"0.7917": {
							"vector": [0, 0, 7]
						},
						"0.875": {
							"vector": [0, 0, 0]
						}
					},
					"position": {
						"0.4167": {
							"vector": [-26.9, 24.6, 0]
						},
						"0.4583": {
							"vector": [-26, 18.6, 0]
						},
						"0.5": {
							"vector": [-23.6, 12.6, 0]
						},
						"0.5417": {
							"vector": [-17.5, 5.6, 0]
						},
						"0.5833": {
							"vector": [-15, 4.1, 0]
						},
						"0.625": {
							"vector": [-12.1, 2.6, 0],
							"easing": "linear"
						},
						"0.6667": {
							"vector": [-9.3, 1.48, 0]
						},
						"0.7083": {
							"vector": [-6.5, 0.5, 0]
						},
						"0.7917": {
							"vector": [-3.25, 0, 0]
						},
						"0.875": {
							"vector": [-0.25, 0, 0]
						}
					}
				},
				"Bolt": {
					"rotation": {
						"0.1667": {
							"vector": [0, 0, 0]
						},
						"0.25": {
							"vector": [0, 0, 0]
						}
					},
					"position": {
						"0.1667": {
							"vector": [0, 0, 10.25]
						},
						"0.25": {
							"vector": [0, 0, 0]
						}
					}
				},
				"Bolt2": {
					"rotation": {
						"0.25": {
							"vector": [0, 0, 90]
						},
						"0.2917": {
							"vector": [0, 0, 90]
						},
						"0.3333": {
							"vector": [0, 0, 67.5]
						},
						"0.375": {
							"vector": [0, 0, 45]
						},
						"0.4167": {
							"vector": [0, 0, 22.5]
						},
						"0.4583": {
							"vector": [0, 0, 0]
						}
					},
					"position": {
						"0.25": {
							"vector": [0, 0, 0]
						},
						"0.2917": {
							"vector": [0, 0, 0]
						},
						"0.3333": {
							"vector": [-0.03795, -0.07285, 0]
						},
						"0.375": {
							"vector": [0.04763, -0.18499, 0]
						},
						"0.4167": {
							"vector": [0.03459, -0.09501, 0]
						},
						"0.4583": {
							"vector": [0, 0, 0]
						}
					}
				},
				"bullet": {
					"position": {
						"0.1667": {
							"vector": [0, -0.125, 10.125]
						},
						"0.25": {
							"vector": [0, 0, 0]
						}
					}
				},
				"rightarm": {
					"rotation": {
						"0.0": {
							"vector": [8.35989, -0.21, 1.67]
						},
						"0.1667": {
							"vector": [-4.71238, -16.22624, 8.59428]
						},
						"0.25": {
							"vector": [-3.11388, -1.7763, 4.23556]
						},
						"0.2917": {
							"vector": [-3.11388, -1.7763, 4.23556]
						},
						"0.3333": {
							"vector": [-7.75818, 2.92544, 2.50863]
						},
						"0.375": {
							"vector": [-7.55179, 7.64099, 0.82937]
						},
						"0.4167": {
							"vector": [-5, 10, 0]
						},
						"0.5": {
							"vector": [0, 10, 0]
						},
						"0.5417": {
							"vector": [0, 10, 0]
						},
						"0.5833": {
							"vector": [0, 0, 0]
						}
					},
					"position": {
						"0.0": {
							"vector": [-12, 10, 17]
						},
						"0.1667": {
							"vector": [-7.84983, 16.33814, -6.25229]
						},
						"0.25": {
							"vector": [-4.89353, 16.54594, -13.69261]
						},
						"0.2917": {
							"vector": [-4.89353, 16.54594, -13.69261]
						},
						"0.3333": {
							"vector": [-5.39724, 13.93181, -13.09743]
						},
						"0.375": {
							"vector": [-6.77398, 12.39259, -12.70623]
						},
						"0.4167": {
							"vector": [-9.11783, 10.45729, -12.49543]
						},
						"0.4583": {
							"vector": [-9.01172, 8.38162, -12.9312]
						},
						"0.5": {
							"vector": [-9.01172, 8.38162, -12.9312]
						},
						"0.5417": {
							"vector": [-6.04456, 2.30511, -4.9206]
						},
						"0.5833": {
							"vector": [0, 0, 0]
						}
					}
				},
				"leftarm": {
					"rotation": {
						"0.0": {
							"vector": [0, 0, -30]
						},
						"0.7917": {
							"vector": [0, 0, 0]
						}
					},
					"position": {
						"0.0": {
							"vector": [4.4831, 6.05854, 4.61291]
						},
						"0.7917": {
							"vector": [0, 0, 0]
						}
					}
				}
			},
			"sound_effects": {
				"0.0833": {
					"effect": "carcanofinish"
				}
			}
		},
		"animation.model.draw": {
			"loop": true,
			"animation_length": 1.2,
			"bones": {
				"main": {
					"rotation": {
						"0.0": {
							"vector": [32.09413, -54.38778, -8.29667]
						},
						"0.35": {
							"vector": [0.50518, -5.08075, 6.8716],
							"easing": "easeOutSine"
						},
						"0.5": {
							"vector": [0.32389, -0.60235, -2.1558],
							"easing": "linear"
						},
						"0.6": {
							"vector": [0, 0, 0],
							"easing": "linear"
						}
					},
					"position": {
						"0.0": {
							"vector": [0, -17.3, 0]
						},
						"0.25": {
							"vector": [-0.4, -2.525, -1.625],
							"easing": "linear"
						},
						"0.4": {
							"vector": [-0.05, 0, -2.49],
							"easing": "linear"
						},
						"0.55": {
							"vector": [0, 0, 0],
							"easing": "linear"
						}
					}
				},
				"leftarm": {
					"rotation": {
						"0.0": {
							"vector": [0, 0, 0]
						},
						"0.2": {
							"vector": [1, 0, -22]
						},
						"0.4": {
							"vector": [0, 0, 0]
						}
					},
					"position": {
						"0.0": {
							"vector": [0, 0, 0]
						},
						"0.2": {
							"vector": [3.53901, 3.6754, 5.59783]
						},
						"0.4": {
							"vector": [0, 0, 0]
						}
					}
				}
			}
		},
		"animation.model.inspect": {
			"loop": true,
			"animation_length": 4.2667,
			"bones": {
				"main": {
					"rotation": {
						"0.0": {
							"vector": [0, 0, 0]
						},
						"0.1667": {
							"vector": [-8.41746, -13.59608, -21.21259],
							"easing": "linear"
						},
						"0.3": {
							"vector": [-8.39812, -20.10111, -31.77688]
						},
						"0.4333": {
							"vector": [-9.55676, -20.88889, -28.55629]
						},
						"0.5333": {
							"vector": [-8.77652, -21.21647, -30.72851]
						},
						"0.7667": {
							"vector": [-9.4227, -20.94881, -28.93303]
						},
						"1.0": {
							"vector": [-3.1216, -20.98207, -46.44405]
						},
						"1.1333": {
							"vector": [-4.564, -20.73064, -42.44007]
						},
						"1.2333": {
							"vector": [-4.86325, -20.9153, -41.60203]
						},
						"1.3333": {
							"vector": [-4.58308, -20.97575, -42.38574]
						},
						"1.4667": {
							"vector": [-4.01131, -21.08802, -43.97908]
						},
						"1.6": {
							"vector": [-4.38767, -21.01662, -42.9316]
						},
						"1.7": {
							"vector": [-4.18847, -21.05622, -43.48691],
							"easing": "linear"
						},
						"2.0333": {
							"vector": [-16.91438, 5.38499, 54.40399],
							"easing": "linear"
						},
						"2.1667": {
							"vector": [-15.22513, 5.80082, 60.04554]
						},
						"2.3": {
							"vector": [-15.70981, 5.86025, 59.48558]
						},
						"2.4333": {
							"vector": [-15.93602, 7.03904, 62.69373]
						},
						"2.5667": {
							"vector": [-15.60896, 7.75082, 65.23442]
						},
						"2.7333": {
							"vector": [-15.71675, 7.52491, 64.42194]
						},
						"2.9": {
							"vector": [-15.56389, 7.84019, 65.55973]
						},
						"3.1": {
							"vector": [-15.61778, 7.73186, 65.16659]
						},
						"3.2667": {
							"vector": [-15.9801, 6.93689, 62.33342]
						},
						"3.4": {
							"vector": [-8.86998, 2.42135, 33.56191]
						},
						"3.5333": {
							"vector": [0, -1.75, -2.75]
						},
						"3.7": {
							"vector": [0, 0, 0]
						}
					},
					"position": {
						"0.0": {
							"vector": [0, 0, 0]
						},
						"0.3": {
							"vector": [-0.475, 1.475, -8.7]
						},
						"0.4": {
							"vector": [-0.195, 1, -7.7]
						},
						"0.5333": {
							"vector": [-0.03, 0.725, -7.7]
						},
						"0.7": {
							"vector": [0, 1.125, -7.7]
						},
						"0.9": {
							"vector": [0.125, 1.4, -8.275]
						},
						"1.2": {
							"vector": [-0.02, 1.475, -8]
						},
						"1.4": {
							"vector": [0.11, 1.425, -8.175]
						},
						"1.6667": {
							"vector": [0.275, 1.25, -7.975]
						},
						"1.8": {
							"vector": [-0.13, -1.19, -8.65]
						},
						"1.9667": {
							"vector": [-0.545, -1.325, -11.15]
						},
						"2.1333": {
							"vector": [-0.415, -1.395, -10.545]
						},
						"2.2667": {
							"vector": [-0.525, -1.455, -9.17]
						},
						"2.4": {
							"vector": [-0.49, -1.43, -9.85]
						},
						"2.5667": {
							"vector": [-0.455, -1.5, -9.24]
						},
						"2.7667": {
							"vector": [-0.53, -1.5, -9.27]
						},
						"3.0": {
							"vector": [-0.49, -1.41, -9.3]
						},
						"3.2333": {
							"vector": [-0.545, -1.325, -9.325]
						},
						"3.3667": {
							"vector": [-1.005, -0.61, -7.41]
						},
						"3.6333": {
							"vector": [0, 0, 0]
						}
					}
				},
				"leftarm": {
					"rotation": {
						"0.0": {
							"vector": [0, 0, 0]
						},
						"0.1667": {
							"vector": [0, 0, -2.5]
						},
						"1.7333": {
							"vector": [0, 0, -2.5]
						},
						"2.0333": {
							"vector": [-20, 0, -45]
						},
						"3.3": {
							"vector": [-20, 0, -45]
						},
						"3.5667": {
							"vector": [0, 0, 0]
						}
					},
					"position": {
						"0.0": {
							"vector": [0, 0, 0]
						},
						"0.1667": {
							"vector": [11.23986, -30.20851, 24.64864]
						},
						"1.7333": {
							"vector": [11.23986, -30.20851, 24.64864]
						},
						"2.0333": {
							"vector": [7.35, 6.25, 2.33]
						},
						"3.3": {
							"vector": [7.35, 6.25, 2.33]
						},
						"3.5667": {
							"vector": [0, 0, 0]
						}
					}
				}
			}
		},
		"animation.model.fire": {
			"animation_length": 1,
			"bones": {
				"main": {
					"rotation": {
						"0.0": {
							"vector": [0, 0, 0]
						},
						"0.0833": {
							"vector": [-8.70704, -2.00287, -6.82365]
						},
						"0.1667": {
							"vector": [-4.92074, -2.12162, -7.81848]
						},
						"0.25": {
							"vector": [-4.74028, -1.62322, 0.57363]
						},
						"0.375": {
							"vector": [-3.44584, -0.94265, 0.6289]
						},
						"0.4583": {
							"vector": [-2.34571, -1.11494, 6.6727]
						},
						"0.5833": {
							"vector": [-2.82745, -0.92926, 4.35413]
						},
						"0.625": {
							"vector": [-2.36097, -0.02597, 6.36667]
						},
						"0.75": {
							"vector": [-2.33311, -0.30634, 3.92401]
						},
						"0.8333": {
							"vector": [-1.70472, -1.37749, 3.16024]
						},
						"0.9167": {
							"vector": [-1.24192, -1.11967, -1.13748]
						},
						"1.0": {
							"vector": [0, 0, 0]
						}
					},
					"position": {
						"0.0": {
							"vector": [0, 0, 0]
						},
						"0.0833": {
							"vector": [-0.375, -0.9, 6.575]
						},
						"0.25": {
							"vector": [-0.34, -0.65, 5.135]
						},
						"0.4167": {
							"vector": [-0.29, -0.305, 3.255]
						},
						"0.5417": {
							"vector": [-0.22, -0.23, 2.98]
						},
						"0.5833": {
							"vector": [-0.22, -0.23, 5.33]
						},
						"0.7083": {
							"vector": [-0.18, -0.32, 3.7]
						},
						"0.8333": {
							"vector": [-0.65, -0.455, 1.855]
						},
						"0.9583": {
							"vector": [0, 0, 0]
						}
					}
				},
				"Bolt": {
					"rotation": {
						"0.375": {
							"vector": [0, 0, 0]
						},
						"0.4167": {
							"vector": [0, 0, 0]
						},
						"0.5417": {
							"vector": [0, 0, 0]
						},
						"0.5833": {
							"vector": [0, 0, 0]
						},
						"0.7083": {
							"vector": [0, 0, 0]
						}
					},
					"position": {
						"0.375": {
							"vector": [0, 0, 0]
						},
						"0.4167": {
							"vector": [0, 0, 0]
						},
						"0.5417": {
							"vector": [0, 0, 10.25]
						},
						"0.5833": {
							"vector": [0, 0, 10.25]
						},
						"0.7083": {
							"vector": [0, 0, 0]
						}
					}
				},
				"bullet": {
					"rotation": {
						"vector": [0, 0, 0]
					},
					"position": {
						"0.0": {
							"vector": [0, 0, 0]
						},
						"0.4583": {
							"vector": [0, -0.875, 10.375]
						},
						"0.5833": {
							"vector": [0, 0.005, 10.38]
						},
						"0.7083": {
							"vector": [0, 0, 0]
						}
					}
				},
				"Bolt2": {
					"rotation": {
						"0.1667": {
							"vector": [0, 0, 0]
						},
						"0.2083": {
							"vector": [0, 0, 22.5]
						},
						"0.25": {
							"vector": [0, 0, 45]
						},
						"0.2917": {
							"vector": [0, 0, 67.5]
						},
						"0.3333": {
							"vector": [0, 0, 90]
						},
						"0.375": {
							"vector": [0, 0, 90]
						},
						"0.6667": {
							"vector": [0, 0, 90]
						},
						"0.7083": {
							"vector": [0, 0, 90]
						},
						"0.75": {
							"vector": [0, 0, 67.5]
						},
						"0.7917": {
							"vector": [0, 0, 45]
						},
						"0.8333": {
							"vector": [0, 0, 22.5]
						},
						"0.875": {
							"vector": [0, 0, 0]
						}
					},
					"position": {
						"0.1667": {
							"vector": [0, 0, 0]
						},
						"0.2083": {
							"vector": [0.03459, -0.09501, 0]
						},
						"0.25": {
							"vector": [0.04763, -0.18499, 0]
						},
						"0.2917": {
							"vector": [-0.03795, -0.07285, 0]
						},
						"0.3333": {
							"vector": [0, 0, 0]
						},
						"0.375": {
							"vector": [0, 0, 0]
						},
						"0.6667": {
							"vector": [0, 0, 0]
						},
						"0.7083": {
							"vector": [0, 0, 0]
						},
						"0.75": {
							"vector": [-0.03795, -0.07285, 0]
						},
						"0.7917": {
							"vector": [0.04763, -0.18499, 0]
						},
						"0.8333": {
							"vector": [0.03459, -0.09501, 0]
						},
						"0.875": {
							"vector": [0, 0, 0]
						}
					}
				},
				"leftarm": {
					"rotation": {
						"0.0": {
							"vector": [0, 0, 0]
						},
						"0.1667": {
							"vector": [0, 0, 0]
						},
						"0.25": {
							"vector": [-2.39444, 3.03311, -2.45687]
						},
						"0.75": {
							"vector": [-2.39444, 3.03311, -2.45687]
						},
						"0.875": {
							"vector": [0, 0, 0]
						}
					},
					"position": {
						"0.0": {
							"vector": [0, 0, 0]
						},
						"0.1667": {
							"vector": [0, 0, 0]
						},
						"0.25": {
							"vector": [1.725, 0, 0]
						},
						"0.75": {
							"vector": [1.725, 0, 0]
						},
						"0.875": {
							"vector": [0, 0, 0]
						}
					}
				},
				"bullet2": {
					"rotation": {
						"0.3333": {
							"vector": [0, 0, 0]
						},
						"0.5": {
							"vector": [0, 0, 0]
						},
						"0.5417": {
							"vector": [-2.5, 7.5, 0]
						},
						"0.625": {
							"vector": [-10.14579, 14.9565, -0.67403]
						},
						"0.7083": {
							"vector": [-16.29851, 29.69826, -3.68265]
						},
						"0.7917": {
							"vector": [-31.65442, 48.65185, -12.03688]
						},
						"0.875": {
							"vector": [-44.38991, 58.71879, -24.67282]
						},
						"0.9583": {
							"vector": [-75.06749, 67.91947, -58.69747]
						},
						"1.0": {
							"vector": [0, 0, 0]
						}
					},
					"position": {
						"0.3333": {
							"vector": [0, 0, 0]
						},
						"0.5": {
							"vector": [0, 0, 10.375]
						},
						"0.5417": {
							"vector": [-2.65066, 3.01895, 10.35712]
						},
						"0.625": {
							"vector": [-20.71184, 8.63965, 12.98536]
						},
						"0.7083": {
							"vector": [-47.83159, 12.01179, 16.70911]
						},
						"0.7917": {
							"vector": [-70.27923, 8.88797, 19.52801]
						},
						"0.875": {
							"vector": [-93.7463, 1.27226, 22.28393]
						},
						"0.9583": {
							"vector": [-126.81107, -21.74918, 32.03402]
						},
						"1.0": {
							"vector": [-13.84956, -135.89534, 27.52525]
						}
					}
				},
				"rightarm": {
					"rotation": {
						"0.0": {
							"vector": [0, 0, 0]
						},
						"0.0833": {
							"vector": [0, 10, 0]
						},
						"0.125": {
							"vector": [0, 10, 0]
						},
						"0.2083": {
							"vector": [-5, 10, 0]
						},
						"0.25": {
							"vector": [-7.55179, 7.64099, 0.82937]
						},
						"0.2917": {
							"vector": [-7.75818, 2.92544, 2.50863]
						},
						"0.3333": {
							"vector": [-3.11388, -1.7763, 4.23556]
						},
						"0.375": {
							"vector": [-3.11388, -1.7763, 4.23556]
						},
						"0.4167": {
							"vector": [-3.11388, -1.7763, 4.23556]
						},
						"0.5417": {
							"vector": [-4.71238, -16.22624, 8.59428]
						},
						"0.5833": {
							"vector": [-4.71238, -16.22624, 8.59428]
						},
						"0.7083": {
							"vector": [-3.11388, -1.7763, 4.23556]
						},
						"0.75": {
							"vector": [-7.75818, 2.92544, 2.50863]
						},
						"0.7917": {
							"vector": [-7.55179, 7.64099, 0.82937]
						},
						"0.8333": {
							"vector": [-5, 10, 0]
						},
						"0.9167": {
							"vector": [0, 10, 0]
						},
						"0.9583": {
							"vector": [0, 10, 0]
						},
						"1.0": {
							"vector": [0, 0, 0]
						}
					},
					"position": {
						"0.0": {
							"vector": [0, 0, 0]
						},
						"0.0833": {
							"vector": [-6.04456, 2.30511, -4.9206]
						},
						"0.125": {
							"vector": [-7.76172, 8.38162, -12.9312]
						},
						"0.1667": {
							"vector": [-7.51172, 8.38162, -12.9312]
						},
						"0.2083": {
							"vector": [-6.55533, 9.64479, -12.49543]
						},
						"0.25": {
							"vector": [-4.58648, 11.08009, -12.70623]
						},
						"0.2917": {
							"vector": [-3.70974, 12.61931, -14.15993]
						},
						"0.3333": {
							"vector": [-3.01853, 13.67094, -14.31761]
						},
						"0.375": {
							"vector": [-3.01853, 13.67094, -14.31761]
						},
						"0.4167": {
							"vector": [-3.01853, 13.67094, -14.31761]
						},
						"0.5417": {
							"vector": [-5.97483, 14.02564, -6.06479]
						},
						"0.5833": {
							"vector": [-5.97483, 14.02564, -6.06479]
						},
						"0.7083": {
							"vector": [-3.01853, 13.67094, -14.31761]
						},
						"0.75": {
							"vector": [-3.83103, 11.92094, -13.88011]
						},
						"0.7917": {
							"vector": [-3.51853, 11.35844, -14.31761]
						},
						"0.8333": {
							"vector": [-4.89724, 11.05681, -14.15993]
						},
						"0.875": {
							"vector": [-7.19922, 8.38162, -12.9312]
						},
						"0.9167": {
							"vector": [-7.82422, 8.38162, -12.9312]
						},
						"0.9583": {
							"vector": [-6.04456, 2.30511, -4.9206]
						},
						"1.0": {
							"vector": [0, 0, 0]
						}
					}
				}
			}
		}
	},
	"geckolib_format_version": 2
}