{
	"format_version": "1.8.0",
	"animations": {
		"animation.model.reload": {
			"animation_length": 1.5833,
			"bones": {
				"main": {
					"rotation": {
						"0.0": {
							"vector": [0, 0, 0]
						},
						"0.0833": {
							"vector": [-0.61312, -6.97323, -8.96264]
						},
						"0.2083": {
							"vector": [-2.46841, -15.00235, -35.11286]
						},
						"0.2917": {
							"vector": [0, -17.5, -35]
						},
						"0.375": {
							"vector": [6.54554, -16.99672, -40.20904]
						},
						"0.5": {
							"vector": [11.54554, -16.99672, -40.20904]
						},
						"0.75": {
							"vector": [1.72541, -17.37488, -32.36796]
						},
						"0.9167": {
							"vector": [-1.71716, -16.93843, -37.59595]
						},
						"1.0": {
							"vector": [-4.96223, -16.62954, -34.9997]
						},
						"1.0417": {
							"vector": [-7.44161, -16.4166, -35.02508]
						},
						"1.1667": {
							"vector": [-7.13348, -15.84201, -27.23198]
						},
						"1.25": {
							"vector": [-5.87636, -8.61792, -7.48524]
						},
						"1.375": {
							"vector": [0, 0, 0]
						}
					},
					"position": {
						"0.0": {
							"vector": [0, 0, 0]
						},
						"0.0833": {
							"vector": [0, 0, 0]
						},
						"0.2083": {
							"vector": [0, 0, 0]
						},
						"0.2917": {
							"vector": [0, 0, 0]
						},
						"0.375": {
							"vector": [0.8125, -0.9375, 0]
						},
						"0.75": {
							"vector": [0.81, 0.31, 0]
						},
						"0.9167": {
							"vector": [0.81, 0.31, 0]
						},
						"1.0": {
							"vector": [0.81, 0.31, 0]
						},
						"1.0417": {
							"vector": [0.39814, 0.85381, 0.08541]
						},
						"1.1667": {
							"vector": [0.55697, -0.01225, 1.31254]
						},
						"1.25": {
							"vector": [0.53815, -1.42489, 0.64449]
						},
						"1.375": {
							"vector": [0, 0, 0]
						}
					}
				},
				"leftarm": {
					"rotation": {
						"0.0": {
							"vector": [0, 0, 0]
						},
						"0.2083": {
							"vector": [7.5, 0, 0]
						},
						"0.2917": {
							"vector": [7.5, 0, 0]
						},
						"0.375": {
							"vector": [19.17, 0, 0]
						},
						"0.5833": {
							"vector": [47.5, 0, 0]
						},
						"0.7917": {
							"vector": [47.5, 0, 0]
						},
						"1.0": {
							"vector": [19.17, 0, 0]
						},
						"1.0833": {
							"vector": [7.5, 0, 0]
						},
						"1.2917": {
							"vector": [0, 0, 12.5]
						},
						"1.4167": {
							"vector": [0, 0, 0]
						}
					},
					"position": {
						"0.0": {
							"vector": [0, 0, 0]
						},
						"0.2083": {
							"vector": [-1.8125, 0, 8.5625]
						},
						"0.2917": {
							"vector": [-4.3725, -2.4375, 8.56]
						},
						"0.375": {
							"vector": [-6.2525, -1.095, 9.195]
						},
						"0.4167": {
							"vector": [-7.5975, -3.195, 9.27]
						},
						"0.4583": {
							"vector": [-6.625, -14.2275, 9.34]
						},
						"0.5833": {
							"vector": [-2.185, -32.6875, 10.4975]
						},
						"0.7917": {
							"vector": [-2.185, -32.6875, 10.4975]
						},
						"0.9167": {
							"vector": [-6.625, -14.2275, 9.34]
						},
						"0.9583": {
							"vector": [-7.5975, -3.195, 9.27]
						},
						"1.0": {
							"vector": [-6.2525, -1.095, 9.195]
						},
						"1.0833": {
							"vector": [-4.3725, -2.4375, 8.56]
						},
						"1.2083": {
							"vector": [-1.315, -1.22, 4.28]
						},
						"1.2917": {
							"vector": [-2.4375, -3.25, 0]
						},
						"1.4167": {
							"vector": [0, 0, 0]
						}
					}
				},
				"magazine": {
					"rotation": {
						"0.2917": {
							"vector": [0, 0, 0]
						},
						"0.375": {
							"vector": [0, 0, 0]
						},
						"0.4167": {
							"vector": [0, 0, 0]
						},
						"0.5": {
							"vector": [0, 0, -7.5]
						},
						"0.5833": {
							"vector": [0, 0, -5]
						},
						"0.7917": {
							"vector": [0, 0, -5]
						},
						"0.875": {
							"vector": [0, 0, -7.5]
						},
						"0.9583": {
							"vector": [0, 0, 0]
						},
						"1.0": {
							"vector": [0, 0, 0]
						},
						"1.0833": {
							"vector": [0, 0, 0]
						}
					},
					"position": {
						"0.2917": {
							"vector": [0, 0, 0]
						},
						"0.375": {
							"vector": [0, -1, 0]
						},
						"0.4167": {
							"vector": [0, -5.3125, 0]
						},
						"0.4583": {
							"vector": [2.48, -14.55, 0]
						},
						"0.5833": {
							"vector": [10.9375, -42.25, 0]
						},
						"0.7917": {
							"vector": [10.9375, -42.25, 0]
						},
						"0.9167": {
							"vector": [2.48, -14.55, 0]
						},
						"0.9583": {
							"vector": [0, -5.3125, 0]
						},
						"1.0": {
							"vector": [0, -1, 0]
						},
						"1.0833": {
							"vector": [0, 0, 0]
						}
					}
				}
			},
			"sound_effects": {
				"0.2917": {
					"effect": "federov_reloadmagout"
				},
				"0.8333": {
					"effect": "federov_reloadmagin"
				}
			}
		},
		"animation.model.reloadempty": {
			"animation_length": 2.0417,
			"bones": {
				"main": {
					"rotation": {
						"0.0": {
							"vector": [0, 0, 0]
						},
						"0.0833": {
							"vector": [-0.61312, -6.97323, -8.96264]
						},
						"0.2083": {
							"vector": [-2.46841, -15.00235, -35.11286]
						},
						"0.2917": {
							"vector": [0, -17.5, -35]
						},
						"0.375": {
							"vector": [6.54554, -16.99672, -40.20904]
						},
						"0.5": {
							"vector": [11.54554, -16.99672, -40.20904]
						},
						"0.75": {
							"vector": [1.72541, -17.37488, -32.36796]
						},
						"0.9167": {
							"vector": [-1.71716, -16.93843, -37.59595]
						},
						"1.0": {
							"vector": [-4.96223, -16.62954, -34.9997]
						},
						"1.0417": {
							"vector": [-7.44161, -16.4166, -35.02508]
						},
						"1.1667": {
							"vector": [-7.13348, -15.84201, -27.23198]
						},
						"1.25": {
							"vector": [-5.87636, -8.61792, -7.48524]
						},
						"1.5417": {
							"vector": [-21.26765, 7.52076, 53.58597]
						},
						"1.5833": {
							"vector": [-20.57639, 9.30727, 58.30696]
						},
						"1.7083": {
							"vector": [-26.69746, 4.89285, 49.26224]
						},
						"1.8333": {
							"vector": [-11.68591, 3.05803, 30.7889]
						},
						"2.0417": {
							"vector": [0, 0, 0]
						}
					},
					"position": {
						"0.0": {
							"vector": [0, 0, 0]
						},
						"0.0833": {
							"vector": [0, 0, 0]
						},
						"0.2083": {
							"vector": [0, 0, 0]
						},
						"0.2917": {
							"vector": [0, 0, 0]
						},
						"0.375": {
							"vector": [0.8125, -0.9375, 0]
						},
						"0.75": {
							"vector": [0.81, 0.31, 0]
						},
						"0.9167": {
							"vector": [0.81, 0.31, 0]
						},
						"1.0": {
							"vector": [0.81, 0.31, 0]
						},
						"1.0417": {
							"vector": [0.39814, 0.85381, 0.08541]
						},
						"1.1667": {
							"vector": [0.55697, -0.01225, 1.31254]
						},
						"1.25": {
							"vector": [0.53815, -1.42489, 0.64449]
						},
						"1.5417": {
							"vector": [-5.3125, 0, 6.3125]
						},
						"1.5833": {
							"vector": [-5.3125, 0, 6.3125]
						},
						"1.7083": {
							"vector": [-5.3125, 0, 6.3125]
						},
						"1.7917": {
							"vector": [-3.04, 0, 8.2975]
						},
						"1.8333": {
							"vector": [-3.04, 0, 8.2975]
						},
						"1.9583": {
							"vector": [-1.21425, -0.14201, 5.0015]
						},
						"2.0417": {
							"vector": [0, 0, 0]
						}
					}
				},
				"leftarm": {
					"rotation": {
						"0.0": {
							"vector": [0, 0, 0]
						},
						"0.2083": {
							"vector": [7.5, 0, 0]
						},
						"0.2917": {
							"vector": [7.5, 0, 0]
						},
						"0.375": {
							"vector": [19.17, 0, 0]
						},
						"0.5833": {
							"vector": [47.5, 0, 0]
						},
						"0.7917": {
							"vector": [47.5, 0, 0]
						},
						"1.0": {
							"vector": [19.17, 0, 0]
						},
						"1.0833": {
							"vector": [7.5, 0, 0]
						},
						"1.2917": {
							"vector": [0, 0, 12.5]
						},
						"1.4167": {
							"vector": [0, 0, 0]
						},
						"1.5417": {
							"vector": [-14.89678, 15.38946, -17.28109]
						},
						"1.6667": {
							"vector": [0.38, 9.83, 1.9]
						},
						"1.8333": {
							"vector": [-0.60151, 16.3456, -1.94381]
						},
						"2.0417": {
							"vector": [0, 0, 0]
						}
					},
					"position": {
						"0.0": {
							"vector": [0, 0, 0]
						},
						"0.2083": {
							"vector": [-1.8125, 0, 8.5625]
						},
						"0.2917": {
							"vector": [-4.3725, -2.4375, 8.56]
						},
						"0.375": {
							"vector": [-6.2525, -1.095, 9.195]
						},
						"0.4167": {
							"vector": [-7.5975, -3.195, 9.27]
						},
						"0.4583": {
							"vector": [-6.625, -14.2275, 9.34]
						},
						"0.5833": {
							"vector": [-2.185, -32.6875, 10.4975]
						},
						"0.7917": {
							"vector": [-2.185, -32.6875, 10.4975]
						},
						"0.9167": {
							"vector": [-6.625, -14.2275, 9.34]
						},
						"0.9583": {
							"vector": [-7.5975, -3.195, 9.27]
						},
						"1.0": {
							"vector": [-6.2525, -1.095, 9.195]
						},
						"1.0833": {
							"vector": [-4.3725, -2.4375, 8.56]
						},
						"1.2083": {
							"vector": [-1.315, -1.22, 4.28]
						},
						"1.2917": {
							"vector": [-2.4375, -3.25, 0]
						},
						"1.4167": {
							"vector": [0, 0, 0]
						},
						"1.5417": {
							"vector": [4.79669, 2.1923, -3.96884]
						},
						"1.6667": {
							"vector": [1.24165, -1.08638, -1.05378]
						},
						"1.8333": {
							"vector": [3.54708, 0.28572, -1.21181]
						},
						"2.0417": {
							"vector": [0, 0, 0]
						}
					}
				},
				"Bolt2": {
					"position": {
						"1.625": {
							"vector": [0, 0, 0]
						},
						"1.7083": {
							"vector": [0, 0, 6.875]
						},
						"1.7917": {
							"vector": [0, 0, 0]
						}
					}
				},
				"Bolt1": {
					"position": {
						"1.5833": {
							"vector": [0, 0, 0]
						},
						"1.7083": {
							"vector": [0, 0, 16.38]
						},
						"1.8333": {
							"vector": [0, 0, 0]
						}
					}
				},
				"magazine": {
					"rotation": {
						"0.2917": {
							"vector": [0, 0, 0]
						},
						"0.375": {
							"vector": [0, 0, 0]
						},
						"0.4167": {
							"vector": [0, 0, 0]
						},
						"0.5": {
							"vector": [0, 0, -7.5]
						},
						"0.5833": {
							"vector": [0, 0, -5]
						},
						"0.7917": {
							"vector": [0, 0, -5]
						},
						"0.875": {
							"vector": [0, 0, -7.5]
						},
						"0.9583": {
							"vector": [0, 0, 0]
						},
						"1.0": {
							"vector": [0, 0, 0]
						},
						"1.0833": {
							"vector": [0, 0, 0]
						}
					},
					"position": {
						"0.2917": {
							"vector": [0, 0, 0]
						},
						"0.375": {
							"vector": [0, -1, 0]
						},
						"0.4167": {
							"vector": [0, -5.3125, 0]
						},
						"0.4583": {
							"vector": [2.48, -14.55, 0]
						},
						"0.5833": {
							"vector": [10.9375, -42.25, 0]
						},
						"0.7917": {
							"vector": [10.9375, -42.25, 0]
						},
						"0.9167": {
							"vector": [2.48, -14.55, 0]
						},
						"0.9583": {
							"vector": [0, -5.3125, 0]
						},
						"1.0": {
							"vector": [0, -1, 0]
						},
						"1.0833": {
							"vector": [0, 0, 0]
						}
					}
				},
				"bullet": {
					"rotation": {
						"0.0": {
							"vector": [0, 0, 0]
						},
						"0.5833": {
							"vector": [0, 0, 0]
						},
						"0.625": {
							"vector": [0, 0, 0]
						},
						"1.5417": {
							"vector": [0, 0, 0]
						},
						"1.625": {
							"vector": [0, 0, 0]
						},
						"1.7083": {
							"vector": [0, 0, 0]
						},
						"1.8333": {
							"vector": [0, 0, 0]
						}
					},
					"position": {
						"0.0": {
							"vector": [0, -1.125, 0]
						},
						"0.5833": {
							"vector": [0, -1.125, 0]
						},
						"0.625": {
							"vector": [0, 0, 0]
						},
						"1.5417": {
							"vector": [0, 0, 0]
						},
						"1.625": {
							"vector": [0, 1.125, 3.6875]
						},
						"1.7083": {
							"vector": [0, 2.625, 3.6875]
						},
						"1.8333": {
							"vector": [0, 2.625, -12.75]
						}
					}
				},
				"rightarm": {
					"rotation": {
						"1.3333": {
							"vector": [0, 0, 0]
						},
						"1.5833": {
							"vector": [-22.5, 0, 0]
						},
						"1.7083": {
							"vector": [-17.90703, -9.33696, -15.5092]
						},
						"1.875": {
							"vector": [0, 0, 0]
						}
					},
					"position": {
						"1.3333": {
							"vector": [0, 0, 0]
						},
						"1.5833": {
							"vector": [-5.6468, 6.24355, -36.48528]
						},
						"1.7083": {
							"vector": [-4.10966, 7.5044, -20.1898]
						},
						"1.7917": {
							"vector": [-7.8625, 3.75, -10.09]
						},
						"1.875": {
							"vector": [0, 0, 0]
						}
					}
				}
			},
			"sound_effects": {
				"0.2917": {
					"effect": "federov_reloadmagout"
				},
				"0.8333": {
					"effect": "federov_reloadmagin"
				},
				"1.4583": {
					"effect": "federov_boltcharge"
				}
			}
		},
		"animation.model.draw": {
			"loop": true,
			"animation_length": 1.2,
			"bones": {
				"main": {
					"rotation": {
						"0.0": {
							"vector": [32.09413, -54.38778, -8.29667]
						},
						"0.35": {
							"vector": [0.50518, -5.08075, 6.8716],
							"easing": "easeOutSine"
						},
						"0.5": {
							"vector": [0.32389, -0.60235, -2.1558],
							"easing": "linear"
						},
						"0.6": {
							"vector": [0, 0, 0],
							"easing": "linear"
						}
					},
					"position": {
						"0.0": {
							"vector": [0, -17.3, 0]
						},
						"0.25": {
							"vector": [-0.4, -2.525, -1.625],
							"easing": "linear"
						},
						"0.4": {
							"vector": [-0.05, 0, -2.49],
							"easing": "linear"
						},
						"0.55": {
							"vector": [0, 0, 0],
							"easing": "linear"
						}
					}
				},
				"leftarm": {
					"rotation": {
						"0.0": {
							"vector": [0, 0, 0]
						},
						"0.2": {
							"vector": [1, 0, -22]
						},
						"0.4": {
							"vector": [0, 0, 0]
						}
					},
					"position": {
						"0.0": {
							"vector": [0, 0, 0]
						},
						"0.2": {
							"vector": [3.53901, 3.6754, 5.59783]
						},
						"0.4": {
							"vector": [0, 0, 0]
						}
					}
				}
			},
			"sound_effects": {
				"0.0": {
					"effect": "trauma_equip"
				}
			}
		},
		"animation.model.inspect": {
			"loop": true,
			"animation_length": 4.2667,
			"bones": {
				"main": {
					"rotation": {
						"0.0": {
							"vector": [0, 0, 0]
						},
						"0.1667": {
							"vector": [-8.41746, -13.59608, -21.21259],
							"easing": "linear"
						},
						"0.3": {
							"vector": [-8.39812, -20.10111, -31.77688]
						},
						"0.4333": {
							"vector": [-9.55676, -20.88889, -28.55629]
						},
						"0.5333": {
							"vector": [-8.77652, -21.21647, -30.72851]
						},
						"0.7667": {
							"vector": [-9.4227, -20.94881, -28.93303]
						},
						"1.0": {
							"vector": [-3.1216, -20.98207, -46.44405]
						},
						"1.1333": {
							"vector": [-4.564, -20.73064, -42.44007]
						},
						"1.2333": {
							"vector": [-4.86325, -20.9153, -41.60203]
						},
						"1.3333": {
							"vector": [-4.58308, -20.97575, -42.38574]
						},
						"1.4667": {
							"vector": [-4.01131, -21.08802, -43.97908]
						},
						"1.6": {
							"vector": [-4.38767, -21.01662, -42.9316]
						},
						"1.7": {
							"vector": [-4.18847, -21.05622, -43.48691],
							"easing": "linear"
						},
						"2.0333": {
							"vector": [-16.91438, 5.38499, 54.40399],
							"easing": "linear"
						},
						"2.1667": {
							"vector": [-15.22513, 5.80082, 60.04554]
						},
						"2.3": {
							"vector": [-15.70981, 5.86025, 59.48558]
						},
						"2.4333": {
							"vector": [-15.93602, 7.03904, 62.69373]
						},
						"2.5667": {
							"vector": [-15.60896, 7.75082, 65.23442]
						},
						"2.7333": {
							"vector": [-15.71675, 7.52491, 64.42194]
						},
						"2.9": {
							"vector": [-15.56389, 7.84019, 65.55973]
						},
						"3.1": {
							"vector": [-15.61778, 7.73186, 65.16659]
						},
						"3.2667": {
							"vector": [-15.9801, 6.93689, 62.33342]
						},
						"3.4": {
							"vector": [-8.86998, 2.42135, 33.56191]
						},
						"3.5333": {
							"vector": [0, -1.75, -2.75]
						},
						"3.7": {
							"vector": [0, 0, 0]
						}
					},
					"position": {
						"0.0": {
							"vector": [0, 0, 0]
						},
						"0.3": {
							"vector": [-0.475, 1.475, -8.7]
						},
						"0.4": {
							"vector": [-0.195, 1, -7.7]
						},
						"0.5333": {
							"vector": [-0.03, 0.725, -7.7]
						},
						"0.7": {
							"vector": [0, 1.125, -7.7]
						},
						"0.9": {
							"vector": [0.125, 1.4, -8.275]
						},
						"1.2": {
							"vector": [-0.02, 1.475, -8]
						},
						"1.4": {
							"vector": [0.11, 1.425, -8.175]
						},
						"1.6667": {
							"vector": [0.275, 1.25, -7.975]
						},
						"1.8": {
							"vector": [-0.13, -1.19, -8.65]
						},
						"1.9667": {
							"vector": [-0.545, -1.325, -11.15]
						},
						"2.1333": {
							"vector": [-0.415, -1.395, -10.545]
						},
						"2.2667": {
							"vector": [-0.525, -1.455, -9.17]
						},
						"2.4": {
							"vector": [-0.49, -1.43, -9.85]
						},
						"2.5667": {
							"vector": [-0.455, -1.5, -9.24]
						},
						"2.7667": {
							"vector": [-0.53, -1.5, -9.27]
						},
						"3.0": {
							"vector": [-0.49, -1.41, -9.3]
						},
						"3.2333": {
							"vector": [-0.545, -1.325, -9.325]
						},
						"3.3667": {
							"vector": [-1.005, -0.61, -7.41]
						},
						"3.6333": {
							"vector": [0, 0, 0]
						}
					}
				},
				"leftarm": {
					"rotation": {
						"0.0": {
							"vector": [0, 0, 0]
						},
						"0.1667": {
							"vector": [0, 0, -2.5]
						},
						"1.7333": {
							"vector": [0, 0, -2.5]
						},
						"2.0333": {
							"vector": [-20, 0, -45]
						},
						"3.3": {
							"vector": [-20, 0, -45]
						},
						"3.5667": {
							"vector": [0, 0, 0]
						}
					},
					"position": {
						"0.0": {
							"vector": [0, 0, 0]
						},
						"0.1667": {
							"vector": [11.23986, -30.20851, 24.64864]
						},
						"1.7333": {
							"vector": [11.23986, -30.20851, 24.64864]
						},
						"2.0333": {
							"vector": [7.35, 6.25, 2.33]
						},
						"3.3": {
							"vector": [7.35, 6.25, 2.33]
						},
						"3.5667": {
							"vector": [0, 0, 0]
						}
					}
				}
			}
		},
		"animation.model.fire": {
			"loop": true,
			"animation_length": 0.1667,
			"bones": {
				"Bolt2": {
					"position": {
						"0.0417": {
							"vector": [0, 0, 0]
						},
						"0.0833": {
							"vector": [0, 0, 6.875]
						},
						"0.125": {
							"vector": [0, 0, 0]
						}
					}
				},
				"Bolt1": {
					"position": {
						"0.0": {
							"vector": [0, 0, 0]
						},
						"0.0417": {
							"vector": [0, 0, 4.875]
						},
						"0.0833": {
							"vector": [0, 0, 16.38]
						},
						"0.125": {
							"vector": [0, 0, 4.875]
						},
						"0.1667": {
							"vector": [0, 0, 0]
						}
					}
				},
				"main": {
					"rotation": {
						"0.0": {
							"vector": [0, 0, 0]
						},
						"0.0833": {
							"vector": [0.00238, 0.10901, 2.49762]
						},
						"0.1667": {
							"vector": [0, 0, 0]
						}
					},
					"position": {
						"0.0": {
							"vector": [0, 0, 0]
						},
						"0.0833": {
							"vector": [0, 0.30402, 0.20095]
						},
						"0.1667": {
							"vector": [0, 0, 0]
						}
					}
				},
				"leftarm": {
					"rotation": {
						"0.0": {
							"vector": [2.5, 0, 0]
						},
						"0.0833": {
							"vector": [0, 0, 0]
						},
						"0.1667": {
							"vector": [0, 0, 0]
						}
					},
					"position": {
						"0.0": {
							"vector": [0, 0, 0]
						},
						"0.0833": {
							"vector": [0.01907, -0.43667, 0.01908]
						},
						"0.1667": {
							"vector": [0, 0, 0]
						}
					}
				}
			}
		}
	},
	"geckolib_format_version": 2
}