{
	"format_version": "1.8.0",
	"animations": {
		"animation.model.reload": {
			"loop": true,
			"animation_length": 1.8333,
			"bones": {
				"main": {
					"rotation": {
						"0.0": {
							"vector": [0, 0, 0]
						},
						"0.0417": {
							"vector": [-2.02477, -1.3439, 6.46807]
						},
						"0.125": {
							"vector": [-20.97997, -2.32894, 19.68016]
						},
						"0.1667": {
							"vector": [-31.13173, -0.23023, 31.51531]
						},
						"0.2917": {
							"vector": [-29.90184, -14.527, 32.67604]
						},
						"0.5417": {
							"vector": [-31.98669, -16.43531, 33.51191]
						},
						"0.8333": {
							"vector": [-34.08949, -11.63919, 35.77137]
						},
						"0.9583": {
							"vector": [-27.4, -14.53, 32.68],
							"easing": "easeInSine"
						},
						"1.0417": {
							"vector": [-21.28479, -20.05782, 21.72021]
						},
						"1.125": {
							"vector": [-24.88697, -17.73375, 20.91794]
						},
						"1.25": {
							"vector": [-26.41546, -20.44691, 21.12485]
						},
						"1.4167": {
							"vector": [-13.34927, -12.26815, 12.67491]
						},
						"1.6667": {
							"vector": [-20.97997, -2.32894, 19.68016]
						},
						"1.75": {
							"vector": [-2.02477, -1.3439, 6.46807]
						},
						"1.8333": {
							"vector": [0, 0, 0]
						}
					},
					"position": {
						"0.0": {
							"vector": [0, 0, 0]
						},
						"0.2917": {
							"vector": [0, 0, 3]
						},
						"0.5417": {
							"vector": [0, 0, 3]
						},
						"0.8333": {
							"vector": [0, 0, 3]
						},
						"0.9583": {
							"vector": [0, 0, 3]
						},
						"1.0417": {
							"vector": [0, 0, 3]
						},
						"1.125": {
							"vector": [0, 0, 3]
						},
						"1.25": {
							"vector": [0, 0, 3]
						},
						"1.8333": {
							"vector": [0, 0, 0]
						}
					}
				},
				"BreechBlock": {
					"rotation": {
						"0.0833": {
							"vector": [0, 0, 0]
						},
						"0.1667": {
							"vector": [16, 0, 0]
						},
						"1.625": {
							"vector": [16, 0, 0]
						},
						"1.7083": {
							"vector": [0, 0, 0]
						}
					},
					"position": {
						"0.0833": {
							"vector": [0, 0, 0]
						},
						"0.125": {
							"vector": [0, -0.3, 3.625]
						},
						"0.1667": {
							"vector": [0, 0.155, 7.375]
						},
						"1.625": {
							"vector": [0, 0.155, 7.375]
						},
						"1.6667": {
							"vector": [0, -0.3, 3.625]
						},
						"1.7083": {
							"vector": [0, 0, 0]
						}
					}
				},
				"Lever": {
					"rotation": {
						"0.0": {
							"vector": [0, 0, 0]
						},
						"0.0833": {
							"vector": [0, 0, 0]
						},
						"0.1667": {
							"vector": [-30, 0, 0]
						},
						"1.5417": {
							"vector": [-30, 0, 0]
						},
						"1.625": {
							"vector": [0, 0, 0]
						},
						"1.6667": {
							"vector": [0, 0, 0]
						}
					},
					"position": {
						"0.0": {
							"vector": [0, 0, 0]
						},
						"0.0833": {
							"vector": [0, 0, 0]
						},
						"0.125": {
							"vector": [0, 0.94, -4.56]
						},
						"0.1667": {
							"vector": [0, 3.375, -9.125]
						},
						"1.5417": {
							"vector": [0, 3.375, -9.125]
						},
						"1.5833": {
							"vector": [0, 0.94, -4.56]
						},
						"1.625": {
							"vector": [0, 0, 0]
						},
						"1.6667": {
							"vector": [0, 0, 0]
						}
					}
				},
				"bullet": {
					"rotation": {
						"0.0": {
							"vector": [0, 0, 0]
						},
						"0.125": {
							"vector": [5, 5, 0]
						},
						"0.1667": {
							"vector": [8.95501, 12.84279, 0.49552]
						},
						"0.2083": {
							"vector": [12.45907, -4.01966, -2.8705]
						},
						"0.2917": {
							"vector": [-44.72533, -4.14314, -2.89581]
						},
						"0.3333": {
							"vector": [-66.18, -4.39, -2.95]
						},
						"0.375": {
							"vector": [47.36222, -4.63302, -3.00176]
						}
					},
					"position": {
						"0.0": {
							"vector": [0.125, 2.765, -32.855]
						},
						"0.0417": {
							"vector": [0.005, 2.77, 9.4]
						},
						"0.0833": {
							"vector": [0.01, 2.27, 9.4]
						},
						"0.125": {
							"vector": [0.01, 1.895, 12.275]
						},
						"0.1667": {
							"vector": [-0.11, 2.28, 17.09]
						},
						"0.2083": {
							"vector": [5.51, 19.53, 24.47]
						},
						"0.2917": {
							"vector": [25.42, 29.335, 31.67]
						},
						"0.3333": {
							"vector": [46.835, 15.12, 40.91]
						},
						"0.375": {
							"vector": [61.26, -8.975, 50.155]
						},
						"0.5417": {
							"vector": [-21.985, -67.105, 49.28]
						}
					}
				},
				"bullet2": {
					"rotation": {
						"0.8333": {
							"vector": [3.95998, 3.53329, -0.10922]
						},
						"0.9583": {
							"vector": [10.74187, 8.83405, 0.19211]
						},
						"1.0417": {
							"vector": [7.18153, 5.29571, -0.24614]
						},
						"1.125": {
							"vector": [5.41833, 3.51814, -0.38165]
						}
					},
					"position": {
						"0.0": {
							"vector": [0, 0, 0]
						},
						"0.625": {
							"vector": [0, 0.625, 37.5]
						},
						"0.6667": {
							"vector": [-6.875, 5.005, 33.63]
						},
						"0.75": {
							"vector": [-3.12, 6.385, 23.07]
						},
						"0.8333": {
							"vector": [-0.245, 7.005, 12.505]
						},
						"0.875": {
							"vector": [-0.245, 6.63, 8.005]
						},
						"0.9583": {
							"vector": [-0.245, 5.88, 4.135]
						},
						"1.0417": {
							"vector": [-0.245, 4.005, 1.39]
						},
						"1.125": {
							"vector": [-0.245, 3.635, -1.235]
						},
						"1.1667": {
							"vector": [-0.245, 3.515, -2.355]
						},
						"1.25": {
							"vector": [-0.245, 3.52, -2.35]
						}
					}
				},
				"rightarm": {
					"rotation": {
						"0.0": {
							"vector": [0, 0, 0]
						},
						"0.0833": {
							"vector": [-0.64565, 9.80889, -0.48768]
						},
						"0.1667": {
							"vector": [30.93878, 12.18939, -9.74573]
						},
						"0.3333": {
							"vector": [8.4132, 4.78108, 1.36671]
						},
						"0.6667": {
							"vector": [8.4132, 4.78108, 1.36671]
						},
						"0.75": {
							"vector": [0.84602, 4.70267, 2.37658]
						},
						"0.8333": {
							"vector": [15.97531, 4.99058, 0.37639]
						},
						"0.875": {
							"vector": [15.97531, 4.99058, 10.37639]
						},
						"1.0": {
							"vector": [18.47435, 4.65375, 10.04678]
						},
						"1.25": {
							"vector": [10.97435, 4.65375, 10.04678]
						},
						"1.3333": {
							"vector": [15.97531, 4.99058, 10.37639]
						},
						"1.4167": {
							"vector": [15.97531, 4.99058, 0.37639]
						},
						"1.625": {
							"vector": [30.93878, 12.18939, -9.74573]
						},
						"1.7083": {
							"vector": [-0.64565, 9.80889, -0.48768]
						},
						"1.7917": {
							"vector": [0, 0, 0]
						}
					},
					"position": {
						"0.0": {
							"vector": [0, 0, 0]
						},
						"0.0833": {
							"vector": [1.52744, -0.72079, 2.43199]
						},
						"0.3333": {
							"vector": [-11.25, 10, 22.5]
						},
						"0.6667": {
							"vector": [-11.25, 10, 22.5]
						},
						"0.75": {
							"vector": [-7.375, 10.5, 10.125]
						},
						"0.8333": {
							"vector": [-3, 14.875, 0.63]
						},
						"0.875": {
							"vector": [-3.62, 16.13, -2.74]
						},
						"1.0": {
							"vector": [-2.99511, 15.20519, -6.08667]
						},
						"1.0417": {
							"vector": [-3.2, 13.77, -6.76]
						},
						"1.125": {
							"vector": [-3.62, 13.89, -7.36]
						},
						"1.25": {
							"vector": [-2.99511, 15.20519, -6.08667]
						},
						"1.3333": {
							"vector": [-3.62, 16.13, -2.74]
						},
						"1.4167": {
							"vector": [-3, 14.875, 0.63]
						},
						"1.625": {
							"vector": [1.52744, -0.72079, 2.43199]
						},
						"1.7083": {
							"vector": [1.52744, -0.72079, 2.43199]
						},
						"1.7917": {
							"vector": [0, 0, 0]
						}
					}
				}
			},
			"sound_effects": {
				"0.0": {
					"effect": "martinihenry_reload2"
				},
				"0.0417": {
					"effect": "martinihenry_reload4"
				},
				"0.9167": {
					"effect": "martinihenry_reload1"
				},
				"1.375": {
					"effect": "martinihenry_reload3"
				}
			}
		},
		"animation.model.draw": {
			"loop": true,
			"animation_length": 1.2,
			"bones": {
				"main": {
					"rotation": {
						"0.0": {
							"vector": [32.09413, -54.38778, -8.29667]
						},
						"0.35": {
							"vector": [0.50518, -5.08075, 6.8716],
							"easing": "easeOutSine"
						},
						"0.5": {
							"vector": [0.32389, -0.60235, -2.1558],
							"easing": "linear"
						},
						"0.6": {
							"vector": [0, 0, 0],
							"easing": "linear"
						}
					},
					"position": {
						"0.0": {
							"vector": [0, -17.3, 0]
						},
						"0.25": {
							"vector": [-0.4, -2.525, -1.625],
							"easing": "linear"
						},
						"0.4": {
							"vector": [-0.05, 0, -2.49],
							"easing": "linear"
						},
						"0.55": {
							"vector": [0, 0, 0],
							"easing": "linear"
						}
					}
				},
				"leftarm": {
					"rotation": {
						"0.0": {
							"vector": [0, 0, 0]
						},
						"0.2": {
							"vector": [1, 0, -22]
						},
						"0.4": {
							"vector": [0, 0, 0]
						}
					},
					"position": {
						"0.0": {
							"vector": [0, 0, 0]
						},
						"0.2": {
							"vector": [3.53901, 3.6754, 5.59783]
						},
						"0.4": {
							"vector": [0, 0, 0]
						}
					}
				}
			},
			"sound_effects": {
				"0.0": {
					"effect": "trauma_equip"
				}
			}
		},
		"animation.model.inspect": {
			"loop": true,
			"animation_length": 4.2667,
			"bones": {
				"main": {
					"rotation": {
						"0.0": {
							"vector": [0, 0, 0]
						},
						"0.1667": {
							"vector": [-8.41746, -13.59608, -21.21259],
							"easing": "linear"
						},
						"0.3": {
							"vector": [-8.39812, -20.10111, -31.77688]
						},
						"0.4333": {
							"vector": [-9.55676, -20.88889, -28.55629]
						},
						"0.5333": {
							"vector": [-8.77652, -21.21647, -30.72851]
						},
						"0.7667": {
							"vector": [-9.4227, -20.94881, -28.93303]
						},
						"1.0": {
							"vector": [-3.1216, -20.98207, -46.44405]
						},
						"1.1333": {
							"vector": [-4.564, -20.73064, -42.44007]
						},
						"1.2333": {
							"vector": [-4.86325, -20.9153, -41.60203]
						},
						"1.3333": {
							"vector": [-4.58308, -20.97575, -42.38574]
						},
						"1.4667": {
							"vector": [-4.01131, -21.08802, -43.97908]
						},
						"1.6": {
							"vector": [-4.38767, -21.01662, -42.9316]
						},
						"1.7": {
							"vector": [-4.18847, -21.05622, -43.48691],
							"easing": "linear"
						},
						"2.0333": {
							"vector": [-16.91438, 5.38499, 54.40399],
							"easing": "linear"
						},
						"2.1667": {
							"vector": [-15.22513, 5.80082, 60.04554]
						},
						"2.3": {
							"vector": [-15.70981, 5.86025, 59.48558]
						},
						"2.4333": {
							"vector": [-15.93602, 7.03904, 62.69373]
						},
						"2.5667": {
							"vector": [-15.60896, 7.75082, 65.23442]
						},
						"2.7333": {
							"vector": [-15.71675, 7.52491, 64.42194]
						},
						"2.9": {
							"vector": [-15.56389, 7.84019, 65.55973]
						},
						"3.1": {
							"vector": [-15.61778, 7.73186, 65.16659]
						},
						"3.2667": {
							"vector": [-15.9801, 6.93689, 62.33342]
						},
						"3.4": {
							"vector": [-8.86998, 2.42135, 33.56191]
						},
						"3.5333": {
							"vector": [0, -1.75, -2.75]
						},
						"3.7": {
							"vector": [0, 0, 0]
						}
					},
					"position": {
						"0.0": {
							"vector": [0, 0, 0]
						},
						"0.3": {
							"vector": [-0.475, 1.475, -8.7]
						},
						"0.4": {
							"vector": [-0.195, 1, -7.7]
						},
						"0.5333": {
							"vector": [-0.03, 0.725, -7.7]
						},
						"0.7": {
							"vector": [0, 1.125, -7.7]
						},
						"0.9": {
							"vector": [0.125, 1.4, -8.275]
						},
						"1.2": {
							"vector": [-0.02, 1.475, -8]
						},
						"1.4": {
							"vector": [0.11, 1.425, -8.175]
						},
						"1.6667": {
							"vector": [0.275, 1.25, -7.975]
						},
						"1.8": {
							"vector": [-0.13, -1.19, -8.65]
						},
						"1.9667": {
							"vector": [-0.545, -1.325, -11.15]
						},
						"2.1333": {
							"vector": [-0.415, -1.395, -10.545]
						},
						"2.2667": {
							"vector": [-0.525, -1.455, -9.17]
						},
						"2.4": {
							"vector": [-0.49, -1.43, -9.85]
						},
						"2.5667": {
							"vector": [-0.455, -1.5, -9.24]
						},
						"2.7667": {
							"vector": [-0.53, -1.5, -9.27]
						},
						"3.0": {
							"vector": [-0.49, -1.41, -9.3]
						},
						"3.2333": {
							"vector": [-0.545, -1.325, -9.325]
						},
						"3.3667": {
							"vector": [-1.005, -0.61, -7.41]
						},
						"3.6333": {
							"vector": [0, 0, 0]
						}
					}
				},
				"leftarm": {
					"rotation": {
						"0.0": {
							"vector": [0, 0, 0]
						},
						"0.1667": {
							"vector": [0, 0, -2.5]
						},
						"1.7333": {
							"vector": [0, 0, -2.5]
						},
						"2.0333": {
							"vector": [-20, 0, -45]
						},
						"3.3": {
							"vector": [-20, 0, -45]
						},
						"3.5667": {
							"vector": [0, 0, 0]
						}
					},
					"position": {
						"0.0": {
							"vector": [0, 0, 0]
						},
						"0.1667": {
							"vector": [11.23986, -30.20851, 24.64864]
						},
						"1.7333": {
							"vector": [11.23986, -30.20851, 24.64864]
						},
						"2.0333": {
							"vector": [7.35, 6.25, 2.33]
						},
						"3.3": {
							"vector": [7.35, 6.25, 2.33]
						},
						"3.5667": {
							"vector": [0, 0, 0]
						}
					}
				}
			}
		},
		"animation.model.fire": {
			"animation_length": 0.375,
			"bones": {
				"main": {
					"rotation": {
						"0.0": {
							"vector": [0, 0, 0]
						},
						"0.0833": {
							"vector": [-8.70704, -2.00287, -6.82365]
						},
						"0.1667": {
							"vector": [-4.92074, -2.12162, -7.81848]
						},
						"0.25": {
							"vector": [-4.74028, -1.62322, 0.57363]
						},
						"0.375": {
							"vector": [0, 0, 0]
						}
					},
					"position": {
						"0.0": {
							"vector": [0, 0, 0]
						},
						"0.0833": {
							"vector": [-0.375, -0.9, 6.575]
						},
						"0.25": {
							"vector": [-0.34, -0.65, 5.135]
						},
						"0.375": {
							"vector": [0, 0, 0]
						}
					}
				},
				"leftarm": {
					"rotation": {
						"0.0": {
							"vector": [0, 0, 0]
						},
						"0.0833": {
							"vector": [0, 0, 0]
						},
						"0.1667": {
							"vector": [-2.75698, 3.4791, 5.36205]
						},
						"0.2917": {
							"vector": [0, 0, 0]
						},
						"0.375": {
							"vector": [0, 0, 0]
						}
					},
					"position": {
						"0.0": {
							"vector": [0, 0, 0]
						},
						"0.0833": {
							"vector": [0, 0, 0]
						},
						"0.1667": {
							"vector": [0, 0, 3]
						},
						"0.2917": {
							"vector": [0, 0, 0]
						},
						"0.375": {
							"vector": [0, 0, 0]
						}
					}
				}
			}
		}
	},
	"geckolib_format_version": 2
}