{
	"format_version": "1.8.0",
	"animations": {
		"animation.model.prepare": {
			"animation_length": 1.125,
			"bones": {
				"main": {
					"rotation": {
						"0.0": {
							"vector": [0, 0, 0]
						},
						"0.2083": {
							"vector": [-5.58, -1.54, 0]
						},
						"0.4583": {
							"vector": [-5.36856, -4.08419, 10.19938]
						},
						"0.7083": {
							"vector": [-7.68472, -19.93989, 0.57543]
						},
						"0.875": {
							"vector": [-19.56151, -14.63599, 17.205]
						},
						"1.125": {
							"vector": [-29.90184, -14.527, 32.67604]
						}
					},
					"position": {
						"0.0": {
							"vector": [0, 0, 0]
						},
						"0.2083": {
							"vector": [0, 0, 1.15]
						},
						"0.4583": {
							"vector": [0, 0, 3]
						},
						"0.7083": {
							"vector": [0, 0, 3],
							"easing": "easeInBounce"
						},
						"0.875": {
							"vector": [0, 0, 3]
						},
						"1.125": {
							"vector": [0, 0, 3]
						}
					}
				},
				"Bolt": {
					"position": {
						"0.625": {
							"vector": [0, 0, 0]
						},
						"0.75": {
							"vector": [0, 0, 12]
						}
					}
				},
				"Part1": {
					"rotation": {
						"0.2917": {
							"vector": [0, 0, 0]
						},
						"0.5417": {
							"vector": [0, 0, 90],
							"easing": "linear"
						}
					},
					"position": {
						"0.2917": {
							"vector": [0, 0, 0]
						},
						"0.5417": {
							"vector": [-0.15, -0.15, 0]
						}
					}
				},
				"bullet": {
					"position": {
						"0.0": {
							"vector": [0, 0, 0]
						},
						"0.9583": {
							"vector": [0, -2, -1]
						}
					}
				},
				"bullet2": {
					"rotation": {
						"0.7083": {
							"vector": [0, 0, 0]
						},
						"0.75": {
							"vector": [-26.52294, 3.99058, -23.97769]
						},
						"0.7917": {
							"vector": [-25.77442, 30.23675, -18.70667]
						},
						"0.9583": {
							"vector": [-92.57128, 85.11055, -90.0689]
						}
					},
					"position": {
						"0.5417": {
							"vector": [1, 0, -9]
						},
						"0.625": {
							"vector": [0, 0, -2]
						},
						"0.7083": {
							"vector": [0, 0, -0.5]
						},
						"0.75": {
							"vector": [-6.75, 8, 5.25],
							"easing": "easeInSine"
						},
						"0.7917": {
							"vector": [-18.75, 11.125, 9.375]
						},
						"0.8333": {
							"vector": [-27.92, 3.715, 11.32]
						},
						"0.875": {
							"vector": [-36.47, -7.81, 14.39]
						},
						"0.9167": {
							"vector": [-44.395, -25.97, 19.835]
						},
						"0.9583": {
							"vector": [-47.625, -45.625, 29.625],
							"easing": "easeOutQuad"
						}
					}
				},
				"rightarm": {
					"rotation": {
						"0.0833": {
							"vector": [0, 0, 0]
						},
						"0.1667": {
							"vector": [-7.66, -0.08, 2]
						},
						"0.2917": {
							"vector": [-14.95377, 12.13085, 5.04371]
						},
						"0.5417": {
							"vector": [1.80854, 0.197, -0.34954]
						},
						"0.625": {
							"vector": [1.80854, 0.197, -0.34954]
						},
						"0.75": {
							"vector": [-10.59378, -18.92283, 9.34229]
						},
						"0.9167": {
							"vector": [8.35989, -0.21, 1.67]
						}
					},
					"position": {
						"0.0833": {
							"vector": [0, 0, 0]
						},
						"0.1667": {
							"vector": [-7.49999, 2.99997, -6.49174]
						},
						"0.2917": {
							"vector": [-7, 6, -12.125]
						},
						"0.4167": {
							"vector": [-6, 9.63, -11.56]
						},
						"0.5417": {
							"vector": [-3, 14.125, -11]
						},
						"0.625": {
							"vector": [-3, 14.125, -11]
						},
						"0.75": {
							"vector": [-7.875, 12.875, -3.375]
						},
						"0.9167": {
							"vector": [-12, 10, 17]
						}
					}
				},
				"leftarm": {
					"rotation": {
						"0.0": {
							"vector": [0, 0, 0]
						},
						"0.1667": {
							"vector": [0, 0, -12.5]
						},
						"0.5": {
							"vector": [0, 0, -27.5]
						},
						"0.7917": {
							"vector": [0, 0, -22.5]
						},
						"1.125": {
							"vector": [0, 0, -30]
						}
					},
					"position": {
						"0.0": {
							"vector": [0, 0, 0]
						},
						"0.1667": {
							"vector": [1.2331, 1.12104, 7.05041]
						},
						"0.5": {
							"vector": [3.9175, 5.12, 7.05]
						},
						"0.7917": {
							"vector": [3.2956, 3.37104, 4.61291]
						},
						"1.125": {
							"vector": [4.4831, 6.05854, 4.61291]
						}
					}
				}
			},
			"sound_effects": {
				"0.0": {
					"effect": "lebelprepare"
				}
			}
		},
		"animation.model.preparealt": {
			"animation_length": 1.125,
			"bones": {
				"main": {
					"rotation": {
						"0.0": {
							"vector": [0, 0, 0]
						},
						"0.2083": {
							"vector": [-5.58, -1.54, 0]
						},
						"0.4583": {
							"vector": [-5.36856, -4.08419, 10.19938]
						},
						"0.7083": {
							"vector": [-7.68472, -19.93989, 0.57543]
						},
						"0.875": {
							"vector": [-19.56151, -14.63599, 17.205]
						},
						"1.125": {
							"vector": [-29.90184, -14.527, 32.67604]
						}
					},
					"position": {
						"0.0": {
							"vector": [0, 0, 0]
						},
						"0.2083": {
							"vector": [0, 0, 1.15]
						},
						"0.4583": {
							"vector": [0, 0, 3]
						},
						"0.7083": {
							"vector": [0, 0, 3],
							"easing": "easeInBounce"
						},
						"0.875": {
							"vector": [0, 0, 3]
						},
						"1.125": {
							"vector": [0, 0, 3]
						}
					}
				},
				"Bolt": {
					"position": {
						"0.625": {
							"vector": [0, 0, 0]
						},
						"0.75": {
							"vector": [0, 0, 12]
						}
					}
				},
				"Part1": {
					"rotation": {
						"0.2917": {
							"vector": [0, 0, 0]
						},
						"0.5417": {
							"vector": [0, 0, 90],
							"easing": "linear"
						}
					},
					"position": {
						"0.2917": {
							"vector": [0, 0, 0]
						},
						"0.5417": {
							"vector": [-0.15, -0.15, 0]
						}
					}
				},
				"bullet": {
					"position": {
						"0.0": {
							"vector": [0, 0, 0]
						},
						"0.9583": {
							"vector": [0, -2, 0]
						}
					}
				},
				"bullet2": {
					"position": {
						"0.0": {
							"vector": [0, 0, 0]
						},
						"0.9583": {
							"vector": [0, -2, 0]
						}
					}
				},
				"rightarm": {
					"rotation": {
						"0.0833": {
							"vector": [0, 0, 0]
						},
						"0.1667": {
							"vector": [-7.66, -0.08, 2]
						},
						"0.2917": {
							"vector": [-14.95377, 12.13085, 5.04371]
						},
						"0.5417": {
							"vector": [1.80854, 0.197, -0.34954]
						},
						"0.625": {
							"vector": [1.80854, 0.197, -0.34954]
						},
						"0.75": {
							"vector": [-10.59378, -18.92283, 9.34229]
						},
						"0.9167": {
							"vector": [8.35989, -0.21, 1.67]
						}
					},
					"position": {
						"0.0833": {
							"vector": [0, 0, 0]
						},
						"0.1667": {
							"vector": [-7.49999, 2.99997, -6.49174]
						},
						"0.2917": {
							"vector": [-7, 6, -12.125]
						},
						"0.4167": {
							"vector": [-6, 9.63, -11.56]
						},
						"0.5417": {
							"vector": [-3, 14.125, -11]
						},
						"0.625": {
							"vector": [-3, 14.125, -11]
						},
						"0.75": {
							"vector": [-7.875, 12.875, -3.375]
						},
						"0.9167": {
							"vector": [-12, 10, 17]
						}
					}
				},
				"leftarm": {
					"rotation": {
						"0.0": {
							"vector": [0, 0, 0]
						},
						"0.1667": {
							"vector": [0, 0, -12.5]
						},
						"0.5": {
							"vector": [0, 0, -27.5]
						},
						"0.7917": {
							"vector": [0, 0, -22.5]
						},
						"1.125": {
							"vector": [0, 0, -30]
						}
					},
					"position": {
						"0.0": {
							"vector": [0, 0, 0]
						},
						"0.1667": {
							"vector": [1.2331, 1.12104, 7.05041]
						},
						"0.5": {
							"vector": [3.9175, 5.12, 7.05]
						},
						"0.7917": {
							"vector": [3.2956, 3.37104, 4.61291]
						},
						"1.125": {
							"vector": [4.4831, 6.05854, 4.61291]
						}
					}
				}
			},
			"sound_effects": {
				"0.0": {
					"effect": "lebelprepare"
				}
			}
		},
		"animation.model.load": {
			"animation_length": 0.9167,
			"bones": {
				"main": {
					"rotation": {
						"0.0": {
							"vector": [-29.90184, -14.527, 32.67604]
						},
						"0.5417": {
							"vector": [-27.4, -14.53, 32.68],
							"easing": "easeInSine"
						},
						"0.6667": {
							"vector": [-27.33848, -19.07778, 29.28558]
						},
						"0.75": {
							"vector": [-27.68183, -18.42067, 26.93961]
						},
						"0.9167": {
							"vector": [-29.90184, -14.527, 32.67604]
						}
					},
					"position": {
						"0.0": {
							"vector": [0, 0, 3]
						},
						"0.5417": {
							"vector": [0, 0, 3]
						},
						"0.6667": {
							"vector": [0, -0.5625, 3]
						},
						"0.9167": {
							"vector": [0, 0, 3]
						}
					}
				},
				"Bolt": {
					"position": {
						"vector": [0, 0, 12]
					}
				},
				"Part1": {
					"rotation": {
						"vector": [0, 0, 90],
						"easing": "linear"
					},
					"position": {
						"vector": [-0.15, -0.15, 0]
					}
				},
				"bullet": {
					"position": {
						"vector": [0, -3, 3]
					}
				},
				"bullet2": {
					"rotation": {
						"0.0": {
							"vector": [-4.89, 2.71, 2.28]
						},
						"0.125": {
							"vector": [7.60732, -2.24603, 1.61817]
						},
						"0.4167": {
							"vector": [7.66479, -7.20777, 0.95552]
						},
						"0.5833": {
							"vector": [7.61, -2.25, 1.62]
						}
					},
					"position": {
						"0.0": {
							"vector": [-6.5, 0, 33],
							"easing": "linear"
						},
						"0.125": {
							"vector": [-6.5, 2, 22]
						},
						"0.2917": {
							"vector": [-3.5, 0, 7]
						},
						"0.4167": {
							"vector": [-0.5, 0, 2]
						},
						"0.5833": {
							"vector": [0.5, -2, -4]
						},
						"0.7083": {
							"vector": [0.5, -3, -6]
						}
					}
				},
				"rightarm": {
					"rotation": {
						"0.0": {
							"vector": [8.35989, -0.21, 1.67]
						},
						"0.125": {
							"vector": [8.43969, 9.77237, 1.07044]
						},
						"0.2917": {
							"vector": [8.42932, 7.27298, 1.22153]
						},
						"0.4583": {
							"vector": [18.44, 14.76, 0.78]
						},
						"0.5": {
							"vector": [25.93437, 12.27669, 0.49149]
						},
						"0.7083": {
							"vector": [18.43437, 12.27669, 0.49149]
						},
						"0.9167": {
							"vector": [8.35989, -0.21, 1.67]
						}
					},
					"position": {
						"0.0": {
							"vector": [-12, 10, 17]
						},
						"0.125": {
							"vector": [-9.5, 14.125, 8.25]
						},
						"0.2917": {
							"vector": [-7.375, 10, -6.25]
						},
						"0.4583": {
							"vector": [-2.875, 14.5, -11]
						},
						"0.5": {
							"vector": [-1.75, 15.25, -12.125]
						},
						"0.6667": {
							"vector": [-1.72, 15, -14.5]
						},
						"0.7083": {
							"vector": [-6.625, 14, -9]
						},
						"0.8333": {
							"vector": [-8.25, 13, -4]
						},
						"0.9167": {
							"vector": [-12, 10, 17]
						}
					}
				},
				"leftarm": {
					"rotation": {
						"0.0": {
							"vector": [0, 0, -30]
						},
						"0.3333": {
							"vector": [0, 0, -30]
						},
						"0.5417": {
							"vector": [-5, 0, -30]
						},
						"0.625": {
							"vector": [-4.77718, 2.8335, -25.87394]
						},
						"0.7917": {
							"vector": [-5, 0, -30]
						},
						"0.9167": {
							"vector": [0, 0, -30]
						}
					},
					"position": {
						"0.0": {
							"vector": [4.4831, 6.05854, 4.61291]
						},
						"0.3333": {
							"vector": [4.4831, 6.05854, 4.61291]
						},
						"0.5417": {
							"vector": [5.7331, 6.05854, 4.61291]
						},
						"0.625": {
							"vector": [5.73, 4.6225, 4.61]
						},
						"0.7917": {
							"vector": [5.7331, 6.05854, 4.61291]
						},
						"0.9167": {
							"vector": [4.4831, 6.05854, 4.61291]
						}
					}
				}
			},
			"sound_effects": {
				"0.4167": {
					"effect": "boltsingleload"
				}
			}
		},
		"animation.model.loadlast": {
			"animation_length": 0.9167,
			"bones": {
				"main": {
					"rotation": {
						"0.0": {
							"vector": [-29.90184, -14.527, 32.67604]
						},
						"0.5": {
							"vector": [-27.4, -14.53, 32.68],
							"easing": "easeInSine"
						},
						"0.625": {
							"vector": [-28.76478, -16.7251, 33.92249]
						},
						"0.7083": {
							"vector": [-29.90184, -14.527, 32.67604]
						}
					},
					"position": {
						"vector": [0, 0, 3]
					}
				},
				"Bolt": {
					"position": {
						"vector": [0, 0, 12]
					}
				},
				"Part1": {
					"rotation": {
						"vector": [0, 0, 90],
						"easing": "linear"
					},
					"position": {
						"vector": [-0.15, -0.15, 0]
					}
				},
				"bullet": {
					"position": {
						"vector": [0, -3, 3]
					}
				},
				"bullet2": {
					"rotation": {
						"0.0": {
							"vector": [-4.89, 2.71, 2.28]
						},
						"0.125": {
							"vector": [7.60732, -2.24603, 1.61817]
						},
						"0.4167": {
							"vector": [7.66479, -7.20777, 0.95552]
						},
						"0.4583": {
							"vector": [2.5, 0, 0]
						}
					},
					"position": {
						"0.0": {
							"vector": [-6.5, 0, 33],
							"easing": "linear"
						},
						"0.125": {
							"vector": [-6.5, 2, 22]
						},
						"0.2917": {
							"vector": [-3.5, 0, 7]
						},
						"0.4167": {
							"vector": [-0.5, 0, 2]
						},
						"0.4583": {
							"vector": [0, -1, 3]
						}
					}
				},
				"rightarm": {
					"rotation": {
						"0.0": {
							"vector": [8.35989, -0.21, 1.67]
						},
						"0.125": {
							"vector": [8.44037, 14.76373, 0.77652]
						},
						"0.2917": {
							"vector": [8.44, 14.76, 0.78]
						},
						"0.4167": {
							"vector": [18.44, 14.76, 0.78]
						},
						"0.5833": {
							"vector": [18.43437, 12.27669, 0.49149]
						},
						"0.6667": {
							"vector": [18.43437, 12.27669, 0.49149]
						},
						"0.9167": {
							"vector": [8.35989, -0.21, 1.67]
						}
					},
					"position": {
						"0.0": {
							"vector": [-12, 10, 17]
						},
						"0.125": {
							"vector": [-8, 10, 9]
						},
						"0.2917": {
							"vector": [-6, 10, -4]
						},
						"0.4167": {
							"vector": [-3, 14, -11]
						},
						"0.5833": {
							"vector": [-2, 14, -9]
						},
						"0.6667": {
							"vector": [-3, 14, -9]
						},
						"0.8333": {
							"vector": [-6, 13, -4]
						},
						"0.9167": {
							"vector": [-12, 10, 17]
						}
					}
				},
				"leftarm": {
					"rotation": {
						"0.0": {
							"vector": [0, 0, -30]
						},
						"0.3333": {
							"vector": [0, 0, -30]
						},
						"0.5417": {
							"vector": [-5, 0, -30]
						},
						"0.625": {
							"vector": [-4.77718, 2.8335, -25.87394]
						},
						"0.7917": {
							"vector": [-5, 0, -30]
						},
						"0.9167": {
							"vector": [0, 0, -30]
						}
					},
					"position": {
						"0.0": {
							"vector": [4.4831, 6.05854, 4.61291]
						},
						"0.3333": {
							"vector": [4.4831, 6.05854, 4.61291]
						},
						"0.5417": {
							"vector": [5.7331, 6.05854, 4.61291]
						},
						"0.625": {
							"vector": [5.73, 4.6225, 4.61]
						},
						"0.7917": {
							"vector": [5.7331, 6.05854, 4.61291]
						},
						"0.9167": {
							"vector": [4.4831, 6.05854, 4.61291]
						}
					}
				}
			},
			"sound_effects": {
				"0.4167": {
					"effect": "boltsingleload"
				}
			}
		},
		"animation.model.finish": {
			"animation_length": 0.7083,
			"bones": {
				"main": {
					"rotation": {
						"0.0": {
							"vector": [-29.90184, -14.527, 32.67604]
						},
						"0.125": {
							"vector": [-19.56151, -14.63599, 17.205]
						},
						"0.2917": {
							"vector": [-7.68472, -19.93989, 0.57543]
						},
						"0.4583": {
							"vector": [5, -2.5, 0]
						},
						"0.5833": {
							"vector": [1.92, -1.54, 0]
						},
						"0.7083": {
							"vector": [0, 0, 0]
						}
					},
					"position": {
						"0.4583": {
							"vector": [0, 0, 3]
						},
						"0.5833": {
							"vector": [0, 0, 1.15]
						},
						"0.7083": {
							"vector": [0, 0, 0]
						}
					}
				},
				"Bolt": {
					"position": {
						"0.125": {
							"vector": [0, 0, 12]
						},
						"0.3333": {
							"vector": [0, 0, 0]
						}
					}
				},
				"Part1": {
					"rotation": {
						"0.3333": {
							"vector": [0, 0, 90],
							"easing": "linear"
						},
						"0.5417": {
							"vector": [0, 0, 0]
						}
					},
					"position": {
						"0.3333": {
							"vector": [-0.15, -0.15, 0]
						},
						"0.5417": {
							"vector": [0, 0, 0]
						}
					}
				},
				"bullet": {
					"rotation": {
						"0.125": {
							"vector": [2.5, 0, 0]
						},
						"0.2083": {
							"vector": [-2.48842, 0.02787, 0.33785]
						},
						"0.3333": {
							"vector": [-2.49, 0.03, 0.34]
						}
					},
					"position": {
						"0.125": {
							"vector": [0, -1, 3]
						},
						"0.2083": {
							"vector": [0, 0, 0]
						},
						"0.3333": {
							"vector": [0, 0, -8]
						}
					}
				},
				"bullet2": {
					"position": {
						"vector": [0, -3, -2]
					}
				},
				"rightarm": {
					"rotation": {
						"0.0": {
							"vector": [8.35989, -0.21, 1.67]
						},
						"0.125": {
							"vector": [-7.67944, -0.21459, 1.66547]
						},
						"0.3333": {
							"vector": [-10.23208, -0.22791, 2.44556]
						},
						"0.5": {
							"vector": [-14.95377, 12.13085, 5.04371]
						},
						"0.625": {
							"vector": [-7.66, -0.08, 2]
						},
						"0.7083": {
							"vector": [0, 0, 0]
						}
					},
					"position": {
						"0.0": {
							"vector": [-12, 10, 17]
						},
						"0.125": {
							"vector": [-2, 11.875, -2]
						},
						"0.3333": {
							"vector": [-3, 11, -13.25]
						},
						"0.5": {
							"vector": [-7, 6, -12.125]
						},
						"0.625": {
							"vector": [-7.49999, 2.99997, -6.49174]
						},
						"0.7083": {
							"vector": [0, 0, 0]
						}
					}
				},
				"leftarm": {
					"rotation": {
						"0.0": {
							"vector": [0, 0, -30]
						},
						"0.7083": {
							"vector": [0, 0, 0]
						}
					},
					"position": {
						"0.0": {
							"vector": [4.4831, 6.05854, 4.61291]
						},
						"0.7083": {
							"vector": [0, 0, 0]
						}
					}
				}
			},
			"sound_effects": {
				"0.0833": {
					"effect": "lebelfinish"
				}
			}
		},
		"animation.model.draw": {
			"loop": true,
			"animation_length": 1.2,
			"bones": {
				"main": {
					"rotation": {
						"0.0": {
							"vector": [32.09413, -54.38778, -8.29667]
						},
						"0.35": {
							"vector": [0.50518, -5.08075, 6.8716],
							"easing": "easeOutSine"
						},
						"0.5": {
							"vector": [0.32389, -0.60235, -2.1558],
							"easing": "linear"
						},
						"0.6": {
							"vector": [0, 0, 0],
							"easing": "linear"
						}
					},
					"position": {
						"0.0": {
							"vector": [0, -17.3, 0]
						},
						"0.25": {
							"vector": [-0.4, -2.525, -1.625],
							"easing": "linear"
						},
						"0.4": {
							"vector": [-0.05, 0, -2.49],
							"easing": "linear"
						},
						"0.55": {
							"vector": [0, 0, 0],
							"easing": "linear"
						}
					}
				},
				"leftarm": {
					"rotation": {
						"0.0": {
							"vector": [0, 0, 0]
						},
						"0.2": {
							"vector": [1, 0, -22]
						},
						"0.4": {
							"vector": [0, 0, 0]
						}
					},
					"position": {
						"0.0": {
							"vector": [0, 0, 0]
						},
						"0.2": {
							"vector": [3.53901, 3.6754, 5.59783]
						},
						"0.4": {
							"vector": [0, 0, 0]
						}
					}
				}
			},
			"sound_effects": {
				"0.0": {
					"effect": "trauma_equip"
				}
			}
		},
		"animation.model.inspect": {
			"loop": true,
			"animation_length": 4.2667,
			"bones": {
				"main": {
					"rotation": {
						"0.0": {
							"vector": [0, 0, 0]
						},
						"0.1667": {
							"vector": [-8.41746, -13.59608, -21.21259],
							"easing": "linear"
						},
						"0.3": {
							"vector": [-8.39812, -20.10111, -31.77688]
						},
						"0.4333": {
							"vector": [-9.55676, -20.88889, -28.55629]
						},
						"0.5333": {
							"vector": [-8.77652, -21.21647, -30.72851]
						},
						"0.7667": {
							"vector": [-9.4227, -20.94881, -28.93303]
						},
						"1.0": {
							"vector": [-3.1216, -20.98207, -46.44405]
						},
						"1.1333": {
							"vector": [-4.564, -20.73064, -42.44007]
						},
						"1.2333": {
							"vector": [-4.86325, -20.9153, -41.60203]
						},
						"1.3333": {
							"vector": [-4.58308, -20.97575, -42.38574]
						},
						"1.4667": {
							"vector": [-4.01131, -21.08802, -43.97908]
						},
						"1.6": {
							"vector": [-4.38767, -21.01662, -42.9316]
						},
						"1.7": {
							"vector": [-4.18847, -21.05622, -43.48691],
							"easing": "linear"
						},
						"2.0333": {
							"vector": [-16.91438, 5.38499, 54.40399],
							"easing": "linear"
						},
						"2.1667": {
							"vector": [-15.22513, 5.80082, 60.04554]
						},
						"2.3": {
							"vector": [-15.70981, 5.86025, 59.48558]
						},
						"2.4333": {
							"vector": [-15.93602, 7.03904, 62.69373]
						},
						"2.5667": {
							"vector": [-15.60896, 7.75082, 65.23442]
						},
						"2.7333": {
							"vector": [-15.71675, 7.52491, 64.42194]
						},
						"2.9": {
							"vector": [-15.56389, 7.84019, 65.55973]
						},
						"3.1": {
							"vector": [-15.61778, 7.73186, 65.16659]
						},
						"3.2667": {
							"vector": [-15.9801, 6.93689, 62.33342]
						},
						"3.4": {
							"vector": [-8.86998, 2.42135, 33.56191]
						},
						"3.5333": {
							"vector": [0, -1.75, -2.75]
						},
						"3.7": {
							"vector": [0, 0, 0]
						}
					},
					"position": {
						"0.0": {
							"vector": [0, 0, 0]
						},
						"0.3": {
							"vector": [-0.475, 1.475, -8.7]
						},
						"0.4": {
							"vector": [-0.195, 1, -7.7]
						},
						"0.5333": {
							"vector": [-0.03, 0.725, -7.7]
						},
						"0.7": {
							"vector": [0, 1.125, -7.7]
						},
						"0.9": {
							"vector": [0.125, 1.4, -8.275]
						},
						"1.2": {
							"vector": [-0.02, 1.475, -8]
						},
						"1.4": {
							"vector": [0.11, 1.425, -8.175]
						},
						"1.6667": {
							"vector": [0.275, 1.25, -7.975]
						},
						"1.8": {
							"vector": [-0.13, -1.19, -8.65]
						},
						"1.9667": {
							"vector": [-0.545, -1.325, -11.15]
						},
						"2.1333": {
							"vector": [-0.415, -1.395, -10.545]
						},
						"2.2667": {
							"vector": [-0.525, -1.455, -9.17]
						},
						"2.4": {
							"vector": [-0.49, -1.43, -9.85]
						},
						"2.5667": {
							"vector": [-0.455, -1.5, -9.24]
						},
						"2.7667": {
							"vector": [-0.53, -1.5, -9.27]
						},
						"3.0": {
							"vector": [-0.49, -1.41, -9.3]
						},
						"3.2333": {
							"vector": [-0.545, -1.325, -9.325]
						},
						"3.3667": {
							"vector": [-1.005, -0.61, -7.41]
						},
						"3.6333": {
							"vector": [0, 0, 0]
						}
					}
				},
				"leftarm": {
					"rotation": {
						"0.0": {
							"vector": [0, 0, 0]
						},
						"0.1667": {
							"vector": [0, 0, -2.5]
						},
						"1.7333": {
							"vector": [0, 0, -2.5]
						},
						"2.0333": {
							"vector": [-20, 0, -45]
						},
						"3.3": {
							"vector": [-20, 0, -45]
						},
						"3.5667": {
							"vector": [0, 0, 0]
						}
					},
					"position": {
						"0.0": {
							"vector": [0, 0, 0]
						},
						"0.1667": {
							"vector": [11.23986, -30.20851, 24.64864]
						},
						"1.7333": {
							"vector": [11.23986, -30.20851, 24.64864]
						},
						"2.0333": {
							"vector": [7.35, 6.25, 2.33]
						},
						"3.3": {
							"vector": [7.35, 6.25, 2.33]
						},
						"3.5667": {
							"vector": [0, 0, 0]
						}
					}
				}
			}
		},
		"animation.model.fire": {
			"animation_length": 1,
			"bones": {
				"main": {
					"rotation": {
						"0.0": {
							"vector": [0, 0, 0]
						},
						"0.0833": {
							"vector": [-8.70704, -2.00287, -6.82365]
						},
						"0.1667": {
							"vector": [-4.92074, -2.12162, -7.81848]
						},
						"0.25": {
							"vector": [-4.74028, -1.62322, 0.57363]
						},
						"0.375": {
							"vector": [-3.44584, -0.94265, 0.6289]
						},
						"0.4583": {
							"vector": [-2.34571, -1.11494, 6.6727]
						},
						"0.5833": {
							"vector": [-2.82745, -0.92926, 4.35413]
						},
						"0.75": {
							"vector": [-2.33311, -0.30634, 3.92401]
						},
						"0.8333": {
							"vector": [-1.70472, -1.37749, 3.16024]
						},
						"0.9167": {
							"vector": [-1.24192, -1.11967, -1.13748]
						},
						"1.0": {
							"vector": [0, 0, 0]
						}
					},
					"position": {
						"0.0": {
							"vector": [0, 0, 0]
						},
						"0.0833": {
							"vector": [-0.375, -0.9, 6.575]
						},
						"0.25": {
							"vector": [-0.34, -0.65, 5.135]
						},
						"0.4167": {
							"vector": [-0.29, -0.305, 3.255]
						},
						"0.5417": {
							"vector": [-0.22, -0.23, 2.98]
						},
						"0.5833": {
							"vector": [-0.22, -0.23, 5.33]
						},
						"0.7083": {
							"vector": [-0.18, -0.32, 3.7]
						},
						"0.8333": {
							"vector": [-0.65, -0.455, 1.855]
						},
						"0.9167": {
							"vector": [0, 0, 0]
						}
					}
				},
				"Bolt": {
					"position": {
						"0.4167": {
							"vector": [0, 0, 0]
						},
						"0.5417": {
							"vector": [0, 0, 12]
						},
						"0.6667": {
							"vector": [0, 0, 0]
						}
					}
				},
				"Part2": {
					"position": {
						"0.0": {
							"vector": [0, 0, 0]
						},
						"0.0417": {
							"vector": [0, 0, -1.5]
						},
						"0.25": {
							"vector": [0, 0, -1.5]
						},
						"0.2917": {
							"vector": [0, 0, 0]
						}
					}
				},
				"Part1": {
					"rotation": {
						"0.25": {
							"vector": [0, 0, 0]
						},
						"0.4167": {
							"vector": [0, 0, 90],
							"easing": "linear"
						},
						"0.6667": {
							"vector": [0, 0, 90],
							"easing": "linear"
						},
						"0.875": {
							"vector": [0, 0, 0]
						}
					},
					"position": {
						"0.25": {
							"vector": [0, 0, 0]
						},
						"0.4167": {
							"vector": [-0.15, -0.15, 0]
						},
						"0.6667": {
							"vector": [-0.15, -0.15, 0]
						},
						"0.875": {
							"vector": [0, 0, 0]
						}
					}
				},
				"bullet": {
					"rotation": {
						"0.5417": {
							"vector": [2.5, 0, 0]
						},
						"0.5833": {
							"vector": [-2.48842, 0.02787, 0.33785]
						},
						"0.6667": {
							"vector": [-2.49, 0.03, 0.34]
						}
					},
					"position": {
						"0.4583": {
							"vector": [0, -1, -5]
						},
						"0.5417": {
							"vector": [0, -1, 3]
						},
						"0.5833": {
							"vector": [0, 0, 0]
						},
						"0.6667": {
							"vector": [0, 0, -8]
						}
					}
				},
				"rightarm": {
					"rotation": {
						"0.0": {
							"vector": [0, 0, 0]
						},
						"0.0833": {
							"vector": [-7.66, -0.08, 2]
						},
						"0.1667": {
							"vector": [-14.95377, 12.13085, 5.04371]
						},
						"0.4167": {
							"vector": [1.80854, 0.197, -0.34954]
						},
						"0.5417": {
							"vector": [-10.59378, -18.92283, 9.34229]
						},
						"0.6667": {
							"vector": [-10.23208, -0.22791, 2.44556]
						},
						"0.8333": {
							"vector": [-14.95377, 12.13085, 5.04371]
						},
						"0.9167": {
							"vector": [-15.33, -0.16, 4]
						},
						"1.0": {
							"vector": [0, 0, 0]
						}
					},
					"position": {
						"0.0": {
							"vector": [0, 0, 0]
						},
						"0.0833": {
							"vector": [-7.49999, 2.99997, -6.49174]
						},
						"0.1667": {
							"vector": [-7, 6, -12.125]
						},
						"0.25": {
							"vector": [-7.875, 7.295, -11.75]
						},
						"0.4167": {
							"vector": [-3, 14.125, -11]
						},
						"0.5417": {
							"vector": [-7.875, 12.875, -3.375]
						},
						"0.6667": {
							"vector": [-3.5, 11.5, -12.375]
						},
						"0.8333": {
							"vector": [-6.75, 6, -12.125]
						},
						"0.9167": {
							"vector": [-9.375, 5.5, -13]
						},
						"1.0": {
							"vector": [0, 0, 0]
						}
					}
				},
				"bullet2": {
					"rotation": {
						"0.4583": {
							"vector": [0, 0, 0]
						},
						"0.5417": {
							"vector": [-4.89169, 2.70615, 2.27522]
						},
						"0.625": {
							"vector": [-27.35882, -3.57379, -8.91139]
						},
						"0.7917": {
							"vector": [-174.55465, 22.3762, -152.02892]
						},
						"0.875": {
							"vector": [-196.99806, -31.8631, -160.81864]
						},
						"0.9583": {
							"vector": [-182.01317, -25.01162, -172.85968]
						},
						"1.0": {
							"vector": [0, 0, 0]
						}
					},
					"position": {
						"0.4167": {
							"vector": [1, 0, -9]
						},
						"0.4583": {
							"vector": [0, 0, -2]
						},
						"0.5417": {
							"vector": [-0.5, 1, 1]
						},
						"0.625": {
							"vector": [-16.625, 12.25, 3.25],
							"easing": "easeInSine"
						},
						"0.7083": {
							"vector": [-76.115, 14.47, 15.145]
						},
						"0.7917": {
							"vector": [-113.685, -16.72, 24.48]
						},
						"0.875": {
							"vector": [-143.97, -41.32, 29.505]
						},
						"0.9583": {
							"vector": [-161.4375, -79.875, 37.625],
							"easing": "easeOutQuad"
						},
						"1.0": {
							"vector": [-13.84956, -135.89534, 27.52525]
						}
					}
				},
				"leftarm": {
					"rotation": {
						"0.25": {
							"vector": [0, 0, 0]
						},
						"0.3333": {
							"vector": [-2.39444, 3.03311, -2.45687]
						},
						"0.75": {
							"vector": [-2.39444, 3.03311, -2.45687]
						},
						"0.8333": {
							"vector": [0, 0, 0]
						}
					},
					"position": {
						"0.25": {
							"vector": [0, 0, 0]
						},
						"0.3333": {
							"vector": [1.725, 0, 0]
						},
						"0.75": {
							"vector": [1.725, 0, 0]
						},
						"0.8333": {
							"vector": [0, 0, 0]
						}
					}
				}
			}
		}
	},
	"geckolib_format_version": 2
}