{
	"format_version": "1.8.0",
	"animations": {
		"animation.model.reloadempty": {
			"loop": "hold_on_last_frame",
			"animation_length": 2.2667,
			"blend_weight": 1,
			"bones": {
				"main": {
					"rotation": {
						"0.0": {
							"vector": [0, 0, 0]
						},
						"0.0667": {
							"vector": [2.4905, 0.21782, -4.99527]
						},
						"0.1333": {
							"vector": [-0.00048, 0.00197, -5.00482]
						},
						"0.3": {
							"vector": [-2.4905, -0.21782, -4.99527]
						},
						"0.3667": {
							"vector": [-3.74289, -0.21772, -4.99051]
						},
						"0.4333": {
							"vector": [0, 0, -5]
						},
						"0.5": {
							"vector": [0, 0, -5]
						},
						"0.7": {
							"vector": [2.4905, -0.21782, 2.49527]
						},
						"0.8": {
							"vector": [0, 0, -5]
						},
						"0.8667": {
							"vector": [2.4905, 0.21782, -4.99527]
						},
						"1.0": {
							"vector": [0, 0, 0]
						},
						"1.1": {
							"vector": [-0.35692, 0.04699, 7.49985]
						},
						"1.2333": {
							"vector": [5, 0, 0]
						},
						"1.5333": {
							"vector": [0.00238, -0.10901, -2.49762]
						},
						"1.6": {
							"vector": [-2.49762, -0.10901, -2.49762]
						},
						"1.7": {
							"vector": [0, 0, 0]
						},
						"1.9": {
							"vector": [2.46207, 0.43399, -9.99067]
						},
						"1.9667": {
							"vector": [2.47864, 0.32621, -7.49294]
						},
						"2.0333": {
							"vector": [2.4905, -0.21782, 4.99527]
						},
						"2.2667": {
							"vector": [0, 0, 0]
						}
					},
					"position": {
						"0.0": {
							"vector": [0, 0, 0]
						},
						"0.0667": {
							"vector": [0, -0.1875, 0]
						},
						"0.1333": {
							"vector": [0, -0.19, 0]
						},
						"0.3": {
							"vector": [0, -0.19, 1.125]
						},
						"0.4333": {
							"vector": [0, -0.19, 1.125]
						},
						"0.5": {
							"vector": [0, -0.19, 1.125]
						},
						"0.7": {
							"vector": [0, -0.19, 1.13]
						},
						"0.8": {
							"vector": [0, -0.19, 1.13]
						},
						"0.8667": {
							"vector": [0, -1.19, 1.13]
						},
						"1.0": {
							"vector": [0, -0.5025, 1.13]
						},
						"1.2333": {
							"vector": [0, -2.5625, 1.13]
						},
						"1.5333": {
							"vector": [0, -1.2475, 1.13]
						},
						"1.7": {
							"vector": [0, 0, 0]
						},
						"1.8": {
							"vector": [0, -0.875, 0]
						},
						"1.9": {
							"vector": [0, 0, 0]
						},
						"1.9667": {
							"vector": [0, 0, 0.375]
						},
						"2.0333": {
							"vector": [0, 0, 0.38]
						},
						"2.2667": {
							"vector": [0, 0, 0]
						}
					}
				},
				"magazine": {
					"rotation": {
						"0.0": {
							"vector": [0, 0, 0]
						},
						"0.7667": {
							"vector": [0, 0, 0]
						},
						"0.9": {
							"vector": [0, 0, 0]
						},
						"1.0": {
							"vector": [-0.00952, -0.21782, -4.99523]
						},
						"1.1": {
							"vector": [-0.00952, -0.21782, -4.99523]
						},
						"1.4333": {
							"vector": [-0.00952, -0.21782, -4.99523]
						},
						"1.5333": {
							"vector": [0, 0, 0]
						},
						"1.7": {
							"vector": [0, 0, 0]
						}
					},
					"position": {
						"0.0": {
							"vector": [0, 0, 0]
						},
						"0.7667": {
							"vector": [0, 0, 0]
						},
						"0.8333": {
							"vector": [0, -1.5, 0]
						},
						"0.9": {
							"vector": [0, -6.5625, 0]
						},
						"1.0": {
							"vector": [2.92954, -27.08385, 0.0076]
						},
						"1.1": {
							"vector": [2.92954, -27.08385, 0.0076]
						},
						"1.4333": {
							"vector": [2.92954, -27.08385, 0.0076]
						},
						"1.5333": {
							"vector": [0, -6.5625, 0]
						},
						"1.6333": {
							"vector": [0, -1.5, 0]
						},
						"1.7": {
							"vector": [0, 0, 0]
						}
					}
				},
				"leftarm": {
					"rotation": {
						"0.0": {
							"vector": [0, 0, 0]
						},
						"0.1": {
							"vector": [-6.04715, -5.34014, 0.32389]
						},
						"0.1333": {
							"vector": [-14.02954, -11.44059, -3.74008]
						},
						"0.3": {
							"vector": [-21.7522, -18.03479, -16.98944]
						},
						"0.3667": {
							"vector": [-21.7522, -18.03479, -9.48944]
						},
						"0.4333": {
							"vector": [-21.7522, -18.03479, -9.48944]
						},
						"0.5667": {
							"vector": [-6.04715, -5.34014, 0.32389]
						},
						"0.7": {
							"vector": [0, 0, 0]
						},
						"0.7667": {
							"vector": [0, 0, 0]
						},
						"0.8333": {
							"vector": [6.29431, 4.10077, 0.40982]
						},
						"0.9": {
							"vector": [17.01427, 10.75304, 2.11443]
						},
						"1.0": {
							"vector": [33.00055, 19.26364, 6.74451]
						},
						"1.1": {
							"vector": [33.00055, 19.26364, 6.74451]
						},
						"1.4333": {
							"vector": [33.00055, 19.26364, 6.74451]
						},
						"1.5333": {
							"vector": [17.01427, 10.75304, 2.11443]
						},
						"1.6333": {
							"vector": [6.29431, 4.10077, 0.40982]
						},
						"1.7": {
							"vector": [0, 0, 0]
						},
						"1.8": {
							"vector": [-6.04715, -5.34014, 0.32389]
						},
						"1.9": {
							"vector": [-21.7522, -18.03479, -9.48944]
						},
						"1.9667": {
							"vector": [-21.7522, -18.03479, -9.48944]
						},
						"2.0333": {
							"vector": [-21.7522, -18.03479, -16.98944]
						},
						"2.2667": {
							"vector": [0, 0, 0]
						}
					},
					"position": {
						"0.0": {
							"vector": [0, 0, 0]
						},
						"0.1": {
							"vector": [7.4125, 1.88, 2.63]
						},
						"0.1333": {
							"vector": [6.475, 3.38, 6.13]
						},
						"0.3": {
							"vector": [7.98, 3.88, 21.8175]
						},
						"0.3667": {
							"vector": [6.0425, 6.255, 21.82]
						},
						"0.4333": {
							"vector": [6.0425, 6.255, 20.7575]
						},
						"0.5667": {
							"vector": [7.4125, 1.88, 2.63]
						},
						"0.7": {
							"vector": [0, 0, 0]
						},
						"0.7667": {
							"vector": [0.0057, -0.06518, 1.49857]
						},
						"0.8333": {
							"vector": [0.14061, -1.56287, 1.43457]
						},
						"0.9": {
							"vector": [-0.25646, -4.91667, 1.28551]
						},
						"1.0": {
							"vector": [1.33022, -23.7696, 0.45947]
						},
						"1.1": {
							"vector": [1.33022, -23.7696, 0.45947]
						},
						"1.4333": {
							"vector": [1.33022, -23.7696, 0.45947]
						},
						"1.5333": {
							"vector": [-0.25646, -4.91667, 1.28551]
						},
						"1.6333": {
							"vector": [0.14061, -1.56287, 1.43457]
						},
						"1.7": {
							"vector": [0.0057, -0.06518, 1.49857]
						},
						"1.8": {
							"vector": [7.4125, 1.88, 2.63]
						},
						"1.9": {
							"vector": [6.0425, 6.255, 20.7575]
						},
						"1.9667": {
							"vector": [6.0425, 6.255, 21.82]
						},
						"2.0333": {
							"vector": [7.98, 3.88, 21.8175]
						},
						"2.1333": {
							"vector": [10.045, 2.22, 12.47]
						},
						"2.2667": {
							"vector": [0, 0, 0]
						}
					}
				},
				"rightarm": {
					"position": {
						"vector": [0, -0.25, -0.25]
					}
				},
				"Bolt": {
					"rotation": {
						"0.0": {
							"vector": [0, 0, 0]
						},
						"0.1333": {
							"vector": [0, 0, 0]
						},
						"0.3": {
							"vector": [0, 0, 0]
						},
						"0.3667": {
							"vector": [0, 0, 0]
						},
						"0.4333": {
							"vector": [0, 0, 0]
						},
						"1.9": {
							"vector": [0, 0, 0]
						},
						"1.9667": {
							"vector": [0, 0, 0]
						},
						"2.0333": {
							"vector": [0, 0, 0]
						},
						"2.1667": {
							"vector": [0, 0, 0]
						}
					},
					"position": {
						"0.0": {
							"vector": [0, 0, -8.9375]
						},
						"0.1333": {
							"vector": [0, 0, -8.9375]
						},
						"0.3": {
							"vector": [0, 0, 7.8125]
						},
						"0.3667": {
							"vector": [0, 0, 7.8125]
						},
						"0.4333": {
							"vector": [0, 0, 7.8125]
						},
						"1.9": {
							"vector": [0, 0, 7.8125]
						},
						"1.9667": {
							"vector": [0, 0, 7.8125]
						},
						"2.0333": {
							"vector": [0, 0, 7.8125]
						},
						"2.1667": {
							"vector": [0, 0, 0]
						}
					}
				},
				"octagon4": {
					"position": {
						"0.1333": {
							"vector": [0, 0, 0]
						},
						"0.3": {
							"vector": [0, 0, 0]
						},
						"0.3667": {
							"vector": [0, 0, 0]
						},
						"0.4333": {
							"vector": [0, 0, -0.875]
						}
					}
				},
				"octagon5": {
					"rotation": {
						"0.1333": {
							"vector": [0, 0, 0]
						},
						"0.3": {
							"vector": [0, 0, 0]
						},
						"0.3667": {
							"vector": [0, 0, -45]
						},
						"1.9667": {
							"vector": [0, 0, -45]
						},
						"2.0333": {
							"vector": [0, 0, 0]
						}
					},
					"position": {
						"0.1333": {
							"vector": [0, 0, 0]
						},
						"0.3": {
							"vector": [0, 0, -0.06]
						},
						"0.3667": {
							"vector": [0, 0, -0.0975]
						},
						"1.9667": {
							"vector": [0, 0, -0.0975]
						},
						"2.0333": {
							"vector": [0, 0, -0.06]
						}
					}
				},
				"octagon6": {
					"position": {
						"0.1333": {
							"vector": [0, 0, 0]
						},
						"0.2": {
							"vector": [0, 0, 0]
						},
						"0.2667": {
							"vector": [0, 0, -2]
						},
						"0.3333": {
							"vector": [0, 0, -2]
						}
					}
				},
				"bone2": {
					"rotation": {
						"0.7667": {
							"vector": [0, 0, 0]
						},
						"0.8333": {
							"vector": [0, 0, 0]
						},
						"1.0": {
							"vector": [0, 0, 0]
						},
						"1.0667": {
							"vector": [0, 0, 0]
						}
					},
					"position": {
						"0.7667": {
							"vector": [0, 0, 0]
						},
						"0.8333": {
							"vector": [0, -1.3125, 0]
						},
						"1.0": {
							"vector": [0, -1.3125, 0]
						},
						"1.0667": {
							"vector": [0, 0, 0]
						}
					}
				}
			},
			"sound_effects": {
				"0.0": {
					"effect": "mp40_empty"
				},
				"0.1333": {
					"effect": "mp40_boltback"
				},
				"0.3": {
					"effect": "mp40_boltlock"
				},
				"0.7667": {
					"effect": "mp40_magrelease"
				},
				"0.8": {
					"effect": "mp40_magout"
				},
				"1.4333": {
					"effect": "mp40_magin"
				},
				"1.9": {
					"effect": "mp40_boltunlock"
				},
				"2.0333": {
					"effect": "mp40_boltback"
				}
			}
		},
		"animation.model.reload": {
			"loop": "hold_on_last_frame",
			"animation_length": 1,
			"blend_weight": 1,
			"bones": {
				"main": {
					"rotation": {
						"0.0": {
							"vector": [0, 0, 0]
						},
						"0.1": {
							"vector": [0, 0, -5]
						},
						"0.1667": {
							"vector": [2.4905, 0.21782, -4.99527]
						},
						"0.3": {
							"vector": [0, 0, 0]
						},
						"0.4": {
							"vector": [-0.35692, 0.04699, 7.49985]
						},
						"0.5333": {
							"vector": [5, 0, 0]
						},
						"0.8333": {
							"vector": [0.00238, -0.10901, -2.49762]
						},
						"0.9": {
							"vector": [-2.49762, -0.10901, -2.49762]
						},
						"1.0": {
							"vector": [0, 0, 0]
						}
					},
					"position": {
						"0.0": {
							"vector": [0, 0, 0]
						},
						"0.1": {
							"vector": [0, -0.19, 1.13]
						},
						"0.1667": {
							"vector": [0, -1.19, 1.13]
						},
						"0.3": {
							"vector": [0, -0.5025, 1.13]
						},
						"0.5333": {
							"vector": [0, -2.5625, 1.13]
						},
						"0.8333": {
							"vector": [0, -1.2475, 1.13]
						},
						"1.0": {
							"vector": [0, 0, 0]
						}
					}
				},
				"magazine": {
					"rotation": {
						"0.0667": {
							"vector": [0, 0, 0]
						},
						"0.2": {
							"vector": [0, 0, 0]
						},
						"0.3": {
							"vector": [-0.00952, -0.21782, -4.99523]
						},
						"0.4": {
							"vector": [-0.00952, -0.21782, -4.99523]
						},
						"0.7333": {
							"vector": [-0.00952, -0.21782, -4.99523]
						},
						"0.8333": {
							"vector": [0, 0, 0]
						},
						"1.0": {
							"vector": [0, 0, 0]
						}
					},
					"position": {
						"0.0667": {
							"vector": [0, 0, 0]
						},
						"0.1333": {
							"vector": [0, -1.5, 0]
						},
						"0.2": {
							"vector": [0, -6.5625, 0]
						},
						"0.3": {
							"vector": [2.92954, -27.08385, 0.0076]
						},
						"0.4": {
							"vector": [2.92954, -27.08385, 0.0076]
						},
						"0.7333": {
							"vector": [2.92954, -27.08385, 0.0076]
						},
						"0.8333": {
							"vector": [0, -6.5625, 0]
						},
						"0.9333": {
							"vector": [0, -1.5, 0]
						},
						"1.0": {
							"vector": [0, 0, 0]
						}
					}
				},
				"leftarm": {
					"rotation": {
						"0.0": {
							"vector": [0, 0, 0]
						},
						"0.0667": {
							"vector": [0, 0, 0]
						},
						"0.1333": {
							"vector": [6.29431, 4.10077, 0.40982]
						},
						"0.2": {
							"vector": [17.01427, 10.75304, 2.11443]
						},
						"0.3": {
							"vector": [33.00055, 19.26364, 6.74451]
						},
						"0.4": {
							"vector": [33.00055, 19.26364, 6.74451]
						},
						"0.7333": {
							"vector": [33.00055, 19.26364, 6.74451]
						},
						"0.8333": {
							"vector": [17.01427, 10.75304, 2.11443]
						},
						"0.9333": {
							"vector": [6.29431, 4.10077, 0.40982]
						},
						"1.0": {
							"vector": [0, 0, 0]
						}
					},
					"position": {
						"0.0": {
							"vector": [0, 0, 0]
						},
						"0.0667": {
							"vector": [0.0057, -0.06518, 1.49857]
						},
						"0.1333": {
							"vector": [0.14061, -1.56287, 1.43457]
						},
						"0.2": {
							"vector": [-0.25646, -4.91667, 1.28551]
						},
						"0.3": {
							"vector": [1.33022, -23.7696, 0.45947]
						},
						"0.4": {
							"vector": [1.33022, -23.7696, 0.45947]
						},
						"0.7333": {
							"vector": [1.33022, -23.7696, 0.45947]
						},
						"0.8333": {
							"vector": [-0.25646, -4.91667, 1.28551]
						},
						"0.9333": {
							"vector": [0.14061, -1.56287, 1.43457]
						},
						"1.0": {
							"vector": [0, 0, 0]
						}
					}
				},
				"Bolt": {
					"rotation": {
						"vector": [0, 0, 0]
					},
					"position": {
						"vector": [0, 0, 0]
					}
				}
			},
			"sound_effects": {
				"0.0667": {
					"effect": "mp40_magrelease"
				},
				"0.1": {
					"effect": "mp40_magout"
				},
				"0.7333": {
					"effect": "mp40_magin"
				}
			}
		},
		"animation.model.draw": {
			"loop": true,
			"animation_length": 1.2,
			"bones": {
				"main": {
					"rotation": {
						"0.0": {
							"vector": [32.09413, -54.38778, -8.29667]
						},
						"0.35": {
							"vector": [0.50518, -5.08075, 6.8716],
							"easing": "easeOutSine"
						},
						"0.5": {
							"vector": [0.32389, -0.60235, -2.1558],
							"easing": "linear"
						},
						"0.6": {
							"vector": [0, 0, 0],
							"easing": "linear"
						}
					},
					"position": {
						"0.0": {
							"vector": [0, -17.3, 0]
						},
						"0.25": {
							"vector": [-0.4, -2.525, -1.625],
							"easing": "linear"
						},
						"0.4": {
							"vector": [-0.05, 0, -2.49],
							"easing": "linear"
						},
						"0.55": {
							"vector": [0, 0, 0],
							"easing": "linear"
						}
					}
				},
				"leftarm": {
					"rotation": {
						"0.0": {
							"vector": [0, 0, 0]
						},
						"0.2": {
							"vector": [1, 0, -22]
						},
						"0.4": {
							"vector": [0, 0, 0]
						}
					},
					"position": {
						"0.0": {
							"vector": [0, 0, 0]
						},
						"0.2": {
							"vector": [3.53901, 3.6754, 5.59783]
						},
						"0.4": {
							"vector": [0, 0, 0]
						}
					}
				}
			},
			"sound_effects": {
				"0.0": {
					"effect": "trauma_equip"
				}
			}
		},
		"animation.model.inspect": {
			"loop": true,
			"animation_length": 4.2667,
			"bones": {
				"main": {
					"rotation": {
						"0.0": {
							"vector": [0, 0, 0]
						},
						"0.1667": {
							"vector": [-8.41746, -13.59608, -21.21259],
							"easing": "linear"
						},
						"0.3": {
							"vector": [-8.39812, -20.10111, -31.77688]
						},
						"0.4333": {
							"vector": [-9.55676, -20.88889, -28.55629]
						},
						"0.5333": {
							"vector": [-8.77652, -21.21647, -30.72851]
						},
						"0.7667": {
							"vector": [-9.4227, -20.94881, -28.93303]
						},
						"1.0": {
							"vector": [-3.1216, -20.98207, -46.44405]
						},
						"1.1333": {
							"vector": [-4.564, -20.73064, -42.44007]
						},
						"1.2333": {
							"vector": [-4.86325, -20.9153, -41.60203]
						},
						"1.3333": {
							"vector": [-4.58308, -20.97575, -42.38574]
						},
						"1.4667": {
							"vector": [-4.01131, -21.08802, -43.97908]
						},
						"1.6": {
							"vector": [-4.38767, -21.01662, -42.9316]
						},
						"1.7": {
							"vector": [-4.18847, -21.05622, -43.48691],
							"easing": "linear"
						},
						"2.0333": {
							"vector": [-16.91438, 5.38499, 54.40399],
							"easing": "linear"
						},
						"2.1667": {
							"vector": [-15.22513, 5.80082, 60.04554]
						},
						"2.3": {
							"vector": [-15.70981, 5.86025, 59.48558]
						},
						"2.4333": {
							"vector": [-15.93602, 7.03904, 62.69373]
						},
						"2.5667": {
							"vector": [-15.60896, 7.75082, 65.23442]
						},
						"2.7333": {
							"vector": [-15.71675, 7.52491, 64.42194]
						},
						"2.9": {
							"vector": [-15.56389, 7.84019, 65.55973]
						},
						"3.1": {
							"vector": [-15.61778, 7.73186, 65.16659]
						},
						"3.2667": {
							"vector": [-15.9801, 6.93689, 62.33342]
						},
						"3.4": {
							"vector": [-8.86998, 2.42135, 33.56191]
						},
						"3.5333": {
							"vector": [0, -1.75, -2.75]
						},
						"3.7": {
							"vector": [0, 0, 0]
						}
					},
					"position": {
						"0.0": {
							"vector": [0, 0, 0]
						},
						"0.3": {
							"vector": [-0.475, 1.475, -8.7]
						},
						"0.4": {
							"vector": [-0.195, 1, -7.7]
						},
						"0.5333": {
							"vector": [-0.03, 0.725, -7.7]
						},
						"0.7": {
							"vector": [0, 1.125, -7.7]
						},
						"0.9": {
							"vector": [0.125, 1.4, -8.275]
						},
						"1.2": {
							"vector": [-0.02, 1.475, -8]
						},
						"1.4": {
							"vector": [0.11, 1.425, -8.175]
						},
						"1.6667": {
							"vector": [0.275, 1.25, -7.975]
						},
						"1.8": {
							"vector": [-0.13, -1.19, -8.65]
						},
						"1.9667": {
							"vector": [-0.545, -1.325, -11.15]
						},
						"2.1333": {
							"vector": [-0.415, -1.395, -10.545]
						},
						"2.2667": {
							"vector": [-0.525, -1.455, -9.17]
						},
						"2.4": {
							"vector": [-0.49, -1.43, -9.85]
						},
						"2.5667": {
							"vector": [-0.455, -1.5, -9.24]
						},
						"2.7667": {
							"vector": [-0.53, -1.5, -9.27]
						},
						"3.0": {
							"vector": [-0.49, -1.41, -9.3]
						},
						"3.2333": {
							"vector": [-0.545, -1.325, -9.325]
						},
						"3.3667": {
							"vector": [-1.005, -0.61, -7.41]
						},
						"3.6333": {
							"vector": [0, 0, 0]
						}
					}
				},
				"leftarm": {
					"rotation": {
						"0.0": {
							"vector": [0, 0, 0]
						},
						"0.1667": {
							"vector": [0, 0, -2.5]
						},
						"1.7333": {
							"vector": [0, 0, -2.5]
						},
						"2.0333": {
							"vector": [-20, 0, -45]
						},
						"3.3": {
							"vector": [-20, 0, -45]
						},
						"3.5667": {
							"vector": [0, 0, 0]
						}
					},
					"position": {
						"0.0": {
							"vector": [0, 0, 0]
						},
						"0.1667": {
							"vector": [11.23986, -30.20851, 24.64864]
						},
						"1.7333": {
							"vector": [11.23986, -30.20851, 24.64864]
						},
						"2.0333": {
							"vector": [7.35, 6.25, 2.33]
						},
						"3.3": {
							"vector": [7.35, 6.25, 2.33]
						},
						"3.5667": {
							"vector": [0, 0, 0]
						}
					}
				}
			}
		},
		"animation.model.fire": {
			"loop": "hold_on_last_frame",
			"animation_length": 0.125,
			"bones": {
				"Bolt": {
					"rotation": {
						"0.0": {
							"vector": [0, 0, 0]
						},
						"0.0417": {
							"vector": [0, 0, 0]
						},
						"0.125": {
							"vector": [0, 0, 0]
						}
					},
					"position": {
						"0.0": {
							"vector": [0, 0, 0]
						},
						"0.0417": {
							"vector": [0, 0, -8.9375]
						},
						"0.125": {
							"vector": [0, 0, 0]
						}
					}
				}
			}
		}
	},
	"geckolib_format_version": 2
}