{
	"format_version": "1.8.0",
	"animations": {
		"animation.model.prepare": {
			"loop": "hold_on_last_frame",
			"animation_length": 0.75,
			"bones": {
				"main": {
					"rotation": {
						"0.0": {
							"vector": [0, 0, 0]
						},
						"0.2083": {
							"vector": [-0.0095, 0.21782, -4.99527]
						},
						"0.2917": {
							"vector": [-0.0095, 0.21782, -2.49527]
						},
						"0.375": {
							"vector": [-0.0095, 0.21782, 5.00473]
						},
						"0.4583": {
							"vector": [-0.01, 0.22, 7.5]
						},
						"0.5417": {
							"vector": [-0.40701, 0.22, 5.17131]
						},
						"0.75": {
							"vector": [-2.49, 0.55, -0.02]
						}
					},
					"position": {
						"0.0": {
							"vector": [0, 0, 0]
						},
						"0.2083": {
							"vector": [-0.14059, 1.60693, -2.55707]
						},
						"0.4583": {
							"vector": [-0.14, 1.61, -2.56]
						},
						"0.5417": {
							"vector": [-0.14, 0.36, -0.435]
						},
						"0.75": {
							"vector": [-0.14, 0.36, 0.6275]
						}
					}
				},
				"Part1": {
					"rotation": {
						"0.2917": {
							"vector": [0, 0, 0]
						},
						"0.375": {
							"vector": [0, 0, 7]
						},
						"0.4583": {
							"vector": [0, 0, 14],
							"easing": "linear"
						},
						"0.5": {
							"vector": [0, 0, 21]
						},
						"0.5417": {
							"vector": [0, 0, 28],
							"easing": "linear"
						},
						"0.5833": {
							"vector": [0, 0, 35]
						},
						"0.625": {
							"vector": [0, 0, 42],
							"easing": "linear"
						},
						"0.6667": {
							"vector": [0, 0, 62],
							"easing": "linear"
						},
						"0.7083": {
							"vector": [0, 0, 76]
						},
						"0.75": {
							"vector": [0, 0, 90],
							"easing": "linear"
						}
					},
					"position": {
						"0.2917": {
							"vector": [-0.25, 0, 0]
						},
						"0.375": {
							"vector": [-3.25, 0, 0]
						},
						"0.4583": {
							"vector": [-6.5, 0.5, 0]
						},
						"0.5": {
							"vector": [-9.3, 1.48, 0]
						},
						"0.5417": {
							"vector": [-12.1, 2.6, 0],
							"easing": "linear"
						},
						"0.5833": {
							"vector": [-15, 4.1, 0]
						},
						"0.625": {
							"vector": [-17.5, 5.6, 0]
						},
						"0.6667": {
							"vector": [-23.6, 12.6, 0]
						},
						"0.7083": {
							"vector": [-26, 18.6, 0]
						},
						"0.75": {
							"vector": [-26.9, 24.6, 0]
						}
					}
				},
				"rightarm": {
					"rotation": {
						"0.0833": {
							"vector": [0, 0, 0]
						},
						"0.1667": {
							"vector": [0, 10, 0]
						},
						"0.2083": {
							"vector": [0, 10, 0]
						},
						"0.25": {
							"vector": [-7.51178, 8.07103, 0.79433]
						},
						"0.2917": {
							"vector": [-5.46843, 7.28511, 13.04907]
						},
						"0.375": {
							"vector": [-2.73, 3.64, 6.52]
						},
						"0.5833": {
							"vector": [-1.62017, -17.81384, 3.84578]
						},
						"0.7083": {
							"vector": [8.35989, -0.21, 1.67]
						}
					},
					"position": {
						"0.0833": {
							"vector": [0, 0, 0]
						},
						"0.1667": {
							"vector": [-8.98151, 4.54309, -7.16922]
						},
						"0.2083": {
							"vector": [-6.60711, 8.75746, -13.59582]
						},
						"0.25": {
							"vector": [-7.34369, 6.72696, -14.97746]
						},
						"0.2917": {
							"vector": [-8.98191, 10.48946, -14.41888]
						},
						"0.3333": {
							"vector": [-6.43083, 12.12402, -14.42219]
						},
						"0.375": {
							"vector": [-3.51246, 12.97534, -14.62091]
						},
						"0.5833": {
							"vector": [-7.46455, 13.03105, -5.93709]
						},
						"0.7083": {
							"vector": [-12, 10, 17]
						}
					}
				},
				"bullet": {
					"position": {
						"0.0": {
							"vector": [0, 0, 0]
						},
						"0.5833": {
							"vector": [0, -1.1825, 13.56]
						},
						"0.6667": {
							"vector": [0, -0.125, 13.5625]
						}
					}
				},
				"Bolt": {
					"position": {
						"0.4167": {
							"vector": [0, 0, 0]
						},
						"0.625": {
							"vector": [0, 0, 11.5]
						}
					}
				},
				"Bolt1": {
					"rotation": {
						"0.25": {
							"vector": [0, 0, 0]
						},
						"0.4583": {
							"vector": [0, 0, 90]
						}
					},
					"position": {
						"0.25": {
							"vector": [0, 0, 0]
						},
						"0.4583": {
							"vector": [0, 0, 0]
						}
					}
				},
				"leftarm": {
					"rotation": {
						"0.0": {
							"vector": [0, 0, 0]
						},
						"0.2083": {
							"vector": [-10.97493, -10.26211, 0.60862]
						},
						"0.4167": {
							"vector": [-16.82717, -15.02599, -8.30447]
						},
						"0.625": {
							"vector": [-20.87036, -18.14683, -7.27662]
						},
						"0.75": {
							"vector": [-21.04977, -17.9353, -2.23956]
						}
					},
					"position": {
						"0.0": {
							"vector": [0, 0, 0]
						},
						"0.2083": {
							"vector": [-0.4136, -4.73196, -0.00079]
						},
						"0.4167": {
							"vector": [0.95768, -4.58655, 0.00211]
						},
						"0.625": {
							"vector": [1.16851, -6.14963, -1.17287]
						},
						"0.75": {
							"vector": [-0.31733, -6.92167, -0.21818]
						}
					}
				},
				"bulletcasing": {
					"rotation": {
						"0.4167": {
							"vector": [0, 0, 0]
						},
						"0.5833": {
							"vector": [0, 0, 0]
						},
						"0.625": {
							"vector": [-23.2493, 8.58457, -11.88471]
						},
						"0.6667": {
							"vector": [-102.07903, 59.91821, -55.85825]
						},
						"0.7083": {
							"vector": [-91.12959, 16.97047, -43.67569]
						},
						"0.75": {
							"vector": [-227.30368, 32.98221, -129.21101]
						}
					},
					"position": {
						"0.4167": {
							"vector": [0, 0, 2.675]
						},
						"0.5833": {
							"vector": [0, 0, 11.1875]
						},
						"0.625": {
							"vector": [-2.9169, 6.41483, 14.42939]
						},
						"0.6667": {
							"vector": [-16.63805, 17.54175, 15.87431]
						},
						"0.7083": {
							"vector": [-32.28706, 25.22966, 27.52525]
						},
						"0.75": {
							"vector": [-34.22456, -135.89534, -56.41225]
						}
					}
				}
			},
			"sound_effects": {
				"0.0": {
					"effect": "mosin1891_boltback"
				},
				"0.5417": {
					"effect": "mosin1891_stripperclip_eject"
				}
			}
		},
		"animation.model.preparealt": {
			"loop": "hold_on_last_frame",
			"animation_length": 0.75,
			"bones": {
				"main": {
					"rotation": {
						"0.0": {
							"vector": [0, 0, 0]
						},
						"0.2083": {
							"vector": [-0.0095, 0.21782, -4.99527]
						},
						"0.2917": {
							"vector": [-0.0095, 0.21782, -2.49527]
						},
						"0.375": {
							"vector": [-0.0095, 0.21782, 5.00473]
						},
						"0.4583": {
							"vector": [-0.01, 0.22, 7.5]
						},
						"0.5417": {
							"vector": [-0.40701, 0.22, 5.17131]
						},
						"0.75": {
							"vector": [-2.49, 0.55, -0.02]
						}
					},
					"position": {
						"0.0": {
							"vector": [0, 0, 0]
						},
						"0.2083": {
							"vector": [-0.14059, 1.60693, -2.55707]
						},
						"0.4583": {
							"vector": [-0.14, 1.61, -2.56]
						},
						"0.5417": {
							"vector": [-0.14, 0.36, -0.435]
						},
						"0.75": {
							"vector": [-0.14, 0.36, 0.6275]
						}
					}
				},
				"Part1": {
					"rotation": {
						"0.2917": {
							"vector": [0, 0, 0]
						},
						"0.375": {
							"vector": [0, 0, 7]
						},
						"0.4583": {
							"vector": [0, 0, 14],
							"easing": "linear"
						},
						"0.5": {
							"vector": [0, 0, 21]
						},
						"0.5417": {
							"vector": [0, 0, 28],
							"easing": "linear"
						},
						"0.5833": {
							"vector": [0, 0, 35]
						},
						"0.625": {
							"vector": [0, 0, 42],
							"easing": "linear"
						},
						"0.6667": {
							"vector": [0, 0, 62],
							"easing": "linear"
						},
						"0.7083": {
							"vector": [0, 0, 76]
						},
						"0.75": {
							"vector": [0, 0, 90],
							"easing": "linear"
						}
					},
					"position": {
						"0.2917": {
							"vector": [-0.25, 0, 0]
						},
						"0.375": {
							"vector": [-3.25, 0, 0]
						},
						"0.4583": {
							"vector": [-6.5, 0.5, 0]
						},
						"0.5": {
							"vector": [-9.3, 1.48, 0]
						},
						"0.5417": {
							"vector": [-12.1, 2.6, 0],
							"easing": "linear"
						},
						"0.5833": {
							"vector": [-15, 4.1, 0]
						},
						"0.625": {
							"vector": [-17.5, 5.6, 0]
						},
						"0.6667": {
							"vector": [-23.6, 12.6, 0]
						},
						"0.7083": {
							"vector": [-26, 18.6, 0]
						},
						"0.75": {
							"vector": [-26.9, 24.6, 0]
						}
					}
				},
				"rightarm": {
					"rotation": {
						"0.0833": {
							"vector": [0, 0, 0]
						},
						"0.1667": {
							"vector": [0, 10, 0]
						},
						"0.2083": {
							"vector": [0, 10, 0]
						},
						"0.25": {
							"vector": [-7.51178, 8.07103, 0.79433]
						},
						"0.2917": {
							"vector": [-5.46843, 7.28511, 13.04907]
						},
						"0.375": {
							"vector": [-2.73, 3.64, 6.52]
						},
						"0.5833": {
							"vector": [-1.62017, -17.81384, 3.84578]
						},
						"0.7083": {
							"vector": [15.78988, -0.05588, -31.64581]
						}
					},
					"position": {
						"0.0833": {
							"vector": [0, 0, 0]
						},
						"0.1667": {
							"vector": [-8.98151, 4.54309, -7.16922]
						},
						"0.2083": {
							"vector": [-6.60711, 8.75746, -13.59582]
						},
						"0.25": {
							"vector": [-7.34369, 6.72696, -14.97746]
						},
						"0.2917": {
							"vector": [-8.98191, 10.48946, -14.41888]
						},
						"0.3333": {
							"vector": [-6.43083, 12.12402, -14.42219]
						},
						"0.375": {
							"vector": [-3.51246, 12.97534, -14.62091]
						},
						"0.5833": {
							"vector": [-7.46455, 13.03105, -5.93709]
						},
						"0.7083": {
							"vector": [-12, -3.4375, -6.125]
						}
					}
				},
				"Bolt": {
					"position": {
						"0.4167": {
							"vector": [0, 0, 0]
						},
						"0.625": {
							"vector": [0, 0, 11.5]
						}
					}
				},
				"Bolt1": {
					"rotation": {
						"0.25": {
							"vector": [0, 0, 0]
						},
						"0.4583": {
							"vector": [0, 0, 90]
						}
					},
					"position": {
						"0.25": {
							"vector": [0, 0, 0]
						},
						"0.4583": {
							"vector": [0, 0, 0]
						}
					}
				},
				"leftarm": {
					"rotation": {
						"0.0": {
							"vector": [0, 0, 0]
						},
						"0.2083": {
							"vector": [-10.97493, -10.26211, 0.60862]
						},
						"0.4167": {
							"vector": [-16.82717, -15.02599, -8.30447]
						},
						"0.625": {
							"vector": [-20.87036, -18.14683, -7.27662]
						},
						"0.75": {
							"vector": [-21.04977, -17.9353, -2.23956]
						}
					},
					"position": {
						"0.0": {
							"vector": [0, 0, 0]
						},
						"0.2083": {
							"vector": [-0.4136, -4.73196, -0.00079]
						},
						"0.4167": {
							"vector": [0.95768, -4.58655, 0.00211]
						},
						"0.625": {
							"vector": [1.16851, -6.14963, -1.17287]
						},
						"0.75": {
							"vector": [-0.31733, -6.92167, -0.21818]
						}
					}
				}
			},
			"sound_effects": {
				"0.0": {
					"effect": "mosin1891_boltback"
				}
			}
		},
		"animation.model.load1": {
			"loop": "hold_on_last_frame",
			"animation_length": 0.75,
			"bones": {
				"main": {
					"rotation": {
						"0.0": {
							"vector": [-2.49, 0.55, -0.02]
						},
						"0.125": {
							"vector": [-2.52001, 0.38593, -3.76653]
						},
						"0.25": {
							"vector": [-2.5116, 0.4409, -2.51771]
						},
						"0.375": {
							"vector": [-5.00917, 0.33209, -2.51056]
						},
						"0.5833": {
							"vector": [-5.00917, 0.33209, -2.51056]
						},
						"0.75": {
							"vector": [-2.49, 0.55, -0.02]
						}
					},
					"position": {
						"0.0": {
							"vector": [-0.14, 0.36, 0.6275]
						},
						"0.25": {
							"vector": [-0.14, 0.36, 0.63]
						},
						"0.375": {
							"vector": [-0.14, -1.7025, 0.63]
						},
						"0.5833": {
							"vector": [-0.14, 0.11, 0.6275]
						},
						"0.75": {
							"vector": [-0.14, 0.36, 0.6275]
						}
					}
				},
				"Part1": {
					"rotation": {
						"vector": [0, 0, 90],
						"easing": "linear"
					},
					"position": {
						"vector": [-26.9, 24.6, 0]
					}
				},
				"rightarm": {
					"rotation": {
						"0.0": {
							"vector": [15.78988, -0.05588, -31.64581]
						},
						"0.25": {
							"vector": [-3.01259, -0.46564, -3.45344]
						},
						"0.375": {
							"vector": [-0.51259, -0.46564, -3.45344]
						},
						"0.75": {
							"vector": [15.78988, -0.05588, -31.64581]
						}
					},
					"position": {
						"0.0": {
							"vector": [-12, -3.4375, -6.125]
						},
						"0.125": {
							"vector": [-10.81, 6.22, -11.22]
						},
						"0.25": {
							"vector": [-5.25, 7.3725, -16.3075]
						},
						"0.375": {
							"vector": [-4.0625, 6.995, -16.31]
						},
						"0.75": {
							"vector": [-12, -3.4375, -6.125]
						}
					}
				},
				"bullet": {
					"position": {
						"0.25": {
							"vector": [0, -0.125, 13.5625]
						},
						"0.3333": {
							"vector": [0, -1.245, 13.56]
						}
					}
				},
				"Bolt": {
					"position": {
						"vector": [0, 0, 11.5]
					}
				},
				"Bolt1": {
					"rotation": {
						"vector": [0, 0, 90]
					},
					"position": {
						"vector": [0, 0, 0]
					}
				},
				"leftarm": {
					"rotation": {
						"0.0": {
							"vector": [-21.04977, -17.9353, -2.23956]
						},
						"0.25": {
							"vector": [-21.05, -17.94, -2.24]
						},
						"0.3333": {
							"vector": [-16.16384, -17.79353, -4.70157]
						},
						"0.5417": {
							"vector": [-17.30184, -14.49424, -3.13312]
						},
						"0.75": {
							"vector": [-21.04977, -17.9353, -2.23956]
						}
					},
					"position": {
						"0.0": {
							"vector": [-0.31733, -6.92167, -0.21818]
						},
						"0.25": {
							"vector": [-0.32, -6.92, -0.22]
						},
						"0.75": {
							"vector": [-0.31733, -6.92167, -0.21818]
						}
					}
				},
				"bullet2": {
					"position": {
						"0.0": {
							"vector": [-10.75, -11.0625, 18.5]
						},
						"0.125": {
							"vector": [-8.45, -0.315, 16.52]
						},
						"0.2083": {
							"vector": [-3.8525, 0.25, 14.44]
						},
						"0.25": {
							"vector": [-1.6325, 0.81, 12.3625]
						},
						"0.3333": {
							"vector": [0, -0.125, 13.5625]
						}
					}
				},
				"bulletcasing": {
					"rotation": {
						"vector": [0, 0, 0]
					},
					"position": {
						"vector": [0, 0, 0]
					}
				}
			},
			"sound_effects": {
				"0.25": {
					"effect": "boltsingleload2"
				}
			}
		},
		"animation.model.load2": {
			"loop": "hold_on_last_frame",
			"animation_length": 1.5,
			"bones": {
				"main": {
					"rotation": {
						"0.0": {
							"vector": [-2.49, 0.55, -0.02]
						},
						"0.125": {
							"vector": [-2.52001, 0.38593, -3.76653]
						},
						"0.25": {
							"vector": [-2.5116, 0.4409, -2.51771]
						},
						"0.375": {
							"vector": [-5.00917, 0.33209, -2.51056]
						},
						"0.5833": {
							"vector": [-5.00917, 0.33209, -2.51056]
						},
						"0.75": {
							"vector": [-2.49, 0.55, -0.02]
						},
						"0.875": {
							"vector": [-2.52001, 0.38593, -3.76653]
						},
						"1.0": {
							"vector": [-2.5116, 0.4409, -2.51771]
						},
						"1.125": {
							"vector": [-5.00917, 0.33209, -2.51056]
						},
						"1.3333": {
							"vector": [-5.00917, 0.33209, -2.51056]
						},
						"1.5": {
							"vector": [-2.49, 0.55, -0.02]
						}
					},
					"position": {
						"0.0": {
							"vector": [-0.14, 0.36, 0.6275]
						},
						"0.25": {
							"vector": [-0.14, 0.36, 0.63]
						},
						"0.375": {
							"vector": [-0.14, -1.7025, 0.63]
						},
						"0.5833": {
							"vector": [-0.14, 0.11, 0.6275]
						},
						"0.75": {
							"vector": [-0.14, 0.36, 0.6275]
						},
						"1.0": {
							"vector": [-0.14, 0.36, 0.63]
						},
						"1.125": {
							"vector": [-0.14, -1.7025, 0.63]
						},
						"1.3333": {
							"vector": [-0.14, 0.11, 0.6275]
						},
						"1.5": {
							"vector": [-0.14, 0.36, 0.6275]
						}
					}
				},
				"Part1": {
					"rotation": {
						"vector": [0, 0, 90],
						"easing": "linear"
					},
					"position": {
						"vector": [-26.9, 24.6, 0]
					}
				},
				"rightarm": {
					"rotation": {
						"0.0": {
							"vector": [15.78988, -0.05588, -31.64581]
						},
						"0.25": {
							"vector": [-3.01259, -0.46564, -3.45344]
						},
						"0.375": {
							"vector": [-0.51259, -0.46564, -3.45344]
						},
						"0.75": {
							"vector": [15.78988, -0.05588, -31.64581]
						},
						"1.0": {
							"vector": [-3.01259, -0.46564, -3.45344]
						},
						"1.125": {
							"vector": [-0.51259, -0.46564, -3.45344]
						},
						"1.5": {
							"vector": [15.78988, -0.05588, -31.64581]
						}
					},
					"position": {
						"0.0": {
							"vector": [-12, -3.4375, -6.125]
						},
						"0.125": {
							"vector": [-10.81, 6.22, -11.22]
						},
						"0.25": {
							"vector": [-5.25, 7.3725, -16.3075]
						},
						"0.375": {
							"vector": [-4.0625, 6.995, -16.31]
						},
						"0.75": {
							"vector": [-12, -3.4375, -6.125]
						},
						"0.875": {
							"vector": [-10.81, 6.22, -11.22]
						},
						"1.0": {
							"vector": [-5.25, 7.3725, -16.3075]
						},
						"1.125": {
							"vector": [-4.0625, 6.995, -16.31]
						},
						"1.5": {
							"vector": [-12, -3.4375, -6.125]
						}
					}
				},
				"bullet": {
					"position": {
						"0.25": {
							"vector": [0, -0.125, 13.5625]
						},
						"0.3333": {
							"vector": [0, -1.245, 13.56]
						},
						"0.375": {
							"vector": [0, -0.125, 13.5625]
						},
						"1.0": {
							"vector": [0, -0.125, 13.5625]
						},
						"1.0833": {
							"vector": [0, -1.245, 13.56]
						}
					}
				},
				"Bolt": {
					"position": {
						"vector": [0, 0, 11.5]
					}
				},
				"Bolt1": {
					"rotation": {
						"vector": [0, 0, 90]
					},
					"position": {
						"vector": [0, 0, 0]
					}
				},
				"leftarm": {
					"rotation": {
						"0.0": {
							"vector": [-21.04977, -17.9353, -2.23956]
						},
						"0.25": {
							"vector": [-21.05, -17.94, -2.24]
						},
						"0.3333": {
							"vector": [-16.16384, -17.79353, -4.70157]
						},
						"0.5417": {
							"vector": [-17.30184, -14.49424, -3.13312]
						},
						"0.75": {
							"vector": [-21.04977, -17.9353, -2.23956]
						},
						"1.0": {
							"vector": [-21.05, -17.94, -2.24]
						},
						"1.0833": {
							"vector": [-16.16384, -17.79353, -4.70157]
						},
						"1.2917": {
							"vector": [-17.30184, -14.49424, -3.13312]
						},
						"1.5": {
							"vector": [-21.04977, -17.9353, -2.23956]
						}
					},
					"position": {
						"0.0": {
							"vector": [-0.31733, -6.92167, -0.21818]
						},
						"0.25": {
							"vector": [-0.32, -6.92, -0.22]
						},
						"0.75": {
							"vector": [-0.31733, -6.92167, -0.21818]
						},
						"1.0": {
							"vector": [-0.32, -6.92, -0.22]
						},
						"1.5": {
							"vector": [-0.31733, -6.92167, -0.21818]
						}
					}
				},
				"bullet2": {
					"position": {
						"0.0": {
							"vector": [-10.75, -11.0625, 18.5]
						},
						"0.125": {
							"vector": [-8.45, -0.315, 16.52]
						},
						"0.2083": {
							"vector": [-3.8525, 0.25, 14.44]
						},
						"0.25": {
							"vector": [-1.6325, 0.81, 12.3625]
						},
						"0.3333": {
							"vector": [0, -0.125, 13.5625]
						},
						"0.5": {
							"vector": [-0.005, -10.84, 16.03]
						},
						"0.6667": {
							"vector": [-10.75, -11.0625, 18.5]
						},
						"0.75": {
							"vector": [-10.75, -11.0625, 18.5]
						},
						"0.875": {
							"vector": [-8.45, -0.315, 16.52]
						},
						"0.9583": {
							"vector": [-3.8525, 0.25, 14.44]
						},
						"1.0": {
							"vector": [-1.6325, 0.81, 12.3625]
						},
						"1.0833": {
							"vector": [0, -0.125, 13.5625]
						}
					}
				},
				"bulletcasing": {
					"rotation": {
						"vector": [0, 0, 0]
					},
					"position": {
						"vector": [0, 0, 0]
					}
				}
			},
			"sound_effects": {
				"0.25": {
					"effect": "boltsingleload2"
				},
				"1.0": {
					"effect": "boltsingleload2"
				}
			}
		},
		"animation.model.load3": {
			"loop": "hold_on_last_frame",
			"animation_length": 2.25,
			"bones": {
				"main": {
					"rotation": {
						"0.0": {
							"vector": [-2.49, 0.55, -0.02]
						},
						"0.125": {
							"vector": [-2.52001, 0.38593, -3.76653]
						},
						"0.25": {
							"vector": [-2.5116, 0.4409, -2.51771]
						},
						"0.375": {
							"vector": [-5.00917, 0.33209, -2.51056]
						},
						"0.5833": {
							"vector": [-5.00917, 0.33209, -2.51056]
						},
						"0.75": {
							"vector": [-2.49, 0.55, -0.02]
						},
						"0.875": {
							"vector": [-2.52001, 0.38593, -3.76653]
						},
						"1.0": {
							"vector": [-2.5116, 0.4409, -2.51771]
						},
						"1.125": {
							"vector": [-5.00917, 0.33209, -2.51056]
						},
						"1.3333": {
							"vector": [-2.49, 0.55, -0.02]
						},
						"1.5": {
							"vector": [-2.49, 0.55, -0.02]
						},
						"1.625": {
							"vector": [-2.52001, 0.38593, -3.76653]
						},
						"1.75": {
							"vector": [-2.5116, 0.4409, -2.51771]
						},
						"1.875": {
							"vector": [-5.00917, 0.33209, -2.51056]
						},
						"2.0833": {
							"vector": [-5.00917, 0.33209, -2.51056]
						},
						"2.25": {
							"vector": [-2.49, 0.55, -0.02]
						}
					},
					"position": {
						"0.0": {
							"vector": [-0.14, 0.36, 0.6275]
						},
						"0.25": {
							"vector": [-0.14, 0.36, 0.63]
						},
						"0.375": {
							"vector": [-0.14, -1.7025, 0.63]
						},
						"0.5833": {
							"vector": [-0.14, 0.11, 0.6275]
						},
						"0.75": {
							"vector": [-0.14, 0.36, 0.6275]
						},
						"1.0": {
							"vector": [-0.14, 0.36, 0.63]
						},
						"1.125": {
							"vector": [-0.14, -1.7025, 0.63]
						},
						"1.3333": {
							"vector": [-0.14, 0.36, 0.6275]
						},
						"1.5": {
							"vector": [-0.14, 0.36, 0.6275]
						},
						"1.75": {
							"vector": [-0.14, 0.36, 0.63]
						},
						"1.875": {
							"vector": [-0.14, -1.7025, 0.63]
						},
						"2.0833": {
							"vector": [-0.14, 0.11, 0.6275]
						},
						"2.25": {
							"vector": [-0.14, 0.36, 0.6275]
						}
					}
				},
				"Part1": {
					"rotation": {
						"vector": [0, 0, 90],
						"easing": "linear"
					},
					"position": {
						"vector": [-26.9, 24.6, 0]
					}
				},
				"rightarm": {
					"rotation": {
						"0.0": {
							"vector": [15.78988, -0.05588, -31.64581]
						},
						"0.25": {
							"vector": [-3.01259, -0.46564, -3.45344]
						},
						"0.375": {
							"vector": [-0.51259, -0.46564, -3.45344]
						},
						"0.75": {
							"vector": [15.78988, -0.05588, -31.64581]
						},
						"1.0": {
							"vector": [-3.01259, -0.46564, -3.45344]
						},
						"1.125": {
							"vector": [-0.51259, -0.46564, -3.45344]
						},
						"1.5": {
							"vector": [15.78988, -0.05588, -31.64581]
						},
						"1.75": {
							"vector": [-3.01259, -0.46564, -3.45344]
						},
						"1.875": {
							"vector": [-0.51259, -0.46564, -3.45344]
						},
						"2.25": {
							"vector": [15.78988, -0.05588, -31.64581]
						}
					},
					"position": {
						"0.0": {
							"vector": [-12, -3.4375, -6.125]
						},
						"0.125": {
							"vector": [-10.81, 6.22, -11.22]
						},
						"0.25": {
							"vector": [-5.25, 7.3725, -16.3075]
						},
						"0.375": {
							"vector": [-4.0625, 6.995, -16.31]
						},
						"0.75": {
							"vector": [-12, -3.4375, -6.125]
						},
						"0.875": {
							"vector": [-10.81, 6.22, -11.22]
						},
						"1.0": {
							"vector": [-5.25, 7.3725, -16.3075]
						},
						"1.125": {
							"vector": [-4.0625, 6.995, -16.31]
						},
						"1.5": {
							"vector": [-12, -3.4375, -6.125]
						},
						"1.625": {
							"vector": [-10.81, 6.22, -11.22]
						},
						"1.75": {
							"vector": [-5.25, 7.3725, -16.3075]
						},
						"1.875": {
							"vector": [-4.0625, 6.995, -16.31]
						},
						"2.25": {
							"vector": [-12, -3.4375, -6.125]
						}
					}
				},
				"bullet": {
					"position": {
						"0.25": {
							"vector": [0, -0.125, 13.5625]
						},
						"0.3333": {
							"vector": [0, -1.245, 13.56]
						},
						"0.375": {
							"vector": [0, -0.125, 13.5625]
						},
						"1.0": {
							"vector": [0, -0.125, 13.5625]
						},
						"1.0833": {
							"vector": [0, -1.245, 13.56]
						},
						"1.125": {
							"vector": [0, -0.125, 13.5625]
						},
						"1.75": {
							"vector": [0, -0.125, 13.5625]
						},
						"1.8333": {
							"vector": [0, -1.245, 13.56]
						},
						"1.875": {
							"vector": [0, -0.125, 13.5625]
						}
					}
				},
				"Bolt": {
					"position": {
						"vector": [0, 0, 11.5]
					}
				},
				"Bolt1": {
					"rotation": {
						"vector": [0, 0, 90]
					},
					"position": {
						"vector": [0, 0, 0]
					}
				},
				"leftarm": {
					"rotation": {
						"0.0": {
							"vector": [-21.04977, -17.9353, -2.23956]
						},
						"0.25": {
							"vector": [-21.05, -17.94, -2.24]
						},
						"0.3333": {
							"vector": [-16.16384, -17.79353, -4.70157]
						},
						"0.5417": {
							"vector": [-17.30184, -14.49424, -3.13312]
						},
						"0.75": {
							"vector": [-21.04977, -17.9353, -2.23956]
						},
						"1.0": {
							"vector": [-21.05, -17.94, -2.24]
						},
						"1.0833": {
							"vector": [-16.16384, -17.79353, -4.70157]
						},
						"1.2917": {
							"vector": [-17.30184, -14.49424, -3.13312]
						},
						"1.5": {
							"vector": [-21.04977, -17.9353, -2.23956]
						},
						"1.75": {
							"vector": [-21.05, -17.94, -2.24]
						},
						"1.8333": {
							"vector": [-16.16384, -17.79353, -4.70157]
						},
						"2.0417": {
							"vector": [-17.30184, -14.49424, -3.13312]
						},
						"2.25": {
							"vector": [-21.04977, -17.9353, -2.23956]
						}
					},
					"position": {
						"0.0": {
							"vector": [-0.31733, -6.92167, -0.21818]
						},
						"0.25": {
							"vector": [-0.32, -6.92, -0.22]
						},
						"0.75": {
							"vector": [-0.31733, -6.92167, -0.21818]
						},
						"1.0": {
							"vector": [-0.32, -6.92, -0.22]
						},
						"1.5": {
							"vector": [-0.31733, -6.92167, -0.21818]
						},
						"1.75": {
							"vector": [-0.32, -6.92, -0.22]
						},
						"2.25": {
							"vector": [-0.31733, -6.92167, -0.21818]
						}
					}
				},
				"bullet2": {
					"position": {
						"0.0": {
							"vector": [-10.75, -11.0625, 18.5]
						},
						"0.125": {
							"vector": [-8.45, -0.315, 16.52]
						},
						"0.2083": {
							"vector": [-3.8525, 0.25, 14.44]
						},
						"0.25": {
							"vector": [-1.6325, 0.81, 12.3625]
						},
						"0.3333": {
							"vector": [0, -0.125, 13.5625]
						},
						"0.5": {
							"vector": [-0.005, -10.84, 16.03]
						},
						"0.6667": {
							"vector": [-10.75, -11.0625, 18.5]
						},
						"0.75": {
							"vector": [-10.75, -11.0625, 18.5]
						},
						"0.875": {
							"vector": [-8.45, -0.315, 16.52]
						},
						"0.9583": {
							"vector": [-3.8525, 0.25, 14.44]
						},
						"1.0": {
							"vector": [-1.6325, 0.81, 12.3625]
						},
						"1.0833": {
							"vector": [0, -0.125, 13.5625]
						},
						"1.25": {
							"vector": [-0.005, -10.84, 16.03]
						},
						"1.4167": {
							"vector": [-10.75, -11.0625, 18.5]
						},
						"1.5": {
							"vector": [-10.75, -11.0625, 18.5]
						},
						"1.625": {
							"vector": [-8.45, -0.315, 16.52]
						},
						"1.7083": {
							"vector": [-3.8525, 0.25, 14.44]
						},
						"1.75": {
							"vector": [-1.6325, 0.81, 12.3625]
						},
						"1.8333": {
							"vector": [0, -0.125, 13.5625]
						}
					}
				},
				"bulletcasing": {
					"rotation": {
						"vector": [0, 0, 0]
					},
					"position": {
						"vector": [0, 0, 0]
					}
				}
			},
			"sound_effects": {
				"0.25": {
					"effect": "boltsingleload2"
				},
				"1.0": {
					"effect": "boltsingleload2"
				},
				"1.75": {
					"effect": "boltsingleload2"
				}
			}
		},
		"animation.model.load4": {
			"loop": "hold_on_last_frame",
			"animation_length": 3,
			"bones": {
				"main": {
					"rotation": {
						"0.0": {
							"vector": [-2.49, 0.55, -0.02]
						},
						"0.125": {
							"vector": [-2.52001, 0.38593, -3.76653]
						},
						"0.25": {
							"vector": [-2.5116, 0.4409, -2.51771]
						},
						"0.375": {
							"vector": [-5.00917, 0.33209, -2.51056]
						},
						"0.5833": {
							"vector": [-5.00917, 0.33209, -2.51056]
						},
						"0.75": {
							"vector": [-2.49, 0.55, -0.02]
						},
						"0.875": {
							"vector": [-2.52001, 0.38593, -3.76653]
						},
						"1.0": {
							"vector": [-2.5116, 0.4409, -2.51771]
						},
						"1.125": {
							"vector": [-5.00917, 0.33209, -2.51056]
						},
						"1.3333": {
							"vector": [-2.49, 0.55, -0.02]
						},
						"1.5": {
							"vector": [-2.49, 0.55, -0.02]
						},
						"1.625": {
							"vector": [-2.52001, 0.38593, -3.76653]
						},
						"1.75": {
							"vector": [-2.5116, 0.4409, -2.51771]
						},
						"1.875": {
							"vector": [-5.00917, 0.33209, -2.51056]
						},
						"2.0833": {
							"vector": [-5.00917, 0.33209, -2.51056]
						},
						"2.25": {
							"vector": [-2.49, 0.55, -0.02]
						},
						"2.375": {
							"vector": [-2.52001, 0.38593, -3.76653]
						},
						"2.5": {
							"vector": [-2.5116, 0.4409, -2.51771]
						},
						"2.625": {
							"vector": [-5.00917, 0.33209, -2.51056]
						},
						"2.8333": {
							"vector": [-5.00917, 0.33209, -2.51056]
						},
						"3.0": {
							"vector": [-2.49, 0.55, -0.02]
						}
					},
					"position": {
						"0.0": {
							"vector": [-0.14, 0.36, 0.6275]
						},
						"0.25": {
							"vector": [-0.14, 0.36, 0.63]
						},
						"0.375": {
							"vector": [-0.14, -1.7025, 0.63]
						},
						"0.5833": {
							"vector": [-0.14, 0.11, 0.6275]
						},
						"0.75": {
							"vector": [-0.14, 0.36, 0.6275]
						},
						"1.0": {
							"vector": [-0.14, 0.36, 0.63]
						},
						"1.125": {
							"vector": [-0.14, -1.7025, 0.63]
						},
						"1.3333": {
							"vector": [-0.14, 0.36, 0.6275]
						},
						"1.5": {
							"vector": [-0.14, 0.36, 0.6275]
						},
						"1.75": {
							"vector": [-0.14, 0.36, 0.63]
						},
						"1.875": {
							"vector": [-0.14, -1.7025, 0.63]
						},
						"2.0833": {
							"vector": [-0.14, 0.11, 0.6275]
						},
						"2.25": {
							"vector": [-0.14, 0.36, 0.6275]
						},
						"2.5": {
							"vector": [-0.14, 0.36, 0.63]
						},
						"2.625": {
							"vector": [-0.14, -1.7025, 0.63]
						},
						"2.8333": {
							"vector": [-0.14, 0.11, 0.6275]
						},
						"3.0": {
							"vector": [-0.14, 0.36, 0.6275]
						}
					}
				},
				"Part1": {
					"rotation": {
						"vector": [0, 0, 90],
						"easing": "linear"
					},
					"position": {
						"vector": [-26.9, 24.6, 0]
					}
				},
				"rightarm": {
					"rotation": {
						"0.0": {
							"vector": [15.78988, -0.05588, -31.64581]
						},
						"0.25": {
							"vector": [-3.01259, -0.46564, -3.45344]
						},
						"0.375": {
							"vector": [-0.51259, -0.46564, -3.45344]
						},
						"0.75": {
							"vector": [15.78988, -0.05588, -31.64581]
						},
						"1.0": {
							"vector": [-3.01259, -0.46564, -3.45344]
						},
						"1.125": {
							"vector": [-0.51259, -0.46564, -3.45344]
						},
						"1.5": {
							"vector": [15.78988, -0.05588, -31.64581]
						},
						"1.75": {
							"vector": [-3.01259, -0.46564, -3.45344]
						},
						"1.875": {
							"vector": [-0.51259, -0.46564, -3.45344]
						},
						"2.25": {
							"vector": [15.78988, -0.05588, -31.64581]
						},
						"2.5": {
							"vector": [-3.01259, -0.46564, -3.45344]
						},
						"2.625": {
							"vector": [-0.51259, -0.46564, -3.45344]
						},
						"3.0": {
							"vector": [15.78988, -0.05588, -31.64581]
						}
					},
					"position": {
						"0.0": {
							"vector": [-12, -3.4375, -6.125]
						},
						"0.125": {
							"vector": [-10.81, 6.22, -11.22]
						},
						"0.25": {
							"vector": [-5.25, 7.3725, -16.3075]
						},
						"0.375": {
							"vector": [-4.0625, 6.995, -16.31]
						},
						"0.75": {
							"vector": [-12, -3.4375, -6.125]
						},
						"0.875": {
							"vector": [-10.81, 6.22, -11.22]
						},
						"1.0": {
							"vector": [-5.25, 7.3725, -16.3075]
						},
						"1.125": {
							"vector": [-4.0625, 6.995, -16.31]
						},
						"1.5": {
							"vector": [-12, -3.4375, -6.125]
						},
						"1.625": {
							"vector": [-10.81, 6.22, -11.22]
						},
						"1.75": {
							"vector": [-5.25, 7.3725, -16.3075]
						},
						"1.875": {
							"vector": [-4.0625, 6.995, -16.31]
						},
						"2.25": {
							"vector": [-12, -3.4375, -6.125]
						},
						"2.375": {
							"vector": [-10.81, 6.22, -11.22]
						},
						"2.5": {
							"vector": [-5.25, 7.3725, -16.3075]
						},
						"2.625": {
							"vector": [-4.0625, 6.995, -16.31]
						},
						"3.0": {
							"vector": [-12, -3.4375, -6.125]
						}
					}
				},
				"bullet": {
					"position": {
						"0.25": {
							"vector": [0, -0.125, 13.5625]
						},
						"0.3333": {
							"vector": [0, -1.245, 13.56]
						},
						"0.375": {
							"vector": [0, -0.125, 13.5625]
						},
						"1.0": {
							"vector": [0, -0.125, 13.5625]
						},
						"1.0833": {
							"vector": [0, -1.245, 13.56]
						},
						"1.125": {
							"vector": [0, -0.125, 13.5625]
						},
						"1.75": {
							"vector": [0, -0.125, 13.5625]
						},
						"1.8333": {
							"vector": [0, -1.245, 13.56]
						},
						"1.875": {
							"vector": [0, -0.125, 13.5625]
						},
						"2.5": {
							"vector": [0, -0.125, 13.5625]
						},
						"2.5833": {
							"vector": [0, -1.245, 13.56]
						},
						"2.625": {
							"vector": [0, -0.125, 13.5625]
						}
					}
				},
				"Bolt": {
					"position": {
						"vector": [0, 0, 11.5]
					}
				},
				"Bolt1": {
					"rotation": {
						"vector": [0, 0, 90]
					},
					"position": {
						"vector": [0, 0, 0]
					}
				},
				"leftarm": {
					"rotation": {
						"0.0": {
							"vector": [-21.04977, -17.9353, -2.23956]
						},
						"0.25": {
							"vector": [-21.05, -17.94, -2.24]
						},
						"0.3333": {
							"vector": [-16.16384, -17.79353, -4.70157]
						},
						"0.5417": {
							"vector": [-17.30184, -14.49424, -3.13312]
						},
						"0.75": {
							"vector": [-21.04977, -17.9353, -2.23956]
						},
						"1.0": {
							"vector": [-21.05, -17.94, -2.24]
						},
						"1.0833": {
							"vector": [-16.16384, -17.79353, -4.70157]
						},
						"1.2917": {
							"vector": [-17.30184, -14.49424, -3.13312]
						},
						"1.5": {
							"vector": [-21.04977, -17.9353, -2.23956]
						},
						"1.75": {
							"vector": [-21.05, -17.94, -2.24]
						},
						"1.8333": {
							"vector": [-16.16384, -17.79353, -4.70157]
						},
						"2.0417": {
							"vector": [-17.30184, -14.49424, -3.13312]
						},
						"2.25": {
							"vector": [-21.04977, -17.9353, -2.23956]
						},
						"2.5": {
							"vector": [-21.05, -17.94, -2.24]
						},
						"2.5833": {
							"vector": [-16.16384, -17.79353, -4.70157]
						},
						"2.7917": {
							"vector": [-17.30184, -14.49424, -3.13312]
						},
						"3.0": {
							"vector": [-21.04977, -17.9353, -2.23956]
						}
					},
					"position": {
						"0.0": {
							"vector": [-0.31733, -6.92167, -0.21818]
						},
						"0.25": {
							"vector": [-0.32, -6.92, -0.22]
						},
						"0.75": {
							"vector": [-0.31733, -6.92167, -0.21818]
						},
						"1.0": {
							"vector": [-0.32, -6.92, -0.22]
						},
						"1.5": {
							"vector": [-0.31733, -6.92167, -0.21818]
						},
						"1.75": {
							"vector": [-0.32, -6.92, -0.22]
						},
						"2.25": {
							"vector": [-0.31733, -6.92167, -0.21818]
						},
						"2.5": {
							"vector": [-0.32, -6.92, -0.22]
						},
						"3.0": {
							"vector": [-0.31733, -6.92167, -0.21818]
						}
					}
				},
				"bullet2": {
					"position": {
						"0.0": {
							"vector": [-10.75, -11.0625, 18.5]
						},
						"0.125": {
							"vector": [-8.45, -0.315, 16.52]
						},
						"0.2083": {
							"vector": [-3.8525, 0.25, 14.44]
						},
						"0.25": {
							"vector": [-1.6325, 0.81, 12.3625]
						},
						"0.3333": {
							"vector": [0, -0.125, 13.5625]
						},
						"0.5": {
							"vector": [-0.005, -10.84, 16.03]
						},
						"0.6667": {
							"vector": [-10.75, -11.0625, 18.5]
						},
						"0.75": {
							"vector": [-10.75, -11.0625, 18.5]
						},
						"0.875": {
							"vector": [-8.45, -0.315, 16.52]
						},
						"0.9583": {
							"vector": [-3.8525, 0.25, 14.44]
						},
						"1.0": {
							"vector": [-1.6325, 0.81, 12.3625]
						},
						"1.0833": {
							"vector": [0, -0.125, 13.5625]
						},
						"1.25": {
							"vector": [-0.005, -10.84, 16.03]
						},
						"1.4167": {
							"vector": [-10.75, -11.0625, 18.5]
						},
						"1.5": {
							"vector": [-10.75, -11.0625, 18.5]
						},
						"1.625": {
							"vector": [-8.45, -0.315, 16.52]
						},
						"1.7083": {
							"vector": [-3.8525, 0.25, 14.44]
						},
						"1.75": {
							"vector": [-1.6325, 0.81, 12.3625]
						},
						"1.8333": {
							"vector": [0, -0.125, 13.5625]
						},
						"1.9167": {
							"vector": [0, -0.125, 13.5625]
						},
						"2.0833": {
							"vector": [-0.005, -10.84, 16.03]
						},
						"2.25": {
							"vector": [-10.75, -11.0625, 18.5]
						},
						"2.375": {
							"vector": [-8.45, -0.315, 16.52]
						},
						"2.4583": {
							"vector": [-3.8525, 0.25, 14.44]
						},
						"2.5": {
							"vector": [-1.6325, 0.81, 12.3625]
						},
						"2.5833": {
							"vector": [0, -0.125, 13.5625]
						}
					}
				},
				"bulletcasing": {
					"rotation": {
						"vector": [0, 0, 0]
					},
					"position": {
						"vector": [0, 0, 0]
					}
				}
			},
			"sound_effects": {
				"0.25": {
					"effect": "boltsingleload2"
				},
				"1.0": {
					"effect": "boltsingleload2"
				},
				"1.75": {
					"effect": "boltsingleload2"
				},
				"2.5": {
					"effect": "boltsingleload2"
				}
			}
		},
		"animation.model.loadclip": {
			"loop": "hold_on_last_frame",
			"animation_length": 1.75,
			"bones": {
				"main": {
					"rotation": {
						"0.0": {
							"vector": [-2.49, 0.55, -0.02]
						},
						"0.125": {
							"vector": [-2.52001, 0.38593, -3.76653]
						},
						"0.2917": {
							"vector": [-2.5116, 0.4409, -2.51771]
						},
						"0.6667": {
							"vector": [-4.59291, 0.35023, -10.01175]
						},
						"0.8333": {
							"vector": [-3.54, 0.45, -5.02]
						},
						"1.0": {
							"vector": [-4.98045, 0.33079, -5.03915]
						},
						"1.2083": {
							"vector": [-5.00923, 0.33069, -5.03453]
						},
						"1.4167": {
							"vector": [-1.79562, 0.36218, -4.31544]
						},
						"1.625": {
							"vector": [-2.5116, 0.4409, -2.51771]
						}
					},
					"position": {
						"0.0": {
							"vector": [-0.14, 0.36, 0.6275]
						},
						"0.2917": {
							"vector": [-0.14, 0.36, 0.63]
						},
						"0.6667": {
							"vector": [-0.14, -1.7025, 0.63]
						},
						"0.8333": {
							"vector": [-0.14, -0.67, 0.63]
						},
						"1.0": {
							"vector": [-0.14, -2.515, 0.6275]
						},
						"1.2083": {
							"vector": [-0.14, 0.36, 0.63]
						},
						"1.4167": {
							"vector": [-0.14, 0.735, 0.63]
						},
						"1.625": {
							"vector": [-0.14, 0.36, 0.63]
						}
					}
				},
				"Part1": {
					"rotation": {
						"vector": [0, 0, 90],
						"easing": "linear"
					},
					"position": {
						"vector": [-26.9, 24.6, 0]
					}
				},
				"rightarm": {
					"rotation": {
						"0.0": {
							"vector": [15.78988, -0.05588, -31.64581]
						},
						"0.6667": {
							"vector": [23.86002, 6.00034, -32.87554]
						},
						"0.9167": {
							"vector": [19.76185, 3.0813, -32.361]
						},
						"1.125": {
							"vector": [25.5909, 7.85735, -32.99456]
						},
						"1.2083": {
							"vector": [23.6774, 6.24047, -32.84508]
						},
						"1.625": {
							"vector": [15.78988, -0.05588, -31.64581]
						}
					},
					"position": {
						"0.0": {
							"vector": [-12, -3.4375, -6.125]
						},
						"0.125": {
							"vector": [-11.1875, 7.685, -7.245]
						},
						"0.2917": {
							"vector": [-7.815, 12.6275, -8.245]
						},
						"0.5": {
							"vector": [-2.435, 15.0675, -8.25]
						},
						"0.5833": {
							"vector": [1.1325, 15.07, -11]
						},
						"0.6667": {
							"vector": [1.13, 18.5075, -15.125]
						},
						"0.7917": {
							"vector": [1.13, 19.8225, -13.745]
						},
						"0.8333": {
							"vector": [-0.085, 19.34, -13.74]
						},
						"0.9167": {
							"vector": [-0.15, 15.2975, -14.365]
						},
						"1.125": {
							"vector": [-0.995, 11.2575, -13.74]
						},
						"1.2083": {
							"vector": [-1, 14.885, -10.115]
						},
						"1.2917": {
							"vector": [-0.1275, 15.7225, -9.58]
						},
						"1.375": {
							"vector": [-7.8775, 14.43, -9.04]
						},
						"1.4583": {
							"vector": [-10.62, 7.975, -3.68]
						},
						"1.625": {
							"vector": [-12, -3.4375, -6.125]
						}
					}
				},
				"bullet": {
					"position": {
						"0.7083": {
							"vector": [0, -1.1875, 13.5625]
						},
						"0.7917": {
							"vector": [0, -0.125, 13.5625]
						}
					}
				},
				"Bolt": {
					"position": {
						"vector": [0, 0, 11.5]
					}
				},
				"Bolt1": {
					"rotation": {
						"vector": [0, 0, 90]
					},
					"position": {
						"vector": [0, 0, 0]
					}
				},
				"leftarm": {
					"rotation": {
						"0.0": {
							"vector": [-21.04977, -17.9353, -2.23956]
						},
						"0.4167": {
							"vector": [-21.04977, -17.9353, -2.23956]
						},
						"0.625": {
							"vector": [-20.04502, -14.7309, -6.20753]
						},
						"0.875": {
							"vector": [-20.04502, -14.7309, -6.20753]
						},
						"1.0417": {
							"vector": [-15.04502, -14.7309, -6.20753]
						},
						"1.25": {
							"vector": [-21.04977, -17.9353, -2.23956]
						}
					},
					"position": {
						"0.0": {
							"vector": [-0.31733, -6.92167, -0.21818]
						},
						"0.4167": {
							"vector": [-0.31733, -6.92167, -0.21818]
						},
						"0.625": {
							"vector": [0.68, -6.92, -0.22]
						},
						"0.875": {
							"vector": [0.68, -6.92, -0.22]
						},
						"1.0417": {
							"vector": [-0.32, -7.6075, 1.155]
						},
						"1.25": {
							"vector": [-0.31733, -6.92167, -0.21818]
						}
					}
				},
				"Clip": {
					"rotation": {
						"0.0": {
							"vector": [0, 0, 0]
						},
						"0.9167": {
							"vector": [0, 0, 0]
						},
						"1.2083": {
							"vector": [0, 0, 0]
						},
						"1.2917": {
							"vector": [0, 0, 0]
						},
						"1.375": {
							"vector": [0, 0, 0]
						},
						"1.625": {
							"vector": [0.0146, 0.38314, -4.98524]
						},
						"1.75": {
							"vector": [0, 0, 0]
						}
					},
					"position": {
						"0.0": {
							"vector": [0, 7.8125, 0]
						},
						"0.9167": {
							"vector": [0, 7.8125, 0]
						},
						"1.2083": {
							"vector": [0, 7.81, 0]
						},
						"1.2917": {
							"vector": [0, 10.31, 0]
						},
						"1.375": {
							"vector": [-6.995, 8.89, 1.6225]
						},
						"1.4583": {
							"vector": [-9.855, 3.93, 6.0125]
						},
						"1.5417": {
							"vector": [-11.9675, -1.03, 5.785]
						},
						"1.625": {
							"vector": [-13.315, -8.065, 2.4425]
						},
						"1.7083": {
							"vector": [-13.31, -19.57, 2.44]
						},
						"1.75": {
							"vector": [-0.81, -19.57, 2.44]
						}
					}
				},
				"bullet3": {
					"rotation": {
						"0.6667": {
							"vector": [0, 0, 0]
						},
						"0.7917": {
							"vector": [-7.49255, -0.32726, -0.05062]
						}
					},
					"position": {
						"0.6667": {
							"vector": [0, 0, 0]
						},
						"0.7917": {
							"vector": [0, 0.6875, 0]
						}
					}
				},
				"ClipBullets": {
					"position": {
						"0.8333": {
							"vector": [0, 7.6875, 0]
						},
						"0.9167": {
							"vector": [0, 5.09, 0]
						},
						"1.125": {
							"vector": [0, 0, 0]
						}
					}
				},
				"bulletcasing": {
					"rotation": {
						"vector": [0, 0, 0]
					},
					"position": {
						"vector": [0, 0, 0]
					}
				},
				"StripperClip": {
					"rotation": {
						"0.0": {
							"vector": [0, 0, 0]
						},
						"0.2917": {
							"vector": [0.03609, 0.33149, -7.49249]
						},
						"0.5": {
							"vector": [0.02, 0.17, -3.75]
						},
						"0.5833": {
							"vector": [0, 0, 0]
						},
						"0.6667": {
							"vector": [0, 0, 0]
						},
						"1.2083": {
							"vector": [0, 0, 0]
						}
					},
					"position": {
						"0.0": {
							"vector": [-14.75, -16.1875, 2.75]
						},
						"0.125": {
							"vector": [-10.54, -4.4975, 1.96]
						},
						"0.2917": {
							"vector": [-6.32, 2.05, 1.18]
						},
						"0.5": {
							"vector": [-3.16, 3.28, 0.59]
						},
						"0.5833": {
							"vector": [0, 2.375, 0]
						},
						"0.6667": {
							"vector": [0, 0, 0]
						},
						"1.2083": {
							"vector": [0, 0, 0]
						}
					}
				}
			},
			"sound_effects": {
				"0.5417": {
					"effect": "mosin1891_stripperclip_place"
				},
				"0.8333": {
					"effect": "mosin1891_stripperclip_in"
				},
				"1.1667": {
					"effect": "mosin1891_stripperclip_eject"
				}
			}
		},
		"animation.model.finish": {
			"loop": "hold_on_last_frame",
			"animation_length": 0.75,
			"bones": {
				"main": {
					"rotation": {
						"0.0": {
							"vector": [-2.49, 0.55, -0.02]
						},
						"0.125": {
							"vector": [0.01012, 0.55035, 0.00401]
						},
						"0.2917": {
							"vector": [-2.49004, 0.3097, -0.01352]
						},
						"0.375": {
							"vector": [-1.49402, 0.18582, -5.00811]
						},
						"0.4583": {
							"vector": [-0.6, 0.07, -2]
						},
						"0.5833": {
							"vector": [0, 0, 0]
						}
					},
					"position": {
						"0.0": {
							"vector": [-0.14, 0.36, 0.6275]
						},
						"0.125": {
							"vector": [-0.15141, 0.35979, -0.55995]
						},
						"0.2083": {
							"vector": [-0.1284, 0.27985, -1.56497]
						},
						"0.2917": {
							"vector": [-0.09913, 0.19971, -2.80748]
						},
						"0.4583": {
							"vector": [-0.03, 0.06, -0.8]
						},
						"0.5833": {
							"vector": [0, 0, 0]
						}
					}
				},
				"Bolt": {
					"position": {
						"0.1667": {
							"vector": [0, 0, 11.5]
						},
						"0.3333": {
							"vector": [0, 0, 0]
						}
					}
				},
				"Bolt1": {
					"rotation": {
						"0.375": {
							"vector": [0, 0, 90]
						},
						"0.5417": {
							"vector": [0, 0, 0]
						}
					},
					"position": {
						"0.375": {
							"vector": [0, 0, 0]
						},
						"0.5417": {
							"vector": [0, 0, 0]
						}
					}
				},
				"rightarm": {
					"rotation": {
						"0.0": {
							"vector": [15.78988, -0.05588, -31.64581]
						},
						"0.1667": {
							"vector": [-1.62017, -17.81384, 3.84578]
						},
						"0.375": {
							"vector": [-2.73, 3.64, 6.52]
						},
						"0.4583": {
							"vector": [-5.46843, 7.28511, 13.04907]
						},
						"0.5": {
							"vector": [-7.51178, 8.07103, 0.79433]
						},
						"0.5417": {
							"vector": [0, 10, 0]
						},
						"0.5833": {
							"vector": [0, 10, 0]
						},
						"0.75": {
							"vector": [0, 0, 0]
						}
					},
					"position": {
						"0.0": {
							"vector": [-12, -3.4375, -6.125]
						},
						"0.1667": {
							"vector": [-7.46455, 13.03105, -5.93709]
						},
						"0.375": {
							"vector": [-3.51246, 12.97534, -14.62091]
						},
						"0.4167": {
							"vector": [-6.43083, 12.12402, -14.42219]
						},
						"0.4583": {
							"vector": [-8.98191, 10.48946, -14.41888]
						},
						"0.5": {
							"vector": [-7.34369, 6.72696, -14.97746]
						},
						"0.5417": {
							"vector": [-6.60711, 8.75746, -13.59582]
						},
						"0.5833": {
							"vector": [-6.29474, 4.48058, -7.16659]
						},
						"0.6667": {
							"vector": [-4.65, 1.115, -3.58]
						},
						"0.75": {
							"vector": [0, 0, 0]
						}
					}
				},
				"leftarm": {
					"rotation": {
						"0.0417": {
							"vector": [-21.04977, -17.9353, -2.23956]
						},
						"0.1667": {
							"vector": [-21.04977, -17.9353, -2.23956]
						},
						"0.5833": {
							"vector": [0, 0, 0]
						}
					},
					"position": {
						"0.0417": {
							"vector": [-0.31733, -6.92167, -0.21818]
						},
						"0.1667": {
							"vector": [-0.30298, -6.9344, -1.84307]
						},
						"0.5833": {
							"vector": [0, 0, 0]
						}
					}
				},
				"bullet": {
					"position": {
						"0.1667": {
							"vector": [0, -0.125, 13.5625]
						},
						"0.3333": {
							"vector": [0, -0.12, 2.6225]
						}
					}
				},
				"bullet2": {
					"rotation": {
						"vector": [0, 0, 0]
					},
					"position": {
						"vector": [0, 0, 0]
					}
				},
				"bulletcasing": {
					"rotation": {
						"vector": [0, 0, 0]
					},
					"position": {
						"vector": [0, 0, 0]
					}
				}
			},
			"sound_effects": {
				"0.125": {
					"effect": "mosin1891_boltfowards"
				}
			}
		},
		"animation.model.draw": {
			"loop": true,
			"animation_length": 1.2,
			"bones": {
				"main": {
					"rotation": {
						"0.0": {
							"vector": [32.09413, -54.38778, -8.29667]
						},
						"0.35": {
							"vector": [0.50518, -5.08075, 6.8716],
							"easing": "easeOutSine"
						},
						"0.5": {
							"vector": [0.32389, -0.60235, -2.1558],
							"easing": "linear"
						},
						"0.6": {
							"vector": [0, 0, 0],
							"easing": "linear"
						}
					},
					"position": {
						"0.0": {
							"vector": [0, -17.3, 0]
						},
						"0.25": {
							"vector": [-0.4, -2.525, -1.625],
							"easing": "linear"
						},
						"0.4": {
							"vector": [-0.05, 0, -2.49],
							"easing": "linear"
						},
						"0.55": {
							"vector": [0, 0, 0],
							"easing": "linear"
						}
					}
				},
				"leftarm": {
					"rotation": {
						"0.0": {
							"vector": [0, 0, 0]
						},
						"0.2": {
							"vector": [1, 0, -22]
						},
						"0.4": {
							"vector": [0, 0, 0]
						}
					},
					"position": {
						"0.0": {
							"vector": [0, 0, 0]
						},
						"0.2": {
							"vector": [3.53901, 3.6754, 5.59783]
						},
						"0.4": {
							"vector": [0, 0, 0]
						}
					}
				}
			},
			"sound_effects": {
				"0.0": {
					"effect": "trauma_equip"
				}
			}
		},
		"animation.model.inspect": {
			"loop": true,
			"animation_length": 4.2667,
			"bones": {
				"main": {
					"rotation": {
						"0.0": {
							"vector": [0, 0, 0]
						},
						"0.1667": {
							"vector": [-8.41746, -13.59608, -21.21259],
							"easing": "linear"
						},
						"0.3": {
							"vector": [-8.39812, -20.10111, -31.77688]
						},
						"0.4333": {
							"vector": [-9.55676, -20.88889, -28.55629]
						},
						"0.5333": {
							"vector": [-8.77652, -21.21647, -30.72851]
						},
						"0.7667": {
							"vector": [-9.4227, -20.94881, -28.93303]
						},
						"1.0": {
							"vector": [-3.1216, -20.98207, -46.44405]
						},
						"1.1333": {
							"vector": [-4.564, -20.73064, -42.44007]
						},
						"1.2333": {
							"vector": [-4.86325, -20.9153, -41.60203]
						},
						"1.3333": {
							"vector": [-4.58308, -20.97575, -42.38574]
						},
						"1.4667": {
							"vector": [-4.01131, -21.08802, -43.97908]
						},
						"1.6": {
							"vector": [-4.38767, -21.01662, -42.9316]
						},
						"1.7": {
							"vector": [-4.18847, -21.05622, -43.48691],
							"easing": "linear"
						},
						"2.0333": {
							"vector": [-16.91438, 5.38499, 54.40399],
							"easing": "linear"
						},
						"2.1667": {
							"vector": [-15.22513, 5.80082, 60.04554]
						},
						"2.3": {
							"vector": [-15.70981, 5.86025, 59.48558]
						},
						"2.4333": {
							"vector": [-15.93602, 7.03904, 62.69373]
						},
						"2.5667": {
							"vector": [-15.60896, 7.75082, 65.23442]
						},
						"2.7333": {
							"vector": [-15.71675, 7.52491, 64.42194]
						},
						"2.9": {
							"vector": [-15.56389, 7.84019, 65.55973]
						},
						"3.1": {
							"vector": [-15.61778, 7.73186, 65.16659]
						},
						"3.2667": {
							"vector": [-15.9801, 6.93689, 62.33342]
						},
						"3.4": {
							"vector": [-8.86998, 2.42135, 33.56191]
						},
						"3.5333": {
							"vector": [0, -1.75, -2.75]
						},
						"3.7": {
							"vector": [0, 0, 0]
						}
					},
					"position": {
						"0.0": {
							"vector": [0, 0, 0]
						},
						"0.3": {
							"vector": [-0.475, 1.475, -8.7]
						},
						"0.4": {
							"vector": [-0.195, 1, -7.7]
						},
						"0.5333": {
							"vector": [-0.03, 0.725, -7.7]
						},
						"0.7": {
							"vector": [0, 1.125, -7.7]
						},
						"0.9": {
							"vector": [0.125, 1.4, -8.275]
						},
						"1.2": {
							"vector": [-0.02, 1.475, -8]
						},
						"1.4": {
							"vector": [0.11, 1.425, -8.175]
						},
						"1.6667": {
							"vector": [0.275, 1.25, -7.975]
						},
						"1.8": {
							"vector": [-0.13, -1.19, -8.65]
						},
						"1.9667": {
							"vector": [-0.545, -1.325, -11.15]
						},
						"2.1333": {
							"vector": [-0.415, -1.395, -10.545]
						},
						"2.2667": {
							"vector": [-0.525, -1.455, -9.17]
						},
						"2.4": {
							"vector": [-0.49, -1.43, -9.85]
						},
						"2.5667": {
							"vector": [-0.455, -1.5, -9.24]
						},
						"2.7667": {
							"vector": [-0.53, -1.5, -9.27]
						},
						"3.0": {
							"vector": [-0.49, -1.41, -9.3]
						},
						"3.2333": {
							"vector": [-0.545, -1.325, -9.325]
						},
						"3.3667": {
							"vector": [-1.005, -0.61, -7.41]
						},
						"3.6333": {
							"vector": [0, 0, 0]
						}
					}
				},
				"leftarm": {
					"rotation": {
						"0.0": {
							"vector": [0, 0, 0]
						},
						"0.1667": {
							"vector": [0, 0, -2.5]
						},
						"1.7333": {
							"vector": [0, 0, -2.5]
						},
						"2.0333": {
							"vector": [-20, 0, -45]
						},
						"3.3": {
							"vector": [-20, 0, -45]
						},
						"3.5667": {
							"vector": [0, 0, 0]
						}
					},
					"position": {
						"0.0": {
							"vector": [0, 0, 0]
						},
						"0.1667": {
							"vector": [11.23986, -30.20851, 24.64864]
						},
						"1.7333": {
							"vector": [11.23986, -30.20851, 24.64864]
						},
						"2.0333": {
							"vector": [7.35, 6.25, 2.33]
						},
						"3.3": {
							"vector": [7.35, 6.25, 2.33]
						},
						"3.5667": {
							"vector": [0, 0, 0]
						}
					}
				}
			}
		},
		"animation.model.fire": {
			"loop": true,
			"animation_length": 1,
			"bones": {
				"main": {
					"rotation": {
						"0.0": {
							"vector": [0, 0, 0]
						},
						"0.0833": {
							"vector": [-8.70704, -2.00287, -6.82365]
						},
						"0.1667": {
							"vector": [-4.92074, -2.12162, -7.81848]
						},
						"0.25": {
							"vector": [-4.74028, -1.62322, 0.57363]
						},
						"0.375": {
							"vector": [-3.44584, -0.94265, 0.6289]
						},
						"0.4583": {
							"vector": [-2.34571, -1.11494, 6.6727]
						},
						"0.5417": {
							"vector": [-2.82745, -0.92926, 4.35413]
						},
						"0.5833": {
							"vector": [-2.36097, -0.02597, 6.36667]
						},
						"0.75": {
							"vector": [-2.33311, -0.30634, 3.92401]
						},
						"0.8333": {
							"vector": [-1.70472, -1.37749, 3.16024]
						},
						"0.9167": {
							"vector": [-1.24192, -1.11967, -1.13748]
						},
						"1.0": {
							"vector": [0, 0, 0]
						}
					},
					"position": {
						"0.0": {
							"vector": [0, 0, 0]
						},
						"0.0833": {
							"vector": [-0.375, -0.9, 6.575]
						},
						"0.25": {
							"vector": [-0.34, -0.65, 5.135]
						},
						"0.4167": {
							"vector": [-0.29, -0.305, 3.255]
						},
						"0.5": {
							"vector": [-0.22, -0.23, 2.98]
						},
						"0.5417": {
							"vector": [-0.22, -0.23, 5.33]
						},
						"0.7083": {
							"vector": [-0.18, -0.32, 3.7]
						},
						"0.8333": {
							"vector": [-0.65, -0.455, 1.855]
						},
						"0.9583": {
							"vector": [0, 0, 0]
						}
					}
				},
				"rightarm": {
					"rotation": {
						"0.0": {
							"vector": [0, 0, 0]
						},
						"0.0833": {
							"vector": [0, 10, 0]
						},
						"0.125": {
							"vector": [0, 10, 0]
						},
						"0.1667": {
							"vector": [-7.51178, 8.07103, 0.79433]
						},
						"0.2083": {
							"vector": [-5.46843, 7.28511, 13.04907]
						},
						"0.2917": {
							"vector": [-2.73, 3.64, 6.52]
						},
						"0.5": {
							"vector": [-1.62017, -17.81384, 3.84578]
						},
						"0.7083": {
							"vector": [-2.73, 3.64, 6.52]
						},
						"0.7917": {
							"vector": [-5.46843, 7.28511, 13.04907]
						},
						"0.8333": {
							"vector": [-7.51178, 8.07103, 0.79433]
						},
						"0.875": {
							"vector": [0, 10, 0]
						},
						"0.9167": {
							"vector": [0, 10, 0]
						},
						"1.0": {
							"vector": [0, 0, 0]
						}
					},
					"position": {
						"0.0": {
							"vector": [0, 0, 0]
						},
						"0.0833": {
							"vector": [-8.98151, 4.54309, -7.16922]
						},
						"0.125": {
							"vector": [-6.60711, 8.75746, -13.59582]
						},
						"0.1667": {
							"vector": [-7.34369, 6.72696, -14.97746]
						},
						"0.2083": {
							"vector": [-8.98191, 10.48946, -14.41888]
						},
						"0.25": {
							"vector": [-6.43083, 12.12402, -14.42219]
						},
						"0.2917": {
							"vector": [-3.51246, 12.97534, -14.62091]
						},
						"0.5": {
							"vector": [-7.46455, 13.03105, -5.93709]
						},
						"0.7083": {
							"vector": [-3.51246, 12.97534, -14.62091]
						},
						"0.75": {
							"vector": [-6.43083, 12.12402, -14.42219]
						},
						"0.7917": {
							"vector": [-8.98191, 10.48946, -14.41888]
						},
						"0.8333": {
							"vector": [-7.34369, 6.72696, -14.97746]
						},
						"0.875": {
							"vector": [-6.60711, 8.75746, -13.59582]
						},
						"0.9167": {
							"vector": [-8.98151, 4.54309, -7.16922]
						},
						"1.0": {
							"vector": [0, 0, 0]
						}
					}
				},
				"bullet": {
					"rotation": {
						"0.0": {
							"vector": [0, 0, 0]
						},
						"0.5": {
							"vector": [-2.5, 0, 0]
						},
						"0.5417": {
							"vector": [0, 0, 0]
						},
						"0.7083": {
							"vector": [0, 0, 0]
						}
					},
					"position": {
						"0.0": {
							"vector": [0, -0.125, 13.5625]
						},
						"0.375": {
							"vector": [0, -1, 11.625]
						},
						"0.5": {
							"vector": [0, -0.29907, 12.74893]
						},
						"0.5417": {
							"vector": [0.25, -0.0625, 11.1875],
							"easing": "easeInCubic"
						},
						"0.5833": {
							"vector": [0.25, -0.06, 8.8625]
						},
						"0.625": {
							"vector": [0.25, -0.06, 6.63]
						},
						"0.6667": {
							"vector": [0.25, -0.06, 4.3175]
						},
						"0.7083": {
							"vector": [0.25, -0.0625, 2.125],
							"easing": "easeInCubic"
						}
					}
				},
				"Bolt": {
					"position": {
						"0.2917": {
							"vector": [0, 0, 0]
						},
						"0.5": {
							"vector": [0, 0, 11.5]
						},
						"0.7083": {
							"vector": [0, 0, 0]
						}
					}
				},
				"leftarm": {
					"rotation": {
						"0.0": {
							"vector": [0, 0, 0]
						},
						"0.1667": {
							"vector": [0, 0, 0]
						},
						"0.25": {
							"vector": [-2.39444, 3.03311, -2.45687]
						},
						"0.75": {
							"vector": [-2.39444, 3.03311, -2.45687]
						},
						"0.875": {
							"vector": [0, 0, 0]
						}
					},
					"position": {
						"0.0": {
							"vector": [0, 0, 0]
						},
						"0.1667": {
							"vector": [0, 0, 0]
						},
						"0.25": {
							"vector": [1.725, 0, 0]
						},
						"0.75": {
							"vector": [1.725, 0, 0]
						},
						"0.875": {
							"vector": [0, 0, 0]
						}
					}
				},
				"Bolt1": {
					"rotation": {
						"0.1667": {
							"vector": [0, 0, 0]
						},
						"0.2917": {
							"vector": [0, 0, 90]
						},
						"0.7083": {
							"vector": [0, 0, 90]
						},
						"0.875": {
							"vector": [0, 0, 0]
						}
					},
					"position": {
						"0.1667": {
							"vector": [0, 0, 0]
						},
						"0.2917": {
							"vector": [0, 0, 0]
						},
						"0.7083": {
							"vector": [0, 0, 0]
						},
						"0.875": {
							"vector": [0, 0, 0]
						}
					}
				},
				"Bolt3": {
					"rotation": {
						"0.0": {
							"vector": [0, 0, 0]
						},
						"0.0833": {
							"vector": [0, 0, 0]
						},
						"0.1667": {
							"vector": [0, 0, 0]
						},
						"0.2083": {
							"vector": [0, 0, 0]
						}
					},
					"position": {
						"0.0": {
							"vector": [0, 0, 0]
						},
						"0.0833": {
							"vector": [0, 0, -0.625]
						},
						"0.1667": {
							"vector": [0, 0, -0.625]
						},
						"0.2083": {
							"vector": [0, 0, 0]
						}
					}
				},
				"bulletcasing": {
					"rotation": {
						"0.2917": {
							"vector": [0, 0, 0]
						},
						"0.4583": {
							"vector": [0, 0, 0]
						},
						"0.5": {
							"vector": [-23.2493, 8.58457, -11.88471]
						},
						"0.5833": {
							"vector": [-102.07903, 59.91821, -55.85825]
						},
						"0.6667": {
							"vector": [-91.12959, 16.97047, -43.67569]
						},
						"1.0": {
							"vector": [0, 0, 0]
						}
					},
					"position": {
						"0.2917": {
							"vector": [0, 0, 2.675]
						},
						"0.4583": {
							"vector": [0, 0, 11.1875]
						},
						"0.5": {
							"vector": [-2.9169, 6.41483, 14.42939]
						},
						"0.5417": {
							"vector": [-9.78, 12.73, 16.09]
						},
						"0.5833": {
							"vector": [-16.63805, 17.54175, 19.24931]
						},
						"0.6667": {
							"vector": [-50.22456, 25.22966, 36.08775]
						},
						"0.75": {
							"vector": [-76.55, 27.3875, 59.2175]
						},
						"0.8333": {
							"vector": [-115.42, -7.29, 82.525]
						},
						"1.0": {
							"vector": [-13.84956, -135.89534, 27.52525]
						}
					}
				}
			},
			"sound_effects": {
				"0.0833": {
					"effect": "mosin1891_boltactionwave1"
				}
			}
		}
	},
	"geckolib_format_version": 2
}