{
	"format_version": "1.8.0",
	"animations": {
		"animation.model.reloadempty": {
			"loop": "hold_on_last_frame",
			"animation_length": 2.2667,
			"blend_weight": "1",
			"bones": {
				"leftarm": {
					"rotation": {
						"0.0": {
							"vector": [0, 0, 0]
						},
						"0.2": {
							"vector": [5, 0, 0]
						},
						"0.2667": {
							"vector": [12.5, 0, 0]
						},
						"0.5667": {
							"vector": [60, 0, 0]
						},
						"0.8667": {
							"vector": [60, 0, 0]
						},
						"1.2667": {
							"vector": [12.5, 0, 0]
						},
						"1.3333": {
							"vector": [5, 0, 0]
						},
						"2.1": {
							"vector": [5, 0, 0]
						},
						"2.2333": {
							"vector": [0, 0, 0]
						}
					},
					"position": {
						"0.0": {
							"vector": [0, 0, 0]
						},
						"0.1333": {
							"vector": [2.73919, -2.78056, -3.15654]
						},
						"0.2": {
							"vector": [2.74495, -2.78217, -4.87276]
						},
						"0.2667": {
							"vector": [2.39222, -5.2845, -4.75875]
						},
						"0.5667": {
							"vector": [6.89111, -18.27251, 21.41307]
						},
						"0.8667": {
							"vector": [6.89111, -18.27251, 21.41307]
						},
						"1.2667": {
							"vector": [2.39222, -5.2845, -4.75875]
						},
						"1.3333": {
							"vector": [2.74495, -2.78217, -4.87276]
						},
						"1.4667": {
							"vector": [2.73919, -2.78056, -3.15654]
						},
						"2.1": {
							"vector": [2.73919, -2.78056, -3.15654]
						},
						"2.2333": {
							"vector": [0, 0, 0]
						}
					}
				},
				"rightarm": {
					"rotation": {
						"1.6333": {
							"vector": [0, 0, 0]
						},
						"1.8": {
							"vector": [0, 10, 0]
						},
						"1.9667": {
							"vector": [-3.54537, 0.98808, 5.60247]
						},
						"2.1333": {
							"vector": [0, 0, 0]
						}
					},
					"position": {
						"0.0": {
							"vector": [0, -0.25, -0.25]
						},
						"1.6333": {
							"vector": [0, -0.25, -0.25]
						},
						"1.7": {
							"vector": [-6.23552, -0.83908, -3.45013]
						},
						"1.8": {
							"vector": [-4.88684, 5.81941, -16.53517]
						},
						"1.9667": {
							"vector": [-7.80986, 6.14307, -10.85294]
						},
						"2.0667": {
							"vector": [-7.91614, 1.13789, -4.44405]
						},
						"2.1333": {
							"vector": [0, -0.25, -0.25]
						}
					}
				},
				"Bolt": {
					"position": {
						"1.8": {
							"vector": [0, 0, -9.25]
						},
						"1.9667": {
							"vector": [0, 0, 0]
						}
					}
				},
				"main": {
					"rotation": {
						"0.0": {
							"vector": [0, 0, 0]
						},
						"0.1": {
							"vector": [-5.99504, -0.25784, 1.54933]
						},
						"0.1667": {
							"vector": [-9.85108, -1.72794, -9.85108]
						},
						"0.2667": {
							"vector": [-0.03452, -1.08081, -2.37676]
						},
						"0.4": {
							"vector": [-7.41275, -1.73157, -7.33575]
						},
						"0.5333": {
							"vector": [-11.30041, -1.99118, -8.85374]
						},
						"0.8667": {
							"vector": [-3.51957, -2.64019, -12.64872]
						},
						"1.1": {
							"vector": [-1.57297, -3.0945, -15.30521]
						},
						"1.2667": {
							"vector": [-9.46826, -3.41901, -17.2027]
						},
						"1.3667": {
							"vector": [-14.13904, -4.3362, -22.12547]
						},
						"1.5": {
							"vector": [-9.47836, -3.52693, -17.17971]
						},
						"1.6667": {
							"vector": [-9.6787, 2.93638, 19.77855]
						},
						"1.8": {
							"vector": [-9.92694, 1.87248, 13.6176]
						},
						"1.9667": {
							"vector": [-12.43, 1.87, 13.62]
						},
						"2.0667": {
							"vector": [-9.92694, 1.87248, 13.6176]
						},
						"2.2667": {
							"vector": [0, 0, 0]
						}
					},
					"position": {
						"0.0": {
							"vector": [0, 0, 0]
						},
						"0.1667": {
							"vector": [-0.27133, 1.51538, 0.2672]
						},
						"0.2667": {
							"vector": [-0.27, 0.7075, 0.27]
						},
						"0.5667": {
							"vector": [-0.27, 1.585, 0.27]
						},
						"1.1": {
							"vector": [0.10169, 0.12145, 0.31015]
						},
						"1.3667": {
							"vector": [-0.55224, 2.47065, 0.42397]
						},
						"1.5": {
							"vector": [-0.19254, 1.35452, 0.22482]
						},
						"1.6667": {
							"vector": [-0.24054, 0.4928, 5.06753]
						},
						"1.8": {
							"vector": [-0.24, 1.0525, 5.07]
						},
						"1.9667": {
							"vector": [-0.49278, -0.28013, 7.13885]
						},
						"2.0667": {
							"vector": [-0.24, 1.0525, 5.07]
						},
						"2.2667": {
							"vector": [0, 0, 0]
						}
					}
				},
				"magazine2": {
					"rotation": {
						"0.2": {
							"vector": [0, 0, 0]
						},
						"0.2667": {
							"vector": [0, 0, 0]
						},
						"0.3": {
							"vector": [179.9999, -4.0625, -179.9999]
						},
						"0.5667": {
							"vector": [0, -42.5, 0]
						},
						"0.8667": {
							"vector": [0, -42.5, 0]
						},
						"1.2667": {
							"vector": [179.9999, -4.0625, -179.9999]
						},
						"1.3": {
							"vector": [0, 0, 0]
						},
						"1.3667": {
							"vector": [0, 0, 0]
						}
					},
					"position": {
						"0.2": {
							"vector": [0, 0, 0]
						},
						"0.2667": {
							"vector": [0, -3.48668, -0.30505]
						},
						"0.3": {
							"vector": [-0.005, -3.30835, 0.47961]
						},
						"0.5667": {
							"vector": [10, -20.5625, 20.5625]
						},
						"0.8667": {
							"vector": [10, -20.5625, 20.5625]
						},
						"1.2667": {
							"vector": [-0.005, -3.30835, 0.47961]
						},
						"1.3": {
							"vector": [0, -3.48668, -0.30505]
						},
						"1.3667": {
							"vector": [0, 0, 0]
						}
					}
				},
				"Bullet": {
					"rotation": {
						"0.0": {
							"vector": [0, 0, 0]
						},
						"0.8333": {
							"vector": [0, 0, 0]
						},
						"0.8667": {
							"vector": [0, 0, 0]
						}
					},
					"position": {
						"0.0": {
							"vector": [0.01777, -0.99785, 0.06306]
						},
						"0.8333": {
							"vector": [0.01777, -0.99785, 0.06306]
						},
						"0.8667": {
							"vector": [0, 0, 0]
						}
					}
				}
			},
			"sound_effects": {
				"0.2": {
					"effect": "ppshout"
				},
				"1.2333": {
					"effect": "ppshin"
				},
				"1.8": {
					"effect": "ppshpull"
				}
			}
		},
		"animation.model.reload": {
			"loop": "hold_on_last_frame",
			"animation_length": 1.7,
			"blend_weight": "1",
			"bones": {
				"leftarm": {
					"rotation": {
						"0.0": {
							"vector": [0, 0, 0]
						},
						"0.2": {
							"vector": [5, 0, 0]
						},
						"0.2667": {
							"vector": [12.5, 0, 0]
						},
						"0.5333": {
							"vector": [60, 0, 0]
						},
						"0.8667": {
							"vector": [60, 0, 0]
						},
						"1.2667": {
							"vector": [12.5, 0, 0]
						},
						"1.3333": {
							"vector": [5, 0, 0]
						},
						"1.5667": {
							"vector": [0, 0, 0]
						}
					},
					"position": {
						"0.0": {
							"vector": [0, 0, 0]
						},
						"0.1333": {
							"vector": [2.73919, -2.78056, -3.15654]
						},
						"0.2": {
							"vector": [2.74495, -2.78217, -4.87276]
						},
						"0.2667": {
							"vector": [2.39222, -5.2845, -4.75875]
						},
						"0.5333": {
							"vector": [6.89111, -18.27251, 21.41307]
						},
						"0.8667": {
							"vector": [6.89111, -18.27251, 21.41307]
						},
						"1.2667": {
							"vector": [2.39222, -5.2845, -4.75875]
						},
						"1.3333": {
							"vector": [2.74495, -2.78217, -4.87276]
						},
						"1.4667": {
							"vector": [2.73919, -2.78056, -3.15654]
						},
						"1.5667": {
							"vector": [0, 0, 0]
						}
					}
				},
				"rightarm": {
					"position": {
						"vector": [0, -0.25, -0.25]
					}
				},
				"main": {
					"rotation": {
						"0.0": {
							"vector": [0, 0, 0]
						},
						"0.1": {
							"vector": [-5.99504, -0.25784, 1.54933]
						},
						"0.1667": {
							"vector": [-9.85108, -1.72794, -9.85108]
						},
						"0.2667": {
							"vector": [-0.03452, -1.08081, -2.37676]
						},
						"0.4": {
							"vector": [-7.41275, -1.73157, -7.33575]
						},
						"0.5333": {
							"vector": [-11.30041, -1.99118, -8.85374]
						},
						"0.8667": {
							"vector": [-3.51957, -2.64019, -12.64872]
						},
						"1.1": {
							"vector": [-1.57297, -3.0945, -15.30521]
						},
						"1.2667": {
							"vector": [-9.46826, -3.41901, -17.2027]
						},
						"1.3667": {
							"vector": [-14.13904, -4.3362, -22.12547]
						},
						"1.5": {
							"vector": [-9.47836, -3.52693, -17.17971]
						},
						"1.6": {
							"vector": [-4.81137, -1.55531, -6.09749]
						},
						"1.7": {
							"vector": [0, 0, 0]
						}
					},
					"position": {
						"0.0": {
							"vector": [0, 0, 0]
						},
						"0.1667": {
							"vector": [-0.27133, 1.51538, 0.2672]
						},
						"0.2667": {
							"vector": [-0.27, 0.7075, 0.27]
						},
						"0.5667": {
							"vector": [-0.27, 1.585, 0.27]
						},
						"1.1": {
							"vector": [0.10169, 0.12145, 0.31015]
						},
						"1.3667": {
							"vector": [-0.55224, 2.47065, 0.42397]
						},
						"1.5": {
							"vector": [-0.19254, 1.35452, 0.22482]
						},
						"1.7": {
							"vector": [0, 0, 0]
						}
					}
				},
				"magazine2": {
					"rotation": {
						"0.2": {
							"vector": [0, 0, 0]
						},
						"0.2667": {
							"vector": [0, 0, 0]
						},
						"0.3": {
							"vector": [179.9999, -4.0625, -179.9999]
						},
						"0.5333": {
							"vector": [0, -42.5, 0]
						},
						"0.8667": {
							"vector": [0, -42.5, 0]
						},
						"1.2667": {
							"vector": [179.9999, -4.0625, -179.9999]
						},
						"1.3": {
							"vector": [0, 0, 0]
						},
						"1.3667": {
							"vector": [0, 0, 0]
						}
					},
					"position": {
						"0.2": {
							"vector": [0, 0, 0]
						},
						"0.2667": {
							"vector": [0, -3.48668, -0.30505]
						},
						"0.3": {
							"vector": [-0.005, -3.30835, 0.47961]
						},
						"0.5333": {
							"vector": [10, -20.5625, 20.5625]
						},
						"0.8667": {
							"vector": [10, -20.5625, 20.5625]
						},
						"1.2667": {
							"vector": [-0.005, -3.30835, 0.47961]
						},
						"1.3": {
							"vector": [0, -3.48668, -0.30505]
						},
						"1.3667": {
							"vector": [0, 0, 0]
						}
					}
				}
			},
			"sound_effects": {
				"0.2": {
					"effect": "ppshout"
				},
				"1.2333": {
					"effect": "ppshin"
				}
			}
		},
		"animation.model.draw": {
			"loop": true,
			"animation_length": 1.2,
			"bones": {
				"main": {
					"rotation": {
						"0.0": {
							"vector": [32.09413, -54.38778, -8.29667]
						},
						"0.35": {
							"vector": [0.50518, -5.08075, 6.8716],
							"easing": "easeOutSine"
						},
						"0.5": {
							"vector": [0.32389, -0.60235, -2.1558],
							"easing": "linear"
						},
						"0.6": {
							"vector": [0, 0, 0],
							"easing": "linear"
						}
					},
					"position": {
						"0.0": {
							"vector": [0, -17.3, 0]
						},
						"0.25": {
							"vector": [-0.4, -2.525, -1.625],
							"easing": "linear"
						},
						"0.4": {
							"vector": [-0.05, 0, -2.49],
							"easing": "linear"
						},
						"0.55": {
							"vector": [0, 0, 0],
							"easing": "linear"
						}
					}
				},
				"leftarm": {
					"rotation": {
						"0.0": {
							"vector": [0, 0, 0]
						},
						"0.2": {
							"vector": [1, 0, -22]
						},
						"0.4": {
							"vector": [0, 0, 0]
						}
					},
					"position": {
						"0.0": {
							"vector": [0, 0, 0]
						},
						"0.2": {
							"vector": [3.53901, 3.6754, 5.59783]
						},
						"0.4": {
							"vector": [0, 0, 0]
						}
					}
				}
			},
			"sound_effects": {
				"0.0": {
					"effect": "trauma_equip"
				}
			}
		},
		"animation.model.inspect": {
			"loop": true,
			"animation_length": 4.2667,
			"bones": {
				"main": {
					"rotation": {
						"0.0": {
							"vector": [0, 0, 0]
						},
						"0.1667": {
							"vector": [-8.41746, -13.59608, -21.21259],
							"easing": "linear"
						},
						"0.3": {
							"vector": [-8.39812, -20.10111, -31.77688]
						},
						"0.4333": {
							"vector": [-9.55676, -20.88889, -28.55629]
						},
						"0.5333": {
							"vector": [-8.77652, -21.21647, -30.72851]
						},
						"0.7667": {
							"vector": [-9.4227, -20.94881, -28.93303]
						},
						"1.0": {
							"vector": [-3.1216, -20.98207, -46.44405]
						},
						"1.1333": {
							"vector": [-4.564, -20.73064, -42.44007]
						},
						"1.2333": {
							"vector": [-4.86325, -20.9153, -41.60203]
						},
						"1.3333": {
							"vector": [-4.58308, -20.97575, -42.38574]
						},
						"1.4667": {
							"vector": [-4.01131, -21.08802, -43.97908]
						},
						"1.6": {
							"vector": [-4.38767, -21.01662, -42.9316]
						},
						"1.7": {
							"vector": [-4.18847, -21.05622, -43.48691],
							"easing": "linear"
						},
						"2.0333": {
							"vector": [-16.91438, 5.38499, 54.40399],
							"easing": "linear"
						},
						"2.1667": {
							"vector": [-15.22513, 5.80082, 60.04554]
						},
						"2.3": {
							"vector": [-15.70981, 5.86025, 59.48558]
						},
						"2.4333": {
							"vector": [-15.93602, 7.03904, 62.69373]
						},
						"2.5667": {
							"vector": [-15.60896, 7.75082, 65.23442]
						},
						"2.7333": {
							"vector": [-15.71675, 7.52491, 64.42194]
						},
						"2.9": {
							"vector": [-15.56389, 7.84019, 65.55973]
						},
						"3.1": {
							"vector": [-15.61778, 7.73186, 65.16659]
						},
						"3.2667": {
							"vector": [-15.9801, 6.93689, 62.33342]
						},
						"3.4": {
							"vector": [-8.86998, 2.42135, 33.56191]
						},
						"3.5333": {
							"vector": [0, -1.75, -2.75]
						},
						"3.7": {
							"vector": [0, 0, 0]
						}
					},
					"position": {
						"0.0": {
							"vector": [0, 0, 0]
						},
						"0.3": {
							"vector": [-0.475, 1.475, -8.7]
						},
						"0.4": {
							"vector": [-0.195, 1, -7.7]
						},
						"0.5333": {
							"vector": [-0.03, 0.725, -7.7]
						},
						"0.7": {
							"vector": [0, 1.125, -7.7]
						},
						"0.9": {
							"vector": [0.125, 1.4, -8.275]
						},
						"1.2": {
							"vector": [-0.02, 1.475, -8]
						},
						"1.4": {
							"vector": [0.11, 1.425, -8.175]
						},
						"1.6667": {
							"vector": [0.275, 1.25, -7.975]
						},
						"1.8": {
							"vector": [-0.13, -1.19, -8.65]
						},
						"1.9667": {
							"vector": [-0.545, -1.325, -11.15]
						},
						"2.1333": {
							"vector": [-0.415, -1.395, -10.545]
						},
						"2.2667": {
							"vector": [-0.525, -1.455, -9.17]
						},
						"2.4": {
							"vector": [-0.49, -1.43, -9.85]
						},
						"2.5667": {
							"vector": [-0.455, -1.5, -9.24]
						},
						"2.7667": {
							"vector": [-0.53, -1.5, -9.27]
						},
						"3.0": {
							"vector": [-0.49, -1.41, -9.3]
						},
						"3.2333": {
							"vector": [-0.545, -1.325, -9.325]
						},
						"3.3667": {
							"vector": [-1.005, -0.61, -7.41]
						},
						"3.6333": {
							"vector": [0, 0, 0]
						}
					}
				},
				"leftarm": {
					"rotation": {
						"0.0": {
							"vector": [0, 0, 0]
						},
						"0.1667": {
							"vector": [0, 0, -2.5]
						},
						"1.7333": {
							"vector": [0, 0, -2.5]
						},
						"2.0333": {
							"vector": [-20, 0, -45]
						},
						"3.3": {
							"vector": [-20, 0, -45]
						},
						"3.5667": {
							"vector": [0, 0, 0]
						}
					},
					"position": {
						"0.0": {
							"vector": [0, 0, 0]
						},
						"0.1667": {
							"vector": [11.23986, -30.20851, 24.64864]
						},
						"1.7333": {
							"vector": [11.23986, -30.20851, 24.64864]
						},
						"2.0333": {
							"vector": [7.35, 6.25, 2.33]
						},
						"3.3": {
							"vector": [7.35, 6.25, 2.33]
						},
						"3.5667": {
							"vector": [0, 0, 0]
						}
					}
				}
			}
		},
		"animation.model.fire": {
			"loop": true,
			"animation_length": 0.0417,
			"bones": {
				"Bolt": {
					"rotation": {
						"0.0": {
							"vector": [0, 0, 0]
						},
						"0.0417": {
							"vector": [0, 0, 0]
						}
					},
					"position": {
						"0.0": {
							"vector": [0, 0, 0]
						},
						"0.0417": {
							"vector": [0, 0, -8]
						}
					}
				}
			}
		}
	},
	"geckolib_format_version": 2
}