{
	"format_version": "1.8.0",
	"animations": {
		"animation.model.reloadempty": {
			"loop": "hold_on_last_frame",
			"animation_length": 2.2917,
			"bones": {
				"magazine": {
					"rotation": {
						"0.2917": {
							"vector": [0, 0, 0]
						},
						"0.4167": {
							"vector": [-57.5, 0, 0]
						},
						"1.4583": {
							"vector": [-57.5, 0, 0]
						},
						"1.5833": {
							"vector": [0, 0, 0]
						}
					},
					"position": {
						"0.2917": {
							"vector": [0, 0, 0]
						},
						"0.4167": {
							"vector": [0, 0, 0]
						},
						"1.4583": {
							"vector": [0, 0, 0]
						},
						"1.5833": {
							"vector": [0, 0, 0]
						}
					}
				},
				"MagazinePart": {
					"rotation": {
						"0.2917": {
							"vector": [0, 0, 0]
						},
						"0.3333": {
							"vector": [-8.33, 0, 0]
						},
						"0.375": {
							"vector": [-11.67, 0, 0]
						},
						"0.4167": {
							"vector": [-10, 0, 0]
						}
					},
					"position": {
						"0.2917": {
							"vector": [0, 0, 0]
						},
						"0.4167": {
							"vector": [0, 0, 0]
						}
					}
				},
				"main": {
					"rotation": {
						"0.0": {
							"vector": [0, 0, 0]
						},
						"0.0833": {
							"vector": [-3.40981, 3.60599, 20.89478]
						},
						"0.1667": {
							"vector": [-8.11328, 9.39261, 65.9641]
						},
						"0.25": {
							"vector": [-5.39289, 11.16485, 81.10235]
						},
						"0.5": {
							"vector": [-12.26, 10.06, 70.99]
						},
						"0.5833": {
							"vector": [-12.54291, 8.7056, 68.11506]
						},
						"0.6667": {
							"vector": [-10.19, 9.63, 68.49]
						},
						"0.8333": {
							"vector": [-11.12672, 11.95453, 68.31456]
						},
						"0.9583": {
							"vector": [-11.12672, 11.95453, 75.81456]
						},
						"1.0417": {
							"vector": [-11.13, 11.95, 75.81]
						},
						"1.0833": {
							"vector": [-11.13, 11.95, 75.81]
						},
						"1.1667": {
							"vector": [-11.13, 11.95, 75.81]
						},
						"1.25": {
							"vector": [-11.13, 11.95, 68.31]
						},
						"1.375": {
							"vector": [-11.13, 11.95, 75.81]
						},
						"1.4583": {
							"vector": [-8.64694, 12.55179, 76.33697]
						},
						"1.5833": {
							"vector": [-6.15552, 13.12873, 76.89441]
						},
						"1.7083": {
							"vector": [-11.13, 11.95, 75.81]
						},
						"1.8333": {
							"vector": [-6.15552, 13.12873, 76.89441]
						},
						"1.9167": {
							"vector": [-8.64694, 12.55179, 76.33697]
						},
						"2.0417": {
							"vector": [-11.13, 11.95, 75.81]
						},
						"2.2917": {
							"vector": [0, 0, 0]
						}
					},
					"position": {
						"0.0": {
							"vector": [0, 0, 0]
						},
						"0.0833": {
							"vector": [0, -2, -2.69]
						},
						"0.1667": {
							"vector": [0, -5, -2.69]
						},
						"0.25": {
							"vector": [0, -5, -2.69]
						},
						"0.3333": {
							"vector": [0, -5, -2.69]
						},
						"0.4167": {
							"vector": [0, -5, -2.69]
						},
						"0.5": {
							"vector": [0, -5, -2.69]
						},
						"0.5833": {
							"vector": [0, -5, -2.69]
						},
						"1.0417": {
							"vector": [0, -5, -2.69]
						},
						"1.0833": {
							"vector": [0.9375, -5, -2.69]
						},
						"1.1667": {
							"vector": [0, -5, -2.69]
						},
						"1.7083": {
							"vector": [0, -5, -2.69]
						},
						"1.8333": {
							"vector": [-0.14638, -5.67172, 1.72268]
						},
						"1.9167": {
							"vector": [0, -5, -2.69]
						},
						"2.0417": {
							"vector": [0, -5, -2.69]
						},
						"2.2917": {
							"vector": [0, 0, 0]
						}
					}
				},
				"Bolt": {
					"rotation": {
						"1.6667": {
							"vector": [0, 0, 0]
						},
						"1.8333": {
							"vector": [0, 0, 0]
						},
						"1.9167": {
							"vector": [0, 0, 0]
						}
					},
					"position": {
						"1.6667": {
							"vector": [0, 0, 0]
						},
						"1.8333": {
							"vector": [0, 0, 13.25]
						},
						"1.9167": {
							"vector": [0, 0, 0]
						}
					}
				},
				"clipfull": {
					"rotation": {
						"0.0": {
							"vector": [0, 0, 0]
						},
						"0.6667": {
							"vector": [0, 0, 0]
						},
						"0.7083": {
							"vector": [0, 0, 20]
						},
						"0.9167": {
							"vector": [-17.5, 0, 3.33]
						},
						"1.0417": {
							"vector": [-4.54314, -1.68811, -1.16473]
						},
						"1.125": {
							"vector": [0, 0, 0]
						}
					},
					"position": {
						"0.0": {
							"vector": [0, -3.1875, 41.9375]
						},
						"0.6667": {
							"vector": [0, -3.1875, 41.9375]
						},
						"0.7083": {
							"vector": [-24.9868, -26.3328, 38.76393]
						},
						"0.75": {
							"vector": [-21.73405, -25.57313, 32.23437]
						},
						"0.7917": {
							"vector": [-18.09615, -24.1295, 25.72655]
						},
						"0.8333": {
							"vector": [-14.05831, -21.72935, 19.23092]
						},
						"0.875": {
							"vector": [-9.68195, -18.29892, 12.7531]
						},
						"0.9167": {
							"vector": [-5.08613, -15.0974, 5.82496]
						},
						"1.0417": {
							"vector": [0.10009, -3.56315, -0.59894]
						},
						"1.125": {
							"vector": [0, 0, 0]
						}
					}
				},
				"rightarm": {
					"rotation": {
						"0.0": {
							"vector": [0, 0, 0]
						},
						"0.125": {
							"vector": [0, 0, 0]
						},
						"0.2917": {
							"vector": [6.40745, -3.80661, -55.51768]
						},
						"0.4167": {
							"vector": [6.62415, 13.61653, -57.14231]
						},
						"0.4583": {
							"vector": [6.62415, 13.61653, -57.14231]
						},
						"0.7083": {
							"vector": [6.62, 13.62, -57.14]
						},
						"0.9583": {
							"vector": [4.19364, 9.17049, -70.76189]
						},
						"1.125": {
							"vector": [3.81976, 21.33823, -67.93815]
						},
						"1.1667": {
							"vector": [3.81976, 21.33823, -67.93815]
						},
						"1.4583": {
							"vector": [6.62415, 13.61653, -57.14231]
						},
						"1.5833": {
							"vector": [6.40745, -3.80661, -55.51768]
						},
						"1.6667": {
							"vector": [6.41133, -0.06674, -70.04752]
						},
						"1.8333": {
							"vector": [5.23569, -19.42482, -74.53033]
						},
						"1.9583": {
							"vector": [0, 0, 0]
						}
					},
					"position": {
						"0.0": {
							"vector": [0, 0, 0]
						},
						"0.125": {
							"vector": [0, 0, 0]
						},
						"0.2083": {
							"vector": [-0.93835, -4.86079, -6.51866]
						},
						"0.2917": {
							"vector": [6.86813, -2.65404, -15.04498]
						},
						"0.4167": {
							"vector": [8.78342, -12.14931, -25.8351]
						},
						"0.4583": {
							"vector": [8.78342, -12.14931, -25.8351]
						},
						"0.7083": {
							"vector": [-11.62961, -22.42792, 24.5467]
						},
						"0.75": {
							"vector": [-9.9315, -21.43138, 18.93085]
						},
						"0.7917": {
							"vector": [-6.45875, -19.82914, 12.21998]
						},
						"0.8333": {
							"vector": [-3.29534, -16.83964, 7.20404]
						},
						"0.875": {
							"vector": [0.98081, -12.82466, 0.77518]
						},
						"0.9167": {
							"vector": [5.93121, -8.66795, -5.10297]
						},
						"0.9583": {
							"vector": [9.10077, -6.23157, -8.40546]
						},
						"1.0": {
							"vector": [9.95254, -3.02225, -11.08702]
						},
						"1.0417": {
							"vector": [11.91685, 0.06135, -14.65415]
						},
						"1.125": {
							"vector": [13.32366, 4.29895, -14.07509]
						},
						"1.1667": {
							"vector": [13.42859, 4.71941, -14.13518]
						},
						"1.25": {
							"vector": [11, -0.10738, -13.96031]
						},
						"1.375": {
							"vector": [9.3853, -4.25902, -15.35025]
						},
						"1.4583": {
							"vector": [8.78342, -12.14931, -25.8351]
						},
						"1.5833": {
							"vector": [6.86813, -2.65404, -15.04498]
						},
						"1.6667": {
							"vector": [3.73525, 8.65414, -11.44325]
						},
						"1.8333": {
							"vector": [2.93909, 4.32367, -1.1561]
						},
						"1.9583": {
							"vector": [0, 0, 0]
						}
					}
				},
				"leftarm": {
					"rotation": {
						"0.0": {
							"vector": [0, 0, 0]
						},
						"0.1667": {
							"vector": [-16.62924, -0.15499, -65.55103]
						},
						"0.25": {
							"vector": [-27.01527, -20.83039, -76.36553]
						},
						"0.375": {
							"vector": [-26.20288, -21.15885, -73.30637]
						},
						"0.5833": {
							"vector": [-26.33746, -20.96627, -74.18121]
						},
						"0.9167": {
							"vector": [-26.33746, -20.96627, -74.18121]
						},
						"1.125": {
							"vector": [-27.30345, -20.63404, -77.27404]
						},
						"2.0": {
							"vector": [-27.01527, -20.83039, -76.36553]
						},
						"2.0833": {
							"vector": [-16.62924, -0.15499, -65.55103]
						},
						"2.1667": {
							"vector": [-8.31, -0.08, -32.78]
						},
						"2.25": {
							"vector": [0, 0, 0]
						}
					},
					"position": {
						"0.0": {
							"vector": [0, 0, 0]
						},
						"0.0417": {
							"vector": [1.45125, 1.75662, 0.20227]
						},
						"0.0833": {
							"vector": [7.00712, 4.76719, -1.30357]
						},
						"0.125": {
							"vector": [5.80028, 12.76923, -3.55269]
						},
						"0.1667": {
							"vector": [3.58619, 17.28595, -5.7786]
						},
						"0.25": {
							"vector": [4.69388, 17.74785, -8.25031]
						},
						"0.375": {
							"vector": [4.69, 17.75, -8.25]
						},
						"0.5833": {
							"vector": [4.69, 17.75, -8.25]
						},
						"0.9167": {
							"vector": [4.69, 17.75, -8.25]
						},
						"1.125": {
							"vector": [4.57144, 17.77522, -8.28054]
						},
						"2.0": {
							"vector": [4.69388, 17.74785, -8.25031]
						},
						"2.0833": {
							"vector": [6.25384, 16.71862, -5.09161]
						},
						"2.1667": {
							"vector": [7.00712, 4.76719, -1.30357]
						},
						"2.25": {
							"vector": [0, 0, 0]
						}
					}
				},
				"clipempty": {
					"rotation": {
						"0.3333": {
							"vector": [0, 0, 0]
						},
						"0.375": {
							"vector": [0, 0, 0]
						},
						"0.4167": {
							"vector": [9.92425, 1.16999, -7.40869]
						},
						"0.5": {
							"vector": [27.18234, 12.93586, -24.47969]
						},
						"0.6667": {
							"vector": [0, 0, 0]
						}
					},
					"position": {
						"0.3333": {
							"vector": [0, 0, 0]
						},
						"0.375": {
							"vector": [0, -3.12452, -0.05454]
						},
						"0.5": {
							"vector": [13.3125, -25.90856, 9.36622]
						},
						"0.5833": {
							"vector": [8.30661, -21.09303, 29.53608]
						},
						"0.6667": {
							"vector": [0, -4.14348, 43.99689]
						}
					}
				}
			},
			"sound_effects": {
				"0.0": {
					"effect": "rsc_fullmagout"
				},
				"1.0417": {
					"effect": "rsc_fullmagin"
				},
				"1.6667": {
					"effect": "rsc_bolt_charge"
				}
			}
		},
		"animation.model.reload": {
			"loop": "hold_on_last_frame",
			"animation_length": 1.875,
			"bones": {
				"magazine": {
					"rotation": {
						"0.2917": {
							"vector": [0, 0, 0]
						},
						"0.4167": {
							"vector": [-57.5, 0, 0]
						},
						"1.4583": {
							"vector": [-57.5, 0, 0]
						},
						"1.5833": {
							"vector": [0, 0, 0]
						}
					},
					"position": {
						"0.2917": {
							"vector": [0, 0, 0]
						},
						"0.4167": {
							"vector": [0, 0, 0]
						},
						"1.4583": {
							"vector": [0, 0, 0]
						},
						"1.5833": {
							"vector": [0, 0, 0]
						}
					}
				},
				"MagazinePart": {
					"rotation": {
						"0.0": {
							"vector": [0, 0, 0]
						},
						"0.1667": {
							"vector": [-10, 0, 0]
						}
					},
					"position": {
						"0.0": {
							"vector": [0, 0, 0]
						},
						"0.1667": {
							"vector": [0, 0, 0]
						}
					}
				},
				"main": {
					"rotation": {
						"0.0": {
							"vector": [0, 0, 0]
						},
						"0.0833": {
							"vector": [-3.40981, 3.60599, 20.89478]
						},
						"0.1667": {
							"vector": [-8.11328, 9.39261, 65.9641]
						},
						"0.25": {
							"vector": [-5.39289, 11.16485, 81.10235]
						},
						"0.5": {
							"vector": [-12.26, 10.06, 70.99]
						},
						"0.5833": {
							"vector": [-12.54291, 8.7056, 68.11506]
						},
						"0.6667": {
							"vector": [-10.19, 9.63, 68.49]
						},
						"0.8333": {
							"vector": [-11.12672, 11.95453, 68.31456]
						},
						"0.9583": {
							"vector": [-11.12672, 11.95453, 75.81456]
						},
						"1.0417": {
							"vector": [-11.13, 11.95, 75.81]
						},
						"1.0833": {
							"vector": [-11.13, 11.95, 75.81]
						},
						"1.1667": {
							"vector": [-11.13, 11.95, 75.81]
						},
						"1.25": {
							"vector": [-11.13, 11.95, 68.31]
						},
						"1.375": {
							"vector": [-11.13, 11.95, 75.81]
						},
						"1.4583": {
							"vector": [-8.64694, 12.55179, 76.33697]
						},
						"1.5833": {
							"vector": [-6.15552, 13.12873, 76.89441]
						},
						"1.875": {
							"vector": [0, 0, 0]
						}
					},
					"position": {
						"0.0": {
							"vector": [0, 0, 0]
						},
						"0.0833": {
							"vector": [0, -2, -2.69]
						},
						"0.1667": {
							"vector": [0, -5, -2.69]
						},
						"0.25": {
							"vector": [0, -5, -2.69]
						},
						"0.3333": {
							"vector": [0, -5, -2.69]
						},
						"0.4167": {
							"vector": [0, -5, -2.69]
						},
						"0.5": {
							"vector": [0, -5, -2.69]
						},
						"0.5833": {
							"vector": [0, -5, -2.69]
						},
						"1.0417": {
							"vector": [0, -5, -2.69]
						},
						"1.0833": {
							"vector": [0.9375, -5, -2.69]
						},
						"1.1667": {
							"vector": [0, -5, -2.69]
						},
						"1.875": {
							"vector": [0, 0, 0]
						}
					}
				},
				"clipfull": {
					"rotation": {
						"0.0": {
							"vector": [0, 0, 0]
						},
						"0.6667": {
							"vector": [0, 0, 0]
						},
						"0.7083": {
							"vector": [0, 0, 20]
						},
						"0.9167": {
							"vector": [-17.5, 0, 3.33]
						},
						"1.0417": {
							"vector": [-4.54314, -1.68811, -1.16473]
						},
						"1.125": {
							"vector": [0, 0, 0]
						}
					},
					"position": {
						"0.0": {
							"vector": [0, -3.1875, 41.9375]
						},
						"0.6667": {
							"vector": [0, -3.1875, 41.9375]
						},
						"0.7083": {
							"vector": [-24.9868, -26.3328, 38.76393]
						},
						"0.75": {
							"vector": [-21.73405, -25.57313, 32.23437]
						},
						"0.7917": {
							"vector": [-18.09615, -24.1295, 25.72655]
						},
						"0.8333": {
							"vector": [-14.05831, -21.72935, 19.23092]
						},
						"0.875": {
							"vector": [-9.68195, -18.29892, 12.7531]
						},
						"0.9167": {
							"vector": [-5.08613, -15.0974, 5.82496]
						},
						"1.0417": {
							"vector": [0.10009, -3.56315, -0.59894]
						},
						"1.125": {
							"vector": [0, 0, 0]
						}
					}
				},
				"clipempty": {
					"rotation": {
						"0.3333": {
							"vector": [0, 0, 0]
						},
						"0.375": {
							"vector": [0, 0, 0]
						},
						"0.4167": {
							"vector": [9.92425, 1.16999, -7.40869]
						},
						"0.5": {
							"vector": [27.18234, 12.93586, -24.47969]
						},
						"0.6667": {
							"vector": [0, 0, 0]
						}
					},
					"position": {
						"0.3333": {
							"vector": [0, 0, 0]
						},
						"0.375": {
							"vector": [0, -3.12452, -0.05454]
						},
						"0.5": {
							"vector": [13.3125, -25.90856, 9.36622]
						},
						"0.5833": {
							"vector": [8.30661, -21.09303, 29.53608]
						},
						"0.6667": {
							"vector": [0, -4.14348, 43.99689]
						}
					}
				},
				"rightarm": {
					"rotation": {
						"0.0": {
							"vector": [0, 0, 0]
						},
						"0.125": {
							"vector": [0, 0, 0]
						},
						"0.2917": {
							"vector": [6.40745, -3.80661, -55.51768]
						},
						"0.4167": {
							"vector": [6.62415, 13.61653, -57.14231]
						},
						"0.4583": {
							"vector": [6.62415, 13.61653, -57.14231]
						},
						"0.7083": {
							"vector": [6.62, 13.62, -57.14]
						},
						"0.9583": {
							"vector": [4.19364, 9.17049, -70.76189]
						},
						"1.125": {
							"vector": [3.81976, 21.33823, -67.93815]
						},
						"1.1667": {
							"vector": [3.81976, 21.33823, -67.93815]
						},
						"1.4583": {
							"vector": [6.62415, 13.61653, -57.14231]
						},
						"1.5833": {
							"vector": [6.40745, -3.80661, -55.51768]
						}
					},
					"position": {
						"0.0": {
							"vector": [0, 0, 0]
						},
						"0.125": {
							"vector": [0, 0, 0]
						},
						"0.2083": {
							"vector": [-0.93835, -4.86079, -6.51866]
						},
						"0.2917": {
							"vector": [6.86813, -2.65404, -15.04498]
						},
						"0.4167": {
							"vector": [8.78342, -12.14931, -25.8351]
						},
						"0.4583": {
							"vector": [8.78342, -12.14931, -25.8351]
						},
						"0.7083": {
							"vector": [-11.62961, -22.42792, 24.5467]
						},
						"0.75": {
							"vector": [-9.9315, -21.43138, 18.93085]
						},
						"0.7917": {
							"vector": [-6.45875, -19.82914, 12.21998]
						},
						"0.8333": {
							"vector": [-3.29534, -16.83964, 7.20404]
						},
						"0.875": {
							"vector": [0.98081, -12.82466, 0.77518]
						},
						"0.9167": {
							"vector": [5.93121, -8.66795, -5.10297]
						},
						"0.9583": {
							"vector": [9.10077, -6.23157, -8.40546]
						},
						"1.0": {
							"vector": [9.95254, -3.02225, -11.08702]
						},
						"1.0417": {
							"vector": [11.91685, 0.06135, -14.65415]
						},
						"1.125": {
							"vector": [13.32366, 4.29895, -14.07509]
						},
						"1.1667": {
							"vector": [13.42859, 4.71941, -14.13518]
						},
						"1.25": {
							"vector": [11, -0.10738, -13.96031]
						},
						"1.375": {
							"vector": [9.3853, -4.25902, -15.35025]
						},
						"1.4583": {
							"vector": [8.78342, -12.14931, -25.8351]
						},
						"1.5833": {
							"vector": [6.86813, -2.65404, -15.04498]
						}
					}
				},
				"leftarm": {
					"rotation": {
						"0.0": {
							"vector": [0, 0, 0]
						},
						"0.1667": {
							"vector": [-16.62924, -0.15499, -65.55103]
						},
						"0.25": {
							"vector": [-27.01527, -20.83039, -76.36553]
						},
						"0.375": {
							"vector": [-26.20288, -21.15885, -73.30637]
						},
						"0.5833": {
							"vector": [-26.33746, -20.96627, -74.18121]
						},
						"0.9167": {
							"vector": [-26.33746, -20.96627, -74.18121]
						},
						"1.125": {
							"vector": [-27.30345, -20.63404, -77.27404]
						},
						"1.5417": {
							"vector": [-27.01527, -20.83039, -76.36553]
						},
						"1.625": {
							"vector": [-16.62924, -0.15499, -65.55103]
						},
						"1.7083": {
							"vector": [-8.31, -0.08, -32.78]
						},
						"1.7917": {
							"vector": [0, 0, 0]
						}
					},
					"position": {
						"0.0": {
							"vector": [0, 0, 0]
						},
						"0.0417": {
							"vector": [1.45125, 1.75662, 0.20227]
						},
						"0.0833": {
							"vector": [7.00712, 4.76719, -1.30357]
						},
						"0.125": {
							"vector": [5.80028, 12.76923, -3.55269]
						},
						"0.1667": {
							"vector": [3.58619, 17.28595, -5.7786]
						},
						"0.25": {
							"vector": [4.69388, 17.74785, -8.25031]
						},
						"0.375": {
							"vector": [4.69, 17.75, -8.25]
						},
						"0.5833": {
							"vector": [4.69, 17.75, -8.25]
						},
						"0.9167": {
							"vector": [4.69, 17.75, -8.25]
						},
						"1.125": {
							"vector": [4.57144, 17.77522, -8.28054]
						},
						"1.5417": {
							"vector": [4.69388, 17.74785, -8.25031]
						},
						"1.625": {
							"vector": [6.25384, 16.71862, -5.09161]
						},
						"1.7083": {
							"vector": [7.00712, 4.76719, -1.30357]
						},
						"1.7917": {
							"vector": [0, 0, 0]
						}
					}
				}
			},
			"sound_effects": {
				"0.0": {
					"effect": "rsc_emptymagout"
				},
				"1.0417": {
					"effect": "rsc_fullmagin"
				}
			}
		},
		"animation.model.draw": {
			"loop": true,
			"animation_length": 1.2,
			"bones": {
				"main": {
					"rotation": {
						"0.0": {
							"vector": [32.09413, -54.38778, -8.29667]
						},
						"0.35": {
							"vector": [0.50518, -5.08075, 6.8716],
							"easing": "easeOutSine"
						},
						"0.5": {
							"vector": [0.32389, -0.60235, -2.1558],
							"easing": "linear"
						},
						"0.6": {
							"vector": [0, 0, 0],
							"easing": "linear"
						}
					},
					"position": {
						"0.0": {
							"vector": [0, -17.3, 0]
						},
						"0.25": {
							"vector": [-0.4, -2.525, -1.625],
							"easing": "linear"
						},
						"0.4": {
							"vector": [-0.05, 0, -2.49],
							"easing": "linear"
						},
						"0.55": {
							"vector": [0, 0, 0],
							"easing": "linear"
						}
					}
				},
				"leftarm": {
					"rotation": {
						"0.0": {
							"vector": [0, 0, 0]
						},
						"0.2": {
							"vector": [1, 0, -22]
						},
						"0.4": {
							"vector": [0, 0, 0]
						}
					},
					"position": {
						"0.0": {
							"vector": [0, 0, 0]
						},
						"0.2": {
							"vector": [3.53901, 3.6754, 5.59783]
						},
						"0.4": {
							"vector": [0, 0, 0]
						}
					}
				}
			},
			"sound_effects": {
				"0.0": {
					"effect": "trauma_equip"
				}
			}
		},
		"animation.model.inspect": {
			"loop": true,
			"animation_length": 4.2667,
			"bones": {
				"main": {
					"rotation": {
						"0.0": {
							"vector": [0, 0, 0]
						},
						"0.1667": {
							"vector": [-8.41746, -13.59608, -21.21259],
							"easing": "linear"
						},
						"0.3": {
							"vector": [-8.39812, -20.10111, -31.77688]
						},
						"0.4333": {
							"vector": [-9.55676, -20.88889, -28.55629]
						},
						"0.5333": {
							"vector": [-8.77652, -21.21647, -30.72851]
						},
						"0.7667": {
							"vector": [-9.4227, -20.94881, -28.93303]
						},
						"1.0": {
							"vector": [-3.1216, -20.98207, -46.44405]
						},
						"1.1333": {
							"vector": [-4.564, -20.73064, -42.44007]
						},
						"1.2333": {
							"vector": [-4.86325, -20.9153, -41.60203]
						},
						"1.3333": {
							"vector": [-4.58308, -20.97575, -42.38574]
						},
						"1.4667": {
							"vector": [-4.01131, -21.08802, -43.97908]
						},
						"1.6": {
							"vector": [-4.38767, -21.01662, -42.9316]
						},
						"1.7": {
							"vector": [-4.18847, -21.05622, -43.48691],
							"easing": "linear"
						},
						"2.0333": {
							"vector": [-16.91438, 5.38499, 54.40399],
							"easing": "linear"
						},
						"2.1667": {
							"vector": [-15.22513, 5.80082, 60.04554]
						},
						"2.3": {
							"vector": [-15.70981, 5.86025, 59.48558]
						},
						"2.4333": {
							"vector": [-15.93602, 7.03904, 62.69373]
						},
						"2.5667": {
							"vector": [-15.60896, 7.75082, 65.23442]
						},
						"2.7333": {
							"vector": [-15.71675, 7.52491, 64.42194]
						},
						"2.9": {
							"vector": [-15.56389, 7.84019, 65.55973]
						},
						"3.1": {
							"vector": [-15.61778, 7.73186, 65.16659]
						},
						"3.2667": {
							"vector": [-15.9801, 6.93689, 62.33342]
						},
						"3.4": {
							"vector": [-8.86998, 2.42135, 33.56191]
						},
						"3.5333": {
							"vector": [0, -1.75, -2.75]
						},
						"3.7": {
							"vector": [0, 0, 0]
						}
					},
					"position": {
						"0.0": {
							"vector": [0, 0, 0]
						},
						"0.3": {
							"vector": [-0.475, 1.475, -8.7]
						},
						"0.4": {
							"vector": [-0.195, 1, -7.7]
						},
						"0.5333": {
							"vector": [-0.03, 0.725, -7.7]
						},
						"0.7": {
							"vector": [0, 1.125, -7.7]
						},
						"0.9": {
							"vector": [0.125, 1.4, -8.275]
						},
						"1.2": {
							"vector": [-0.02, 1.475, -8]
						},
						"1.4": {
							"vector": [0.11, 1.425, -8.175]
						},
						"1.6667": {
							"vector": [0.275, 1.25, -7.975]
						},
						"1.8": {
							"vector": [-0.13, -1.19, -8.65]
						},
						"1.9667": {
							"vector": [-0.545, -1.325, -11.15]
						},
						"2.1333": {
							"vector": [-0.415, -1.395, -10.545]
						},
						"2.2667": {
							"vector": [-0.525, -1.455, -9.17]
						},
						"2.4": {
							"vector": [-0.49, -1.43, -9.85]
						},
						"2.5667": {
							"vector": [-0.455, -1.5, -9.24]
						},
						"2.7667": {
							"vector": [-0.53, -1.5, -9.27]
						},
						"3.0": {
							"vector": [-0.49, -1.41, -9.3]
						},
						"3.2333": {
							"vector": [-0.545, -1.325, -9.325]
						},
						"3.3667": {
							"vector": [-1.005, -0.61, -7.41]
						},
						"3.6333": {
							"vector": [0, 0, 0]
						}
					}
				},
				"leftarm": {
					"rotation": {
						"0.0": {
							"vector": [0, 0, 0]
						},
						"0.1667": {
							"vector": [0, 0, -2.5]
						},
						"1.7333": {
							"vector": [0, 0, -2.5]
						},
						"2.0333": {
							"vector": [-20, 0, -45]
						},
						"3.3": {
							"vector": [-20, 0, -45]
						},
						"3.5667": {
							"vector": [0, 0, 0]
						}
					},
					"position": {
						"0.0": {
							"vector": [0, 0, 0]
						},
						"0.1667": {
							"vector": [11.23986, -30.20851, 24.64864]
						},
						"1.7333": {
							"vector": [11.23986, -30.20851, 24.64864]
						},
						"2.0333": {
							"vector": [7.35, 6.25, 2.33]
						},
						"3.3": {
							"vector": [7.35, 6.25, 2.33]
						},
						"3.5667": {
							"vector": [0, 0, 0]
						}
					}
				}
			}
		},
		"animation.model.fire": {
			"animation_length": 0.25,
			"bones": {
				"main": {
					"rotation": {
						"0.0": {
							"vector": [0, 0, 0]
						},
						"0.0833": {
							"vector": [-3.70704, -2.00287, -6.82365]
						},
						"0.1667": {
							"vector": [-4.74028, -1.62322, 0.57363]
						},
						"0.25": {
							"vector": [0, 0, 0]
						}
					},
					"position": {
						"0.0": {
							"vector": [0, 0, 0]
						},
						"0.0833": {
							"vector": [-0.375, -0.9, 6.575]
						},
						"0.1667": {
							"vector": [-0.34, -0.65, 5.135]
						},
						"0.25": {
							"vector": [0, 0, 0]
						}
					}
				},
				"Bolt": {
					"rotation": {
						"0.0": {
							"vector": [0, 0, 0]
						},
						"0.0833": {
							"vector": [0, 0, 0]
						},
						"0.25": {
							"vector": [0, 0, 0]
						}
					},
					"position": {
						"0.0": {
							"vector": [0, 0, 0]
						},
						"0.0833": {
							"vector": [0, 0, 13.25]
						},
						"0.25": {
							"vector": [0, 0, 0]
						}
					}
				},
				"leftarm": {
					"rotation": {
						"0.0": {
							"vector": [0, 0, 0]
						},
						"0.0833": {
							"vector": [-2.39444, 3.03311, -2.45687]
						},
						"0.1667": {
							"vector": [-2.39444, 3.03311, -2.45687]
						},
						"0.25": {
							"vector": [0, 0, 0]
						}
					},
					"position": {
						"0.0": {
							"vector": [0, 0, 0]
						},
						"0.0833": {
							"vector": [1.725, 0, 0]
						},
						"0.1667": {
							"vector": [1.725, 0, 0]
						},
						"0.25": {
							"vector": [0, 0, 0]
						}
					}
				}
			}
		}
	},
	"geckolib_format_version": 2
}