{
	"format_version": "1.8.0",
	"animations": {
		"animation.model.prepare": {
			"animation_length": 1.25,
			"bones": {
				"main": {
					"rotation": {
						"0.0": {
							"vector": [0, 0, 0]
						},
						"0.2083": {
							"vector": [-5.58, -1.54, 0]
						},
						"0.5417": {
							"vector": [-5.36856, -4.08419, 10.19938]
						},
						"0.7917": {
							"vector": [-7.68472, -19.93989, 0.57543]
						},
						"1.0": {
							"vector": [-19.56151, -14.63599, 17.205]
						},
						"1.25": {
							"vector": [-29.90184, -14.527, 32.67604]
						}
					},
					"position": {
						"0.0": {
							"vector": [0, 0, 0]
						},
						"0.2083": {
							"vector": [0, 0, 1.15]
						},
						"0.5417": {
							"vector": [0, 0, 3]
						},
						"0.7917": {
							"vector": [0, 0, 3]
						},
						"1.0": {
							"vector": [0, 0, 3]
						},
						"1.25": {
							"vector": [0, 0, 3]
						}
					}
				},
				"Part1": {
					"rotation": {
						"0.2917": {
							"vector": [0, 0, 0]
						},
						"0.375": {
							"vector": [0, 0, 7]
						},
						"0.4583": {
							"vector": [0, 0, 14]
						},
						"0.5": {
							"vector": [0, 0, 21]
						},
						"0.5417": {
							"vector": [0, 0, 28]
						},
						"0.5833": {
							"vector": [0, 0, 35]
						},
						"0.625": {
							"vector": [0, 0, 42]
						},
						"0.6667": {
							"vector": [0, 0, 62]
						},
						"0.7083": {
							"vector": [0, 0, 76]
						},
						"0.75": {
							"vector": [0, 0, 90]
						}
					},
					"position": {
						"0.2917": {
							"vector": [-0.25, 0, 0]
						},
						"0.375": {
							"vector": [-3.25, 0, 0]
						},
						"0.4583": {
							"vector": [-6.5, 0.5, 0]
						},
						"0.5": {
							"vector": [-9.3, 1.48, 0]
						},
						"0.5417": {
							"vector": [-12.1, 2.6, 0]
						},
						"0.5833": {
							"vector": [-15, 4.1, 0]
						},
						"0.625": {
							"vector": [-17.5, 5.6, 0]
						},
						"0.6667": {
							"vector": [-23.6, 12.6, 0]
						},
						"0.7083": {
							"vector": [-26, 18.6, 0]
						},
						"0.75": {
							"vector": [-26.9, 24.6, 0]
						}
					}
				},
				"rightarm": {
					"rotation": {
						"0.5833": {
							"vector": [0, 0, 0]
						},
						"0.6667": {
							"vector": [0, 10, 0]
						},
						"0.7083": {
							"vector": [0, 10, 0]
						},
						"0.75": {
							"vector": [-7.51178, 8.07103, 0.79433]
						},
						"0.7917": {
							"vector": [-5.46843, 7.28511, 13.04907]
						},
						"0.875": {
							"vector": [-2.73, 3.64, 6.52]
						},
						"1.0833": {
							"vector": [-1.62017, -17.81384, 3.84578]
						},
						"1.25": {
							"vector": [8.35989, -0.21, 1.67]
						}
					},
					"position": {
						"0.5833": {
							"vector": [0, 0, 0]
						},
						"0.6667": {
							"vector": [-8.91956, 4.43011, -1.1706]
						},
						"0.7083": {
							"vector": [-8.25482, 8.82608, -7.94043]
						},
						"0.75": {
							"vector": [-7.33, 9.59, -9.615]
						},
						"0.7917": {
							"vector": [-8.06, 11.81, -9.265]
						},
						"0.8333": {
							"vector": [-6.47, 13.585, -9.51]
						},
						"0.875": {
							"vector": [-2.8, 15.03, -9.215]
						},
						"1.0833": {
							"vector": [-6.12923, 14.34261, 1.63556]
						},
						"1.25": {
							"vector": [-12, 10, 17]
						}
					}
				},
				"Bolt": {
					"position": {
						"0.875": {
							"vector": [0, 0, 0]
						},
						"1.0833": {
							"vector": [0.05284, 0.1257, 13.62176]
						}
					}
				},
				"Bolt1": {
					"rotation": {
						"0.7083": {
							"vector": [0, 0, 0]
						},
						"0.875": {
							"vector": [-0.98185, 1.10247, 90.34078]
						}
					},
					"position": {
						"0.7083": {
							"vector": [0, 0, 0]
						},
						"0.75": {
							"vector": [-0.07755, 0.04021, -0.0026]
						},
						"0.7917": {
							"vector": [0.03683, 0.07537, -0.13037]
						},
						"0.8333": {
							"vector": [0.16469, -0.01372, -0.31009]
						},
						"0.875": {
							"vector": [0.09962, -0.02921, -0.10804]
						}
					}
				},
				"leftarm": {
					"rotation": {
						"0.0": {
							"vector": [0, 0, 0]
						},
						"0.2083": {
							"vector": [0, 0, -12.5]
						},
						"0.5417": {
							"vector": [0, 0, -27.5]
						},
						"0.875": {
							"vector": [0, 0, -22.5]
						},
						"1.2083": {
							"vector": [0, 0, -30]
						}
					},
					"position": {
						"0.0": {
							"vector": [0, 0, 0]
						},
						"0.2083": {
							"vector": [1.2331, 1.12104, 7.05041]
						},
						"0.5417": {
							"vector": [3.9175, 5.12, 7.05]
						},
						"0.875": {
							"vector": [3.2956, 3.37104, 4.61291]
						},
						"1.2083": {
							"vector": [4.4831, 6.05854, 4.61291]
						}
					}
				},
				"gun": {
					"rotation": {
						"vector": [0, 0, 0]
					},
					"position": {
						"vector": [0, 0, 0]
					}
				},
				"bullet2": {
					"rotation": {
						"0.0": {
							"vector": [2.5, 0, 0]
						},
						"1.0417": {
							"vector": [2.5, 0, 0]
						}
					},
					"position": {
						"0.0": {
							"vector": [0, -0.93363, 11.40454]
						},
						"1.0417": {
							"vector": [0, -0.93363, 11.40454]
						},
						"1.125": {
							"vector": [0, 0.12952, 11.35819]
						}
					}
				},
				"bullet": {
					"rotation": {
						"0.0": {
							"vector": [0, 0, 0]
						},
						"1.0417": {
							"vector": [0, 0, 0]
						},
						"1.0833": {
							"vector": [-17.5, 15, 0]
						},
						"1.1667": {
							"vector": [-43.36346, 12.6423, -21.90465]
						},
						"1.25": {
							"vector": [-83.36, 12.64, -21.9]
						}
					},
					"position": {
						"0.0": {
							"vector": [0, 0.005, 1.5]
						},
						"0.9167": {
							"vector": [0, 0.005, 1.5]
						},
						"1.0417": {
							"vector": [0, 0.07, 10.0625]
						},
						"1.0833": {
							"vector": [-4.2739, 5.8345, 11.0162]
						},
						"1.1667": {
							"vector": [-11.83822, 22.93654, 20.11998]
						},
						"1.25": {
							"vector": [-25.88343, 39.09497, 25.55863]
						}
					}
				}
			},
			"sound_effects": {
				"0.5": {
					"effect": "type38_boltback"
				}
			}
		},
		"animation.model.preparealt": {
			"animation_length": 1.25,
			"bones": {
				"main": {
					"rotation": {
						"0.0": {
							"vector": [0, 0, 0]
						},
						"0.2083": {
							"vector": [-5.58, -1.54, 0]
						},
						"0.5417": {
							"vector": [-5.36856, -4.08419, 10.19938]
						},
						"0.7917": {
							"vector": [-7.68472, -19.93989, 0.57543]
						},
						"1.0": {
							"vector": [-19.56151, -14.63599, 17.205]
						},
						"1.25": {
							"vector": [-29.90184, -14.527, 32.67604]
						}
					},
					"position": {
						"0.0": {
							"vector": [0, 0, 0]
						},
						"0.2083": {
							"vector": [0, 0, 1.15]
						},
						"0.5417": {
							"vector": [0, 0, 3]
						},
						"0.7917": {
							"vector": [0, 0, 3]
						},
						"1.0": {
							"vector": [0, 0, 3]
						},
						"1.25": {
							"vector": [0, 0, 3]
						}
					}
				},
				"Part1": {
					"rotation": {
						"0.2917": {
							"vector": [0, 0, 0]
						},
						"0.375": {
							"vector": [0, 0, 7]
						},
						"0.4583": {
							"vector": [0, 0, 14]
						},
						"0.5": {
							"vector": [0, 0, 21]
						},
						"0.5417": {
							"vector": [0, 0, 28]
						},
						"0.5833": {
							"vector": [0, 0, 35]
						},
						"0.625": {
							"vector": [0, 0, 42]
						},
						"0.6667": {
							"vector": [0, 0, 62]
						},
						"0.7083": {
							"vector": [0, 0, 76]
						},
						"0.75": {
							"vector": [0, 0, 90]
						}
					},
					"position": {
						"0.2917": {
							"vector": [-0.25, 0, 0]
						},
						"0.375": {
							"vector": [-3.25, 0, 0]
						},
						"0.4583": {
							"vector": [-6.5, 0.5, 0]
						},
						"0.5": {
							"vector": [-9.3, 1.48, 0]
						},
						"0.5417": {
							"vector": [-12.1, 2.6, 0]
						},
						"0.5833": {
							"vector": [-15, 4.1, 0]
						},
						"0.625": {
							"vector": [-17.5, 5.6, 0]
						},
						"0.6667": {
							"vector": [-23.6, 12.6, 0]
						},
						"0.7083": {
							"vector": [-26, 18.6, 0]
						},
						"0.75": {
							"vector": [-26.9, 24.6, 0]
						}
					}
				},
				"rightarm": {
					"rotation": {
						"0.5833": {
							"vector": [0, 0, 0]
						},
						"0.6667": {
							"vector": [0, 10, 0]
						},
						"0.7083": {
							"vector": [0, 10, 0]
						},
						"0.75": {
							"vector": [-7.51178, 8.07103, 0.79433]
						},
						"0.7917": {
							"vector": [-5.46843, 7.28511, 13.04907]
						},
						"0.875": {
							"vector": [-2.73, 3.64, 6.52]
						},
						"1.0833": {
							"vector": [-1.62017, -17.81384, 3.84578]
						},
						"1.25": {
							"vector": [8.35989, -0.21, 1.67]
						}
					},
					"position": {
						"0.5833": {
							"vector": [0, 0, 0]
						},
						"0.6667": {
							"vector": [-8.91956, 4.43011, -1.1706]
						},
						"0.7083": {
							"vector": [-8.25482, 8.82608, -7.94043]
						},
						"0.75": {
							"vector": [-7.33, 9.59, -9.615]
						},
						"0.7917": {
							"vector": [-8.06, 11.81, -9.265]
						},
						"0.8333": {
							"vector": [-6.47, 13.585, -9.51]
						},
						"0.875": {
							"vector": [-2.8, 15.03, -9.215]
						},
						"1.0833": {
							"vector": [-6.875, 14.125, -1.72]
						},
						"1.25": {
							"vector": [-12, 10, 17]
						}
					}
				},
				"Bolt": {
					"position": {
						"0.875": {
							"vector": [0, 0, 0]
						},
						"1.0833": {
							"vector": [0.05284, 0.1257, 13.62176]
						}
					}
				},
				"Bolt1": {
					"rotation": {
						"0.7083": {
							"vector": [0, 0, 0]
						},
						"0.875": {
							"vector": [-0.98185, 1.10247, 90.34078]
						}
					},
					"position": {
						"0.7083": {
							"vector": [0, 0, 0]
						},
						"0.75": {
							"vector": [-0.07755, 0.04021, -0.0026]
						},
						"0.7917": {
							"vector": [0.03683, 0.07537, -0.13037]
						},
						"0.8333": {
							"vector": [0.16469, -0.01372, -0.31009]
						},
						"0.875": {
							"vector": [0.09962, -0.02921, -0.10804]
						}
					}
				},
				"leftarm": {
					"rotation": {
						"0.0": {
							"vector": [0, 0, 0]
						},
						"0.1667": {
							"vector": [0, 0, -12.5]
						},
						"0.4583": {
							"vector": [0, 0, -27.5]
						},
						"0.7083": {
							"vector": [0, 0, -22.5]
						},
						"1.0": {
							"vector": [0, 0, -30]
						}
					},
					"position": {
						"0.0": {
							"vector": [0, 0, 0]
						},
						"0.1667": {
							"vector": [1.2331, 1.12104, 7.05041]
						},
						"0.4583": {
							"vector": [3.9175, 5.12, 7.05]
						},
						"0.7083": {
							"vector": [3.2956, 3.37104, 4.61291]
						},
						"1.0": {
							"vector": [4.4831, 6.05854, 4.61291]
						}
					}
				}
			},
			"sound_effects": {
				"0.5": {
					"effect": "type38_boltback"
				}
			}
		},
		"animation.model.loadfirst": {
			"animation_length": 0.8333,
			"bones": {
				"main": {
					"rotation": {
						"0.0": {
							"vector": [-29.90184, -14.527, 32.67604]
						},
						"0.5": {
							"vector": [-27.4, -14.53, 32.68]
						},
						"0.5833": {
							"vector": [-27.33848, -19.07778, 29.28558]
						},
						"0.7083": {
							"vector": [-27.68183, -18.42067, 26.93961]
						},
						"0.8333": {
							"vector": [-29.90184, -14.527, 32.67604]
						}
					},
					"position": {
						"0.0": {
							"vector": [0, 0, 3]
						},
						"0.5": {
							"vector": [0, 0, 3]
						},
						"0.5833": {
							"vector": [0, -0.5625, 3]
						},
						"0.8333": {
							"vector": [0, 0, 3]
						}
					}
				},
				"Part1": {
					"rotation": {
						"vector": [0, 0, 90]
					},
					"position": {
						"vector": [-26.9, 24.6, 0]
					}
				},
				"rightarm": {
					"rotation": {
						"0.0": {
							"vector": [8.35989, -0.21, 1.67]
						},
						"0.125": {
							"vector": [8.44037, 14.76373, 0.77652]
						},
						"0.2917": {
							"vector": [8.44, 14.76, 0.78]
						},
						"0.4167": {
							"vector": [18.44, 14.76, 0.78]
						},
						"0.5": {
							"vector": [18.43437, 12.27669, 0.49149]
						},
						"0.7083": {
							"vector": [18.43437, 12.27669, 0.49149]
						},
						"0.8333": {
							"vector": [8.35989, -0.21, 1.67]
						}
					},
					"position": {
						"0.0": {
							"vector": [-12, 10, 17]
						},
						"0.125": {
							"vector": [-8, 10, -3.125]
						},
						"0.2917": {
							"vector": [-6, 10, -16]
						},
						"0.4167": {
							"vector": [-3, 14, -11]
						},
						"0.5": {
							"vector": [-2, 14, -15.125]
						},
						"0.7083": {
							"vector": [-6.625, 14, -9]
						},
						"0.75": {
							"vector": [-8.25, 13, -4]
						},
						"0.8333": {
							"vector": [-12, 10, 17]
						}
					}
				},
				"bullet2": {
					"rotation": {
						"0.0": {
							"vector": [-4.89, 2.71, 2.28]
						},
						"0.125": {
							"vector": [7.60732, -2.24603, 1.61817]
						},
						"0.2917": {
							"vector": [7.63022, -4.72793, 1.2879]
						},
						"0.4167": {
							"vector": [7.66479, -7.20777, 0.95552]
						},
						"0.5": {
							"vector": [2.5, 0, 0]
						}
					},
					"position": {
						"0.0": {
							"vector": [-6, 0, 44.75]
						},
						"0.125": {
							"vector": [-6.5, 2, 22]
						},
						"0.2917": {
							"vector": [-4.375, 3, 10.75]
						},
						"0.4167": {
							"vector": [-0.875, 1.25, 11]
						},
						"0.5": {
							"vector": [0, 0.125, 11.375]
						}
					}
				},
				"Bolt": {
					"position": {
						"vector": [0.05284, 0.1257, 13.62176]
					}
				},
				"Bolt1": {
					"rotation": {
						"vector": [-0.98185, 1.10247, 90.34078]
					},
					"position": {
						"vector": [0.09962, -0.02921, -0.10804]
					}
				},
				"leftarm": {
					"rotation": {
						"0.0": {
							"vector": [0, 0, -30]
						},
						"0.3333": {
							"vector": [0, 0, -30]
						},
						"0.5": {
							"vector": [-5, 0, -30]
						},
						"0.5417": {
							"vector": [-4.77718, 2.8335, -25.87394]
						},
						"0.7083": {
							"vector": [-5, 0, -30]
						},
						"0.8333": {
							"vector": [0, 0, -30]
						}
					},
					"position": {
						"0.0": {
							"vector": [4.4831, 6.05854, 4.61291]
						},
						"0.3333": {
							"vector": [4.4831, 6.05854, 4.61291]
						},
						"0.5": {
							"vector": [5.7331, 6.05854, 4.61291]
						},
						"0.5417": {
							"vector": [5.73, 4.6225, 4.61]
						},
						"0.7083": {
							"vector": [5.7331, 6.05854, 4.61291]
						},
						"0.8333": {
							"vector": [4.4831, 6.05854, 4.61291]
						}
					}
				}
			},
			"sound_effects": {
				"0.0833": {
					"effect": "boltsingleload"
				}
			}
		},
		"animation.model.load": {
			"loop": true,
			"animation_length": 0.8333,
			"bones": {
				"main": {
					"rotation": {
						"0.0": {
							"vector": [-29.90184, -14.527, 32.67604]
						},
						"0.5": {
							"vector": [-27.4, -14.53, 32.68]
						},
						"0.5833": {
							"vector": [-27.33848, -19.07778, 29.28558]
						},
						"0.7083": {
							"vector": [-27.68183, -18.42067, 26.93961]
						},
						"0.8333": {
							"vector": [-29.90184, -14.527, 32.67604]
						}
					},
					"position": {
						"0.0": {
							"vector": [0, 0, 3]
						},
						"0.5": {
							"vector": [0, 0, 3]
						},
						"0.5833": {
							"vector": [0, -0.5625, 3]
						},
						"0.8333": {
							"vector": [0, 0, 3]
						}
					}
				},
				"Part1": {
					"rotation": {
						"vector": [0, 0, 90]
					},
					"position": {
						"vector": [-26.9, 24.6, 0]
					}
				},
				"rightarm": {
					"rotation": {
						"0.0": {
							"vector": [8.35989, -0.21, 1.67]
						},
						"0.125": {
							"vector": [8.44037, 14.76373, 0.77652]
						},
						"0.2917": {
							"vector": [8.44, 14.76, 0.78]
						},
						"0.4583": {
							"vector": [18.44, 14.76, 0.78]
						},
						"0.5417": {
							"vector": [18.43437, 12.27669, 0.49149]
						},
						"0.7083": {
							"vector": [18.43437, 12.27669, 0.49149]
						},
						"0.8333": {
							"vector": [8.35989, -0.21, 1.67]
						}
					},
					"position": {
						"0.0": {
							"vector": [-12, 10, 17]
						},
						"0.125": {
							"vector": [-8, 10, -3.125]
						},
						"0.2917": {
							"vector": [-6, 10, -16]
						},
						"0.4583": {
							"vector": [-3, 14, -11]
						},
						"0.5417": {
							"vector": [-2, 14, -15.125]
						},
						"0.7083": {
							"vector": [-6.625, 14, -9]
						},
						"0.75": {
							"vector": [-8.25, 13, -4]
						},
						"0.8333": {
							"vector": [-12, 10, 17]
						}
					}
				},
				"bullet2": {
					"rotation": {
						"0.0": {
							"vector": [-4.89, 2.71, 2.28]
						},
						"0.125": {
							"vector": [7.60732, -2.24603, 1.61817]
						},
						"0.2917": {
							"vector": [7.63022, -4.72793, 1.2879]
						},
						"0.4583": {
							"vector": [7.66479, -7.20777, 0.95552]
						},
						"0.5417": {
							"vector": [2.5, 0, 0]
						}
					},
					"position": {
						"0.0": {
							"vector": [-6, 0, 44.75]
						},
						"0.125": {
							"vector": [-6.5, 2, 22]
						},
						"0.2917": {
							"vector": [-4.375, 3, 10.75]
						},
						"0.4583": {
							"vector": [-0.875, 1.25, 10.75]
						},
						"0.5417": {
							"vector": [0, 0.125, 11.38]
						}
					}
				},
				"Bolt": {
					"position": {
						"vector": [0.05284, 0.1257, 13.62176]
					}
				},
				"Bolt1": {
					"rotation": {
						"vector": [-0.98185, 1.10247, 90.34078]
					},
					"position": {
						"vector": [0.09962, -0.02921, -0.10804]
					}
				},
				"leftarm": {
					"rotation": {
						"0.0": {
							"vector": [0, 0, -30]
						},
						"0.2917": {
							"vector": [0, 0, -30]
						},
						"0.5417": {
							"vector": [-5, 0, -30]
						},
						"0.7083": {
							"vector": [-5, 0, -30]
						},
						"0.8333": {
							"vector": [0, 0, -30]
						}
					},
					"position": {
						"0.0": {
							"vector": [4.4831, 6.05854, 4.61291]
						},
						"0.2917": {
							"vector": [4.4831, 6.05854, 4.61291]
						},
						"0.5417": {
							"vector": [5.7331, 6.05854, 4.61291]
						},
						"0.7083": {
							"vector": [5.7331, 6.05854, 4.61291]
						},
						"0.8333": {
							"vector": [4.4831, 6.05854, 4.61291]
						}
					}
				},
				"bullet": {
					"rotation": {
						"0.2917": {
							"vector": [2.5, 0, 0]
						},
						"0.375": {
							"vector": [2.5, 0, 0]
						},
						"0.4583": {
							"vector": [2.5, 0, 0]
						}
					},
					"position": {
						"0.2917": {
							"vector": [0, -0.30663, 11.52396]
						},
						"0.375": {
							"vector": [0, -0.30663, 11.52396]
						},
						"0.4583": {
							"vector": [0, -1.30568, 11.56758]
						}
					}
				}
			},
			"sound_effects": {
				"0.0833": {
					"effect": "boltsingleload"
				}
			}
		},
		"animation.model.finish": {
			"loop": "hold_on_last_frame",
			"animation_length": 1,
			"bones": {
				"main": {
					"rotation": {
						"0.0": {
							"vector": [-29.90184, -14.527, 32.67604]
						},
						"0.4167": {
							"vector": [-7.68472, -19.93989, 0.57543]
						},
						"0.5833": {
							"vector": [5, -2.5, 0]
						},
						"0.75": {
							"vector": [1.92, -1.54, 0]
						},
						"1.0": {
							"vector": [0, 0, 0]
						}
					},
					"position": {
						"0.0": {
							"vector": [0, 0, 3]
						},
						"0.4167": {
							"vector": [0, 0, 3]
						},
						"0.5833": {
							"vector": [0, 0, 3]
						},
						"0.75": {
							"vector": [0, 0, 1.15]
						},
						"1.0": {
							"vector": [0, 0, 0]
						}
					}
				},
				"Part1": {
					"rotation": {
						"0.4167": {
							"vector": [0, 0, 90]
						},
						"0.4583": {
							"vector": [0, 0, 76]
						},
						"0.5": {
							"vector": [0, 0, 62]
						},
						"0.5417": {
							"vector": [0, 0, 42]
						},
						"0.5833": {
							"vector": [0, 0, 35]
						},
						"0.625": {
							"vector": [0, 0, 28]
						},
						"0.6667": {
							"vector": [0, 0, 21]
						},
						"0.7083": {
							"vector": [0, 0, 14]
						},
						"0.7917": {
							"vector": [0, 0, 7]
						},
						"0.875": {
							"vector": [0, 0, 0]
						}
					},
					"position": {
						"0.4167": {
							"vector": [-26.9, 24.6, 0]
						},
						"0.4583": {
							"vector": [-26, 18.6, 0]
						},
						"0.5": {
							"vector": [-23.6, 12.6, 0]
						},
						"0.5417": {
							"vector": [-17.5, 5.6, 0]
						},
						"0.5833": {
							"vector": [-15, 4.1, 0]
						},
						"0.625": {
							"vector": [-12.1, 2.6, 0]
						},
						"0.6667": {
							"vector": [-9.3, 1.48, 0]
						},
						"0.7083": {
							"vector": [-6.5, 0.5, 0]
						},
						"0.7917": {
							"vector": [-3.25, 0, 0]
						},
						"0.875": {
							"vector": [-0.25, 0, 0]
						}
					}
				},
				"rightarm": {
					"rotation": {
						"0.0": {
							"vector": [8.35989, -0.21, 1.67]
						},
						"0.125": {
							"vector": [-1.62017, -17.81384, 3.84578]
						},
						"0.3333": {
							"vector": [-2.73, 3.64, 6.52]
						},
						"0.4167": {
							"vector": [-5.46843, 7.28511, 13.04907]
						},
						"0.4583": {
							"vector": [-7.51178, 8.07103, 0.79433]
						},
						"0.5": {
							"vector": [0, 10, 0]
						},
						"0.5417": {
							"vector": [0, 10, 0]
						},
						"0.625": {
							"vector": [0, 0, 0]
						}
					},
					"position": {
						"0.0": {
							"vector": [-12, 10, 17]
						},
						"0.125": {
							"vector": [-6.12923, 14.34261, 1.63556]
						},
						"0.3333": {
							"vector": [-2.8, 15.03, -9.215]
						},
						"0.375": {
							"vector": [-6.47, 13.585, -9.51]
						},
						"0.4167": {
							"vector": [-8.06, 11.81, -9.265]
						},
						"0.4583": {
							"vector": [-7.33, 9.59, -9.615]
						},
						"0.5": {
							"vector": [-8.25482, 8.82608, -7.94043]
						},
						"0.5417": {
							"vector": [-8.91956, 4.43011, -1.1706]
						},
						"0.625": {
							"vector": [0, 0, 0]
						}
					}
				},
				"bullet2": {
					"rotation": {
						"vector": [2.5, 0, 0]
					},
					"position": {
						"0.125": {
							"vector": [0, 0.125, 11.375]
						},
						"0.1667": {
							"vector": [0, 0.06, 9.435]
						},
						"0.2083": {
							"vector": [0, 0, 6.75]
						},
						"0.25": {
							"vector": [0, 0, 4.195]
						},
						"0.2917": {
							"vector": [0, 0, 1.38]
						}
					}
				},
				"Bolt": {
					"position": {
						"0.125": {
							"vector": [0.05284, 0.1257, 13.62176]
						},
						"0.2917": {
							"vector": [0, 0, 0]
						}
					}
				},
				"Bolt1": {
					"rotation": {
						"0.3333": {
							"vector": [-0.98185, 1.10247, 90.34078]
						},
						"0.5": {
							"vector": [0, 0, 0]
						}
					},
					"position": {
						"0.3333": {
							"vector": [0.09962, -0.02921, -0.10804]
						},
						"0.375": {
							"vector": [0.16469, -0.01372, -0.31009]
						},
						"0.4167": {
							"vector": [0.03683, 0.07537, -0.13037]
						},
						"0.4583": {
							"vector": [-0.07755, 0.04021, -0.0026]
						},
						"0.5": {
							"vector": [0, 0, 0]
						}
					}
				},
				"leftarm": {
					"rotation": {
						"0.0": {
							"vector": [0, 0, -30]
						},
						"1.0": {
							"vector": [0, 0, 0]
						}
					},
					"position": {
						"0.0": {
							"vector": [4.4831, 6.05854, 4.61291]
						},
						"1.0": {
							"vector": [0, 0, 0]
						}
					}
				},
				"bullet": {
					"position": {
						"vector": [0, -3.1875, 11.4375]
					}
				}
			},
			"sound_effects": {
				"0.0": {
					"effect": "type38_boltforward"
				}
			}
		},
		"animation.model.draw": {
			"loop": true,
			"animation_length": 1.2,
			"bones": {
				"main": {
					"rotation": {
						"0.0": {
							"vector": [32.09413, -54.38778, -8.29667]
						},
						"0.35": {
							"vector": [0.50518, -5.08075, 6.8716]
						},
						"0.5": {
							"vector": [0.32389, -0.60235, -2.1558]
						},
						"0.6": {
							"vector": [0, 0, 0]
						}
					},
					"position": {
						"0.0": {
							"vector": [0, -17.3, 0]
						},
						"0.25": {
							"vector": [-0.4, -2.525, -1.625]
						},
						"0.4": {
							"vector": [-0.05, 0, -2.49]
						},
						"0.55": {
							"vector": [0, 0, 0]
						}
					}
				},
				"leftarm": {
					"rotation": {
						"0.0": {
							"vector": [0, 0, 0]
						},
						"0.2": {
							"vector": [1, 0, -22]
						},
						"0.4": {
							"vector": [0, 0, 0]
						}
					},
					"position": {
						"0.0": {
							"vector": [0, 0, 0]
						},
						"0.2": {
							"vector": [3.53901, 3.6754, 5.59783]
						},
						"0.4": {
							"vector": [0, 0, 0]
						}
					}
				}
			},
			"sound_effects": {
				"0.0": {
					"effect": "trauma_equip"
				}
			}
		},
		"animation.model.inspect": {
			"loop": true,
			"animation_length": 4.2667,
			"bones": {
				"main": {
					"rotation": {
						"0.0": {
							"vector": [0, 0, 0]
						},
						"0.1667": {
							"vector": [-8.41746, -13.59608, -21.21259]
						},
						"0.3": {
							"vector": [-8.39812, -20.10111, -31.77688]
						},
						"0.4333": {
							"vector": [-9.55676, -20.88889, -28.55629]
						},
						"0.5333": {
							"vector": [-8.77652, -21.21647, -30.72851]
						},
						"0.7667": {
							"vector": [-9.4227, -20.94881, -28.93303]
						},
						"1.0": {
							"vector": [-3.1216, -20.98207, -46.44405]
						},
						"1.1333": {
							"vector": [-4.564, -20.73064, -42.44007]
						},
						"1.2333": {
							"vector": [-4.86325, -20.9153, -41.60203]
						},
						"1.3333": {
							"vector": [-4.58308, -20.97575, -42.38574]
						},
						"1.4667": {
							"vector": [-4.01131, -21.08802, -43.97908]
						},
						"1.6": {
							"vector": [-4.38767, -21.01662, -42.9316]
						},
						"1.7": {
							"vector": [-4.18847, -21.05622, -43.48691]
						},
						"2.0333": {
							"vector": [-16.91438, 5.38499, 54.40399]
						},
						"2.1667": {
							"vector": [-15.22513, 5.80082, 60.04554]
						},
						"2.3": {
							"vector": [-15.70981, 5.86025, 59.48558]
						},
						"2.4333": {
							"vector": [-15.93602, 7.03904, 62.69373]
						},
						"2.5667": {
							"vector": [-15.60896, 7.75082, 65.23442]
						},
						"2.7333": {
							"vector": [-15.71675, 7.52491, 64.42194]
						},
						"2.9": {
							"vector": [-15.56389, 7.84019, 65.55973]
						},
						"3.1": {
							"vector": [-15.61778, 7.73186, 65.16659]
						},
						"3.2667": {
							"vector": [-15.9801, 6.93689, 62.33342]
						},
						"3.4": {
							"vector": [-8.86998, 2.42135, 33.56191]
						},
						"3.5333": {
							"vector": [0, -1.75, -2.75]
						},
						"3.7": {
							"vector": [0, 0, 0]
						}
					},
					"position": {
						"0.0": {
							"vector": [0, 0, 0]
						},
						"0.3": {
							"vector": [-0.475, 1.475, -8.7]
						},
						"0.4": {
							"vector": [-0.195, 1, -7.7]
						},
						"0.5333": {
							"vector": [-0.03, 0.725, -7.7]
						},
						"0.7": {
							"vector": [0, 1.125, -7.7]
						},
						"0.9": {
							"vector": [0.125, 1.4, -8.275]
						},
						"1.2": {
							"vector": [-0.02, 1.475, -8]
						},
						"1.4": {
							"vector": [0.11, 1.425, -8.175]
						},
						"1.6667": {
							"vector": [0.275, 1.25, -7.975]
						},
						"1.8": {
							"vector": [-0.13, -1.19, -8.65]
						},
						"1.9667": {
							"vector": [-0.545, -1.325, -11.15]
						},
						"2.1333": {
							"vector": [-0.415, -1.395, -10.545]
						},
						"2.2667": {
							"vector": [-0.525, -1.455, -9.17]
						},
						"2.4": {
							"vector": [-0.49, -1.43, -9.85]
						},
						"2.5667": {
							"vector": [-0.455, -1.5, -9.24]
						},
						"2.7667": {
							"vector": [-0.53, -1.5, -9.27]
						},
						"3.0": {
							"vector": [-0.49, -1.41, -9.3]
						},
						"3.2333": {
							"vector": [-0.545, -1.325, -9.325]
						},
						"3.3667": {
							"vector": [-1.005, -0.61, -7.41]
						},
						"3.6333": {
							"vector": [0, 0, 0]
						}
					}
				},
				"leftarm": {
					"rotation": {
						"0.0": {
							"vector": [0, 0, 0]
						},
						"0.1667": {
							"vector": [0, 0, -2.5]
						},
						"1.7333": {
							"vector": [0, 0, -2.5]
						},
						"2.0333": {
							"vector": [-20, 0, -45]
						},
						"3.3": {
							"vector": [-20, 0, -45]
						},
						"3.5667": {
							"vector": [0, 0, 0]
						}
					},
					"position": {
						"0.0": {
							"vector": [0, 0, 0]
						},
						"0.1667": {
							"vector": [11.23986, -30.20851, 24.64864]
						},
						"1.7333": {
							"vector": [11.23986, -30.20851, 24.64864]
						},
						"2.0333": {
							"vector": [7.35, 6.25, 2.33]
						},
						"3.3": {
							"vector": [7.35, 6.25, 2.33]
						},
						"3.5667": {
							"vector": [0, 0, 0]
						}
					}
				}
			}
		},
		"animation.model.fire": {
			"loop": "hold_on_last_frame",
			"animation_length": 1,
			"bones": {
				"main": {
					"rotation": {
						"0.0": {
							"vector": [0, 0, 0]
						},
						"0.0833": {
							"vector": [-8.70704, -2.00287, -6.82365]
						},
						"0.1667": {
							"vector": [-4.92074, -2.12162, -7.81848]
						},
						"0.25": {
							"vector": [-4.74028, -1.62322, 0.57363]
						},
						"0.375": {
							"vector": [-3.44584, -0.94265, 0.6289]
						},
						"0.4583": {
							"vector": [-2.34571, -1.11494, 6.6727]
						},
						"0.5833": {
							"vector": [-2.82745, -0.92926, 4.35413]
						},
						"0.625": {
							"vector": [-2.36097, -0.02597, 6.36667]
						},
						"0.75": {
							"vector": [-2.33311, -0.30634, 3.92401]
						},
						"0.8333": {
							"vector": [-1.70472, -1.37749, 3.16024]
						},
						"0.9167": {
							"vector": [-1.24192, -1.11967, -1.13748]
						},
						"1.0": {
							"vector": [0, 0, 0]
						}
					},
					"position": {
						"0.0": {
							"vector": [0, 0, 0]
						},
						"0.0833": {
							"vector": [-0.375, -0.9, 6.575]
						},
						"0.25": {
							"vector": [-0.34, -0.65, 5.135]
						},
						"0.4167": {
							"vector": [-0.29, -0.305, 3.255]
						},
						"0.5417": {
							"vector": [-0.22, -0.23, 2.98]
						},
						"0.5833": {
							"vector": [-0.22, -0.23, 5.33]
						},
						"0.7083": {
							"vector": [-0.18, -0.32, 3.7]
						},
						"0.8333": {
							"vector": [-0.65, -0.455, 1.855]
						},
						"0.9583": {
							"vector": [0, 0, 0]
						}
					}
				},
				"rightarm": {
					"rotation": {
						"0.0": {
							"vector": [0, 0, 0]
						},
						"0.0833": {
							"vector": [0, 10, 0]
						},
						"0.125": {
							"vector": [0, 10, 0]
						},
						"0.1667": {
							"vector": [-7.51178, 8.07103, 0.79433]
						},
						"0.2083": {
							"vector": [-5.46843, 7.28511, 13.04907]
						},
						"0.2917": {
							"vector": [-2.73, 3.64, 6.52]
						},
						"0.5": {
							"vector": [-1.62017, -17.81384, 3.84578]
						},
						"0.7083": {
							"vector": [-2.73, 3.64, 6.52]
						},
						"0.7917": {
							"vector": [-5.46843, 7.28511, 13.04907]
						},
						"0.8333": {
							"vector": [-7.51178, 8.07103, 0.79433]
						},
						"0.875": {
							"vector": [0, 10, 0]
						},
						"0.9167": {
							"vector": [0, 10, 0]
						},
						"1.0": {
							"vector": [0, 0, 0]
						}
					},
					"position": {
						"0.0": {
							"vector": [0, 0, 0]
						},
						"0.0833": {
							"vector": [-8.91956, 4.43011, -1.1706]
						},
						"0.125": {
							"vector": [-8.25482, 8.82608, -7.94043]
						},
						"0.1667": {
							"vector": [-7.33, 9.59, -9.615]
						},
						"0.2083": {
							"vector": [-8.06, 11.81, -9.265]
						},
						"0.25": {
							"vector": [-6.47, 13.585, -9.51]
						},
						"0.2917": {
							"vector": [-2.8, 15.03, -9.215]
						},
						"0.5": {
							"vector": [-6.12923, 14.34261, 1.63556]
						},
						"0.7083": {
							"vector": [-2.8, 15.03, -9.215]
						},
						"0.75": {
							"vector": [-6.47, 13.585, -9.51]
						},
						"0.7917": {
							"vector": [-8.06, 11.81, -9.265]
						},
						"0.8333": {
							"vector": [-7.33, 9.59, -9.615]
						},
						"0.875": {
							"vector": [-8.25482, 8.82608, -7.94043]
						},
						"0.9167": {
							"vector": [-8.91956, 4.43011, -1.1706]
						},
						"1.0": {
							"vector": [0, 0, 0]
						}
					}
				},
				"bullet2": {
					"rotation": {
						"0.0": {
							"vector": [0, 0, 0]
						},
						"0.4167": {
							"vector": [0.4258, -0.47008, -0.22611]
						},
						"0.4583": {
							"vector": [-5, 5, 0]
						},
						"0.5": {
							"vector": [-30.28577, 25.57093, -9.93358]
						},
						"0.5417": {
							"vector": [-2.37941, 51.05481, 26.23714]
						},
						"0.8333": {
							"vector": [139.37937, 79.42293, 173.05191]
						},
						"1.0": {
							"vector": [0, 0, 0]
						}
					},
					"position": {
						"0.0": {
							"vector": [0, 0, 1.375]
						},
						"0.2917": {
							"vector": [-0.00036, 0.00032, 1.4375]
						},
						"0.3333": {
							"vector": [-0.00453, 0.00407, 4.18747]
						},
						"0.375": {
							"vector": [-0.0088, 0.00791, 6.91744]
						},
						"0.4167": {
							"vector": [-0.01492, 0.01341, 9.68739]
						},
						"0.4583": {
							"vector": [-1.75, 1.255, 10.005]
						},
						"0.5": {
							"vector": [-8.125, 5.25, 9.88]
						},
						"0.5417": {
							"vector": [-18.245, 6.88, 10.755]
						},
						"0.5833": {
							"vector": [-25.98, 6.09, 9.985]
						},
						"0.6667": {
							"vector": [-41.44, -0.745, 14.83]
						},
						"0.7083": {
							"vector": [-49.17, -5.155, 17.31]
						},
						"0.75": {
							"vector": [-56.9, -11.685, 20.54]
						},
						"0.7917": {
							"vector": [-64.63, -23.145, 22.77]
						},
						"0.8333": {
							"vector": [-72.365, -43.865, 25.005]
						},
						"1.0": {
							"vector": [-13.84956, -135.89534, 27.52525]
						}
					}
				},
				"Bolt": {
					"position": {
						"0.2917": {
							"vector": [0, 0, 0]
						},
						"0.5": {
							"vector": [0.05284, 0.1257, 13.62176]
						},
						"0.7083": {
							"vector": [0, 0, 0]
						}
					}
				},
				"Bolt1": {
					"rotation": {
						"0.125": {
							"vector": [0, 0, 0]
						},
						"0.2917": {
							"vector": [0, 0, 90]
						},
						"0.7083": {
							"vector": [0, 0, 90]
						},
						"0.875": {
							"vector": [0, 0, 0]
						}
					},
					"position": {
						"0.125": {
							"vector": [0, 0, 0]
						},
						"0.2917": {
							"vector": [0, 0, 0]
						},
						"0.7083": {
							"vector": [0, 0, 0]
						},
						"0.875": {
							"vector": [0, 0, 0]
						}
					}
				},
				"leftarm": {
					"rotation": {
						"0.0": {
							"vector": [0, 0, 0]
						},
						"0.1667": {
							"vector": [0, 0, 0]
						},
						"0.25": {
							"vector": [-2.39444, 3.03311, -2.45687]
						},
						"0.75": {
							"vector": [-2.39444, 3.03311, -2.45687]
						},
						"0.875": {
							"vector": [0, 0, 0]
						}
					},
					"position": {
						"0.0": {
							"vector": [0, 0, 0]
						},
						"0.1667": {
							"vector": [0, 0, 0]
						},
						"0.25": {
							"vector": [1.725, 0, 0]
						},
						"0.75": {
							"vector": [1.725, 0, 0]
						},
						"0.875": {
							"vector": [0, 0, 0]
						}
					}
				},
				"bullet": {
					"rotation": {
						"0.4167": {
							"vector": [2.5, 0, 0]
						},
						"0.5417": {
							"vector": [2.5, 0, 0]
						}
					},
					"position": {
						"0.4167": {
							"vector": [0, -1.24324, 11.56486]
						},
						"0.5417": {
							"vector": [0, -0.30663, 11.52396]
						},
						"0.5833": {
							"vector": [0, -0.38546, 9.77167]
						},
						"0.7083": {
							"vector": [0, -0.36612, 1.64173]
						}
					}
				}
			},
			"sound_effects": {
				"0.0": {
					"effect": "type38_boltcharge"
				}
			}
		}
	},
	"geckolib_format_version": 2
}