{
	"format_version": "1.8.0",
	"animations": {
		"animation.model.prepare": {
			"animation_length": 1.5,
			"bones": {
				"main": {
					"rotation": {
						"0.0": {
							"vector": [0, 0, 0]
						},
						"0.2083": {
							"vector": [-5.58, -1.54, 0]
						},
						"0.5417": {
							"vector": [-5.36856, -4.08419, 10.19938]
						},
						"0.7917": {
							"vector": [-7.68472, -19.93989, 0.57543]
						},
						"1.0": {
							"vector": [-19.56151, -14.63599, 17.205]
						},
						"1.25": {
							"vector": [-29.90184, -14.527, 32.67604]
						}
					},
					"position": {
						"0.0": {
							"vector": [0, 0, 0]
						},
						"0.2083": {
							"vector": [0, 0, 1.15]
						},
						"0.5417": {
							"vector": [0, 0, 3]
						},
						"0.7917": {
							"vector": [0, 0, 3],
							"easing": "easeInBounce"
						},
						"1.0": {
							"vector": [0, 0, 3]
						},
						"1.25": {
							"vector": [0, 0, 3]
						}
					}
				},
				"Part1": {
					"rotation": {
						"0.2917": {
							"vector": [0, 0, 0]
						},
						"0.375": {
							"vector": [0, 0, 7]
						},
						"0.4583": {
							"vector": [0, 0, 14],
							"easing": "linear"
						},
						"0.5": {
							"vector": [0, 0, 21]
						},
						"0.5417": {
							"vector": [0, 0, 28],
							"easing": "linear"
						},
						"0.5833": {
							"vector": [0, 0, 35]
						},
						"0.625": {
							"vector": [0, 0, 42],
							"easing": "linear"
						},
						"0.6667": {
							"vector": [0, 0, 62],
							"easing": "linear"
						},
						"0.7083": {
							"vector": [0, 0, 76]
						},
						"0.75": {
							"vector": [0, 0, 90],
							"easing": "linear"
						}
					},
					"position": {
						"0.2917": {
							"vector": [-0.25, 0, 0]
						},
						"0.375": {
							"vector": [-3.25, 0, 0]
						},
						"0.4583": {
							"vector": [-6.5, 0.5, 0]
						},
						"0.5": {
							"vector": [-9.3, 1.48, 0]
						},
						"0.5417": {
							"vector": [-12.1, 2.6, 0],
							"easing": "linear"
						},
						"0.5833": {
							"vector": [-15, 4.1, 0]
						},
						"0.625": {
							"vector": [-17.5, 5.6, 0]
						},
						"0.6667": {
							"vector": [-23.6, 12.6, 0]
						},
						"0.7083": {
							"vector": [-26, 18.6, 0]
						},
						"0.75": {
							"vector": [-26.9, 24.6, 0]
						}
					}
				},
				"rightarm": {
					"rotation": {
						"0.625": {
							"vector": [0, 0, 0]
						},
						"0.7083": {
							"vector": [0, 10, 0]
						},
						"0.7917": {
							"vector": [0, 15, 0]
						},
						"0.8333": {
							"vector": [-2.5, 15, 0]
						},
						"0.9167": {
							"vector": [-2.49617, 10.15493, 1.23541]
						},
						"1.0": {
							"vector": [-2.53743, 7.72776, 1.85984]
						},
						"1.0833": {
							"vector": [-2.54, 7.73, 1.86]
						},
						"1.25": {
							"vector": [-3.59655, -9.19255, 6.4577]
						},
						"1.4167": {
							"vector": [8.35989, -0.21, 1.67]
						}
					},
					"position": {
						"0.625": {
							"vector": [0, 0, 0]
						},
						"0.7083": {
							"vector": [-6.04456, 2.30511, -4.9206]
						},
						"0.7917": {
							"vector": [-5.665, 4.56, -4.92]
						},
						"0.8333": {
							"vector": [-5.91, 6.31, -4.92]
						},
						"0.875": {
							"vector": [-6.41, 8.06, -4.92]
						},
						"0.9167": {
							"vector": [-7.785, 8.06, -4.92]
						},
						"0.9583": {
							"vector": [-7.6, 10.125, -4.92]
						},
						"1.0": {
							"vector": [-7.405, 11.44, -4.92]
						},
						"1.0833": {
							"vector": [-7.41, 11.44, -4.92]
						},
						"1.25": {
							"vector": [-12.035, 11.94, 3.33]
						},
						"1.4167": {
							"vector": [-12, 10, 17]
						}
					}
				},
				"bullet": {
					"rotation": {
						"1.0833": {
							"vector": [0, 0, 0]
						},
						"1.25": {
							"vector": [-2.5, 0, 0]
						},
						"1.3333": {
							"vector": [-15.39946, 19.89987, -1.82857]
						},
						"1.4167": {
							"vector": [-15.4, 19.9, -1.83]
						},
						"1.5": {
							"vector": [-15.4, 19.9, -1.83]
						}
					},
					"position": {
						"1.0833": {
							"vector": [0, 0, 0]
						},
						"1.2083": {
							"vector": [0, 0, 8.625]
						},
						"1.25": {
							"vector": [-1.125, 1.75, 8.63]
						},
						"1.3333": {
							"vector": [-23.495, 13, 8.63]
						},
						"1.4167": {
							"vector": [-52.865, 20.63, 8.63]
						},
						"1.5": {
							"vector": [-128.615, 24.255, 8.63]
						}
					}
				},
				"Bolt": {
					"rotation": {
						"vector": [0, 0, 0]
					},
					"position": {
						"1.0833": {
							"vector": [0, 0, 0]
						},
						"1.25": {
							"vector": [0, 0, 11.625]
						}
					}
				},
				"BoltMain": {
					"rotation": {
						"0.7083": {
							"vector": [0, 0, 0]
						},
						"0.75": {
							"vector": [0, 0, 0]
						},
						"1.0": {
							"vector": [0, 0, 90]
						},
						"1.0417": {
							"vector": [0, 0, 90]
						}
					},
					"position": {
						"0.7083": {
							"vector": [0, 0, 0]
						},
						"0.75": {
							"vector": [0, 0, 0]
						},
						"0.7917": {
							"vector": [2.49, -3.02, 0.01]
						},
						"0.8333": {
							"vector": [4.23, -6.54, 0.02]
						},
						"0.875": {
							"vector": [4.855, -10.435, 0.03]
						},
						"0.9167": {
							"vector": [4.56, -14.32, 0.03]
						},
						"0.9583": {
							"vector": [3.265, -18.08, 0.03]
						},
						"1.0": {
							"vector": [0.9716, -21.08518, 0.03523]
						},
						"1.0417": {
							"vector": [0.97, -21.09, 0.04]
						}
					}
				},
				"bullet2": {
					"position": {
						"1.1667": {
							"vector": [0, -1.75, 8.63]
						},
						"1.25": {
							"vector": [0, -1, 8.63]
						},
						"1.2917": {
							"vector": [0, 0, 8.63]
						}
					}
				},
				"leftarm": {
					"rotation": {
						"0.0": {
							"vector": [0, 0, 0]
						},
						"0.2083": {
							"vector": [0, 0, -12.5]
						},
						"0.9167": {
							"vector": [0, 0, -12.5]
						},
						"1.25": {
							"vector": [0, 0, 0]
						}
					},
					"position": {
						"0.0": {
							"vector": [0, 0, 0]
						},
						"0.2083": {
							"vector": [1.2331, 1.12104, 7.05041]
						},
						"0.9167": {
							"vector": [1.2331, 1.12104, 7.05041]
						},
						"1.25": {
							"vector": [0, 0, 0]
						}
					}
				}
			},
			"sound_effects": {
				"0.4167": {
					"effect": "m95prepare"
				}
			}
		},
		"animation.model.preparealt": {
			"animation_length": 1.5,
			"bones": {
				"main": {
					"rotation": {
						"0.0": {
							"vector": [0, 0, 0]
						},
						"0.2083": {
							"vector": [-5.58, -1.54, 0]
						},
						"0.5417": {
							"vector": [-5.36856, -4.08419, 10.19938]
						},
						"0.7917": {
							"vector": [-7.68472, -19.93989, 0.57543]
						},
						"1.0": {
							"vector": [-19.56151, -14.63599, 17.205]
						},
						"1.25": {
							"vector": [-29.90184, -14.527, 32.67604]
						}
					},
					"position": {
						"0.0": {
							"vector": [0, 0, 0]
						},
						"0.2083": {
							"vector": [0, 0, 1.15]
						},
						"0.5417": {
							"vector": [0, 0, 3]
						},
						"0.7917": {
							"vector": [0, 0, 3],
							"easing": "easeInBounce"
						},
						"1.0": {
							"vector": [0, 0, 3]
						},
						"1.25": {
							"vector": [0, 0, 3]
						}
					}
				},
				"Part1": {
					"rotation": {
						"0.2917": {
							"vector": [0, 0, 0]
						},
						"0.375": {
							"vector": [0, 0, 7]
						},
						"0.4583": {
							"vector": [0, 0, 14],
							"easing": "linear"
						},
						"0.5": {
							"vector": [0, 0, 21]
						},
						"0.5417": {
							"vector": [0, 0, 28],
							"easing": "linear"
						},
						"0.5833": {
							"vector": [0, 0, 35]
						},
						"0.625": {
							"vector": [0, 0, 42],
							"easing": "linear"
						},
						"0.6667": {
							"vector": [0, 0, 62],
							"easing": "linear"
						},
						"0.7083": {
							"vector": [0, 0, 76]
						},
						"0.75": {
							"vector": [0, 0, 90],
							"easing": "linear"
						}
					},
					"position": {
						"0.2917": {
							"vector": [-0.25, 0, 0]
						},
						"0.375": {
							"vector": [-3.25, 0, 0]
						},
						"0.4583": {
							"vector": [-6.5, 0.5, 0]
						},
						"0.5": {
							"vector": [-9.3, 1.48, 0]
						},
						"0.5417": {
							"vector": [-12.1, 2.6, 0],
							"easing": "linear"
						},
						"0.5833": {
							"vector": [-15, 4.1, 0]
						},
						"0.625": {
							"vector": [-17.5, 5.6, 0]
						},
						"0.6667": {
							"vector": [-23.6, 12.6, 0]
						},
						"0.7083": {
							"vector": [-26, 18.6, 0]
						},
						"0.75": {
							"vector": [-26.9, 24.6, 0]
						}
					}
				},
				"rightarm": {
					"rotation": {
						"0.625": {
							"vector": [0, 0, 0]
						},
						"0.7083": {
							"vector": [0, 10, 0]
						},
						"0.7917": {
							"vector": [0, 15, 0]
						},
						"0.8333": {
							"vector": [-2.5, 15, 0]
						},
						"0.9167": {
							"vector": [-2.49617, 10.15493, 1.23541]
						},
						"1.0": {
							"vector": [-2.53743, 7.72776, 1.85984]
						},
						"1.0833": {
							"vector": [-2.54, 7.73, 1.86]
						},
						"1.25": {
							"vector": [-3.59655, -9.19255, 6.4577]
						},
						"1.4167": {
							"vector": [8.35989, -0.21, 1.67]
						}
					},
					"position": {
						"0.625": {
							"vector": [0, 0, 0]
						},
						"0.7083": {
							"vector": [-6.04456, 2.30511, -4.9206]
						},
						"0.7917": {
							"vector": [-5.665, 4.56, -4.92]
						},
						"0.8333": {
							"vector": [-5.91, 6.31, -4.92]
						},
						"0.875": {
							"vector": [-6.41, 8.06, -4.92]
						},
						"0.9167": {
							"vector": [-7.785, 8.06, -4.92]
						},
						"0.9583": {
							"vector": [-7.6, 10.125, -4.92]
						},
						"1.0": {
							"vector": [-7.405, 11.44, -4.92]
						},
						"1.0833": {
							"vector": [-7.41, 11.44, -4.92]
						},
						"1.25": {
							"vector": [-12.035, 11.94, 3.33]
						},
						"1.4167": {
							"vector": [-12, 10, 17]
						}
					}
				},
				"Bolt": {
					"rotation": {
						"vector": [0, 0, 0]
					},
					"position": {
						"1.0833": {
							"vector": [0, 0, 0]
						},
						"1.25": {
							"vector": [0, 0, 11.625]
						}
					}
				},
				"BoltMain": {
					"rotation": {
						"0.7083": {
							"vector": [0, 0, 0]
						},
						"0.75": {
							"vector": [0, 0, 0]
						},
						"1.0": {
							"vector": [0, 0, 90]
						},
						"1.0417": {
							"vector": [0, 0, 90]
						}
					},
					"position": {
						"0.7083": {
							"vector": [0, 0, 0]
						},
						"0.75": {
							"vector": [0, 0, 0]
						},
						"0.7917": {
							"vector": [2.49, -3.02, 0.01]
						},
						"0.8333": {
							"vector": [4.23, -6.54, 0.02]
						},
						"0.875": {
							"vector": [4.855, -10.435, 0.03]
						},
						"0.9167": {
							"vector": [4.56, -14.32, 0.03]
						},
						"0.9583": {
							"vector": [3.265, -18.08, 0.03]
						},
						"1.0": {
							"vector": [0.9716, -21.08518, 0.03523]
						},
						"1.0417": {
							"vector": [0.97, -21.09, 0.04]
						}
					}
				},
				"bullet": {
					"position": {
						"vector": [0, -2.5, 0]
					}
				},
				"bullet2": {
					"position": {
						"vector": [0, -2.75, -1]
					}
				},
				"leftarm": {
					"rotation": {
						"0.0": {
							"vector": [0, 0, 0]
						},
						"0.2083": {
							"vector": [0, 0, -12.5]
						},
						"0.9167": {
							"vector": [0, 0, -12.5]
						},
						"1.25": {
							"vector": [0, 0, 0]
						}
					},
					"position": {
						"0.0": {
							"vector": [0, 0, 0]
						},
						"0.2083": {
							"vector": [1.2331, 1.12104, 7.05041]
						},
						"0.9167": {
							"vector": [1.2331, 1.12104, 7.05041]
						},
						"1.25": {
							"vector": [0, 0, 0]
						}
					}
				}
			},
			"sound_effects": {
				"0.4167": {
					"effect": "m95prepare"
				}
			}
		},
		"animation.model.loadfirst": {
			"animation_length": 1.125,
			"bones": {
				"main": {
					"rotation": {
						"0.0": {
							"vector": [-29.90184, -14.527, 32.67604]
						},
						"0.4167": {
							"vector": [-27.4, -14.53, 32.68],
							"easing": "easeInSine"
						},
						"0.5417": {
							"vector": [-28.76478, -16.7251, 33.92249]
						},
						"0.6667": {
							"vector": [-29.90184, -14.527, 32.67604]
						}
					},
					"position": {
						"0.0": {
							"vector": [0, 0, 3]
						},
						"0.4167": {
							"vector": [0, 0, 3]
						},
						"0.5417": {
							"vector": [0, 0, 3]
						},
						"0.6667": {
							"vector": [0, 0, 3]
						}
					}
				},
				"Part1": {
					"rotation": {
						"vector": ["linear", "linear", "linear"]
					},
					"position": {
						"vector": [-26.9, 24.6, 0]
					}
				},
				"rightarm": {
					"rotation": {
						"0.0": {
							"vector": [8.35989, -0.21, 1.67]
						},
						"0.1667": {
							"vector": [-1.55963, 14.76373, 0.77652]
						},
						"0.3333": {
							"vector": [8.44, 14.76, 0.78]
						},
						"0.4583": {
							"vector": [18.44, 14.76, 0.78]
						},
						"0.5417": {
							"vector": [18.43437, 12.27669, 0.49149]
						},
						"0.7917": {
							"vector": [18.43437, 12.27669, 0.49149]
						},
						"1.0833": {
							"vector": [8.35989, -0.21, 1.67]
						}
					},
					"position": {
						"0.0": {
							"vector": [-12, 10, 17]
						},
						"0.1667": {
							"vector": [-8, 11.125, -3.125]
						},
						"0.2083": {
							"vector": [-6.625, 12.625, -6.965]
						},
						"0.25": {
							"vector": [-5.42, 12.625, -14.355]
						},
						"0.2917": {
							"vector": [-3.835, 13.25, -17.555]
						},
						"0.3333": {
							"vector": [-2.5, 13.25, -17.5]
						},
						"0.375": {
							"vector": [-2.005, 13.815, -15.995]
						},
						"0.4583": {
							"vector": [-1.5, 13.5, -15.625]
						},
						"0.5417": {
							"vector": [-2, 14, -15.125]
						},
						"0.7917": {
							"vector": [-6.625, 14, -9]
						},
						"0.9583": {
							"vector": [-8.25, 13, -4]
						},
						"1.0833": {
							"vector": [-12, 10, 17]
						}
					}
				},
				"bullet": {
					"rotation": {
						"0.0": {
							"vector": [0, 0, 0]
						},
						"0.1667": {
							"vector": [0, -5, 0]
						},
						"0.4167": {
							"vector": [0, 0, 0]
						}
					},
					"position": {
						"0.0": {
							"vector": [-6.375, -1.995, 44.255]
						},
						"0.1667": {
							"vector": [-5.27, 3.08, 23.4]
						},
						"0.2917": {
							"vector": [-1.565, 2.32, 8.525]
						},
						"0.4167": {
							"vector": [0, 0, 8.64]
						}
					}
				},
				"Bolt": {
					"position": {
						"vector": [0, 0, 11.625]
					}
				},
				"BoltMain": {
					"rotation": {
						"vector": [0, 0, 90]
					},
					"position": {
						"vector": [0.97, -21.09, 0.04]
					}
				},
				"bullet2": {
					"position": {
						"vector": [0, -2.125, -0.125]
					}
				}
			},
			"sound_effects": {
				"0.0833": {
					"effect": "boltsingleload"
				}
			}
		},
		"animation.model.load": {
			"animation_length": 1.0833,
			"bones": {
				"main": {
					"rotation": {
						"0.0": {
							"vector": [-29.90184, -14.527, 32.67604]
						},
						"0.4167": {
							"vector": [-27.4, -14.53, 32.68],
							"easing": "easeInSine"
						},
						"0.5417": {
							"vector": [-28.76478, -16.7251, 33.92249]
						},
						"0.6667": {
							"vector": [-29.90184, -14.527, 32.67604]
						}
					},
					"position": {
						"0.0": {
							"vector": [0, 0, 3]
						},
						"0.4167": {
							"vector": [0, 0, 3]
						},
						"0.5417": {
							"vector": [0, 0, 3]
						},
						"0.6667": {
							"vector": [0, 0, 3]
						}
					}
				},
				"Part1": {
					"rotation": {
						"vector": ["linear", "linear", "linear"]
					},
					"position": {
						"vector": [-26.9, 24.6, 0]
					}
				},
				"rightarm": {
					"rotation": {
						"0.0": {
							"vector": [8.35989, -0.21, 1.67]
						},
						"0.1667": {
							"vector": [-1.55963, 14.76373, 0.77652]
						},
						"0.3333": {
							"vector": [8.44, 14.76, 0.78]
						},
						"0.4583": {
							"vector": [18.44, 14.76, 0.78]
						},
						"0.5417": {
							"vector": [18.43437, 12.27669, 0.49149]
						},
						"0.7917": {
							"vector": [18.43437, 12.27669, 0.49149]
						},
						"1.0833": {
							"vector": [8.35989, -0.21, 1.67]
						}
					},
					"position": {
						"0.0": {
							"vector": [-12, 10, 17]
						},
						"0.1667": {
							"vector": [-8, 11.125, -3.125]
						},
						"0.2083": {
							"vector": [-6.625, 12.625, -6.965]
						},
						"0.25": {
							"vector": [-5.42, 12.625, -14.355]
						},
						"0.2917": {
							"vector": [-3.835, 13.25, -17.555]
						},
						"0.3333": {
							"vector": [-2.5, 13.25, -17.5]
						},
						"0.375": {
							"vector": [-2.005, 13.815, -15.995]
						},
						"0.4583": {
							"vector": [-1.5, 13.5, -15.625]
						},
						"0.5417": {
							"vector": [-2, 14, -15.125]
						},
						"0.7917": {
							"vector": [-6.625, 14, -9]
						},
						"0.9583": {
							"vector": [-8.25, 13, -4]
						},
						"1.0833": {
							"vector": [-12, 10, 17]
						}
					}
				},
				"bullet": {
					"rotation": {
						"0.0": {
							"vector": [0, 0, 0]
						},
						"0.1667": {
							"vector": [0, -5, 0]
						},
						"0.4167": {
							"vector": [0, 0, 0]
						}
					},
					"position": {
						"0.0": {
							"vector": [-6.375, -1.995, 44.255]
						},
						"0.1667": {
							"vector": [-5.27, 3.08, 23.4]
						},
						"0.2917": {
							"vector": [-1.565, 2.32, 8.525]
						},
						"0.4167": {
							"vector": [0, 0, 8.64]
						}
					}
				},
				"Bolt": {
					"position": {
						"vector": [0, 0, 11.625]
					}
				},
				"BoltMain": {
					"rotation": {
						"vector": [0, 0, 90]
					},
					"position": {
						"vector": [0.97, -21.09, 0.04]
					}
				},
				"bullet2": {
					"rotation": {
						"0.0": {
							"vector": [0, 0, 0]
						},
						"0.3333": {
							"vector": [0, 0, 0]
						}
					},
					"position": {
						"0.0": {
							"vector": [0, 0, 8.64]
						},
						"0.3333": {
							"vector": [0, 0, 8.64]
						},
						"0.375": {
							"vector": [0, -1, 8.64]
						},
						"0.4167": {
							"vector": [0, -2, 8.64]
						}
					}
				}
			},
			"sound_effects": {
				"0.0833": {
					"effect": "boltsingleload"
				}
			}
		},
		"animation.model.finish": {
			"loop": true,
			"animation_length": 1.0833,
			"bones": {
				"main": {
					"rotation": {
						"0.0": {
							"vector": [-29.90184, -14.527, 32.67604]
						},
						"0.1667": {
							"vector": [-19.56151, -14.63599, 17.205]
						},
						"0.4583": {
							"vector": [-7.68472, -19.93989, 0.57543]
						},
						"0.7083": {
							"vector": [5, -2.5, 0]
						},
						"0.875": {
							"vector": [1.92, -1.54, 0]
						},
						"1.0833": {
							"vector": [0, 0, 0]
						}
					},
					"position": {
						"0.0": {
							"vector": [0, 0, 3]
						},
						"0.1667": {
							"vector": [0, 0, 3]
						},
						"0.4583": {
							"vector": [0, 0, 3],
							"easing": "easeInBounce"
						},
						"0.7083": {
							"vector": [0, 0, 3]
						},
						"0.875": {
							"vector": [0, 0, 1.15]
						},
						"1.0833": {
							"vector": [0, 0, 0]
						}
					}
				},
				"Part1": {
					"rotation": {
						"0.4167": {
							"vector": [0, 0, 90],
							"easing": "linear"
						},
						"0.4583": {
							"vector": [0, 0, 76]
						},
						"0.5": {
							"vector": [0, 0, 62],
							"easing": "linear"
						},
						"0.5417": {
							"vector": [0, 0, 42],
							"easing": "linear"
						},
						"0.5833": {
							"vector": [0, 0, 35]
						},
						"0.625": {
							"vector": [0, 0, 28],
							"easing": "linear"
						},
						"0.6667": {
							"vector": [0, 0, 21]
						},
						"0.7083": {
							"vector": [0, 0, 14],
							"easing": "linear"
						},
						"0.7917": {
							"vector": [0, 0, 7]
						},
						"0.875": {
							"vector": [0, 0, 0]
						}
					},
					"position": {
						"0.4167": {
							"vector": [-26.9, 24.6, 0]
						},
						"0.4583": {
							"vector": [-26, 18.6, 0]
						},
						"0.5": {
							"vector": [-23.6, 12.6, 0]
						},
						"0.5417": {
							"vector": [-17.5, 5.6, 0]
						},
						"0.5833": {
							"vector": [-15, 4.1, 0]
						},
						"0.625": {
							"vector": [-12.1, 2.6, 0],
							"easing": "linear"
						},
						"0.6667": {
							"vector": [-9.3, 1.48, 0]
						},
						"0.7083": {
							"vector": [-6.5, 0.5, 0]
						},
						"0.7917": {
							"vector": [-3.25, 0, 0]
						},
						"0.875": {
							"vector": [-0.25, 0, 0]
						}
					}
				},
				"rightarm": {
					"rotation": {
						"0.0": {
							"vector": [8.35989, -0.21, 1.67]
						},
						"0.125": {
							"vector": [-3.59655, -9.19255, 6.4577]
						},
						"0.2917": {
							"vector": [-2.54, 7.73, 1.86]
						},
						"0.375": {
							"vector": [-2.53743, 7.72776, 1.85984]
						},
						"0.4583": {
							"vector": [-2.49617, 10.15493, 1.23541]
						},
						"0.5417": {
							"vector": [-2.5, 15, 0]
						},
						"0.5833": {
							"vector": [0, 15, 0]
						},
						"0.625": {
							"vector": [0, 10, 0]
						},
						"0.75": {
							"vector": [0, 0, 0]
						}
					},
					"position": {
						"0.0": {
							"vector": [-12, 10, 17]
						},
						"0.125": {
							"vector": [-12.035, 11.94, 3.33]
						},
						"0.2917": {
							"vector": [-7.41, 11.44, -4.92]
						},
						"0.375": {
							"vector": [-7.405, 11.44, -4.92]
						},
						"0.4167": {
							"vector": [-7.6, 10.125, -4.92]
						},
						"0.4583": {
							"vector": [-7.785, 8.06, -4.92]
						},
						"0.5": {
							"vector": [-6.41, 8.06, -4.92]
						},
						"0.5417": {
							"vector": [-5.91, 6.31, -4.92]
						},
						"0.5833": {
							"vector": [-5.665, 4.56, -4.92]
						},
						"0.625": {
							"vector": [-6.04456, 2.30511, -4.9206]
						},
						"0.6667": {
							"vector": [-4.03, -0.835, -0.78]
						},
						"0.75": {
							"vector": [0, 0, 0]
						}
					}
				},
				"Bolt": {
					"rotation": {
						"vector": [0, 0, 0]
					},
					"position": {
						"0.0": {
							"vector": [0, 0, 11.625]
						},
						"0.125": {
							"vector": [0, 0, 11.625]
						},
						"0.2917": {
							"vector": [0, 0, 0]
						}
					}
				},
				"BoltMain": {
					"rotation": {
						"0.0": {
							"vector": [0, 0, 90]
						},
						"0.3333": {
							"vector": [0, 0, 90]
						},
						"0.375": {
							"vector": [0, 0, 90]
						},
						"0.625": {
							"vector": [0, 0, 0]
						},
						"0.6667": {
							"vector": [0, 0, 0]
						}
					},
					"position": {
						"0.0": {
							"vector": [0.97, -21.09, 0.04]
						},
						"0.3333": {
							"vector": [0.97, -21.09, 0.04]
						},
						"0.375": {
							"vector": [0.9716, -21.08518, 0.03523]
						},
						"0.4167": {
							"vector": [3.265, -18.08, 0.03]
						},
						"0.4583": {
							"vector": [4.56, -14.32, 0.03]
						},
						"0.5": {
							"vector": [4.855, -10.435, 0.03]
						},
						"0.5417": {
							"vector": [4.23, -6.54, 0.02]
						},
						"0.5833": {
							"vector": [2.49, -3.02, 0.01]
						},
						"0.625": {
							"vector": [0, 0, 0]
						},
						"0.6667": {
							"vector": [0, 0, 0]
						}
					}
				},
				"bullet": {
					"rotation": {
						"0.0": {
							"vector": [0, 0, 0]
						},
						"0.1667": {
							"vector": [0, 0, 0]
						},
						"0.2917": {
							"vector": [0, 0, 0]
						}
					},
					"position": {
						"0.0": {
							"vector": [0, 0, 8.64]
						},
						"0.1667": {
							"vector": [0, 0, 8.64]
						},
						"0.2917": {
							"vector": [0, 0, 0]
						}
					}
				},
				"bullet2": {
					"position": {
						"vector": [0, 0, -0.25]
					}
				}
			},
			"sound_effects": {
				"0.0": {
					"effect": "m95finish1"
				}
			}
		},
		"animation.model.draw": {
			"loop": true,
			"animation_length": 1.2,
			"bones": {
				"main": {
					"rotation": {
						"0.0": {
							"vector": [32.09413, -54.38778, -8.29667]
						},
						"0.35": {
							"vector": [0.50518, -5.08075, 6.8716],
							"easing": "easeOutSine"
						},
						"0.5": {
							"vector": [0.32389, -0.60235, -2.1558],
							"easing": "linear"
						},
						"0.6": {
							"vector": [0, 0, 0],
							"easing": "linear"
						}
					},
					"position": {
						"0.0": {
							"vector": [0, -17.3, 0]
						},
						"0.25": {
							"vector": [-0.4, -2.525, -1.625],
							"easing": "linear"
						},
						"0.4": {
							"vector": [-0.05, 0, -2.49],
							"easing": "linear"
						},
						"0.55": {
							"vector": [0, 0, 0],
							"easing": "linear"
						}
					}
				},
				"leftarm": {
					"rotation": {
						"0.0": {
							"vector": [0, 0, 0]
						},
						"0.2": {
							"vector": [1, 0, -22]
						},
						"0.4": {
							"vector": [0, 0, 0]
						}
					},
					"position": {
						"0.0": {
							"vector": [0, 0, 0]
						},
						"0.2": {
							"vector": [3.53901, 3.6754, 5.59783]
						},
						"0.4": {
							"vector": [0, 0, 0]
						}
					}
				}
			}
		},
		"animation.model.inspect": {
			"loop": true,
			"animation_length": 4.2667,
			"bones": {
				"main": {
					"rotation": {
						"0.0": {
							"vector": [0, 0, 0]
						},
						"0.1667": {
							"vector": [-8.41746, -13.59608, -21.21259],
							"easing": "linear"
						},
						"0.3": {
							"vector": [-8.39812, -20.10111, -31.77688]
						},
						"0.4333": {
							"vector": [-9.55676, -20.88889, -28.55629]
						},
						"0.5333": {
							"vector": [-8.77652, -21.21647, -30.72851]
						},
						"0.7667": {
							"vector": [-9.4227, -20.94881, -28.93303]
						},
						"1.0": {
							"vector": [-3.1216, -20.98207, -46.44405]
						},
						"1.1333": {
							"vector": [-4.564, -20.73064, -42.44007]
						},
						"1.2333": {
							"vector": [-4.86325, -20.9153, -41.60203]
						},
						"1.3333": {
							"vector": [-4.58308, -20.97575, -42.38574]
						},
						"1.4667": {
							"vector": [-4.01131, -21.08802, -43.97908]
						},
						"1.6": {
							"vector": [-4.38767, -21.01662, -42.9316]
						},
						"1.7": {
							"vector": [-4.18847, -21.05622, -43.48691],
							"easing": "linear"
						},
						"2.0333": {
							"vector": [-16.91438, 5.38499, 54.40399],
							"easing": "linear"
						},
						"2.1667": {
							"vector": [-15.22513, 5.80082, 60.04554]
						},
						"2.3": {
							"vector": [-15.70981, 5.86025, 59.48558]
						},
						"2.4333": {
							"vector": [-15.93602, 7.03904, 62.69373]
						},
						"2.5667": {
							"vector": [-15.60896, 7.75082, 65.23442]
						},
						"2.7333": {
							"vector": [-15.71675, 7.52491, 64.42194]
						},
						"2.9": {
							"vector": [-15.56389, 7.84019, 65.55973]
						},
						"3.1": {
							"vector": [-15.61778, 7.73186, 65.16659]
						},
						"3.2667": {
							"vector": [-15.9801, 6.93689, 62.33342]
						},
						"3.4": {
							"vector": [-8.86998, 2.42135, 33.56191]
						},
						"3.5333": {
							"vector": [0, -1.75, -2.75]
						},
						"3.7": {
							"vector": [0, 0, 0]
						}
					},
					"position": {
						"0.0": {
							"vector": [0, 0, 0]
						},
						"0.3": {
							"vector": [-0.475, 1.475, -8.7]
						},
						"0.4": {
							"vector": [-0.195, 1, -7.7]
						},
						"0.5333": {
							"vector": [-0.03, 0.725, -7.7]
						},
						"0.7": {
							"vector": [0, 1.125, -7.7]
						},
						"0.9": {
							"vector": [0.125, 1.4, -8.275]
						},
						"1.2": {
							"vector": [-0.02, 1.475, -8]
						},
						"1.4": {
							"vector": [0.11, 1.425, -8.175]
						},
						"1.6667": {
							"vector": [0.275, 1.25, -7.975]
						},
						"1.8": {
							"vector": [-0.13, -1.19, -8.65]
						},
						"1.9667": {
							"vector": [-0.545, -1.325, -11.15]
						},
						"2.1333": {
							"vector": [-0.415, -1.395, -10.545]
						},
						"2.2667": {
							"vector": [-0.525, -1.455, -9.17]
						},
						"2.4": {
							"vector": [-0.49, -1.43, -9.85]
						},
						"2.5667": {
							"vector": [-0.455, -1.5, -9.24]
						},
						"2.7667": {
							"vector": [-0.53, -1.5, -9.27]
						},
						"3.0": {
							"vector": [-0.49, -1.41, -9.3]
						},
						"3.2333": {
							"vector": [-0.545, -1.325, -9.325]
						},
						"3.3667": {
							"vector": [-1.005, -0.61, -7.41]
						},
						"3.6333": {
							"vector": [0, 0, 0]
						}
					}
				},
				"leftarm": {
					"rotation": {
						"0.0": {
							"vector": [0, 0, 0]
						},
						"0.1667": {
							"vector": [0, 0, -2.5]
						},
						"1.7333": {
							"vector": [0, 0, -2.5]
						},
						"2.0333": {
							"vector": [-20, 0, -45]
						},
						"3.3": {
							"vector": [-20, 0, -45]
						},
						"3.5667": {
							"vector": [0, 0, 0]
						}
					},
					"position": {
						"0.0": {
							"vector": [0, 0, 0]
						},
						"0.1667": {
							"vector": [11.23986, -30.20851, 24.64864]
						},
						"1.7333": {
							"vector": [11.23986, -30.20851, 24.64864]
						},
						"2.0333": {
							"vector": [7.35, 6.25, 2.33]
						},
						"3.3": {
							"vector": [7.35, 6.25, 2.33]
						},
						"3.5667": {
							"vector": [0, 0, 0]
						}
					}
				}
			}
		},
		"animation.model.fire": {
			"animation_length": 1.2917,
			"bones": {
				"main": {
					"rotation": {
						"0.0": {
							"vector": [0, 0, 0]
						},
						"0.0833": {
							"vector": [-8.70704, -2.00287, -6.82365]
						},
						"0.2083": {
							"vector": [-4.92074, -2.12162, -7.81848]
						},
						"0.2917": {
							"vector": [-4.74028, -1.62322, 0.57363]
						},
						"0.4583": {
							"vector": [-3.44584, -0.94265, 0.6289]
						},
						"0.5833": {
							"vector": [-2.34571, -1.11494, 6.6727]
						},
						"0.75": {
							"vector": [-2.82745, -0.92926, 4.35413]
						},
						"0.7917": {
							"vector": [-2.36097, -0.02597, 6.36667]
						},
						"0.9583": {
							"vector": [-2.33311, -0.30634, 3.92401]
						},
						"1.0833": {
							"vector": [-1.70472, -1.37749, 3.16024]
						},
						"1.1667": {
							"vector": [-1.24192, -1.11967, -1.13748]
						},
						"1.2917": {
							"vector": [0, 0, 0]
						}
					},
					"position": {
						"0.0": {
							"vector": [0, 0, 0]
						},
						"0.0833": {
							"vector": [-0.375, -0.9, 6.575]
						},
						"0.2917": {
							"vector": [-0.34, -0.65, 5.135]
						},
						"0.5": {
							"vector": [-0.29, -0.305, 3.255]
						},
						"0.6667": {
							"vector": [-0.22, -0.23, 2.98]
						},
						"0.75": {
							"vector": [-0.22, -0.23, 5.33]
						},
						"0.9167": {
							"vector": [-0.18, -0.32, 3.7]
						},
						"1.0833": {
							"vector": [-0.65, -0.455, 1.855]
						},
						"1.2083": {
							"vector": [0, 0, 0]
						}
					}
				},
				"rightarm": {
					"rotation": {
						"0.0": {
							"vector": [0, 0, 0]
						},
						"0.0833": {
							"vector": [0, 10, 0]
						},
						"0.1667": {
							"vector": [0, 15, 0]
						},
						"0.2083": {
							"vector": [-2.5, 15, 0]
						},
						"0.2917": {
							"vector": [-2.49617, 10.15493, 1.23541]
						},
						"0.375": {
							"vector": [-2.53743, 7.72776, 1.85984]
						},
						"0.4583": {
							"vector": [-2.54, 7.73, 1.86]
						},
						"0.625": {
							"vector": [-3.59655, -9.19255, 6.4577]
						},
						"0.7917": {
							"vector": [-2.54, 7.73, 1.86]
						},
						"0.875": {
							"vector": [-2.53743, 7.72776, 1.85984]
						},
						"0.9583": {
							"vector": [-2.49617, 10.15493, 1.23541]
						},
						"1.0417": {
							"vector": [-2.5, 15, 0]
						},
						"1.0833": {
							"vector": [0, 15, 0]
						},
						"1.125": {
							"vector": [0, 10, 0]
						},
						"1.25": {
							"vector": [0, 0, 0]
						}
					},
					"position": {
						"0.0": {
							"vector": [0, 0, 0]
						},
						"0.0833": {
							"vector": [-6.04456, 2.30511, -4.9206]
						},
						"0.1667": {
							"vector": [-5.665, 4.56, -4.92]
						},
						"0.2083": {
							"vector": [-5.91, 6.31, -4.92]
						},
						"0.25": {
							"vector": [-6.41, 8.06, -4.92]
						},
						"0.2917": {
							"vector": [-7.785, 8.06, -4.92]
						},
						"0.3333": {
							"vector": [-7.6, 10.125, -4.92]
						},
						"0.375": {
							"vector": [-7.405, 11.44, -4.92]
						},
						"0.4583": {
							"vector": [-7.41, 11.44, -4.92]
						},
						"0.625": {
							"vector": [-12.035, 11.94, 3.33]
						},
						"0.7917": {
							"vector": [-7.41, 11.44, -4.92]
						},
						"0.875": {
							"vector": [-7.405, 11.44, -4.92]
						},
						"0.9167": {
							"vector": [-7.6, 10.125, -4.92]
						},
						"0.9583": {
							"vector": [-7.785, 8.06, -4.92]
						},
						"1.0": {
							"vector": [-6.41, 8.06, -4.92]
						},
						"1.0417": {
							"vector": [-5.91, 6.31, -4.92]
						},
						"1.0833": {
							"vector": [-5.665, 4.56, -4.92]
						},
						"1.125": {
							"vector": [-6.04456, 2.30511, -4.9206]
						},
						"1.25": {
							"vector": [0, 0, 0]
						}
					}
				},
				"bullet": {
					"rotation": {
						"0.4583": {
							"vector": [0, 0, 0]
						},
						"0.625": {
							"vector": [-2.5, 0, 0]
						},
						"0.7083": {
							"vector": [-35.22276, 31.9445, -11.59961]
						},
						"0.875": {
							"vector": [28.9949, 86.27354, 43.23636]
						},
						"1.125": {
							"vector": [0, 0, 0]
						}
					},
					"position": {
						"0.4583": {
							"vector": [0, 0, 0]
						},
						"0.5833": {
							"vector": [0, 0, 8.625]
						},
						"0.625": {
							"vector": [-1.125, 1.75, 8.63]
						},
						"0.7083": {
							"vector": [-23.495, 13, 14.38]
						},
						"0.7917": {
							"vector": [-128.615, 24.255, 35.8175]
						},
						"0.875": {
							"vector": [-344.24, -78.745, 76.755]
						},
						"1.125": {
							"vector": [-13.84956, -135.89534, 27.52525]
						}
					}
				},
				"Bolt": {
					"rotation": {
						"0.4583": {
							"vector": [0, 0, 0]
						},
						"0.7917": {
							"vector": [0, 0, 0]
						}
					},
					"position": {
						"0.4583": {
							"vector": [0, 0, 0]
						},
						"0.625": {
							"vector": [0, 0, 11.625]
						},
						"0.7917": {
							"vector": [0, 0, 0]
						}
					}
				},
				"BoltMain": {
					"rotation": {
						"0.0833": {
							"vector": [0, 0, 0]
						},
						"0.125": {
							"vector": [0, 0, 0]
						},
						"0.375": {
							"vector": [0, 0, 90]
						},
						"0.4167": {
							"vector": [0, 0, 90]
						},
						"0.8333": {
							"vector": [0, 0, 90]
						},
						"0.875": {
							"vector": [0, 0, 90]
						},
						"1.125": {
							"vector": [0, 0, 0]
						},
						"1.1667": {
							"vector": [0, 0, 0]
						}
					},
					"position": {
						"0.0833": {
							"vector": [0, 0, 0]
						},
						"0.125": {
							"vector": [0, 0, 0]
						},
						"0.1667": {
							"vector": [2.49, -3.02, 0.01]
						},
						"0.2083": {
							"vector": [4.23, -6.54, 0.02]
						},
						"0.25": {
							"vector": [4.855, -10.435, 0.03]
						},
						"0.2917": {
							"vector": [4.56, -14.32, 0.03]
						},
						"0.3333": {
							"vector": [3.265, -18.08, 0.03]
						},
						"0.375": {
							"vector": [0.9716, -21.08518, 0.03523]
						},
						"0.4167": {
							"vector": [0.97, -21.09, 0.04]
						},
						"0.8333": {
							"vector": [0.97, -21.09, 0.04]
						},
						"0.875": {
							"vector": [0.9716, -21.08518, 0.03523]
						},
						"0.9167": {
							"vector": [3.265, -18.08, 0.03]
						},
						"0.9583": {
							"vector": [4.56, -14.32, 0.03]
						},
						"1.0": {
							"vector": [4.855, -10.435, 0.03]
						},
						"1.0417": {
							"vector": [4.23, -6.54, 0.02]
						},
						"1.0833": {
							"vector": [2.49, -3.02, 0.01]
						},
						"1.125": {
							"vector": [0, 0, 0]
						},
						"1.1667": {
							"vector": [0, 0, 0]
						}
					}
				},
				"Bolt1": {
					"rotation": {
						"vector": [0, 0, 0]
					},
					"position": {
						"vector": [0, 0, 0]
					}
				},
				"leftarm": {
					"rotation": {
						"0.0": {
							"vector": [0, 0, 0]
						},
						"0.375": {
							"vector": [0, 0, 0]
						},
						"0.5": {
							"vector": [-6.21558, 8.29608, 1.52935]
						},
						"1.0": {
							"vector": [-6.21558, 8.29608, 1.52935]
						},
						"1.2917": {
							"vector": [0, 0, 0]
						}
					},
					"position": {
						"0.0": {
							"vector": [0, 0, 0]
						},
						"0.375": {
							"vector": [0, 0, 0]
						},
						"0.5": {
							"vector": [1.25, -0.5, 3.25]
						},
						"1.0": {
							"vector": [1.25, -0.5, 3.25]
						},
						"1.2917": {
							"vector": [0, 0, 0]
						}
					}
				},
				"bullet2": {
					"position": {
						"0.0": {
							"vector": [0, 0, 0]
						},
						"0.5417": {
							"vector": [0, -1.75, 8.63]
						},
						"0.625": {
							"vector": [0, -1, 8.63]
						},
						"0.6667": {
							"vector": [0, 0, 8.63]
						},
						"0.7917": {
							"vector": [0, 0, 0]
						}
					}
				}
			}
		}
	},
	"geckolib_format_version": 2
}