{
	"format_version": "1.8.0",
	"animations": {
		"animation.model.reloadempty": {
			"animation_length": 3.4167,
			"bones": {
				"main": {
					"rotation": {
						"0.0": {
							"vector": [0, 0, 0]
						},
						"0.1667": {
							"vector": [0, 0, 7.5]
						},
						"0.3333": {
							"vector": [-18.85702, 2.53325, 37.39226]
						},
						"0.4583": {
							"vector": [-25.26028, 13.67205, 72.78653]
						},
						"0.5833": {
							"vector": [-37.47124, 6.67776, 72.02405]
						},
						"0.6667": {
							"vector": [-37.95038, 7.12641, 68.49205]
						},
						"0.9167": {
							"vector": [-39.1751, 16.49076, 63.04521]
						},
						"1.1667": {
							"vector": [-39.34903, 10.58114, 61.39295]
						},
						"1.375": {
							"vector": [-38.4723, 9.51583, 63.38209]
						},
						"1.5417": {
							"vector": [-38.23943, 7.55528, 64.95075]
						},
						"1.75": {
							"vector": [-37.78901, -6.76621, 50.74352]
						},
						"1.8333": {
							"vector": [-38.8, -10.93, 44.74]
						},
						"1.9167": {
							"vector": [-37.78901, -6.76621, 50.74352]
						},
						"2.0417": {
							"vector": [-32.58988, -21.34222, 29.73091]
						},
						"2.1667": {
							"vector": [-26.44884, -28.77573, 15.32497]
						},
						"2.5": {
							"vector": [-1.21728, -38.28435, -28.65218]
						},
						"2.75": {
							"vector": [-5.14141, -38.00671, -22.303]
						},
						"2.9167": {
							"vector": [0.75674, -38.2944, -31.83747]
						},
						"3.0417": {
							"vector": [-5.14141, -38.00671, -22.303]
						},
						"3.4167": {
							"vector": [0, 0, 0]
						}
					},
					"position": {
						"0.0": {
							"vector": [0, 0, 0]
						},
						"0.1667": {
							"vector": [0, 0, 0]
						},
						"0.5833": {
							"vector": [0, 0, 0]
						},
						"1.8333": {
							"vector": [0.63824, 0.87615, 0.84595]
						},
						"1.9167": {
							"vector": [0, 0, 0]
						},
						"2.0417": {
							"vector": [0, 0, 0]
						},
						"2.5": {
							"vector": [-29.53636, -17.47919, 43.45655]
						},
						"2.625": {
							"vector": [-30.07339, -17.79565, 44.24477]
						},
						"2.75": {
							"vector": [-29.53636, -17.47919, 43.45655]
						},
						"2.9167": {
							"vector": [-30.33644, -17.95267, 44.63371]
						},
						"3.0417": {
							"vector": [-29.53636, -17.47919, 43.45655]
						},
						"3.4167": {
							"vector": [0, 0, 0]
						}
					}
				},
				"leftarm": {
					"rotation": {
						"0.2917": {
							"vector": [0, 0, 0]
						},
						"0.4583": {
							"vector": [0, 0, -82.5]
						},
						"1.75": {
							"vector": [0, 0, -82.5]
						},
						"2.125": {
							"vector": [0, 0, 0]
						},
						"2.3333": {
							"vector": [7.5, 0, 0]
						},
						"2.7083": {
							"vector": [7.5, 0, 0]
						},
						"2.9167": {
							"vector": [7.5, 0, 0]
						},
						"3.2083": {
							"vector": [0, 0, 0]
						}
					},
					"position": {
						"0.2917": {
							"vector": [0, 0, 0]
						},
						"0.4583": {
							"vector": [-0.94745, 6.99909, 4.06503]
						},
						"1.75": {
							"vector": [-0.94745, 6.99909, 4.06503]
						},
						"2.125": {
							"vector": [0, 0, 0]
						},
						"2.3333": {
							"vector": [1.37855, -1.982, -5.02488]
						},
						"2.7083": {
							"vector": [-2.66482, 1.28149, -44.36664]
						},
						"2.9167": {
							"vector": [-2.4131, 1.33645, -36.45527]
						},
						"3.2083": {
							"vector": [0, 0, 0]
						}
					}
				},
				"magazine": {
					"rotation": {
						"0.5": {
							"vector": [0, 0, 0]
						},
						"0.5417": {
							"vector": [0, 0, 0]
						},
						"0.6667": {
							"vector": [5, 0, 0]
						},
						"0.75": {
							"vector": [15, 0, 0]
						},
						"0.9167": {
							"vector": [45, 0, 0]
						},
						"1.5": {
							"vector": [45, 0, 0]
						},
						"1.6667": {
							"vector": [15, 0, 0]
						},
						"1.75": {
							"vector": [5, 0, 0]
						},
						"1.875": {
							"vector": [0, 0, 0]
						},
						"1.9167": {
							"vector": [0, 0, 0]
						}
					},
					"position": {
						"0.5": {
							"vector": [0, 0, 0]
						},
						"0.5417": {
							"vector": [0, 0, 0]
						},
						"0.625": {
							"vector": [0, -1.79505, 1.37267]
						},
						"0.6667": {
							"vector": [0, -1.68479, 2.11691]
						},
						"0.75": {
							"vector": [0, -7.52695, 7.82779]
						},
						"0.9167": {
							"vector": [0, -17.79378, 41.42944]
						},
						"1.5": {
							"vector": [0, -17.79378, 41.42944]
						},
						"1.6667": {
							"vector": [0, -7.52695, 7.82779]
						},
						"1.75": {
							"vector": [0, -1.68479, 2.11691]
						},
						"1.7917": {
							"vector": [0, -1.79505, 1.37267]
						},
						"1.875": {
							"vector": [0, 0, 0]
						},
						"1.9167": {
							"vector": [0, 0, 0]
						}
					}
				},
				"Bolt": {
					"rotation": {
						"2.7083": {
							"vector": [0, 0, 0]
						},
						"2.9167": {
							"vector": [0, 0, 0]
						},
						"3.1667": {
							"vector": [0, 0, 0]
						}
					},
					"position": {
						"2.7083": {
							"vector": [0, 0, 0]
						},
						"2.9167": {
							"vector": [0, 0, 7]
						},
						"3.1667": {
							"vector": [0, 0, 0]
						}
					}
				},
				"rightarm": {
					"rotation": {
						"0.0": {
							"vector": [0, 0, 0]
						},
						"0.1667": {
							"vector": [-0.47185, 28.5683, -4.17996]
						},
						"0.4167": {
							"vector": [0, 22.5, 0]
						},
						"0.5417": {
							"vector": [0, 22.5, 0]
						},
						"0.5833": {
							"vector": [7.5, 22.5, 0]
						},
						"0.625": {
							"vector": [15, 22.5, 0]
						},
						"0.6667": {
							"vector": [20, 22.5, 0]
						},
						"0.75": {
							"vector": [25, 22.5, 0]
						},
						"0.9167": {
							"vector": [62.5, 22.5, 0]
						},
						"1.5": {
							"vector": [62.5, 22.5, 0]
						},
						"1.6667": {
							"vector": [25, 22.5, 0]
						},
						"1.75": {
							"vector": [20, 22.5, 0]
						},
						"1.7917": {
							"vector": [15, 22.5, 0]
						},
						"1.8333": {
							"vector": [7.5, 22.5, 0]
						},
						"1.875": {
							"vector": [0, 22.5, 0]
						},
						"2.0833": {
							"vector": [-0.47185, 28.5683, -4.17996]
						},
						"2.2083": {
							"vector": [0, 0, 0]
						}
					},
					"position": {
						"0.0": {
							"vector": [0, 0, 0]
						},
						"0.1667": {
							"vector": [-7.55573, 1.48483, 0.71965]
						},
						"0.4167": {
							"vector": [2.14903, -5.57085, -15.68216]
						},
						"0.5417": {
							"vector": [2.15, -5.57, -15.68]
						},
						"0.5833": {
							"vector": [2.15, -5.57, -15.68]
						},
						"0.625": {
							"vector": [2.16979, -5.94391, -15.65946]
						},
						"0.7083": {
							"vector": [2.6126, -10.78542, -14.34981]
						},
						"0.75": {
							"vector": [3.1358, -14.9057, -12.3966]
						},
						"0.9167": {
							"vector": [2.43931, -31.3774, 16.03863]
						},
						"1.5": {
							"vector": [2.43931, -31.3774, 16.03863]
						},
						"1.6667": {
							"vector": [3.1358, -14.9057, -12.3966]
						},
						"1.7083": {
							"vector": [2.6126, -10.78542, -14.34981]
						},
						"1.7917": {
							"vector": [2.16979, -5.94391, -15.65946]
						},
						"1.8333": {
							"vector": [2.15, -5.57, -15.68]
						},
						"1.875": {
							"vector": [2.15, -5.57, -15.68]
						},
						"2.0": {
							"vector": [-0.67302, -5.6807, -7.62969]
						},
						"2.0833": {
							"vector": [2.64442, -0.64607, -2.89377]
						},
						"2.2083": {
							"vector": [0, 0, 0]
						}
					}
				}
			},
			"sound_effects": {
				"0.1667": {
					"effect": "m1907reloadempty"
				}
			}
		},
		"animation.model.reload": {
			"animation_length": 2.2917,
			"bones": {
				"main": {
					"rotation": {
						"0.0": {
							"vector": [0, 0, 0]
						},
						"0.1667": {
							"vector": [0, 0, 7.5]
						},
						"0.3333": {
							"vector": [-18.85702, 2.53325, 37.39226]
						},
						"0.4583": {
							"vector": [-25.26028, 13.67205, 72.78653]
						},
						"0.5833": {
							"vector": [-37.47124, 6.67776, 72.02405]
						},
						"0.6667": {
							"vector": [-37.95038, 7.12641, 68.49205]
						},
						"0.9167": {
							"vector": [-39.1751, 16.49076, 63.04521]
						},
						"1.1667": {
							"vector": [-39.34903, 10.58114, 61.39295]
						},
						"1.375": {
							"vector": [-38.4723, 9.51583, 63.38209]
						},
						"1.5417": {
							"vector": [-38.23943, 7.55528, 64.95075]
						},
						"1.75": {
							"vector": [-37.78901, -6.76621, 50.74352]
						},
						"1.8333": {
							"vector": [-38.8, -10.93, 44.74]
						},
						"1.9167": {
							"vector": [-37.78901, -6.76621, 50.74352]
						},
						"2.0417": {
							"vector": [-32.58988, -21.34222, 29.73091]
						},
						"2.2917": {
							"vector": [0, 0, 0]
						}
					},
					"position": {
						"0.0": {
							"vector": [0, 0, 0]
						},
						"0.1667": {
							"vector": [0, 0, 0]
						},
						"0.5833": {
							"vector": [0, 0, 0]
						},
						"1.8333": {
							"vector": [0.63824, 0.87615, 0.84595]
						},
						"1.9167": {
							"vector": [0, 0, 0]
						},
						"2.0417": {
							"vector": [0, 0, 0]
						},
						"2.2917": {
							"vector": [0, 0, 0]
						}
					}
				},
				"magazine": {
					"rotation": {
						"0.5": {
							"vector": [0, 0, 0]
						},
						"0.5417": {
							"vector": [0, 0, 0]
						},
						"0.6667": {
							"vector": [5, 0, 0]
						},
						"0.75": {
							"vector": [15, 0, 0]
						},
						"0.9167": {
							"vector": [45, 0, 0]
						},
						"1.5": {
							"vector": [45, 0, 0]
						},
						"1.6667": {
							"vector": [15, 0, 0]
						},
						"1.75": {
							"vector": [5, 0, 0]
						},
						"1.875": {
							"vector": [0, 0, 0]
						},
						"1.9167": {
							"vector": [0, 0, 0]
						}
					},
					"position": {
						"0.5": {
							"vector": [0, 0, 0]
						},
						"0.5417": {
							"vector": [0, 0, 0]
						},
						"0.625": {
							"vector": [0, -1.79505, 1.37267]
						},
						"0.6667": {
							"vector": [0, -1.68479, 2.11691]
						},
						"0.75": {
							"vector": [0, -7.52695, 7.82779]
						},
						"0.9167": {
							"vector": [0, -17.79378, 41.42944]
						},
						"1.5": {
							"vector": [0, -17.79378, 41.42944]
						},
						"1.6667": {
							"vector": [0, -7.52695, 7.82779]
						},
						"1.75": {
							"vector": [0, -1.68479, 2.11691]
						},
						"1.7917": {
							"vector": [0, -1.79505, 1.37267]
						},
						"1.875": {
							"vector": [0, 0, 0]
						},
						"1.9167": {
							"vector": [0, 0, 0]
						}
					}
				},
				"rightarm": {
					"rotation": {
						"0.0": {
							"vector": [0, 0, 0]
						},
						"0.1667": {
							"vector": [-0.47185, 28.5683, -4.17996]
						},
						"0.4167": {
							"vector": [0, 22.5, 0]
						},
						"0.5417": {
							"vector": [0, 22.5, 0]
						},
						"0.5833": {
							"vector": [7.5, 22.5, 0]
						},
						"0.625": {
							"vector": [15, 22.5, 0]
						},
						"0.6667": {
							"vector": [20, 22.5, 0]
						},
						"0.75": {
							"vector": [25, 22.5, 0]
						},
						"0.9167": {
							"vector": [62.5, 22.5, 0]
						},
						"1.5": {
							"vector": [62.5, 22.5, 0]
						},
						"1.6667": {
							"vector": [25, 22.5, 0]
						},
						"1.75": {
							"vector": [20, 22.5, 0]
						},
						"1.7917": {
							"vector": [15, 22.5, 0]
						},
						"1.8333": {
							"vector": [7.5, 22.5, 0]
						},
						"1.875": {
							"vector": [0, 22.5, 0]
						},
						"2.0833": {
							"vector": [-0.47185, 28.5683, -4.17996]
						},
						"2.2083": {
							"vector": [0, 0, 0]
						}
					},
					"position": {
						"0.0": {
							"vector": [0, 0, 0]
						},
						"0.1667": {
							"vector": [-7.55573, 1.48483, 0.71965]
						},
						"0.4167": {
							"vector": [2.14903, -5.57085, -15.68216]
						},
						"0.5417": {
							"vector": [2.15, -5.57, -15.68]
						},
						"0.5833": {
							"vector": [2.15, -5.57, -15.68]
						},
						"0.625": {
							"vector": [2.16979, -5.94391, -15.65946]
						},
						"0.7083": {
							"vector": [2.6126, -10.78542, -14.34981]
						},
						"0.75": {
							"vector": [3.1358, -14.9057, -12.3966]
						},
						"0.9167": {
							"vector": [2.43931, -31.3774, 16.03863]
						},
						"1.5": {
							"vector": [2.43931, -31.3774, 16.03863]
						},
						"1.6667": {
							"vector": [3.1358, -14.9057, -12.3966]
						},
						"1.7083": {
							"vector": [2.6126, -10.78542, -14.34981]
						},
						"1.7917": {
							"vector": [2.16979, -5.94391, -15.65946]
						},
						"1.8333": {
							"vector": [2.15, -5.57, -15.68]
						},
						"1.875": {
							"vector": [2.15, -5.57, -15.68]
						},
						"2.0": {
							"vector": [-0.67302, -5.6807, -7.62969]
						},
						"2.0833": {
							"vector": [2.64442, -0.64607, -2.89377]
						},
						"2.2083": {
							"vector": [0, 0, 0]
						}
					}
				},
				"leftarm": {
					"rotation": {
						"0.2917": {
							"vector": [0, 0, 0]
						},
						"0.4583": {
							"vector": [0, 0, -82.5]
						},
						"1.75": {
							"vector": [0, 0, -82.5]
						},
						"2.2917": {
							"vector": [0, 0, 0]
						}
					},
					"position": {
						"0.2917": {
							"vector": [0, 0, 0]
						},
						"0.4583": {
							"vector": [-0.94745, 6.99909, 4.06503]
						},
						"1.75": {
							"vector": [-0.94745, 6.99909, 4.06503]
						},
						"1.8333": {
							"vector": [-1.125, 4.95008, 3.17486]
						},
						"2.2917": {
							"vector": [0, 0, 0]
						}
					}
				}
			},
			"sound_effects": {
				"0.1667": {
					"effect": "m1907reload"
				}
			}
		},
		"animation.model.draw": {
			"loop": true,
			"animation_length": 1.2,
			"bones": {
				"main": {
					"rotation": {
						"0.0": {
							"vector": [32.09413, -54.38778, -8.29667]
						},
						"0.35": {
							"vector": [0.50518, -5.08075, 6.8716],
							"easing": "easeOutSine"
						},
						"0.5": {
							"vector": [0.32389, -0.60235, -2.1558],
							"easing": "linear"
						},
						"0.6": {
							"vector": [0, 0, 0],
							"easing": "linear"
						}
					},
					"position": {
						"0.0": {
							"vector": [0, -17.3, 0]
						},
						"0.25": {
							"vector": [-0.4, -2.525, -1.625],
							"easing": "linear"
						},
						"0.4": {
							"vector": [-0.05, 0, -2.49],
							"easing": "linear"
						},
						"0.55": {
							"vector": [0, 0, 0],
							"easing": "linear"
						}
					}
				},
				"leftarm": {
					"rotation": {
						"0.0": {
							"vector": [0, 0, 0]
						},
						"0.2": {
							"vector": [1, 0, -22]
						},
						"0.4": {
							"vector": [0, 0, 0]
						}
					},
					"position": {
						"0.0": {
							"vector": [0, 0, 0]
						},
						"0.2": {
							"vector": [3.53901, 3.6754, 5.59783]
						},
						"0.4": {
							"vector": [0, 0, 0]
						}
					}
				}
			}
		},
		"animation.model.inspect": {
			"loop": true,
			"animation_length": 4.2667,
			"bones": {
				"main": {
					"rotation": {
						"0.0": {
							"vector": [0, 0, 0]
						},
						"0.1667": {
							"vector": [-8.41746, -13.59608, -21.21259],
							"easing": "linear"
						},
						"0.3": {
							"vector": [-8.39812, -20.10111, -31.77688]
						},
						"0.4333": {
							"vector": [-9.55676, -20.88889, -28.55629]
						},
						"0.5333": {
							"vector": [-8.77652, -21.21647, -30.72851]
						},
						"0.7667": {
							"vector": [-9.4227, -20.94881, -28.93303]
						},
						"1.0": {
							"vector": [-3.1216, -20.98207, -46.44405]
						},
						"1.1333": {
							"vector": [-4.564, -20.73064, -42.44007]
						},
						"1.2333": {
							"vector": [-4.86325, -20.9153, -41.60203]
						},
						"1.3333": {
							"vector": [-4.58308, -20.97575, -42.38574]
						},
						"1.4667": {
							"vector": [-4.01131, -21.08802, -43.97908]
						},
						"1.6": {
							"vector": [-4.38767, -21.01662, -42.9316]
						},
						"1.7": {
							"vector": [-4.18847, -21.05622, -43.48691],
							"easing": "linear"
						},
						"2.0333": {
							"vector": [-16.91438, 5.38499, 54.40399],
							"easing": "linear"
						},
						"2.1667": {
							"vector": [-15.22513, 5.80082, 60.04554]
						},
						"2.3": {
							"vector": [-15.70981, 5.86025, 59.48558]
						},
						"2.4333": {
							"vector": [-15.93602, 7.03904, 62.69373]
						},
						"2.5667": {
							"vector": [-15.60896, 7.75082, 65.23442]
						},
						"2.7333": {
							"vector": [-15.71675, 7.52491, 64.42194]
						},
						"2.9": {
							"vector": [-15.56389, 7.84019, 65.55973]
						},
						"3.1": {
							"vector": [-15.61778, 7.73186, 65.16659]
						},
						"3.2667": {
							"vector": [-15.9801, 6.93689, 62.33342]
						},
						"3.4": {
							"vector": [-8.86998, 2.42135, 33.56191]
						},
						"3.5333": {
							"vector": [0, -1.75, -2.75]
						},
						"3.7": {
							"vector": [0, 0, 0]
						}
					},
					"position": {
						"0.0": {
							"vector": [0, 0, 0]
						},
						"0.3": {
							"vector": [-0.475, 1.475, -8.7]
						},
						"0.4": {
							"vector": [-0.195, 1, -7.7]
						},
						"0.5333": {
							"vector": [-0.03, 0.725, -7.7]
						},
						"0.7": {
							"vector": [0, 1.125, -7.7]
						},
						"0.9": {
							"vector": [0.125, 1.4, -8.275]
						},
						"1.2": {
							"vector": [-0.02, 1.475, -8]
						},
						"1.4": {
							"vector": [0.11, 1.425, -8.175]
						},
						"1.6667": {
							"vector": [0.275, 1.25, -7.975]
						},
						"1.8": {
							"vector": [-0.13, -1.19, -8.65]
						},
						"1.9667": {
							"vector": [-0.545, -1.325, -11.15]
						},
						"2.1333": {
							"vector": [-0.415, -1.395, -10.545]
						},
						"2.2667": {
							"vector": [-0.525, -1.455, -9.17]
						},
						"2.4": {
							"vector": [-0.49, -1.43, -9.85]
						},
						"2.5667": {
							"vector": [-0.455, -1.5, -9.24]
						},
						"2.7667": {
							"vector": [-0.53, -1.5, -9.27]
						},
						"3.0": {
							"vector": [-0.49, -1.41, -9.3]
						},
						"3.2333": {
							"vector": [-0.545, -1.325, -9.325]
						},
						"3.3667": {
							"vector": [-1.005, -0.61, -7.41]
						},
						"3.6333": {
							"vector": [0, 0, 0]
						}
					}
				},
				"leftarm": {
					"rotation": {
						"0.0": {
							"vector": [0, 0, 0]
						},
						"0.1667": {
							"vector": [0, 0, -2.5]
						},
						"1.7333": {
							"vector": [0, 0, -2.5]
						},
						"2.0333": {
							"vector": [-20, 0, -45]
						},
						"3.3": {
							"vector": [-20, 0, -45]
						},
						"3.5667": {
							"vector": [0, 0, 0]
						}
					},
					"position": {
						"0.0": {
							"vector": [0, 0, 0]
						},
						"0.1667": {
							"vector": [11.23986, -30.20851, 24.64864]
						},
						"1.7333": {
							"vector": [11.23986, -30.20851, 24.64864]
						},
						"2.0333": {
							"vector": [7.35, 6.25, 2.33]
						},
						"3.3": {
							"vector": [7.35, 6.25, 2.33]
						},
						"3.5667": {
							"vector": [0, 0, 0]
						}
					}
				}
			}
		}
	},
	"geckolib_format_version": 2
}