{
  "loader": "forge:separate_transforms",
    "gui_light": "front",
    "base": 
{
  "credit": "Made with Blockbench",
  "parent": "builtin/entity",
  "texture_size": [
    256,
    256
  ],
  "display": {
    "thirdperson_righthand": {
      "translation": [
        -3.25,
        -4.25,
        -7
      ],
      "scale": [
        0.24,
        0.24,
        0.24
      ]
    },
    "thirdperson_lefthand": {
      "translation": [
        -3.25,
        -4.25,
        -7
      ],
      "scale": [
        0.24,
        0.24,
        0.24
      ]
    },
    "firstperson_righthand": {
      "translation": [
        -7.5,
        -18,
        -46
      ]
    },
    "firstperson_lefthand": {
      "translation": [
        -9,
        -18,
        -46
      ]
    },
    "ground": {
      "translation": [
        0,
        -1,
        -1.5
      ],
      "scale": [
        0.3,
        0.3,
        0.3
      ]
    },
    "gui": {
      "rotation": [
        44,
        50,
        -40
      ],
      "translation": [
        14,
        -7.75,
        0
      ],
      "scale": [
        0.37,
        0.37,
        0.37
      ]
    },
    "fixed": {
      "rotation": [
        180,
        -90,
        180
      ],
      "translation": [
        -21.5,
        -4.25,
        -1
      ],
      "scale": [
        0.62,
        0.62,
        0.62
      ]
    }
  }
},
"perspectives": {
 "gui": {
    "parent": "item/generated",
   "textures": {
     "layer0": "pointblank:item/dshkq.icon"
    }
  }
}
}