{
  "loader": "forge:separate_transforms",
    "gui_light": "front",
    "base": 
{
  "credit": "Made with Blockbench",
  "parent": "builtin/entity",
  "texture_size": [
    256,
    256
  ],
  "display": {
    "thirdperson_righthand": {
      "translation": [
        0,
        -4.25,
        0
      ],
      "scale": [
        0.22,
        0.22,
        0.22
      ]
    },
    "thirdperson_lefthand": {
      "translation": [
        0,
        -4.25,
        0
      ],
      "scale": [
        0.22,
        0.22,
        0.22
      ]
    },
    "firstperson_righthand": {
      "rotation": [
        0,
        0,
        3
      ],
      "translation": [
        0.5,
        -25,
        -6.75
      ]
    },
    "firstperson_lefthand": {
      "rotation": [
        0,
        0,
        3
      ],
      "translation": [
        0.5,
        -25,
        -6.75
      ]
    },
    "ground": {
      "translation": [
        0,
        -3.25,
        11.75
      ],
      "scale": [
        0.24,
        0.24,
        0.24
      ]
    },
    "gui": {
      "rotation": [
        44,
        50,
        -40
      ],
      "translation": [
        9,
        -12.75,
        0
      ],
      "scale": [
        0.37,
        0.37,
        0.37
      ]
    },
    "fixed": {
      "rotation": [
        180,
        -90,
        180
      ],
      "translation": [
        -19.75,
        -10.25,
        -1
      ],
      "scale": [
        0.62,
        0.62,
        0.62
      ]
    }
  }
},
"perspectives": {
 "gui": {
    "parent": "item/generated",
   "textures": {
     "layer0": "pointblank:item/smoothboreq.icon"
    }
  }
}
}