{
	"eea_pm_magin": {
        "sounds": [
            {
                "name": "pointblank:eea_pm_magin",
                "stream": false
            }
        ]
    },
	"eea_pm_magout": {
        "sounds": [
            {
                "name": "pointblank:eea_pm_magout",
                "stream": false
            }
        ]
    },
	"eea_pm_slide": {
        "sounds": [
            {
                "name": "pointblank:eea_pm_slide",
                "stream": false
            }
        ]
    },
    "eea_pp90": {
        "sounds": [
            {
                "name": "pointblank:eea_pp90",
                "stream": false
            }
        ]
    },
    "eea_pp90_action": {
        "sounds": [
            {
                "name": "pointblank:eea_pp90_action",
                "stream": false
            }
        ]
    },
    "eea_pp90_magin": {
        "sounds": [
            {
                "name": "pointblank:eea_pp90_magin",
                "stream": false
            }
        ]
    },
    "eea_pp90_magout": {
        "sounds": [
            {
                "name": "pointblank:eea_pp90_magout",
                "stream": false
            }
        ]
    },
    "eea_pp90_suppressed": {
        "sounds": [
            {
                "name": "pointblank:eea_pp90_suppressed",
                "stream": false
            }
        ]
    },	
	"eea_pm": {
        "sounds": [
            {
                "name": "pointblank:eea_pm",
                "stream": false
            }
        ]
    },
	"eea_pb": {
        "sounds": [
            {
                "name": "pointblank:eea_pb",
                "stream": false
            }
        ]
    },
	"eea_pb_silenced": {
        "sounds": [
            {
                "name": "pointblank:eea_pb_silenced",
                "stream": false
            }
        ]
    },
	"eea_gsh18": {
        "sounds": [
            {
                "name": "pointblank:eea_gsh18",
                "stream": false
            }
        ]
	},	
	"eea_aps": {
        "sounds": [
            {
                "name": "pointblank:eea_aps",
                "stream": false
            }
        ]
    },
	"eea_ots33": {
        "sounds": [
            {
                "name": "pointblank:eea_ots33",
                "stream": false
            }
        ]
    },
	"eea_ots02": {
        "sounds": [
            {
                "name": "pointblank:eea_ots02",
                "stream": false
            }
        ]
    },
	"eea_sr1mp": {
        "sounds": [
            {
                "name": "pointblank:eea_sr1mp",
                "stream": false
            }
        ]
	},
	"eea_pp90m1": {
        "sounds": [
            {
                "name": "pointblank:eea_pp90m1",
                "stream": false
            }
        ]
    },
	"eea_pp90m1_magout": {
        "sounds": [
            {
                "name": "pointblank:eea_pp90m1_magout",
                "stream": false
            }
        ]
    },
	"eea_pp90m1_magin": {
        "sounds": [
            {
                "name": "pointblank:eea_pp90m1_magin",
                "stream": false
            }
        ]
    },
	"eea_pp90m1_lift": {
        "sounds": [
            {
                "name": "pointblank:eea_pp90m1_lift",
                "stream": false
            }
        ]
    },
	"eea_pp90m1_action": {
        "sounds": [
            {
                "name": "pointblank:eea_pp90m1_action",
                "stream": false
            }
        ]
    },
	"eea_switch": {
        "sounds": [
            {
                "name": "pointblank:eea_switch",
                "stream": false
            }
        ]
	},
	"eea_vss_magout": {
        "sounds": [
            {
                "name": "pointblank:eea_vss_magout",
                "stream": false
            }
        ]
	},
	"eea_vss": {
        "sounds": [
            {
                "name": "pointblank:eea_vss",
                "stream": false
            }
        ]
	},
	"eea_vss_magin": {
        "sounds": [
            {
                "name": "pointblank:eea_vss_magin",
                "stream": false
            }
        ]	
    },
	"eea_vss_action": {
        "sounds": [
            {
                "name": "pointblank:eea_vss_action",
                "stream": false
            }
        ]	
    },
	"eea_ots12": {
        "sounds": [
            {
                "name": "pointblank:eea_ots12",
                "stream": false
            }
        ]	
    },
	"eea_sr3": {
        "sounds": [
            {
                "name": "pointblank:eea_sr3",
                "stream": false
            }
        ]
    },
	"eea_tkb022pm2": {
        "sounds": [
            {
                "name": "pointblank:eea_tkb022pm2",
                "stream": false
            }
        ]
    },
	"eea_gepard": {
        "sounds": [
            {
                "name": "pointblank:eea_gepard",
                "stream": false
            }
        ]
    },
	"eea_stechkin": {
        "sounds": [
            {
                "name": "pointblank:eea_stechkin",
                "stream": false
            }
        ]
    },
	"eea_apb": {
        "sounds": [
            {
                "name": "pointblank:eea_apb",
                "stream": false
            }
        ]
    },
	"eea_pss": {
        "sounds": [
            {
                "name": "pointblank:eea_pss",
                "stream": false
            }
        ]
    },
	"eea_pp91": {
        "sounds": [
            {
                "name": "pointblank:eea_pp91",
                "stream": false
            }
        ]
    },
	"eea_svd": {
        "sounds": [
            {
                "name": "pointblank:eea_svd",
                "stream": false
            }
        ]
    },
	"eea_pp19": {
        "sounds": [
            {
                "name": "pointblank:eea_pp19",
                "stream": false
            }
        ]
	},
	"eea_pp19_magin": {
        "sounds": [
            {
                "name": "pointblank:eea_pp19_magin",
                "stream": false
            }
        ]
	},
	"eea_pp19_magout": {
        "sounds": [
            {
                "name": "pointblank:eea_pp19_magout",
                "stream": false
            }
        ]
	},
	"eea_pp19_lift": {
        "sounds": [
            {
                "name": "pointblank:eea_pp19_lift",
                "stream": false
            }
        ]
	},
	"eea_pp19_action": {
        "sounds": [
            {
                "name": "pointblank:eea_pp19_action",
                "stream": false
            }
        ]
    },
	"eea_pm63": {
        "sounds": [
            {
                "name": "pointblank:eea_pm63",
                "stream": false
            }
        ]
    },
	"eea_pp2000": {
        "sounds": [
            {
                "name": "pointblank:eea_pp2000",
                "stream": false
            }
        ]
    },
	"eea_mp443": {
        "sounds": [
            {
                "name": "pointblank:eea_mp443",
                "stream": false
            }
        ]
    },
	"eea_vd01": {
        "sounds": [
            {
                "name": "pointblank:eea_vd01",
                "stream": false
            }
        ]
    },
	"eea_rpd": {
        "sounds": [
            {
                "name": "pointblank:eea_rpd",
                "stream": false
            }
        ]
    },
	"eea_rpd_ammoin": {
        "sounds": [
            {
                "name": "pointblank:eea_rpd_ammoin",
                "stream": false
            }
        ]
    },
	"eea_rpd_ammoout": {
        "sounds": [
            {
                "name": "pointblank:eea_rpd_ammoout",
                "stream": false
            }
        ]
    },
	"eea_rpd_coverdown": {
        "sounds": [
            {
                "name": "pointblank:eea_rpd_coverdown",
                "stream": false
            }
        ]
    },
	"eea_rpd_coverup": {
        "sounds": [
            {
                "name": "pointblank:eea_rpd_coverup",
                "stream": false
            }
        ]
    },
	"eea_rpd_handle": {
        "sounds": [
            {
                "name": "pointblank:eea_rpd_handle",
                "stream": false
            }
        ]
    },
	"eea_rpd_inspectdown": {
        "sounds": [
            {
                "name": "pointblank:eea_rpd_inspectdown",
                "stream": false
            }
        ]
    },
	"eea_rpd_inspectup": {
        "sounds": [
            {
                "name": "pointblank:eea_rpd_inspectup",
                "stream": false
            }
        ]
    },
	"eea_rpd_inspectupmini": {
        "sounds": [
            {
                "name": "pointblank:eea_rpd_inspectupmini",
                "stream": false
            }
        ]
    },
	"eea_aks74": {
        "sounds": [
            {
                "name": "pointblank:eea_aks74",
                "stream": false
            }
        ]
	},
	"eea_akm": {
        "sounds": [
            {
                "name": "pointblank:eea_akm",
                "stream": false
            }
        ]
	},
	"eea_aks74u": {
        "sounds": [
            {
                "name": "pointblank:eea_aks74u",
                "stream": false
            }
        ]
	},
	"eea_ak_switchup": {
        "sounds": [
            {
                "name": "pointblank:eea_ak_switchup",
                "stream": false
            }
        ]
	},
	"eea_ak_switchdown": {
        "sounds": [
            {
                "name": "pointblank:eea_ak_switchdown",
                "stream": false
            }
        ]
	},
	"eea_rpk": {
        "sounds": [
            {
                "name": "pointblank:eea_rpk",
                "stream": false
            }
        ]
	},
	"eea_ak_silenced": {
        "sounds": [
            {
                "name": "pointblank:eea_ak_silenced",
                "stream": false
            }
        ]
	},
	"eea_ots14": {
        "sounds": [
            {
                "name": "pointblank:eea_ots14",
                "stream": false
            }
        ]
	},
	"eea_ots14_suppressed": {
        "sounds": [
            {
                "name": "pointblank:eea_ots14_suppressed",
                "stream": false
            }
        ]
	},
	"eea_cod4_ak74u": {
        "sounds": [
            {
                "name": "pointblank:eea_cod4_ak74u",
                "stream": false
            }
        ]
	},
	"eea_cod4_ak74u_action": {
        "sounds": [
            {
                "name": "pointblank:eea_cod4_ak74u_action",
                "stream": false
            }
        ]
	},
	"eea_cod4_ak74u_draw": {
        "sounds": [
            {
                "name": "pointblank:eea_cod4_ak74u_draw",
                "stream": false
            }
        ]
	},
	"eea_cod4_ak74u_foley": {
        "sounds": [
            {
                "name": "pointblank:eea_cod4_ak74u_foley",
                "stream": false
            }
        ]
	},
	"eea_cod4_ak74u_magin": {
        "sounds": [
            {
                "name": "pointblank:eea_cod4_ak74u_magin",
                "stream": false
            }
        ]
	},
	"eea_cod4_ak74u_magout": {
        "sounds": [
            {
                "name": "pointblank:eea_cod4_ak74u_magout",
                "stream": false
            }
        ]
	},
	"eea_k3": {
        "sounds": [
            {
                "name": "pointblank:eea_k3",
                "stream": false
            }
        ]
	},
	"eea_vepr": {
        "sounds": [
            {
                "name": "pointblank:eea_vepr",
                "stream": false
            }
        ]
	},
	"eea_ak_action": {
        "sounds": [
            {
                "name": "pointblank:eea_ak_action",
                "stream": false
            }
        ]
	},
	"eea_ak_foleyend": {
        "sounds": [
            {
                "name": "pointblank:eea_ak_foleyend",
                "stream": false
            }
        ]
	},
	"eea_ak_magin": {
        "sounds": [
            {
                "name": "pointblank:eea_ak_magin",
                "stream": false
            }
        ]
	},
	"eea_ak_magout": {
        "sounds": [
            {
                "name": "pointblank:eea_ak_magout",
                "stream": false
            }
        ]
	},
	"eea_pp1901": {
        "sounds": [
            {
                "name": "pointblank:eea_pp1901",
                "stream": false
            }
        ]
	},
	"eea_pp1901_magout": {
        "sounds": [
            {
                "name": "pointblank:eea_pp1901_magout",
                "stream": false
            }
        ]
	},
	"eea_an94": {
        "sounds": [
            {
                "name": "pointblank:eea_an94",
                "stream": false
            }
        ]
	},
	"eea_pump": {
        "sounds": [
            {
                "name": "pointblank:eea_pump",
                "stream": false
            }
        ]
	},
	"eea_sa81": {
        "sounds": [
            {
                "name": "pointblank:eea_sa81",
                "stream": false
            }
        ]
	},
	"eea_sa81_action": {
        "sounds": [
            {
                "name": "pointblank:eea_sa81_action",
                "stream": false
            }
        ]
	},
	"eea_shipka": {
        "sounds": [
            {
                "name": "pointblank:eea_shipka",
                "stream": false
            }
        ]
	},
	"eea_tallinn": {
        "sounds": [
            {
                "name": "pointblank:eea_tallinn",
                "stream": false
            }
        ]
	},
	"eea_pistol_slide": {
        "sounds": [
            {
                "name": "pointblank:eea_pistol_slide",
                "stream": false
            }
        ]
	},
	"eea_svd_lift": {
        "sounds": [
            {
                "name": "pointblank:eea_svd_lift",
                "stream": false
            }
        ]
	},
	"eea_svd_magout": {
        "sounds": [
            {
                "name": "pointblank:eea_svd_magout",
                "stream": false
            }
        ]
	},
	"eea_svd_magin": {
        "sounds": [
            {
                "name": "pointblank:eea_svd_magin",
                "stream": false
            }
        ]
	},
	"eea_svd_action": {
        "sounds": [
            {
                "name": "pointblank:eea_svd_action",
                "stream": false
            }
        ]
	},
	"eea_stechkin_switch": {
        "sounds": [
            {
                "name": "pointblank:eea_stechkin_switch",
                "stream": false
            }
        ]
	},
	"eea_stechkin_magout": {
        "sounds": [
            {
                "name": "pointblank:eea_stechkin_magout",
                "stream": false
            }
        ]
	},
	"eea_stechkin_magin": {
        "sounds": [
            {
                "name": "pointblank:eea_stechkin_magin",
                "stream": false
            }
        ]
	},
	"eea_sr2": {
        "sounds": [
            {
                "name": "pointblank:eea_sr2",
                "stream": false
            }
        ]
	},
	"eea_sr2_action_in": {
        "sounds": [
            {
                "name": "pointblank:eea_sr2_action_in",
                "stream": false
            }
        ]
	},
	"eea_sr2_action_out": {
        "sounds": [
            {
                "name": "pointblank:eea_sr2_action_out",
                "stream": false
            }
        ]
	},
	"eea_aps_magin": {
        "sounds": [
            {
                "name": "pointblank:eea_aps_magin",
                "stream": false
            }
        ]
	},
	"eea_aps_magout": {
        "sounds": [
            {
                "name": "pointblank:eea_aps_magout",
                "stream": false
            }
        ]
	},
	"eea_vssk": {
        "sounds": [
            {
                "name": "pointblank:eea_vssk",
                "stream": false
            }
        ]
	},
	"eea_vssk_action": {
        "sounds": [
            {
                "name": "pointblank:eea_vssk_action",
                "stream": false
            }
        ]
	},
	"eea_vssk_actionback": {
        "sounds": [
            {
                "name": "pointblank:eea_vssk_actionback",
                "stream": false
            }
        ]
	},
	"eea_vssk_actionforward": {
        "sounds": [
            {
                "name": "pointblank:eea_vssk_actionforward",
                "stream": false
            }
        ]
	},
	"eea_vssk_magin": {
        "sounds": [
            {
                "name": "pointblank:eea_vssk_magin",
                "stream": false
            }
        ]
	},
	"eea_vssk_magout": {
        "sounds": [
            {
                "name": "pointblank:eea_vssk_magout",
                "stream": false
            }
        ]
    }
}