{
	"format_version": "1.8.0",
	"animations": {
		"animation.model.draw": {
			"loop": true,
			"animation_length": 0.8333,
			"bones": {
				"main": {
					"rotation": {
						"0.0": {
							"vector": [-50.60123, -38.99394, 92.01937]
						},
						"0.1333": {
							"vector": [-3.27585, -3.91843, 52.5061]
						},
						"0.35": {
							"vector": [1.57141, -1.85374, -1.9128]
						},
						"0.4167": {
							"vector": [0.27288, -0.37236, 1.59554]
						},
						"0.4833": {
							"vector": [0, 0, 0]
						}
					},
					"position": {
						"0.0": {
							"vector": [0, -17.3, 0]
						},
						"0.0833": {
							"vector": [-0.03, -9.09, 0.045]
						},
						"0.25": {
							"vector": [0.02894, -1.60775, -6.90297]
						},
						"0.3167": {
							"vector": [0.05077, -1.45863, -3.79557]
						},
						"0.4167": {
							"vector": [-0.01391, -0.26895, -0.26276]
						},
						"0.4833": {
							"vector": [0, 0, 0]
						}
					}
				},
				"leftarm": {
					"rotation": {
						"0.0": {
							"vector": [-22, 0, 0]
						},
						"0.1167": {
							"vector": [-7, 0, -22]
						},
						"0.2333": {
							"vector": [0, 0, 0]
						}
					},
					"position": {
						"0.0": {
							"vector": [3.325, -2.275, 0]
						},
						"0.1167": {
							"vector": [6.01401, 5.6254, 6.79783]
						},
						"0.3333": {
							"vector": [0, 0, 0]
						}
					}
				},
				"_camera_": {
					"rotation": {
						"0.0": {
							"vector": [0, 0, 0]
						},
						"0.15": {
							"vector": [1.80315, -1.89688, -1.62846]
						},
						"0.2667": {
							"vector": [1.24924, -0.00333, 0.0435]
						},
						"0.3667": {
							"vector": [0.44082, -0.01767, 1.01624]
						},
						"0.4833": {
							"vector": [0, 0, 0]
						}
					}
				}
			},
			"sound_effects": {
				"0.0": {
					"effect": "draw"
				}
			}
		},
		"animation.model.reload": {
			"loop": true,
			"animation_length": 2.0167,
			"bones": {
				"main": {
					"rotation": {
						"0.0": {
							"vector": [0, 0, 0]
						},
						"0.2167": {
							"vector": [-1.94914, -4.25512, -17.83859],
							"easing": "easeInOutSine"
						},
						"0.3": {
							"vector": [-9.67231, 3.44937, 2.37772]
						},
						"0.4167": {
							"vector": [-5.00333, -0.55335, 0.29994]
						},
						"0.85": {
							"vector": [-11.61087, -11.6827, -40.17768],
							"easing": "easeInOutSine"
						},
						"0.9667": {
							"vector": [-12.0001, -10.24332, -38.14284]
						},
						"1.0333": {
							"vector": [-11.05006, -11.1971, -41.86913]
						},
						"1.1": {
							"vector": [-12.43517, -11.0986, -35.93101]
						},
						"1.2": {
							"vector": [-11.61087, -11.6827, -40.17768]
						},
						"1.5": {
							"vector": [1.57141, -1.85374, -1.9128],
							"easing": "easeInOutSine"
						},
						"1.6": {
							"vector": [0.26634, -0.37706, 2.59555],
							"easing": "linear"
						},
						"1.6833": {
							"vector": [0, 0, -1],
							"easing": "linear"
						},
						"1.7833": {
							"vector": [0, 0, 0],
							"easing": "linear"
						}
					},
					"position": {
						"0.0": {
							"vector": [0, 0, 0]
						},
						"0.1": {
							"vector": [-0.85836, -0.40424, -0.09635],
							"easing": "easeInOutSine"
						},
						"0.2": {
							"vector": [-0.9, 1.85, -0.075]
						},
						"0.3333": {
							"vector": [-0.9, -2.1, -0.175]
						},
						"0.4167": {
							"vector": [-0.96, -1.53, -0.01]
						},
						"0.5667": {
							"vector": [-1.1, -0.9, 1.47]
						},
						"0.7167": {
							"vector": [-1.68791, 0.62681, -0.5093]
						},
						"0.85": {
							"vector": [-1.98665, 2.11702, -2.07017],
							"easing": "easeOutSine"
						},
						"0.95": {
							"vector": [-2.0376, 3.33906, -0.7247]
						},
						"1.0333": {
							"vector": [-0.79548, 1.007, -0.17639]
						},
						"1.1667": {
							"vector": [-1.5069, 2.01492, 0.0526]
						},
						"1.2667": {
							"vector": [-1.28604, 1.69958, -0.08493]
						},
						"1.5": {
							"vector": [0.05077, -2.45863, -3.79557],
							"easing": "easeInOutSine"
						},
						"1.6": {
							"vector": [-0.01609, -0.39395, 0.21284],
							"easing": "easeInOutSine"
						},
						"1.6833": {
							"vector": [0, 0, -0.125],
							"easing": "linear"
						},
						"1.7667": {
							"vector": [0, 0, 0],
							"easing": "linear"
						}
					}
				},
				"leftarm": {
					"rotation": {
						"0.0": {
							"vector": [0, 0, 0]
						},
						"0.2": {
							"vector": [18.20913, 8.89081, -8.27636]
						},
						"0.2667": {
							"vector": [18.20913, 8.89081, -8.27636]
						},
						"0.6333": {
							"vector": [18.20913, 8.89081, -8.27636]
						},
						"0.8": {
							"vector": [4.85125, -1.23851, -3.53817]
						},
						"0.8667": {
							"vector": [4.84045, -3.13051, -2.32035]
						},
						"0.9": {
							"vector": [4.81221, -1.50563, 0.20175]
						},
						"0.9667": {
							"vector": [3.21933, -3.43166, 0.28598]
						},
						"1.0333": {
							"vector": [-9.94898, -12.08991, 5.53003]
						},
						"1.1333": {
							"vector": [-8.55253, -8.31225, 9.54376]
						},
						"1.5167": {
							"vector": [0, 0, 0]
						}
					},
					"position": {
						"0.0": {
							"vector": [0, 0, 0]
						},
						"0.2": {
							"vector": [9.26236, -17.45278, 27.42519]
						},
						"0.2667": {
							"vector": [9.26236, -17.45278, 27.42519]
						},
						"0.6333": {
							"vector": [9.26236, -17.45278, 27.42519]
						},
						"0.7167": {
							"vector": [19.22632, -26.77906, 18.51757]
						},
						"0.8": {
							"vector": [3.53163, -25.77994, 19.77239]
						},
						"0.8667": {
							"vector": [-2.18539, -27.26193, 18.2786]
						},
						"0.9": {
							"vector": [-2.18539, -27.26193, 18.2786]
						},
						"0.9667": {
							"vector": [-2.18539, -26.16193, 18.9536]
						},
						"1.0333": {
							"vector": [-2.23892, -18.19046, 17.86954]
						},
						"1.1333": {
							"vector": [-2.23892, -18.19046, 16.59454]
						},
						"1.5167": {
							"vector": [0, 0, 0]
						}
					}
				},
				"piece": {
					"position": {
						"0.0": {
							"vector": [0, 0, 0]
						},
						"0.2667": {
							"vector": [0, 0, 0]
						},
						"0.3167": {
							"vector": [0.4, 0, 0]
						},
						"0.3667": {
							"vector": [0, 0, 0]
						},
						"0.4833": {
							"vector": [0.15, 0, 0]
						},
						"0.6333": {
							"vector": [0, 0, 0]
						},
						"0.7833": {
							"vector": [0.2, 0, 0]
						},
						"1.0": {
							"vector": [0.15, 0, 0]
						},
						"1.0833": {
							"vector": [0.45, 0, 0]
						},
						"1.15": {
							"vector": [-0.05, 0, 0]
						},
						"1.2167": {
							"vector": [0, 0, 0]
						}
					}
				},
				"rightarm": {
					"rotation": {
						"0.0": {
							"vector": [0, 0, 0]
						},
						"0.2": {
							"vector": [0, 0, -5.75]
						},
						"0.6333": {
							"vector": [0, 0, -5.75]
						},
						"0.8167": {
							"vector": [-3.10171, -5.24743, 16.6521]
						},
						"1.15": {
							"vector": [-3.10171, -5.24743, 16.6521]
						},
						"1.3167": {
							"vector": [0, 0, 0]
						}
					},
					"position": {
						"0.0": {
							"vector": [0, 0, 0]
						},
						"0.2": {
							"vector": [0.4926, -0.63659, -0.01511]
						},
						"0.6333": {
							"vector": [0.4926, -0.63659, -0.01511]
						},
						"0.8167": {
							"vector": [-3.45468, 2.42949, 1.78984]
						},
						"1.15": {
							"vector": [-3.45468, 2.42949, 1.78984]
						},
						"1.3167": {
							"vector": [0, 0, 0]
						}
					}
				},
				"magazine": {
					"rotation": {
						"0.2667": {
							"vector": [0, 0, 0]
						},
						"0.3333": {
							"vector": [0, 0, 0]
						},
						"0.4": {
							"vector": [0, 0, 6]
						},
						"0.6333": {
							"vector": [0, 0, 6]
						},
						"0.7167": {
							"vector": [1.7136, 3.50454, -51.7803]
						},
						"0.8": {
							"vector": [6.52951, 1.71485, -14.65217]
						},
						"0.8667": {
							"vector": [-2, 0, 2.25]
						},
						"0.9": {
							"vector": [-2.5, 0, 0]
						},
						"1.0333": {
							"vector": [0, 0, 0]
						}
					},
					"position": {
						"0.2667": {
							"vector": [0, 0, 0]
						},
						"0.3333": {
							"vector": [0, -10, 0]
						},
						"0.4": {
							"vector": [-4.775, -29.35, 0]
						},
						"0.6333": {
							"vector": [-4.775, -29.35, 0]
						},
						"0.7167": {
							"vector": [14.25739, -16.29614, -0.19436]
						},
						"0.8": {
							"vector": [2.73707, -10.79444, 0.0674]
						},
						"0.8667": {
							"vector": [-0.37812, -10.34847, -0.20491]
						},
						"0.9": {
							"vector": [-0.37812, -10.34847, -0.20491]
						},
						"0.9667": {
							"vector": [0, -9.025, 0.33]
						},
						"1.0333": {
							"vector": [0, 0, 0]
						}
					}
				}
			},
			"sound_effects": {
				"0.0": {
					"effect": "mp5_magout"
				},
				"0.6": {
					"effect": "mp5_magin"
				},
				"1.1333": {
					"effect": "foley_end"
				}
			}
		},
		"animation.model.reloadempty": {
			"loop": true,
			"animation_length": 2.3333,
			"bones": {
				"main": {
					"rotation": {
						"0.0": {
							"vector": [0, 0, 0]
						},
						"0.2167": {
							"vector": [-1.94914, -4.25512, -17.83859],
							"easing": "easeInOutSine"
						},
						"0.3": {
							"vector": [-9.67231, 3.44937, 2.37772]
						},
						"0.4167": {
							"vector": [-5.00333, -0.55335, 0.29994]
						},
						"0.5333": {
							"vector": [-6.92611, 1.12341, 11.08507]
						},
						"0.85": {
							"vector": [-11.61087, -11.6827, -40.17768],
							"easing": "easeInOutSine"
						},
						"0.9667": {
							"vector": [-12.0001, -10.24332, -38.14284]
						},
						"1.0333": {
							"vector": [-11.05006, -11.1971, -41.86913]
						},
						"1.1": {
							"vector": [-12.43517, -11.0986, -35.93101]
						},
						"1.2": {
							"vector": [-11.61087, -11.6827, -40.17768]
						},
						"1.5": {
							"vector": [1.57141, -1.85374, -1.9128],
							"easing": "easeInOutSine"
						},
						"1.6": {
							"vector": [0.26634, -0.37706, 2.59555],
							"easing": "linear"
						},
						"1.6833": {
							"vector": [0, 0, -1],
							"easing": "linear"
						},
						"1.7833": {
							"vector": [0, 0, 0],
							"easing": "linear"
						}
					},
					"position": {
						"0.0": {
							"vector": [0, 0, 0]
						},
						"0.1": {
							"vector": [-0.85836, -0.40424, -0.09635],
							"easing": "easeInOutSine"
						},
						"0.2": {
							"vector": [-0.9, 1.85, -0.075]
						},
						"0.3333": {
							"vector": [-0.9, -2.1, -0.175]
						},
						"0.4167": {
							"vector": [-0.96, -1.53, -0.01]
						},
						"0.5667": {
							"vector": [-1.1, -0.9, 1.47]
						},
						"0.7167": {
							"vector": [-1.68791, 0.62681, -0.5093]
						},
						"0.85": {
							"vector": [-1.98665, 2.11702, -2.07017],
							"easing": "easeOutSine"
						},
						"0.95": {
							"vector": [-2.0376, 3.33906, -0.7247]
						},
						"1.0333": {
							"vector": [-0.79548, 1.007, -0.17639]
						},
						"1.1667": {
							"vector": [-1.5069, 2.01492, 0.0526]
						},
						"1.2667": {
							"vector": [-1.28604, 1.69958, -0.08493]
						},
						"1.5": {
							"vector": [0.05077, -2.45863, -3.79557],
							"easing": "easeInOutSine"
						},
						"1.6": {
							"vector": [-0.01609, -0.39395, 0.21284],
							"easing": "easeInOutSine"
						},
						"1.6833": {
							"vector": [0, 0, -0.125],
							"easing": "linear"
						},
						"1.7667": {
							"vector": [0, 0, 0],
							"easing": "linear"
						}
					}
				},
				"leftarm": {
					"rotation": {
						"0.0": {
							"vector": [0, 0, 0]
						},
						"0.2": {
							"vector": [18.20913, 8.89081, -8.27636]
						},
						"0.2667": {
							"vector": [18.20913, 8.89081, -8.27636]
						},
						"0.6333": {
							"vector": [18.20913, 8.89081, -8.27636]
						},
						"0.8": {
							"vector": [4.85125, -1.23851, -3.53817]
						},
						"0.8667": {
							"vector": [4.84045, -3.13051, -2.32035]
						},
						"0.9": {
							"vector": [4.81221, -1.50563, 0.20175]
						},
						"0.9667": {
							"vector": [3.21933, -3.43166, 0.28598]
						},
						"1.0333": {
							"vector": [-9.94898, -12.08991, 5.53003]
						},
						"1.1333": {
							"vector": [-8.55253, -8.31225, 9.54376]
						},
						"1.5167": {
							"vector": [0, 0, 0]
						}
					},
					"position": {
						"0.0": {
							"vector": [0, 0, 0]
						},
						"0.2": {
							"vector": [9.26236, -17.45278, 27.42519]
						},
						"0.2667": {
							"vector": [9.26236, -17.45278, 27.42519]
						},
						"0.6333": {
							"vector": [9.26236, -17.45278, 27.42519]
						},
						"0.7167": {
							"vector": [19.22632, -26.77906, 18.51757]
						},
						"0.8": {
							"vector": [3.53163, -25.77994, 19.77239]
						},
						"0.8667": {
							"vector": [-2.18539, -27.26193, 18.2786]
						},
						"0.9": {
							"vector": [-2.18539, -27.26193, 18.2786]
						},
						"0.9667": {
							"vector": [-2.18539, -26.16193, 18.9536]
						},
						"1.0333": {
							"vector": [-2.23892, -18.19046, 17.86954]
						},
						"1.1333": {
							"vector": [-2.23892, -18.19046, 16.59454]
						},
						"1.5167": {
							"vector": [0, 0, 0]
						}
					}
				},
				"piece": {
					"position": {
						"0.0": {
							"vector": [0, 0, 0]
						},
						"0.2667": {
							"vector": [0, 0, 0]
						},
						"0.3167": {
							"vector": [0.4, 0, 0]
						},
						"0.3667": {
							"vector": [0, 0, 0]
						},
						"0.4833": {
							"vector": [0.15, 0, 0]
						},
						"0.6333": {
							"vector": [0, 0, 0]
						},
						"0.7833": {
							"vector": [0.2, 0, 0]
						},
						"1.0": {
							"vector": [0.15, 0, 0]
						},
						"1.0833": {
							"vector": [0.45, 0, 0]
						},
						"1.15": {
							"vector": [-0.05, 0, 0]
						},
						"1.2167": {
							"vector": [0, 0, 0]
						}
					}
				},
				"rightarm": {
					"rotation": {
						"0.0": {
							"vector": [0, 0, 0]
						},
						"0.2": {
							"vector": [0, 0, -5.75]
						},
						"0.6333": {
							"vector": [0, 0, -5.75]
						},
						"0.8167": {
							"vector": [-3.10171, -5.24743, 16.6521]
						},
						"1.15": {
							"vector": [-3.10171, -5.24743, 16.6521]
						},
						"1.3167": {
							"vector": [0, 0, 0]
						}
					},
					"position": {
						"0.0": {
							"vector": [0, 0, 0]
						},
						"0.2": {
							"vector": [0.4926, -0.63659, -0.01511]
						},
						"0.6333": {
							"vector": [0.4926, -0.63659, -0.01511]
						},
						"0.8167": {
							"vector": [-3.45468, 2.42949, 1.78984]
						},
						"1.15": {
							"vector": [-3.45468, 2.42949, 1.78984]
						},
						"1.3167": {
							"vector": [0, 0, 0]
						}
					}
				},
				"magazine": {
					"rotation": {
						"0.2667": {
							"vector": [0, 0, 0]
						},
						"0.3333": {
							"vector": [0, 0, 0]
						},
						"0.4": {
							"vector": [0, 0, 6]
						},
						"0.6333": {
							"vector": [0, 0, 6]
						},
						"0.7167": {
							"vector": [1.7136, 3.50454, -51.7803]
						},
						"0.8": {
							"vector": [6.52951, 1.71485, -14.65217]
						},
						"0.8667": {
							"vector": [-2, 0, 2.25]
						},
						"0.9": {
							"vector": [-2.5, 0, 0]
						},
						"1.0333": {
							"vector": [0, 0, 0]
						}
					},
					"position": {
						"0.2667": {
							"vector": [0, 0, 0]
						},
						"0.3333": {
							"vector": [0, -10, 0]
						},
						"0.4": {
							"vector": [-4.775, -29.35, 0]
						},
						"0.6333": {
							"vector": [-4.775, -29.35, 0]
						},
						"0.7167": {
							"vector": [14.25739, -16.29614, -0.19436]
						},
						"0.8": {
							"vector": [2.73707, -10.79444, 0.0674]
						},
						"0.8667": {
							"vector": [-0.37812, -10.34847, -0.20491]
						},
						"0.9": {
							"vector": [-0.37812, -10.34847, -0.20491]
						},
						"0.9667": {
							"vector": [0, -9.025, 0.33]
						},
						"1.0333": {
							"vector": [0, 0, 0]
						}
					}
				}
			},
			"sound_effects": {
				"0.0": {
					"effect": "mp5_magout"
				},
				"0.6": {
					"effect": "mp5_magin"
				},
				"1.1333": {
					"effect": "foley_end"
				}
			}
		},
		"animation.model.running": {
			"loop": true,
			"animation_length": 0.5667,
			"bones": {
				"main": {
					"rotation": {
						"0.0": {
							"vector": [-26.603, -34.94518, 28.84185]
						},
						"0.1": {
							"vector": [-29.81673, -29.94187, 33.14961],
							"easing": "easeInOutSine"
						},
						"0.2833": {
							"vector": [-21.46907, -27.69431, 21.37313],
							"easing": "easeInOutSine"
						},
						"0.3333": {
							"vector": [-22.46288, -28.57969, 24.18927],
							"easing": "linear"
						},
						"0.5667": {
							"vector": [-26.603, -34.94518, 28.84185],
							"easing": "easeOutSine"
						}
					},
					"position": {
						"0.0": {
							"vector": [9.15, -2.575, 8.425]
						},
						"0.0333": {
							"vector": [8.66, -1.66, 8.42]
						},
						"0.0667": {
							"vector": [7.93, -1.545, 8.42]
						},
						"0.1167": {
							"vector": [7.52, -2.5, 8.42]
						},
						"0.1833": {
							"vector": [6.635, -4.455, 8.42]
						},
						"0.25": {
							"vector": [5.975, -3.28, 8.42]
						},
						"0.3": {
							"vector": [5.36, -2.325, 8.42]
						},
						"0.35": {
							"vector": [4.08, -3.73, 8.42]
						},
						"0.4": {
							"vector": [4.965, -4.93, 8.42]
						},
						"0.45": {
							"vector": [5.73, -6.575, 8.42]
						},
						"0.5": {
							"vector": [7.22, -4.86, 8.42]
						},
						"0.5667": {
							"vector": [9.15, -2.575, 8.425],
							"easing": "linear"
						}
					}
				}
			}
		},
		"animation.model.runningstart": {
			"animation_length": 0.2833,
			"bones": {
				"main": {
					"rotation": {
						"0.0": {
							"vector": [0, 0, 0]
						},
						"0.2833": {
							"vector": [-26.603, -34.94518, 28.84185],
							"easing": "easeInOutSine"
						}
					},
					"position": {
						"0.0": {
							"vector": [0, 0, 0]
						},
						"0.15": {
							"vector": [5.98, -6.785, 3.24],
							"easing": "easeInOutSine"
						},
						"0.2833": {
							"vector": [9.15, -2.575, 8.425]
						}
					}
				}
			}
		},
		"animation.model.runningend": {
			"animation_length": 0.5833,
			"bones": {
				"main": {
					"rotation": {
						"0.0": {
							"vector": [-26.603, -34.94518, 28.84185],
							"easing": "easeInOutSine"
						},
						"0.3333": {
							"vector": [1.57254, -2.85336, -1.94025],
							"easing": "easeInOutSine"
						},
						"0.4167": {
							"vector": [0.26634, -0.37706, 2.59555],
							"easing": "linear"
						},
						"0.4833": {
							"vector": [0, 0, -1],
							"easing": "linear"
						},
						"0.5833": {
							"vector": [0, 0, 0],
							"easing": "linear"
						}
					},
					"position": {
						"0.0": {
							"vector": [9.15, -2.575, 8.425]
						},
						"0.1": {
							"vector": [7.58, -8.94, 1.65]
						},
						"0.3167": {
							"vector": [0.05077, -1.45863, -4.62057],
							"easing": "easeInOutSine"
						},
						"0.4167": {
							"vector": [-0.01609, -0.39395, 0.21284],
							"easing": "linear"
						},
						"0.4833": {
							"vector": [0, 0, -0.125],
							"easing": "linear"
						},
						"0.5667": {
							"vector": [0, 0, 0],
							"easing": "linear"
						}
					}
				}
			}
		},
		"animation.model.off_ground": {
			"loop": true,
			"animation_length": 0.2,
			"bones": {
				"main": {
					"rotation": {
						"vector": [0, 0, 0]
					},
					"position": {
						"vector": [0, 0, 0]
					}
				}
			}
		},
		"animation.model.off_ground_sprinting": {
			"loop": true,
			"animation_length": 1.2667,
			"bones": {
				"main": {
					"rotation": {
						"0.0": {
							"vector": [-25.20011, -30.44657, 26.24708]
						},
						"0.55": {
							"vector": [-26.36918, -30.50367, 33.77064],
							"easing": "easeInOutSine"
						},
						"0.9833": {
							"vector": [-27.47824, -28.44877, 30.8783],
							"easing": "easeInSine"
						},
						"1.2667": {
							"vector": [-25.20011, -30.44657, 26.24708],
							"easing": "easeInOutSine"
						}
					},
					"position": {
						"0.0": {
							"vector": [9.15, -4.575, 8.425]
						},
						"0.3667": {
							"vector": [7.525, -5.855, 8.02],
							"easing": "easeInOutSine"
						},
						"0.8": {
							"vector": [8.12, -5.575, 7.795],
							"easing": "easeInOutSine"
						},
						"1.2667": {
							"vector": [9.15, -4.575, 8.425],
							"easing": "easeInOutSine"
						}
					}
				}
			}
		},
		"animation.model.fire": {
			"loop": true,
			"animation_length": 0.4333,
			"bones": {
				"main": {
					"rotation": {
						"0.0": {
							"vector": [0, 0, 0]
						},
						"0.1": {
							"vector": [0.25791, -0.08125, -0.05561]
						},
						"0.2": {
							"vector": [-0.00004, 0.00851, -0.77127]
						},
						"0.35": {
							"vector": [0, 0, 0]
						}
					},
					"position": {
						"0.0": {
							"vector": [0, 0, 0]
						},
						"0.0667": {
							"vector": [0, 0, 1.425]
						},
						"0.1333": {
							"vector": [0.00635, -0.2249, 0.74196],
							"easing": "easeInSine"
						},
						"0.35": {
							"vector": [0, 0, 0],
							"easing": "easeOutSine"
						}
					}
				},
				"leftarm": {
					"rotation": {
						"0.0": {
							"vector": [0, 0, 0]
						},
						"0.1167": {
							"vector": [-1.76981, 2.09764, -1.59668]
						},
						"0.2": {
							"vector": [0, 0, 0]
						}
					},
					"position": {
						"0.0": {
							"vector": [0, 0, 0]
						},
						"0.3167": {
							"vector": [0, 0, 0]
						}
					}
				},
				"bolt": {
					"position": {
						"0.0": {
							"vector": [0, 0, 0]
						},
						"0.0333": {
							"vector": [0, 0, 7.575]
						},
						"0.0667": {
							"vector": [0, 0, 0]
						}
					}
				},
				"action": {
					"position": {
						"0.0": {
							"vector": [0, 0, 0]
						},
						"0.0333": {
							"vector": [-0.00164, 0.00266, 6.65001]
						},
						"0.0667": {
							"vector": [0, 0, 0]
						}
					}
				},
				"slide": {
					"position": {
						"0.0": {
							"vector": [0, 0, 0]
						},
						"0.0667": {
							"vector": [0, 0, -6],
							"easing": "linear"
						},
						"0.15": {
							"vector": [0, 0, 0],
							"easing": "easeInBack"
						}
					}
				}
			}
		},
		"animation.model.inspect": {
			"loop": true,
			"animation_length": 4.85,
			"bones": {
				"main": {
					"rotation": {
						"0.0": {
							"vector": [0, 0, 0]
						},
						"0.1": {
							"vector": [-1.88401, -6.22659, 0.64789]
						},
						"0.2333": {
							"vector": [-13.44437, -23.70896, -0.08968]
						},
						"0.4167": {
							"vector": [-16.06515, -27.977, 9.91464]
						},
						"0.7333": {
							"vector": [-6.793, -31.27923, -8.70844]
						},
						"0.9167": {
							"vector": [-8.88047, -30.80178, -4.66142]
						},
						"1.1167": {
							"vector": [-10.48213, -30.33919, -1.51287]
						},
						"1.6667": {
							"vector": [-8.87584, -30.2934, -1.22817]
						},
						"2.0833": {
							"vector": [12.35829, -29.34924, -43.80061],
							"easing": "easeInOutSine"
						},
						"2.3833": {
							"vector": [9.74344, -29.93289, -36.63143]
						},
						"2.5667": {
							"vector": [-12.95347, -30.2927, -1.22854]
						},
						"2.8": {
							"vector": [-33.02011, 8.39461, 78.07955],
							"easing": "easeInOutSine"
						},
						"2.9833": {
							"vector": [-32.31629, 4.43976, 71.80426]
						},
						"3.2167": {
							"vector": [-32.14842, 5.63992, 73.71487]
						},
						"3.4167": {
							"vector": [-31.01483, 4.84043, 72.44036]
						},
						"3.6": {
							"vector": [-30.43812, 7.90818, 77.62954]
						},
						"3.85": {
							"vector": [-30.52571, 7.52772, 76.97729]
						},
						"4.05": {
							"vector": [-31.23213, 2.9016, 69.22296]
						},
						"4.25": {
							"vector": [-32.14842, 5.63992, 73.71487]
						},
						"4.4333": {
							"vector": [-14.11721, -7.21197, -0.49095]
						},
						"4.5833": {
							"vector": [-2.74833, -0.09594, -6.7477],
							"easing": "easeInOutSine"
						},
						"4.75": {
							"vector": [0, 0, 0]
						}
					},
					"position": {
						"0.0": {
							"vector": [0, 0, 0]
						},
						"0.1667": {
							"vector": [-0.15, 1.725, 0],
							"easing": "linear"
						},
						"0.3333": {
							"vector": [-0.7, -4.86, -6],
							"easing": "linear"
						},
						"0.6667": {
							"vector": [-0.68, -1.255, -8]
						},
						"0.8333": {
							"vector": [-0.68, -1.45, -8]
						},
						"1.0": {
							"vector": [-0.68, -1.32, -8]
						},
						"1.2667": {
							"vector": [-0.58, -1.32, -8]
						},
						"1.4833": {
							"vector": [-0.58, -1.22, -8]
						},
						"1.75": {
							"vector": [-0.805, -1.32, -8]
						},
						"1.9667": {
							"vector": [-0.8, -1.22, -7.5]
						},
						"2.2167": {
							"vector": [-0.87, -1.545, -7.66]
						},
						"2.3333": {
							"vector": [-0.9, -1.47, -7.3]
						},
						"2.4833": {
							"vector": [-0.9, 1.03, -7.75]
						},
						"2.65": {
							"vector": [2.1, -3.02, -7.75]
						},
						"2.8833": {
							"vector": [4.1, -3.22, -7.75]
						},
						"3.1167": {
							"vector": [4.1, -3.02, -7.75]
						},
						"3.3667": {
							"vector": [4.1, -3.22, -7.75]
						},
						"3.7333": {
							"vector": [4.1, -4.07, -7.75]
						},
						"3.9333": {
							"vector": [3.875, -4.07, -7.75]
						},
						"4.1333": {
							"vector": [3.88, -3.545, -7.75]
						},
						"4.3333": {
							"vector": [4.24, -3.87, -4.905]
						},
						"4.5": {
							"vector": [0, 1.245, -6.45]
						},
						"4.6833": {
							"vector": [0, 0, 0]
						}
					}
				},
				"leftarm": {
					"rotation": {
						"0.0": {
							"vector": [0, 0, 0]
						},
						"3.5333": {
							"vector": [0, 0, 0]
						},
						"3.8": {
							"vector": [0, 0, 0]
						},
						"4.75": {
							"vector": [0, 0, 0]
						}
					},
					"position": {
						"0.0": {
							"vector": [0, 0, 0]
						},
						"0.1333": {
							"vector": [0, -53, 0]
						},
						"2.3": {
							"vector": [0, -53, 0]
						},
						"2.5": {
							"vector": [0, 0, 0]
						},
						"3.4167": {
							"vector": [0, 0, 0]
						},
						"3.65": {
							"vector": [0, 0, 0]
						},
						"4.75": {
							"vector": [0, 0, 0]
						}
					},
					"scale": {
						"vector": [1, 1, 1]
					}
				},
				"rightarm": {
					"rotation": {
						"0.0": {
							"vector": [0, 0, 0]
						},
						"2.7333": {
							"vector": [0, 0, 0]
						}
					},
					"position": {
						"0.0": {
							"vector": [0, 0, 0]
						},
						"2.7333": {
							"vector": [0, 0, 0]
						}
					}
				},
				"_camera_": {
					"rotation": {
						"0.0": {
							"vector": [0, 0, 0]
						},
						"0.4833": {
							"vector": [3.8, 0, 1],
							"easing": "easeInOutSine"
						},
						"0.6333": {
							"vector": [3.5, 0, 0]
						},
						"1.6833": {
							"vector": [3.5, 0, 0]
						},
						"2.1667": {
							"vector": [4, 4, 0],
							"easing": "easeInOutSine"
						},
						"2.7167": {
							"vector": [3.5, 1, 1]
						},
						"2.9333": {
							"vector": [3.5, 1, -1]
						},
						"3.15": {
							"vector": [3.5, 1, 0]
						},
						"4.1167": {
							"vector": [3.5, 0, 0]
						},
						"4.45": {
							"vector": [-1, 0, 2],
							"easing": "easeInOutSine"
						},
						"4.5833": {
							"vector": [0, 0, 0]
						}
					}
				},
				"slide": {
					"position": {
						"0.0": {
							"vector": [0, 0, 0]
						},
						"2.65": {
							"vector": [0, 0, 0]
						}
					}
				}
			},
			"sound_effects": {
				"0.0333": {
					"effect": "inspect_up"
				},
				"1.7667": {
					"effect": "inspect_foley"
				},
				"2.3": {
					"effect": "inspect_turn"
				},
				"4.45": {
					"effect": "inspect_down"
				}
			}
		}
	},
	"geckolib_format_version": 2
}