{
	"format_version": "1.8.0",
	"animations": {
		"animation.model.draw": {
			"loop": true,
			"animation_length": 0.55,
			"bones": {
				"main": {
					"rotation": {
						"0.0": {
							"vector": [32.09413, -54.38778, -8.29667]
						},
						"0.25": {
							"vector": [0.50518, -5.08075, 6.8716],
							"easing": "easeOutSine"
						},
						"0.4": {
							"vector": [0.32389, -0.60235, -2.1558],
							"easing": "linear"
						},
						"0.5": {
							"vector": [0, 0, 0],
							"easing": "linear"
						}
					},
					"position": {
						"0.0": {
							"vector": [0, -17.3, 0]
						},
						"0.15": {
							"vector": [-0.4, -2.525, -1.625],
							"easing": "linear"
						},
						"0.3": {
							"vector": [-0.05, 0, -2.49],
							"easing": "linear"
						},
						"0.45": {
							"vector": [0, 0, 0],
							"easing": "linear"
						}
					}
				},
				"leftarm": {
					"rotation": {
						"0.0": {
							"vector": [0, 0, 0]
						},
						"0.2": {
							"vector": [1, 0, -22]
						},
						"0.4": {
							"vector": [0, 0, 0]
						}
					},
					"position": {
						"0.0": {
							"vector": [0, 0, 0]
						},
						"0.2": {
							"vector": [3.53901, -1.3246, 5.59783]
						},
						"0.4": {
							"vector": [0, 0, 0]
						}
					}
				},
				"_camera_": {
					"rotation": {
						"0.0": {
							"vector": [0, 0, 0]
						},
						"0.15": {
							"vector": [0.50315, -0.89688, -0.62846]
						},
						"0.45": {
							"vector": [0, 0, 0]
						}
					}
				}
			}
		},
		"animation.model.reload": {
			"loop": true,
			"animation_length": 1.6667,
			"bones": {
				"main": {
					"rotation": {
						"0.0": {
							"vector": [0, 0, 0]
						},
						"0.1": {
							"vector": [3, 0, 0]
						},
						"0.3": {
							"vector": [-7.99578, -0.24369, -1.9851]
						},
						"0.5": {
							"vector": [4.39387, -1.02138, 7.9853]
						},
						"0.6333": {
							"vector": [-9.7551, 0.26453, 3.2481]
						},
						"0.9333": {
							"vector": [-5.39534, -16.28856, -9.06274]
						},
						"1.2333": {
							"vector": [-0.52767, -16.74413, -0.07264]
						},
						"1.3": {
							"vector": [-8.09109, -12.04795, -3.71849]
						},
						"1.5333": {
							"vector": [0, 0, 0]
						}
					},
					"position": {
						"0.0": {
							"vector": [0, 0, 0]
						},
						"0.1667": {
							"vector": [0, 0.8, -2.35],
							"easing": "easeInOutSine"
						},
						"0.4": {
							"vector": [0, -3.9, -4.1]
						},
						"0.5667": {
							"vector": [0, -1.15, -4.1]
						},
						"0.7333": {
							"vector": [-0.96, -7.075, -9.425]
						},
						"0.8667": {
							"vector": [0, -5.405, -4.1]
						},
						"1.0333": {
							"vector": [0, -2.39, -4.1]
						},
						"1.3": {
							"vector": [0, -3.675, -5.275]
						},
						"1.3667": {
							"vector": [0, -1.95, -4.52]
						},
						"1.4667": {
							"vector": [0, 0, 0]
						}
					}
				},
				"leftarm": {
					"rotation": {
						"0.0": {
							"vector": [0, 0, 0]
						},
						"0.1667": {
							"vector": [-5, 0, 0]
						},
						"0.2667": {
							"vector": [-2.62428, -7.95035, -13.03898]
						},
						"1.1333": {
							"vector": [-2.62428, -7.95035, -13.03898]
						},
						"1.2": {
							"vector": [-9.63834, -1.93387, -3.17164]
						},
						"1.5": {
							"vector": [0, 0, 0]
						}
					},
					"position": {
						"0.0": {
							"vector": [0, 0, 0]
						},
						"0.1667": {
							"vector": [1, 0, -1.6]
						},
						"0.2667": {
							"vector": [1, -2.7, -4.2]
						},
						"0.4": {
							"vector": [2.325, -7.55, -4.2]
						},
						"0.5": {
							"vector": [2.33, -42.27, -4.2]
						},
						"0.6": {
							"vector": [2.33, -71.55, -4.2]
						},
						"0.7": {
							"vector": [2.33, -71.55, -4.2]
						},
						"1.0667": {
							"vector": [2.325, -7.55, -4.2]
						},
						"1.1333": {
							"vector": [1, -3.2, -4.2]
						},
						"1.2": {
							"vector": [1, -4, -2.7]
						},
						"1.2667": {
							"vector": [1, 0, -1.6]
						},
						"1.5": {
							"vector": [0, 0, 0]
						}
					}
				},
				"magazine": {
					"rotation": {
						"0.0": {
							"vector": [0, 0, 0]
						},
						"0.1667": {
							"vector": [-1.12, 0, 0]
						},
						"0.2667": {
							"vector": [-8, 0, 0]
						},
						"0.4": {
							"vector": [-17.02198, 2.8688, -0.87785]
						},
						"1.0667": {
							"vector": [-22.02198, 2.8688, -0.87785]
						},
						"1.1333": {
							"vector": [-18.52198, 2.8688, -0.87785]
						},
						"1.2": {
							"vector": [-18.52198, 2.8688, -0.87785]
						},
						"1.2667": {
							"vector": [0, 0, 0]
						}
					},
					"position": {
						"0.0": {
							"vector": [0, 0, 0]
						},
						"0.1667": {
							"vector": [0, 0, 0]
						},
						"0.2667": {
							"vector": [0, 0, 0]
						},
						"0.4": {
							"vector": [0, 0, 0]
						},
						"0.5": {
							"vector": [0, -38, 0]
						},
						"0.6": {
							"vector": [0, -70, 0]
						},
						"1.0667": {
							"vector": [0, -5, 0]
						},
						"1.1333": {
							"vector": [0, -0.4, 0]
						},
						"1.2": {
							"vector": [0, -0.3, 0]
						},
						"1.2667": {
							"vector": [0, 0, 0]
						}
					}
				},
				"_camera_": {
					"rotation": {
						"0.0": {
							"vector": [0, 0, 0]
						},
						"0.3667": {
							"vector": [-1, 0, 1]
						},
						"0.4667": {
							"vector": [1, 0, 0]
						},
						"0.5667": {
							"vector": [1, 0, 1]
						},
						"0.7333": {
							"vector": [1, 0, 0]
						},
						"1.2333": {
							"vector": [0, 0, 0]
						},
						"1.3333": {
							"vector": [1, 0, 1]
						},
						"1.4667": {
							"vector": [1, 0, -0.5]
						},
						"1.6667": {
							"vector": [0, 0, 0]
						}
					}
				}
			},
			"sound_effects": {
				"0.1667": {
					"effect": "p90_magout"
				},
				"0.8333": {
					"effect": "p90_magin"
				}
			}
		},
		"animation.model.reloadempty": {
			"loop": true,
			"animation_length": 2.3833,
			"bones": {
				"main": {
					"rotation": {
						"0.0": {
							"vector": [0, 0, 0]
						},
						"0.1": {
							"vector": [3, 0, 0]
						},
						"0.3": {
							"vector": [-7.99578, -0.24369, -1.9851]
						},
						"0.5": {
							"vector": [4.39387, -1.02138, 7.9853]
						},
						"0.6333": {
							"vector": [-9.7551, 0.26453, 3.2481]
						},
						"0.9333": {
							"vector": [-5.39534, -16.28856, -9.06274]
						},
						"1.2333": {
							"vector": [-0.52767, -16.74413, -0.07264]
						},
						"1.3": {
							"vector": [-8.09109, -12.04795, -3.71849]
						},
						"1.5333": {
							"vector": [-12.05343, -4.51098, 12.01126]
						},
						"1.6": {
							"vector": [-11.51421, 1.51082, 15.65832]
						},
						"1.7": {
							"vector": [-11.47684, -5.57182, 18.22342]
						},
						"1.8333": {
							"vector": [-11.59109, -9.73608, 19.08065]
						},
						"1.8667": {
							"vector": [-6.03924, -4.81672, 18.1683]
						},
						"1.9667": {
							"vector": [-9.73589, -2.01713, 20.75751]
						},
						"2.1167": {
							"vector": [1.24924, -0.00333, 0.0435]
						},
						"2.2167": {
							"vector": [0.43963, -0.03688, 3.51617]
						},
						"2.3": {
							"vector": [0, 0, 0],
							"easing": "easeInOutSine"
						}
					},
					"position": {
						"0.0": {
							"vector": [0, 0, 0]
						},
						"0.1667": {
							"vector": [0, 0.8, -2.35],
							"easing": "easeInOutSine"
						},
						"0.4": {
							"vector": [0, -3.9, -4.1]
						},
						"0.5667": {
							"vector": [0, -1.15, -4.1]
						},
						"0.7333": {
							"vector": [-0.96, -7.075, -9.425]
						},
						"0.8667": {
							"vector": [0, -5.405, -4.1]
						},
						"1.0333": {
							"vector": [0, -2.39, -4.1]
						},
						"1.3": {
							"vector": [0, -3.675, -5.275]
						},
						"1.3667": {
							"vector": [0, -1.95, -4.52]
						},
						"1.4667": {
							"vector": [0, 0, 0]
						},
						"1.8": {
							"vector": [0, -4.08, -4.875]
						},
						"2.05": {
							"vector": [0, -0.6, -4.3]
						},
						"2.3333": {
							"vector": [0, 0, 0]
						}
					}
				},
				"leftarm": {
					"rotation": {
						"0.0": {
							"vector": [0, 0, 0]
						},
						"0.1667": {
							"vector": [-5, 0, 0]
						},
						"0.2667": {
							"vector": [-2.62428, -7.95035, -13.03898]
						},
						"1.1333": {
							"vector": [-2.62428, -7.95035, -13.03898]
						},
						"1.2": {
							"vector": [-9.63834, -1.93387, -3.17164]
						},
						"1.4": {
							"vector": [-6.28215, -23.20891, -30.41719]
						},
						"2.0667": {
							"vector": [0, 0, 0]
						}
					},
					"position": {
						"0.0": {
							"vector": [0, 0, 0]
						},
						"0.1667": {
							"vector": [1, 0, -1.6]
						},
						"0.2667": {
							"vector": [1, -2.7, -4.2]
						},
						"0.4": {
							"vector": [2.325, -7.55, -4.2]
						},
						"0.5": {
							"vector": [2.33, -42.27, -4.2]
						},
						"0.6": {
							"vector": [2.33, -71.55, -4.2]
						},
						"0.7": {
							"vector": [2.33, -71.55, -4.2]
						},
						"1.0667": {
							"vector": [2.325, -7.55, -4.2]
						},
						"1.1333": {
							"vector": [1, -3.2, -4.2]
						},
						"1.2": {
							"vector": [1, -4, -2.7]
						},
						"1.2667": {
							"vector": [1, 0, -1.6]
						},
						"1.5667": {
							"vector": [8.8, 13.775, 3.175]
						},
						"1.6667": {
							"vector": [6.7, 13.78, 13.18]
						},
						"1.7667": {
							"vector": [5.7, 13.78, 13.18]
						},
						"1.8333": {
							"vector": [6.875, 13.78, 13.255]
						},
						"1.9": {
							"vector": [12.325, 4.58, 13.1]
						},
						"2.1667": {
							"vector": [0, 0, 0]
						}
					}
				},
				"magazine": {
					"rotation": {
						"0.0": {
							"vector": [0, 0, 0]
						},
						"0.1667": {
							"vector": [-1.12, 0, 0]
						},
						"0.2667": {
							"vector": [-8, 0, 0]
						},
						"0.4": {
							"vector": [-17.02198, 2.8688, -0.87785]
						},
						"1.0667": {
							"vector": [-22.02198, 2.8688, -0.87785]
						},
						"1.1333": {
							"vector": [-18.52198, 2.8688, -0.87785]
						},
						"1.2": {
							"vector": [-18.52198, 2.8688, -0.87785]
						},
						"1.2667": {
							"vector": [0, 0, 0]
						}
					},
					"position": {
						"0.0": {
							"vector": [0, 0, 0]
						},
						"0.1667": {
							"vector": [0, 0, 0]
						},
						"0.2667": {
							"vector": [0, 0, 0]
						},
						"0.4": {
							"vector": [0, 0, 0]
						},
						"0.5": {
							"vector": [0, -38, 0]
						},
						"0.6": {
							"vector": [0, -70, 0]
						},
						"1.0667": {
							"vector": [0, -5, 0]
						},
						"1.1333": {
							"vector": [0, -0.4, 0]
						},
						"1.2": {
							"vector": [0, -0.3, 0]
						},
						"1.2667": {
							"vector": [0, 0, 0]
						}
					}
				},
				"action": {
					"position": {
						"1.5667": {
							"vector": [0, 0, 0.2]
						},
						"1.6667": {
							"vector": [0, 0, 7.1]
						},
						"1.8333": {
							"vector": [0, 0, 7.1]
						},
						"1.85": {
							"vector": [0, 0, 0]
						}
					}
				},
				"_camera_": {
					"rotation": {
						"0.05": {
							"vector": [0, 0, 0]
						},
						"0.3667": {
							"vector": [-1, 0, 1]
						},
						"0.4667": {
							"vector": [1, 0, 0]
						},
						"0.5667": {
							"vector": [1, 0, 1]
						},
						"0.7333": {
							"vector": [1, 0, 0]
						},
						"1.2333": {
							"vector": [0, 0, 0]
						},
						"1.3333": {
							"vector": [1, 0, 1]
						},
						"1.4667": {
							"vector": [1, 0, -0.5]
						},
						"1.6667": {
							"vector": [0, 0, 0]
						},
						"1.8667": {
							"vector": [-1, 0, 1]
						},
						"1.9667": {
							"vector": [1, 0, 0]
						},
						"2.0667": {
							"vector": [1, 0, 1]
						},
						"2.2333": {
							"vector": [0, 0, 0]
						}
					}
				}
			},
			"sound_effects": {
				"0.1667": {
					"effect": "p90_magout"
				},
				"0.8333": {
					"effect": "p90_magin"
				},
				"1.5333": {
					"effect": "mp5_boltclose"
				},
				"1.7833": {
					"effect": "mp5_actionslap"
				}
			}
		},
		"animation.model.inspect": {
			"loop": true,
			"animation_length": 4.85,
			"bones": {
				"main": {
					"rotation": {
						"0.0": {
							"vector": [0, 0, 0]
						},
						"0.1": {
							"vector": [-1.88401, -6.22659, 0.64789]
						},
						"0.2333": {
							"vector": [-13.44437, -23.70896, -0.08968]
						},
						"0.4167": {
							"vector": [-16.06515, -27.977, 9.91464]
						},
						"0.7333": {
							"vector": [-6.793, -31.27923, -8.70844]
						},
						"0.9167": {
							"vector": [-8.88047, -30.80178, -4.66142]
						},
						"1.1167": {
							"vector": [-10.48213, -30.33919, -1.51287]
						},
						"1.6667": {
							"vector": [-8.87584, -30.2934, -1.22817]
						},
						"2.0833": {
							"vector": [12.35829, -29.34924, -43.80061],
							"easing": "easeInOutSine"
						},
						"2.3833": {
							"vector": [9.74344, -29.93289, -36.63143]
						},
						"2.5667": {
							"vector": [-12.95347, -30.2927, -1.22854]
						},
						"2.8": {
							"vector": [-33.02011, 8.39461, 78.07955],
							"easing": "easeInOutSine"
						},
						"2.9833": {
							"vector": [-32.31629, 4.43976, 71.80426]
						},
						"3.2167": {
							"vector": [-32.14842, 5.63992, 73.71487]
						},
						"3.4167": {
							"vector": [-31.01483, 4.84043, 72.44036]
						},
						"3.6": {
							"vector": [-30.43812, 7.90818, 77.62954]
						},
						"3.85": {
							"vector": [-30.21639, 8.79187, 79.15623]
						},
						"4.05": {
							"vector": [-30.40793, 8.03477, 77.84722]
						},
						"4.25": {
							"vector": [-32.14842, 5.63992, 73.71487]
						},
						"4.4333": {
							"vector": [-14.11721, -7.21197, -0.49095]
						},
						"4.5833": {
							"vector": [-2.74833, -0.09594, -6.7477],
							"easing": "easeInOutSine"
						},
						"4.75": {
							"vector": [0, 0, 0]
						}
					},
					"position": {
						"0.0": {
							"vector": [0, 0, 0]
						},
						"0.1667": {
							"vector": [-0.15, 1.725, 0],
							"easing": "linear"
						},
						"0.3333": {
							"vector": [-0.7, -4.86, 0],
							"easing": "linear"
						},
						"0.6667": {
							"vector": [-0.68, 1.745, 0]
						},
						"0.8333": {
							"vector": [-0.68, 1.55, 0]
						},
						"1.0": {
							"vector": [-0.68, 1.68, 0]
						},
						"1.2667": {
							"vector": [-0.58, 1.68, 0]
						},
						"1.4833": {
							"vector": [-0.58, 1.78, 0]
						},
						"1.75": {
							"vector": [-0.805, 1.68, 0]
						},
						"1.9667": {
							"vector": [-0.8, 1.78, 0.5]
						},
						"2.2167": {
							"vector": [-0.87, 1.455, 0.33]
						},
						"2.3333": {
							"vector": [-0.9, 1.53, 0.7]
						},
						"2.4833": {
							"vector": [-0.9, 4.03, 0.25]
						},
						"2.65": {
							"vector": [-0.9, -0.02, 0.25]
						},
						"2.8833": {
							"vector": [-0.9, -0.22, 0.25]
						},
						"3.1167": {
							"vector": [-0.9, -0.02, 0.25]
						},
						"3.3667": {
							"vector": [-0.9, -0.22, 0.25]
						},
						"3.7333": {
							"vector": [-0.9, -1.07, 0.25]
						},
						"3.9333": {
							"vector": [-1.125, -1.07, 0.25]
						},
						"4.1333": {
							"vector": [-1.12, -0.545, 0.25]
						},
						"4.3333": {
							"vector": [-0.76, -0.87, -4.905]
						},
						"4.5": {
							"vector": [0, 1.245, -6.45]
						},
						"4.6833": {
							"vector": [0, 0, 0]
						}
					}
				},
				"leftarm": {
					"rotation": {
						"0.0": {
							"vector": [0, 0, 0]
						},
						"3.5333": {
							"vector": [0, 0, 0]
						},
						"3.8": {
							"vector": [0, 0, 0]
						},
						"4.75": {
							"vector": [0, 0, 0]
						}
					},
					"position": {
						"0.0": {
							"vector": [0, 0, 0]
						},
						"0.1333": {
							"vector": [0, -53, 0]
						},
						"2.3": {
							"vector": [0, -53, 0]
						},
						"2.5": {
							"vector": [0, 0, 0]
						},
						"3.4167": {
							"vector": [0, 0, 0]
						},
						"3.65": {
							"vector": [0, 0, 0]
						},
						"4.75": {
							"vector": [0, 0, 0]
						}
					},
					"scale": {
						"vector": [1, 1, 1]
					}
				},
				"rightarm": {
					"rotation": {
						"0.0": {
							"vector": [0, 0, 0]
						},
						"2.7333": {
							"vector": [0, 0, 0]
						}
					},
					"position": {
						"0.0": {
							"vector": [0, 0, 0]
						},
						"2.7333": {
							"vector": [0, 0, 0]
						}
					}
				},
				"gun": {
					"rotation": {
						"vector": [0, 0, 0]
					},
					"position": {
						"0.0": {
							"vector": [0, 0, 0]
						},
						"0.3667": {
							"vector": [3, 0, 0]
						},
						"2.6833": {
							"vector": [3, 0, 0]
						},
						"2.7833": {
							"vector": [0, 0, 0]
						}
					}
				},
				"_camera_": {
					"rotation": {
						"0.0": {
							"vector": [0, 0, 0]
						},
						"0.2": {
							"vector": [-1, 0, 0],
							"easing": "easeInOutSine"
						},
						"0.3833": {
							"vector": [4, 0, -2],
							"easing": "easeInOutSine"
						},
						"0.4833": {
							"vector": [3.8, 0, 1]
						},
						"0.6333": {
							"vector": [3.5, 0, 0]
						},
						"1.6833": {
							"vector": [3.5, 0, 0]
						},
						"2.1667": {
							"vector": [4, 5, 0],
							"easing": "easeInOutSine"
						},
						"2.7167": {
							"vector": [3.5, 1, 1]
						},
						"2.9333": {
							"vector": [3.5, 1, -1]
						},
						"3.15": {
							"vector": [3.5, 1, 0]
						},
						"4.1167": {
							"vector": [3.5, 0, 0]
						},
						"4.45": {
							"vector": [-1, 0, 2],
							"easing": "easeInOutSine"
						},
						"4.5833": {
							"vector": [0, 0, 0]
						}
					}
				}
			},
			"sound_effects": {
				"0.0333": {
					"effect": "inspect_up"
				},
				"1.7667": {
					"effect": "inspect_foley"
				},
				"2.3": {
					"effect": "inspect_turn"
				},
				"4.45": {
					"effect": "inspect_down"
				}
			}
		},
		"animation.model.fire": {
			"animation_length": 0.5,
			"bones": {
				"main": {
					"rotation": {
						"0.0": {
							"vector": [0, 0, 0]
						},
						"0.0417": {
							"vector": [-1, 0, 0]
						},
						"0.125": {
							"vector": [-0.24939, -0.0349, -1.9997]
						},
						"0.2083": {
							"vector": [-0.25046, -0.02617, 0.00029]
						},
						"0.2917": {
							"vector": [0, 0, 0]
						}
					},
					"position": {
						"0.0": {
							"vector": [0, 0, 0]
						},
						"0.0417": {
							"vector": [0, 0, 1]
						},
						"0.125": {
							"vector": [0, 0, 0.5]
						},
						"0.2917": {
							"vector": [0, 0, 0]
						}
					}
				},
				"action": {
					"position": {
						"0.0": {
							"vector": [0, 0, 0]
						},
						"0.0417": {
							"vector": [0, 0, 6]
						},
						"0.0833": {
							"vector": [0, 0, 0]
						}
					}
				},
				"action2": {
					"position": {
						"0.0": {
							"vector": [0, 0, 0]
						},
						"0.0417": {
							"vector": [0, 0, 9.7]
						},
						"0.0833": {
							"vector": [0, 0, 0]
						}
					}
				}
			}
		}
	},
	"geckolib_format_version": 2
}