{
	"format_version": "1.8.0",
	"animations": {
		"animation.model.preparefire": {
			"loop": true,
			"animation_length": 0.2667,
			"loop_delay": 5,
			"bones": {
				"main": {
					"rotation": {
						"0.0": {
							"vector": [0, 0, 0]
						},
						"0.1333": {
							"vector": [0, 0, 1]
						}
					},
					"position": {
						"0.0": {
							"vector": [0, 0, 0]
						},
						"0.2667": {
							"vector": [0, 0, 0.475],
							"easing": "easeOutCirc"
						}
					}
				},
				"rightarm": {
					"rotation": {
						"vector": [0, 0, 0]
					},
					"position": {
						"vector": [0, 0, 0]
					}
				}
			}
		},
		"animation.model.inspect": {
			"loop": true,
			"animation_length": 4.8,
			"bones": {
				"main": {
					"rotation": {
						"0.0": {
							"vector": [0, 0, 0]
						},
						"0.3": {
							"vector": [6.95687, -3.84531, 0.38223],
							"easing": "easeInSine"
						},
						"0.7667": {
							"vector": [-21.8995, -15.26072, 28.18786],
							"easing": "linear"
						},
						"0.9333": {
							"vector": [-11.44393, -20.15445, 27.50491],
							"easing": "linear"
						},
						"1.0333": {
							"vector": [-11.46853, -18.00123, 40.22814]
						},
						"1.1333": {
							"vector": [-8.19126, -18.88294, 35.21954],
							"easing": "easeOutSine"
						},
						"1.2333": {
							"vector": [-11.68065, -19.50272, 31.12672]
						},
						"1.3": {
							"vector": [-12.82441, -19.45928, 31.12274],
							"easing": "easeOutSine"
						},
						"1.4667": {
							"vector": [-14.00061, -18.64714, 34.72464]
						},
						"1.6667": {
							"vector": [-12.28818, -19.78801, 29.53409]
						},
						"1.7667": {
							"vector": [-12.82441, -19.45928, 31.12274],
							"easing": "easeOutSine"
						},
						"1.8333": {
							"vector": [-13.9186, -18.70745, 34.46854],
							"easing": "easeOutElastic"
						},
						"2.2333": {
							"vector": [-23.85294, -8.10757, 66.41086],
							"easing": "easeInElastic"
						},
						"2.4333": {
							"vector": [-23.50623, -9.11176, 64.09528],
							"easing": "easeInElastic"
						},
						"2.6333": {
							"vector": [-23.19866, -9.9046, 62.23354]
						},
						"2.7667": {
							"vector": [-23.0166, -12.52619, 56.16897]
						},
						"2.9333": {
							"vector": [-21.31628, -13.60575, 53.01789],
							"easing": "easeOutCirc"
						},
						"3.1667": {
							"vector": [-24.01658, -7.04635, 68.40084],
							"easing": "easeInCirc"
						},
						"3.3": {
							"vector": [-25.45666, -10.51845, 72.07108]
						},
						"3.6667": {
							"vector": [-16.13894, -12.27603, 36.99214],
							"easing": "easeInCirc"
						},
						"3.8": {
							"vector": [-6.76074, -9.17791, 13.88951]
						},
						"4.0333": {
							"vector": [-0.91965, -1.15093, 4.04527]
						},
						"4.2667": {
							"vector": [0, 0, 0],
							"easing": "easeInSine"
						},
						"4.3667": {
							"vector": [0, 0, 0]
						}
					},
					"position": {
						"0.0": {
							"vector": [0, 0, 0]
						},
						"0.3667": {
							"vector": [0, -1.61, 0]
						},
						"0.5333": {
							"vector": [0, -2.12, 0]
						},
						"0.6667": {
							"vector": [0, -0.2, 0]
						},
						"0.9": {
							"vector": [0, -1.305, 0],
							"easing": "easeInBack"
						},
						"0.9667": {
							"vector": [0, -3.565, 0]
						},
						"1.1667": {
							"vector": [0, -2.515, 0],
							"easing": "easeInBack"
						},
						"1.2667": {
							"vector": [0, -1.84, 0]
						},
						"1.4": {
							"vector": [0, -2.685, 0]
						},
						"1.5667": {
							"vector": [-0.1, -2.955, 0]
						},
						"1.7333": {
							"vector": [-0.01, -3.03, 0]
						},
						"2.0": {
							"vector": [-0.01, -3.685, 0]
						},
						"2.1": {
							"vector": [-0.01, -2.835, 0]
						},
						"2.2333": {
							"vector": [0, -3.05, 0],
							"easing": "linear"
						},
						"2.3667": {
							"vector": [0, -3.375, 0]
						},
						"2.6667": {
							"vector": [0, -1.745, 0]
						},
						"3.3": {
							"vector": [0, -4.1, 0]
						},
						"3.4": {
							"vector": [0, -3.67, 0]
						},
						"3.6": {
							"vector": [0, 0.95, 0]
						},
						"3.8": {
							"vector": [0, 5.73, 0]
						},
						"4.1": {
							"vector": [0, -0.11, 0],
							"easing": "easeOutElastic"
						},
						"4.3667": {
							"vector": [0, 0, 0]
						}
					}
				},
				"Lid": {
					"rotation": {
						"0.0": {
							"vector": [0, 0, 0]
						},
						"0.5": {
							"vector": [0, 0, 0]
						},
						"0.6667": {
							"vector": [0, 0, 10]
						},
						"0.8": {
							"vector": [0, 0, 5]
						}
					}
				},
				"b3": {
					"rotation": {
						"0.0": {
							"vector": [0, 0, 0]
						},
						"0.5667": {
							"vector": [0, 0, 0]
						},
						"0.6667": {
							"vector": [0, 0, -21.5],
							"easing": "linear"
						},
						"0.9": {
							"vector": [0, 0, -14]
						},
						"1.0": {
							"vector": [0, 0, -27]
						},
						"1.0667": {
							"vector": [0, 0, -27]
						},
						"1.1667": {
							"vector": [0, 0, 12]
						},
						"1.2667": {
							"vector": [0, 0, 12]
						},
						"1.4": {
							"vector": [0, 0, -13]
						},
						"1.5": {
							"vector": [0, 0, 0]
						},
						"3.6667": {
							"vector": [0, 0, 0]
						},
						"3.8": {
							"vector": [0, 0, -15]
						},
						"3.9333": {
							"vector": [0, 0, -2.5]
						},
						"4.0333": {
							"vector": [0, 0, -2.5]
						},
						"4.1": {
							"vector": [0, 0, -15]
						},
						"4.2333": {
							"vector": [0, 0, 0]
						}
					},
					"position": {
						"0.0": {
							"vector": [0, 0, 0]
						},
						"0.4667": {
							"vector": [0, 0, 0]
						},
						"0.5333": {
							"vector": [0, 0, 0]
						},
						"4.2333": {
							"vector": [0, 0, 0]
						}
					}
				},
				"b4": {
					"rotation": {
						"0.0": {
							"vector": [0, 0, 0]
						},
						"0.5333": {
							"vector": [0, 0, 0]
						},
						"0.7": {
							"vector": [0, 0, -11]
						},
						"1.1667": {
							"vector": [0, 0, -11]
						},
						"1.2": {
							"vector": [0, 0, -19.94]
						},
						"3.6333": {
							"vector": [0, 0, -19.94]
						},
						"3.6667": {
							"vector": [0, 0, 0]
						},
						"3.8": {
							"vector": [0, 0, -15]
						},
						"3.9333": {
							"vector": [0, 0, -2.5]
						},
						"4.0333": {
							"vector": [0, 0, -2.5]
						},
						"4.0667": {
							"vector": [0, 0, -12.08]
						},
						"4.1": {
							"vector": [0, 0, -22.16]
						},
						"4.1333": {
							"vector": [0, 0, -24.74]
						},
						"4.1667": {
							"vector": [0, 0, -15.66]
						},
						"4.2": {
							"vector": [0, 0, 4.67]
						},
						"4.2333": {
							"vector": [0, 0, 0]
						}
					},
					"position": {
						"0.0": {
							"vector": [0, 0, 0]
						},
						"0.4667": {
							"vector": [0, 0, 0]
						},
						"0.5333": {
							"vector": [0.045, -0.04, 0]
						},
						"0.5667": {
							"vector": [0.02, 0.025, 0]
						},
						"0.6": {
							"vector": [-0.01, 0.34, 0]
						},
						"0.6333": {
							"vector": [-0.04, 0.655, 0]
						},
						"0.6667": {
							"vector": [-0.145, 0.98, 0]
						},
						"0.7": {
							"vector": [-0.1, 0.9, 0]
						},
						"0.8": {
							"vector": [-0.1, 0.775, 0]
						},
						"0.9": {
							"vector": [-0.1, 0.655, 0]
						},
						"0.9667": {
							"vector": [-0.15, 0.985, 0]
						},
						"1.0667": {
							"vector": [-0.225, 1.165, 0]
						},
						"1.1333": {
							"vector": [0.03, 0.045, 0]
						},
						"1.1667": {
							"vector": [0.03, -0.58, 0]
						},
						"1.2": {
							"vector": [0.03, -0.6, 0]
						},
						"1.3": {
							"vector": [0.03, -0.3, 0]
						},
						"1.3667": {
							"vector": [0.03, 0.275, 0]
						},
						"1.4": {
							"vector": [-0.02, 0.58, 0]
						},
						"1.4667": {
							"vector": [-0.02, 0.23, 0]
						},
						"1.5333": {
							"vector": [-0.02, -0.02, 0]
						},
						"3.6333": {
							"vector": [-0.02, -0.02, 0]
						},
						"3.7": {
							"vector": [0.005, 0.18, 0]
						},
						"3.7333": {
							"vector": [0.01, 0.33, 0]
						},
						"3.7667": {
							"vector": [-0.015, 0.505, 0]
						},
						"3.8": {
							"vector": [-0.035, 0.635, 0]
						},
						"3.8333": {
							"vector": [-0.015, 0.54, 0]
						},
						"3.8667": {
							"vector": [0.015, 0.39, 0]
						},
						"3.9": {
							"vector": [0.02, 0.24, 0]
						},
						"3.9333": {
							"vector": [0.02, 0.09, 0]
						},
						"4.0333": {
							"vector": [0.02, 0.11, 0]
						},
						"4.0667": {
							"vector": [0.02, 0.39, 0]
						},
						"4.1": {
							"vector": [-0.055, 0.665, 0]
						},
						"4.1333": {
							"vector": [0, 0.495, 0]
						},
						"4.1667": {
							"vector": [0.025, 0.325, 0]
						},
						"4.2": {
							"vector": [0.03, 0.18, 0]
						},
						"4.2333": {
							"vector": [0, 0, 0]
						}
					}
				},
				"b5": {
					"rotation": {
						"0.0": {
							"vector": [0, 0, 0]
						},
						"0.5333": {
							"vector": [0, 0, 0]
						},
						"0.7": {
							"vector": [0, 0, 19]
						},
						"0.9667": {
							"vector": [0, 0, 24.36]
						},
						"1.1667": {
							"vector": [0, 0, -21]
						},
						"1.2": {
							"vector": [0, 0, -32.44]
						},
						"1.3667": {
							"vector": [0, 0, 0]
						},
						"3.6333": {
							"vector": [0, 0, 0]
						},
						"3.6667": {
							"vector": [0, 0, -19.25]
						},
						"3.7333": {
							"vector": [0, 0, -3.13]
						},
						"3.7667": {
							"vector": [0, 0, 0.43]
						},
						"3.8": {
							"vector": [0, 0, 10.25]
						},
						"3.9333": {
							"vector": [0, 0, -2.5]
						},
						"4.0333": {
							"vector": [0, 0, -2.5]
						},
						"4.0667": {
							"vector": [0, 0, 0.75]
						},
						"4.1": {
							"vector": [0, 0, 11]
						},
						"4.1333": {
							"vector": [0, 0, 6.09]
						},
						"4.1667": {
							"vector": [0, 0, 4.67]
						},
						"4.2": {
							"vector": [0, 0, -18.75]
						},
						"4.2333": {
							"vector": [0, 0, 0]
						}
					},
					"position": {
						"0.0": {
							"vector": [0, 0, 0]
						},
						"0.4667": {
							"vector": [0, 0, 0]
						},
						"0.5333": {
							"vector": [0.045, -0.04, 0]
						},
						"0.5667": {
							"vector": [0.12, 0.025, 0]
						},
						"0.6": {
							"vector": [0.165, 0.34, 0]
						},
						"0.6333": {
							"vector": [0.26, 0.655, 0]
						},
						"0.6667": {
							"vector": [0.255, 1.03, 0]
						},
						"0.7": {
							"vector": [0.4, 1, 0]
						},
						"0.7333": {
							"vector": [0.385, 0.96, 0]
						},
						"0.7667": {
							"vector": [0.385, 0.895, 0]
						},
						"0.8": {
							"vector": [0.4, 0.875, 0]
						},
						"0.8333": {
							"vector": [0.375, 0.84, 0]
						},
						"0.8667": {
							"vector": [0.39, 0.8, 0]
						},
						"0.9": {
							"vector": [0.4, 0.755, 0]
						},
						"0.9333": {
							"vector": [0.36, 0.855, 0]
						},
						"0.9667": {
							"vector": [0.325, 1.11, 0]
						},
						"1.0": {
							"vector": [0.32, 1.135, 0]
						},
						"1.0333": {
							"vector": [0.31, 1.25, 0]
						},
						"1.0667": {
							"vector": [0.3, 1.265, 0]
						},
						"1.1": {
							"vector": [0.395, 0.695, 0]
						},
						"1.1333": {
							"vector": [0.53, 0.17, 0]
						},
						"1.1667": {
							"vector": [0.555, -0.48, 0]
						},
						"1.2": {
							"vector": [0.905, -0.325, 0]
						},
						"1.3": {
							"vector": [0.855, -0.025, 0]
						},
						"1.3667": {
							"vector": [0.855, 0.5, 0]
						},
						"1.4": {
							"vector": [0.83, 0.805, 0]
						},
						"1.4667": {
							"vector": [0.78, 0.43, 0]
						},
						"1.5333": {
							"vector": [0.73, 0.18, 0]
						},
						"3.6333": {
							"vector": [0.73, 0.18, 0]
						},
						"3.6667": {
							"vector": [-0.02, 0.105, 0]
						},
						"3.7": {
							"vector": [0.18, 0.235, 0]
						},
						"3.7333": {
							"vector": [0.355, 0.415, 0]
						},
						"3.7667": {
							"vector": [0.485, 0.595, 0]
						},
						"3.8": {
							"vector": [0.615, 0.75, 0]
						},
						"3.8333": {
							"vector": [0.52, 0.65, 0]
						},
						"3.8667": {
							"vector": [0.42, 0.45, 0]
						},
						"3.9": {
							"vector": [0.27, 0.275, 0]
						},
						"3.9333": {
							"vector": [0.17, 0.08, 0]
						},
						"3.9667": {
							"vector": [0.17, 0.105, 0]
						},
						"4.0": {
							"vector": [0.12, 0.11, 0]
						},
						"4.0333": {
							"vector": [0.12, 0.11, 0]
						},
						"4.0667": {
							"vector": [0.57, 0.51, 0]
						},
						"4.1": {
							"vector": [0.89, 0.94, 0]
						},
						"4.1333": {
							"vector": [1.07, 0.83, 0]
						},
						"4.1667": {
							"vector": [0.715, 0.455, 0]
						},
						"4.2": {
							"vector": [-0.205, 0.22, 0]
						},
						"4.2333": {
							"vector": [0, 0, 0]
						}
					}
				},
				"b6": {
					"rotation": {
						"0.0": {
							"vector": [0, 0, 0]
						},
						"0.5333": {
							"vector": [0, 0, 0]
						},
						"0.5667": {
							"vector": [0, 0, -16.54]
						},
						"0.6667": {
							"vector": [0, 0, -14.17]
						},
						"0.7": {
							"vector": [0, 0, -21]
						},
						"0.8": {
							"vector": [0, 0, -20.49]
						},
						"0.9": {
							"vector": [-3.20154, 3.37955, 15.74079]
						},
						"0.9667": {
							"vector": [0, 0, 3.36]
						},
						"1.0667": {
							"vector": [0, 0, 13.68]
						},
						"1.1333": {
							"vector": [0, 0, 33.06]
						},
						"1.1667": {
							"vector": [0, 0, 49]
						},
						"1.2": {
							"vector": [0, 0, 46.56]
						},
						"1.3": {
							"vector": [0, 0, 45.62]
						},
						"1.3667": {
							"vector": [0, 0, 40]
						},
						"1.7": {
							"vector": [0, 0, 0]
						},
						"3.5667": {
							"vector": [0, 0, 0]
						},
						"3.8667": {
							"vector": [0, 0, 0]
						},
						"4.0333": {
							"vector": [0, 0, 0]
						},
						"4.0667": {
							"vector": [0, 0, -10]
						},
						"4.1": {
							"vector": [0, 0, -15]
						},
						"4.1333": {
							"vector": [0, 0, 10]
						},
						"4.1667": {
							"vector": [0, 0, 10]
						},
						"4.2": {
							"vector": [0, 0, 0]
						},
						"4.2333": {
							"vector": [0, 0, 0]
						}
					},
					"position": {
						"0.0": {
							"vector": [0, 0, 0]
						},
						"0.4667": {
							"vector": [0, 0, 0]
						},
						"0.5333": {
							"vector": [0.045, -0.04, 0]
						},
						"0.5667": {
							"vector": [-0.055, 0.025, 0]
						},
						"0.6": {
							"vector": [-0.185, 0.34, 0]
						},
						"0.6333": {
							"vector": [-0.265, 0.655, 0]
						},
						"0.6667": {
							"vector": [-0.445, 1.08, 0]
						},
						"0.7": {
							"vector": [-0.45, 1.075, 0]
						},
						"0.8": {
							"vector": [-0.55, 0.875, 0]
						},
						"0.9": {
							"vector": [-0.4, 0.88, 0]
						},
						"0.9667": {
							"vector": [-0.775, 1.11, 0]
						},
						"1.0667": {
							"vector": [0.3, 1.265, 0]
						},
						"1.1333": {
							"vector": [1.13, 0.37, 0]
						},
						"1.1667": {
							"vector": [1.455, -0.18, 0]
						},
						"1.2": {
							"vector": [2.23, 0.275, 0]
						},
						"1.3": {
							"vector": [1.43, 0.175, 0]
						},
						"1.3667": {
							"vector": [0.855, 0.5, 0]
						},
						"1.4": {
							"vector": [0.83, 0.805, 0]
						},
						"1.4667": {
							"vector": [0.78, 0.43, 0]
						},
						"1.5333": {
							"vector": [0.73, 0.18, 0]
						},
						"3.5667": {
							"vector": [0.73, 0.18, 0]
						},
						"3.6667": {
							"vector": [0.83, 0.355, 0]
						},
						"3.7": {
							"vector": [0.68, 0.36, 0]
						},
						"3.7333": {
							"vector": [0.48, 0.435, 0]
						},
						"3.7667": {
							"vector": [0.455, 0.59, 0]
						},
						"3.8": {
							"vector": [0.11, 0.74, 0]
						},
						"3.8333": {
							"vector": [0.185, 0.615, 0]
						},
						"3.8667": {
							"vector": [0.24, 0.42, 0]
						},
						"3.9": {
							"vector": [0.24, 0.27, 0]
						},
						"3.9333": {
							"vector": [0.265, 0.095, 0]
						},
						"3.9667": {
							"vector": [0.27, 0.1, 0]
						},
						"4.0": {
							"vector": [0.22, 0.1, 0]
						},
						"4.0333": {
							"vector": [0.22, 0.1, 0]
						},
						"4.0667": {
							"vector": [0.52, 0.5, 0]
						},
						"4.1": {
							"vector": [0.37, 0.925, 0]
						},
						"4.1333": {
							"vector": [0.77, 0.805, 0]
						},
						"4.1667": {
							"vector": [0.495, 0.46, 0]
						},
						"4.2": {
							"vector": [0.6, 0.46, 0]
						},
						"4.2333": {
							"vector": [0, 0, 0]
						}
					}
				},
				"b7": {
					"rotation": {
						"0.0": {
							"vector": [0, 0, 0]
						},
						"0.5333": {
							"vector": [0, 0, 0]
						},
						"0.5667": {
							"vector": [0, 0, 33.21]
						},
						"0.6": {
							"vector": [0, 0, 13.25]
						},
						"0.6667": {
							"vector": [0, 0, 23.33]
						},
						"0.7": {
							"vector": [0, 0, 11.5]
						},
						"0.8": {
							"vector": [0, 0, 12.76]
						},
						"0.9": {
							"vector": [-4.55935, 0.93462, -19.20195]
						},
						"0.9667": {
							"vector": [0, 0, -8.89]
						},
						"1.0667": {
							"vector": [0, 0, 13.68]
						},
						"1.1333": {
							"vector": [0, 0, 2.06]
						},
						"1.1667": {
							"vector": [0, 0, 16]
						},
						"1.2": {
							"vector": [0, 0, 31.56]
						},
						"1.3": {
							"vector": [0, 0, 2.62]
						},
						"1.3667": {
							"vector": [0, 0, -13]
						},
						"1.7": {
							"vector": [0, 0, 17]
						},
						"3.5667": {
							"vector": [0, 0, 24]
						},
						"3.6667": {
							"vector": [0, 0, 39]
						},
						"3.7333": {
							"vector": [0, 0, 18]
						},
						"3.7667": {
							"vector": [0, 0, 12.5]
						},
						"3.8": {
							"vector": [0, 0, 14.33]
						},
						"3.8333": {
							"vector": [0, 0, 13.17]
						},
						"3.8667": {
							"vector": [0, 0, 0]
						},
						"3.9667": {
							"vector": [0, 0, 4]
						},
						"4.0333": {
							"vector": [0, 0, 10]
						},
						"4.0667": {
							"vector": [0, 0, 29]
						},
						"4.1": {
							"vector": [0, 0, 44]
						},
						"4.1333": {
							"vector": [0, 0, 46]
						},
						"4.1667": {
							"vector": [0, 0, 10]
						},
						"4.2": {
							"vector": [0, 0, 0]
						},
						"4.2333": {
							"vector": [0, 0, 0]
						}
					},
					"position": {
						"0.0": {
							"vector": [0, 0, 0]
						},
						"0.4667": {
							"vector": [0, 0, 0]
						},
						"0.5333": {
							"vector": [0.045, -0.04, 0]
						},
						"0.5667": {
							"vector": [0.72, -0.075, 0]
						},
						"0.6": {
							"vector": [0.515, 0.34, 0]
						},
						"0.6333": {
							"vector": [0.435, 0.655, 0]
						},
						"0.6667": {
							"vector": [0.155, 0.98, 0]
						},
						"0.7": {
							"vector": [0.525, 1.1, 0]
						},
						"0.8": {
							"vector": [0.375, 0.925, 0]
						},
						"0.9": {
							"vector": [-1.175, 1.13, 0]
						},
						"0.9667": {
							"vector": [-0.975, 1.11, 0]
						},
						"1.0667": {
							"vector": [-0.3, 1.365, 0]
						},
						"1.1333": {
							"vector": [-0.145, 0.87, 0]
						},
						"1.1667": {
							"vector": [-0.345, 0.82, 0]
						},
						"1.2": {
							"vector": [0.48, 1.225, 0]
						},
						"1.3": {
							"vector": [-0.295, 1.075, 0]
						},
						"1.3667": {
							"vector": [-0.695, 1.275, 0]
						},
						"1.4": {
							"vector": [-0.53, 1.4, 0]
						},
						"1.4667": {
							"vector": [-0.37, 0.83, 0]
						},
						"1.5333": {
							"vector": [-0.095, 0.43, 0]
						},
						"1.7": {
							"vector": [0.71, 0.13, 0]
						},
						"3.5667": {
							"vector": [0.78, 0.18, 0]
						},
						"3.6667": {
							"vector": [0.83, 0.355, 0]
						},
						"3.7": {
							"vector": [0.68, 0.36, 0]
						},
						"3.7333": {
							"vector": [0.48, 0.435, 0]
						},
						"3.7667": {
							"vector": [0.455, 0.59, 0]
						},
						"3.8": {
							"vector": [0.11, 0.74, 0]
						},
						"3.8333": {
							"vector": [0.185, 0.615, 0]
						},
						"3.8667": {
							"vector": [0.24, 0.42, 0]
						},
						"3.9": {
							"vector": [0.24, 0.27, 0]
						},
						"3.9333": {
							"vector": [0.265, 0.095, 0]
						},
						"3.9667": {
							"vector": [0.27, 0.1, 0]
						},
						"4.0": {
							"vector": [0.22, 0.1, 0]
						},
						"4.0333": {
							"vector": [0.22, 0.1, 0]
						},
						"4.0667": {
							"vector": [0.97, 0.45, 0]
						},
						"4.1": {
							"vector": [0.995, 0.775, 0]
						},
						"4.1333": {
							"vector": [0.32, 0.805, 0]
						},
						"4.1667": {
							"vector": [0.045, 0.46, 0]
						},
						"4.2": {
							"vector": [0.6, 0.46, 0]
						},
						"4.2333": {
							"vector": [0, 0, 0]
						}
					}
				},
				"b8": {
					"rotation": {
						"0.0": {
							"vector": [0, 0, 0]
						},
						"0.5667": {
							"vector": [0, 0, -22]
						},
						"0.6": {
							"vector": [0, 0, 5]
						},
						"0.6667": {
							"vector": [0, 0, -29]
						},
						"0.7": {
							"vector": [0, 0, -1]
						},
						"0.7333": {
							"vector": [0, 0, -8.5]
						},
						"1.1667": {
							"vector": [0, 0, -29.5]
						},
						"1.2": {
							"vector": [0, 0, -17.75]
						},
						"1.3": {
							"vector": [0, 0, -12.75]
						},
						"1.3333": {
							"vector": [0, 0, -9.25]
						},
						"1.3667": {
							"vector": [0, 0, 6.75]
						},
						"1.4": {
							"vector": [0, 0, 17.25]
						},
						"1.4333": {
							"vector": [0, 0, -0.75]
						},
						"3.5667": {
							"vector": [0, 0, -18]
						},
						"3.6667": {
							"vector": [0, 0, -25]
						},
						"3.7": {
							"vector": [0, 0, -39.5]
						},
						"3.7333": {
							"vector": [0, 0, 18]
						},
						"3.7667": {
							"vector": [0, 0, 12.5]
						},
						"3.8": {
							"vector": [0, 0, 14.33]
						},
						"3.8333": {
							"vector": [0, 0, 13.17]
						},
						"3.8667": {
							"vector": [0, 0, 0]
						},
						"3.9667": {
							"vector": [0, 0, 4]
						},
						"4.0333": {
							"vector": [0, 0, 10]
						},
						"4.0667": {
							"vector": [0, 0, -14.5]
						},
						"4.1": {
							"vector": [0, 0, -21.5]
						},
						"4.1333": {
							"vector": [0, 0, -16]
						},
						"4.1667": {
							"vector": [0, 0, 10]
						},
						"4.2": {
							"vector": [0, 0, 20.75]
						},
						"4.2333": {
							"vector": [0, 0, 0]
						}
					},
					"position": {
						"0.0": {
							"vector": [0, 0, 0]
						},
						"0.5333": {
							"vector": [0, 0, 0]
						},
						"0.5667": {
							"vector": [-0.75, -0.1, 0]
						},
						"0.6": {
							"vector": [-0.1, 0.2, 0]
						},
						"0.6333": {
							"vector": [-0.4, 0.4, 0]
						},
						"0.6667": {
							"vector": [-0.9, 0.4, 0]
						},
						"0.7": {
							"vector": [0.075, 0.9, 0]
						},
						"0.7333": {
							"vector": [-0.02, 0.875, 0]
						},
						"0.7667": {
							"vector": [-0.045, 0.73, 0]
						},
						"0.8": {
							"vector": [-0.165, 0.73, 0]
						},
						"0.8333": {
							"vector": [-0.26, 0.905, 0]
						},
						"0.8667": {
							"vector": [-0.46, 1.235, 0]
						},
						"0.9": {
							"vector": [-0.585, 1.49, 0]
						},
						"0.9333": {
							"vector": [-0.655, 1.49, 0]
						},
						"0.9667": {
							"vector": [-0.635, 1.39, 0]
						},
						"1.0": {
							"vector": [-0.67, 1.29, 0]
						},
						"1.0333": {
							"vector": [-0.775, 1.14, 0]
						},
						"1.0667": {
							"vector": [-0.87, 1.14, 0]
						},
						"1.1": {
							"vector": [-0.52, 0.99, 0]
						},
						"1.1333": {
							"vector": [-0.22, 0.84, 0]
						},
						"1.1667": {
							"vector": [-1.045, 0.615, 0]
						},
						"1.2": {
							"vector": [-0.89, 0.92, 0]
						},
						"1.2333": {
							"vector": [-0.69, 0.92, 0]
						},
						"1.2667": {
							"vector": [-0.54, 0.97, 0]
						},
						"1.3": {
							"vector": [-0.365, 1.07, 0]
						},
						"1.3333": {
							"vector": [-0.285, 1.345, 0]
						},
						"1.3667": {
							"vector": [-0.205, 1.625, 0]
						},
						"1.4": {
							"vector": [-0.125, 1.68, 0]
						},
						"1.4333": {
							"vector": [-0.145, 1.255, 0]
						},
						"1.4667": {
							"vector": [-0.19, 0.95, 0]
						},
						"1.5": {
							"vector": [-0.19, 0.65, 0]
						},
						"1.5333": {
							"vector": [-0.19, 0.45, 0]
						},
						"1.5667": {
							"vector": [-0.115, 0.3, 0]
						},
						"1.6": {
							"vector": [-0.11, 0.225, 0]
						},
						"1.6333": {
							"vector": [-0.06, 0.08, 0]
						},
						"1.6667": {
							"vector": [-0.01, -0.07, 0]
						},
						"1.7": {
							"vector": [0.015, -0.145, 0]
						},
						"3.5667": {
							"vector": [-0.22, -0.145, 0]
						},
						"3.6667": {
							"vector": [-0.845, -0.045, 0]
						},
						"3.7": {
							"vector": [-0.645, -0.065, 0]
						},
						"3.7333": {
							"vector": [-0.245, -0.015, 0]
						},
						"3.7667": {
							"vector": [-0.07, 0.39, 0]
						},
						"3.8": {
							"vector": [-0.515, 0.615, 0]
						},
						"3.8333": {
							"vector": [-0.34, 0.415, 0]
						},
						"3.8667": {
							"vector": [0.24, 0.42, 0]
						},
						"3.9": {
							"vector": [0.24, 0.27, 0]
						},
						"3.9333": {
							"vector": [0.165, 0.095, 0]
						},
						"3.9667": {
							"vector": [0.12, -0.025, 0]
						},
						"4.0": {
							"vector": [-0.08, 0, 0]
						},
						"4.0333": {
							"vector": [-0.205, -0.05, 0]
						},
						"4.0667": {
							"vector": [-0.28, 0.175, 0]
						},
						"4.1": {
							"vector": [-1.055, 0.475, 0]
						},
						"4.1333": {
							"vector": [-1.88, 0.805, 0]
						},
						"4.1667": {
							"vector": [-0.33, 0.235, 0]
						},
						"4.2": {
							"vector": [0.575, 0.46, 0]
						},
						"4.2333": {
							"vector": [0, 0, 0]
						}
					}
				},
				"_camera_": {
					"rotation": {
						"0.0": {
							"vector": [0, 0, 0]
						},
						"0.1667": {
							"vector": [1, 0, 2]
						},
						"0.6667": {
							"vector": [-2, 0, -3]
						},
						"1.0333": {
							"vector": [1.2, 0, 0]
						},
						"1.1667": {
							"vector": [1.2, 0, -1]
						},
						"1.3": {
							"vector": [1.2, 0, 1]
						},
						"1.5": {
							"vector": [1.2, 0, 0]
						},
						"1.9": {
							"vector": [1.2, 0, 0]
						},
						"2.0333": {
							"vector": [1.2, 0, -2]
						},
						"2.1333": {
							"vector": [1.2, 0, 1]
						},
						"2.2667": {
							"vector": [1.2, 0, 0]
						},
						"4.0": {
							"vector": [1.2, 0, 1]
						},
						"4.1333": {
							"vector": [1.2, 0, -0.5]
						},
						"4.2667": {
							"vector": [1.2, 0, 0]
						}
					},
					"position": {
						"0.0": {
							"vector": [0, 0, 0]
						},
						"0.6": {
							"vector": [0, -2, 0]
						},
						"1.2": {
							"vector": [0, 2, 0],
							"easing": "easeInElastic"
						},
						"3.3333": {
							"vector": [0, 2, 0],
							"easing": "easeInElastic"
						},
						"3.8333": {
							"vector": [0, 4, 0],
							"easing": "easeOutElastic"
						},
						"4.2667": {
							"vector": [0, 0, 0]
						}
					}
				},
				"leftarm": {
					"rotation": {
						"0.0": {
							"vector": [0, 0, 0]
						},
						"0.2667": {
							"vector": [0, 0, 0]
						},
						"0.8": {
							"vector": [-0.78614, -14.00572, -10.81559]
						},
						"1.8667": {
							"vector": [1.77553, -16.43521, -19.40668]
						},
						"3.5333": {
							"vector": [1.77553, -16.43521, -19.40668]
						},
						"4.0667": {
							"vector": [0, 0, 0]
						}
					},
					"position": {
						"0.0": {
							"vector": [0, 0, 0]
						},
						"0.5333": {
							"vector": [0, 0, 0]
						},
						"0.8": {
							"vector": [-2, -3, -9]
						},
						"3.2333": {
							"vector": [-2, -3, -9]
						},
						"3.9": {
							"vector": [0, 0, 0]
						}
					}
				}
			},
			"sound_effects": {
				"0.6": {
					"effect": "eea_rpd_inspectup"
				},
				"1.9": {
					"effect": "eea_rpd_inspectdown"
				},
				"3.1": {
					"effect": "eea_rpd_inspectupmini"
				},
				"3.6333": {
					"effect": "draw"
				}
			}
		},
		"animation.model.draw": {
			"loop": true,
			"animation_length": 0.9333,
			"bones": {
				"main": {
					"rotation": {
						"0.0": {
							"vector": [-62.20718, -21.60206, 81.20772]
						},
						"0.2333": {
							"vector": [-32.556, -19.58285, 42.42013]
						},
						"0.4667": {
							"vector": [4.36858, -7.90821, -13.48002],
							"easing": "linear"
						},
						"0.6": {
							"vector": [1.21868, -2.2757, -0.25437]
						},
						"0.7667": {
							"vector": [0, 0, 0],
							"easing": "linear"
						}
					},
					"position": {
						"0.0": {
							"vector": [0, -10, 0]
						},
						"0.1667": {
							"vector": [0, -3.11, 0]
						},
						"0.3": {
							"vector": [0, -0.405, 0]
						},
						"0.6333": {
							"vector": [0, -2, 0]
						},
						"0.8333": {
							"vector": [0, 0, 0]
						}
					}
				},
				"b1": {
					"rotation": {
						"vector": [0, 0, 0]
					},
					"position": {
						"vector": [0, 0, 0]
					}
				},
				"b2": {
					"rotation": {
						"vector": [0, 0, 0]
					}
				},
				"b3": {
					"rotation": {
						"vector": [0, 0, 0]
					},
					"position": {
						"vector": [0, 0, 0]
					}
				},
				"b4": {
					"rotation": {
						"vector": [0, 0, 0]
					},
					"position": {
						"vector": [0, 0, 0]
					}
				},
				"b5": {
					"rotation": {
						"vector": [0, 0, 0]
					},
					"position": {
						"vector": [0, 0, 0]
					}
				},
				"b6": {
					"rotation": {
						"vector": [0, 0, 0]
					},
					"position": {
						"vector": [0, 0, 0]
					}
				},
				"b7": {
					"rotation": {
						"vector": [0, 0, 0]
					},
					"position": {
						"vector": [0, 0, 0]
					}
				},
				"b8": {
					"rotation": {
						"vector": [0, 0, 0]
					},
					"position": {
						"vector": [0, 0, 0]
					}
				},
				"_camera_": {
					"rotation": {
						"0.0": {
							"vector": [0, 0, 0]
						},
						"0.3": {
							"vector": [-2, 0, 2],
							"easing": "easeOutQuad"
						},
						"0.5333": {
							"vector": [0, 0, -1],
							"easing": "easeInCubic"
						},
						"0.6333": {
							"vector": [0, 0, 1]
						},
						"0.7333": {
							"vector": [0, 0, 0]
						}
					}
				}
			},
			"sound_effects": {
				"0.0": {
					"effect": "draw"
				}
			}
		},
		"animation.model.reload": {
			"animation_length": 4.5,
			"bones": {
				"main": {
					"rotation": {
						"0.0": {
							"vector": [0, 0, 0]
						},
						"0.1333": {
							"vector": [0, 0, 9]
						},
						"0.3": {
							"vector": [-5.25, 0, 15.44],
							"easing": "easeOutSine"
						},
						"0.7": {
							"vector": [-5.02186, 0.88429, 24.9569],
							"easing": "easeOutBack"
						},
						"0.8667": {
							"vector": [-4.92027, 1.33953, 30.18813],
							"easing": "easeInElastic"
						},
						"1.1333": {
							"vector": [-5.02186, 0.88429, 24.9569],
							"easing": "easeOutBack"
						},
						"1.4333": {
							"vector": [-4.49861, -0.41316, 6.9076]
						},
						"1.7667": {
							"vector": [-2.81894, 0.36622, 18.692],
							"easing": "easeInElastic"
						},
						"2.2": {
							"vector": [-2.51179, -0.09188, 7.03673],
							"easing": "easeOutQuad"
						},
						"2.3333": {
							"vector": [-2.32541, 0.19946, 12.64123],
							"easing": "easeOutQuad"
						},
						"2.7": {
							"vector": [-1.40127, -0.11634, 3.67446]
						},
						"2.9": {
							"vector": [-1.26354, -0.20568, -1.1535]
						},
						"3.0667": {
							"vector": [-1.15558, -0.21408, -2.30871],
							"easing": "easeInElastic"
						},
						"3.6667": {
							"vector": [2.76403, -0.53445, 2.94396]
						},
						"3.8667": {
							"vector": [1.63209, -0.65748, 12.83565]
						},
						"4.1667": {
							"vector": [0, 0, 4]
						},
						"4.2333": {
							"vector": [-1.25, 0, 1.5]
						},
						"4.4333": {
							"vector": [0, 0, 0]
						}
					},
					"position": {
						"0.0": {
							"vector": [0, 0, 0]
						},
						"0.2": {
							"vector": [0, 2, 0]
						},
						"0.5": {
							"vector": [0, -0.07, 0]
						},
						"0.8": {
							"vector": [0, 0.42, 4]
						},
						"0.9": {
							"vector": [0, 0.36, 3.14]
						},
						"1.2667": {
							"vector": [0, -2.66, 0]
						},
						"1.4333": {
							"vector": [0, 1.66, 0],
							"easing": "linear"
						},
						"1.7": {
							"vector": [0, -1.335, 0]
						},
						"2.0667": {
							"vector": [0, -0.02, 0]
						},
						"2.2667": {
							"vector": [0, -0.02, 0]
						},
						"2.5333": {
							"vector": [0, -0.82, 0]
						},
						"2.8333": {
							"vector": [0, 1.51, 0]
						},
						"3.0": {
							"vector": [0, 0.815, 0]
						},
						"3.0667": {
							"vector": [0, -0.335, 0]
						},
						"3.5333": {
							"vector": [0, -4.09, 0]
						},
						"3.6667": {
							"vector": [0, -4.2, 0]
						},
						"3.9667": {
							"vector": [0, 1.875, 0]
						},
						"4.1667": {
							"vector": [0, -2.9, 0],
							"easing": "easeInElastic"
						},
						"4.4333": {
							"vector": [0, 0, 0]
						}
					}
				},
				"b1": {
					"rotation": {
						"0.0": {
							"vector": [0, 0, 0]
						},
						"2.0333": {
							"vector": [0, 0, 0]
						},
						"2.0667": {
							"vector": [0, 0, 0]
						},
						"2.2667": {
							"vector": [0, 0, 85.5]
						},
						"2.9": {
							"vector": [0, 0, 111.02]
						},
						"3.0": {
							"vector": [0, 0, 90.02]
						},
						"3.1333": {
							"vector": [0, 0, 105]
						},
						"3.2333": {
							"vector": [0, 0, 106]
						},
						"3.3": {
							"vector": [0, 0, 99.86]
						},
						"3.3333": {
							"vector": [0, 0, 125.54]
						},
						"3.5333": {
							"vector": [0, 0, -2.94]
						},
						"3.7": {
							"vector": [0, 0, 0]
						}
					},
					"position": {
						"0.0": {
							"vector": [0, 0, 0]
						},
						"2.0333": {
							"vector": [0, 0, 0]
						},
						"2.0667": {
							"vector": [0.875, 2.05, 0]
						},
						"2.2667": {
							"vector": [4.55, 5.975, 0]
						},
						"2.5667": {
							"vector": [-4, -11, 0]
						},
						"2.9": {
							"vector": [8.02, -12.04, 0]
						},
						"3.0": {
							"vector": [8.34, -11.78, 0]
						},
						"3.1": {
							"vector": [7.21, -10.14, 0]
						},
						"3.1333": {
							"vector": [7.1, -9.6, 0]
						},
						"3.2": {
							"vector": [7.1, -8.18, 0]
						},
						"3.2333": {
							"vector": [7.075, -7.425, 0]
						},
						"3.2667": {
							"vector": [7.15, -6.97, 0]
						},
						"3.3": {
							"vector": [7.23, -6.57, 0]
						},
						"3.3333": {
							"vector": [6.63, -6.095, 0]
						},
						"3.3667": {
							"vector": [7.205, -5.84, 0]
						},
						"3.4": {
							"vector": [7.67, -3.76, 0]
						},
						"3.4333": {
							"vector": [7.66, -2.965, 0]
						},
						"3.4667": {
							"vector": [7.51, -2.035, 0]
						},
						"3.5": {
							"vector": [6.97, -1.02, 0]
						},
						"3.5333": {
							"vector": [4.11, -0.47, 0]
						},
						"3.5667": {
							"vector": [3.59, -0.38, 0]
						},
						"3.6": {
							"vector": [2.59, -0.29, 0]
						},
						"3.7": {
							"vector": [0, 0, 0]
						}
					}
				},
				"b3": {
					"rotation": {
						"0.0": {
							"vector": [0, 0, 0]
						},
						"2.0333": {
							"vector": [0, 0, 0]
						},
						"2.0667": {
							"vector": [0, 0, 50]
						},
						"2.2667": {
							"vector": [0, 0, 70.25]
						},
						"3.3667": {
							"vector": [0, 0, 0]
						},
						"3.4": {
							"vector": [0, 0, 92.5]
						},
						"3.4333": {
							"vector": [0, 0, 112.5]
						},
						"3.4667": {
							"vector": [0, 0, 125.5]
						},
						"3.5": {
							"vector": [0, 0, 114.5]
						},
						"3.6333": {
							"vector": [0, 0, 29.17]
						},
						"3.6667": {
							"vector": [0, 0, 11.59]
						},
						"3.7": {
							"vector": [0, 0, 0]
						}
					},
					"position": {
						"0.0": {
							"vector": [0, 0, 0]
						},
						"2.0333": {
							"vector": [0, 0, 0]
						},
						"2.0667": {
							"vector": [0.975, 2, 0]
						},
						"2.2667": {
							"vector": [1.75, 2.45, 0]
						},
						"2.5667": {
							"vector": [-4, -11, 0]
						},
						"3.3667": {
							"vector": [0, -11, 0]
						},
						"3.4": {
							"vector": [2.7, -7.5, 0]
						},
						"3.4333": {
							"vector": [3.3, -6.7, 0]
						},
						"3.4667": {
							"vector": [4.3, -5.6, 0]
						},
						"3.5": {
							"vector": [4.325, -4.25, 0]
						},
						"3.5333": {
							"vector": [3.9, -1.94, 0]
						},
						"3.5667": {
							"vector": [3.72, -1.25, 0]
						},
						"3.6": {
							"vector": [2.79, -0.89, 0]
						},
						"3.7": {
							"vector": [0, 0, 0]
						}
					}
				},
				"b5": {
					"rotation": {
						"0.0": {
							"vector": [0, 0, 0]
						},
						"2.2667": {
							"vector": [0, 0, 0]
						},
						"3.5": {
							"vector": [0, 0, 0]
						},
						"3.5667": {
							"vector": [0, 0, 22]
						},
						"3.6": {
							"vector": [0, 0, 40.5]
						},
						"3.6333": {
							"vector": [0, 0, 45.75]
						},
						"3.6667": {
							"vector": [0, 0, 32.63]
						},
						"3.7": {
							"vector": [0, 0, 0]
						}
					},
					"position": {
						"0.0": {
							"vector": [0, 0, 0]
						},
						"2.2667": {
							"vector": [0, 0, 0]
						},
						"2.5667": {
							"vector": [-4, -11, 0]
						},
						"3.5": {
							"vector": [-0.71, -7.94, 0]
						},
						"3.5333": {
							"vector": [-0.715, -4.02, 0]
						},
						"3.5667": {
							"vector": [-0.095, -3.045, 0]
						},
						"3.6": {
							"vector": [0.255, -2.605, 0]
						},
						"3.6333": {
							"vector": [0.445, -1.815, 0]
						},
						"3.6667": {
							"vector": [0.345, -0.91, 0]
						},
						"3.7": {
							"vector": [0, 0, 0]
						}
					}
				},
				"b6": {
					"rotation": {
						"0.0": {
							"vector": [0, 0, 0]
						},
						"2.2667": {
							"vector": [0, 0, 0]
						},
						"3.5333": {
							"vector": [0, 0, 0]
						},
						"3.6": {
							"vector": [0, 0, -20]
						},
						"3.7": {
							"vector": [0, 0, 0]
						}
					},
					"position": {
						"0.0": {
							"vector": [0, 0, 0]
						},
						"2.2667": {
							"vector": [0, 0, 0]
						},
						"2.5667": {
							"vector": [-4, -11, 0]
						},
						"3.5333": {
							"vector": [-0.74, -4.47, 0]
						},
						"3.5667": {
							"vector": [-1.065, -2.955, 0]
						},
						"3.6": {
							"vector": [-1.4, -2.22, 0]
						},
						"3.6333": {
							"vector": [-1.505, -1.28, 0]
						},
						"3.6667": {
							"vector": [-1.075, -0.64, 0]
						},
						"3.7": {
							"vector": [0, 0, 0]
						}
					}
				},
				"b7": {
					"rotation": {
						"0.0": {
							"vector": [0, 0, 0]
						},
						"2.2667": {
							"vector": [0, 0, 0]
						},
						"3.6333": {
							"vector": [0, 0, 20]
						},
						"3.6667": {
							"vector": [0, 0, 30]
						},
						"3.7": {
							"vector": [0, 0, 0]
						}
					},
					"position": {
						"0.0": {
							"vector": [0, 0, 0]
						},
						"2.2667": {
							"vector": [0, 0, 0]
						},
						"2.5667": {
							"vector": [-4, -11, 0]
						},
						"3.6333": {
							"vector": [-1.29, -2.47, 0]
						},
						"3.6667": {
							"vector": [-0.85, -0.74, 0]
						},
						"3.7": {
							"vector": [0, 0, 0]
						}
					}
				},
				"b8": {
					"rotation": {
						"0.0": {
							"vector": [0, 0, 0]
						},
						"2.2667": {
							"vector": [0, 0, 0]
						},
						"3.7": {
							"vector": [0, 0, 0]
						}
					},
					"position": {
						"0.0": {
							"vector": [0, 0, 0]
						},
						"2.2667": {
							"vector": [0, 0, 0]
						},
						"2.5667": {
							"vector": [-4, -11, 0]
						},
						"3.6667": {
							"vector": [-0.21, -2.12, 0]
						},
						"3.7": {
							"vector": [0, 0, 0]
						}
					}
				},
				"rightarm": {
					"rotation": {
						"0.0": {
							"vector": [0, 0, 0]
						},
						"0.4": {
							"vector": [0, 0, 0],
							"easing": "easeInBack"
						},
						"0.5333": {
							"vector": [0, 0, -45],
							"easing": "easeInSine"
						},
						"1.1": {
							"vector": [0, 0, 8],
							"easing": "easeInBack"
						},
						"1.2667": {
							"vector": [0, 0, 0],
							"easing": "easeInElastic"
						}
					},
					"position": {
						"0.0": {
							"vector": [0, 0, 0]
						},
						"0.2": {
							"vector": [-5, 8.17, -14.17]
						},
						"0.6": {
							"vector": [-4.93, 7.04, -15.28]
						},
						"0.6333": {
							"vector": [-4.9, 6.5, -15.3],
							"easing": "easeInBack"
						},
						"0.7": {
							"vector": [-4.9, 6.42, -10.56]
						},
						"0.7333": {
							"vector": [-4.9, 6.38, -5.37]
						},
						"0.7667": {
							"vector": [-4.9, 6.34, -2.43]
						},
						"0.8": {
							"vector": [-4.9, 6.3, -0.7]
						},
						"0.8333": {
							"vector": [-4.9, 6.29, 0.25]
						},
						"0.8667": {
							"vector": [-4.9, 6.27, 0.59]
						},
						"0.9": {
							"vector": [-4.9, 6.24, -0.7]
						},
						"0.9333": {
							"vector": [-4.9, 6.2, -1.85]
						},
						"0.9667": {
							"vector": [-4.9, 6.16, -8.32]
						},
						"1.0": {
							"vector": [-4.9, 6.7, -13.6],
							"easing": "easeInBack"
						},
						"1.1": {
							"vector": [-7, 9.9, -14.1]
						},
						"1.2": {
							"vector": [-6.4, 7.1, -14]
						},
						"1.4": {
							"vector": [0, 0, 0]
						}
					}
				},
				"cover": {
					"rotation": {
						"1.4333": {
							"vector": [0, 0, 0]
						},
						"1.5": {
							"vector": [4, 0, 0]
						},
						"1.5667": {
							"vector": [32.5, 0, 0]
						},
						"1.6667": {
							"vector": [27.5, 0, 0],
							"easing": "easeInElastic"
						},
						"4.0667": {
							"vector": [27.5, 0, 0],
							"easing": "easeInElastic"
						},
						"4.1667": {
							"vector": [0, 0, 0]
						}
					}
				},
				"action": {
					"position": {
						"0.0": {
							"vector": [0, 0, 0]
						},
						"0.6333": {
							"vector": [0, 0, 0]
						},
						"0.6667": {
							"vector": [0, 0, 0.4]
						},
						"0.7": {
							"vector": [0, 0, 1.4]
						},
						"0.7333": {
							"vector": [0, 0, 6.4]
						},
						"0.7667": {
							"vector": [0, 0, 9.4]
						},
						"0.8": {
							"vector": [0, 0, 11.4]
						},
						"0.8333": {
							"vector": [0, 0, 12.2]
						},
						"0.8667": {
							"vector": [0, 0, 12.5]
						},
						"0.9333": {
							"vector": [0, 0, 10.3]
						},
						"0.9667": {
							"vector": [0, 0, 3.8]
						},
						"1.0": {
							"vector": [0, 0, 0.7]
						},
						"1.0333": {
							"vector": [0, 0, 0]
						}
					}
				},
				"handle": {
					"rotation": {
						"0.0": {
							"vector": [0, 0, 0]
						},
						"0.4333": {
							"vector": [0, 0, 0]
						},
						"0.5667": {
							"vector": [0, 0, -90]
						},
						"1.0": {
							"vector": [0, 0, -80]
						},
						"1.0333": {
							"vector": [0, 0, -45]
						},
						"1.0667": {
							"vector": [0, 0, 0]
						}
					},
					"position": {
						"vector": [0, 0, 0]
					}
				},
				"magazine": {
					"rotation": {
						"0.0": {
							"vector": [0, 0, 0]
						},
						"2.2667": {
							"vector": [0, 0, 0]
						},
						"2.4": {
							"vector": [-25, 0, 0],
							"easing": "easeOutSine"
						},
						"2.6667": {
							"vector": [-25, 0, 0],
							"easing": "easeOutSine"
						},
						"2.7667": {
							"vector": [0, 0, 0]
						},
						"2.9667": {
							"vector": [0, 0, 0]
						}
					},
					"position": {
						"0.0": {
							"vector": [0, 0, 0]
						},
						"1.9667": {
							"vector": [0, 0, 0]
						},
						"2.0": {
							"vector": [0, 0, -0.275]
						},
						"2.0333": {
							"vector": [0, 0, -0.275]
						},
						"2.0667": {
							"vector": [0, 0, 2.6]
						},
						"2.1": {
							"vector": [0, 0, 4.1]
						},
						"2.1333": {
							"vector": [0, 0, 6.7]
						},
						"2.1667": {
							"vector": [0, 0, 7.8]
						},
						"2.2": {
							"vector": [0, 0, 8.3]
						},
						"2.2333": {
							"vector": [0, -6.6, 8.3]
						},
						"2.3333": {
							"vector": [0, -19.2, 8.3]
						},
						"2.5": {
							"vector": [0, -49.2, 8.3]
						},
						"2.6": {
							"vector": [0, -49.2, 8.3]
						},
						"2.7667": {
							"vector": [0, -6.6, 8.3]
						},
						"2.8": {
							"vector": [0, -2.8, 8.3]
						},
						"2.8333": {
							"vector": [0, 0, 6.7]
						},
						"2.9667": {
							"vector": [0, 0, 0]
						}
					}
				},
				"thing": {
					"rotation": {
						"0.0": {
							"vector": [0, 0, 0]
						},
						"2.0": {
							"vector": [0, 0, 0]
						},
						"2.1333": {
							"vector": [0, 0, 84.5]
						},
						"3.1667": {
							"vector": [0, 0, 84.5]
						},
						"3.2": {
							"vector": [0, 0, 114.5]
						},
						"3.2333": {
							"vector": [0, 0, 106.5]
						},
						"3.2667": {
							"vector": [0, 0, 103.5]
						},
						"3.3": {
							"vector": [0, 0, 95.5]
						},
						"3.3333": {
							"vector": [0, 0, 92.5]
						},
						"3.3667": {
							"vector": [0, 0, 85.5]
						},
						"3.4": {
							"vector": [0, 0, 62.5]
						},
						"3.4667": {
							"vector": [0, 0, 45.5]
						},
						"3.5": {
							"vector": [0, 0, 30.5]
						}
					},
					"position": {
						"0.0": {
							"vector": [0, 0, 0]
						},
						"2.0": {
							"vector": [0, 0, 0]
						},
						"2.1333": {
							"vector": [7.74, 0.54, -0.98]
						},
						"3.1667": {
							"vector": [7.74, 0.54, -0.98]
						},
						"3.2": {
							"vector": [6.74, 2.24, -0.98]
						},
						"3.2333": {
							"vector": [6.74, 5.24, -0.98]
						},
						"3.3": {
							"vector": [6.74, 6.04, -0.98]
						},
						"3.3333": {
							"vector": [6.74, 6.34, -0.98]
						},
						"3.3667": {
							"vector": [6.94, 6.64, -0.98]
						},
						"3.4": {
							"vector": [6.94, 8.74, -0.98]
						},
						"3.4667": {
							"vector": [6.04, 10.14, -0.98]
						},
						"3.5": {
							"vector": [5.14, 10.84, -0.98]
						},
						"3.5333": {
							"vector": [1.84, 10.84, -0.98]
						}
					},
					"scale": {
						"0.0": {
							"vector": [0, 0, 0]
						},
						"2.0": {
							"vector": [0, 0, 0]
						},
						"2.1333": {
							"vector": [1, 1, 1]
						},
						"3.1667": {
							"vector": [1, 1, 1]
						},
						"3.4": {
							"vector": [1, 1, 1]
						},
						"3.4667": {
							"vector": [0, 0, 0]
						}
					}
				},
				"b2": {
					"rotation": {
						"0.0": {
							"vector": [0, 0, 0]
						},
						"2.0333": {
							"vector": [0, 0, 0]
						},
						"2.0667": {
							"vector": [0, 0, 0]
						},
						"2.2667": {
							"vector": [0, 0, 68.5]
						},
						"3.2333": {
							"vector": [0, 0, 96.5]
						},
						"3.3333": {
							"vector": [0, 0, 78.5]
						},
						"3.3667": {
							"vector": [0, 0, 121.5]
						},
						"3.4667": {
							"vector": [0, 0, 96.5]
						},
						"3.5": {
							"vector": [0, 0, 90.5]
						},
						"3.5333": {
							"vector": [0, 0, 32.5]
						},
						"3.5667": {
							"vector": [0, 0, 15.5]
						},
						"3.7": {
							"vector": [0, 0, 0]
						}
					},
					"position": {
						"0.0": {
							"vector": [0, 0, 0]
						},
						"2.0333": {
							"vector": [0, 0, 0]
						},
						"2.0667": {
							"vector": [0.875, 2.05, 0]
						},
						"2.2667": {
							"vector": [2.6, 3.5, 0]
						},
						"2.5667": {
							"vector": [-4, -11, 0]
						},
						"3.2": {
							"vector": [0, -10, 0]
						},
						"3.2333": {
							"vector": [4, -10, 0]
						},
						"3.2667": {
							"vector": [4.1, -9.525, 0]
						},
						"3.3": {
							"vector": [4.225, -9.17, 0]
						},
						"3.3333": {
							"vector": [3.545, -8.345, 0]
						},
						"3.3667": {
							"vector": [3.55, -8.3, 0]
						},
						"3.4": {
							"vector": [4.525, -6.3, 0]
						},
						"3.4333": {
							"vector": [5.005, -5.325, 0]
						},
						"3.4667": {
							"vector": [5.81, -4.245, 0]
						},
						"3.5": {
							"vector": [5.685, -2.865, 0]
						},
						"3.5333": {
							"vector": [4.04, -1.135, 0]
						},
						"3.5667": {
							"vector": [3.64, -0.73, 0]
						},
						"3.7": {
							"vector": [0, 0, 0]
						}
					}
				},
				"b4": {
					"rotation": {
						"0.0": {
							"vector": [0, 0, 0]
						},
						"2.2667": {
							"vector": [0, 0, 0]
						},
						"3.4667": {
							"vector": [0, 0, 0]
						},
						"3.5": {
							"vector": [0, 0, 26]
						},
						"3.5333": {
							"vector": [0, 0, 41.67]
						},
						"3.5667": {
							"vector": [0, 0, 47.34]
						},
						"3.7": {
							"vector": [0, 0, 0]
						}
					},
					"position": {
						"0.0": {
							"vector": [0, 0, 0]
						},
						"2.2667": {
							"vector": [0, 0, 0]
						},
						"2.5667": {
							"vector": [-4, -11, 0]
						},
						"3.4": {
							"vector": [-4, -14, 0]
						},
						"3.4333": {
							"vector": [-0.94, -9.59, 0]
						},
						"3.4667": {
							"vector": [0.155, -7.505, 0]
						},
						"3.5": {
							"vector": [0.63, -6.53, 0]
						},
						"3.5333": {
							"vector": [1.08, -4.515, 0]
						},
						"3.5667": {
							"vector": [1.885, -3.685, 0]
						},
						"3.6": {
							"vector": [1.835, -2.91, 0]
						},
						"3.6333": {
							"vector": [1.545, -1.865, 0]
						},
						"3.6667": {
							"vector": [0.895, -0.83, 0]
						},
						"3.7": {
							"vector": [0, 0, 0]
						}
					},
					"scale": {
						"vector": [1, 1, 1]
					}
				},
				"_camera_": {
					"rotation": {
						"0.0": {
							"vector": [0, 0, 0]
						},
						"0.4667": {
							"vector": [4, 1, 0],
							"easing": "easeInBack"
						},
						"0.6": {
							"vector": [4.03239, 0.85991, 1.99535]
						},
						"0.7": {
							"vector": [4.01272, 0.9476, 0.74828]
						},
						"0.8": {
							"vector": [4.02081, 0.91257, 3],
							"easing": "easeInBack"
						},
						"0.9": {
							"vector": [4.02, 0.91, 1]
						},
						"1.4333": {
							"vector": [4.02, 0.91, 1]
						},
						"1.5": {
							"vector": [4.02, 0.91, 3]
						},
						"1.8667": {
							"vector": [4.02, 0.91, 1]
						},
						"2.2667": {
							"vector": [4.02, 0.91, 1]
						},
						"2.3667": {
							"vector": [4.02777, 0.87491, 1.49883]
						},
						"2.8333": {
							"vector": [3.11886, 0.67258, 0.94445]
						},
						"3.8333": {
							"vector": [3.11886, 0.67258, 0.94445]
						},
						"4.2": {
							"vector": [1.22128, 0.21907, 2.36685]
						},
						"4.3": {
							"vector": [0.68893, 0.16755, -2.14727]
						},
						"4.4333": {
							"vector": [0, 0, 0]
						}
					},
					"position": {
						"0.0": {
							"vector": [0, 0, 0]
						},
						"0.2667": {
							"vector": [0, 0.99, 0]
						},
						"0.9": {
							"vector": [0, -0.825, 0]
						},
						"1.1667": {
							"vector": [0, 0, 0]
						},
						"1.7": {
							"vector": [0, -1, 0]
						},
						"2.0333": {
							"vector": [0, -1.3, 0]
						},
						"2.2667": {
							"vector": [0, -1.3, 0]
						},
						"2.7": {
							"vector": [0, -0.77, 0]
						},
						"3.1667": {
							"vector": [0, -1.135, 0]
						},
						"3.7333": {
							"vector": [0, -1.135, 0]
						},
						"3.9": {
							"vector": [0, -0.53, 0]
						},
						"4.4333": {
							"vector": [0, 0, 0]
						}
					}
				},
				"Lid": {
					"rotation": {
						"0.0": {
							"vector": [0, 0, 0]
						},
						"2.2": {
							"vector": [0, 0, 0]
						},
						"2.3333": {
							"vector": [0, 0, -22.5]
						},
						"2.4667": {
							"vector": [0, 0, -22.5]
						},
						"2.5333": {
							"vector": [0, 0, 0]
						}
					}
				},
				"leftarm": {
					"rotation": {
						"0.0": {
							"vector": [0, 0, 0]
						},
						"0.4333": {
							"vector": [-0.78614, -14.00572, -10.81559]
						},
						"0.7333": {
							"vector": [-0.78614, -14.00572, -16.31559]
						},
						"1.2667": {
							"vector": [-0.78614, -14.00572, -10.81559]
						},
						"1.5": {
							"vector": [-10.78614, -14.00572, -10.81559]
						},
						"1.5333": {
							"vector": [-12.1473, 0.87535, 3.64458]
						},
						"1.5667": {
							"vector": [-10.09657, 10.82013, 18.18325]
						},
						"2.2333": {
							"vector": [0.46535, -16.81644, -22.55483]
						},
						"2.7667": {
							"vector": [3.64908, -22.0868, -26.42416]
						},
						"3.0333": {
							"vector": [-27.35092, -22.0868, -26.42416]
						},
						"3.5333": {
							"vector": [-27.35092, -22.0868, -30.42416]
						},
						"3.8": {
							"vector": [-27.35092, -22.0868, -26.42416]
						},
						"3.9667": {
							"vector": [-33.21717, -29.65189, -12.20165]
						},
						"4.5": {
							"vector": [0, 0, 0]
						}
					},
					"position": {
						"0.0": {
							"vector": [0, 0, 0]
						},
						"0.2667": {
							"vector": [-2.9, 0, 0]
						},
						"0.4333": {
							"vector": [-3, 0, -1.9]
						},
						"0.7333": {
							"vector": [-1.9, -0.4, -1.9]
						},
						"1.2667": {
							"vector": [-3, 0, -1.9]
						},
						"1.4": {
							"vector": [-0.7, 6.7, 39]
						},
						"1.5": {
							"vector": [1.4, 7, 36.2]
						},
						"1.5333": {
							"vector": [1.87, 16.34, 38.08]
						},
						"1.5667": {
							"vector": [1.74, 24.775, 34.06]
						},
						"1.6667": {
							"vector": [4, 24.91, 34.65]
						},
						"1.9667": {
							"vector": [3.89, -16.2, 17],
							"easing": "easeInQuad"
						},
						"2.0333": {
							"vector": [2.9, -14.9, 16],
							"easing": "easeOutElastic"
						},
						"2.1333": {
							"vector": [0.53, -17.43, 19.97]
						},
						"2.2": {
							"vector": [-0.2, -17.7, 24],
							"easing": "easeOutSine"
						},
						"2.3333": {
							"vector": [4.6, -35.6, 22.3]
						},
						"2.4667": {
							"vector": [1.9, -59.4, 25.2]
						},
						"2.6": {
							"vector": [-0.2, -64.6, 23.4]
						},
						"2.6333": {
							"vector": [-0.2, -55.9, 22.7]
						},
						"2.6667": {
							"vector": [-0.2, -47.6, 22]
						},
						"2.7667": {
							"vector": [-2.1, -23.66, 25.56]
						},
						"2.8": {
							"vector": [-0.2, -20.98, 24.38]
						},
						"2.8333": {
							"vector": [-0.2, -18.3, 22.4]
						},
						"2.9333": {
							"vector": [3.28, -16.27, 14.8]
						},
						"3.2333": {
							"vector": [12.8, -1.5, 5.2],
							"easing": "easeOutElastic"
						},
						"3.3667": {
							"vector": [11.3, 2.55, 4.3]
						},
						"3.4667": {
							"vector": [10.3, 6, 4.7]
						},
						"3.5333": {
							"vector": [11.87, 6.83, 5.6]
						},
						"3.5667": {
							"vector": [11.7, 5.2, 5.1]
						},
						"3.6": {
							"vector": [10.1, 6.4, 5.3]
						},
						"3.6667": {
							"vector": [10.4, 5.8, 2.9]
						},
						"3.7": {
							"vector": [10.1, 5.4, 3]
						},
						"3.8": {
							"vector": [14.1, -1.5, -0.1]
						},
						"4.0667": {
							"vector": [4.4, 11, 24.9],
							"easing": "easeInElastic"
						},
						"4.1": {
							"vector": [3.14, 7.34, 27.26]
						},
						"4.1333": {
							"vector": [1.88, 2.65, 29.62]
						},
						"4.1667": {
							"vector": [0.62, -1.67, 31.98]
						},
						"4.2333": {
							"vector": [-1.9, 0.2, 36.7]
						},
						"4.3333": {
							"vector": [9.44, -1.56, 18.69]
						},
						"4.4": {
							"vector": [6.76, -0.94, 11.21]
						},
						"4.5": {
							"vector": [0, 0, 0]
						}
					}
				}
			},
			"sound_effects": {
				"0.1333": {
					"effect": "eea_rpd_handle"
				},
				"1.4667": {
					"effect": "eea_rpd_coverup"
				},
				"1.7": {
					"effect": "eea_rpd_ammoout"
				},
				"3.0667": {
					"effect": "eea_rpd_ammoin"
				},
				"3.8333": {
					"effect": "eea_rpd_coverdown"
				}
			}
		},
		"animation.model.reloadempty": {
			"animation_length": 4.6333,
			"bones": {
				"main": {
					"rotation": {
						"0.0": {
							"vector": [0, 0, 0]
						},
						"0.1333": {
							"vector": [0, 0, 9]
						},
						"0.3": {
							"vector": [-5.25, 0, 15.44],
							"easing": "easeOutSine"
						},
						"0.7": {
							"vector": [-5.02186, 0.88429, 24.9569],
							"easing": "easeOutBack"
						},
						"0.8667": {
							"vector": [-4.92027, 1.33953, 30.18813],
							"easing": "easeInElastic"
						},
						"1.1333": {
							"vector": [-5.02186, 0.88429, 24.9569],
							"easing": "easeOutBack"
						},
						"1.5667": {
							"vector": [5.69442, -1.54801, -7.07925]
						},
						"1.8333": {
							"vector": [5.49299, -2.15781, -0.85579]
						},
						"1.9333": {
							"vector": [4.14069, -1.16448, -9.30127]
						},
						"2.0333": {
							"vector": [6.97692, -2.52575, 1.69724]
						},
						"2.1333": {
							"vector": [8.88692, -1.54215, -7.98173]
						},
						"2.2": {
							"vector": [10.08536, -0.77281, -14.07968]
						},
						"2.5333": {
							"vector": [5.74294, -0.01992, -15.79814],
							"easing": "easeOutCubic"
						},
						"2.8333": {
							"vector": [5.06726, 0.02658, -14.43758]
						},
						"2.9333": {
							"vector": [4.81463, -0.33198, -9.5151]
						},
						"3.2667": {
							"vector": [4.02102, 0.0738, -12.91697]
						},
						"3.7667": {
							"vector": [2.76403, -0.53445, 2.94396]
						},
						"3.9667": {
							"vector": [1.63209, -0.65748, 12.83565]
						},
						"4.2667": {
							"vector": [0, 0, 4]
						},
						"4.5333": {
							"vector": [0, 0, 0]
						}
					},
					"position": {
						"0.0": {
							"vector": [0, 0, 0]
						},
						"0.2": {
							"vector": [0, 2, 0]
						},
						"0.5": {
							"vector": [0, -0.07, 0]
						},
						"0.8": {
							"vector": [0, 0.42, 4]
						},
						"0.9": {
							"vector": [0, 0.36, 3.14]
						},
						"1.2667": {
							"vector": [0, -2.66, 0]
						},
						"1.4333": {
							"vector": [0, 1.66, 0],
							"easing": "linear"
						},
						"1.7333": {
							"vector": [0, -1.85, 0],
							"easing": "easeInElastic"
						},
						"1.9": {
							"vector": [0, -1.45, 0]
						},
						"2.0667": {
							"vector": [0, -4.07, 0]
						},
						"2.3667": {
							"vector": [0, -1.94, 0],
							"easing": "easeOutQuad"
						},
						"2.7": {
							"vector": [0, -2.47, 0]
						},
						"3.0": {
							"vector": [0, -2.515, 0]
						},
						"3.2": {
							"vector": [0, -2.375, 0]
						},
						"3.4": {
							"vector": [0, -2.795, 0]
						},
						"3.6333": {
							"vector": [0, -4.09, 0]
						},
						"3.7667": {
							"vector": [0, -4.2, 0]
						},
						"4.0667": {
							"vector": [0, 1.875, 0]
						},
						"4.5333": {
							"vector": [0, 0, 0],
							"easing": "easeInElastic"
						}
					}
				},
				"rightarm": {
					"rotation": {
						"0.0": {
							"vector": [0, 0, 0]
						},
						"0.4": {
							"vector": [0, 0, 0],
							"easing": "easeInBack"
						},
						"0.5333": {
							"vector": [0, 0, -45],
							"easing": "easeInSine"
						},
						"1.1": {
							"vector": [0, 0, 8],
							"easing": "easeInBack"
						},
						"1.3667": {
							"vector": [0, 0, 0],
							"easing": "easeInElastic"
						}
					},
					"position": {
						"0.0": {
							"vector": [0, 0, 0]
						},
						"0.2": {
							"vector": [-5, 8.17, -14.17]
						},
						"0.6": {
							"vector": [-4.93, 7.04, -15.28]
						},
						"0.6333": {
							"vector": [-4.9, 6.5, -15.3],
							"easing": "easeInBack"
						},
						"0.7": {
							"vector": [-4.9, 6.42, -10.56]
						},
						"0.7333": {
							"vector": [-4.9, 6.38, -5.37]
						},
						"0.7667": {
							"vector": [-4.9, 6.34, -2.43]
						},
						"0.8": {
							"vector": [-4.9, 6.3, -0.7]
						},
						"0.8333": {
							"vector": [-4.9, 6.29, 0.25]
						},
						"0.8667": {
							"vector": [-4.9, 6.27, 0.59]
						},
						"0.9": {
							"vector": [-4.9, 6.24, -0.7]
						},
						"0.9333": {
							"vector": [-4.9, 6.2, -1.85]
						},
						"0.9667": {
							"vector": [-4.9, 6.16, -8.32]
						},
						"1.0": {
							"vector": [-4.9, 6.7, -13.6],
							"easing": "easeInBack"
						},
						"1.1": {
							"vector": [-7, 9.9, -14.1]
						},
						"1.2333": {
							"vector": [-6.4, 7.1, -14]
						},
						"1.5": {
							"vector": [0, 0, 0]
						}
					}
				},
				"gun": {
					"rotation": {
						"vector": [0, 0, 0]
					}
				},
				"action": {
					"position": {
						"0.0": {
							"vector": [0, 0, 0]
						},
						"0.6333": {
							"vector": [0, 0, 0]
						},
						"0.6667": {
							"vector": [0, 0, 0.4]
						},
						"0.7": {
							"vector": [0, 0, 1.4]
						},
						"0.7333": {
							"vector": [0, 0, 6.4]
						},
						"0.7667": {
							"vector": [0, 0, 9.4]
						},
						"0.8": {
							"vector": [0, 0, 11.4]
						},
						"0.8333": {
							"vector": [0, 0, 12.2]
						},
						"0.8667": {
							"vector": [0, 0, 12.5]
						},
						"0.9333": {
							"vector": [0, 0, 10.3]
						},
						"0.9667": {
							"vector": [0, 0, 3.8]
						},
						"1.0": {
							"vector": [0, 0, 0.7]
						},
						"1.0333": {
							"vector": [0, 0, 0]
						}
					}
				},
				"handle": {
					"rotation": {
						"0.0": {
							"vector": [0, 0, 0]
						},
						"0.4333": {
							"vector": [0, 0, 0]
						},
						"0.5667": {
							"vector": [0, 0, -90]
						},
						"1.0": {
							"vector": [0, 0, -80]
						},
						"1.0333": {
							"vector": [0, 0, -45]
						},
						"1.0667": {
							"vector": [0, 0, 0]
						}
					},
					"position": {
						"vector": [0, 0, 0]
					}
				},
				"magazine": {
					"rotation": {
						"0.0": {
							"vector": [0, 0, 0]
						},
						"2.0667": {
							"vector": [0, 0, 0]
						},
						"2.2": {
							"vector": [-25, 0, 0],
							"easing": "easeOutSine"
						},
						"2.5667": {
							"vector": [-25, 0, 0],
							"easing": "easeOutSine"
						},
						"2.6667": {
							"vector": [0, 0, 0]
						},
						"2.8667": {
							"vector": [0, 0, 0]
						}
					},
					"position": {
						"0.0": {
							"vector": [0, 0, 0]
						},
						"1.7667": {
							"vector": [0, 0, 0]
						},
						"1.8": {
							"vector": [0, 0, -0.275]
						},
						"1.8333": {
							"vector": [0, 0, -0.275]
						},
						"1.8667": {
							"vector": [0, 0, 2.6]
						},
						"1.9": {
							"vector": [0, 0, 4.1]
						},
						"1.9333": {
							"vector": [0, 0, 6.7]
						},
						"1.9667": {
							"vector": [0, 0, 7.8]
						},
						"2.0": {
							"vector": [0, 0, 8.3]
						},
						"2.0333": {
							"vector": [0, -6.6, 8.3]
						},
						"2.1333": {
							"vector": [0, -19.2, 8.3]
						},
						"2.3": {
							"vector": [0, -49.2, 8.3]
						},
						"2.4": {
							"vector": [0, -49.2, 8.3]
						},
						"2.6667": {
							"vector": [0, -6.6, 8.3]
						},
						"2.7": {
							"vector": [0, -2.8, 8.3]
						},
						"2.7333": {
							"vector": [0, 0, 6.7]
						},
						"2.8667": {
							"vector": [0, 0, 0]
						}
					}
				},
				"Lid": {
					"rotation": {
						"0.0": {
							"vector": [0, 0, -22.5]
						},
						"2.5": {
							"vector": [0, 0, -22.5]
						},
						"2.5667": {
							"vector": [0, 0, 0]
						}
					}
				},
				"b1": {
					"rotation": {
						"0.0": {
							"vector": [0, 0, 0]
						},
						"2.9": {
							"vector": [0, 0, 111.02]
						},
						"3.0": {
							"vector": [0, 0, 90.02]
						},
						"3.1333": {
							"vector": [0, 0, 105]
						},
						"3.2333": {
							"vector": [0, 0, 106]
						},
						"3.3": {
							"vector": [0, 0, 99.86]
						},
						"3.3333": {
							"vector": [0, 0, 125.54]
						},
						"3.5333": {
							"vector": [0, 0, -2.94]
						},
						"3.7": {
							"vector": [0, 0, 0]
						}
					},
					"position": {
						"0.0": {
							"vector": [0, 0, 0]
						},
						"2.5667": {
							"vector": [0, -9, 0]
						},
						"2.9": {
							"vector": [8.02, -12.04, 0]
						},
						"3.0": {
							"vector": [8.34, -11.78, 0]
						},
						"3.1": {
							"vector": [7.21, -10.14, 0]
						},
						"3.1333": {
							"vector": [7.1, -9.6, 0]
						},
						"3.2": {
							"vector": [7.1, -8.18, 0]
						},
						"3.2333": {
							"vector": [7.075, -7.425, 0]
						},
						"3.2667": {
							"vector": [7.15, -6.97, 0]
						},
						"3.3": {
							"vector": [7.23, -6.57, 0]
						},
						"3.3333": {
							"vector": [6.63, -6.095, 0]
						},
						"3.3667": {
							"vector": [7.205, -5.84, 0]
						},
						"3.4": {
							"vector": [7.67, -3.76, 0]
						},
						"3.4333": {
							"vector": [7.66, -2.965, 0]
						},
						"3.4667": {
							"vector": [7.51, -2.035, 0]
						},
						"3.5": {
							"vector": [6.97, -1.02, 0]
						},
						"3.5333": {
							"vector": [4.11, -0.47, 0]
						},
						"3.5667": {
							"vector": [3.59, -0.38, 0]
						},
						"3.6": {
							"vector": [2.59, -0.29, 0]
						},
						"3.7": {
							"vector": [0, 0, 0]
						}
					},
					"scale": {
						"0.0": {
							"vector": [0, 0, 0]
						},
						"2.5": {
							"vector": [0, 0, 0]
						},
						"2.5667": {
							"vector": [1, 1, 1]
						}
					}
				},
				"b2": {
					"rotation": {
						"0.0": {
							"vector": [0, 0, 0]
						},
						"3.2333": {
							"vector": [0, 0, 96.5]
						},
						"3.3333": {
							"vector": [0, 0, 78.5]
						},
						"3.3667": {
							"vector": [0, 0, 121.5]
						},
						"3.4667": {
							"vector": [0, 0, 96.5]
						},
						"3.5": {
							"vector": [0, 0, 90.5]
						},
						"3.5333": {
							"vector": [0, 0, 32.5]
						},
						"3.5667": {
							"vector": [0, 0, 15.5]
						},
						"3.7": {
							"vector": [0, 0, 0]
						}
					},
					"position": {
						"0.0": {
							"vector": [0, 0, 0]
						},
						"2.5667": {
							"vector": [0, -10, 0]
						},
						"3.2": {
							"vector": [0, -10, 0]
						},
						"3.2333": {
							"vector": [4, -10, 0]
						},
						"3.2667": {
							"vector": [4.1, -9.525, 0]
						},
						"3.3": {
							"vector": [4.225, -9.17, 0]
						},
						"3.3333": {
							"vector": [3.545, -8.345, 0]
						},
						"3.3667": {
							"vector": [3.55, -8.3, 0]
						},
						"3.4": {
							"vector": [4.525, -6.3, 0]
						},
						"3.4333": {
							"vector": [5.005, -5.325, 0]
						},
						"3.4667": {
							"vector": [5.81, -4.245, 0]
						},
						"3.5": {
							"vector": [5.685, -2.865, 0]
						},
						"3.5333": {
							"vector": [4.04, -1.135, 0]
						},
						"3.5667": {
							"vector": [3.64, -0.73, 0]
						},
						"3.7": {
							"vector": [0, 0, 0]
						}
					},
					"scale": {
						"0.0": {
							"vector": [0, 0, 0]
						},
						"2.5": {
							"vector": [0, 0, 0]
						},
						"2.5667": {
							"vector": [1, 1, 1]
						}
					}
				},
				"b3": {
					"rotation": {
						"3.3667": {
							"vector": [0, 0, 0]
						},
						"3.4": {
							"vector": [0, 0, 92.5]
						},
						"3.4333": {
							"vector": [0, 0, 112.5]
						},
						"3.4667": {
							"vector": [0, 0, 125.5]
						},
						"3.5": {
							"vector": [0, 0, 114.5]
						},
						"3.6333": {
							"vector": [0, 0, 29.17]
						},
						"3.6667": {
							"vector": [0, 0, 11.59]
						},
						"3.7": {
							"vector": [0, 0, 0]
						}
					},
					"position": {
						"0.0": {
							"vector": [0, 0, 0]
						},
						"2.5667": {
							"vector": [0, -11, 0]
						},
						"3.3667": {
							"vector": [0, -11, 0]
						},
						"3.4": {
							"vector": [2.7, -7.5, 0]
						},
						"3.4333": {
							"vector": [3.3, -6.7, 0]
						},
						"3.4667": {
							"vector": [4.3, -5.6, 0]
						},
						"3.5": {
							"vector": [4.325, -4.25, 0]
						},
						"3.5333": {
							"vector": [3.9, -1.94, 0]
						},
						"3.5667": {
							"vector": [3.72, -1.25, 0]
						},
						"3.6": {
							"vector": [2.79, -0.89, 0]
						},
						"3.7": {
							"vector": [0, 0, 0]
						}
					},
					"scale": {
						"0.0": {
							"vector": [0, 0, 0]
						},
						"2.5": {
							"vector": [0, 0, 0]
						},
						"2.5667": {
							"vector": [1, 1, 1]
						}
					}
				},
				"b4": {
					"rotation": {
						"3.4667": {
							"vector": [0, 0, 0]
						},
						"3.5": {
							"vector": [0, 0, 26]
						},
						"3.5333": {
							"vector": [0, 0, 41.67]
						},
						"3.5667": {
							"vector": [0, 0, 47.34]
						},
						"3.7": {
							"vector": [0, 0, 0]
						}
					},
					"position": {
						"0.0": {
							"vector": [0, 0, 0]
						},
						"2.5667": {
							"vector": [-4, -14, 0]
						},
						"3.4": {
							"vector": [-4, -14, 0]
						},
						"3.4333": {
							"vector": [-0.94, -9.59, 0]
						},
						"3.4667": {
							"vector": [0.155, -7.505, 0]
						},
						"3.5": {
							"vector": [0.63, -6.53, 0]
						},
						"3.5333": {
							"vector": [1.08, -4.515, 0]
						},
						"3.5667": {
							"vector": [1.885, -3.685, 0]
						},
						"3.6": {
							"vector": [1.835, -2.91, 0]
						},
						"3.6333": {
							"vector": [1.545, -1.865, 0]
						},
						"3.6667": {
							"vector": [0.895, -0.83, 0]
						},
						"3.7": {
							"vector": [0, 0, 0]
						}
					},
					"scale": {
						"0.0": {
							"vector": [0, 0, 0]
						},
						"2.5": {
							"vector": [0, 0, 0]
						},
						"2.5667": {
							"vector": [1, 1, 1]
						},
						"3.4": {
							"vector": [1, 1, 1]
						}
					}
				},
				"b5": {
					"rotation": {
						"3.5": {
							"vector": [0, 0, 0]
						},
						"3.5667": {
							"vector": [0, 0, 22]
						},
						"3.6": {
							"vector": [0, 0, 40.5]
						},
						"3.6333": {
							"vector": [0, 0, 45.75]
						},
						"3.6667": {
							"vector": [0, 0, 32.63]
						},
						"3.7": {
							"vector": [0, 0, 0]
						}
					},
					"position": {
						"0.0": {
							"vector": [0, 0, 0]
						},
						"2.5667": {
							"vector": [-4, -11, 0]
						},
						"3.5": {
							"vector": [-0.71, -7.94, 0]
						},
						"3.5333": {
							"vector": [-0.715, -4.02, 0]
						},
						"3.5667": {
							"vector": [-0.095, -3.045, 0]
						},
						"3.6": {
							"vector": [0.255, -2.605, 0]
						},
						"3.6333": {
							"vector": [0.445, -1.815, 0]
						},
						"3.6667": {
							"vector": [0.345, -0.91, 0]
						},
						"3.7": {
							"vector": [0, 0, 0]
						}
					},
					"scale": {
						"0.0": {
							"vector": [0, 0, 0]
						},
						"2.5": {
							"vector": [0, 0, 0]
						},
						"2.5667": {
							"vector": [1, 1, 1]
						}
					}
				},
				"b6": {
					"rotation": {
						"3.5333": {
							"vector": [0, 0, 0]
						},
						"3.6": {
							"vector": [0, 0, -20]
						},
						"3.7": {
							"vector": [0, 0, 0]
						}
					},
					"position": {
						"0.0": {
							"vector": [0, 0, 0]
						},
						"2.5667": {
							"vector": [-5, -10, 0]
						},
						"3.5333": {
							"vector": [-0.74, -4.47, 0]
						},
						"3.5667": {
							"vector": [-1.065, -2.955, 0]
						},
						"3.6": {
							"vector": [-1.4, -2.22, 0]
						},
						"3.6333": {
							"vector": [-1.505, -1.28, 0]
						},
						"3.6667": {
							"vector": [-1.075, -0.64, 0]
						},
						"3.7": {
							"vector": [0, 0, 0]
						}
					},
					"scale": {
						"0.0": {
							"vector": [0, 0, 0]
						},
						"2.5": {
							"vector": [0, 0, 0]
						},
						"2.5667": {
							"vector": [1, 1, 1]
						}
					}
				},
				"b7": {
					"rotation": {
						"0.0": {
							"vector": [0, 0, 0]
						},
						"3.6333": {
							"vector": [0, 0, 20]
						},
						"3.6667": {
							"vector": [0, 0, 30]
						},
						"3.7": {
							"vector": [0, 0, 0]
						}
					},
					"position": {
						"0.0": {
							"vector": [0, 0, 0]
						},
						"2.5667": {
							"vector": [-5, -8, 0]
						},
						"3.6333": {
							"vector": [-1.29, -2.47, 0]
						},
						"3.6667": {
							"vector": [-0.85, -0.74, 0]
						},
						"3.7": {
							"vector": [0, 0, 0]
						}
					},
					"scale": {
						"0.0": {
							"vector": [0, 0, 0]
						},
						"2.5": {
							"vector": [0, 0, 0]
						},
						"2.5667": {
							"vector": [1, 1, 1]
						}
					}
				},
				"b8": {
					"rotation": {
						"vector": [0, 0, 0]
					},
					"position": {
						"0.0": {
							"vector": [0, 0, 0]
						},
						"2.5667": {
							"vector": [-7, -4, 0]
						},
						"3.6667": {
							"vector": [-0.21, -2.12, 0]
						},
						"3.7": {
							"vector": [0, 0, 0]
						}
					},
					"scale": {
						"0.0": {
							"vector": [0, 0, 0]
						},
						"2.5": {
							"vector": [0, 0, 0]
						},
						"2.5667": {
							"vector": [1, 1, 1]
						}
					}
				},
				"thing": {
					"rotation": {
						"0.0": {
							"vector": [0, 0, 0]
						},
						"2.0": {
							"vector": [0, 0, 0]
						},
						"2.1333": {
							"vector": [0, 0, 84.5]
						},
						"3.1": {
							"vector": [0, 0, 84.5]
						},
						"3.1667": {
							"vector": [0, 0, 114.5]
						},
						"3.2": {
							"vector": [0, 0, 106.5]
						},
						"3.2667": {
							"vector": [0, 0, 103.5]
						},
						"3.3": {
							"vector": [0, 0, 95.5]
						},
						"3.3333": {
							"vector": [0, 0, 92.5]
						},
						"3.3667": {
							"vector": [0, 0, 85.5]
						},
						"3.4": {
							"vector": [0, 0, 62.5]
						},
						"3.4667": {
							"vector": [0, 0, 45.5]
						},
						"3.5": {
							"vector": [0, 0, 30.5]
						}
					},
					"position": {
						"0.0": {
							"vector": [0, 0, 0]
						},
						"2.0": {
							"vector": [0, 0, 0]
						},
						"2.1333": {
							"vector": [7.74, 0.54, -0.98]
						},
						"3.1": {
							"vector": [7.74, 0.54, -0.98]
						},
						"3.1667": {
							"vector": [6.74, 2.24, -0.98]
						},
						"3.2333": {
							"vector": [6.74, 5.24, -0.98]
						},
						"3.3": {
							"vector": [6.74, 6.04, -0.98]
						},
						"3.3333": {
							"vector": [6.74, 6.34, -0.98]
						},
						"3.3667": {
							"vector": [6.94, 6.64, -0.98]
						},
						"3.4": {
							"vector": [6.94, 8.74, -0.98]
						},
						"3.4667": {
							"vector": [6.04, 10.14, -0.98]
						},
						"3.5": {
							"vector": [5.14, 10.84, -0.98]
						},
						"3.5333": {
							"vector": [1.84, 10.84, -0.98]
						}
					},
					"scale": {
						"0.0": {
							"vector": [0, 0, 0]
						},
						"2.0": {
							"vector": [0, 0, 0]
						},
						"2.1333": {
							"vector": [1, 1, 1]
						},
						"3.1": {
							"vector": [1, 1, 1]
						},
						"3.5": {
							"vector": [1, 1, 1]
						},
						"3.5667": {
							"vector": [0, 0, 0]
						}
					}
				},
				"_camera_": {
					"rotation": {
						"0.0": {
							"vector": [0, 0, 0]
						},
						"0.4667": {
							"vector": [4, 1, 0],
							"easing": "easeInBack"
						},
						"0.6": {
							"vector": [4.03239, 0.85991, 1.99535]
						},
						"0.7": {
							"vector": [4.01272, 0.9476, 0.74828]
						},
						"0.8": {
							"vector": [4.02081, 0.91257, 3],
							"easing": "easeInBack"
						},
						"0.9": {
							"vector": [4.02, 0.91, 1]
						},
						"1.4333": {
							"vector": [4.02, 0.91, 1]
						},
						"1.5": {
							"vector": [4.02, 0.91, 3]
						},
						"1.8667": {
							"vector": [4.02, 0.91, 1]
						},
						"2.0": {
							"vector": [4.00777, 0.9625, 0.25174]
						},
						"2.2667": {
							"vector": [4.02, 0.91, 1]
						},
						"2.3667": {
							"vector": [4.02777, 0.87491, 1.49883]
						},
						"2.8333": {
							"vector": [3.11886, 0.67258, 0.94445]
						},
						"3.8333": {
							"vector": [3.11886, 0.67258, 0.94445]
						},
						"4.4333": {
							"vector": [0, 0, 0]
						}
					},
					"position": {
						"0.0": {
							"vector": [0, 0, 0]
						},
						"0.2667": {
							"vector": [0, 0.99, 0]
						},
						"0.9": {
							"vector": [0, -0.825, 0]
						},
						"1.1667": {
							"vector": [0, 0, 0]
						},
						"1.7": {
							"vector": [0, -1, 0]
						},
						"1.9667": {
							"vector": [0, -2.14, 0]
						},
						"2.0333": {
							"vector": [0, -1.3, 0]
						},
						"2.2667": {
							"vector": [0, -1.3, 0]
						},
						"2.7": {
							"vector": [0, -0.77, 0]
						},
						"3.1667": {
							"vector": [0, -1.135, 0]
						},
						"3.7333": {
							"vector": [0, -1.135, 0]
						},
						"4.4333": {
							"vector": [0, 0, 0],
							"easing": "easeInQuad"
						}
					}
				},
				"leftarm": {
					"rotation": {
						"0.0": {
							"vector": [0, 0, 0]
						},
						"0.4333": {
							"vector": [-0.78614, -14.00572, -10.81559]
						},
						"1.5": {
							"vector": [-0.78614, -14.00572, -10.81559]
						},
						"2.8": {
							"vector": [3.64908, -22.0868, -26.42416]
						},
						"3.1333": {
							"vector": [-27.35092, -22.0868, -26.42416]
						},
						"3.4": {
							"vector": [-27.35092, -22.0868, -30.42416]
						},
						"3.6667": {
							"vector": [-27.35092, -22.0868, -26.42416]
						},
						"3.8333": {
							"vector": [-33.21717, -29.65189, -12.20165]
						},
						"4.2333": {
							"vector": [0, 0, 0]
						}
					},
					"position": {
						"0.0": {
							"vector": [0, 0, 0]
						},
						"0.2667": {
							"vector": [0, 0, 0]
						},
						"0.4333": {
							"vector": [-2, -3, -9]
						},
						"1.5": {
							"vector": [-2, -3, -9]
						},
						"1.5667": {
							"vector": [3, -6.6, 1]
						},
						"1.6333": {
							"vector": [5.73, -8.4, 6],
							"easing": "easeOutSine"
						},
						"1.8333": {
							"vector": [-0.2, -15, 16],
							"easing": "easeInElastic"
						},
						"2.0": {
							"vector": [-0.2, -15, 24],
							"easing": "easeOutSine"
						},
						"2.1333": {
							"vector": [-0.2, -27.2, 27.4]
						},
						"2.3667": {
							"vector": [-0.2, -57.2, 27.4]
						},
						"2.6333": {
							"vector": [-0.2, -18.2, 23.4]
						},
						"2.7": {
							"vector": [-0.2, -18.2, 22]
						},
						"2.7667": {
							"vector": [-0.2, -18.2, 21.41]
						},
						"2.8333": {
							"vector": [-0.2, -18.2, 18.82]
						},
						"2.8667": {
							"vector": [-0.2, -18.2, 16.4]
						},
						"3.1333": {
							"vector": [12.9, -4.3, 4.2]
						},
						"3.2333": {
							"vector": [12.1, -2.2, 3.9]
						},
						"3.3333": {
							"vector": [11.5, 2.5, 3.9]
						},
						"3.4": {
							"vector": [9.27, 5.47, 4.03]
						},
						"3.4333": {
							"vector": [9.9, 4.4, 3.9]
						},
						"3.5": {
							"vector": [13.2, 4.3, 2.3]
						},
						"3.5667": {
							"vector": [11.4, 5.2, 3]
						},
						"3.6667": {
							"vector": [10.4, 4.3, -0.1]
						},
						"3.7667": {
							"vector": [7.8, 2.5, -0.1]
						},
						"4.2333": {
							"vector": [0, 0, 0]
						}
					}
				}
			},
			"sound_effects": {
				"0.1333": {
					"effect": "eea_rpd_handle"
				},
				"1.5333": {
					"effect": "eea_rpd_ammoout"
				},
				"3.2": {
					"effect": "eea_rpd_ammoin"
				}
			}
		},
		"animation.model.fire": {
			"loop": true,
			"animation_length": 0.3667,
			"bones": {
				"main": {
					"rotation": {
						"0.0": {
							"vector": [0, 0, 0]
						},
						"0.1": {
							"vector": [0, 0, 1.25]
						},
						"0.2333": {
							"vector": [0, 0, -1]
						},
						"0.3333": {
							"vector": [0, 0, 0]
						}
					},
					"position": {
						"0.0": {
							"vector": [0, 0, 0]
						},
						"0.0667": {
							"vector": [0, 0, 0]
						},
						"0.1333": {
							"vector": [0, 0, 1.9],
							"easing": "linear"
						},
						"0.3333": {
							"vector": [0, 0, 0],
							"easing": "easeInElastic"
						}
					}
				},
				"b2": {
					"rotation": {
						"0.0": {
							"vector": [0, 0, 0]
						},
						"0.3667": {
							"vector": [0, 0, 0]
						}
					},
					"position": {
						"0.0": {
							"vector": [0, 0, 0]
						},
						"0.3667": {
							"vector": [0, 0, 0]
						}
					}
				},
				"b3": {
					"rotation": {
						"0.0": {
							"vector": [0, 0, 0]
						},
						"0.0833": {
							"vector": [0, 0, -15]
						},
						"0.1667": {
							"vector": [0, 0, 0]
						}
					}
				},
				"b4": {
					"rotation": {
						"0.0": {
							"vector": [0, 0, 0]
						},
						"0.0833": {
							"vector": [0, 0, 2]
						},
						"0.1667": {
							"vector": [0, 0, 0]
						}
					},
					"position": {
						"0.0": {
							"vector": [0, 0, 0]
						},
						"0.0833": {
							"vector": [0.1, 0.7, 0]
						},
						"0.1667": {
							"vector": [0, 0, 0]
						}
					}
				},
				"b5": {
					"rotation": {
						"0.0": {
							"vector": [0, 0, 0]
						},
						"0.0833": {
							"vector": [0, 0, -25]
						},
						"0.1667": {
							"vector": [0, 0, 0]
						}
					},
					"position": {
						"0.0": {
							"vector": [0, 0, 0]
						},
						"0.0833": {
							"vector": [0, 0.6, 0]
						},
						"0.1667": {
							"vector": [0, 0, 0]
						}
					}
				},
				"b6": {
					"rotation": {
						"0.0": {
							"vector": [0, 0, 0]
						},
						"0.0833": {
							"vector": [0, 0, 36]
						},
						"0.1667": {
							"vector": [0, 0, 0]
						}
					},
					"position": {
						"0.0": {
							"vector": [0, 0, 0]
						},
						"0.0833": {
							"vector": [1.075, 1, 0]
						},
						"0.1667": {
							"vector": [0, 0, 0]
						}
					}
				},
				"b7": {
					"rotation": {
						"0.0": {
							"vector": [0, 0, 0]
						},
						"0.0833": {
							"vector": [0, 0, 9.3]
						},
						"0.1667": {
							"vector": [0, 0, 0]
						}
					},
					"position": {
						"0.0": {
							"vector": [0, 0, 0]
						},
						"0.0833": {
							"vector": [-0.5, 1.6, 0]
						},
						"0.1667": {
							"vector": [0, 0, 0]
						}
					}
				},
				"b8": {
					"rotation": {
						"0.0": {
							"vector": [0, 0, 0]
						},
						"0.0833": {
							"vector": [0, 0, -15]
						},
						"0.1667": {
							"vector": [0, 0, 0]
						}
					},
					"position": {
						"0.0": {
							"vector": [0, 0, 0]
						},
						"0.0833": {
							"vector": [-0.9, 1.4, 0]
						},
						"0.1667": {
							"vector": [0, 0, 0]
						}
					}
				}
			}
		}
	},
	"geckolib_format_version": 2
}