{
	"format_version": "1.8.0",
	"animations": {
		"animation.model.draw": {
			"loop": true,
			"animation_length": 0.55,
			"bones": {
				"main": {
					"rotation": {
						"0.0": {
							"vector": [32.09413, -54.38778, -8.29667]
						},
						"0.25": {
							"vector": [0.50518, -5.08075, 6.8716],
							"easing": "easeOutSine"
						},
						"0.4": {
							"vector": [0.32389, -0.60235, -2.1558],
							"easing": "linear"
						},
						"0.5": {
							"vector": [0, 0, 0],
							"easing": "linear"
						}
					},
					"position": {
						"0.0": {
							"vector": [0, -17.3, 0]
						},
						"0.15": {
							"vector": [-0.4, -2.525, -1.625],
							"easing": "linear"
						},
						"0.3": {
							"vector": [-0.05, 0, -2.49],
							"easing": "linear"
						},
						"0.45": {
							"vector": [0, 0, 0],
							"easing": "linear"
						}
					}
				},
				"leftarm": {
					"rotation": {
						"0.0": {
							"vector": [0, 0, 0]
						},
						"0.2": {
							"vector": [1, 0, -22]
						},
						"0.4": {
							"vector": [0, 0, 0]
						}
					},
					"position": {
						"0.0": {
							"vector": [0, 0, 0]
						},
						"0.2": {
							"vector": [3.53901, 3.6754, 5.59783]
						},
						"0.4": {
							"vector": [0, 0, 0]
						}
					}
				},
				"_camera_": {
					"rotation": {
						"0.0": {
							"vector": [0, 0, 0]
						},
						"0.15": {
							"vector": [0.50315, -0.89688, -0.62846]
						},
						"0.45": {
							"vector": [0, 0, 0]
						}
					}
				}
			}
		},
		"animation.model.reload": {
			"loop": true,
			"animation_length": 2.15,
			"bones": {
				"main": {
					"rotation": {
						"0.0": {
							"vector": [0, 0, 0]
						},
						"0.1833": {
							"vector": [-6.47587, -15.70008, -8.20268]
						},
						"0.35": {
							"vector": [-7.59245, -15.17331, -3.97403]
						},
						"0.4667": {
							"vector": [-13.91653, -13.97801, -0.6115]
						},
						"0.5667": {
							"vector": [-9.344, -15.45313, -7.71224]
						},
						"0.6667": {
							"vector": [-7.02981, -15.46488, -6.14077]
						},
						"0.8333": {
							"vector": [-7.50651, -15.24347, -4.34057]
						},
						"1.0": {
							"vector": [-8.10454, -15.02352, -2.7554]
						},
						"1.15": {
							"vector": [-8.44715, -14.71898, -0.56055]
						},
						"1.3": {
							"vector": [-8.69715, -14.71898, -0.56055]
						},
						"1.4333": {
							"vector": [-8.23824, -14.97669, -2.35127]
						},
						"1.5833": {
							"vector": [-7.90512, -15.15221, -3.63293]
						},
						"1.7167": {
							"vector": [-13.37026, -14.90448, -1.8392]
						},
						"1.8167": {
							"vector": [-5.20698, -10.25104, -11.24852]
						},
						"1.95": {
							"vector": [-3.13568, -6.31918, -6.51235]
						},
						"2.0167": {
							"vector": [-0.67627, -1.23824, 4.34792]
						},
						"2.0333": {
							"vector": [0, 0, 4.25]
						},
						"2.15": {
							"vector": [0, 0, 0]
						}
					},
					"position": {
						"0.0": {
							"vector": [0, 0, 0]
						},
						"0.1167": {
							"vector": [-0.9, 2.175, -0.075]
						},
						"0.3": {
							"vector": [-0.16, -1.63, -0.01]
						},
						"0.4333": {
							"vector": [-0.56, -1.885, -0.01]
						},
						"0.75": {
							"vector": [-0.56, -2.65, -0.01]
						},
						"0.9167": {
							"vector": [-0.56, -2.54, -0.01]
						},
						"1.0667": {
							"vector": [-0.56, -2.28, -0.01]
						},
						"1.2167": {
							"vector": [-0.56, -2.22, -0.01]
						},
						"1.3667": {
							"vector": [-0.56, -1.915, -0.01]
						},
						"1.5": {
							"vector": [-0.56, -1.585, -0.01]
						},
						"1.6833": {
							"vector": [-0.56, -1.78, -0.01]
						},
						"1.7667": {
							"vector": [-0.56, -0.205, -0.01]
						},
						"1.8833": {
							"vector": [-0.56, -1.775, -0.01]
						},
						"2.0667": {
							"vector": [0, 0, 0]
						}
					}
				},
				"leftarm": {
					"rotation": {
						"0.0": {
							"vector": [0, 0, 0]
						},
						"1.9333": {
							"vector": [0, 0, 0]
						}
					},
					"position": {
						"0.0": {
							"vector": [0, 0, 0]
						},
						"0.1667": {
							"vector": [-2, -11, 2.1]
						},
						"0.3667": {
							"vector": [-1, -8, 1.1]
						},
						"0.4333": {
							"vector": [-2, -36.2, 1.6]
						},
						"1.5": {
							"vector": [-2, -36.2, 1.6]
						},
						"1.7167": {
							"vector": [-1, -8, 1.1]
						},
						"1.8833": {
							"vector": [1.2, -6.615, -3.41]
						},
						"2.0167": {
							"vector": [0, 0, 0]
						}
					}
				},
				"piece": {
					"position": {
						"0.0": {
							"vector": [0, 0, 0]
						},
						"0.2667": {
							"vector": [0, 0, 0]
						},
						"0.3167": {
							"vector": [0.4, 0, 0]
						},
						"0.3667": {
							"vector": [0, 0, 0]
						},
						"0.4833": {
							"vector": [0.15, 0, 0]
						},
						"0.6333": {
							"vector": [0, 0, 0]
						},
						"0.7833": {
							"vector": [0.2, 0, 0]
						},
						"1.0": {
							"vector": [0.15, 0, 0]
						},
						"1.0833": {
							"vector": [0.45, 0, 0]
						},
						"1.15": {
							"vector": [-0.05, 0, 0]
						},
						"1.2167": {
							"vector": [0, 0, 0]
						}
					}
				},
				"magazine": {
					"position": {
						"0.0": {
							"vector": [0, 0, 0]
						},
						"0.3667": {
							"vector": [0, 0, 0]
						},
						"0.4333": {
							"vector": [0, -28.3, 0]
						},
						"1.5": {
							"vector": [0, -28.3, 0]
						},
						"1.7167": {
							"vector": [0, 0, 0]
						}
					}
				},
				"_camera_": {
					"rotation": {
						"0.0": {
							"vector": [0, 0, 0]
						},
						"0.25": {
							"vector": [-1, 0, 1]
						},
						"0.3667": {
							"vector": [1, 0, 0]
						},
						"0.4667": {
							"vector": [1, 0, 1]
						},
						"0.6167": {
							"vector": [1, 0, 0]
						},
						"1.6667": {
							"vector": [0, 0, 0]
						},
						"1.75": {
							"vector": [1, 0, 1]
						},
						"1.9333": {
							"vector": [1, 0, -0.5]
						},
						"2.1333": {
							"vector": [0, 0, 0]
						}
					}
				}
			},
			"sound_effects": {
				"0.1": {
					"effect": "mp5_magout"
				},
				"1.25": {
					"effect": "mp5_magin"
				},
				"1.8833": {
					"effect": "inspect_down"
				}
			}
		},
		"animation.model.reloadempty": {
			"loop": true,
			"animation_length": 2.7667,
			"bones": {
				"main": {
					"rotation": {
						"0.0": {
							"vector": [0, 0, 0]
						},
						"0.1833": {
							"vector": [-6.47587, -15.70008, -8.20268]
						},
						"0.35": {
							"vector": [-7.59245, -15.17331, -3.97403]
						},
						"0.4667": {
							"vector": [-13.91653, -13.97801, -0.6115]
						},
						"0.5667": {
							"vector": [-9.344, -15.45313, -7.71224]
						},
						"0.6667": {
							"vector": [-7.02981, -15.46488, -6.14077]
						},
						"0.8333": {
							"vector": [-7.50651, -15.24347, -4.34057]
						},
						"1.0": {
							"vector": [-8.10454, -15.02352, -2.7554]
						},
						"1.15": {
							"vector": [-8.44715, -14.71898, -0.56055]
						},
						"1.3": {
							"vector": [-8.69715, -14.71898, -0.56055]
						},
						"1.4333": {
							"vector": [-8.23824, -14.97669, -2.35127]
						},
						"1.5833": {
							"vector": [-7.90512, -15.15221, -3.63293]
						},
						"1.7167": {
							"vector": [-13.37026, -14.90448, -1.8392]
						},
						"1.8167": {
							"vector": [-5.20698, -10.25104, -11.24852]
						},
						"1.95": {
							"vector": [-3.13568, -6.31918, -6.51235]
						},
						"2.0167": {
							"vector": [-0.67627, -1.23824, 4.34792]
						},
						"2.15": {
							"vector": [-6.19827, -4.23192, -0.22371]
						},
						"2.2833": {
							"vector": [-6.41034, -3.90241, 2.76568]
						},
						"2.4": {
							"vector": [-5.95773, -4.55053, -3.27522]
						},
						"2.4667": {
							"vector": [0, 0, 6]
						},
						"2.5333": {
							"vector": [0, 0, 9.25]
						},
						"2.6667": {
							"vector": [0, 0, -2.5]
						},
						"2.7667": {
							"vector": [0, 0, 0]
						}
					},
					"position": {
						"0.0": {
							"vector": [0, 0, 0]
						},
						"0.1167": {
							"vector": [-0.9, 2.175, -0.075]
						},
						"0.3": {
							"vector": [-0.16, -1.63, -0.01]
						},
						"0.4333": {
							"vector": [-0.56, -1.885, -0.01]
						},
						"0.75": {
							"vector": [-0.56, -2.65, -0.01]
						},
						"0.9167": {
							"vector": [-0.56, -2.54, -0.01]
						},
						"1.0667": {
							"vector": [-0.56, -2.28, -0.01]
						},
						"1.2167": {
							"vector": [-0.56, -2.22, -0.01]
						},
						"1.3667": {
							"vector": [-0.56, -1.915, -0.01]
						},
						"1.5": {
							"vector": [-0.56, -1.585, -0.01]
						},
						"1.6833": {
							"vector": [-0.56, -1.78, -0.01]
						},
						"1.7667": {
							"vector": [-0.56, -0.205, -0.01]
						},
						"1.8833": {
							"vector": [-0.56, -1.775, -0.01]
						},
						"2.0667": {
							"vector": [0, 0, 0]
						},
						"2.3333": {
							"vector": [0, 1.1, 0]
						},
						"2.5667": {
							"vector": [0, -0.86, 0]
						},
						"2.7333": {
							"vector": [0, 0, 0]
						}
					}
				},
				"leftarm": {
					"rotation": {
						"0.0": {
							"vector": [0, 0, 0]
						},
						"1.8667": {
							"vector": [0, 0, 0]
						},
						"2.2": {
							"vector": [-15.65967, -24.93295, -12.88163]
						},
						"2.35": {
							"vector": [8.67977, -12.18552, -22.75925]
						},
						"2.6833": {
							"vector": [0, 0, 0]
						}
					},
					"position": {
						"0.0": {
							"vector": [0, 0, 0]
						},
						"0.1667": {
							"vector": [-2, -11, 2.1]
						},
						"0.3667": {
							"vector": [-1, -8, 1.1]
						},
						"0.4333": {
							"vector": [-2, -36.2, 1.6]
						},
						"1.4333": {
							"vector": [-2, -36.2, 1.6]
						},
						"1.65": {
							"vector": [-1, -8, 1.1]
						},
						"1.8167": {
							"vector": [1.2, -6.615, -3.41]
						},
						"1.95": {
							"vector": [4.68, 3.66, 5.7]
						},
						"2.1167": {
							"vector": [4.42, 5.62, 6.425]
						},
						"2.2": {
							"vector": [4.38, 5.08, 10.99]
						},
						"2.3167": {
							"vector": [4.33, 7.71, 17.92]
						},
						"2.3833": {
							"vector": [4.03, 7.81, 16.67]
						},
						"2.4833": {
							"vector": [6.85, -0.74, 9.09]
						},
						"2.5833": {
							"vector": [2.13, -0.37, 2.65]
						},
						"2.6833": {
							"vector": [0, 0, 0]
						}
					}
				},
				"piece": {
					"position": {
						"0.0": {
							"vector": [0, 0, 0]
						},
						"0.2667": {
							"vector": [0, 0, 0]
						},
						"0.3167": {
							"vector": [0.4, 0, 0]
						},
						"0.3667": {
							"vector": [0, 0, 0]
						},
						"0.4833": {
							"vector": [0.15, 0, 0]
						},
						"0.6333": {
							"vector": [0, 0, 0]
						},
						"0.7833": {
							"vector": [0.2, 0, 0]
						},
						"1.0": {
							"vector": [0.15, 0, 0]
						},
						"1.0833": {
							"vector": [0.45, 0, 0]
						},
						"1.15": {
							"vector": [-0.05, 0, 0]
						},
						"1.2167": {
							"vector": [0, 0, 0]
						}
					}
				},
				"magazine": {
					"position": {
						"0.0": {
							"vector": [0, 0, 0]
						},
						"0.3667": {
							"vector": [0, 0, 0]
						},
						"0.4333": {
							"vector": [0, -28.3, 0]
						},
						"1.5": {
							"vector": [0, -28.3, 0]
						},
						"1.7167": {
							"vector": [0, 0, 0]
						}
					}
				},
				"_camera_": {
					"rotation": {
						"0.0": {
							"vector": [0, 0, 0]
						},
						"0.25": {
							"vector": [-1, 0, 1]
						},
						"0.3667": {
							"vector": [1, 0, 0]
						},
						"0.4667": {
							"vector": [1, 0, 1]
						},
						"0.6167": {
							"vector": [1, 0, 0]
						},
						"1.6667": {
							"vector": [0, 0, 0]
						},
						"1.75": {
							"vector": [1, 0, 1]
						},
						"1.9333": {
							"vector": [1, 0, -0.5]
						},
						"2.1333": {
							"vector": [0, 0, 0]
						},
						"2.4": {
							"vector": [-1, 0, 1]
						},
						"2.5167": {
							"vector": [1, 0, 0]
						},
						"2.7333": {
							"vector": [0, 0, 0]
						}
					}
				},
				"action2": {
					"position": {
						"2.15": {
							"vector": [0, 0, 0]
						},
						"2.2167": {
							"vector": [0, 0, 4]
						},
						"2.3167": {
							"vector": [0, 0, 9.5]
						},
						"2.3833": {
							"vector": [0, 0, 9]
						},
						"2.4": {
							"vector": [0, 0, 0]
						}
					}
				},
				"action": {
					"position": {
						"2.15": {
							"vector": [0, 0, 0]
						},
						"2.2167": {
							"vector": [0, 0, 4]
						},
						"2.3167": {
							"vector": [0, 0, 9.5]
						},
						"2.3833": {
							"vector": [0, 0, 9]
						},
						"2.4": {
							"vector": [0, 0, 0]
						}
					}
				}
			},
			"sound_effects": {
				"0.1": {
					"effect": "mp5_magout"
				},
				"1.25": {
					"effect": "mp5_magin"
				},
				"1.8833": {
					"effect": "inspect_down"
				},
				"2.1": {
					"effect": "mp5_boltclose"
				},
				"2.3333": {
					"effect": "mp5_actionback"
				}
			}
		},
		"animation.model.switch": {
			"animation_length": 0.4667,
			"bones": {
				"main": {
					"rotation": {
						"0.0": {
							"vector": [0, 0, 0]
						},
						"0.2": {
							"vector": [0, 0, 5.49]
						},
						"0.3": {
							"vector": [0, 0, 7.75]
						},
						"0.4": {
							"vector": [0, 0, 0]
						}
					},
					"position": {
						"0.0": {
							"vector": [0, 0, 0]
						},
						"0.1": {
							"vector": [0, -0.475, 0]
						},
						"0.3333": {
							"vector": [0, 0, 0]
						}
					}
				},
				"rightarm": {
					"rotation": {
						"0.0": {
							"vector": [0, 0, 0]
						},
						"0.2": {
							"vector": [0, 0, -10]
						},
						"0.3": {
							"vector": [0, 0, 0]
						}
					},
					"position": {
						"0.0": {
							"vector": [0, 0, 0]
						},
						"0.1333": {
							"vector": [-1, 0, 0]
						},
						"0.3": {
							"vector": [0, 0, 0]
						}
					}
				},
				"_camera_": {
					"rotation": {
						"0.0": {
							"vector": [0, 0, 0]
						},
						"0.1": {
							"vector": [0, 0, 0.8]
						},
						"0.2": {
							"vector": [0, 0, -0.2]
						},
						"0.2667": {
							"vector": [0, 0, 0]
						}
					},
					"position": {
						"0.0": {
							"vector": [0, 0, 0]
						},
						"0.2667": {
							"vector": [0, 0, 0]
						}
					}
				}
			},
			"sound_effects": {
				"0.0": {
					"effect": "eea_switch"
				}
			}
		},
		"animation.model.inspect": {
			"loop": true,
			"animation_length": 4.85,
			"bones": {
				"main": {
					"rotation": {
						"0.0": {
							"vector": [0, 0, 0]
						},
						"0.1": {
							"vector": [-1.88401, -6.22659, 0.64789]
						},
						"0.2333": {
							"vector": [-13.44437, -23.70896, -0.08968]
						},
						"0.4167": {
							"vector": [-16.06515, -27.977, 9.91464]
						},
						"0.7333": {
							"vector": [-6.793, -31.27923, -8.70844]
						},
						"0.9167": {
							"vector": [-8.88047, -30.80178, -4.66142]
						},
						"1.1167": {
							"vector": [-10.48213, -30.33919, -1.51287]
						},
						"1.6667": {
							"vector": [-8.87584, -30.2934, -1.22817]
						},
						"2.0833": {
							"vector": [12.35829, -29.34924, -43.80061],
							"easing": "easeInOutSine"
						},
						"2.3833": {
							"vector": [9.74344, -29.93289, -36.63143]
						},
						"2.5667": {
							"vector": [-12.95347, -30.2927, -1.22854]
						},
						"2.8": {
							"vector": [-33.02011, 8.39461, 78.07955],
							"easing": "easeInOutSine"
						},
						"2.9833": {
							"vector": [-32.31629, 4.43976, 71.80426]
						},
						"3.2167": {
							"vector": [-32.14842, 5.63992, 73.71487]
						},
						"3.4167": {
							"vector": [-31.01483, 4.84043, 72.44036]
						},
						"3.6": {
							"vector": [-30.43812, 7.90818, 77.62954]
						},
						"3.85": {
							"vector": [-30.21639, 8.79187, 79.15623]
						},
						"4.05": {
							"vector": [-30.40793, 8.03477, 77.84722]
						},
						"4.25": {
							"vector": [-32.14842, 5.63992, 73.71487]
						},
						"4.4333": {
							"vector": [-14.11721, -7.21197, -0.49095]
						},
						"4.5833": {
							"vector": [-2.74833, -0.09594, -6.7477],
							"easing": "easeInOutSine"
						},
						"4.75": {
							"vector": [0, 0, 0]
						}
					},
					"position": {
						"0.0": {
							"vector": [0, 0, 0]
						},
						"0.1667": {
							"vector": [-0.15, 1.725, 0],
							"easing": "linear"
						},
						"0.3333": {
							"vector": [-0.7, -4.86, 0],
							"easing": "linear"
						},
						"0.6667": {
							"vector": [-0.68, 1.745, 0]
						},
						"0.8333": {
							"vector": [-0.68, 1.55, 0]
						},
						"1.0": {
							"vector": [-0.68, 1.68, 0]
						},
						"1.2667": {
							"vector": [-0.58, 1.68, 0]
						},
						"1.4833": {
							"vector": [-0.58, 1.78, 0]
						},
						"1.75": {
							"vector": [-0.805, 1.68, 0]
						},
						"1.9667": {
							"vector": [-0.8, 1.78, 0.5]
						},
						"2.2167": {
							"vector": [-0.87, 1.455, 0.33]
						},
						"2.3333": {
							"vector": [-0.9, 1.53, 0.7]
						},
						"2.4833": {
							"vector": [-0.9, 4.03, 0.25]
						},
						"2.65": {
							"vector": [-0.9, -0.02, 0.25]
						},
						"2.8833": {
							"vector": [-0.9, -0.22, 0.25]
						},
						"3.1167": {
							"vector": [-0.9, -0.02, 0.25]
						},
						"3.3667": {
							"vector": [-0.9, -0.22, 0.25]
						},
						"3.7333": {
							"vector": [-0.9, -1.07, 0.25]
						},
						"3.9333": {
							"vector": [-1.125, -1.07, 0.25]
						},
						"4.1333": {
							"vector": [-1.12, -0.545, 0.25]
						},
						"4.3333": {
							"vector": [-0.76, -0.87, -4.905]
						},
						"4.5": {
							"vector": [0, 1.245, -6.45]
						},
						"4.6833": {
							"vector": [0, 0, 0]
						}
					}
				},
				"leftarm": {
					"rotation": {
						"0.0": {
							"vector": [0, 0, 0]
						},
						"3.5333": {
							"vector": [0, 0, 0]
						},
						"3.8": {
							"vector": [0, 0, 0]
						},
						"4.75": {
							"vector": [0, 0, 0]
						}
					},
					"position": {
						"0.0": {
							"vector": [0, 0, 0]
						},
						"0.1333": {
							"vector": [0, -53, 0]
						},
						"2.3": {
							"vector": [0, -53, 0]
						},
						"2.5": {
							"vector": [0, 0, 0]
						},
						"3.4167": {
							"vector": [0, 0, 0]
						},
						"3.65": {
							"vector": [0, 0, 0]
						},
						"4.75": {
							"vector": [0, 0, 0]
						}
					},
					"scale": {
						"vector": [1, 1, 1]
					}
				},
				"rightarm": {
					"rotation": {
						"0.0": {
							"vector": [0, 0, 0]
						},
						"2.7333": {
							"vector": [0, 0, 0]
						}
					},
					"position": {
						"0.0": {
							"vector": [0, 0, 0]
						},
						"2.7333": {
							"vector": [0, 0, 0]
						}
					}
				},
				"gun": {
					"rotation": {
						"vector": [0, 0, 0]
					},
					"position": {
						"0.0": {
							"vector": [0, 0, 0]
						},
						"0.3667": {
							"vector": [3, 0, 0]
						},
						"2.6833": {
							"vector": [3, 0, 0]
						},
						"2.7833": {
							"vector": [0, 0, 0]
						}
					}
				},
				"_camera_": {
					"rotation": {
						"0.0": {
							"vector": [0, 0, 0]
						},
						"0.2": {
							"vector": [-1, 0, 0],
							"easing": "easeInOutSine"
						},
						"0.3833": {
							"vector": [4, 0, -2],
							"easing": "easeInOutSine"
						},
						"0.4833": {
							"vector": [3.8, 0, 1]
						},
						"0.6333": {
							"vector": [3.5, 0, 0]
						},
						"1.6833": {
							"vector": [3.5, 0, 0]
						},
						"2.1667": {
							"vector": [4, 5, 0],
							"easing": "easeInOutSine"
						},
						"2.7167": {
							"vector": [3.5, 1, 1]
						},
						"2.9333": {
							"vector": [3.5, 1, -1]
						},
						"3.15": {
							"vector": [3.5, 1, 0]
						},
						"4.1167": {
							"vector": [3.5, 0, 0]
						},
						"4.45": {
							"vector": [-1, 0, 2],
							"easing": "easeInOutSine"
						},
						"4.5833": {
							"vector": [0, 0, 0]
						}
					}
				}
			},
			"sound_effects": {
				"0.0333": {
					"effect": "inspect_up"
				},
				"1.7667": {
					"effect": "inspect_foley"
				},
				"2.3": {
					"effect": "inspect_turn"
				},
				"4.45": {
					"effect": "inspect_down"
				}
			}
		},
		"animation.model.fire": {
			"animation_length": 0.5,
			"bones": {
				"main": {
					"rotation": {
						"0.0": {
							"vector": [0, 0, 0]
						},
						"0.0417": {
							"vector": [-1, 0, 0]
						},
						"0.125": {
							"vector": [-0.24939, -0.0349, -1.9997]
						},
						"0.2083": {
							"vector": [-0.25046, -0.02617, 0.00029]
						},
						"0.2917": {
							"vector": [0, 0, 0]
						}
					},
					"position": {
						"0.0": {
							"vector": [0, 0, 0]
						},
						"0.0417": {
							"vector": [0, 0, 1]
						},
						"0.125": {
							"vector": [0, 0, 0.5]
						},
						"0.2917": {
							"vector": [0, 0, 0]
						}
					}
				},
				"action": {
					"position": {
						"0.0": {
							"vector": [0, 0, 0]
						},
						"0.0417": {
							"vector": [0, 0, 6]
						},
						"0.0833": {
							"vector": [0, 0, 0]
						}
					}
				},
				"action2": {
					"position": {
						"0.0": {
							"vector": [0, 0, 0]
						},
						"0.0417": {
							"vector": [0, 0, 9.7]
						},
						"0.0833": {
							"vector": [0, 0, 0]
						}
					}
				}
			}
		}
	},
	"geckolib_format_version": 2
}