{
	"format_version": "1.8.0",
	"animations": {
		"animation.model.reload": {
			"loop": true,
			"animation_length": 1.9333,
			"blend_weight": 1,
			"bones": {
				"main": {
					"rotation": {
						"0.0": {
							"vector": [0, 0, 0]
						},
						"0.3": {
							"vector": [-5.79266, -9.46371, 5.82875]
						},
						"0.5": {
							"vector": [-6.77499, -10.17886, -3.02339]
						},
						"0.5667": {
							"vector": [-3.15715, -10.53634, -7.83735]
						},
						"0.6333": {
							"vector": [-0.45113, -10.10558, 0.79065]
						},
						"0.7": {
							"vector": [-3.26362, -10.56211, 3.86771]
						},
						"0.7667": {
							"vector": [-3.41213, -10.99359, -1.44869]
						},
						"0.8333": {
							"vector": [-4.93669, -11.08921, 0.66827]
						},
						"1.1333": {
							"vector": [-13.77542, -9.16345, -6.51028]
						},
						"1.2667": {
							"vector": [-8.59581, -8.65605, -11.36144]
						},
						"1.3667": {
							"vector": [-7.76571, -6.14481, -12.24945]
						},
						"1.4667": {
							"vector": [-4.56701, -0.47681, 3.64136]
						},
						"1.5333": {
							"vector": [-3.74243, -0.56047, -0.4163]
						},
						"1.6": {
							"vector": [-2.80498, -0.43256, 0.06403]
						},
						"1.6667": {
							"vector": [-1.8618, -0.33721, -1.45654]
						},
						"1.7667": {
							"vector": [0, 0, 0]
						}
					},
					"position": {
						"0.0": {
							"vector": [0, 0, 0]
						},
						"0.1": {
							"vector": [0, 1.1, 0]
						},
						"0.4": {
							"vector": [0, -2.1, 0]
						},
						"0.4667": {
							"vector": [-0.3, -1.6, 0]
						},
						"0.6333": {
							"vector": [-0.3, -2.8, 0]
						},
						"0.9": {
							"vector": [-0.3, -2.8, 0]
						},
						"1.0333": {
							"vector": [-0.3, -1.6, -1.7]
						},
						"1.1667": {
							"vector": [-0.3, -2.275, -3.7]
						},
						"1.3": {
							"vector": [-0.3, -1.85, -2.7]
						},
						"1.5": {
							"vector": [-0.14, -0.84, 1.77]
						},
						"1.7": {
							"vector": [0, 0, 0]
						}
					}
				},
				"leftarm": {
					"rotation": {
						"0.0": {
							"vector": [0, 0, 0]
						},
						"1.1": {
							"vector": [-12.09895, 11.7031, 1.96198]
						},
						"1.2667": {
							"vector": [-8.21786, 6.31672, -4.05994]
						},
						"1.3": {
							"vector": [-12.5512, 6.31672, -4.05994]
						},
						"1.3667": {
							"vector": [-4.96435, 3.02794, -1.76874]
						},
						"1.4": {
							"vector": [5.86304, 2.52328, -1.47395]
						},
						"1.5333": {
							"vector": [0, 0, 0]
						}
					},
					"position": {
						"0.0": {
							"vector": [0, 0, 0]
						},
						"0.2": {
							"vector": [4, -5, 0]
						},
						"0.3333": {
							"vector": [0, -5, 7]
						},
						"0.4333": {
							"vector": [0, -4.7, 7]
						},
						"0.6": {
							"vector": [0, -4.7, 7]
						},
						"0.7": {
							"vector": [0, -42.7, 7]
						},
						"1.0333": {
							"vector": [0, -42.7, 7]
						},
						"1.2333": {
							"vector": [0.9, -9.325, 4]
						},
						"1.3": {
							"vector": [0.5, -7.495, 2.08]
						},
						"1.3667": {
							"vector": [-0.6, -5.69, 4.78]
						},
						"1.4": {
							"vector": [-0.35, -3.61, 7.18]
						},
						"1.4667": {
							"vector": [0.4, -5.79, 4.78]
						},
						"1.6333": {
							"vector": [0, 0, 0]
						}
					}
				},
				"action": {
					"rotation": {
						"0.0": {
							"vector": [0, 0, 0]
						},
						"0.2667": {
							"vector": [0, 0, 0]
						},
						"1.8333": {
							"vector": [0, 0, 0]
						}
					},
					"position": {
						"0.0": {
							"vector": [0, 0, 0]
						},
						"0.2667": {
							"vector": [0, 0, 0]
						},
						"0.3667": {
							"vector": [0, 0, 2]
						},
						"0.4333": {
							"vector": [0, 0, 6]
						},
						"1.8": {
							"vector": [0, 0, 6]
						},
						"1.8333": {
							"vector": [0, 0, 0]
						}
					}
				},
				"magazine": {
					"rotation": {
						"0.0": {
							"vector": [0, 0, 0]
						},
						"0.6": {
							"vector": [0, 0, 0]
						},
						"0.8333": {
							"vector": [0, 0, 0]
						},
						"1.2333": {
							"vector": [-10, 0, 0]
						},
						"1.3": {
							"vector": [-19.67, 0, 0]
						},
						"1.3667": {
							"vector": [0, 0, 0]
						}
					},
					"position": {
						"0.0": {
							"vector": [0, 0, 0]
						},
						"0.6": {
							"vector": [0, 0, 0]
						},
						"0.7": {
							"vector": [0, -37.3, 0]
						},
						"1.0333": {
							"vector": [0, -37.3, 0]
						},
						"1.2333": {
							"vector": [0, -3.2, -1.4]
						},
						"1.3": {
							"vector": [0, -1.84, -1.38]
						},
						"1.3667": {
							"vector": [0, 0, 0]
						}
					}
				},
				"bullet": {
					"position": {
						"vector": [0, -1, 0]
					}
				},
				"magazine2": {
					"rotation": {
						"0.0": {
							"vector": [0, 0, 0]
						},
						"0.0667": {
							"vector": [0, 0, 0]
						},
						"0.1667": {
							"vector": [27.5, 0, -45]
						},
						"0.5667": {
							"vector": [27.5, 0, -45]
						},
						"0.7667": {
							"vector": [21.41048, -27.63271, -69.06824]
						},
						"0.8333": {
							"vector": [0, 0, 0]
						},
						"0.8667": {
							"vector": [-10.48085, -0.63744, -3.44153]
						},
						"0.9": {
							"vector": [-11.85924, 0.04053, -12.61654]
						},
						"0.9667": {
							"vector": [-20.21848, -15.66557, -3.91563]
						},
						"1.0333": {
							"vector": [-4.61249, -32.40953, -23.63269]
						},
						"1.1333": {
							"vector": [-20.79153, 4.27759, 30.76498]
						},
						"1.1667": {
							"vector": [-18.58505, -4.17756, -13.61963]
						},
						"1.2333": {
							"vector": [-11.70207, 1.06769, 5.14058]
						},
						"1.3333": {
							"vector": [-17.98702, -0.69513, -2.13998]
						},
						"1.4333": {
							"vector": [-20.79153, 4.27759, 30.76498]
						},
						"1.5": {
							"vector": [0, 0, 0]
						}
					},
					"position": {
						"0.0": {
							"vector": [0, 0, 0]
						},
						"0.0333": {
							"vector": [0, 0, 46]
						},
						"0.0667": {
							"vector": [18, -28, 46]
						},
						"0.1667": {
							"vector": [12.33112, -18.09429, 10.24052]
						},
						"0.5667": {
							"vector": [12.33112, -18.09429, 10.24052]
						},
						"0.7667": {
							"vector": [1.56798, -7.06264, 9.52643],
							"easing": "easeOutSine"
						},
						"0.8333": {
							"vector": [0, 0, 0]
						},
						"0.8667": {
							"vector": [0, 0.01145, -0.37483]
						},
						"0.9": {
							"vector": [-0.27046, -1.25585, -5.58609]
						},
						"0.9667": {
							"vector": [4.98611, -1.55047, -28.75968]
						},
						"1.0333": {
							"vector": [8.01868, -12.21913, -52.5219],
							"easing": "easeInSine"
						},
						"1.1": {
							"vector": [1.69903, -5.81953, -5.25576]
						},
						"1.1333": {
							"vector": [16.00198, -60.59647, -94.46691]
						},
						"1.2333": {
							"vector": [-0.28445, -0.79754, -0.04575],
							"easing": "easeOutSine"
						},
						"1.2667": {
							"vector": [16.43657, -86.28657, -95.81602]
						},
						"1.3333": {
							"vector": [-0.17253, -0.90834, -0.02775],
							"easing": "linear"
						},
						"1.3667": {
							"vector": [7.44, -34.09, 44.78]
						},
						"1.4333": {
							"vector": [1.43657, 0.71343, 20.18398]
						},
						"1.5": {
							"vector": [0, 0, 0]
						}
					},
					"scale": {
						"0.0": {
							"vector": [1, 1, 1]
						},
						"0.0667": {
							"vector": [1, 1, 1]
						},
						"1.3333": {
							"vector": [1, 1, 1]
						},
						"1.3667": {
							"vector": [0, 0, 0]
						},
						"1.5": {
							"vector": [0, 0, 0]
						}
					}
				},
				"_camera_": {
					"rotation": {
						"0.0": {
							"vector": [0, 0, 0]
						},
						"0.6333": {
							"vector": [-1, 0.5, 0],
							"easing": "easeInOutSine"
						},
						"0.7333": {
							"vector": [0, 0, 1]
						},
						"0.8333": {
							"vector": [0, 0, -0.5]
						},
						"0.9333": {
							"vector": [0, 0, 0]
						},
						"1.0": {
							"vector": [0, 0, 0]
						},
						"1.2667": {
							"vector": [-1.5, 1, 0]
						},
						"1.4": {
							"vector": [-1.5, 1, 0]
						},
						"1.4667": {
							"vector": [-0.5, 1, 2]
						},
						"1.5667": {
							"vector": [0.1, 0.7, -0.5]
						},
						"1.7333": {
							"vector": [0, 0, 0],
							"easing": "easeInOutSine"
						}
					}
				}
			},
			"sound_effects": {
				"0.0": {
					"effect": "inspect_up"
				},
				"0.3": {
					"effect": "eea_vss_magout"
				},
				"0.9333": {
					"effect": "eea_vss_magin"
				},
				"1.6667": {
					"effect": "foley_end"
				}
			}
		},
		"animation.model.reloadempty": {
			"loop": true,
			"animation_length": 2.5333,
			"blend_weight": 1,
			"bones": {
				"main": {
					"rotation": {
						"0.0": {
							"vector": [0, 0, 0]
						},
						"0.3": {
							"vector": [-5.79266, -9.46371, 5.82875]
						},
						"0.5": {
							"vector": [-6.77499, -10.17886, -3.02339]
						},
						"0.5667": {
							"vector": [-3.15715, -10.53634, -7.83735]
						},
						"0.6333": {
							"vector": [-0.45113, -10.10558, 0.79065]
						},
						"0.7": {
							"vector": [-3.26362, -10.56211, 3.86771]
						},
						"0.7667": {
							"vector": [-3.41213, -10.99359, -1.44869]
						},
						"0.8333": {
							"vector": [-4.93669, -11.08921, 0.66827]
						},
						"1.1333": {
							"vector": [-13.77542, -9.16345, -6.51028]
						},
						"1.2667": {
							"vector": [-8.59581, -8.65605, -11.36144]
						},
						"1.3667": {
							"vector": [-7.76571, -6.14481, -12.24945]
						},
						"1.4667": {
							"vector": [-4.56701, -0.47681, 3.64136]
						},
						"1.5333": {
							"vector": [-3.74243, -0.56047, -0.4163]
						},
						"1.6": {
							"vector": [-2.83198, -0.18654, 5.05805]
						},
						"1.6667": {
							"vector": [-1.88564, 0.15606, 13.53541]
						},
						"1.7667": {
							"vector": [0, 0, 20]
						},
						"1.8333": {
							"vector": [0, 0, 17.5]
						},
						"2.1667": {
							"vector": [-4.23138, -2.33109, 30.53083]
						},
						"2.2333": {
							"vector": [1.79654, -0.2777, 21.54179]
						},
						"2.3": {
							"vector": [0, 0, 15.25]
						},
						"2.4": {
							"vector": [-0.4999, 0.02181, -4.50048]
						},
						"2.4667": {
							"vector": [-0.19988, 0.01047, -1.30019]
						},
						"2.5333": {
							"vector": [0, 0, 0]
						}
					},
					"position": {
						"0.0": {
							"vector": [0, 0, 0]
						},
						"0.1": {
							"vector": [0, 1.1, 0]
						},
						"0.4": {
							"vector": [0, -2.1, 0]
						},
						"0.4667": {
							"vector": [-0.3, -1.6, 0]
						},
						"0.6333": {
							"vector": [-0.3, -2.8, 0]
						},
						"0.9": {
							"vector": [-0.3, -2.8, 0]
						},
						"1.0333": {
							"vector": [-0.3, -1.6, -1.7]
						},
						"1.1667": {
							"vector": [-0.3, -2.275, -3.7]
						},
						"1.3": {
							"vector": [-0.3, -1.85, -2.7]
						},
						"1.5": {
							"vector": [-0.14, -0.84, 1.77]
						},
						"1.7": {
							"vector": [0, 0, 0]
						},
						"1.8667": {
							"vector": [0, -0.9, 0]
						},
						"2.2333": {
							"vector": [0, -1, 0]
						},
						"2.3333": {
							"vector": [0, 0, 0]
						},
						"2.4": {
							"vector": [0, 0, 0]
						}
					}
				},
				"leftarm": {
					"rotation": {
						"0.0": {
							"vector": [0, 0, 0]
						},
						"1.1": {
							"vector": [-12.09895, 11.7031, 1.96198]
						},
						"1.2667": {
							"vector": [-8.21786, 6.31672, -4.05994]
						},
						"1.3": {
							"vector": [-12.5512, 6.31672, -4.05994]
						},
						"1.3667": {
							"vector": [-4.96435, 3.02794, -1.76874]
						},
						"1.4": {
							"vector": [5.86304, 2.52328, -1.47395]
						},
						"1.5333": {
							"vector": [0, 0, 0]
						}
					},
					"position": {
						"0.0": {
							"vector": [0, 0, 0]
						},
						"0.2": {
							"vector": [4, -5, 0]
						},
						"0.3333": {
							"vector": [0, -5, 7]
						},
						"0.4333": {
							"vector": [0, -4.7, 7]
						},
						"0.6": {
							"vector": [0, -4.7, 7]
						},
						"0.7": {
							"vector": [0, -42.7, 7]
						},
						"1.0333": {
							"vector": [0, -42.7, 7]
						},
						"1.2333": {
							"vector": [0.9, -9.325, 4]
						},
						"1.3": {
							"vector": [0.5, -7.495, 2.08]
						},
						"1.3667": {
							"vector": [-0.6, -5.69, 4.78]
						},
						"1.4": {
							"vector": [-0.35, -3.61, 7.18]
						},
						"1.4667": {
							"vector": [0.4, -5.79, 4.78]
						},
						"1.6333": {
							"vector": [0, 0, 0]
						}
					}
				},
				"action": {
					"rotation": {
						"0.0": {
							"vector": [0, 0, 0]
						},
						"1.8667": {
							"vector": [0, 0, 0]
						}
					},
					"position": {
						"0.0": {
							"vector": [0, 0, 0]
						},
						"1.8667": {
							"vector": [0, 0, 0]
						},
						"1.9": {
							"vector": [0, 0, 1.9]
						},
						"1.9333": {
							"vector": [0, 0, 3.7]
						},
						"1.9667": {
							"vector": [0, 0, 6]
						},
						"2.0": {
							"vector": [0, 0, 6.125]
						},
						"2.0333": {
							"vector": [0, 0, 6]
						},
						"2.0667": {
							"vector": [0, 0, 6.275]
						},
						"2.1": {
							"vector": [0, 0, -0.72]
						}
					}
				},
				"rightarm": {
					"rotation": {
						"0.0": {
							"vector": [0, 0, 0]
						},
						"1.7": {
							"vector": [0, 0, 0]
						},
						"1.8667": {
							"vector": [-16.81559, 8.75419, 3.30795]
						},
						"2.0667": {
							"vector": [-13.24049, 12.14132, 3.38864]
						},
						"2.1667": {
							"vector": [-8.5533, 5.01608, 13.80557]
						},
						"2.2667": {
							"vector": [0, 0, 0]
						}
					},
					"position": {
						"0.0": {
							"vector": [0, 0, 0]
						},
						"1.7": {
							"vector": [0, 0, 0]
						},
						"1.8667": {
							"vector": [-5.5, 6.125, -15.475]
						},
						"1.9667": {
							"vector": [-6.1, 4.93, -8.57]
						},
						"2.0667": {
							"vector": [-6.1, 5.06, -7.53]
						},
						"2.1": {
							"vector": [-6.1, 1.2, -6.5]
						},
						"2.1333": {
							"vector": [-6.1, 0.33, -2.47]
						},
						"2.2667": {
							"vector": [0, 0, 0]
						}
					}
				},
				"magazine": {
					"rotation": {
						"0.0": {
							"vector": [0, 0, 0]
						},
						"0.6": {
							"vector": [0, 0, 0]
						},
						"0.8333": {
							"vector": [0, 0, 0]
						},
						"1.2333": {
							"vector": [-10, 0, 0]
						},
						"1.3": {
							"vector": [-19.67, 0, 0]
						},
						"1.3667": {
							"vector": [0, 0, 0]
						}
					},
					"position": {
						"0.0": {
							"vector": [0, 0, 0]
						},
						"0.6": {
							"vector": [0, 0, 0]
						},
						"0.7": {
							"vector": [0, -37.3, 0]
						},
						"1.0333": {
							"vector": [0, -37.3, 0]
						},
						"1.2333": {
							"vector": [0, -3.2, -1.4]
						},
						"1.3": {
							"vector": [0, -1.84, -1.38]
						},
						"1.3667": {
							"vector": [0, 0, 0]
						}
					}
				},
				"bullet": {
					"position": {
						"vector": [0, -1, 0]
					}
				},
				"magazine2": {
					"rotation": {
						"0.0": {
							"vector": [0, 0, 0]
						},
						"0.0667": {
							"vector": [0, 0, 0]
						},
						"0.1667": {
							"vector": [27.5, 0, -45]
						},
						"0.5667": {
							"vector": [27.5, 0, -45]
						},
						"0.7667": {
							"vector": [21.41048, -27.63271, -69.06824]
						},
						"0.8333": {
							"vector": [0, 0, 0]
						},
						"0.8667": {
							"vector": [-10.48085, -0.63744, -3.44153]
						},
						"0.9": {
							"vector": [-11.85924, 0.04053, -12.61654]
						},
						"0.9667": {
							"vector": [-20.21848, -15.66557, -3.91563]
						},
						"1.0333": {
							"vector": [-4.61249, -32.40953, -23.63269]
						},
						"1.1333": {
							"vector": [-20.79153, 4.27759, 30.76498]
						},
						"1.1667": {
							"vector": [-18.58505, -4.17756, -13.61963]
						},
						"1.2333": {
							"vector": [-11.70207, 1.06769, 5.14058]
						},
						"1.3333": {
							"vector": [-17.98702, -0.69513, -2.13998]
						},
						"1.4333": {
							"vector": [-20.79153, 4.27759, 30.76498]
						},
						"1.5": {
							"vector": [0, 0, 0]
						}
					},
					"position": {
						"0.0": {
							"vector": [0, 0, 0]
						},
						"0.0333": {
							"vector": [0, 0, 46]
						},
						"0.0667": {
							"vector": [18, -28, 46]
						},
						"0.1667": {
							"vector": [12.33112, -18.09429, 10.24052]
						},
						"0.5667": {
							"vector": [12.33112, -18.09429, 10.24052]
						},
						"0.7667": {
							"vector": [1.56798, -7.06264, 9.52643],
							"easing": "easeOutSine"
						},
						"0.8333": {
							"vector": [0, 0, 0]
						},
						"0.8667": {
							"vector": [0, 0.01145, -0.37483]
						},
						"0.9": {
							"vector": [-0.27046, -1.25585, -5.58609]
						},
						"0.9667": {
							"vector": [4.98611, -1.55047, -28.75968]
						},
						"1.0333": {
							"vector": [8.01868, -12.21913, -52.5219],
							"easing": "easeInSine"
						},
						"1.1": {
							"vector": [1.69903, -5.81953, -5.25576]
						},
						"1.1333": {
							"vector": [16.00198, -60.59647, -94.46691]
						},
						"1.2333": {
							"vector": [-0.28445, -0.79754, -0.04575],
							"easing": "easeOutSine"
						},
						"1.2667": {
							"vector": [16.43657, -86.28657, -95.81602]
						},
						"1.3333": {
							"vector": [-0.17253, -0.90834, -0.02775],
							"easing": "linear"
						},
						"1.3667": {
							"vector": [7.44, -34.09, 44.78]
						},
						"1.4333": {
							"vector": [1.43657, 0.71343, 20.18398]
						},
						"1.5": {
							"vector": [0, 0, 0]
						}
					},
					"scale": {
						"0.0": {
							"vector": [1, 1, 1]
						},
						"0.0667": {
							"vector": [1, 1, 1]
						},
						"1.3333": {
							"vector": [1, 1, 1]
						},
						"1.3667": {
							"vector": [0, 0, 0]
						},
						"1.5": {
							"vector": [0, 0, 0]
						}
					}
				},
				"_camera_": {
					"rotation": {
						"0.0": {
							"vector": [0, 0, 0]
						},
						"0.6333": {
							"vector": [-1, 0.5, 0],
							"easing": "easeInOutSine"
						},
						"0.7333": {
							"vector": [0, 0, 1]
						},
						"0.8333": {
							"vector": [0, 0, -0.5]
						},
						"0.9333": {
							"vector": [0, 0, 0]
						},
						"1.0": {
							"vector": [0, 0, 0]
						},
						"1.2667": {
							"vector": [-1.5, 1, 0]
						},
						"1.4": {
							"vector": [-1.5, 1, 0]
						},
						"1.4667": {
							"vector": [-0.5, 1, 2]
						},
						"1.5667": {
							"vector": [0.1, 0.7, -0.5]
						},
						"1.8333": {
							"vector": [0, 0, 0],
							"easing": "easeInOutSine"
						},
						"2.0333": {
							"vector": [-1, 1, 1]
						},
						"2.1333": {
							"vector": [-1, 0.5, 0],
							"easing": "easeInOutSine"
						},
						"2.2333": {
							"vector": [0, 0, 1]
						},
						"2.3333": {
							"vector": [0, 0, 0]
						}
					}
				}
			},
			"sound_effects": {
				"0.0": {
					"effect": "inspect_up"
				},
				"0.3": {
					"effect": "eea_vss_magout"
				},
				"0.9333": {
					"effect": "eea_vss_magin"
				},
				"1.6667": {
					"effect": "foley_end"
				},
				"1.7": {
					"effect": "eea_vss_action"
				}
			}
		},
		"animation.model.fire": {
			"loop": true,
			"animation_length": 0.44,
			"bones": {
				"action": {
					"position": {
						"0.0": {
							"vector": [0, 0, 0]
						},
						"0.0333": {
							"vector": [0, 0, 6]
						},
						"0.0833": {
							"vector": [0, 0, 0]
						}
					}
				},
				"main": {
					"rotation": {
						"0.0": {
							"vector": [0, 0, 0]
						},
						"0.05": {
							"vector": [0.24725, 0.84736, -0.99327]
						},
						"0.1": {
							"vector": [0.25995, -0.07447, -1.7]
						},
						"0.2": {
							"vector": [0, 0.01681, 1.1]
						},
						"0.2833": {
							"vector": [0, 0.00851, -0.52127]
						},
						"0.35": {
							"vector": [0, 0.0036, 0.23936]
						},
						"0.4333": {
							"vector": [0, 0, 0]
						}
					}
				},
				"_camera_": {
					"rotation": {
						"0.0": {
							"vector": [0, 0, 0]
						},
						"0.1": {
							"vector": [0, 0.2, -1]
						},
						"0.2167": {
							"vector": [0, 0, 0]
						}
					}
				}
			}
		},
		"animation.model.inspect": {
			"loop": true,
			"animation_length": 4.5333,
			"bones": {
				"main": {
					"rotation": {
						"0.0": {
							"vector": [0, 0, 0]
						},
						"0.2667": {
							"vector": [-7.85952, -17.34551, -15.14334]
						},
						"0.5333": {
							"vector": [-11.47796, -15.23555, -2.29573]
						},
						"0.8667": {
							"vector": [-8.9963, -16.76209, -11.22486]
						},
						"1.0333": {
							"vector": [-9.36918, -16.59607, -9.97455]
						},
						"1.1667": {
							"vector": [-8.92442, -16.83453, -11.52082]
						},
						"1.4": {
							"vector": [-9.42442, -16.83453, -11.52082]
						},
						"1.6667": {
							"vector": [-10.57395, -16.05248, -7.69678]
						},
						"1.9333": {
							"vector": [-9.74685, -16.33686, -9.08734]
						},
						"2.1": {
							"vector": [-9.46757, -16.50918, -9.873]
						},
						"2.2667": {
							"vector": [-8.92442, -16.83453, -11.52082]
						},
						"2.6": {
							"vector": [-18.75629, 3.04519, 58.90292]
						},
						"2.7": {
							"vector": [-18.27315, 5.27054, 65.55774]
						},
						"2.8667": {
							"vector": [-18.78561, 1.86545, 52.37009]
						},
						"2.9667": {
							"vector": [-18.78176, 2.35665, 55.37542]
						},
						"3.1667": {
							"vector": [-18.75822, 2.53133, 55.89059]
						},
						"3.4667": {
							"vector": [-18.7841, 2.30116, 55.214]
						},
						"3.6333": {
							"vector": [-18.85693, 1.57948, 53.09528]
						},
						"3.7333": {
							"vector": [-18.84177, 1.7923, 53.71782]
						},
						"3.8": {
							"vector": [-18.77185, 2.43712, 55.61232]
						},
						"3.9": {
							"vector": [-16.80057, 2.19559, 54.9017]
						},
						"4.0": {
							"vector": [-7.78494, 4.43509, 44.74484]
						},
						"4.0667": {
							"vector": [-4.0374, 1.94085, 17.37937]
						},
						"4.1333": {
							"vector": [0, 0, -2]
						},
						"4.2": {
							"vector": [0, 0, -1.87]
						},
						"4.2667": {
							"vector": [0, 0, 8.25]
						},
						"4.5333": {
							"vector": [0, 0, 0]
						}
					},
					"position": {
						"0.0": {
							"vector": [0, 0, 0]
						},
						"0.1333": {
							"vector": [0, 2, 0]
						},
						"0.3667": {
							"vector": [0, -3, 0]
						},
						"0.5": {
							"vector": [0, -3.1, 0]
						},
						"0.7667": {
							"vector": [0, -2.075, 0]
						},
						"0.9667": {
							"vector": [0, -2.005, 0]
						},
						"1.2": {
							"vector": [0, -2.075, 0]
						},
						"1.5": {
							"vector": [0, -2.255, 0]
						},
						"1.8667": {
							"vector": [0, -2.255, 0]
						},
						"2.1667": {
							"vector": [0, -2.075, 0]
						},
						"2.3": {
							"vector": [0, -2.075, 0]
						},
						"2.6": {
							"vector": [0, -3.69, 0]
						},
						"2.8": {
							"vector": [0, -4.79, 0]
						},
						"3.0333": {
							"vector": [0, -4.965, 0]
						},
						"3.3333": {
							"vector": [0, -4.885, 0]
						},
						"3.6": {
							"vector": [0, -5.095, 0]
						},
						"3.7": {
							"vector": [0, -5.28, 0]
						},
						"3.8667": {
							"vector": [0, -1.845, 0]
						},
						"4.0667": {
							"vector": [0, 0, 1.4]
						},
						"4.2": {
							"vector": [0, -1.25, -0.8]
						},
						"4.4333": {
							"vector": [0, 0, 0]
						}
					}
				},
				"rightarm": {
					"rotation": {
						"3.6333": {
							"vector": [0, 0, 0]
						},
						"3.7333": {
							"vector": [0, -4, 0]
						},
						"3.8667": {
							"vector": [0.16267, -1.06262, -0.63113]
						},
						"4.1667": {
							"vector": [0, 0, 0]
						}
					},
					"position": {
						"3.6333": {
							"vector": [0, 0, 0]
						},
						"3.7333": {
							"vector": [1, -1, -1]
						},
						"4.0333": {
							"vector": [0, 0, 0]
						},
						"4.1667": {
							"vector": [0, 0, 0]
						}
					}
				},
				"leftarm": {
					"rotation": {
						"0.0": {
							"vector": [0, 0, 0]
						},
						"0.6": {
							"vector": [-45.13234, 71.33372, -81.76837]
						},
						"2.3333": {
							"vector": [-45.13234, 71.33372, -81.76837]
						},
						"2.5333": {
							"vector": [0, 0, 0]
						},
						"3.4667": {
							"vector": [0, 0, 0]
						},
						"3.7667": {
							"vector": [0, 0, -4.5]
						},
						"4.1333": {
							"vector": [0, 0, 0]
						}
					},
					"position": {
						"0.0": {
							"vector": [0, 0, 0]
						},
						"0.1667": {
							"vector": [9.47769, -9.10617, 9.45309]
						},
						"0.6": {
							"vector": [12.05588, -33.69803, 37.55014]
						},
						"2.3333": {
							"vector": [12.05588, -33.69803, 37.55014]
						},
						"2.5333": {
							"vector": [0, -2.1, 1.6]
						},
						"3.4667": {
							"vector": [0, -2.1, 1.6]
						},
						"3.6333": {
							"vector": [0, -2.875, 1.6]
						},
						"3.9333": {
							"vector": [2.85, -2.1, 1.6]
						},
						"4.2333": {
							"vector": [0, 0, 0]
						}
					},
					"scale": {
						"0.0": {
							"vector": [1, 1, 1]
						},
						"2.5333": {
							"vector": [1, 1, 1]
						}
					}
				},
				"gun": {
					"rotation": {
						"2.4333": {
							"vector": [0, 0, 0]
						},
						"2.6333": {
							"vector": [0, 0, 2.5]
						},
						"2.7667": {
							"vector": [0, 0, 0]
						}
					},
					"position": {
						"2.4333": {
							"vector": [0, 0, 0]
						},
						"2.5667": {
							"vector": [-0.425, 0, 0]
						},
						"2.8667": {
							"vector": [0, 0, 0]
						}
					}
				},
				"_camera_": {
					"rotation": {
						"0.0": {
							"vector": [0, 0, 0]
						},
						"0.2333": {
							"vector": [-1, 0.5, 0],
							"easing": "easeInOutSine"
						},
						"0.3": {
							"vector": [0, 0, 2]
						},
						"0.4": {
							"vector": [0, 0, -1]
						},
						"0.5": {
							"vector": [0, 0, 0.5]
						},
						"0.5667": {
							"vector": [0, 0, 0]
						},
						"1.0667": {
							"vector": [1, 0, 1],
							"easing": "easeInOutSine"
						},
						"2.2667": {
							"vector": [10, 6, 0],
							"easing": "easeInOutSine"
						},
						"2.6667": {
							"vector": [5, 3, 0],
							"easing": "easeInOutSine"
						},
						"2.7333": {
							"vector": [4.5, 2, 2]
						},
						"2.8333": {
							"vector": [5.1, 2.3, 2.5]
						},
						"3.0333": {
							"vector": [5, 3, 0],
							"easing": "easeInOutSine"
						},
						"3.6667": {
							"vector": [5.2, 3.5, 0],
							"easing": "easeInOutSine"
						},
						"3.7667": {
							"vector": [3, 2, 1],
							"easing": "easeInOutSine"
						},
						"3.8333": {
							"vector": [1, 1, 0],
							"easing": "easeInOutSine"
						},
						"4.1": {
							"vector": [0, 0, 0],
							"easing": "easeInOutSine"
						}
					}
				}
			},
			"sound_effects": {
				"0.1667": {
					"effect": "inspect_up"
				},
				"1.9333": {
					"effect": "inspect_down"
				},
				"3.8333": {
					"effect": "inspect_down"
				}
			}
		},
		"animation.model.draw": {
			"loop": true,
			"animation_length": 0.8,
			"bones": {
				"main": {
					"rotation": {
						"0.0": {
							"vector": [32.09413, -54.38778, -8.29667]
						},
						"0.1667": {
							"vector": [-7.89288, -13.28824, 42.06283]
						},
						"0.3": {
							"vector": [5.49475, -2.44049, 22.41791]
						},
						"0.5333": {
							"vector": [0, 0, 0]
						}
					},
					"position": {
						"0.0": {
							"vector": [0, -17.3, 0]
						},
						"0.1": {
							"vector": [0, -7.41, -4.07]
						},
						"0.4333": {
							"vector": [0, 0, 0]
						}
					}
				},
				"leftarm": {
					"rotation": {
						"0.0": {
							"vector": [0, 0, 0]
						},
						"0.5": {
							"vector": [0, 0, 0]
						}
					},
					"position": {
						"0.0": {
							"vector": [2, -3, 0]
						},
						"0.3": {
							"vector": [0, 0, 0]
						}
					}
				},
				"switch": {
					"rotation": {
						"0.0": {
							"vector": [-20.75, 0, 0]
						},
						"0.4667": {
							"vector": [-18.25, 0, 0]
						},
						"0.6667": {
							"vector": [0, 0, 0]
						}
					},
					"position": {
						"0.0": {
							"vector": [0, 0, 0]
						},
						"0.5667": {
							"vector": [0, 0, 0]
						}
					}
				},
				"rightarm": {
					"rotation": {
						"0.0": {
							"vector": [0, 0, 0]
						},
						"0.8": {
							"vector": [0, 0, 0]
						}
					},
					"position": {
						"0.0": {
							"vector": [0, 0, 0]
						},
						"0.2": {
							"vector": [-4, 3, -9]
						},
						"0.4": {
							"vector": [0, 0, 0]
						}
					}
				},
				"gun": {
					"rotation": {
						"vector": [0, 0, 0]
					},
					"position": {
						"vector": [0, 0, 0]
					}
				},
				"_camera_": {
					"rotation": {
						"0.0": {
							"vector": [0, 0, 0]
						},
						"0.2": {
							"vector": [1.1, 1, -0.9],
							"easing": "easeInSine"
						},
						"0.3333": {
							"vector": [0.3, -1.4, 0.5],
							"easing": "easeInOutSine"
						},
						"0.5333": {
							"vector": [0, 0, 0],
							"easing": "easeOutSine"
						}
					}
				}
			},
			"sound_effects": {
				"0.0": {
					"effect": "ak_draw"
				},
				"0.3333": {
					"effect": "ak_safety"
				}
			}
		},
		"animation.model.switchup": {
			"animation_length": 0.4667,
			"bones": {
				"main": {
					"rotation": {
						"0.0": {
							"vector": [0, 0, 0]
						},
						"0.1333": {
							"vector": [0, 0, -7.01]
						},
						"0.3": {
							"vector": [0, 0, 2.75]
						},
						"0.4667": {
							"vector": [0, 0, 0]
						}
					},
					"position": {
						"0.0": {
							"vector": [0, 0, 0]
						},
						"0.1667": {
							"vector": [0, -0.475, 0]
						},
						"0.4": {
							"vector": [0, 0, 0]
						}
					}
				},
				"rightarm": {
					"rotation": {
						"0.0": {
							"vector": [0, 0, 0]
						},
						"0.2": {
							"vector": [-1.43, 0, 0]
						},
						"0.3667": {
							"vector": [0, 0, 0]
						}
					},
					"position": {
						"0.0": {
							"vector": [0, 0, 0]
						},
						"0.1": {
							"vector": [-4.6, 5, -7]
						},
						"0.2667": {
							"vector": [-3.29, 4.07, -4.04]
						},
						"0.4": {
							"vector": [0, 0, 0]
						}
					}
				},
				"_camera_": {
					"rotation": {
						"0.0": {
							"vector": [0, 0, 0]
						},
						"0.1": {
							"vector": [0, 0, -0.8]
						},
						"0.2": {
							"vector": [0, 0, 1]
						},
						"0.2667": {
							"vector": [0, 0, 0]
						}
					},
					"position": {
						"0.0": {
							"vector": [0, 0, 0]
						},
						"0.2667": {
							"vector": [0, 0, 0]
						}
					}
				}
			},
			"sound_effects": {
				"0.0": {
					"effect": "inspect_up"
				},
				"0.0667": {
					"effect": "eea_ak_switchup"
				}
			}
		},
		"animation.model.switchdown": {
			"animation_length": 0.4667,
			"bones": {
				"main": {
					"rotation": {
						"0.0": {
							"vector": [0, 0, 0]
						},
						"0.1333": {
							"vector": [0, 0, -7.01]
						},
						"0.3": {
							"vector": [0, 0, 2.75]
						},
						"0.4667": {
							"vector": [0, 0, 0]
						}
					},
					"position": {
						"0.0": {
							"vector": [0, 0, 0]
						},
						"0.1667": {
							"vector": [0, -0.475, 0]
						},
						"0.4": {
							"vector": [0, 0, 0]
						}
					}
				},
				"rightarm": {
					"rotation": {
						"0.0": {
							"vector": [0, 0, 0]
						},
						"0.2": {
							"vector": [2, 0, 0]
						},
						"0.3667": {
							"vector": [0, 0, 0]
						}
					},
					"position": {
						"0.0": {
							"vector": [0, 0, 0]
						},
						"0.1": {
							"vector": [-4.6, 5, -8]
						},
						"0.2667": {
							"vector": [-3.29, 3.67, -8.14]
						},
						"0.4": {
							"vector": [0, 0, 0]
						}
					}
				},
				"_camera_": {
					"rotation": {
						"0.0": {
							"vector": [0, 0, 0]
						},
						"0.1333": {
							"vector": [0, 0, 1]
						},
						"0.2": {
							"vector": [0, 0, -0.8]
						},
						"0.2667": {
							"vector": [0, 0, 0]
						}
					},
					"position": {
						"0.0": {
							"vector": [0, 0, 0]
						},
						"0.2667": {
							"vector": [0, 0, 0]
						}
					}
				}
			},
			"sound_effects": {
				"0.0": {
					"effect": "inspect_up"
				},
				"0.0333": {
					"effect": "eea_ak_switchdown"
				}
			}
		}
	},
	"geckolib_format_version": 2
}