{
	"format_version": "1.8.0",
	"animations": {
		"animation.model.fire": {
			"loop": true,
			"animation_length": 0.5,
			"bones": {
				"main": {
					"rotation": {
						"0.0": {
							"vector": [0, 0, 0]
						},
						"0.0333": {
							"vector": [0, 0, 0]
						},
						"0.0667": {
							"vector": [-3.5, 0, 0]
						},
						"0.1": {
							"vector": [-1, 0, 0]
						},
						"0.1667": {
							"vector": [2.5, 0, 0]
						},
						"0.3167": {
							"vector": [0, 0, 0]
						}
					},
					"position": {
						"0.0": {
							"vector": [0, 0, 0]
						},
						"0.0333": {
							"vector": [0, 0, 0]
						},
						"0.0667": {
							"vector": [0, 0, 0.8]
						},
						"0.1": {
							"vector": [0, 0, 1.4]
						},
						"0.1667": {
							"vector": [0, -0.8, 0]
						},
						"0.3167": {
							"vector": [0, 0, 0]
						}
					}
				},
				"trigger": {
					"rotation": {
						"0.0": {
							"vector": [0, 0, 0]
						},
						"0.0333": {
							"vector": [72.5, 0, 0]
						},
						"0.05": {
							"vector": [72.5, 0, 0]
						},
						"0.0667": {
							"vector": [0, 0, 0]
						}
					},
					"position": {
						"0.0": {
							"vector": [0, 0, 0]
						},
						"0.0667": {
							"vector": [0, 0, 0]
						}
					}
				},
				"hammer": {
					"rotation": {
						"0.0": {
							"vector": [0, 0, 0]
						},
						"0.0167": {
							"vector": [58, 0, 0]
						},
						"0.05": {
							"vector": [0, 0, 0]
						}
					}
				},
				"slide": {
					"position": {
						"0.0167": {
							"vector": [0, 0, 0]
						},
						"0.05": {
							"vector": [0, 0, 4.7]
						},
						"0.1": {
							"vector": [0, 0, 0]
						}
					}
				}
			}
		},
		"animation.model.firestock": {
			"loop": true,
			"animation_length": 0.5,
			"bones": {
				"main": {
					"rotation": {
						"0.0": {
							"vector": [0, 0, 0]
						},
						"0.1333": {
							"vector": [-1, 0, 0]
						},
						"0.2333": {
							"vector": [0, 0, 0]
						}
					},
					"position": {
						"0.0": {
							"vector": [0, 0, 0]
						},
						"0.0333": {
							"vector": [0, 0, 0]
						},
						"0.1": {
							"vector": [0, 0, 1.4]
						},
						"0.1667": {
							"vector": [0, 0, 0]
						}
					}
				},
				"trigger": {
					"rotation": {
						"0.0": {
							"vector": [0, 0, 0]
						},
						"0.0333": {
							"vector": [72.5, 0, 0]
						},
						"0.05": {
							"vector": [72.5, 0, 0]
						},
						"0.0667": {
							"vector": [0, 0, 0]
						}
					},
					"position": {
						"0.0": {
							"vector": [0, 0, 0]
						},
						"0.0667": {
							"vector": [0, 0, 0]
						}
					}
				},
				"hammer": {
					"rotation": {
						"0.0": {
							"vector": [0, 0, 0]
						},
						"0.0167": {
							"vector": [58, 0, 0]
						},
						"0.05": {
							"vector": [0, 0, 0]
						}
					}
				},
				"slide": {
					"position": {
						"0.0167": {
							"vector": [0, 0, 0]
						},
						"0.05": {
							"vector": [0, 0, 4.7]
						},
						"0.1": {
							"vector": [0, 0, 0]
						}
					}
				}
			}
		},
		"animation.model.draw": {
			"loop": true,
			"animation_length": 0.55,
			"bones": {
				"main": {
					"rotation": {
						"0.0": {
							"vector": [18.3516, -10.6923, 15.19687]
						},
						"0.2": {
							"vector": [1.75167, -2.49883, -4.07639]
						},
						"0.35": {
							"vector": [0.58201, -1.04064, 2.6563]
						},
						"0.45": {
							"vector": [0.34258, 0.38164, 0.59987]
						},
						"0.55": {
							"vector": [0, 0, 0]
						}
					},
					"position": {
						"0.0": {
							"vector": [0, -17.3, 10]
						},
						"0.1": {
							"vector": [0, -7.41, -4.07]
						},
						"0.2": {
							"vector": [-0.4, -1.2, -7.75]
						},
						"0.3": {
							"vector": [0.4, 0, 1.6]
						},
						"0.5": {
							"vector": [0, 0, 0]
						}
					}
				},
				"leftarm": {
					"rotation": {
						"0.0": {
							"vector": [0, 0, 0]
						},
						"0.2": {
							"vector": [1, 0, -22]
						},
						"0.4": {
							"vector": [0, 0, 0]
						}
					},
					"position": {
						"0.0": {
							"vector": [0, 0, 0]
						},
						"0.2": {
							"vector": [3.53901, 3.6754, 5.59783]
						},
						"0.4": {
							"vector": [0, 0, 0]
						}
					}
				},
				"_camera_": {
					"rotation": {
						"0.0": {
							"vector": [0, 0, 0]
						},
						"0.15": {
							"vector": [1.80238, -0.89738, -1.597]
						},
						"0.35": {
							"vector": [0.44082, -0.01767, 1.01624]
						},
						"0.5": {
							"vector": [0, 0, 0]
						}
					}
				}
			},
			"sound_effects": {
				"0.0": {
					"effect": "pistol_draw"
				}
			}
		},
		"animation.model.reload": {
			"loop": true,
			"animation_length": 3.4,
			"bones": {
				"main": {
					"rotation": {
						"0.0": {
							"vector": [0, 0, 0]
						},
						"0.3": {
							"vector": [-31.20657, -9.22634, -17.33466]
						},
						"0.4667": {
							"vector": [-31.20657, -9.22634, -17.33466]
						},
						"0.6667": {
							"vector": [-37.0849, -14.29673, -21.83019]
						},
						"0.9667": {
							"vector": [-44.48848, -14.08762, -21.85399]
						},
						"1.1667": {
							"vector": [-40.76758, -13.97261, -21.86707]
						},
						"1.4333": {
							"vector": [-39.57808, -12.3778, -20.10049]
						},
						"1.6667": {
							"vector": [-37.62548, -13.43244, -21.70562]
						},
						"1.8667": {
							"vector": [-49.89878, -10.75172, -15.34423]
						},
						"1.9667": {
							"vector": [-56.2854, -11.54957, -5.52387]
						},
						"2.0333": {
							"vector": [-53.42883, -9.8742, -3.85903]
						},
						"2.1667": {
							"vector": [-14.14399, -7.36114, -1.36176]
						},
						"2.2667": {
							"vector": [0, 0, 4.25]
						},
						"2.4333": {
							"vector": [0, 0, 0]
						}
					},
					"position": {
						"0.0": {
							"vector": [0, 0, 0]
						},
						"0.1667": {
							"vector": [-0.33, 3.01, -3.31]
						},
						"0.4333": {
							"vector": [-0.71, -4.91, -1.18]
						},
						"0.7333": {
							"vector": [0.38, -1.42, -1.97],
							"easing": "easeInOutSine"
						},
						"0.8333": {
							"vector": [0.14, -0.525, -1.23]
						},
						"1.0": {
							"vector": [-0.26, -0.16, -1.66]
						},
						"1.1": {
							"vector": [-0.51, -1.21, -1.43]
						},
						"1.3333": {
							"vector": [-1.09, -1.21, -1.15]
						},
						"1.5667": {
							"vector": [-1.36, -1.525, -1.85]
						},
						"1.8": {
							"vector": [-2.23, -2.005, -1.58]
						},
						"1.8667": {
							"vector": [-2.87, -1.665, -1.44]
						},
						"1.9667": {
							"vector": [-3.62, -1.62, -1.27]
						},
						"2.0333": {
							"vector": [-4.15, -0.81, -1.545]
						},
						"2.3667": {
							"vector": [0, -0.65, -0.1]
						},
						"2.4667": {
							"vector": [0, 0, 0]
						}
					}
				},
				"leftarm": {
					"rotation": {
						"0.0": {
							"vector": [0, -2.5, 0]
						},
						"0.2333": {
							"vector": [0, -2.5, 0]
						},
						"0.3333": {
							"vector": [0, 0.5, 0]
						},
						"0.4667": {
							"vector": [0, 0.5, 0]
						},
						"0.7667": {
							"vector": [16.92153, 23.54009, 36.87372]
						},
						"1.8667": {
							"vector": [0, 0.5, 0]
						},
						"2.1667": {
							"vector": [0, -2.5, 0]
						}
					},
					"position": {
						"0.0": {
							"vector": [0, 0, 0]
						},
						"0.1667": {
							"vector": [0.01028, -9.6006, 5.74735],
							"easing": "easeInOutSine"
						},
						"0.5": {
							"vector": [1.15448, -9.41323, 3.69286],
							"easing": "easeInSine"
						},
						"0.7667": {
							"vector": [1.53096, -8.09323, 2.4935]
						},
						"0.9333": {
							"vector": [-1.41754, -20.26382, 4.36369],
							"easing": "easeInOutSine"
						},
						"1.1667": {
							"vector": [-0.4739, -67.08182, 35.90079]
						},
						"1.5667": {
							"vector": [-0.4739, -67.08182, 35.90079]
						},
						"1.8": {
							"vector": [1.88954, -15.01134, 3.1265],
							"easing": "easeInSine"
						},
						"1.8667": {
							"vector": [3.19101, -13.30428, 4.16806]
						},
						"2.0": {
							"vector": [3.19101, -13.30428, 4.16806]
						},
						"2.0333": {
							"vector": [-0.36089, -9.65405, 1.40705]
						},
						"2.1667": {
							"vector": [0, 0, 0]
						}
					}
				},
				"magazine": {
					"rotation": {
						"0.0": {
							"vector": [0, 0, 0]
						},
						"0.8": {
							"vector": [0, 0, 0]
						},
						"0.8667": {
							"vector": [0, 0, 0]
						},
						"0.9667": {
							"vector": [11, 0, 0]
						},
						"1.7333": {
							"vector": [11, 0, 0]
						},
						"1.7667": {
							"vector": [16.22, 0, 0]
						},
						"1.8": {
							"vector": [0, 0, 0]
						},
						"2.0667": {
							"vector": [0, 0, 0]
						}
					},
					"position": {
						"0.0": {
							"vector": [0, 0, 0]
						},
						"0.8": {
							"vector": [0, 0, 0]
						},
						"0.8667": {
							"vector": [0, -15, 4.5]
						},
						"1.0667": {
							"vector": [-4.69662, -51.76601, 31.38048]
						},
						"1.6667": {
							"vector": [1.37201, -42.42881, 25.18299]
						},
						"1.7667": {
							"vector": [-0.08144, -15.55958, 11.06312]
						},
						"1.8": {
							"vector": [-0.04631, -7.85345, 1.69265]
						},
						"1.9": {
							"vector": [0.16561, -5.87193, 1.66312]
						},
						"2.0": {
							"vector": [0.16561, -5.87193, 1.66312]
						},
						"2.0667": {
							"vector": [0, 0, 0]
						}
					}
				},
				"_camera_": {
					"rotation": {
						"0.0": {
							"vector": [0, 0, 0]
						},
						"0.2": {
							"vector": [-1, 0, 0],
							"easing": "easeInOutSine"
						},
						"0.3667": {
							"vector": [2, 1, 1]
						},
						"0.5667": {
							"vector": [0.45, 0.5, -0.89],
							"easing": "easeInOutSine"
						},
						"0.8333": {
							"vector": [0, 0, 0]
						},
						"0.9333": {
							"vector": [1, 0.3, 1]
						},
						"1.0667": {
							"vector": [1.00083, 0.09127, 0.69992]
						},
						"1.7333": {
							"vector": [0, 0, 0],
							"easing": "easeInOutSine"
						},
						"1.9667": {
							"vector": [-0.5, 1, 1]
						},
						"2.0667": {
							"vector": [0, 1, -0.5]
						},
						"2.3": {
							"vector": [0, 0, 0],
							"easing": "easeInOutSine"
						}
					}
				},
				"magazine2": {
					"position": {
						"0.0": {
							"vector": [0, 0, 0]
						},
						"0.4667": {
							"vector": [0, 0, 0]
						},
						"0.5667": {
							"vector": [0, -2, 1]
						},
						"0.7333": {
							"vector": [0, -16, 2.3]
						},
						"0.9333": {
							"vector": [0, -66, 2.3]
						},
						"1.2667": {
							"vector": [0, -66, 2.3]
						},
						"1.5667": {
							"vector": [0, -5.1, 1.18]
						},
						"1.9333": {
							"vector": [0, -5.1, 1.18]
						},
						"2.0333": {
							"vector": [0, 0, 0]
						},
						"3.4": {
							"vector": [0, 0, 0]
						}
					}
				},
				"button": {
					"rotation": {
						"0.0": {
							"vector": [0, 0, 0]
						},
						"0.1": {
							"vector": [-1, 0, 0]
						}
					},
					"position": {
						"0.0": {
							"vector": [0, 0, 0]
						},
						"0.4667": {
							"vector": [0, 0, 0]
						},
						"0.5667": {
							"vector": [0, 0.2, 0]
						},
						"0.6667": {
							"vector": [0, 0, 0]
						}
					}
				}
			},
			"sound_effects": {
				"0.7333": {
					"effect": "eea_stechkin_magout"
				},
				"1.9333": {
					"effect": "eea_stechkin_magin"
				}
			}
		},
		"animation.model.reloadempty": {
			"loop": true,
			"animation_length": 3.4,
			"bones": {
				"main": {
					"rotation": {
						"0.0": {
							"vector": [0, 0, 0]
						},
						"0.3": {
							"vector": [-31.20657, -9.22634, -17.33466]
						},
						"0.4667": {
							"vector": [-31.20657, -9.22634, -17.33466]
						},
						"0.6667": {
							"vector": [-37.0849, -14.29673, -21.83019]
						},
						"0.9667": {
							"vector": [-44.48848, -14.08762, -21.85399]
						},
						"1.1667": {
							"vector": [-40.76758, -13.97261, -21.86707]
						},
						"1.4333": {
							"vector": [-39.57808, -12.3778, -20.10049]
						},
						"1.6333": {
							"vector": [-38.23411, -11.56945, -15.74401]
						},
						"1.8": {
							"vector": [-39.91161, -8.98776, -9.34454]
						},
						"2.0": {
							"vector": [-41.22074, -6.80137, -4.06184]
						},
						"2.1667": {
							"vector": [-40.69584, -13.27885, -9.28693]
						},
						"2.2667": {
							"vector": [-42.10567, -9.24888, -3.23764]
						},
						"2.4": {
							"vector": [-37.64614, -10.63836, -6.42655]
						},
						"2.4667": {
							"vector": [-43.05831, -9.61733, 1.27947]
						},
						"2.5667": {
							"vector": [-24.39399, -7.36114, -1.36176]
						},
						"2.6667": {
							"vector": [0, 0, 4.25]
						},
						"2.8333": {
							"vector": [0, 0, 0]
						}
					},
					"position": {
						"0.0": {
							"vector": [0, 0, 0]
						},
						"0.1667": {
							"vector": [-0.33, 3.01, -3.31]
						},
						"0.4333": {
							"vector": [-0.71, -4.91, -1.18]
						},
						"0.7333": {
							"vector": [0.38, -1.42, -1.97],
							"easing": "easeInOutSine"
						},
						"0.8333": {
							"vector": [0.14, -0.525, -1.23]
						},
						"1.0": {
							"vector": [-0.26, -0.16, -1.66]
						},
						"1.1": {
							"vector": [-0.51, -1.21, -1.43]
						},
						"1.3333": {
							"vector": [-1.09, -1.21, -1.15]
						},
						"1.5667": {
							"vector": [-1.36, -1.525, -1.85]
						},
						"1.7333": {
							"vector": [-1.74, -0.73, -2.84]
						},
						"1.9": {
							"vector": [-2.09, 2.005, -3.75]
						},
						"2.1": {
							"vector": [-2.51, 1.3, -4.85]
						},
						"2.2667": {
							"vector": [-2.95, -0.49, -6.01]
						},
						"2.3667": {
							"vector": [-1.66, -1.44, -3.38]
						},
						"2.4667": {
							"vector": [-1.11, -1.28, -3.925]
						},
						"2.7333": {
							"vector": [0, -0.65, 0]
						},
						"2.8667": {
							"vector": [0, 0, 0]
						}
					}
				},
				"leftarm": {
					"rotation": {
						"0.0": {
							"vector": [0, -2.5, 0]
						},
						"0.2333": {
							"vector": [0, -2.5, 0]
						},
						"0.3333": {
							"vector": [0, 0.5, 0]
						},
						"0.4667": {
							"vector": [0, 0.5, 0]
						},
						"0.7667": {
							"vector": [16.92153, 23.54009, 36.87372]
						},
						"1.8667": {
							"vector": [0, 0.5, 0]
						},
						"2.1667": {
							"vector": [0, -2.5, 0]
						}
					},
					"position": {
						"0.0": {
							"vector": [0, 0, 0]
						},
						"0.1667": {
							"vector": [0.01028, -9.6006, 5.74735],
							"easing": "easeInOutSine"
						},
						"0.5": {
							"vector": [1.15448, -9.41323, 3.69286],
							"easing": "easeInSine"
						},
						"0.7667": {
							"vector": [1.53096, -8.09323, 2.4935]
						},
						"0.9333": {
							"vector": [-1.41754, -20.26382, 4.36369],
							"easing": "easeInOutSine"
						},
						"1.1667": {
							"vector": [-0.4739, -67.08182, 35.90079]
						},
						"1.5667": {
							"vector": [-0.4739, -67.08182, 35.90079]
						},
						"1.8": {
							"vector": [1.88954, -15.01134, 3.1265],
							"easing": "easeInSine"
						},
						"1.8667": {
							"vector": [3.19101, -13.30428, 4.16806]
						},
						"2.0": {
							"vector": [3.19101, -13.30428, 4.16806]
						},
						"2.0333": {
							"vector": [-0.36089, -9.65405, 1.40705]
						},
						"2.1667": {
							"vector": [0, 0, 0]
						}
					}
				},
				"magazine": {
					"rotation": {
						"0.0": {
							"vector": [0, 0, 0]
						},
						"0.8": {
							"vector": [0, 0, 0]
						},
						"0.8667": {
							"vector": [0, 0, 0]
						},
						"0.9667": {
							"vector": [11, 0, 0]
						},
						"1.7333": {
							"vector": [11, 0, 0]
						},
						"1.7667": {
							"vector": [16.22, 0, 0]
						},
						"1.8": {
							"vector": [0, 0, 0]
						},
						"2.0667": {
							"vector": [0, 0, 0]
						}
					},
					"position": {
						"0.0": {
							"vector": [0, 0, 0]
						},
						"0.8": {
							"vector": [0, 0, 0]
						},
						"0.8667": {
							"vector": [0, -15, 4.5]
						},
						"1.0667": {
							"vector": [-4.69662, -51.76601, 31.38048]
						},
						"1.6667": {
							"vector": [1.37201, -42.42881, 25.18299]
						},
						"1.7667": {
							"vector": [-0.08144, -15.55958, 11.06312]
						},
						"1.8": {
							"vector": [-0.04631, -7.85345, 1.69265]
						},
						"1.9": {
							"vector": [0.16561, -5.87193, 1.66312]
						},
						"2.0": {
							"vector": [0.16561, -5.87193, 1.66312]
						},
						"2.0667": {
							"vector": [0, 0, 0]
						}
					}
				},
				"_camera_": {
					"rotation": {
						"0.0": {
							"vector": [0, 0, 0]
						},
						"0.2": {
							"vector": [-1, 0, 0],
							"easing": "easeInOutSine"
						},
						"0.3667": {
							"vector": [2, 1, 1]
						},
						"0.5667": {
							"vector": [0.45, 0.5, -0.89],
							"easing": "easeInOutSine"
						},
						"0.8333": {
							"vector": [0, 0, 0]
						},
						"0.9333": {
							"vector": [1, 0.3, 1]
						},
						"1.0667": {
							"vector": [1.00083, 0.09127, 0.69992]
						},
						"1.7333": {
							"vector": [0, 0, 0],
							"easing": "easeInOutSine"
						},
						"1.9667": {
							"vector": [-0.5, 1, 1]
						},
						"2.0667": {
							"vector": [0, 1, -0.5]
						},
						"2.3": {
							"vector": [0, 0, 0],
							"easing": "easeInOutSine"
						},
						"2.6": {
							"vector": [-1, 0, -1]
						},
						"2.7": {
							"vector": [0.99966, -0.02618, -0.50023]
						},
						"2.9": {
							"vector": [0, 0, 0]
						}
					}
				},
				"magazine2": {
					"position": {
						"0.0": {
							"vector": [0, 0, 0]
						},
						"0.4667": {
							"vector": [0, 0, 0]
						},
						"0.5667": {
							"vector": [0, -2, 1]
						},
						"0.7333": {
							"vector": [0, -16, 2.3]
						},
						"0.9333": {
							"vector": [0, -66, 2.3]
						},
						"1.2667": {
							"vector": [0, -66, 2.3]
						},
						"1.5667": {
							"vector": [0, -5.1, 1.18]
						},
						"1.9333": {
							"vector": [0, -5.1, 1.18]
						},
						"2.0333": {
							"vector": [0, 0, 0]
						},
						"3.4": {
							"vector": [0, 0, 0]
						}
					}
				},
				"button": {
					"position": {
						"0.0": {
							"vector": [0, 0, 0]
						},
						"0.4667": {
							"vector": [0, 0, 0]
						},
						"0.5667": {
							"vector": [0, 0.2, 0]
						},
						"0.6667": {
							"vector": [0, 0, 0]
						}
					}
				},
				"rightarm": {
					"rotation": {
						"0.0": {
							"vector": [0, 0, 0]
						},
						"2.2": {
							"vector": [0, 0, 0]
						},
						"2.4333": {
							"vector": [-3.75, 0, 0]
						},
						"2.5667": {
							"vector": [0, 0, 0]
						}
					},
					"position": {
						"0.0": {
							"vector": [0, 0, 0]
						},
						"2.2667": {
							"vector": [0, 0, 0]
						},
						"2.3667": {
							"vector": [0.14419, 1.15448, -0.94678]
						},
						"2.5667": {
							"vector": [0, 0, 0]
						}
					}
				},
				"slide": {
					"position": {
						"0.0": {
							"vector": [0, 0, 5]
						},
						"2.5": {
							"vector": [0, 0, 5]
						},
						"2.5333": {
							"vector": [0, 0, 0]
						}
					}
				}
			},
			"sound_effects": {
				"0.7333": {
					"effect": "eea_stechkin_magout"
				},
				"1.9333": {
					"effect": "eea_stechkin_magin"
				},
				"2.3667": {
					"effect": "eea_pistol_slide"
				}
			}
		},
		"animation.model.inspect": {
			"loop": true,
			"animation_length": 3.8667,
			"bones": {
				"main": {
					"rotation": {
						"0.0": {
							"vector": [0, 0, 0]
						},
						"0.2": {
							"vector": [-2.46998, -8.33251, -6.45591]
						},
						"0.4": {
							"vector": [-6.73474, -16.02788, -0.29981]
						},
						"0.6333": {
							"vector": [-5.64908, -16.43252, -4.18273]
						},
						"0.9667": {
							"vector": [-5.79558, -16.38266, -3.6641]
						},
						"1.2": {
							"vector": [-7.02074, -16.47215, -4.63293]
						},
						"1.4667": {
							"vector": [-5.20663, -16.57441, -5.74017]
						},
						"1.6667": {
							"vector": [-3.55121, -16.99472, -11.46833]
						},
						"1.8333": {
							"vector": [-3.16895, -17.06798, -12.77342]
						},
						"2.0": {
							"vector": [-3.62744, -16.97906, -11.20744]
						},
						"2.1667": {
							"vector": [-17.3469, -0.38566, 65.30977]
						},
						"2.3333": {
							"vector": [-17.23649, -2.02161, 60.05737]
						},
						"2.4333": {
							"vector": [-17.2879, -1.50227, 61.72933]
						},
						"2.5667": {
							"vector": [-17.13675, -2.76043, 57.66693]
						},
						"2.7667": {
							"vector": [-17.1008, -2.98119, 56.94926]
						},
						"2.9667": {
							"vector": [-15.49152, -2.86407, 51.37215]
						},
						"3.1333": {
							"vector": [-14.70321, -2.73631, 49.01529]
						},
						"3.2333": {
							"vector": [-12.15854, -6.50796, 28.68148]
						},
						"3.4": {
							"vector": [-5.98897, -2.2123, 14.14912]
						},
						"3.5": {
							"vector": [-1.64026, -1.04922, -8.5138]
						},
						"3.6667": {
							"vector": [0, 0, 0]
						}
					},
					"position": {
						"0.0": {
							"vector": [0, 0, 0]
						},
						"0.1333": {
							"vector": [0, 1.4, 0]
						},
						"0.3": {
							"vector": [0, -2.5, 0]
						},
						"0.5": {
							"vector": [0, -0.1, 0]
						},
						"0.7": {
							"vector": [0, -0.5, 0]
						},
						"0.9": {
							"vector": [0, -0.3, 0]
						},
						"1.0667": {
							"vector": [0, -1.15, 0.975]
						},
						"1.3333": {
							"vector": [0, -1.41, 0]
						},
						"1.5333": {
							"vector": [0, -0.5, 0]
						},
						"1.7667": {
							"vector": [0, -0.9, 0]
						},
						"2.0667": {
							"vector": [1.775, -1.7, 0]
						},
						"2.2667": {
							"vector": [1.975, 1.28, 0]
						},
						"2.6667": {
							"vector": [1.98, 2.455, 0]
						},
						"2.8667": {
							"vector": [1.98, 2.06, 0]
						},
						"3.0": {
							"vector": [1.74, 1.8, 0]
						},
						"3.1": {
							"vector": [1.6, 2.06, 0]
						},
						"3.2": {
							"vector": [1.41, 2.875, 0]
						},
						"3.3": {
							"vector": [0.57, 3.12, 0]
						},
						"3.4": {
							"vector": [0.15, 2.1, 0]
						},
						"3.5": {
							"vector": [0, -2.175, 0]
						},
						"3.5667": {
							"vector": [0, 0, 0]
						}
					}
				},
				"leftarm": {
					"rotation": {
						"vector": [0, 0, 0]
					},
					"position": {
						"0.0": {
							"vector": [0, 0, 0]
						},
						"0.1667": {
							"vector": [6, -10, 0]
						},
						"0.3": {
							"vector": [6, -37, 0]
						},
						"3.2": {
							"vector": [6, -37, 0]
						},
						"3.4667": {
							"vector": [0, 0, 0]
						}
					}
				},
				"_camera_": {
					"rotation": {
						"0.0": {
							"vector": [0, 0, 0]
						},
						"0.1667": {
							"vector": [-2, 0, 1]
						},
						"0.7333": {
							"vector": [4, 2, 0],
							"easing": "easeInOutSine"
						},
						"1.0": {
							"vector": [4.2, 2.2, 0],
							"easing": "easeInOutSine"
						},
						"1.1": {
							"vector": [3.5, 2, 0]
						},
						"1.2667": {
							"vector": [4, 2.5, 0]
						},
						"1.5333": {
							"vector": [4, 2.5, 0]
						},
						"1.6667": {
							"vector": [4.5, 2.2, 0]
						},
						"2.3333": {
							"vector": [4.6, -3.8, 0],
							"easing": "easeInOutSine"
						},
						"2.6": {
							"vector": [4.6, -3.5, 0]
						},
						"2.8667": {
							"vector": [4.6, -3.5, 0]
						},
						"3.3667": {
							"vector": [-1, -1, 0],
							"easing": "easeInOutSine"
						},
						"3.5": {
							"vector": [1, 0, 0]
						},
						"3.6": {
							"vector": [0, 0, 0]
						}
					},
					"position": {
						"0.0": {
							"vector": [0, 0, 0]
						},
						"0.1667": {
							"vector": [0, 0, 0]
						},
						"0.8": {
							"vector": [0, 0, 0]
						},
						"3.2333": {
							"vector": [0, 0, 0]
						}
					}
				}
			},
			"sound_effects": {
				"0.0": {
					"effect": "inspect_up"
				},
				"1.0": {
					"effect": "inspect_foley"
				},
				"1.7333": {
					"effect": "inspect_turn"
				},
				"3.2333": {
					"effect": "inspect_up"
				}
			}
		},
		"animation.model.running": {
			"loop": true,
			"animation_length": 0.5667,
			"bones": {
				"main": {
					"rotation": {
						"0.0": {
							"vector": [-57.82263, -6.12844, 5.00258]
						},
						"0.1833": {
							"vector": [-58.88397, -7.96808, -1.54433]
						},
						"0.3167": {
							"vector": [-61.69599, -9.42204, 0.94917]
						},
						"0.45": {
							"vector": [-59.03533, -6.29297, 2.33423]
						},
						"0.5667": {
							"vector": [-57.82263, -6.12844, 5.00258]
						}
					},
					"position": {
						"0.0": {
							"vector": [-10.1, 3.65, 0.075]
						},
						"0.0333": {
							"vector": [-9.74, 3.425, -0.39]
						},
						"0.0833": {
							"vector": [-9.6, 4.16, -1.18]
						},
						"0.15": {
							"vector": [-9.39, 5.26, -2.8]
						},
						"0.2333": {
							"vector": [-9.01, 3.97, -5.925]
						},
						"0.3": {
							"vector": [-8.6, 2.825, -6.505]
						},
						"0.35": {
							"vector": [-8.93, 3.055, -7.305]
						},
						"0.3833": {
							"vector": [-9.09, 4.075, -7.365]
						},
						"0.45": {
							"vector": [-9.31, 5.21, -4.29]
						},
						"0.5667": {
							"vector": [-10.1, 3.65, 0.075]
						}
					}
				}
			}
		},
		"animation.model.runningstart": {
			"animation_length": 0.3333,
			"bones": {
				"main": {
					"rotation": {
						"0.0": {
							"vector": [0, 0, 0]
						},
						"0.3333": {
							"vector": [-57.82263, -6.12844, 5.00258]
						}
					},
					"position": {
						"0.0": {
							"vector": [0, 0, 0]
						},
						"0.1667": {
							"vector": [-4.58, -4, 0]
						},
						"0.3333": {
							"vector": [-10.1, 3.65, 0.075]
						}
					}
				}
			}
		},
		"animation.model.runningend": {
			"animation_length": 0.3667,
			"bones": {
				"main": {
					"rotation": {
						"0.0": {
							"vector": [-57.82263, -6.12844, 5.00258]
						},
						"0.1833": {
							"vector": [0.53597, 0.18491, 5.1683]
						},
						"0.2667": {
							"vector": [0.3359, -0.86242, -0.40746]
						},
						"0.3667": {
							"vector": [0, 0, 0]
						}
					},
					"position": {
						"0.0": {
							"vector": [-10.1, 3.65, 0.075]
						},
						"0.0833": {
							"vector": [-4.54, -6.195, 0]
						},
						"0.1833": {
							"vector": [0.225, -0.725, 1.6]
						},
						"0.25": {
							"vector": [0, 0.2, -0.875]
						},
						"0.3333": {
							"vector": [0, 0, 0]
						}
					}
				}
			}
		},
		"animation.model.switch": {
			"loop": true,
			"animation_length": 0.5833,
			"bones": {
				"main": {
					"rotation": {
						"0.0": {
							"vector": [0, 0, 0]
						},
						"0.2083": {
							"vector": [-8.59331, -5.41905, -9.46244]
						},
						"0.375": {
							"vector": [-4.62169, -2.10634, 1.99931]
						},
						"0.5": {
							"vector": [0, 0, 0]
						}
					},
					"position": {
						"0.0": {
							"vector": [0, 0, 0]
						},
						"0.125": {
							"vector": [-0.33, 2.51, -3.31]
						},
						"0.25": {
							"vector": [-0.18, 1, -1.79]
						},
						"0.2917": {
							"vector": [-0.13, 0.975, -1.29]
						},
						"0.4167": {
							"vector": [0, 0, 0]
						}
					}
				},
				"leftarm": {
					"rotation": {
						"0.0": {
							"vector": [0, 0, 0]
						},
						"0.1667": {
							"vector": [0.00782, 1.99515, 0.25527]
						},
						"0.3333": {
							"vector": [4.76484, -2.7478, 3.71471]
						},
						"0.4583": {
							"vector": [0, 0, 0]
						}
					},
					"position": {
						"0.0": {
							"vector": [0, 0, 0]
						},
						"0.125": {
							"vector": [4.37276, 7.83874, 2.94249]
						},
						"0.25": {
							"vector": [5.47582, 7.72617, 1.24309]
						},
						"0.3333": {
							"vector": [4.07686, 9.59701, 0.32975]
						},
						"0.5": {
							"vector": [0, 0, 0]
						}
					}
				}
			},
			"sound_effects": {
				"0.1667": {
					"effect": "eea_stechkin_switch"
				}
			}
		}
	},
	"geckolib_format_version": 2
}