{
	"format_version": "1.8.0",
	"animations": {
		"animation.model.reload": {
			"loop": true,
			"animation_length": 3.5,
			"blend_weight": 1,
			"bones": {
				"main": {
					"rotation": {
						"0.0": {
							"vector": [0, 0, 0]
						},
						"0.1667": {
							"vector": [3.29697, -1.55027, 14.9215]
						},
						"0.8": {
							"vector": [-50.04733, -13.05851, -10.75147]
						},
						"0.9667": {
							"vector": [-48.11551, -21.18425, -17.95547]
						},
						"1.2": {
							"vector": [-48.21189, -20.41047, -16.46068]
						},
						"1.2667": {
							"vector": [-52.62333, -20.0421, -15.99863]
						},
						"1.5": {
							"vector": [-51.29063, -18.86605, -21.0931]
						},
						"1.6": {
							"vector": [-48.80548, -20.92965, -20.01715]
						},
						"1.7": {
							"vector": [-49.90321, -22.49965, -19.19856]
						},
						"1.8": {
							"vector": [-50.13159, -24.03793, -18.59644]
						},
						"1.9333": {
							"vector": [-49.52263, -23.44343, -20.10241]
						},
						"2.0333": {
							"vector": [-48.41961, -26.28377, -22.7881]
						},
						"2.2": {
							"vector": [-50.52324, -24.21293, -20.78732]
						},
						"2.5": {
							"vector": [-54.5831, -23.81613, -20.8763]
						},
						"2.5667": {
							"vector": [-58.45199, -22.73848, -18.73136]
						},
						"2.6333": {
							"vector": [-52.32089, -21.66083, -16.58643]
						},
						"2.8333": {
							"vector": [-24.09321, -11.92714, -12.39904]
						},
						"2.9667": {
							"vector": [7.35472, -5.83506, 7.42233]
						},
						"3.1": {
							"vector": [3.66518, -4.22196, 19.47402]
						},
						"3.3": {
							"vector": [0, 0, -5]
						},
						"3.5": {
							"vector": [0, 0, 0]
						}
					},
					"position": {
						"0.0": {
							"vector": [0, 0, 0]
						},
						"0.3333": {
							"vector": [0, -2.56, 0.4]
						},
						"0.6": {
							"vector": [0, 3.23, 0.84]
						},
						"1.0": {
							"vector": [0, -3.78, 2]
						},
						"1.1333": {
							"vector": [0.1, -5.3, 2]
						},
						"1.2": {
							"vector": [0.05, -5.35, 3.1]
						},
						"1.6667": {
							"vector": [0, -5.405, 2]
						},
						"1.8667": {
							"vector": [0, -5.35, 1.69]
						},
						"2.1": {
							"vector": [0, -4.89, 1.34]
						},
						"2.3667": {
							"vector": [0, -4.85, 1.03]
						},
						"2.5333": {
							"vector": [0, -3.65, 0.59]
						},
						"2.6": {
							"vector": [0, -5.17, 0.41]
						},
						"2.7": {
							"vector": [0, -4.34, 0.15]
						},
						"3.0333": {
							"vector": [0, -4.16, 0]
						},
						"3.2": {
							"vector": [0, 1, 0]
						},
						"3.4": {
							"vector": [0, 0, 0]
						}
					}
				},
				"leftarm": {
					"rotation": {
						"0.0": {
							"vector": [0, 0, 0]
						},
						"0.1667": {
							"vector": [0, 2.5, 0]
						},
						"0.7333": {
							"vector": [0, 2.5, 0]
						},
						"1.0": {
							"vector": [4.49082, 0.62801, -3.4401]
						},
						"1.1": {
							"vector": [4.49082, 0.62801, -3.4401]
						},
						"1.1667": {
							"vector": [4.49082, 0.62801, -3.4401]
						},
						"1.3": {
							"vector": [-9.08663, 1.40304, -2.17812]
						},
						"2.0667": {
							"vector": [-7.5, 2.5, 0]
						},
						"2.2333": {
							"vector": [-5.97145, 10.37705, 10.77142]
						},
						"2.4333": {
							"vector": [-5.97145, 10.37705, 10.77142]
						},
						"2.6333": {
							"vector": [5, 0, 0]
						},
						"3.0667": {
							"vector": [-4.44, 0, 0]
						},
						"3.2667": {
							"vector": [0, 0, 0]
						}
					},
					"position": {
						"0.0": {
							"vector": [0, 0, 0]
						},
						"0.2": {
							"vector": [0, 0.8, 6.8]
						},
						"0.5": {
							"vector": [0, 2, 12]
						},
						"0.6667": {
							"vector": [1, -2, 4]
						},
						"0.8667": {
							"vector": [-2.35, -5.4, 9.75]
						},
						"1.0667": {
							"vector": [-0.68, -3.87, 8.405]
						},
						"1.1333": {
							"vector": [-1.015, -4.955, 8.02]
						},
						"1.3": {
							"vector": [1.55, -5.425, 7.975]
						},
						"1.3333": {
							"vector": [4.74, -12.84, 18.76]
						},
						"1.3667": {
							"vector": [3.93, -14.66, 26.55]
						},
						"1.4667": {
							"vector": [2.5, -15.6, 42.9]
						},
						"1.9667": {
							"vector": [2.5, -15.6, 42.9]
						},
						"2.1333": {
							"vector": [1.5, -14.22, 8.34]
						},
						"2.2667": {
							"vector": [-0.14, -9.28, 0.125]
						},
						"2.4": {
							"vector": [-1.5, -7.3, 0.6]
						},
						"2.4667": {
							"vector": [-1.9, -5.5, 0.55]
						},
						"2.5333": {
							"vector": [-3, -4.7, 7.3]
						},
						"2.7667": {
							"vector": [-2.08, -3.46, 8.44]
						},
						"2.9667": {
							"vector": [-0.64, -5.06, -6.4]
						},
						"3.2": {
							"vector": [0, 0, 0]
						}
					}
				},
				"magazine": {
					"rotation": {
						"1.0667": {
							"vector": [0, 0, 0]
						},
						"1.2": {
							"vector": [0, 0, 0]
						},
						"1.2667": {
							"vector": [-11.48649, -4.45196, -12.09894]
						},
						"1.3": {
							"vector": [-21.42193, -6.96711, -18.9343]
						},
						"1.3333": {
							"vector": [-11.4159, -8.85962, -24.07749]
						},
						"1.3667": {
							"vector": [-30.3762, -7.71632, -12.90231]
						},
						"2.1667": {
							"vector": [-31.72322, 9.38832, -5.7582]
						},
						"2.3333": {
							"vector": [-31.66729, 1.61377, -3.59004]
						},
						"2.4667": {
							"vector": [-31.67, 1.61, -3.59]
						},
						"2.5333": {
							"vector": [0, 0, 0]
						}
					},
					"position": {
						"1.0667": {
							"vector": [0, 0, 0]
						},
						"1.2": {
							"vector": [0, 0, 0]
						},
						"1.2667": {
							"vector": [0, -1.9, 0]
						},
						"1.3": {
							"vector": [0.45, -3.56, 0.2]
						},
						"1.3333": {
							"vector": [6.99, -8.72, 10.29]
						},
						"1.3667": {
							"vector": [6.07, -11.49, 18.37]
						},
						"1.4667": {
							"vector": [3.47, -11.79, 34.77]
						},
						"1.9667": {
							"vector": [2, -13.1, 35]
						},
						"2.0": {
							"vector": [3.2, -12.2, 28]
						},
						"2.0333": {
							"vector": [3.3, -10.9, 21.7]
						},
						"2.0667": {
							"vector": [3.3, -10.9, 16.1]
						},
						"2.1": {
							"vector": [3.3, -10.9, 11.6]
						},
						"2.1333": {
							"vector": [2.6, -10.9, 4.5]
						},
						"2.1667": {
							"vector": [2.3, -9.8, 3]
						},
						"2.2": {
							"vector": [2.2, -8.5, 0.7]
						},
						"2.2333": {
							"vector": [1.8, -7.4, -1.8]
						},
						"2.2667": {
							"vector": [0.7, -5.6, -4.2]
						},
						"2.3": {
							"vector": [0.8, -4.5, -3.6]
						},
						"2.3333": {
							"vector": [0.725, -3.6, -3.1]
						},
						"2.3667": {
							"vector": [0.43, -3.275, -3.1]
						},
						"2.4": {
							"vector": [0.63, -2.7, -3.1]
						},
						"2.4333": {
							"vector": [0.63, -1.9, -3.1]
						},
						"2.4667": {
							"vector": [0.63, -1.75, -3.1]
						},
						"2.5333": {
							"vector": [0, 0, 0]
						}
					}
				},
				"_camera_": {
					"rotation": {
						"0.0": {
							"vector": [0, 0, 0]
						},
						"0.2": {
							"vector": [2, 0, 0]
						},
						"0.6": {
							"vector": [0, 0, 0]
						},
						"1.0333": {
							"vector": [2, 0, 0]
						},
						"1.2667": {
							"vector": [-0.49996, 0.00654, 0.69997]
						},
						"1.3667": {
							"vector": [2, 0, -0.5]
						},
						"1.4667": {
							"vector": [1.09999, -0.0048, -0.30005]
						},
						"1.8": {
							"vector": [2, 0, -0.8]
						},
						"2.3667": {
							"vector": [-5, 1, 0.2]
						},
						"2.5667": {
							"vector": [1.49994, 0.01309, 0.50017]
						},
						"2.6667": {
							"vector": [2, 0.00545, 1]
						},
						"2.7667": {
							"vector": [0.49989, -0.01091, 2.03333]
						},
						"3.0333": {
							"vector": [0, 0, 0]
						}
					},
					"position": {
						"vector": [0, 0, 0]
					}
				}
			},
			"sound_effects": {
				"0.4": {
					"effect": "eea_svd_lift"
				},
				"0.9": {
					"effect": "eea_svd_magout"
				},
				"2.4667": {
					"effect": "eea_svd_magin"
				},
				"2.7667": {
					"effect": "inspect_down"
				}
			}
		},
		"animation.model.reloadempty": {
			"loop": true,
			"animation_length": 4.1667,
			"blend_weight": 1,
			"bones": {
				"main": {
					"rotation": {
						"0.0": {
							"vector": [0, 0, 0]
						},
						"0.1667": {
							"vector": [3.29697, -1.55027, 14.9215]
						},
						"0.8": {
							"vector": [-50.04733, -13.05851, -10.75147]
						},
						"0.9667": {
							"vector": [-48.11551, -21.18425, -17.95547]
						},
						"1.2": {
							"vector": [-48.21189, -20.41047, -16.46068]
						},
						"1.2667": {
							"vector": [-52.62333, -20.0421, -15.99863]
						},
						"1.5": {
							"vector": [-51.29063, -18.86605, -21.0931]
						},
						"1.6": {
							"vector": [-48.80548, -20.92965, -20.01715]
						},
						"1.7": {
							"vector": [-49.90321, -22.49965, -19.19856]
						},
						"1.8": {
							"vector": [-50.13159, -24.03793, -18.59644]
						},
						"1.9333": {
							"vector": [-49.52263, -23.44343, -20.10241]
						},
						"2.0333": {
							"vector": [-48.41961, -26.28377, -22.7881]
						},
						"2.2": {
							"vector": [-50.52324, -24.21293, -20.78732]
						},
						"2.5": {
							"vector": [-54.5831, -23.81613, -20.8763]
						},
						"2.5667": {
							"vector": [-58.45199, -22.73848, -18.73136]
						},
						"2.6333": {
							"vector": [-52.32089, -21.66083, -16.58643]
						},
						"2.7667": {
							"vector": [-45.59101, -9.80587, -7.01494]
						},
						"2.9333": {
							"vector": [-49.86032, 5.34436, 7.32071]
						},
						"3.0333": {
							"vector": [-49.18537, 5.31335, 10.67777]
						},
						"3.1333": {
							"vector": [-47.69816, 10.91277, 18.91865]
						},
						"3.2667": {
							"vector": [-47.80201, 17.02319, 17.70242]
						},
						"3.4333": {
							"vector": [-31.12693, 4.11414, 13.77639]
						},
						"3.6333": {
							"vector": [4.91803, -7.99517, 27.45377]
						},
						"3.7667": {
							"vector": [3.66518, -4.22196, 19.47402]
						},
						"3.9667": {
							"vector": [0, 0, -5]
						},
						"4.1667": {
							"vector": [0, 0, 0]
						}
					},
					"position": {
						"0.0": {
							"vector": [0, 0, 0]
						},
						"0.3333": {
							"vector": [0, -2.56, 0.4]
						},
						"0.6": {
							"vector": [0, 3.23, 0.84]
						},
						"1.0": {
							"vector": [0, -3.78, 2]
						},
						"1.1333": {
							"vector": [0.1, -5.3, 2]
						},
						"1.2": {
							"vector": [0.05, -5.35, 3.1]
						},
						"1.6667": {
							"vector": [0, -5.405, 2]
						},
						"1.8667": {
							"vector": [0, -5.35, 1.69]
						},
						"2.1": {
							"vector": [0, -4.89, 1.34]
						},
						"2.3667": {
							"vector": [0, -4.85, 1.03]
						},
						"2.5333": {
							"vector": [0, -3.65, 0.59]
						},
						"2.6": {
							"vector": [0, -5.17, 0.41]
						},
						"2.7": {
							"vector": [0, -4.34, 0.15]
						},
						"2.8667": {
							"vector": [-0.04, -4.61, 0.29]
						},
						"3.0333": {
							"vector": [-0.08, -3.215, 0.43]
						},
						"3.2": {
							"vector": [-0.11, -5.86, 0.51]
						},
						"3.3": {
							"vector": [0.03, -4.76, 0.38]
						},
						"3.5333": {
							"vector": [0.01, -4.78, 0.12]
						},
						"3.7": {
							"vector": [0, -4.16, 0]
						},
						"3.8667": {
							"vector": [0, 1, 0]
						},
						"4.0667": {
							"vector": [0, 0, 0]
						}
					}
				},
				"leftarm": {
					"rotation": {
						"0.0": {
							"vector": [0, 0, 0]
						},
						"0.1667": {
							"vector": [0, 2.5, 0]
						},
						"0.7333": {
							"vector": [0, 2.5, 0]
						},
						"1.0": {
							"vector": [4.49082, 0.62801, -3.4401]
						},
						"1.1": {
							"vector": [4.49082, 0.62801, -3.4401]
						},
						"1.1667": {
							"vector": [4.49082, 0.62801, -3.4401]
						},
						"1.3": {
							"vector": [-9.08663, 1.40304, -2.17812]
						},
						"2.0667": {
							"vector": [-7.5, 2.5, 0]
						},
						"2.2333": {
							"vector": [-5.97145, 10.37705, 10.77142]
						},
						"2.4333": {
							"vector": [-5.97145, 10.37705, 10.77142]
						},
						"2.6333": {
							"vector": [5, 0, 0]
						},
						"3.0667": {
							"vector": [-4.44, 0, 0]
						},
						"3.2667": {
							"vector": [0, 0, 0]
						}
					},
					"position": {
						"0.0": {
							"vector": [0, 0, 0]
						},
						"0.2": {
							"vector": [0, 0.8, 6.8]
						},
						"0.5": {
							"vector": [0, 2, 12]
						},
						"0.6667": {
							"vector": [1, -2, 4]
						},
						"0.8667": {
							"vector": [-2.35, -5.4, 9.75]
						},
						"1.0667": {
							"vector": [-0.68, -3.87, 8.405]
						},
						"1.1333": {
							"vector": [-1.015, -4.155, 8.02]
						},
						"1.3": {
							"vector": [1.55, -5.025, 7.975]
						},
						"1.3667": {
							"vector": [4.74, -12.84, 18.76]
						},
						"1.4333": {
							"vector": [3.93, -14.66, 26.55]
						},
						"1.5667": {
							"vector": [2.5, -15.6, 42.9]
						},
						"1.9667": {
							"vector": [2.5, -15.6, 42.9]
						},
						"2.1333": {
							"vector": [1.5, -14.22, 8.34]
						},
						"2.2667": {
							"vector": [-0.14, -9.28, 0.125]
						},
						"2.4": {
							"vector": [-1.5, -7.3, 0.6]
						},
						"2.4667": {
							"vector": [-1.9, -5.5, 0.55]
						},
						"2.5333": {
							"vector": [-3, -4.7, 7.3]
						},
						"2.7667": {
							"vector": [-2.08, -3.46, 8.44]
						},
						"2.9667": {
							"vector": [-0.64, -5.06, -6.4]
						},
						"3.2": {
							"vector": [0, 0, 0]
						}
					}
				},
				"magazine": {
					"rotation": {
						"1.0667": {
							"vector": [0, 0, 0]
						},
						"1.2667": {
							"vector": [0, 0, 0]
						},
						"1.3333": {
							"vector": [-11.4159, -8.85962, -24.07749]
						},
						"1.4333": {
							"vector": [-30.3762, -7.71632, -12.90231]
						},
						"2.1667": {
							"vector": [-31.72322, 9.38832, -5.7582]
						},
						"2.3333": {
							"vector": [-31.66729, 1.61377, -3.59004]
						},
						"2.4667": {
							"vector": [-31.67, 1.61, -3.59]
						},
						"2.5333": {
							"vector": [0, 0, 0]
						}
					},
					"position": {
						"1.0667": {
							"vector": [0, 0, 0]
						},
						"1.2": {
							"vector": [0, 0, 0]
						},
						"1.2667": {
							"vector": [0, 0, 0]
						},
						"1.3": {
							"vector": [0.45, -1.26, -0.6]
						},
						"1.3667": {
							"vector": [7.99, -9.72, 12.29]
						},
						"1.4333": {
							"vector": [6.07, -11.49, 18.37]
						},
						"1.5667": {
							"vector": [3.47, -11.79, 34.77]
						},
						"1.9667": {
							"vector": [2, -13.1, 35]
						},
						"2.0": {
							"vector": [3.2, -12.2, 28]
						},
						"2.0333": {
							"vector": [3.3, -10.9, 21.7]
						},
						"2.0667": {
							"vector": [3.3, -10.9, 16.1]
						},
						"2.1": {
							"vector": [3.3, -10.9, 11.6]
						},
						"2.1333": {
							"vector": [2.6, -10.9, 4.5]
						},
						"2.1667": {
							"vector": [2.3, -9.8, 3]
						},
						"2.2": {
							"vector": [2.2, -8.5, 0.7]
						},
						"2.2333": {
							"vector": [1.8, -7.4, -1.8]
						},
						"2.2667": {
							"vector": [0.7, -5.6, -4.2]
						},
						"2.3": {
							"vector": [0.8, -4.5, -3.6]
						},
						"2.3333": {
							"vector": [0.725, -3.6, -3.1]
						},
						"2.3667": {
							"vector": [0.43, -3.275, -3.1]
						},
						"2.4": {
							"vector": [0.63, -2.7, -3.1]
						},
						"2.4333": {
							"vector": [0.63, -1.9, -3.1]
						},
						"2.4667": {
							"vector": [0.63, -1.75, -3.1]
						},
						"2.5333": {
							"vector": [0, 0, 0]
						}
					}
				},
				"action": {
					"position": {
						"0.0": {
							"vector": [0, 0, 13]
						},
						"3.1667": {
							"vector": [0, 0, 13]
						},
						"3.2": {
							"vector": [0, 0, 0]
						}
					}
				},
				"rightarm": {
					"rotation": {
						"2.6": {
							"vector": [0, 0, 0]
						},
						"2.8": {
							"vector": [2.17719, 10.27264, 10.81966]
						},
						"3.4": {
							"vector": [0, 0, 0]
						}
					},
					"position": {
						"2.6": {
							"vector": [0, 0, 0]
						},
						"2.8": {
							"vector": [-5.6, 5.2, -9.7]
						},
						"2.9333": {
							"vector": [-5.4, 7.39, -11.3]
						},
						"3.0333": {
							"vector": [-4.7, 6.9, -12.3]
						},
						"3.1333": {
							"vector": [-4.92, 5.96, -11.49]
						},
						"3.2667": {
							"vector": [0, 0, 0]
						}
					}
				},
				"_camera_": {
					"rotation": {
						"0.0": {
							"vector": [0, 0, 0]
						},
						"0.2": {
							"vector": [2, 0, 0]
						},
						"0.6": {
							"vector": [0, 0, 0]
						},
						"1.0333": {
							"vector": [2, 0, 0]
						},
						"1.2667": {
							"vector": [-0.49996, 0.00654, 0.69997]
						},
						"1.3667": {
							"vector": [2, 0, -0.5]
						},
						"1.4667": {
							"vector": [1.09999, -0.0048, -0.30005]
						},
						"1.9333": {
							"vector": [2, 0, -0.8]
						},
						"2.4667": {
							"vector": [-2, 1, 0.2]
						},
						"2.5667": {
							"vector": [1.49994, 0.01309, 0.50017]
						},
						"2.6667": {
							"vector": [1.24999, 0.00545, 0.58339]
						},
						"2.7667": {
							"vector": [0.49989, -0.01091, 2.03333]
						},
						"2.8667": {
							"vector": [0, 0, 0]
						},
						"3.1667": {
							"vector": [0, 0, 4]
						},
						"3.2333": {
							"vector": [0, 0, -2]
						},
						"3.2667": {
							"vector": [0, 0, -1]
						},
						"3.3333": {
							"vector": [1.5, 0, 1]
						},
						"3.4": {
							"vector": [1.24989, 0.01636, 0.08351]
						},
						"3.4667": {
							"vector": [0.5, 0.00218, 0.53339]
						},
						"3.5333": {
							"vector": [0, 0, 0]
						}
					},
					"position": {
						"vector": [0, 0, 0]
					}
				}
			},
			"sound_effects": {
				"0.4": {
					"effect": "eea_svd_lift"
				},
				"0.9": {
					"effect": "eea_svd_magout"
				},
				"2.4667": {
					"effect": "eea_svd_magin"
				},
				"2.8": {
					"effect": "inspect_foley"
				},
				"3.0333": {
					"effect": "eea_svd_lift"
				},
				"3.0667": {
					"effect": "eea_svd_action"
				},
				"3.3333": {
					"effect": "inspect_down"
				}
			}
		},
		"animation.model.draw": {
			"loop": true,
			"animation_length": 0.95,
			"bones": {
				"main": {
					"rotation": {
						"0.0": {
							"vector": [-34.35502, -38.86642, 77.4482]
						},
						"0.2": {
							"vector": [-41.69934, -14.47237, 70.94248]
						},
						"0.5": {
							"vector": [2.04831, -1.43364, 24.72437]
						},
						"0.7": {
							"vector": [0, 0, -5]
						},
						"0.95": {
							"vector": [0, 0, 0]
						}
					},
					"position": {
						"0.0": {
							"vector": [0, -22, 0]
						},
						"0.15": {
							"vector": [0, -21.91, 0]
						},
						"0.3": {
							"vector": [0, -4.425, 0]
						},
						"0.45": {
							"vector": [0, 2, 0]
						},
						"0.6": {
							"vector": [0, -2, 0]
						},
						"0.8": {
							"vector": [0, 0, 0]
						}
					}
				},
				"_camera_": {
					"rotation": {
						"0.0": {
							"vector": [0, 0, 0]
						},
						"0.25": {
							"vector": [1, 0, 0]
						},
						"0.4": {
							"vector": [-2, 0, 1]
						},
						"0.6": {
							"vector": [1, 0, -2]
						},
						"0.85": {
							"vector": [0, 0, 0]
						}
					}
				}
			},
			"sound_effects": {
				"0.15": {
					"effect": "inspect_up"
				}
			}
		},
		"animation.model.inspect": {
			"loop": true,
			"animation_length": 4.85,
			"bones": {
				"main": {
					"rotation": {
						"0.0": {
							"vector": [0, 0, 0]
						},
						"0.1": {
							"vector": [-1.88401, -6.22659, 0.64789]
						},
						"0.2333": {
							"vector": [-13.44437, -23.70896, -0.08968]
						},
						"0.4167": {
							"vector": [-16.06515, -27.977, 9.91464]
						},
						"0.7333": {
							"vector": [-6.793, -31.27923, -8.70844]
						},
						"0.9167": {
							"vector": [-8.88047, -30.80178, -4.66142]
						},
						"1.1167": {
							"vector": [-10.48213, -30.33919, -1.51287]
						},
						"1.6667": {
							"vector": [-8.87584, -30.2934, -1.22817]
						},
						"2.0833": {
							"vector": [12.35829, -29.34924, -43.80061]
						},
						"2.3833": {
							"vector": [9.74344, -29.93289, -36.63143]
						},
						"2.5667": {
							"vector": [-12.95347, -30.2927, -1.22854]
						},
						"2.8": {
							"vector": [-33.73449, -4.09587, 59.31416]
						},
						"2.9833": {
							"vector": [-32.31629, 4.43976, 71.80426]
						},
						"3.2167": {
							"vector": [-32.5511, 1.62266, 67.36743]
						},
						"3.4167": {
							"vector": [-31.01483, 4.84043, 72.44036]
						},
						"3.6": {
							"vector": [-30.43812, 7.90818, 77.62954]
						},
						"3.85": {
							"vector": [-30.21639, 8.79187, 79.15623]
						},
						"4.05": {
							"vector": [-30.40793, 8.03477, 77.84722]
						},
						"4.25": {
							"vector": [-32.14842, 5.63992, 73.71487]
						},
						"4.4333": {
							"vector": [-14.11721, -7.21197, -0.49095]
						},
						"4.5833": {
							"vector": [-2.74833, -0.09594, -6.7477]
						},
						"4.75": {
							"vector": [0, 0, 0]
						}
					},
					"position": {
						"0.0": {
							"vector": [0, 0, 0]
						},
						"0.1667": {
							"vector": [-0.15, 1.725, 0]
						},
						"0.3333": {
							"vector": [-0.7, -4.86, 0]
						},
						"0.6667": {
							"vector": [-0.68, -1.255, 0]
						},
						"0.8333": {
							"vector": [-0.68, -1.45, 0]
						},
						"1.0": {
							"vector": [-0.68, -1.32, 0]
						},
						"1.2667": {
							"vector": [-0.58, -1.32, 0]
						},
						"1.4833": {
							"vector": [-0.58, -1.22, 0]
						},
						"1.75": {
							"vector": [-0.805, -1.32, 0]
						},
						"1.9667": {
							"vector": [-0.8, -1.22, 0.5]
						},
						"2.2167": {
							"vector": [-0.87, -1.545, 0.33]
						},
						"2.3333": {
							"vector": [-0.9, -1.47, 0.7]
						},
						"2.4833": {
							"vector": [-0.9, 1.03, 0.25]
						},
						"2.65": {
							"vector": [-0.9, -3.02, 0.25]
						},
						"2.8833": {
							"vector": [-0.9, -3.22, 0.25]
						},
						"3.1167": {
							"vector": [-0.9, -3.02, 0.25]
						},
						"3.3667": {
							"vector": [-0.9, -3.22, 0.25]
						},
						"3.7333": {
							"vector": [-0.9, -4.07, 0.25]
						},
						"3.9333": {
							"vector": [-1.125, -4.07, 0.25]
						},
						"4.1333": {
							"vector": [-1.12, -3.545, 0.25]
						},
						"4.3333": {
							"vector": [-0.76, -3.87, -4.905]
						},
						"4.5": {
							"vector": [0, 1.245, -6.45]
						},
						"4.6833": {
							"vector": [0, 0, 0]
						}
					}
				},
				"leftarm": {
					"rotation": {
						"3.5333": {
							"vector": [0, 0, 0]
						},
						"3.8": {
							"vector": [0, 0, 0]
						},
						"4.75": {
							"vector": [0, 0, 0]
						}
					},
					"position": {
						"0.0": {
							"vector": [0, 0, 0]
						},
						"0.2333": {
							"vector": [-3, -5.98, 7]
						},
						"2.35": {
							"vector": [-3, -5.98, 7]
						},
						"2.5": {
							"vector": [0, 0, 0]
						},
						"3.4167": {
							"vector": [0, 0, 0]
						},
						"3.65": {
							"vector": [0, 0, 0]
						},
						"4.75": {
							"vector": [0, 0, 0]
						}
					}
				},
				"_camera_": {
					"rotation": {
						"0.0": {
							"vector": [0, 0, 0]
						},
						"0.2": {
							"vector": [-1, 0, 0]
						},
						"0.3833": {
							"vector": [4, 0, -2]
						},
						"0.4833": {
							"vector": [3.8, 0, 1]
						},
						"2.3667": {
							"vector": [10, 10, 0]
						},
						"2.7167": {
							"vector": [3.5, 1, 1]
						},
						"2.9333": {
							"vector": [3.5, 1, -1]
						},
						"3.15": {
							"vector": [3.5, 1, 0]
						},
						"4.1167": {
							"vector": [3.5, 0, 0]
						},
						"4.45": {
							"vector": [-1, 0, 2]
						},
						"4.5833": {
							"vector": [0, 0, 0]
						}
					}
				}
			},
			"sound_effects": {
				"0.0": {
					"effect": "inspect_up"
				},
				"1.7667": {
					"effect": "inspect_foley"
				},
				"2.3": {
					"effect": "inspect_turn"
				},
				"4.45": {
					"effect": "inspect_down"
				}
			}
		},
		"animation.model.fire": {
			"animation_length": 0.5,
			"bones": {
				"main": {
					"rotation": {
						"0.0": {
							"vector": [0, 0, 0]
						},
						"0.0667": {
							"vector": [-1.74962, 0.04362, 0.99905]
						},
						"0.1": {
							"vector": [-2.08048, 0.10901, 2.83122]
						},
						"0.1667": {
							"vector": [-1.24981, 0.0218, -0.30079]
						},
						"0.2333": {
							"vector": [-0.41647, 0.01272, 0.64972]
						},
						"0.3333": {
							"vector": [0, 0, -0.5]
						},
						"0.4": {
							"vector": [0, 0, 0]
						}
					},
					"position": {
						"0.0": {
							"vector": [0, 0, 0]
						},
						"0.0667": {
							"vector": [0, 0, 3.25]
						},
						"0.1333": {
							"vector": [0, 0, 2]
						},
						"0.3": {
							"vector": [0, 0, 1.39]
						},
						"0.4333": {
							"vector": [0, 0, 0]
						}
					}
				},
				"_camera_": {
					"rotation": {
						"0.0": {
							"vector": [0, 0, 0]
						},
						"0.0667": {
							"vector": [2, 0, 2]
						},
						"0.1333": {
							"vector": [-0.5, 0, -1]
						},
						"0.2333": {
							"vector": [0.7, 0, 0.5]
						},
						"0.3333": {
							"vector": [0, 0, 0]
						}
					},
					"position": {
						"vector": [0, 0, 0]
					}
				}
			}
		}
	},
	"geckolib_format_version": 2
}