{
	"format_version": "1.8.0",
	"animations": {
		"animation.model.reload": {
			"loop": true,
			"animation_length": 3.1667,
			"blend_weight": 1,
			"bones": {
				"main": {
					"rotation": {
						"0.0": {
							"vector": [0, 0, 0]
						},
						"0.1667": {
							"vector": [0, 0, -6]
						},
						"0.3": {
							"vector": [-25.53051, -11.31255, -0.64746]
						},
						"0.5": {
							"vector": [-51.22881, -11.31255, -0.64746]
						},
						"0.6": {
							"vector": [-58.48501, -15.19147, -3.8895]
						},
						"0.7333": {
							"vector": [-63.84407, -18.59017, -6.09425]
						},
						"0.8667": {
							"vector": [-68.33859, -16.04331, -4.43339]
						},
						"0.9667": {
							"vector": [-57.51585, -20.06909, -7.08575]
						},
						"1.0667": {
							"vector": [-63.26585, -20.06909, -7.08575]
						},
						"1.2": {
							"vector": [-65.51585, -20.06909, -7.08575]
						},
						"1.3333": {
							"vector": [-62.01585, -20.06909, -7.08575]
						},
						"1.5": {
							"vector": [-57.01585, -20.06909, -7.08575]
						},
						"1.6": {
							"vector": [-57.39373, -18.38781, -5.93851]
						},
						"1.8667": {
							"vector": [-59.19162, -28.82105, -13.40137]
						},
						"2.0667": {
							"vector": [-64.17628, -20.06909, -7.08575]
						},
						"2.2333": {
							"vector": [-71.17628, -20.06909, -7.08575]
						},
						"2.2667": {
							"vector": [-65.76962, -27.40652, -10.57205]
						},
						"2.3667": {
							"vector": [-71.17628, -20.06909, -7.08575]
						},
						"2.5333": {
							"vector": [-50.92628, -20.06909, -7.08575]
						},
						"2.6333": {
							"vector": [-26.40042, -6.63475, 5.44498]
						},
						"2.7333": {
							"vector": [-1.02306, 0.50958, 15.44947]
						},
						"2.9333": {
							"vector": [7.5, 0, 2.5]
						},
						"3.1": {
							"vector": [0, 0, 0]
						}
					},
					"position": {
						"0.0": {
							"vector": [0, 0, 0]
						},
						"0.1": {
							"vector": [0, -3.4, 0]
						},
						"0.2": {
							"vector": [0, -4.2, 0]
						},
						"0.4333": {
							"vector": [-3.2, 7.8, 0]
						},
						"0.5333": {
							"vector": [-5, 8.3, 0]
						},
						"0.6667": {
							"vector": [-5, 5.4, 0]
						},
						"0.8": {
							"vector": [-5, 3.96, 0]
						},
						"0.9": {
							"vector": [-5, -0.475, 0]
						},
						"1.2667": {
							"vector": [-5.87, -0.99, -1.3],
							"easing": "easeInOutSine"
						},
						"1.4333": {
							"vector": [-5.47, -0.42, -1.23]
						},
						"1.7333": {
							"vector": [-3.92, -0.37, -0.96]
						},
						"1.9667": {
							"vector": [-2.87, 0.66, -0.77],
							"easing": "easeInOutSine"
						},
						"2.1333": {
							"vector": [-5.87, 2.01, 0.3]
						},
						"2.2333": {
							"vector": [-4.37, 2.01, 1.5]
						},
						"2.2667": {
							"vector": [-4.67, 1.01, 2.5]
						},
						"2.4": {
							"vector": [-3.29, -2.15, 2.58]
						},
						"2.8333": {
							"vector": [-0.67, -7.39, 1.5]
						},
						"2.9333": {
							"vector": [-0.38, -3.22, 0.86]
						},
						"3.1667": {
							"vector": [0, 0, 0]
						}
					}
				},
				"leftarm": {
					"rotation": {
						"0.0": {
							"vector": [0, 0, 0]
						},
						"0.1667": {
							"vector": [0, 6, 0]
						},
						"0.3667": {
							"vector": [0, 47, 0]
						},
						"0.7667": {
							"vector": [0.57598, 40.59733, 5.49501]
						},
						"2.0": {
							"vector": [-17.29993, 17.05107, -28.25541]
						},
						"2.3667": {
							"vector": [-17.29993, 17.05107, -28.25541]
						},
						"2.9": {
							"vector": [0, 0, 0]
						}
					},
					"position": {
						"0.0": {
							"vector": [0, 0, 0]
						},
						"0.2667": {
							"vector": [13.8, 0, 5]
						},
						"0.3667": {
							"vector": [14.13, -2.67, 15]
						},
						"0.5667": {
							"vector": [3, -8, 35]
						},
						"0.7667": {
							"vector": [3, -8, 35]
						},
						"0.9333": {
							"vector": [3, -8, 35]
						},
						"0.9667": {
							"vector": [9.7, -8, 31.8]
						},
						"1.0667": {
							"vector": [9.7, -28, 36.9]
						},
						"1.2": {
							"vector": [9.7, -8, 52.4]
						},
						"1.6667": {
							"vector": [9.7, -8, 62.4]
						},
						"1.9333": {
							"vector": [7.41, -5.29, 33.23]
						},
						"2.0": {
							"vector": [6.5, -6.18, 24.49]
						},
						"2.0667": {
							"vector": [6.5, -6.4, 23.08]
						},
						"2.2333": {
							"vector": [6.5, -6.4, 23.08]
						},
						"2.3667": {
							"vector": [6.5, -4.25, 28.53]
						},
						"2.9": {
							"vector": [0, 0, 0]
						}
					}
				},
				"_camera_": {
					"rotation": {
						"0.0": {
							"vector": [0, 0, 0]
						},
						"0.2": {
							"vector": [2, 0, 0]
						},
						"0.5": {
							"vector": [0, 0, 0]
						},
						"0.8": {
							"vector": [2, 0, 0]
						},
						"0.9333": {
							"vector": [-0.49996, 0.00654, 0.69997]
						},
						"1.0333": {
							"vector": [2, 0, -0.5]
						},
						"1.2667": {
							"vector": [1.09999, -0.0048, -0.30005]
						},
						"1.4667": {
							"vector": [2, 0, -0.8]
						},
						"2.1667": {
							"vector": [-2, 1, 0.2]
						},
						"2.3667": {
							"vector": [1.49994, 0.01309, 0.50017]
						},
						"2.4667": {
							"vector": [2, 0.00545, 1]
						},
						"2.5667": {
							"vector": [0.49989, -0.01091, 2.03333]
						},
						"2.8333": {
							"vector": [0, 0, 0]
						}
					},
					"position": {
						"vector": [0, 0, 0]
					}
				}
			},
			"sound_effects": {
				"0.0": {
					"effect": "foley_start"
				},
				"0.7": {
					"effect": "eea_vssk_magout"
				},
				"2.1667": {
					"effect": "eea_vssk_magin"
				},
				"2.6667": {
					"effect": "inspect_down"
				}
			}
		},
		"animation.model.draw": {
			"loop": true,
			"animation_length": 0.95,
			"bones": {
				"main": {
					"rotation": {
						"0.0": {
							"vector": [-3.74153, -51.999, 42.25227],
							"easing": "easeOutSine"
						},
						"0.2": {
							"vector": [0, -15, 13.25]
						},
						"0.45": {
							"vector": [0, -5, 7.485]
						},
						"0.7": {
							"vector": [0, 0, 1.72]
						},
						"0.9": {
							"vector": [0, 0, 0]
						}
					},
					"position": {
						"0.0": {
							"vector": [0, -36.3, 0]
						},
						"0.3": {
							"vector": [-0.04, -4.37, -1.95]
						},
						"0.4": {
							"vector": [-0.05, -2.8, -2.49],
							"easing": "linear"
						},
						"0.55": {
							"vector": [-0.04, -5.89, -1.77]
						},
						"0.65": {
							"vector": [-0.03, -3.6, -1.24]
						},
						"0.75": {
							"vector": [-0.01, -1.6, -0.62]
						},
						"0.85": {
							"vector": [0, 0, 0]
						}
					}
				},
				"leftarm": {
					"rotation": {
						"0.0": {
							"vector": [0, 0, 0]
						},
						"0.3": {
							"vector": [1, 0, -22]
						},
						"0.75": {
							"vector": [0, 0, 0]
						}
					},
					"position": {
						"0.0": {
							"vector": [0, 0, 0]
						},
						"0.3": {
							"vector": [3.53901, 3.6754, 5.59783]
						},
						"0.75": {
							"vector": [0, 0, 0]
						}
					}
				},
				"_camera_": {
					"rotation": {
						"0.0": {
							"vector": [0, 0, 0]
						},
						"0.25": {
							"vector": [1, 0, 0]
						},
						"0.4": {
							"vector": [-2, 0, 1]
						},
						"0.6": {
							"vector": [1, 0, -2]
						},
						"0.85": {
							"vector": [0, 0, 0]
						}
					}
				}
			},
			"sound_effects": {
				"0.1": {
					"effect": "inspect_up"
				}
			}
		},
		"animation.model.reloadempty": {
			"loop": true,
			"animation_length": 4.2667,
			"bones": {
				"main": {
					"rotation": {
						"0.0": {
							"vector": [0, 0, 0]
						},
						"0.1667": {
							"vector": [0, 0, -6]
						},
						"0.3": {
							"vector": [-25.53051, -11.31255, -0.64746]
						},
						"0.5": {
							"vector": [-51.22881, -11.31255, -0.64746]
						},
						"0.6": {
							"vector": [-58.48501, -15.19147, -3.8895]
						},
						"0.7333": {
							"vector": [-63.84407, -18.59017, -6.09425]
						},
						"0.8667": {
							"vector": [-68.33859, -16.04331, -4.43339]
						},
						"0.9667": {
							"vector": [-57.51585, -20.06909, -7.08575]
						},
						"1.0667": {
							"vector": [-63.26585, -20.06909, -7.08575]
						},
						"1.2": {
							"vector": [-65.51585, -20.06909, -7.08575]
						},
						"1.3333": {
							"vector": [-62.01585, -20.06909, -7.08575]
						},
						"1.5": {
							"vector": [-57.01585, -20.06909, -7.08575]
						},
						"1.6": {
							"vector": [-57.39373, -18.38781, -5.93851]
						},
						"1.8667": {
							"vector": [-59.19162, -28.82105, -13.40137]
						},
						"2.0667": {
							"vector": [-64.17628, -20.06909, -7.08575]
						},
						"2.2333": {
							"vector": [-71.17628, -20.06909, -7.08575]
						},
						"2.2667": {
							"vector": [-65.76962, -27.40652, -10.57205]
						},
						"2.3667": {
							"vector": [-71.17628, -20.06909, -7.08575]
						},
						"2.5333": {
							"vector": [-50.92628, -20.06909, -7.08575]
						},
						"2.6333": {
							"vector": [-26.40042, -6.63475, 5.44498]
						},
						"2.7667": {
							"vector": [-1.02306, 0.50958, 15.44947]
						},
						"2.9333": {
							"vector": [-0.06756, -0.13792, 17.9922]
						},
						"3.1667": {
							"vector": [-0.07543, -0.13281, 21.4922]
						},
						"3.5333": {
							"vector": [-6.84838, -4.09762, 27.17725]
						},
						"3.6333": {
							"vector": [2.80222, -0.30295, 17.66327]
						},
						"3.7667": {
							"vector": [1.92654, 3.19912, -0.10561]
						},
						"3.9": {
							"vector": [0, 0, -4]
						},
						"4.0667": {
							"vector": [0, 0, 0]
						}
					},
					"position": {
						"0.0": {
							"vector": [0, 0, 0]
						},
						"0.1": {
							"vector": [0, -3.4, 0]
						},
						"0.2": {
							"vector": [0, -4.2, 0]
						},
						"0.4333": {
							"vector": [-3.2, 7.8, 0]
						},
						"0.5333": {
							"vector": [-5, 8.3, 0]
						},
						"0.6667": {
							"vector": [-5, 5.4, 0]
						},
						"0.8": {
							"vector": [-5, 3.96, 0]
						},
						"0.9": {
							"vector": [-5, -0.475, 0]
						},
						"1.2667": {
							"vector": [-5.87, -0.99, -1.3],
							"easing": "easeInOutSine"
						},
						"1.4333": {
							"vector": [-5.47, -0.42, -1.23]
						},
						"1.7333": {
							"vector": [-3.92, -0.37, -0.96]
						},
						"1.9667": {
							"vector": [-2.87, 0.66, -0.77],
							"easing": "easeInOutSine"
						},
						"2.1333": {
							"vector": [-5.87, 2.01, 0.3]
						},
						"2.2333": {
							"vector": [-4.37, 2.01, 1.5]
						},
						"2.2667": {
							"vector": [-4.67, 1.01, 2.5]
						},
						"2.4": {
							"vector": [-3.29, -2.15, 2.58]
						},
						"2.7": {
							"vector": [-0.67, -7.39, 1.5]
						},
						"3.0333": {
							"vector": [-0.29, -1.74, 0.64]
						},
						"3.2333": {
							"vector": [-0.16, -3.24, 0.35]
						},
						"3.5": {
							"vector": [-0.09, -6.36, -0.61]
						},
						"3.7": {
							"vector": [0, -2.53, -1.9]
						},
						"3.8333": {
							"vector": [0, 0.5, 0]
						},
						"4.0": {
							"vector": [0, 0, 0]
						}
					}
				},
				"leftarm": {
					"rotation": {
						"0.0": {
							"vector": [0, 0, 0]
						},
						"0.1667": {
							"vector": [0, 6, 0]
						},
						"0.3667": {
							"vector": [0, 47, 0]
						},
						"0.8667": {
							"vector": [0.57598, 40.59733, 5.49501]
						},
						"2.0": {
							"vector": [-17.29993, 17.05107, -28.25541]
						},
						"2.3667": {
							"vector": [-17.29993, 17.05107, -28.25541]
						},
						"2.9": {
							"vector": [0, 0, 0]
						}
					},
					"position": {
						"0.0": {
							"vector": [0, 0, 0]
						},
						"0.2667": {
							"vector": [13.8, 0, 5]
						},
						"0.3667": {
							"vector": [14.13, -2.67, 15]
						},
						"0.5667": {
							"vector": [3, -8, 35]
						},
						"0.8667": {
							"vector": [3, -8, 35]
						},
						"1.0333": {
							"vector": [3, -8, 35]
						},
						"1.0667": {
							"vector": [9.7, -8, 31.8]
						},
						"1.1667": {
							"vector": [9.7, -28, 36.9]
						},
						"1.3": {
							"vector": [9.7, -8, 52.4]
						},
						"1.6667": {
							"vector": [9.7, -8, 62.4]
						},
						"1.9333": {
							"vector": [7.41, -5.29, 33.23]
						},
						"2.0": {
							"vector": [6.5, -6.18, 24.49]
						},
						"2.0667": {
							"vector": [6.5, -6.4, 23.08]
						},
						"2.2333": {
							"vector": [6.5, -6.4, 23.08]
						},
						"2.3667": {
							"vector": [6.5, -4.25, 28.53]
						},
						"2.9": {
							"vector": [0, 0, 0]
						}
					}
				},
				"rightarm": {
					"rotation": {
						"0.0": {
							"vector": [0, 0, 0]
						},
						"2.8667": {
							"vector": [0, 0, 0]
						},
						"3.2": {
							"vector": [0, 0, 4.25]
						},
						"3.9333": {
							"vector": [0, 0, 0]
						}
					},
					"position": {
						"0.0": {
							"vector": [0, 0, 0]
						},
						"2.8667": {
							"vector": [0, 0, 0]
						},
						"3.0667": {
							"vector": [-6.7, 9, -5]
						},
						"3.2": {
							"vector": [-7, 9, -6.425]
						},
						"3.3": {
							"vector": [-7, 9.25, 10.58]
						},
						"3.5": {
							"vector": [-7, 9.25, 11.18]
						},
						"3.7": {
							"vector": [-6.48, 9.05, -7.31]
						},
						"3.8": {
							"vector": [0, 0, 0]
						}
					}
				},
				"action": {
					"position": {
						"0.0": {
							"vector": [0, 0, 0]
						},
						"3.2": {
							"vector": [0, 0, 0]
						},
						"3.3": {
							"vector": [0, 0, 15.63]
						},
						"3.3333": {
							"vector": [0, 0, 16.375]
						},
						"3.3667": {
							"vector": [0, 0, 16.6]
						},
						"3.4": {
							"vector": [0, 0, 16.65]
						},
						"3.4333": {
							"vector": [0, 0, 16.7]
						},
						"3.4667": {
							"vector": [0, 0, 16.75]
						},
						"3.5": {
							"vector": [0, 0, 16.9]
						},
						"3.5333": {
							"vector": [0, 0, 13.6]
						},
						"3.5667": {
							"vector": [0, 0, 10.5]
						},
						"3.6": {
							"vector": [0, 0, 7.5]
						},
						"3.6333": {
							"vector": [0, 0, 4.3]
						},
						"3.6667": {
							"vector": [0, 0, 1]
						},
						"3.7": {
							"vector": [0, 0, 0]
						}
					}
				},
				"_camera_": {
					"rotation": {
						"0.0": {
							"vector": [0, 0, 0]
						},
						"0.2": {
							"vector": [2, 0, 0]
						},
						"0.5": {
							"vector": [0, 0, 0]
						},
						"0.8": {
							"vector": [2, 0, 0]
						},
						"0.9333": {
							"vector": [-0.49996, 0.00654, 0.69997]
						},
						"1.0333": {
							"vector": [2, 0, -0.5]
						},
						"1.2667": {
							"vector": [1.09999, -0.0048, -0.30005]
						},
						"1.4667": {
							"vector": [2, 0, -0.8]
						},
						"2.1667": {
							"vector": [-2, 1, 0.2]
						},
						"2.3667": {
							"vector": [1.49994, 0.01309, 0.50017]
						},
						"2.4667": {
							"vector": [2, 0.00545, 1]
						},
						"2.5667": {
							"vector": [0.49989, -0.01091, 2.03333]
						},
						"2.8333": {
							"vector": [0, 0, 0]
						},
						"3.2667": {
							"vector": [0, 0, 4]
						},
						"3.3667": {
							"vector": [0, 0, -2]
						},
						"3.5": {
							"vector": [0, 0, -1]
						},
						"3.5667": {
							"vector": [1.5, 0, 1]
						},
						"3.6333": {
							"vector": [1.24989, 0.01636, 0.08351]
						},
						"3.7": {
							"vector": [0.5, 0.00218, 0.53339]
						},
						"4.0": {
							"vector": [0, 0, 0]
						}
					},
					"position": {
						"vector": [0, 0, 0]
					}
				},
				"rightarm2": {
					"rotation": {
						"0.0": {
							"vector": [0, 0, 0]
						},
						"2.8667": {
							"vector": [0, 0, 0]
						},
						"3.2": {
							"vector": [0, 0, 4.25]
						},
						"3.9333": {
							"vector": [0, 0, 0]
						}
					},
					"position": {
						"0.0": {
							"vector": [0, 0, 0]
						},
						"2.8667": {
							"vector": [0, 0, 0]
						},
						"3.0667": {
							"vector": [-6.7, 9, -5]
						},
						"3.2": {
							"vector": [-7, 9, -6.425]
						},
						"3.3": {
							"vector": [-7, 9.25, 10.58]
						},
						"3.5": {
							"vector": [-7, 9.25, 11.18]
						},
						"3.7": {
							"vector": [-6.48, 9.05, -7.31]
						},
						"3.8": {
							"vector": [0, 0, 0]
						}
					}
				}
			},
			"sound_effects": {
				"0.0": {
					"effect": "foley_start"
				},
				"0.7": {
					"effect": "eea_vssk_magout"
				},
				"2.1667": {
					"effect": "eea_vssk_magin"
				},
				"2.6667": {
					"effect": "inspect_down"
				},
				"3.1": {
					"effect": "eea_vssk_actionback"
				},
				"3.5333": {
					"effect": "eea_vssk_actionforward"
				}
			}
		},
		"animation.model.fire": {
			"loop": true,
			"animation_length": 1.4,
			"bones": {
				"main": {
					"rotation": {
						"0.0": {
							"vector": [0, 0, 0]
						},
						"0.05": {
							"vector": [-1.74799, -0.08395, -2.74872]
						},
						"0.1167": {
							"vector": [-1.74918, 0.05343, 1.74918]
						},
						"0.1833": {
							"vector": [-0.87359, 0.0496, 2.37442]
						},
						"0.2833": {
							"vector": [-0.4374, 0.00954, -0.81273]
						},
						"0.35": {
							"vector": [0, 0, -3]
						},
						"0.5167": {
							"vector": [2.4905, -0.21782, 4.74527]
						},
						"0.7833": {
							"vector": [2.81795, -0.05766, 12.66926]
						},
						"0.9167": {
							"vector": [1.92654, 3.19912, -0.10561]
						},
						"1.05": {
							"vector": [0, 0, -4]
						},
						"1.2": {
							"vector": [0, 0, 0]
						}
					},
					"position": {
						"0.0": {
							"vector": [0, 0, 0]
						},
						"0.05": {
							"vector": [0, -0.2, 2.905]
						},
						"0.1167": {
							"vector": [0, -0.2, 2.635]
						},
						"0.35": {
							"vector": [0, 0, 0]
						},
						"0.4333": {
							"vector": [0, 0, 0]
						},
						"0.6667": {
							"vector": [2.6, -2.88, 2]
						},
						"0.85": {
							"vector": [0, -2.53, -1.9]
						},
						"0.9833": {
							"vector": [0, 0.5, 0]
						},
						"1.1333": {
							"vector": [0, 0, 0]
						}
					}
				},
				"rightarm": {
					"rotation": {
						"0.0": {
							"vector": [0, 0, 0]
						},
						"0.1833": {
							"vector": [0, 0, 0]
						},
						"0.45": {
							"vector": [-22.5, 0, 4.25]
						},
						"1.1": {
							"vector": [0, 0, 0]
						}
					},
					"position": {
						"0.0": {
							"vector": [0, 0, 0]
						},
						"0.1833": {
							"vector": [0, 0, 0]
						},
						"0.3833": {
							"vector": [-5, 3, -5]
						},
						"0.5167": {
							"vector": [-7, 1.5, -9.625]
						},
						"0.6167": {
							"vector": [-5.6, 2.55, 5.58]
						},
						"0.6333": {
							"vector": [-5.45, 2.55, 6.26]
						},
						"0.7": {
							"vector": [-5.45, 2.95, 6.26]
						},
						"0.7667": {
							"vector": [-5.3, 3.95, 6.47]
						},
						"0.7833": {
							"vector": [-5.15, 4.45, 2.92]
						},
						"0.8": {
							"vector": [-5, 4.55, 0.38]
						},
						"0.8167": {
							"vector": [-6.41, 5.02, -4.38]
						},
						"0.8667": {
							"vector": [-6.53, 5.25, -5.42]
						},
						"0.9": {
							"vector": [-6.53, 6.15, -7.02]
						},
						"0.9167": {
							"vector": [-6.53, 6.15, -7.02]
						},
						"0.95": {
							"vector": [-6.53, -0.52, -1.82]
						},
						"0.9833": {
							"vector": [-8.76, -1.55, 1.45],
							"easing": "easeInOutSine"
						},
						"1.0167": {
							"vector": [1.3, 0, 0]
						},
						"1.0667": {
							"vector": [0, 0, 0]
						}
					}
				},
				"action": {
					"position": {
						"0.0": {
							"vector": [0, 0, 0]
						},
						"0.5167": {
							"vector": [0, 0, 0]
						},
						"0.6167": {
							"vector": [0, 0, 13]
						},
						"0.7333": {
							"vector": [0, 0, 13]
						},
						"0.7667": {
							"vector": [0, 0, 13.175]
						},
						"0.8333": {
							"vector": [0, 0, 0]
						}
					}
				},
				"_camera_": {
					"rotation": {
						"0.0": {
							"vector": [0, 0, 0]
						},
						"0.05": {
							"vector": [0, 0, -2]
						},
						"0.1167": {
							"vector": [0, 0, 1]
						},
						"0.1833": {
							"vector": [-1.49999, 0.00654, 0.24991]
						},
						"0.2833": {
							"vector": [-1.4993, -0.0458, -1.7494]
						},
						"0.5": {
							"vector": [0, 0, 4],
							"easing": "easeInOutSine"
						},
						"0.6167": {
							"vector": [0, 0, -3]
						},
						"0.7667": {
							"vector": [0, 0, 0.75],
							"easing": "easeInOutSine"
						},
						"0.8833": {
							"vector": [0, 0, 0]
						}
					},
					"position": {
						"vector": [0, 0, 0]
					}
				},
				"rightarm2": {
					"rotation": {
						"0.0": {
							"vector": [0, 0, 0]
						},
						"0.1833": {
							"vector": [0, 0, 0]
						},
						"0.45": {
							"vector": [-22.5, 0, 4.25]
						},
						"1.1": {
							"vector": [0, 0, 0]
						}
					},
					"position": {
						"0.0": {
							"vector": [0, 0, 0]
						},
						"0.1833": {
							"vector": [0, 0, 0]
						},
						"0.3833": {
							"vector": [-5, 3, -5]
						},
						"0.5167": {
							"vector": [-7, 1.5, -9.625]
						},
						"0.6167": {
							"vector": [-5.6, 2.55, 5.58]
						},
						"0.6333": {
							"vector": [-5.45, 2.55, 6.26]
						},
						"0.7": {
							"vector": [-5.45, 2.95, 6.26]
						},
						"0.7667": {
							"vector": [-5.3, 3.95, 6.47]
						},
						"0.7833": {
							"vector": [-5.15, 4.45, 2.92]
						},
						"0.8": {
							"vector": [-5, 4.55, 0.38]
						},
						"0.8167": {
							"vector": [-6.41, 5.02, -4.38]
						},
						"0.8667": {
							"vector": [-6.53, 5.25, -5.42]
						},
						"0.9": {
							"vector": [-6.53, 6.15, -7.02]
						},
						"0.9167": {
							"vector": [-6.53, 6.15, -7.02]
						},
						"0.95": {
							"vector": [-6.53, -0.52, -1.82]
						},
						"0.9833": {
							"vector": [-8.76, -1.55, 1.45],
							"easing": "easeInOutSine"
						},
						"1.0167": {
							"vector": [1.3, 0, 0]
						},
						"1.0667": {
							"vector": [0, 0, 0]
						}
					}
				}
			},
			"sound_effects": {
				"0.4833": {
					"effect": "eea_vssk_actionback"
				},
				"0.7167": {
					"effect": "eea_vssk_actionforward"
				}
			}
		},
		"animation.model.inspect": {
			"loop": true,
			"animation_length": 4.85,
			"bones": {
				"main": {
					"rotation": {
						"0.0": {
							"vector": [0, 0, 0]
						},
						"0.1": {
							"vector": [-1.88401, -6.22659, 0.64789]
						},
						"0.2333": {
							"vector": [-13.44437, -23.70896, -0.08968]
						},
						"0.4167": {
							"vector": [-16.06515, -27.977, 9.91464]
						},
						"0.7333": {
							"vector": [-6.793, -31.27923, -8.70844]
						},
						"0.9167": {
							"vector": [-8.88047, -30.80178, -4.66142]
						},
						"1.1167": {
							"vector": [-10.48213, -30.33919, -1.51287]
						},
						"1.6667": {
							"vector": [-8.87584, -30.2934, -1.22817]
						},
						"2.0833": {
							"vector": [12.35829, -29.34924, -43.80061]
						},
						"2.3833": {
							"vector": [9.74344, -29.93289, -36.63143]
						},
						"2.5667": {
							"vector": [-12.95347, -30.2927, -1.22854]
						},
						"2.8": {
							"vector": [-33.73449, -4.09587, 59.31416]
						},
						"2.9833": {
							"vector": [-32.31629, 4.43976, 71.80426]
						},
						"3.2167": {
							"vector": [-32.5511, 1.62266, 67.36743]
						},
						"3.4167": {
							"vector": [-31.01483, 4.84043, 72.44036]
						},
						"3.6": {
							"vector": [-30.43812, 7.90818, 77.62954]
						},
						"3.85": {
							"vector": [-30.21639, 8.79187, 79.15623]
						},
						"4.05": {
							"vector": [-30.40793, 8.03477, 77.84722]
						},
						"4.25": {
							"vector": [-32.14842, 5.63992, 73.71487]
						},
						"4.4333": {
							"vector": [-14.11721, -7.21197, -0.49095]
						},
						"4.5833": {
							"vector": [-2.74833, -0.09594, -6.7477]
						},
						"4.75": {
							"vector": [0, 0, 0]
						}
					},
					"position": {
						"0.0": {
							"vector": [0, 0, 0]
						},
						"0.1667": {
							"vector": [-0.15, 1.725, 0]
						},
						"0.3333": {
							"vector": [-0.7, -4.86, 0]
						},
						"0.6667": {
							"vector": [-0.68, -1.255, 0]
						},
						"0.8333": {
							"vector": [-0.68, -1.45, 0]
						},
						"1.0": {
							"vector": [-0.68, -1.32, 0]
						},
						"1.2667": {
							"vector": [-0.58, -1.32, 0]
						},
						"1.4833": {
							"vector": [-0.58, -1.22, 0]
						},
						"1.75": {
							"vector": [-0.805, -1.32, 0]
						},
						"1.9667": {
							"vector": [-0.8, -1.22, 0.5]
						},
						"2.2167": {
							"vector": [-0.87, -1.545, 0.33]
						},
						"2.3333": {
							"vector": [-0.9, -1.47, 0.7]
						},
						"2.4833": {
							"vector": [-0.9, 1.03, 0.25]
						},
						"2.65": {
							"vector": [-0.9, -1.82, 0.25]
						},
						"2.8833": {
							"vector": [-0.9, -7.71, 0.25]
						},
						"3.1167": {
							"vector": [-0.9, -4.12, 0.25]
						},
						"3.3667": {
							"vector": [-0.9, -3.22, 0.25]
						},
						"3.7333": {
							"vector": [-0.9, -4.07, 0.25]
						},
						"3.9333": {
							"vector": [-1.125, -4.07, 0.25]
						},
						"4.1333": {
							"vector": [-1.12, -3.545, 0.25]
						},
						"4.3333": {
							"vector": [-0.76, -3.87, -4.905]
						},
						"4.5": {
							"vector": [0, 1.245, -6.45]
						},
						"4.6833": {
							"vector": [0, 0, 0]
						}
					}
				},
				"leftarm": {
					"rotation": {
						"3.5333": {
							"vector": [0, 0, 0]
						},
						"3.8": {
							"vector": [0, 0, 0]
						},
						"4.75": {
							"vector": [0, 0, 0]
						}
					},
					"position": {
						"0.0": {
							"vector": [0, 0, 0]
						},
						"0.2333": {
							"vector": [1, -1.98, 7]
						},
						"2.35": {
							"vector": [1, 0.02, 7]
						},
						"2.5": {
							"vector": [0, 0, 0]
						},
						"3.4167": {
							"vector": [0, 0, 0]
						},
						"3.65": {
							"vector": [0, 0, 0]
						},
						"4.75": {
							"vector": [0, 0, 0]
						}
					}
				},
				"_camera_": {
					"rotation": {
						"0.0": {
							"vector": [0, 0, 0]
						},
						"0.2": {
							"vector": [-1, 0, 0]
						},
						"0.3833": {
							"vector": [4, 0, -2]
						},
						"0.4833": {
							"vector": [3.8, 0, 1]
						},
						"4.1833": {
							"vector": [10, 10, 0],
							"easing": "easeInOutSine"
						},
						"4.45": {
							"vector": [3.5, 0, 0]
						},
						"4.5833": {
							"vector": [0, 0, 0]
						}
					}
				}
			},
			"sound_effects": {
				"0.0": {
					"effect": "inspect_up"
				},
				"1.7667": {
					"effect": "inspect_foley"
				},
				"2.3": {
					"effect": "inspect_turn"
				},
				"4.45": {
					"effect": "inspect_down"
				}
			}
		}
	},
	"geckolib_format_version": 2
}