{
	"format_version": "1.8.0",
	"animations": {
		"animation.model.reloadempty": {
			"loop": true,
			"animation_length": 1.95,
			"bones": {
				"main": {
					"rotation": {
						"0.0": {
							"vector": [0, 0, 0]
						},
						"0.2167": {
							"vector": [-1.94914, -4.25512, -17.83859],
							"easing": "easeInOutSine"
						},
						"0.3": {
							"vector": [-9.67231, 3.44937, 2.37772]
						},
						"0.4167": {
							"vector": [-5.00333, -0.55335, 0.29994]
						},
						"0.5333": {
							"vector": [-6.92611, 1.12341, 11.08507]
						},
						"0.85": {
							"vector": [-11.61087, -11.6827, -40.17768],
							"easing": "easeInOutSine"
						},
						"0.9667": {
							"vector": [-12.0001, -10.24332, -38.14284]
						},
						"1.0333": {
							"vector": [-11.05006, -11.1971, -41.86913]
						},
						"1.1": {
							"vector": [-12.43517, -11.0986, -35.93101]
						},
						"1.3": {
							"vector": [-9.90501, -1.01757, 19.90611]
						},
						"1.4": {
							"vector": [-6.55841, -5.00392, 27.88871]
						},
						"1.5": {
							"vector": [-14.39056, 2.80038, 24.91851]
						},
						"1.5333": {
							"vector": [-11.22852, 1.9425, 27.15347]
						},
						"1.6833": {
							"vector": [0, 0, 1.75],
							"easing": "linear"
						},
						"1.8": {
							"vector": [0, 0, 5.1]
						},
						"1.9": {
							"vector": [0, 0, 0]
						}
					},
					"position": {
						"0.0": {
							"vector": [0, 0, 0]
						},
						"0.1": {
							"vector": [-0.85836, -0.40424, -0.09635],
							"easing": "easeInOutSine"
						},
						"0.2": {
							"vector": [-0.9, 1.85, -0.075]
						},
						"0.3333": {
							"vector": [-0.9, -2.1, -0.175]
						},
						"0.4167": {
							"vector": [-0.96, -1.53, -0.01]
						},
						"0.5667": {
							"vector": [-1.1, -0.9, 1.47]
						},
						"0.7167": {
							"vector": [-1.68791, 0.62681, -0.5093]
						},
						"0.85": {
							"vector": [-1.98665, 2.11702, -2.07017],
							"easing": "easeOutSine"
						},
						"0.95": {
							"vector": [-2.0376, 3.33906, -0.7247]
						},
						"1.0333": {
							"vector": [-0.79548, 1.007, -0.17639]
						},
						"1.1667": {
							"vector": [-1.5069, 2.91492, 0.0526]
						},
						"1.2667": {
							"vector": [-1.28604, -0.40042, -0.08493]
						},
						"1.4167": {
							"vector": [-2.83, -1.42, -2.98]
						},
						"1.5167": {
							"vector": [0.05077, -0.75863, -3.39557],
							"easing": "easeInOutSine"
						},
						"1.5667": {
							"vector": [0.04, -0.81, -4.3]
						},
						"1.75": {
							"vector": [-0.01609, -1.19395, 0.21284],
							"easing": "easeInOutSine"
						},
						"1.95": {
							"vector": [0, 0, 0]
						}
					}
				},
				"leftarm": {
					"rotation": {
						"0.0": {
							"vector": [0, 0, 0]
						},
						"0.2": {
							"vector": [18.20913, 8.89081, -8.27636]
						},
						"0.2667": {
							"vector": [18.20913, 8.89081, -8.27636]
						},
						"0.6333": {
							"vector": [18.20913, 8.89081, -8.27636]
						},
						"0.8": {
							"vector": [4.85125, -1.23851, -3.53817]
						},
						"0.8667": {
							"vector": [4.84045, -3.13051, -2.32035]
						},
						"0.9": {
							"vector": [4.81221, -1.50563, 0.20175]
						},
						"0.9667": {
							"vector": [3.21933, -3.43166, 0.28598]
						},
						"1.0333": {
							"vector": [-9.94898, -12.08991, 5.53003]
						},
						"1.2333": {
							"vector": [0, 0, 0]
						}
					},
					"position": {
						"0.0": {
							"vector": [0, 0, 0]
						},
						"0.2": {
							"vector": [9.26236, -17.45278, 27.42519]
						},
						"0.2667": {
							"vector": [9.26236, -17.45278, 27.42519]
						},
						"0.65": {
							"vector": [9.26236, -29.45278, 27.42519]
						},
						"0.7167": {
							"vector": [-2.07368, -26.77906, 31.01757]
						},
						"0.8": {
							"vector": [-0.46837, -33.77994, 32.77239]
						},
						"0.8667": {
							"vector": [-2.18539, -27.26193, 31.2786]
						},
						"0.9": {
							"vector": [-2.18539, -24.26193, 33.2786]
						},
						"0.9667": {
							"vector": [-2.18539, -21.86193, 29.0536]
						},
						"1.0333": {
							"vector": [-2.24, -23.79, 25.56]
						},
						"1.1333": {
							"vector": [0.18275, -12.97999, 32.43249]
						},
						"1.2833": {
							"vector": [0, 0, 0]
						}
					}
				},
				"magazine": {
					"position": {
						"0.25": {
							"vector": [0, 0, 0]
						},
						"0.4": {
							"vector": [0, -27, 8]
						},
						"0.8333": {
							"vector": [0, -15.6, 6.8]
						},
						"0.95": {
							"vector": [0, -15.6, 6.8]
						},
						"1.0667": {
							"vector": [0, 0, 0]
						}
					}
				},
				"action": {
					"position": {
						"1.2333": {
							"vector": [0, 0, 0]
						},
						"1.4833": {
							"vector": [0, 0, 7.8]
						},
						"1.5167": {
							"vector": [0, 0, 0]
						}
					}
				},
				"_camera_": {
					"rotation": {
						"0.0": {
							"vector": [0, 0, 0]
						},
						"0.2": {
							"vector": [-0.50109, 0.75013, -0.7501],
							"easing": "easeInOutSine"
						},
						"0.2833": {
							"vector": [0.30427, 1.13389, 2.0027]
						},
						"0.4": {
							"vector": [0.49733, 0.56682, -1.25007]
						},
						"0.5833": {
							"vector": [0.01636, 0.24978, 1.24989]
						},
						"0.7167": {
							"vector": [1.10478, 0.58273, 0.79609]
						},
						"0.9": {
							"vector": [0.762, 0.98336, 0.25003],
							"easing": "easeInOutSine"
						},
						"1.0167": {
							"vector": [0.77481, 0.97331, 1.00007]
						},
						"1.1": {
							"vector": [0.97707, 1.01808, -1.74997]
						},
						"1.25": {
							"vector": [0.79167, 0.95964, 2.00012],
							"easing": "easeInOutSine"
						},
						"1.4833": {
							"vector": [0.24944, 0.35481, -1.59608]
						},
						"1.65": {
							"vector": [0, 0, 0],
							"easing": "easeInOutSine"
						},
						"1.6667": {
							"vector": [1.24989, 0.01636, 0.08351]
						},
						"1.7667": {
							"vector": [0.5, 0.00218, 0.53339]
						},
						"1.8833": {
							"vector": [0, 0, 0]
						}
					}
				},
				"rightarm": {
					"rotation": {
						"0.0": {
							"vector": [0, 0, 0]
						},
						"0.95": {
							"vector": [0, 0, 0]
						},
						"1.2167": {
							"vector": [0.25174, 0.89652, -1.04314]
						},
						"1.7167": {
							"vector": [0, 0, 0]
						}
					},
					"position": {
						"0.0": {
							"vector": [0, 0, 0]
						},
						"1.05": {
							"vector": [0, 0, 0]
						},
						"1.2": {
							"vector": [-6.84035, 7.84169, -2.79988]
						},
						"1.3833": {
							"vector": [-6.48833, 7.65993, 5.16134]
						},
						"1.4833": {
							"vector": [-6.63842, 7.76007, 5.94626]
						},
						"1.55": {
							"vector": [0, 0, 0]
						}
					}
				}
			},
			"sound_effects": {
				"0.0": {
					"effect": "mp5_magout"
				},
				"0.5667": {
					"effect": "mp5_magin"
				},
				"1.3667": {
					"effect": "ak_actionback"
				},
				"1.4": {
					"effect": "foley_end"
				},
				"1.4333": {
					"effect": "ak_actionforward"
				}
			}
		},
		"animation.model.fire": {
			"loop": true,
			"animation_length": 0.4333,
			"bones": {
				"main": {
					"rotation": {
						"0.0": {
							"vector": [0, 0, 0]
						},
						"0.05": {
							"vector": [0.24722, -0.15263, -0.99759]
						},
						"0.1": {
							"vector": [0.25995, -0.07447, -1.5556]
						},
						"0.2": {
							"vector": [0, 0.01681, 0.95037]
						},
						"0.2833": {
							"vector": [0, 0.00851, -0.52127]
						},
						"0.35": {
							"vector": [0, 0.0036, 0.23936]
						},
						"0.4333": {
							"vector": [0, 0, 0]
						}
					},
					"position": {
						"0.0": {
							"vector": [0, 0, 0]
						},
						"0.0667": {
							"vector": [0, 0, 1.025]
						},
						"0.15": {
							"vector": [0.00635, -0.2249, 0.46696],
							"easing": "easeInSine"
						},
						"0.25": {
							"vector": [0, 0, 0],
							"easing": "easeOutSine"
						}
					}
				},
				"leftarm": {
					"rotation": {
						"0.0": {
							"vector": [0, 0, 0]
						},
						"0.1": {
							"vector": [-1.76981, 2.09764, -1.59668]
						},
						"0.3167": {
							"vector": [0, 0, 0]
						}
					},
					"position": {
						"0.0": {
							"vector": [0, 0, 0]
						},
						"0.1": {
							"vector": [1.19972, -0.02575, -0.00263]
						},
						"0.3167": {
							"vector": [0, 0, 0]
						}
					}
				},
				"bolt": {
					"position": {
						"0.0": {
							"vector": [0, 0, 0]
						},
						"0.0333": {
							"vector": [0, 0, 7.575]
						},
						"0.0667": {
							"vector": [0, 0, 0]
						}
					}
				},
				"action": {
					"position": {
						"0.0": {
							"vector": [0, 0, 0]
						},
						"0.0333": {
							"vector": [-0.00164, 0.00266, 7.65001],
							"easing": "easeOutBack"
						},
						"0.0667": {
							"vector": [0, 0, 0]
						}
					}
				}
			}
		},
		"animation.model.reload": {
			"loop": true,
			"animation_length": 1.6833,
			"bones": {
				"main": {
					"rotation": {
						"0.0": {
							"vector": [0, 0, 0]
						},
						"0.2167": {
							"vector": [-1.94914, -4.25512, -17.83859],
							"easing": "easeInOutSine"
						},
						"0.3": {
							"vector": [-9.67231, 3.44937, 2.37772]
						},
						"0.4167": {
							"vector": [-5.00333, -0.55335, 0.29994]
						},
						"0.5333": {
							"vector": [-6.92611, 1.12341, 11.08507]
						},
						"0.85": {
							"vector": [-11.61087, -11.6827, -40.17768],
							"easing": "easeInOutSine"
						},
						"0.9667": {
							"vector": [-12.0001, -10.24332, -38.14284]
						},
						"1.0333": {
							"vector": [-11.05006, -11.1971, -41.86913]
						},
						"1.1": {
							"vector": [-12.43517, -11.0986, -35.93101]
						},
						"1.2": {
							"vector": [-11.61087, -11.6827, -40.17768]
						},
						"1.4": {
							"vector": [1.57141, -1.85374, -1.9128],
							"easing": "easeInOutSine"
						},
						"1.5": {
							"vector": [0.26634, -0.37706, 2.59555],
							"easing": "linear"
						},
						"1.5833": {
							"vector": [0, 0, -1],
							"easing": "linear"
						},
						"1.6833": {
							"vector": [0, 0, 0],
							"easing": "linear"
						}
					},
					"position": {
						"0.0": {
							"vector": [0, 0, 0]
						},
						"0.1": {
							"vector": [-0.85836, -0.40424, -0.09635],
							"easing": "easeInOutSine"
						},
						"0.2": {
							"vector": [-0.9, 1.85, -0.075]
						},
						"0.3333": {
							"vector": [-0.9, -2.1, -0.175]
						},
						"0.4167": {
							"vector": [-0.96, -1.53, -0.01]
						},
						"0.5667": {
							"vector": [-1.1, -0.9, 1.47]
						},
						"0.7167": {
							"vector": [-1.68791, 0.62681, -0.5093]
						},
						"0.85": {
							"vector": [-1.98665, 2.11702, -2.07017],
							"easing": "easeOutSine"
						},
						"0.95": {
							"vector": [-2.0376, 3.33906, -0.7247]
						},
						"1.0333": {
							"vector": [-0.79548, 1.007, -0.17639]
						},
						"1.1667": {
							"vector": [-1.5069, 2.01492, 0.0526]
						},
						"1.2667": {
							"vector": [-1.28604, 1.69958, -0.08493]
						},
						"1.4": {
							"vector": [0.05077, -2.45863, -3.79557],
							"easing": "easeInOutSine"
						},
						"1.5": {
							"vector": [-0.01609, -0.39395, 0.21284],
							"easing": "easeInOutSine"
						},
						"1.5833": {
							"vector": [0, 0, -0.125],
							"easing": "linear"
						},
						"1.6667": {
							"vector": [0, 0, 0],
							"easing": "linear"
						}
					}
				},
				"leftarm": {
					"rotation": {
						"0.0": {
							"vector": [0, 0, 0]
						},
						"0.2": {
							"vector": [18.20913, 8.89081, -8.27636]
						},
						"0.2667": {
							"vector": [18.20913, 8.89081, -8.27636]
						},
						"0.6333": {
							"vector": [18.20913, 8.89081, -8.27636]
						},
						"0.8": {
							"vector": [4.85125, -1.23851, -3.53817]
						},
						"0.8667": {
							"vector": [4.84045, -3.13051, -2.32035]
						},
						"0.9": {
							"vector": [4.81221, -1.50563, 0.20175]
						},
						"0.9667": {
							"vector": [3.21933, -3.43166, 0.28598]
						},
						"1.0333": {
							"vector": [-9.94898, -12.08991, 5.53003]
						},
						"1.1333": {
							"vector": [-8.55253, -8.31225, 9.54376]
						},
						"1.5167": {
							"vector": [0, 0, 0]
						}
					},
					"position": {
						"0.0": {
							"vector": [0, 0, 0]
						},
						"0.2": {
							"vector": [9.26236, -17.45278, 27.42519]
						},
						"0.2667": {
							"vector": [9.26236, -17.45278, 27.42519]
						},
						"0.6333": {
							"vector": [9.26236, -17.45278, 27.42519]
						},
						"0.7167": {
							"vector": [19.22632, -26.77906, 18.51757]
						},
						"0.8": {
							"vector": [-0.46837, -33.77994, 32.77239]
						},
						"0.8667": {
							"vector": [-2.18539, -27.26193, 31.2786]
						},
						"0.9": {
							"vector": [-2.18539, -24.26193, 33.2786]
						},
						"0.9667": {
							"vector": [-2.18539, -21.86193, 29.0536]
						},
						"1.0333": {
							"vector": [-2.24, -23.79, 25.56]
						},
						"1.1333": {
							"vector": [-1.97, -27.61, 26.36]
						},
						"1.2833": {
							"vector": [0.18275, -12.97999, 32.43249]
						},
						"1.5167": {
							"vector": [0, 0, 0]
						}
					}
				},
				"piece": {
					"position": {
						"0.0": {
							"vector": [0, 0, 0]
						},
						"0.2667": {
							"vector": [0, 0, 0]
						},
						"0.3167": {
							"vector": [0.4, 0, 0]
						},
						"0.3667": {
							"vector": [0, 0, 0]
						},
						"0.4833": {
							"vector": [0.15, 0, 0]
						},
						"0.6333": {
							"vector": [0, 0, 0]
						},
						"0.7833": {
							"vector": [0.2, 0, 0]
						},
						"1.0": {
							"vector": [0.15, 0, 0]
						},
						"1.0833": {
							"vector": [0.45, 0, 0]
						},
						"1.15": {
							"vector": [-0.05, 0, 0]
						},
						"1.2167": {
							"vector": [0, 0, 0]
						}
					}
				},
				"_camera_": {
					"rotation": {
						"0.0": {
							"vector": [0, 0, 0]
						},
						"0.2": {
							"vector": [-0.50109, 0.75013, -0.7501],
							"easing": "easeInOutSine"
						},
						"0.2833": {
							"vector": [0.30427, 1.13389, 2.0027]
						},
						"0.4": {
							"vector": [0.49733, 0.56682, -1.25007]
						},
						"0.5833": {
							"vector": [0.01636, 0.24978, 1.24989]
						},
						"0.7167": {
							"vector": [1.10478, 0.58273, 0.79609]
						},
						"0.9": {
							"vector": [0.762, 0.98336, 0.25003],
							"easing": "easeInOutSine"
						},
						"1.0167": {
							"vector": [0.77481, 0.97331, 1.00007]
						},
						"1.1": {
							"vector": [0.97707, 1.01808, -1.74997]
						},
						"1.25": {
							"vector": [0.79167, 0.95964, 2.00012],
							"easing": "easeInOutSine"
						},
						"1.4833": {
							"vector": [0.24944, 0.35481, -1.59608]
						},
						"1.65": {
							"vector": [0, 0, 0],
							"easing": "easeInOutSine"
						}
					}
				},
				"magazine": {
					"rotation": {
						"0.2667": {
							"vector": [0, 0, 0]
						},
						"0.3333": {
							"vector": [0, 0, 0]
						},
						"0.4": {
							"vector": [-15, 0, 6]
						},
						"0.6333": {
							"vector": [0, 0, 6]
						},
						"0.7167": {
							"vector": [1.7136, 3.50454, -51.7803]
						},
						"0.8": {
							"vector": [6.52951, 1.71485, -14.65217]
						},
						"0.8667": {
							"vector": [-2, 0, 2.25]
						},
						"0.9": {
							"vector": [-2.5, 0, 0]
						},
						"1.0333": {
							"vector": [0, 0, 0]
						}
					},
					"position": {
						"0.2667": {
							"vector": [0, 0, 0]
						},
						"0.3333": {
							"vector": [0, -10, 4]
						},
						"0.4": {
							"vector": [-4.775, -29.35, 6]
						},
						"0.6333": {
							"vector": [-4.775, -29.35, 8]
						},
						"0.7167": {
							"vector": [20.25739, -18.29614, 6.80564]
						},
						"0.8": {
							"vector": [2.73707, -17.79444, 6.0674]
						},
						"0.8667": {
							"vector": [-0.37812, -17.34847, 5.79509]
						},
						"0.9": {
							"vector": [-0.37812, -17.34847, 4.79509]
						},
						"0.9667": {
							"vector": [0, -9.025, 2.33]
						},
						"1.0333": {
							"vector": [0, 0, 0]
						}
					}
				},
				"rightarm": {
					"rotation": {
						"vector": [0, 0, 0]
					},
					"position": {
						"vector": [0, 0, 0]
					}
				}
			},
			"sound_effects": {
				"0.0": {
					"effect": "mp5_magout"
				},
				"0.6": {
					"effect": "mp5_magin"
				},
				"1.1167": {
					"effect": "foley_end"
				}
			}
		},
		"animation.model.switchup": {
			"animation_length": 0.4667,
			"bones": {
				"main": {
					"rotation": {
						"0.0": {
							"vector": [0, 0, 0]
						},
						"0.1333": {
							"vector": [0, 0, -7.01]
						},
						"0.3": {
							"vector": [0, 0, 2.75]
						},
						"0.4667": {
							"vector": [0, 0, 0]
						}
					},
					"position": {
						"0.0": {
							"vector": [0, 0, 0]
						},
						"0.1667": {
							"vector": [0, -0.475, 0]
						},
						"0.4": {
							"vector": [0, 0, 0]
						}
					}
				},
				"_camera_": {
					"rotation": {
						"0.0": {
							"vector": [0, 0, 0]
						},
						"0.1": {
							"vector": [0, 0, -0.8]
						},
						"0.2": {
							"vector": [0, 0, 1]
						},
						"0.2667": {
							"vector": [0, 0, 0]
						}
					},
					"position": {
						"0.0": {
							"vector": [0, 0, 0]
						},
						"0.2667": {
							"vector": [0, 0, 0]
						}
					}
				}
			},
			"sound_effects": {
				"0.0": {
					"effect": "inspect_up"
				},
				"0.0667": {
					"effect": "eea_ak_switchup"
				}
			}
		},
		"animation.model.switchdown": {
			"animation_length": 0.4667,
			"bones": {
				"main": {
					"rotation": {
						"0.0": {
							"vector": [0, 0, 0]
						},
						"0.1333": {
							"vector": [0, 0, -7.01]
						},
						"0.3": {
							"vector": [0, 0, 2.75]
						},
						"0.4667": {
							"vector": [0, 0, 0]
						}
					},
					"position": {
						"0.0": {
							"vector": [0, 0, 0]
						},
						"0.1667": {
							"vector": [0, -0.475, 0]
						},
						"0.4": {
							"vector": [0, 0, 0]
						}
					}
				},
				"_camera_": {
					"rotation": {
						"0.0": {
							"vector": [0, 0, 0]
						},
						"0.1333": {
							"vector": [0, 0, 1]
						},
						"0.2": {
							"vector": [0, 0, -0.8]
						},
						"0.2667": {
							"vector": [0, 0, 0]
						}
					},
					"position": {
						"0.0": {
							"vector": [0, 0, 0]
						},
						"0.2667": {
							"vector": [0, 0, 0]
						}
					}
				}
			},
			"sound_effects": {
				"0.0": {
					"effect": "inspect_up"
				},
				"0.0333": {
					"effect": "eea_ak_switchdown"
				}
			}
		},
		"animation.model.inspect": {
			"loop": true,
			"animation_length": 4.5,
			"bones": {
				"main": {
					"rotation": {
						"0.0": {
							"vector": [0, 0, 0]
						},
						"0.3": {
							"vector": [-26.32055, -28.95323, -38.41824]
						},
						"0.4": {
							"vector": [-35.67482, -22.47815, -25.89873]
						},
						"0.5333": {
							"vector": [-27.10413, -31.89841, -42.85878]
						},
						"0.6667": {
							"vector": [-31.47595, -27.60818, -34.06855]
						},
						"0.8": {
							"vector": [-28.83861, -30.37357, -39.50532]
						},
						"0.9667": {
							"vector": [-25.82568, -32.90129, -45.24438]
						},
						"1.1667": {
							"vector": [-15.33861, -38.4026, -63.12002]
						},
						"1.4333": {
							"vector": [-13.79014, -38.90563, -65.59883]
						},
						"1.6": {
							"vector": [-23.396, -34.56804, -49.61751]
						},
						"1.8": {
							"vector": [-29.8406, -29.39348, -37.49451]
						},
						"2.0": {
							"vector": [-28.36673, 30.80881, 46.54327]
						},
						"2.1667": {
							"vector": [-11.4723, 39.54204, 75.37415]
						},
						"2.2667": {
							"vector": [-17.09983, 37.44596, 65.1977]
						},
						"2.3333": {
							"vector": [-18.56524, 36.76543, 62.87759]
						},
						"2.4333": {
							"vector": [-20.19566, 36.01123, 60.32763]
						},
						"2.6333": {
							"vector": [-13.76511, 38.66834, 71.31297]
						},
						"2.8333": {
							"vector": [-17.65176, 37.52462, 65.47144]
						},
						"3.1667": {
							"vector": [-16.71256, 37.87567, 66.99515]
						},
						"3.4": {
							"vector": [-21.55695, 36.44049, 61.87327]
						},
						"3.7667": {
							"vector": [-29.8846, 34.82405, 57.48541]
						},
						"3.9": {
							"vector": [-23.04125, 16.80573, 39.96438]
						},
						"4.0333": {
							"vector": [-14.02849, -0.56127, 20.29977]
						},
						"4.1333": {
							"vector": [0.07114, -1.17748, 6.35289]
						},
						"4.2333": {
							"vector": [0.22772, -0.91236, -6.06892]
						},
						"4.3667": {
							"vector": [0.05611, -0.58726, 3.92614]
						},
						"4.4667": {
							"vector": [0, 0, 0]
						}
					},
					"position": {
						"0.0": {
							"vector": [0, 0, 0]
						},
						"0.1667": {
							"vector": [-4.4203, 0.77566, -13.74943]
						},
						"0.3333": {
							"vector": [-3.9535, -7.29716, -6.9926]
						},
						"0.5333": {
							"vector": [-4.51251, -5.50196, -8.33177]
						},
						"0.7333": {
							"vector": [-4.43, -4.25, -10.14]
						},
						"1.0333": {
							"vector": [-4.45094, -4.64235, -9.68655]
						},
						"1.3": {
							"vector": [-4.25488, -4.38643, -10.12316]
						},
						"1.5667": {
							"vector": [-4.09449, -4.79644, -9.80279]
						},
						"1.7333": {
							"vector": [-3.65485, -4.8128, -10.18792]
						},
						"1.9667": {
							"vector": [-3.53449, -2.66249, -12.69297]
						},
						"2.1333": {
							"vector": [-3.56247, -3.29858, -11.92113]
						},
						"2.3": {
							"vector": [-3.41, -3.78, -11.86]
						},
						"2.5333": {
							"vector": [-3.09041, -2.85436, -11.72661]
						},
						"2.7": {
							"vector": [-3.10745, -3.57692, -11.35208]
						},
						"2.9333": {
							"vector": [-3.11, -3.77, -11.25]
						},
						"3.2": {
							"vector": [-3.12047, -3.77606, -11.12317]
						},
						"3.3333": {
							"vector": [-3.12, -3.555, -10.96]
						},
						"3.4667": {
							"vector": [-3.12, -3.925, -10.9]
						},
						"3.6333": {
							"vector": [-3.12, -4.39, -10.67]
						},
						"3.9667": {
							"vector": [-0.08, 0.845, -5.875]
						},
						"4.1667": {
							"vector": [-0.04, 0.32, -6.065]
						},
						"4.3": {
							"vector": [-0.01, -1.11, -4.45]
						},
						"4.4333": {
							"vector": [0, 0, 0]
						}
					}
				},
				"leftarm": {
					"rotation": {
						"0.0": {
							"vector": [0, 0, 0]
						},
						"0.2667": {
							"vector": [-45.13234, 71.33372, -81.76837]
						},
						"3.7333": {
							"vector": [-45.13234, 71.33372, -81.76837]
						},
						"4.1333": {
							"vector": [0, 0, 0]
						}
					},
					"position": {
						"0.0": {
							"vector": [0, 0, 0]
						},
						"0.0667": {
							"vector": [9.47769, -9.10617, 9.45309]
						},
						"0.2667": {
							"vector": [12.05588, -33.69803, 37.55014]
						},
						"3.7333": {
							"vector": [22.05588, -0.69803, 88.55014]
						},
						"4.1333": {
							"vector": [0, 0, 0]
						}
					},
					"scale": {
						"0.0": {
							"vector": [1, 1, 1]
						},
						"4.1333": {
							"vector": [1, 1, 1]
						}
					}
				},
				"_camera_": {
					"rotation": {
						"0.0": {
							"vector": [0, 0, 0]
						},
						"0.1": {
							"vector": [-0.01091, 1.24995, -0.50012]
						},
						"0.2": {
							"vector": [-1.31346, 1.78854, -1.03401]
						},
						"0.3": {
							"vector": [-3.43914, 2.08948, 0.95199]
						},
						"0.4": {
							"vector": [-3.79082, 2.20398, 0.2289]
						},
						"0.5667": {
							"vector": [-4.23078, 2.46161, 0.6044]
						},
						"0.7667": {
							"vector": [-4.99004, 2.77768, -0.09243]
						},
						"1.8": {
							"vector": [-4, 2, -0.2]
						},
						"1.9667": {
							"vector": [-4.7884, 2.17398, -0.05974]
						},
						"2.0667": {
							"vector": [-5.76214, 0.67496, -0.23406]
						},
						"2.2667": {
							"vector": [-4.99112, 1.04354, -0.50182]
						},
						"2.3667": {
							"vector": [-5.00373, 1.10382, 0.42566]
						},
						"2.4667": {
							"vector": [-5.02016, 1.13464, 0.99563]
						},
						"3.1333": {
							"vector": [1, 0, 0]
						},
						"3.8667": {
							"vector": [-1.02016, 1, 0.99563]
						},
						"4.0": {
							"vector": [1, 0, 0]
						},
						"4.1": {
							"vector": [0.71276, 0.04672, -3.74971]
						},
						"4.2": {
							"vector": [0.42831, -0.01496, 1.69993]
						},
						"4.2667": {
							"vector": [0, 0, 0]
						}
					}
				}
			},
			"sound_effects": {
				"0.0": {
					"effect": "inspect_up"
				},
				"1.0667": {
					"effect": "inspect_foley"
				},
				"1.5333": {
					"effect": "inspect_turn"
				},
				"3.9": {
					"effect": "inspect_down"
				}
			}
		},
		"animation.model.draw": {
			"loop": true,
			"animation_length": 0.9,
			"bones": {
				"main": {
					"rotation": {
						"0.0": {
							"vector": [32.09413, -54.38778, -8.29667]
						},
						"0.3167": {
							"vector": [1.96006, -7.02677, 17.36059]
						},
						"0.4": {
							"vector": [-1.53375, -4.77949, 13.30076]
						},
						"0.4833": {
							"vector": [0.85003, 0.37628, 0.49013]
						},
						"0.55": {
							"vector": [0.06086, -1.17806, 6.853]
						},
						"0.6167": {
							"vector": [0.17159, -0.92456, -2.56849]
						},
						"0.7": {
							"vector": [0.06636, -0.58619, 2.92609]
						},
						"0.9": {
							"vector": [0, 0, 0]
						}
					},
					"position": {
						"0.0": {
							"vector": [0, -17.3, 0]
						},
						"0.1": {
							"vector": [0, -7.41, -4.07]
						},
						"0.2833": {
							"vector": [0.3, -0.62, 0.605]
						},
						"0.4333": {
							"vector": [-0.25, -1.65, -1.02]
						},
						"0.5167": {
							"vector": [-0.14, -2.67, -3.015]
						},
						"0.5667": {
							"vector": [-0.08, -3.155, -5.875]
						},
						"0.65": {
							"vector": [-0.01, -1.11, -4.45]
						},
						"0.8333": {
							"vector": [0, 0, 0]
						}
					}
				},
				"leftarm": {
					"rotation": {
						"0.0": {
							"vector": [0, 0, 0]
						},
						"0.8667": {
							"vector": [0, 0, 0]
						}
					},
					"position": {
						"0.0": {
							"vector": [0, 0, 0]
						},
						"0.8667": {
							"vector": [0, 0, 0]
						}
					}
				},
				"gun": {
					"rotation": {
						"vector": [0, 0, 0]
					},
					"position": {
						"vector": [0, 0, 0]
					}
				},
				"switch": {
					"rotation": {
						"0.0": {
							"vector": [-23.25, 0, 0]
						},
						"0.45": {
							"vector": [-23.25, 0, 0]
						},
						"0.5333": {
							"vector": [0, 0, 0]
						}
					},
					"position": {
						"0.0": {
							"vector": [0, 0, 0]
						},
						"0.5333": {
							"vector": [0, 0, 0]
						}
					}
				},
				"_camera_": {
					"rotation": {
						"0.0": {
							"vector": [0, 0, 0]
						},
						"0.25": {
							"vector": [1.88793, 1.06344, 0.88151]
						},
						"0.45": {
							"vector": [2.1, 1.03864, 1.63123]
						},
						"0.5333": {
							"vector": [1.07911, 1.84678, -1.26861]
						},
						"0.7667": {
							"vector": [0, 0, 0]
						}
					}
				},
				"rightarm": {
					"rotation": {
						"0.0": {
							"vector": [0, 0, 0]
						},
						"0.15": {
							"vector": [0, 0, 0]
						},
						"0.35": {
							"vector": [-23.86885, 11.84208, 16.98326]
						},
						"0.45": {
							"vector": [-14.44993, 21.97255, 9.62793]
						},
						"0.5333": {
							"vector": [-9.7402, 18.14826, 12.57456]
						},
						"0.65": {
							"vector": [-9.7402, 18.14826, 12.57456]
						},
						"0.7333": {
							"vector": [0, 0, 0]
						}
					},
					"position": {
						"0.0": {
							"vector": [0, 0, 0]
						},
						"0.15": {
							"vector": [0, 0, 0]
						},
						"0.35": {
							"vector": [-6.50233, -0.05993, 6.00293]
						},
						"0.45": {
							"vector": [-1.55314, 0.93927, 11.49007]
						},
						"0.5333": {
							"vector": [-3.18551, 2.14539, 13.03111]
						},
						"0.65": {
							"vector": [0, 0, 0]
						},
						"0.7333": {
							"vector": [0, 0, 0]
						}
					}
				}
			},
			"sound_effects": {
				"0.0": {
					"effect": "ak_draw"
				},
				"0.4": {
					"effect": "ak_safety"
				}
			}
		}
	},
	"geckolib_format_version": 2
}