{
	"format_version": "1.8.0",
	"animations": {
		"animation.model.reload": {
			"loop": true,
			"animation_length": 2.2333,
			"bones": {
				"main": {
					"rotation": {
						"0.0": {
							"vector": [0, 0, 0]
						},
						"0.1": {
							"vector": [-8.08842, -3.79984, -5.17146]
						},
						"0.2": {
							"vector": [-15.54696, -6.64384, -6.57832]
						},
						"0.3": {
							"vector": [-17.92921, -11.61131, -7.31351]
						},
						"0.4": {
							"vector": [-18.55591, -16.52472, -8.10474]
						},
						"0.5333": {
							"vector": [-18.45912, -17.69207, -7.6959]
						},
						"0.6667": {
							"vector": [-15.75272, -20.00836, -15.88735]
						},
						"0.7667": {
							"vector": [-17.76245, -18.39159, -9.94501]
						},
						"0.9": {
							"vector": [-21.86006, -18.64693, -10.41129]
						},
						"1.0": {
							"vector": [-24.41956, -15.6209, -2.78925]
						},
						"1.1333": {
							"vector": [-24.26212, -16.76228, -4.98796]
						},
						"1.2333": {
							"vector": [-25.14532, -16.89591, -5.25352]
						},
						"1.3667": {
							"vector": [-27.1104, -15.82692, -2.85592]
						},
						"1.4667": {
							"vector": [-22.93018, -15.37441, -3.36759]
						},
						"1.7": {
							"vector": [-17.05184, -7.6869, 14.1683]
						},
						"1.8667": {
							"vector": [0, 0, 8.5]
						},
						"2.0": {
							"vector": [0, 0, 0]
						}
					},
					"position": {
						"0.0": {
							"vector": [0, 0, 0]
						},
						"0.0667": {
							"vector": [0, 1.345, -1]
						},
						"0.1667": {
							"vector": [0, 1.73, -1]
						},
						"0.2667": {
							"vector": [0, 0.205, -1]
						},
						"0.3667": {
							"vector": [0, -1.315, -2]
						},
						"0.5": {
							"vector": [0, -4.36, -2]
						},
						"0.6": {
							"vector": [0, -3.5, -2]
						},
						"0.7": {
							"vector": [0, 0.795, -2]
						},
						"0.7667": {
							"vector": [0, 1.37, -2]
						},
						"0.8667": {
							"vector": [0, -1.67, -2]
						},
						"1.0667": {
							"vector": [0, -0.33, -2]
						},
						"1.2": {
							"vector": [0, 0.055, -2]
						},
						"1.3": {
							"vector": [0, -0.345, -2]
						},
						"1.3667": {
							"vector": [0, -1.09, -2]
						},
						"1.4667": {
							"vector": [0, -2.2, -2]
						},
						"1.5333": {
							"vector": [0, 0.52, -2]
						},
						"1.6333": {
							"vector": [0, -1.58, -2]
						},
						"1.8": {
							"vector": [0, -1.105, -1]
						},
						"1.9333": {
							"vector": [0, 0, 0]
						}
					}
				},
				"leftarm": {
					"rotation": {
						"0.0": {
							"vector": [0, 0, 0]
						},
						"0.0667": {
							"vector": [0, 0, 0]
						},
						"0.2667": {
							"vector": [0, 5, 0]
						},
						"0.5": {
							"vector": [0, 7.5, 0]
						},
						"0.7": {
							"vector": [-1, 7.5, 0]
						},
						"0.8": {
							"vector": [0, 0, 0]
						},
						"1.6333": {
							"vector": [0, 0, 0]
						},
						"1.7333": {
							"vector": [0, 0, 0]
						}
					},
					"position": {
						"0.0": {
							"vector": [0, 0, 0]
						},
						"0.0667": {
							"vector": [3, -3, 0]
						},
						"0.2667": {
							"vector": [3, -9, 0]
						},
						"0.5": {
							"vector": [3, -12, 0]
						},
						"0.7": {
							"vector": [3, -9.7, 0]
						},
						"0.8": {
							"vector": [3, -9.33, 2]
						},
						"0.9333": {
							"vector": [3, -60, 0]
						},
						"1.3667": {
							"vector": [3, -51, 0]
						},
						"1.5333": {
							"vector": [3, -9.75, 0]
						},
						"1.6333": {
							"vector": [3, -3, 0]
						},
						"1.7333": {
							"vector": [0, 0, 0]
						}
					}
				},
				"magazine": {
					"position": {
						"0.0": {
							"vector": [0, 0, 0]
						},
						"0.7333": {
							"vector": [0, 0, 0]
						},
						"0.8": {
							"vector": [0, 0, 0]
						},
						"0.8333": {
							"vector": [0, -11.25, 2]
						},
						"0.8667": {
							"vector": [0, -22.5, 3.33]
						},
						"0.9333": {
							"vector": [0, -60, 0]
						},
						"1.3667": {
							"vector": [3, -40, 0]
						},
						"1.5": {
							"vector": [-0.1, -13.93, 1.4]
						},
						"1.5333": {
							"vector": [0, -2.75, 2]
						},
						"1.6": {
							"vector": [0, 0, 0]
						}
					}
				},
				"_camera_": {
					"rotation": {
						"0.0": {
							"vector": [0, 0, 0]
						},
						"0.5": {
							"vector": [1, 0, 1]
						},
						"0.8333": {
							"vector": [-1, -1, 1]
						},
						"0.9333": {
							"vector": [0, 0, 0]
						},
						"1.2333": {
							"vector": [0, 1, 2]
						},
						"1.5": {
							"vector": [2, 0, 2]
						},
						"1.8333": {
							"vector": [-1, 0, -1]
						},
						"2.1": {
							"vector": [0, 0, 0]
						}
					}
				}
			},
			"sound_effects": {
				"0.3": {
					"effect": "eea_pm_magout"
				},
				"1.0667": {
					"effect": "eea_pm_magin"
				}
			}
		},
		"animation.model.reloadempty": {
			"loop": true,
			"animation_length": 2.7333,
			"bones": {
				"main": {
					"rotation": {
						"0.0": {
							"vector": [0, 0, 0]
						},
						"0.1": {
							"vector": [-8.08842, -3.79984, -5.17146]
						},
						"0.2": {
							"vector": [-15.54696, -6.64384, -6.57832]
						},
						"0.3": {
							"vector": [-17.92921, -11.61131, -7.31351]
						},
						"0.4": {
							"vector": [-18.55591, -16.52472, -8.10474]
						},
						"0.5333": {
							"vector": [-18.45912, -17.69207, -7.6959]
						},
						"0.6667": {
							"vector": [-15.75272, -20.00836, -15.88735]
						},
						"0.7667": {
							"vector": [-17.76245, -18.39159, -9.94501]
						},
						"0.9": {
							"vector": [-21.86006, -18.64693, -10.41129]
						},
						"1.0": {
							"vector": [-24.41956, -15.6209, -2.78925]
						},
						"1.1333": {
							"vector": [-24.26212, -16.76228, -4.98796]
						},
						"1.2333": {
							"vector": [-25.14532, -16.89591, -5.25352]
						},
						"1.3667": {
							"vector": [-27.1104, -15.82692, -2.85592]
						},
						"1.4667": {
							"vector": [-22.93018, -15.37441, -3.36759]
						},
						"1.7": {
							"vector": [-17.05184, -7.6869, 14.1683]
						},
						"1.8667": {
							"vector": [-14.99188, -5.85669, 10.79489]
						},
						"2.0": {
							"vector": [-18.43065, -9.13892, 9.6798]
						},
						"2.0667": {
							"vector": [-15.78471, -4.18996, 7.34574]
						},
						"2.1333": {
							"vector": [-5.2871, -6.09262, 6.4532]
						},
						"2.2": {
							"vector": [-5.26261, -2.60743, 6.13055]
						},
						"2.3333": {
							"vector": [0, 0, 0]
						}
					},
					"position": {
						"0.0": {
							"vector": [0, 0, 0]
						},
						"0.0667": {
							"vector": [0, 1.345, -1]
						},
						"0.1667": {
							"vector": [0, 1.73, -1]
						},
						"0.2667": {
							"vector": [0, 0.205, -1]
						},
						"0.3667": {
							"vector": [0, -1.315, -2]
						},
						"0.5": {
							"vector": [0, -4.36, -2]
						},
						"0.6": {
							"vector": [0, -3.5, -2]
						},
						"0.7": {
							"vector": [0, 0.795, -2]
						},
						"0.7667": {
							"vector": [0, 1.37, -2]
						},
						"0.8667": {
							"vector": [0, -1.67, -2]
						},
						"1.0667": {
							"vector": [0, -0.33, -2]
						},
						"1.2": {
							"vector": [0, 0.055, -2]
						},
						"1.3": {
							"vector": [0, -0.345, -2]
						},
						"1.3667": {
							"vector": [0, -1.09, -2]
						},
						"1.4667": {
							"vector": [0, -2.2, -2]
						},
						"1.5333": {
							"vector": [0, 0.52, -2]
						},
						"1.6333": {
							"vector": [0, -1.58, -2]
						},
						"1.8": {
							"vector": [0, -1.105, -4.2]
						},
						"2.1333": {
							"vector": [0, -0.49, -5.1]
						},
						"2.2667": {
							"vector": [-1.075, -0.49, -2.8]
						},
						"2.4": {
							"vector": [0, 0, 0]
						}
					}
				},
				"leftarm": {
					"rotation": {
						"0.0": {
							"vector": [0, 0, 0]
						},
						"0.0667": {
							"vector": [0, 0, 0]
						},
						"0.2667": {
							"vector": [0, 5, 0]
						},
						"0.5": {
							"vector": [0, 7.5, 0]
						},
						"0.7": {
							"vector": [-1, 7.5, 0]
						},
						"0.8": {
							"vector": [0, 0, 0]
						},
						"1.6333": {
							"vector": [0, 0, 0]
						},
						"1.7333": {
							"vector": [0, 0, 0]
						}
					},
					"position": {
						"0.0": {
							"vector": [0, 0, 0]
						},
						"0.0667": {
							"vector": [3, -3, 0]
						},
						"0.2667": {
							"vector": [3, -9, 0]
						},
						"0.5": {
							"vector": [3, -12, 0]
						},
						"0.7": {
							"vector": [3, -9.7, 0]
						},
						"0.8": {
							"vector": [3, -9.33, 2]
						},
						"0.9333": {
							"vector": [3, -60, 0]
						},
						"1.3667": {
							"vector": [3, -51, 0]
						},
						"1.5333": {
							"vector": [3, -9.75, 0]
						},
						"1.6333": {
							"vector": [3, -3, 0]
						},
						"1.7333": {
							"vector": [0, 0, 0]
						}
					}
				},
				"magazine": {
					"position": {
						"0.0": {
							"vector": [0, 0, 0]
						},
						"0.7333": {
							"vector": [0, 0, 0]
						},
						"0.8": {
							"vector": [0, 0, 0]
						},
						"0.8333": {
							"vector": [0, -11.25, 2]
						},
						"0.8667": {
							"vector": [0, -22.5, 3.33]
						},
						"0.9333": {
							"vector": [0, -60, 0]
						},
						"1.3667": {
							"vector": [3, -40, 0]
						},
						"1.5": {
							"vector": [-0.1, -13.93, 1.4]
						},
						"1.5333": {
							"vector": [0, -2.75, 2]
						},
						"1.6": {
							"vector": [0, 0, 0]
						}
					}
				},
				"slide": {
					"position": {
						"0.0": {
							"vector": [0, 0, 7]
						},
						"2.0": {
							"vector": [0, 0, 7]
						},
						"2.0667": {
							"vector": [0, 0, 0]
						}
					}
				},
				"_camera_": {
					"rotation": {
						"0.0": {
							"vector": [0, 0, 0]
						},
						"0.5": {
							"vector": [1, 0, 1]
						},
						"0.7333": {
							"vector": [-1, -1, 1]
						},
						"0.8333": {
							"vector": [1, -1, 1]
						},
						"0.9333": {
							"vector": [0, 0, 0]
						},
						"1.2333": {
							"vector": [0, 1, 2]
						},
						"1.5": {
							"vector": [2, 0, 2]
						},
						"1.7": {
							"vector": [-1, 0, -1]
						},
						"1.8667": {
							"vector": [1, 0, -2]
						},
						"2.0333": {
							"vector": [1, -1, 3]
						},
						"2.2667": {
							"vector": [0, 0, 0]
						},
						"2.4667": {
							"vector": [0, 0, 0]
						}
					}
				}
			},
			"sound_effects": {
				"0.3": {
					"effect": "eea_pm_magout"
				},
				"1.0667": {
					"effect": "eea_pm_magin"
				},
				"1.8667": {
					"effect": "eea_pm_slide"
				}
			}
		},
		"animation.model.draw": {
			"loop": true,
			"animation_length": 1.2,
			"bones": {
				"main": {
					"rotation": {
						"0.0": {
							"vector": [18.3516, -10.6923, 15.19687]
						},
						"0.2": {
							"vector": [1.75167, -2.49883, -4.07639]
						},
						"0.35": {
							"vector": [0.58201, -1.04064, 2.6563]
						},
						"0.45": {
							"vector": [0.34258, 0.38164, 0.59987]
						},
						"0.55": {
							"vector": [0, 0, 0]
						}
					},
					"position": {
						"0.0": {
							"vector": [0, -17.3, 10]
						},
						"0.1": {
							"vector": [0, -7.41, -4.07]
						},
						"0.2": {
							"vector": [-0.4, -1.2, -7.75]
						},
						"0.3": {
							"vector": [0.4, 0, 1.6]
						},
						"0.5": {
							"vector": [0, 0, 0]
						}
					}
				},
				"leftarm": {
					"rotation": {
						"0.0": {
							"vector": [0, 0, 0]
						},
						"0.2": {
							"vector": [1, 0, -22]
						},
						"0.4": {
							"vector": [0, -3.75, 0]
						},
						"0.55": {
							"vector": [0, 0, 0]
						}
					},
					"position": {
						"0.0": {
							"vector": [0, -3, 0]
						},
						"0.2": {
							"vector": [3.53901, 1.6754, 5.59783]
						},
						"0.4": {
							"vector": [0, -1, 0]
						},
						"0.55": {
							"vector": [0, 0, 0]
						}
					}
				},
				"_camera_": {
					"rotation": {
						"0.0": {
							"vector": [0, 0, 0]
						},
						"0.1": {
							"vector": [1, 0, -0.5]
						},
						"0.35": {
							"vector": [0, 0, 0]
						}
					}
				}
			},
			"sound_effects": {
				"0.05": {
					"effect": "pistol_draw"
				}
			}
		},
		"animation.model.inspect": {
			"loop": true,
			"animation_length": 3.8667,
			"bones": {
				"main": {
					"rotation": {
						"0.0": {
							"vector": [0, 0, 0]
						},
						"0.2": {
							"vector": [-2.46998, -8.33251, -6.45591]
						},
						"0.4": {
							"vector": [-6.73474, -16.02788, -0.29981]
						},
						"0.8": {
							"vector": [-5.79558, -16.38266, -3.6641]
						},
						"1.2": {
							"vector": [-7.02074, -16.47215, -4.63293],
							"easing": "easeInOutSine"
						},
						"1.4667": {
							"vector": [-5.20663, -16.57441, -5.74017]
						},
						"1.6667": {
							"vector": [-3.55121, -16.99472, -11.46833]
						},
						"1.8333": {
							"vector": [-3.16895, -17.06798, -12.77342]
						},
						"2.0": {
							"vector": [-3.62744, -16.97906, -11.20744]
						},
						"2.1667": {
							"vector": [-14.95221, -3.08245, 53.09863]
						},
						"2.3333": {
							"vector": [-16.17812, -6.35676, 45.65531]
						},
						"2.4": {
							"vector": [-16.09653, -6.56522, 44.93026]
						},
						"2.5667": {
							"vector": [-16.4306, -5.65481, 48.068]
						},
						"2.7": {
							"vector": [-16.71368, -4.7276, 51.1958]
						},
						"2.8333": {
							"vector": [-16.58939, -5.15745, 49.75334]
						},
						"3.0333": {
							"vector": [-15.00366, -4.83914, 44.12012]
						},
						"3.1333": {
							"vector": [-14.23616, -4.61285, 41.73853]
						},
						"3.2333": {
							"vector": [-12.15854, -6.50796, 28.68148]
						},
						"3.4": {
							"vector": [-5.98897, -2.2123, 14.14912]
						},
						"3.5": {
							"vector": [-1.64026, -1.04922, -8.5138]
						},
						"3.6667": {
							"vector": [0, 0, 0]
						}
					},
					"position": {
						"0.0": {
							"vector": [0, 0, 0]
						},
						"0.1333": {
							"vector": [0, 1.4, 0]
						},
						"0.3": {
							"vector": [0, -2.5, 0]
						},
						"0.5": {
							"vector": [0, -0.1, 0]
						},
						"0.7": {
							"vector": [0, -0.5, 0]
						},
						"0.9": {
							"vector": [0, -0.3, 0]
						},
						"1.0667": {
							"vector": [0, -1.15, 0.975]
						},
						"1.3333": {
							"vector": [0, -1.41, 0]
						},
						"1.5333": {
							"vector": [0, -0.5, 0]
						},
						"1.7667": {
							"vector": [0, -0.9, 0]
						},
						"2.0667": {
							"vector": [1.775, -1.7, 0]
						},
						"2.2667": {
							"vector": [1.975, 1.28, 0]
						},
						"2.5": {
							"vector": [1.98, 0.88, 0]
						},
						"2.7": {
							"vector": [1.98, 2.455, 0]
						},
						"2.8333": {
							"vector": [1.98, 2.06, 0]
						},
						"3.0": {
							"vector": [1.74, 1.8, 0]
						},
						"3.1": {
							"vector": [1.6, 2.06, 0]
						},
						"3.2": {
							"vector": [1.41, 2.875, 0]
						},
						"3.3": {
							"vector": [0.57, 3.12, 0]
						},
						"3.4": {
							"vector": [0.15, 2.1, 0]
						},
						"3.5": {
							"vector": [0, -2.175, 0]
						},
						"3.5667": {
							"vector": [0, 0, 0]
						}
					}
				},
				"leftarm": {
					"rotation": {
						"vector": [0, 0, 0]
					},
					"position": {
						"0.0": {
							"vector": [0, 0, 0]
						},
						"0.1667": {
							"vector": [6, -10, 0]
						},
						"0.3": {
							"vector": [6, -37, 0]
						},
						"3.2": {
							"vector": [6, -37, 0]
						},
						"3.4667": {
							"vector": [0, 0, 0]
						}
					}
				},
				"_camera_": {
					"rotation": {
						"0.0": {
							"vector": [0, 0, 0]
						},
						"0.1667": {
							"vector": [-2, 0, 1]
						},
						"0.3667": {
							"vector": [4, 2, 0]
						},
						"0.4667": {
							"vector": [4, 2, 1]
						},
						"0.6": {
							"vector": [4, 2, 0]
						},
						"1.0": {
							"vector": [4.2, 2.2, 0]
						},
						"1.1": {
							"vector": [3.5, 2, 0]
						},
						"1.2667": {
							"vector": [4, 2.5, 0]
						},
						"1.5333": {
							"vector": [4, 2.5, 0]
						},
						"1.6667": {
							"vector": [4.5, 2.2, 0]
						},
						"2.0": {
							"vector": [4.2, 2.7, 0]
						},
						"2.1667": {
							"vector": [4.3, -3, 0]
						},
						"2.3333": {
							"vector": [4.6, -3.8, 0]
						},
						"2.6": {
							"vector": [4.6, -3.5, 0]
						},
						"2.8667": {
							"vector": [4.6, -3.5, 0]
						},
						"3.1333": {
							"vector": [4.6, -3.5, 0]
						},
						"3.3667": {
							"vector": [-1, -1, 0]
						},
						"3.5": {
							"vector": [1, 0, 0]
						},
						"3.6": {
							"vector": [0, 0, 0]
						}
					},
					"position": {
						"0.0": {
							"vector": [0, 0, 0]
						},
						"0.1667": {
							"vector": [0, 0, 0]
						},
						"0.3667": {
							"vector": [0, 0, 0]
						},
						"3.2333": {
							"vector": [0, 0, 0]
						}
					}
				}
			}
		},
		"animation.model.fire": {
			"loop": true,
			"animation_length": 0.4,
			"bones": {
				"main": {
					"rotation": {
						"0.0": {
							"vector": [0, 0, 0]
						},
						"0.0333": {
							"vector": [0, 0, 0]
						},
						"0.0667": {
							"vector": [-2, 0, 0]
						},
						"0.1": {
							"vector": [-1, 0, 0]
						},
						"0.1667": {
							"vector": [2.5, 0, 0]
						},
						"0.3167": {
							"vector": [0, 0, 0]
						}
					},
					"position": {
						"0.0": {
							"vector": [0, 0, 0]
						},
						"0.0333": {
							"vector": [0, 0, 0]
						},
						"0.0667": {
							"vector": [0, 0, 0.8]
						},
						"0.1": {
							"vector": [0, 0, 1.4]
						},
						"0.1667": {
							"vector": [0, -0.8, 0]
						},
						"0.3167": {
							"vector": [0, 0, 0]
						}
					}
				},
				"slide": {
					"position": {
						"0.0": {
							"vector": [0, 0, 0]
						},
						"0.0333": {
							"vector": [0, 0, 0]
						},
						"0.0667": {
							"vector": [0, 0, 6.75]
						},
						"0.1": {
							"vector": [0, 0, 0]
						}
					}
				},
				"leftarm": {
					"rotation": {
						"0.0": {
							"vector": [0, 0, 0]
						},
						"0.0667": {
							"vector": [0, 0, -2.75]
						},
						"0.15": {
							"vector": [0, 0, -1.25]
						},
						"0.2333": {
							"vector": [0, 0, 0]
						}
					}
				},
				"trigger": {
					"rotation": {
						"0.0": {
							"vector": [0, 0, 0]
						},
						"0.0333": {
							"vector": [72.5, 0, 0]
						},
						"0.05": {
							"vector": [72.5, 0, 0]
						},
						"0.0667": {
							"vector": [0, 0, 0]
						}
					},
					"position": {
						"0.0": {
							"vector": [0, 0, 0]
						},
						"0.0667": {
							"vector": [0, 0, 0]
						}
					}
				},
				"_camera_": {
					"rotation": {
						"0.0": {
							"vector": [0, 0, 0]
						},
						"0.1": {
							"vector": [0.2, 0.4, 0.5]
						},
						"0.2167": {
							"vector": [0, 0, 0]
						}
					},
					"position": {
						"0.0": {
							"vector": [0, 0, 0]
						},
						"0.0667": {
							"vector": [0, 0, 0.5]
						},
						"0.2167": {
							"vector": [0, 0, 0]
						}
					}
				}
			}
		},
		"animation.model.running": {
			"loop": true,
			"animation_length": 0.5667,
			"bones": {
				"main": {
					"rotation": {
						"0.0": {
							"vector": [-57.82263, -6.12844, 5.00258]
						},
						"0.1833": {
							"vector": [-58.88397, -7.96808, -1.54433]
						},
						"0.3167": {
							"vector": [-61.69599, -9.42204, 0.94917]
						},
						"0.45": {
							"vector": [-59.03533, -6.29297, 2.33423]
						},
						"0.5667": {
							"vector": [-57.82263, -6.12844, 5.00258]
						}
					},
					"position": {
						"0.0": {
							"vector": [-10.1, 3.65, 0.075]
						},
						"0.0333": {
							"vector": [-9.74, 3.425, -0.39]
						},
						"0.0833": {
							"vector": [-9.6, 4.16, -1.18]
						},
						"0.15": {
							"vector": [-9.39, 5.26, -2.8]
						},
						"0.2333": {
							"vector": [-9.01, 3.97, -5.925]
						},
						"0.3": {
							"vector": [-8.6, 2.825, -6.505]
						},
						"0.35": {
							"vector": [-8.93, 3.055, -7.305]
						},
						"0.3833": {
							"vector": [-9.09, 4.075, -7.365]
						},
						"0.45": {
							"vector": [-9.31, 5.21, -4.29]
						},
						"0.5667": {
							"vector": [-10.1, 3.65, 0.075]
						}
					}
				}
			}
		},
		"animation.model.runningstart": {
			"animation_length": 0.3333,
			"bones": {
				"main": {
					"rotation": {
						"0.0": {
							"vector": [0, 0, 0]
						},
						"0.3333": {
							"vector": [-57.82263, -6.12844, 5.00258]
						}
					},
					"position": {
						"0.0": {
							"vector": [0, 0, 0]
						},
						"0.1667": {
							"vector": [-4.58, -4, 0]
						},
						"0.3333": {
							"vector": [-10.1, 3.65, 0.075]
						}
					}
				}
			}
		},
		"animation.model.runningend": {
			"animation_length": 0.3667,
			"bones": {
				"main": {
					"rotation": {
						"0.0": {
							"vector": [-57.82263, -6.12844, 5.00258]
						},
						"0.1833": {
							"vector": [0.53597, 0.18491, 5.1683]
						},
						"0.2667": {
							"vector": [0.3359, -0.86242, -0.40746]
						},
						"0.3667": {
							"vector": [0, 0, 0]
						}
					},
					"position": {
						"0.0": {
							"vector": [-10.1, 3.65, 0.075]
						},
						"0.0833": {
							"vector": [-4.54, -6.195, 0]
						},
						"0.1833": {
							"vector": [0.225, -0.725, 1.6]
						},
						"0.25": {
							"vector": [0, 0.2, -0.875]
						},
						"0.3333": {
							"vector": [0, 0, 0]
						}
					}
				}
			}
		}
	},
	"geckolib_format_version": 2
}