{
	"format_version": "1.8.0",
	"animations": {
		"animation.model.reloadempty": {
			"loop": true,
			"animation_length": 2.8333,
			"blend_weight": "1",
			"bones": {
				"main": {
					"rotation": {
						"0.0": {
							"vector": [0, 0, 0]
						},
						"0.2": {
							"vector": [1.74195, -0.1677, -5.25255]
						},
						"0.3": {
							"vector": [1.71938, -0.33756, -1.4099]
						},
						"0.4": {
							"vector": [1.74137, -0.21023, -7.39619]
						},
						"0.4667": {
							"vector": [1.50142, -0.1188, -10.89501]
						},
						"0.5667": {
							"vector": [1.75216, -0.08062, -11.64423]
						},
						"0.7667": {
							"vector": [1.75773, -0.09047, -14.87072]
						},
						"0.8667": {
							"vector": [3.00128, 0.24539, -21.74591]
						},
						"0.9333": {
							"vector": [1.99354, 0.33386, -33.22869]
						},
						"1.0333": {
							"vector": [2.6616, 0.78652, -28.2028]
						},
						"1.1667": {
							"vector": [3.47834, -0.24767, -17.49625]
						},
						"1.3667": {
							"vector": [2.97875, 0.38602, -23.96968]
						},
						"1.4333": {
							"vector": [2.98503, 0.334, -22.97102]
						},
						"1.5": {
							"vector": [3.50313, -0.05827, -11.98165]
						},
						"1.6333": {
							"vector": [3.73366, 0.53142, -18.45848]
						},
						"1.7667": {
							"vector": [3.75544, 1.10019, -15.66514]
						},
						"1.8667": {
							"vector": [3.52041, 1.70204, -19.14863]
						},
						"2.0333": {
							"vector": [2.58667, 1.18172, -12.67726]
						},
						"2.2333": {
							"vector": [0, 0, 0]
						}
					},
					"position": {
						"0.0": {
							"vector": [0, 0, 0]
						},
						"0.1333": {
							"vector": [-1.325, -1.825, -3.175],
							"easing": "easeInSine"
						},
						"0.2667": {
							"vector": [-1.675, -1.375, -5.1],
							"easing": "easeInSine"
						},
						"0.3667": {
							"vector": [-1.57, -1.21, -3.855]
						},
						"0.4333": {
							"vector": [-1.57, -1.21, -1.925]
						},
						"0.5333": {
							"vector": [-1.57, -1.21, -2.455]
						},
						"0.7": {
							"vector": [-1.07, -0.42, -3.875],
							"easing": "easeInSine"
						},
						"0.8333": {
							"vector": [-1.07, -0.295, -8.445],
							"easing": "easeInSine"
						},
						"0.9333": {
							"vector": [-1.07, -0.07, -8.87]
						},
						"1.0667": {
							"vector": [-1.27, -0.27, -7.815]
						},
						"1.1667": {
							"vector": [-1.07, -0.52, -7.01]
						},
						"1.2333": {
							"vector": [-1.07, -0.67, -7.56]
						},
						"1.3333": {
							"vector": [-1.07, -0.67, -7.96]
						},
						"1.4333": {
							"vector": [-1.195, -0.67, -7.885]
						},
						"1.5": {
							"vector": [-1.09, -0.72, -6.985]
						},
						"1.6667": {
							"vector": [-1.74, -1.02, -6.355],
							"easing": "easeOutSine"
						},
						"1.7667": {
							"vector": [-1.74, -1.02, -5.41]
						},
						"1.8667": {
							"vector": [-1.74, -1.02, -6.88],
							"easing": "easeOutSine"
						},
						"2.0": {
							"vector": [-1.405, -1.115, -2.885]
						},
						"2.1": {
							"vector": [0.04, -0.37, 1.21]
						},
						"2.2": {
							"vector": [0, 0, 0],
							"easing": "easeOutSine"
						}
					}
				},
				"leftarm": {
					"rotation": {
						"0.0": {
							"vector": [0, 0, 0]
						},
						"0.1667": {
							"vector": [-0.14434, -0.55483, 3.15431]
						},
						"0.4": {
							"vector": [-0.14434, -0.55483, 3.15431]
						},
						"0.5333": {
							"vector": [14.54032, 1.93778, -15.1221]
						},
						"0.6333": {
							"vector": [14.54032, 1.93778, -15.1221]
						},
						"0.7667": {
							"vector": [11.25941, -21.85168, -21.40694]
						},
						"0.8333": {
							"vector": [18.63239, -26.24523, -31.26199]
						},
						"0.9": {
							"vector": [28.06208, -20.90301, -32.73639]
						},
						"0.9667": {
							"vector": [30.56208, -20.90301, -32.73639]
						},
						"1.1": {
							"vector": [22.12554, -3.44801, -11.61915]
						},
						"1.2333": {
							"vector": [-3.90725, 0.16817, 2.48475]
						},
						"1.3333": {
							"vector": [-3.23411, -1.59143, 3.56231]
						},
						"1.4333": {
							"vector": [-3.47516, -3.71861, 5.69156]
						},
						"1.5": {
							"vector": [24.89698, 0.59273, 4.39618]
						},
						"1.9333": {
							"vector": [24.89698, 0.59273, 4.39618]
						},
						"2.0667": {
							"vector": [11.91781, -7.11881, 6.38984]
						},
						"2.2": {
							"vector": [0, 0, 0]
						}
					},
					"position": {
						"0.0": {
							"vector": [0, 0, 0]
						},
						"0.1667": {
							"vector": [-0.99104, -0.63564, 2.36208]
						},
						"0.4": {
							"vector": [-0.99104, -0.63564, 2.36208]
						},
						"0.5333": {
							"vector": [18.17852, -20.55037, 33.7765]
						},
						"0.6333": {
							"vector": [18.17852, -20.55037, 33.7765]
						},
						"0.7667": {
							"vector": [6.75347, -14.25586, 26.74785]
						},
						"0.8333": {
							"vector": [7.1572, -12.10711, 27.2485]
						},
						"0.9": {
							"vector": [2.39512, -11.10195, 23.87921]
						},
						"0.9667": {
							"vector": [4.01293, -9.33505, 16.08026]
						},
						"1.1": {
							"vector": [1.79051, -11.5269, 16.46339]
						},
						"1.1667": {
							"vector": [1.43203, -12.46043, 9.75943]
						},
						"1.2333": {
							"vector": [-1.01518, -15.80956, 10.6516]
						},
						"1.3333": {
							"vector": [-0.35685, -15.90454, 9.62163]
						},
						"1.4333": {
							"vector": [-2.14425, -16.45162, 9.60315]
						},
						"1.5": {
							"vector": [-5.7527, -8.00718, 19.61531]
						},
						"1.9333": {
							"vector": [-5.7527, -8.00718, 19.61531]
						},
						"2.0667": {
							"vector": [-1.31495, -4.52226, 9.79047]
						},
						"2.2": {
							"vector": [0, 0, 0]
						}
					}
				},
				"action": {
					"rotation": {
						"0.0": {
							"vector": [0, 0, 0]
						},
						"0.2667": {
							"vector": [0, 0, 0]
						},
						"1.8333": {
							"vector": [0, 0, 0]
						}
					},
					"position": {
						"0.0": {
							"vector": [0, 0, 0]
						},
						"0.2667": {
							"vector": [0, 0, 0]
						},
						"0.3667": {
							"vector": [0, 0, 2]
						},
						"0.4333": {
							"vector": [0, 0, 11]
						},
						"1.8": {
							"vector": [0, 0, 11]
						},
						"1.8333": {
							"vector": [0, 0, 0]
						}
					}
				},
				"rightarm": {
					"rotation": {
						"0.0": {
							"vector": [0, 0, 0]
						},
						"0.1": {
							"vector": [1.36471, 2.12722, -1.89153]
						},
						"0.2667": {
							"vector": [-5.82102, -17.37461, -31.55764]
						},
						"0.3667": {
							"vector": [-9.2311, -20.70418, -30.29272]
						},
						"0.4333": {
							"vector": [-5.48152, -28.11499, -35.99407]
						},
						"0.5333": {
							"vector": [-0.47761, -30.13329, -43.57433]
						},
						"1.8": {
							"vector": [-0.47761, -30.13329, -43.57433]
						},
						"1.9": {
							"vector": [-30.72761, -58.47458, -18.78634]
						},
						"2.1": {
							"vector": [0, 0, 0]
						}
					},
					"position": {
						"0.0": {
							"vector": [0, 0, 0]
						},
						"0.1": {
							"vector": [-3.86617, -0.95193, 2.99611]
						},
						"0.2667": {
							"vector": [-6.21042, 0.59544, -27.98991],
							"easing": "easeOutSine"
						},
						"0.3": {
							"vector": [-6.21042, 0.59544, -27.98991]
						},
						"0.3667": {
							"vector": [-6.11, -0.825, -27.59]
						},
						"0.4333": {
							"vector": [-7.035, -1.52, -20.115]
						},
						"0.5333": {
							"vector": [-7.035, -1.87, -20.115]
						},
						"1.8": {
							"vector": [-7.035, -1.87, -20.115]
						},
						"1.8667": {
							"vector": [-10.105, -6.87, -6.495]
						},
						"1.9333": {
							"vector": [-14.575, -12.22, -4.07]
						},
						"2.1": {
							"vector": [0, 0, 0]
						}
					}
				},
				"magazine": {
					"rotation": {
						"0.0": {
							"vector": [0, 0, 0]
						},
						"0.8333": {
							"vector": [0, 0, 0]
						},
						"0.8667": {
							"vector": [-10.48085, -0.63744, -3.44153]
						},
						"0.9": {
							"vector": [-11.85924, 0.04053, -12.61654]
						},
						"0.9667": {
							"vector": [-20.21848, -15.66557, -3.91563]
						},
						"1.0333": {
							"vector": [-4.61249, -32.40953, -23.63269]
						},
						"1.1333": {
							"vector": [-20.79153, 4.27759, 30.76498]
						},
						"1.4333": {
							"vector": [-20.79153, 4.27759, 30.76498]
						},
						"1.5": {
							"vector": [0, 0, 0]
						}
					},
					"position": {
						"0.0": {
							"vector": [0, 0, 0]
						},
						"0.8333": {
							"vector": [0, 0, 0]
						},
						"0.8667": {
							"vector": [0, 0.01145, -0.37483]
						},
						"0.9": {
							"vector": [-0.27046, -1.25585, -5.58609]
						},
						"0.9667": {
							"vector": [4.98611, -1.55047, -28.75968]
						},
						"1.0333": {
							"vector": [8.01868, -12.21913, -52.5219],
							"easing": "easeInSine"
						},
						"1.1333": {
							"vector": [16.00198, -60.59647, -94.46691]
						},
						"1.2667": {
							"vector": [16.43657, -86.28657, -95.81602]
						},
						"1.3667": {
							"vector": [7.44, -34.09, 44.78]
						},
						"1.4333": {
							"vector": [1.43657, 0.71343, 20.18398]
						},
						"1.5": {
							"vector": [0, 0, 0]
						}
					},
					"scale": {
						"0.0": {
							"vector": [1, 1, 1]
						},
						"1.3333": {
							"vector": [1, 1, 1]
						},
						"1.3667": {
							"vector": [0, 0, 0]
						},
						"1.5": {
							"vector": [0, 0, 0]
						}
					}
				},
				"bullet": {
					"position": {
						"vector": [0, -1, 0]
					}
				},
				"magazine2": {
					"rotation": {
						"0.0": {
							"vector": [0, 0, 0]
						},
						"0.0667": {
							"vector": [0, 0, 0]
						},
						"0.1667": {
							"vector": [27.5, 0, -45]
						},
						"0.5667": {
							"vector": [27.5, 0, -45]
						},
						"0.7667": {
							"vector": [21.41048, -27.63271, -69.06824]
						},
						"0.8333": {
							"vector": [19.23844, -24.99723, -76.00279]
						},
						"0.9": {
							"vector": [30.95125, -32.30859, -67.9511]
						},
						"0.9667": {
							"vector": [49.76601, -19.9133, -69.90027]
						},
						"1.1667": {
							"vector": [-18.58505, -4.17756, -13.61963]
						},
						"1.2333": {
							"vector": [-11.70207, 1.06769, 5.14058]
						},
						"1.3333": {
							"vector": [-17.98702, -0.69513, -2.13998]
						},
						"1.4333": {
							"vector": [-18, 0, 0]
						},
						"1.5": {
							"vector": [0, 0, 0]
						}
					},
					"position": {
						"0.0": {
							"vector": [0, 0, 0]
						},
						"0.0333": {
							"vector": [0, 0, 46]
						},
						"0.0667": {
							"vector": [18, -28, 46]
						},
						"0.1667": {
							"vector": [12.33112, -18.09429, 10.24052]
						},
						"0.5667": {
							"vector": [12.33112, -18.09429, 10.24052]
						},
						"0.7667": {
							"vector": [1.56798, -7.06264, 9.52643],
							"easing": "easeOutSine"
						},
						"0.8333": {
							"vector": [1.56798, -7.06264, 9.52643],
							"easing": "easeOutSine"
						},
						"0.9": {
							"vector": [1.81248, -5.52918, 1.24789]
						},
						"0.9667": {
							"vector": [4.63422, -5.17833, -10.31966]
						},
						"1.1": {
							"vector": [1.69903, -5.81953, -5.25576]
						},
						"1.2333": {
							"vector": [-0.28445, -0.79754, -0.04575],
							"easing": "easeOutSine"
						},
						"1.3333": {
							"vector": [-0.17253, -0.90834, -0.02775],
							"easing": "linear"
						},
						"1.4333": {
							"vector": [-0.17253, -0.90834, -0.02775],
							"easing": "easeOutSine"
						},
						"1.5": {
							"vector": [0, 0, 0]
						}
					},
					"scale": {
						"0.0": {
							"vector": [0, 0, 0]
						},
						"0.0667": {
							"vector": [1, 1, 1]
						}
					}
				},
				"_camera_": {
					"rotation": {
						"0.0": {
							"vector": [0, 0, 0]
						},
						"0.2667": {
							"vector": [0.96709, 1.30751, -1.45015],
							"easing": "easeInSine"
						},
						"0.5667": {
							"vector": [2.69876, 1.34209, -2.68803],
							"easing": "easeInOutSine"
						},
						"0.8": {
							"vector": [2.75359, 2.00893, -0.41509],
							"easing": "easeInSine"
						},
						"1.0667": {
							"vector": [2.71813, 2.05666, -1.41458]
						},
						"1.3333": {
							"vector": [2.90091, 2.48613, 0.07024],
							"easing": "easeInSine"
						},
						"1.6333": {
							"vector": [2.96357, 1.66038, 1.53083],
							"easing": "easeOutSine"
						},
						"1.9667": {
							"vector": [3.08671, 1.91083, 1.54823]
						},
						"2.2333": {
							"vector": [0, 0, 0],
							"easing": "easeInOutSine"
						}
					}
				}
			},
			"sound_effects": {
				"0.3667": {
					"effect": "ak_actionback"
				},
				"0.7": {
					"effect": "ak_magout"
				},
				"0.9333": {
					"effect": "m4_magout"
				},
				"1.1667": {
					"effect": "ak_magin"
				},
				"1.7333": {
					"effect": "ak_actionforward"
				},
				"1.9333": {
					"effect": "foley_end"
				}
			}
		},
		"animation.model.reload": {
			"loop": true,
			"animation_length": 2.6667,
			"blend_weight": "1",
			"bones": {
				"main": {
					"rotation": {
						"0.0": {
							"vector": [0, 0, 0]
						},
						"0.2": {
							"vector": [1.74461, 0.13728, -9.49791]
						},
						"0.3333": {
							"vector": [1.75773, -0.09047, -14.87072]
						},
						"0.4333": {
							"vector": [3.00128, 0.24539, -21.74591]
						},
						"0.5": {
							"vector": [1.99354, 0.33386, -28.22869]
						},
						"0.6": {
							"vector": [2.6616, 0.78652, -24.4528]
						},
						"0.7667": {
							"vector": [3.43349, -0.60969, -11.507]
						},
						"1.0667": {
							"vector": [2.93644, 0.11691, -14.23532]
						},
						"1.2": {
							"vector": [2.99485, 0.22967, -20.97372]
						},
						"1.2667": {
							"vector": [2.98503, 0.334, -22.97102]
						},
						"1.3667": {
							"vector": [3.49897, -0.18042, -9.98538]
						},
						"1.4667": {
							"vector": [3.51415, 0.28409, -15.7156]
						},
						"1.7": {
							"vector": [0.26355, -0.07056, -1.68558]
						},
						"1.8333": {
							"vector": [0, 0, 0]
						}
					},
					"position": {
						"0.0": {
							"vector": [0, 0, 0]
						},
						"0.1333": {
							"vector": [-1.675, -1.375, -4.3],
							"easing": "easeInSine"
						},
						"0.3": {
							"vector": [-1.07, -0.42, -7.05],
							"easing": "easeInSine"
						},
						"0.4": {
							"vector": [-1.07, -0.295, -8.445],
							"easing": "easeInSine"
						},
						"0.5": {
							"vector": [-1.07, -0.07, -8.87]
						},
						"0.6333": {
							"vector": [-1.27, -0.27, -7.815]
						},
						"0.7333": {
							"vector": [-1.07, -0.52, -7.01]
						},
						"0.9": {
							"vector": [-1.395, -0.97, -7.26]
						},
						"1.1667": {
							"vector": [-1.07, -0.67, -7.96]
						},
						"1.2667": {
							"vector": [-1.195, -0.67, -7.885]
						},
						"1.3333": {
							"vector": [-1.09, -0.72, -6.985]
						},
						"1.4667": {
							"vector": [-1.265, -1.02, -5.605],
							"easing": "easeOutSine"
						},
						"1.6333": {
							"vector": [0.465, -0.37, -1.89],
							"easing": "easeInSine"
						},
						"1.8": {
							"vector": [0, 0, 0],
							"easing": "easeOutSine"
						}
					}
				},
				"leftarm": {
					"rotation": {
						"0.0": {
							"vector": [0, 0, 0]
						},
						"0.1": {
							"vector": [3.96044, -1.00945, 2.75078]
						},
						"0.2333": {
							"vector": [-0.22691, 8.01897, 2.47386]
						},
						"0.3667": {
							"vector": [-1.02651, 8.81634, 6.62809]
						},
						"0.4667": {
							"vector": [-3.77195, 4.02841, 6.01506]
						},
						"0.5667": {
							"vector": [14.29661, -5.30964, -1.50065]
						},
						"0.7": {
							"vector": [30.55929, 17.71451, 7.10419]
						},
						"0.9333": {
							"vector": [8.17876, -5.40848, 11.94325]
						},
						"1.0667": {
							"vector": [-3.90725, 0.16817, 2.48475]
						},
						"1.1667": {
							"vector": [-3.23411, -1.59143, 3.56231]
						},
						"1.2667": {
							"vector": [-3.47516, -3.71861, 5.69156]
						},
						"1.3333": {
							"vector": [24.89698, 0.59273, 4.39618]
						},
						"1.4667": {
							"vector": [24.89698, 0.59273, 4.39618]
						},
						"1.7": {
							"vector": [0, 0, 0]
						}
					},
					"position": {
						"0.0": {
							"vector": [0, 0, 0]
						},
						"0.1": {
							"vector": [3.185, -3.59, 8.8]
						},
						"0.2333": {
							"vector": [0.62, -8.38, 20.535]
						},
						"0.3667": {
							"vector": [0.02, -8.38, 20.535]
						},
						"0.4667": {
							"vector": [0.04, -9.31, 16.445]
						},
						"0.5667": {
							"vector": [0.41, -10.24, 15.48]
						},
						"0.7": {
							"vector": [3.42, -11.49, 28.915]
						},
						"0.8667": {
							"vector": [-3.535, -25.965, 8.235]
						},
						"1.0667": {
							"vector": [0.15982, -14.90956, 10.6516]
						},
						"1.1667": {
							"vector": [-0.75685, -15.90454, 9.62163]
						},
						"1.2667": {
							"vector": [-2.14425, -16.45162, 9.60315]
						},
						"1.3333": {
							"vector": [-5.7527, -8.00718, 19.61531]
						},
						"1.4667": {
							"vector": [-5.7527, -8.00718, 19.61531]
						},
						"1.7": {
							"vector": [0, 0, 0]
						}
					}
				},
				"action": {
					"rotation": {
						"vector": [0, 0, 0]
					},
					"position": {
						"vector": [0, 0, 0]
					}
				},
				"rightarm": {
					"rotation": {
						"0.0": {
							"vector": [0, 0, 0]
						},
						"1.5333": {
							"vector": [0, 0, 0]
						}
					},
					"position": {
						"0.0": {
							"vector": [0, 0, 0]
						},
						"1.5333": {
							"vector": [0, 0, 0]
						}
					}
				},
				"magazine": {
					"rotation": {
						"0.0": {
							"vector": [0, 0, 0]
						},
						"0.4": {
							"vector": [0, 0, 0]
						},
						"0.4333": {
							"vector": [-10.48085, -0.63744, -3.44153]
						},
						"0.4667": {
							"vector": [-11.85924, 0.04053, -12.61654]
						},
						"0.5333": {
							"vector": [-9.80783, -3.56628, 9.74253]
						},
						"0.6667": {
							"vector": [-5.15329, -17.92372, 27.85851]
						},
						"0.8": {
							"vector": [-15.27915, -27.60397, -14.41239]
						},
						"0.9333": {
							"vector": [-14.75023, -12.14543, -4.28381]
						},
						"1.0667": {
							"vector": [-11.67562, 0.50647, -5.5944]
						},
						"1.1667": {
							"vector": [-17.98702, -0.69513, -2.13998]
						},
						"1.2667": {
							"vector": [-18, 0, 0]
						},
						"1.3333": {
							"vector": [0, 0, 0]
						}
					},
					"position": {
						"0.0": {
							"vector": [0, 0, 0]
						},
						"0.4": {
							"vector": [0, 0, 0]
						},
						"0.4333": {
							"vector": [0, 0.01145, -0.37483]
						},
						"0.4667": {
							"vector": [-0.29321, -1.45193, -1.09042]
						},
						"0.5333": {
							"vector": [-0.29321, -5.35193, -1.09042]
						},
						"0.6667": {
							"vector": [-3.79321, -25.37693, -1.09042]
						},
						"0.8": {
							"vector": [1.03759, -20.72252, -0.86035]
						},
						"0.9333": {
							"vector": [1.99984, -7.06837, -0.31102]
						},
						"1.0667": {
							"vector": [-0.28445, -0.79754, -0.04575],
							"easing": "easeOutSine"
						},
						"1.1667": {
							"vector": [-0.17253, -0.90834, -0.02775],
							"easing": "linear"
						},
						"1.2667": {
							"vector": [-0.17253, -0.90834, -0.02775],
							"easing": "easeOutSine"
						},
						"1.3333": {
							"vector": [0, 0, 0]
						}
					}
				},
				"magazine2": {
					"rotation": {
						"0.0": {
							"vector": [0, 0, 0]
						},
						"1.8": {
							"vector": [0, 0, 0]
						}
					},
					"position": {
						"0.0": {
							"vector": [0, 0, 0]
						},
						"1.8": {
							"vector": [0, 0, 0]
						}
					},
					"scale": {
						"0.0": {
							"vector": [0, 0, 0]
						},
						"1.8": {
							"vector": [0, 0, 0]
						}
					}
				},
				"_camera_": {
					"rotation": {
						"0.0": {
							"vector": [0, 0, 0]
						},
						"0.2667": {
							"vector": [0.96709, 1.30751, -1.45015],
							"easing": "easeInSine"
						},
						"0.5667": {
							"vector": [2.69876, 1.34209, -2.68803],
							"easing": "easeInOutSine"
						},
						"0.8": {
							"vector": [2.75359, 2.00893, -0.41509],
							"easing": "easeInSine"
						},
						"1.0667": {
							"vector": [2.71813, 2.05666, -1.41458]
						},
						"1.3667": {
							"vector": [2.98337, 1.99021, 0.05037]
						},
						"1.7667": {
							"vector": [0, 0, 0],
							"easing": "easeInOutSine"
						}
					}
				}
			},
			"sound_effects": {
				"0.2333": {
					"effect": "ak_magout"
				},
				"0.9667": {
					"effect": "ak_magin"
				},
				"1.3667": {
					"effect": "foley_end"
				}
			}
		},
		"animation.model.fire": {
			"loop": true,
			"animation_length": 0.44,
			"bones": {
				"action": {
					"position": {
						"0.0": {
							"vector": [0, 0, 0]
						},
						"0.0333": {
							"vector": [0, 0, 11]
						},
						"0.0833": {
							"vector": [0, 0, 0]
						}
					}
				},
				"main": {
					"rotation": {
						"0.0": {
							"vector": [0, 0, 0]
						},
						"0.05": {
							"vector": [0.24722, -0.15263, -0.99759]
						},
						"0.1": {
							"vector": [0.25995, -0.07447, -1.7]
						},
						"0.2": {
							"vector": [0, 0.01681, 1.1]
						},
						"0.2833": {
							"vector": [0, 0.00851, -0.52127]
						},
						"0.35": {
							"vector": [0, 0.0036, 0.23936]
						},
						"0.4333": {
							"vector": [0, 0, 0]
						}
					}
				}
			}
		},
		"animation.model.firegrenade": {
			"loop": true,
			"animation_length": 0.5833,
			"bones": {
				"main": {
					"rotation": {
						"0.0": {
							"vector": [0, 0, 0]
						},
						"0.05": {
							"vector": [-3.66206, -1.09217, -5.89975]
						},
						"0.15": {
							"vector": [-4.29722, -0.46366, 2.02664]
						},
						"0.25": {
							"vector": [-2.8004, 0.29761, -4.49811]
						},
						"0.35": {
							"vector": [0, 0, 2]
						},
						"0.4667": {
							"vector": [0, 0, 0]
						}
					},
					"position": {
						"0.0": {
							"vector": [0, 0, 0]
						},
						"0.0333": {
							"vector": [0, -0.9, 4.875]
						},
						"0.3167": {
							"vector": [0, -1.025, 0.775],
							"easing": "easeInOutSine"
						},
						"0.4667": {
							"vector": [0, 0, 0],
							"easing": "easeOutSine"
						}
					}
				},
				"_camera_": {
					"rotation": {
						"0.0": {
							"vector": [0, 0, 0]
						},
						"0.0667": {
							"vector": [-4.74235, -0.64055, 2.99705]
						},
						"0.1667": {
							"vector": [-3.25289, -0.66995, -2.41145]
						},
						"0.35": {
							"vector": [0.5, 0, 0],
							"easing": "easeInOutSine"
						},
						"0.4667": {
							"vector": [0, 0, 0],
							"easing": "easeOutSine"
						}
					}
				}
			}
		},
		"animation.model.launcherreload": {
			"loop": true,
			"animation_length": 1.9,
			"bones": {
				"main": {
					"rotation": {
						"0.0": {
							"vector": [0, 0, 0]
						},
						"0.3833": {
							"vector": [-27.27146, 19.16066, 20.48709],
							"easing": "easeInOutSine"
						},
						"0.5333": {
							"vector": [-29.25155, 19.06847, 20.53954],
							"easing": "easeInOutSine"
						},
						"0.65": {
							"vector": [-29.18597, 19.74892, 20.74343]
						},
						"0.75": {
							"vector": [-28.88124, 20.11692, 21.6379]
						},
						"0.8333": {
							"vector": [-30.7081, 18.11457, 18.33],
							"easing": "easeInOutQuad"
						},
						"0.9167": {
							"vector": [-28.5479, 19.91731, 22.07528]
						},
						"1.0167": {
							"vector": [-26.71776, 16.48289, 15.74064],
							"easing": "easeInOutSine"
						},
						"1.2": {
							"vector": [-6.77949, 5.58141, 14.77419],
							"easing": "linear"
						},
						"1.35": {
							"vector": [-1.5, 0, -2.36]
						},
						"1.4667": {
							"vector": [0, -0.5, 2.45]
						},
						"1.5833": {
							"vector": [0, 0, 0]
						}
					},
					"position": {
						"0.0": {
							"vector": [0, 0, 0]
						},
						"0.35": {
							"vector": [12.275, -27.65, 9.775],
							"easing": "easeInOutQuad"
						},
						"0.5": {
							"vector": [12.20765, -27.28811, 9.24367]
						},
						"0.7167": {
							"vector": [12.57219, -27.83368, 9.77387]
						},
						"0.7833": {
							"vector": [12.59114, -28.23779, 10.42795]
						},
						"0.85": {
							"vector": [12.65939, -29.23908, 12.01452]
						},
						"1.1333": {
							"vector": [4.96, -15.81, 4.31],
							"easing": "easeInSine"
						},
						"1.2833": {
							"vector": [2.48, -9.94, -5.295]
						},
						"1.4667": {
							"vector": [0.25, -1, -3.42]
						},
						"1.5833": {
							"vector": [0, 0, 0]
						}
					}
				},
				"rightarm": {
					"rotation": {
						"0.0": {
							"vector": [0, 0, 0]
						},
						"0.3833": {
							"vector": [-11.1075, 10.31982, 0.08619]
						},
						"0.6333": {
							"vector": [-17.6051, 1.70634, 6.14799]
						},
						"0.7": {
							"vector": [-18.66823, 2.12913, 11.47477]
						},
						"0.7667": {
							"vector": [-18.66823, 2.12913, 11.47477]
						},
						"0.85": {
							"vector": [-18.66823, 2.12913, 11.47477]
						},
						"0.95": {
							"vector": [-18.66823, 2.12913, 11.47477]
						},
						"1.1833": {
							"vector": [0, 0, 0]
						}
					},
					"position": {
						"0.0": {
							"vector": [0, 0, 0]
						},
						"0.2167": {
							"vector": [-16.33907, -4.00316, 16.18752]
						},
						"0.3833": {
							"vector": [-12.01513, -13.24001, -6.7243]
						},
						"0.4667": {
							"vector": [-10.57634, -14.33034, -37.33522]
						},
						"0.55": {
							"vector": [-7.58418, -15.67913, -49.54059]
						},
						"0.6333": {
							"vector": [-4.05226, -16.52928, -53.3023]
						},
						"0.7": {
							"vector": [-5.93662, -16.3895, -52.14664]
						},
						"0.7667": {
							"vector": [-5.93037, -16.73171, -50.55755]
						},
						"0.85": {
							"vector": [-6.03267, -17.99352, -43.88919],
							"easing": "easeInOutSine"
						},
						"0.95": {
							"vector": [-6.03267, -17.99352, -43.88919],
							"easing": "easeInOutSine"
						},
						"1.0333": {
							"vector": [-10.43356, -11.57303, -33.79859]
						},
						"1.1": {
							"vector": [-9.27198, -7.26769, -18.50567]
						},
						"1.1833": {
							"vector": [0, 0, 0]
						}
					},
					"scale": {
						"0.0": {
							"vector": [1, 1, 1]
						},
						"0.3833": {
							"vector": [1.6, 1.8, 1.6]
						},
						"0.6333": {
							"vector": [1.6, 1.8, 1.6]
						},
						"0.95": {
							"vector": [1.6, 1.8, 1.6]
						},
						"1.1833": {
							"vector": [1, 1, 1]
						}
					}
				},
				"leftarm": {
					"rotation": {
						"0.0": {
							"vector": [0, 0, 0]
						},
						"0.3": {
							"vector": [-4.97078, -4.80219, -1.12053],
							"easing": "easeInOutSine"
						},
						"1.0167": {
							"vector": [-4.97078, -4.80219, -1.12053]
						},
						"1.2": {
							"vector": [0, 0, 0]
						}
					},
					"position": {
						"0.0": {
							"vector": [0, 0, 0]
						},
						"0.3": {
							"vector": [1.99915, 0.28492, 0.15115],
							"easing": "easeInOutSine"
						},
						"1.0167": {
							"vector": [1.99915, 0.28492, 0.15115]
						},
						"1.2": {
							"vector": [0, 0, 0]
						}
					}
				},
				"grenade": {
					"rotation": {
						"0.0": {
							"vector": [0, 0, 0]
						},
						"0.3833": {
							"vector": [0, 19.15, 0]
						},
						"0.6333": {
							"vector": [0, 9.75, 0]
						},
						"0.7": {
							"vector": [0, 3.75, 0]
						},
						"0.7667": {
							"vector": [0, 0, 0]
						}
					},
					"position": {
						"0.0": {
							"vector": [0, 0, 0]
						},
						"0.05": {
							"vector": [-12, 0, 78.5]
						},
						"0.2167": {
							"vector": [-12, 0, 78.5]
						},
						"0.3833": {
							"vector": [-15.3446, 0, 31.05141]
						},
						"0.4667": {
							"vector": [-11.45086, 0, -0.30195]
						},
						"0.55": {
							"vector": [-6.65522, 0, -11.5015]
						},
						"0.6333": {
							"vector": [-0.75374, 0, -15.1388]
						},
						"0.7": {
							"vector": [-0.32145, 0, -13.55302]
						},
						"0.7667": {
							"vector": [0, 0, -11.375]
						},
						"0.85": {
							"vector": [0, 0, 0],
							"easing": "easeInQuad"
						}
					},
					"scale": {
						"0.0": {
							"vector": [0, 0, 0]
						},
						"0.2167": {
							"vector": [1, 1, 1]
						},
						"0.6333": {
							"vector": [1, 1, 1]
						}
					}
				},
				"_camera_": {
					"rotation": {
						"0.0": {
							"vector": [0, 0, 0]
						},
						"0.15": {
							"vector": [2.7436, 0.7731, -0.46348],
							"easing": "linear"
						},
						"0.3333": {
							"vector": [3.26542, 0.6585, 1.2829]
						},
						"0.6167": {
							"vector": [4.50572, 1.19021, 0.81671]
						},
						"1.15": {
							"vector": [2.49693, 0.48546, -0.2315]
						},
						"1.5333": {
							"vector": [0, 0, 0],
							"easing": "easeInOutSine"
						}
					}
				}
			},
			"sound_effects": {
				"0.0": {
					"effect": "foley_start"
				},
				"0.5667": {
					"effect": "mgl_load"
				},
				"1.0833": {
					"effect": "foley_end"
				}
			}
		},
		"animation.model.inspect": {
			"loop": true,
			"animation_length": 6.2667,
			"bones": {
				"main": {
					"rotation": {
						"0.0": {
							"vector": [0, 0, 0]
						},
						"0.35": {
							"vector": [-26.32055, -28.95323, -38.41824],
							"easing": "easeInOutQuad"
						},
						"0.45": {
							"vector": [-25.66239, -31.53589, -44.68762]
						},
						"0.5833": {
							"vector": [-29.3192, -30.58227, -40.03448]
						},
						"0.75": {
							"vector": [-27.10413, -31.89841, -42.85878]
						},
						"0.8833": {
							"vector": [-27.78689, -31.32225, -41.55621]
						},
						"1.0333": {
							"vector": [-27.51613, -31.5543, -42.0753]
						},
						"1.2333": {
							"vector": [-23.71064, -34.36823, -49.06156],
							"easing": "easeInOutSine"
						},
						"1.4": {
							"vector": [-21.1074, -35.89402, -53.58343],
							"easing": "easeOutSine"
						},
						"1.5667": {
							"vector": [-21.94193, -35.43536, -52.15215]
						},
						"1.7833": {
							"vector": [-20.76832, -36.0727, -54.16054]
						},
						"2.55": {
							"vector": [-23.3185, -35.45401, -49.81532]
						},
						"2.75": {
							"vector": [-51.25525, -13.69623, -15.09178]
						},
						"2.8833": {
							"vector": [-65.63972, 2.32296, -3.688]
						},
						"3.0667": {
							"vector": [-74.01117, 23.8148, -0.67983]
						},
						"3.2167": {
							"vector": [-79.3734, 25.56465, -3.9573]
						},
						"3.4333": {
							"vector": [-78.98912, 24.70845, -3.62085]
						},
						"3.6667": {
							"vector": [-78.89762, 23.48902, -2.80696]
						},
						"3.9167": {
							"vector": [-78.94097, 24.0015, -2.60182]
						},
						"4.2667": {
							"vector": [-78.95092, 23.9453, -3.0957]
						},
						"4.6667": {
							"vector": [-78.95092, 23.9453, -3.0957]
						},
						"5.05": {
							"vector": [-3.27585, -3.91843, 52.5061],
							"easing": "easeOutSine"
						},
						"5.3167": {
							"vector": [1.57141, -1.85374, -1.9128],
							"easing": "easeOutSine"
						},
						"5.4": {
							"vector": [0.27288, -0.37236, 1.59554],
							"easing": "linear"
						},
						"5.4833": {
							"vector": [0, 0, 0],
							"easing": "linear"
						}
					},
					"position": {
						"0.0": {
							"vector": [0, 0, 0]
						},
						"0.3": {
							"vector": [-4.15, 1.75, -15.475],
							"easing": "easeOutQuad"
						},
						"0.4": {
							"vector": [-4.15, -0.15, -14.6],
							"easing": "easeInOutSine"
						},
						"0.5167": {
							"vector": [-4.15, -0.925, -14.6],
							"easing": "linear"
						},
						"0.7": {
							"vector": [-4.2, -0.42, -14.6]
						},
						"0.9": {
							"vector": [-4.12, -0.57, -14.6]
						},
						"1.0667": {
							"vector": [-4.15, -0.47, -14.6]
						},
						"1.3": {
							"vector": [-4.15, -0.12, -14.825],
							"easing": "easeInOutQuad"
						},
						"1.5333": {
							"vector": [-4.2, -0.12, -15.04]
						},
						"1.7": {
							"vector": [-4.2, -0.02, -15.04]
						},
						"2.3": {
							"vector": [-4.2, -1.495, -15.04],
							"easing": "easeInOutSine"
						},
						"2.4333": {
							"vector": [-4.03, -1.67, -15.04]
						},
						"2.55": {
							"vector": [-3.7, 0.08, -15.04],
							"easing": "easeInSine"
						},
						"2.65": {
							"vector": [-0.18968, 5.0153, -18.15932]
						},
						"2.75": {
							"vector": [4.78001, 6.68487, -20.58417],
							"easing": "easeInOutQuad"
						},
						"2.85": {
							"vector": [12.24, 1.085, -21.53]
						},
						"3.0333": {
							"vector": [24.8, -17.445, -24.215],
							"easing": "easeInOutSine"
						},
						"3.1667": {
							"vector": [26.05, -19.97, -23.16],
							"easing": "linear"
						},
						"3.4167": {
							"vector": [26.05, -18.915, -23.16],
							"easing": "easeInOutSine"
						},
						"3.9": {
							"vector": [26.05, -18.145, -23.16]
						},
						"4.2667": {
							"vector": [26.05, -18.34, -23.16],
							"easing": "easeInOutSine"
						},
						"4.6667": {
							"vector": [25.39, -20.09, -22.52]
						},
						"4.8167": {
							"vector": [14.76, -16.93, -12.15]
						},
						"5.0": {
							"vector": [2.27, -9.09, 0.045]
						},
						"5.2": {
							"vector": [0.02894, -1.60775, -6.90297]
						},
						"5.2833": {
							"vector": [0.05077, -1.45863, -3.79557],
							"easing": "linear"
						},
						"5.4": {
							"vector": [-0.01391, -0.26895, -0.26276]
						},
						"5.4833": {
							"vector": [0, 0, 0],
							"easing": "linear"
						}
					}
				},
				"rightarm": {
					"rotation": {
						"0.0": {
							"vector": [0, 0, 0]
						},
						"2.65": {
							"vector": [0, 0, 0]
						},
						"4.9833": {
							"vector": [0, 0, 0]
						}
					},
					"position": {
						"0.0": {
							"vector": [0, 0, 0]
						},
						"2.65": {
							"vector": [0, 0, 0]
						},
						"2.7833": {
							"vector": [-6.30177, -6.68954, 29.94651]
						},
						"4.75": {
							"vector": [-6.30177, -6.68954, 29.94651]
						},
						"4.9833": {
							"vector": [0, 0, 0]
						}
					}
				},
				"leftarm": {
					"rotation": {
						"0.0": {
							"vector": [0, 0, 0]
						},
						"0.2833": {
							"vector": [-45.13234, 71.33372, -81.76837]
						},
						"2.6333": {
							"vector": [-45.13234, 71.33372, -81.76837]
						},
						"2.6833": {
							"vector": [96.97325, 30.0031, 35.42478]
						},
						"3.0333": {
							"vector": [96.97325, 30.0031, 35.42478]
						},
						"4.6667": {
							"vector": [96.97325, 30.0031, 35.42478]
						},
						"5.1667": {
							"vector": [0, 0, 0]
						}
					},
					"position": {
						"0.0": {
							"vector": [0, 0, 0]
						},
						"0.0667": {
							"vector": [9.47769, -9.10617, 9.45309]
						},
						"0.2833": {
							"vector": [12.05588, -33.69803, 37.55014]
						},
						"2.6333": {
							"vector": [12.05588, -33.69803, 37.55014]
						},
						"2.7667": {
							"vector": [16.26701, 33.15434, 47.96913]
						},
						"3.0333": {
							"vector": [1.34954, 38.95002, 17.56247]
						},
						"4.6667": {
							"vector": [1.34954, 38.95002, 17.56247]
						},
						"5.1667": {
							"vector": [0, 0, 0]
						}
					},
					"scale": {
						"0.0": {
							"vector": [1, 1, 1]
						},
						"2.6333": {
							"vector": [1, 1, 1]
						},
						"2.7667": {
							"vector": [1.2, 1.4, 1.2]
						},
						"3.0333": {
							"vector": [1.2, 1.4, 1.2]
						},
						"4.6667": {
							"vector": [1.2, 1.4, 1.2]
						},
						"5.1667": {
							"vector": [1, 1, 1]
						}
					}
				},
				"_camera_": {
					"rotation": {
						"0.0": {
							"vector": [0, 0, 0]
						},
						"0.1333": {
							"vector": [-0.01091, 1.24995, -0.50012]
						},
						"0.2833": {
							"vector": [-1.31346, 1.78854, -1.03401]
						},
						"0.4833": {
							"vector": [-3.43914, 2.08948, 0.95199],
							"easing": "easeInOutQuad"
						},
						"0.8333": {
							"vector": [-4.99004, 2.77768, -0.09243],
							"easing": "easeInOutSine"
						},
						"1.0667": {
							"vector": [-5.49004, 2.77768, -0.09243]
						},
						"1.7333": {
							"vector": [7.44976, 9.00685, -1.60374],
							"easing": "easeInSine"
						},
						"1.95": {
							"vector": [9.88265, 9.8236, -2.03661],
							"easing": "easeOutSine"
						},
						"2.25": {
							"vector": [10.3897, 9.84427, -1.20003],
							"easing": "easeOutSine"
						},
						"2.5667": {
							"vector": [9.96385, 7.66225, 1.88547],
							"easing": "easeInSine"
						},
						"2.7833": {
							"vector": [1.24375, 5.27922, 3.31414]
						},
						"2.9667": {
							"vector": [5.41765, 2.01024, 2.19487]
						},
						"3.2167": {
							"vector": [12.17135, -3.19168, -0.93824],
							"easing": "easeOutSine"
						},
						"3.5833": {
							"vector": [9.63273, -4.12615, 0.15611]
						},
						"4.3": {
							"vector": [5.12655, -3.80897, -0.98969],
							"easing": "easeInOutSine"
						},
						"4.5167": {
							"vector": [4.61883, -3.81704, -0.95786],
							"easing": "easeInOutSine"
						},
						"4.9667": {
							"vector": [2.5026, -0.00111, -0.00518],
							"easing": "easeInOutSine"
						},
						"5.1333": {
							"vector": [1.75872, -0.39593, -1.62595],
							"easing": "easeInOutSine"
						},
						"5.25": {
							"vector": [1.24924, -0.00333, 0.0435]
						},
						"5.35": {
							"vector": [0.44082, -0.01767, 1.01624]
						},
						"5.4833": {
							"vector": [0, 0, 0],
							"easing": "easeOutSine"
						}
					},
					"position": {
						"0.0": {
							"vector": [0, 0, 0]
						},
						"4.9667": {
							"vector": [0, 0, 0]
						}
					}
				}
			},
			"sound_effects": {
				"0.0": {
					"effect": "inspect_up"
				},
				"1.0667": {
					"effect": "inspect_foley"
				},
				"2.25": {
					"effect": "inspect_turn"
				},
				"2.6667": {
					"effect": "inspect_down"
				},
				"4.95": {
					"effect": "inspect_down"
				}
			}
		},
		"animation.model.draw": {
			"loop": true,
			"animation_length": 1.2,
			"bones": {
				"main": {
					"rotation": {
						"0.0": {
							"vector": [32.09413, -54.38778, -8.29667]
						},
						"0.25": {
							"vector": [-0.67291, -9.36907, 28.66846],
							"easing": "linear"
						},
						"0.4": {
							"vector": [1.75127, -0.96835, 60.09363],
							"easing": "easeOutSine"
						},
						"0.5": {
							"vector": [0.50351, -0.0948, 58.09832]
						},
						"0.5667": {
							"vector": [1.34712, 0.49179, 56.85168]
						},
						"0.75": {
							"vector": [0.77981, -3.66199, 21.60267]
						},
						"0.9": {
							"vector": [0.28456, -1.1448, -4.14922]
						},
						"1.0667": {
							"vector": [0, 0, 0]
						}
					},
					"position": {
						"0.0": {
							"vector": [0, -17.3, 0]
						},
						"0.1": {
							"vector": [0, -7.41, -4.07]
						},
						"0.2": {
							"vector": [0.05, -6.5, -15.235]
						},
						"0.35": {
							"vector": [0.4, -0.6, -1.15],
							"easing": "easeInSine"
						},
						"0.45": {
							"vector": [0.3, -0.62, 0.605]
						},
						"0.6": {
							"vector": [-0.25, -1.65, -1.02]
						},
						"0.6833": {
							"vector": [-0.14, -2.67, -3.015]
						},
						"0.7333": {
							"vector": [-0.08, -3.155, -5.875]
						},
						"0.8": {
							"vector": [-0.04, -2.68, -6.065]
						},
						"0.8667": {
							"vector": [-0.01, -1.11, -4.45]
						},
						"1.0": {
							"vector": [0, 0, 0],
							"easing": "easeOutSine"
						}
					}
				},
				"leftarm": {
					"rotation": {
						"0.0": {
							"vector": [0, 0, 0]
						},
						"0.15": {
							"vector": [1, 0, -22]
						},
						"0.3": {
							"vector": [-24.75, 0, -24.75]
						},
						"0.5333": {
							"vector": [-24.75, 0, -24.75]
						},
						"0.8667": {
							"vector": [0, 0, 0]
						}
					},
					"position": {
						"0.0": {
							"vector": [0, 0, 0]
						},
						"0.15": {
							"vector": [3.53901, 3.6754, 5.59783]
						},
						"0.3": {
							"vector": [10.31913, 6.00717, -9.64064]
						},
						"0.5333": {
							"vector": [10.31913, 6.00717, -9.64064]
						},
						"0.8667": {
							"vector": [0, 0, 0]
						}
					}
				},
				"gun": {
					"rotation": {
						"vector": [0, 0, 0]
					},
					"position": {
						"vector": [0, 0, 0]
					}
				},
				"switch": {
					"rotation": {
						"0.0": {
							"vector": [-33.25, 0, 0]
						},
						"0.45": {
							"vector": [-33.25, 0, 0]
						},
						"0.5333": {
							"vector": [0, 0, 0]
						}
					},
					"position": {
						"0.0": {
							"vector": [0, 0, 0]
						},
						"0.5333": {
							"vector": [0, 0, 0]
						}
					}
				},
				"rightarm": {
					"rotation": {
						"0.0": {
							"vector": [0, 0, 0]
						},
						"0.15": {
							"vector": [0, 0, 0]
						},
						"0.35": {
							"vector": [-24.44993, 21.97255, 9.62793]
						},
						"0.45": {
							"vector": [-24.44993, 21.97255, 9.62793]
						},
						"0.5333": {
							"vector": [-9.7402, 18.14826, 12.57456]
						},
						"0.65": {
							"vector": [-9.7402, 18.14826, 12.57456]
						},
						"0.8": {
							"vector": [0, 0, 0]
						}
					},
					"position": {
						"0.0": {
							"vector": [0, 0, 0]
						},
						"0.15": {
							"vector": [0, 0, 0]
						},
						"0.35": {
							"vector": [1.98885, -3.44093, -12.88682]
						},
						"0.45": {
							"vector": [2.35329, -2.9027, -12.88602]
						},
						"0.5333": {
							"vector": [2.35219, -2.91481, -11.21507]
						},
						"0.65": {
							"vector": [2.35219, -2.91481, -11.21507]
						},
						"0.8": {
							"vector": [0, 0, 0]
						}
					}
				},
				"_camera_": {
					"rotation": {
						"0.0": {
							"vector": [0, 0, 0]
						},
						"0.2167": {
							"vector": [0.47808, -1.78091, 0.67329],
							"easing": "easeInOutSine"
						},
						"0.4833": {
							"vector": [1.84968, 1.12867, -1.11779],
							"easing": "easeInSine"
						},
						"0.6167": {
							"vector": [1.07911, 1.84678, -1.26861],
							"easing": "linear"
						},
						"1.0667": {
							"vector": [0, 0, 0],
							"easing": "easeOutSine"
						}
					}
				}
			},
			"sound_effects": {
				"0.0": {
					"effect": "ak_draw"
				},
				"0.4": {
					"effect": "ak_safety"
				}
			}
		}
	},
	"geckolib_format_version": 2
}