{
	"format_version": "1.8.0",
	"animations": {
		"animation.model.reload": {
			"animation_length": 2.7,
			"bones": {
				"main": {
					"rotation": {
						"0.0": {
							"vector": [0, 0, 0]
						},
						"0.3667": {
							"vector": [-34.72931, -38.50083, -35.142]
						},
						"0.4667": {
							"vector": [-36.75948, -35.20971, -29.26827]
						},
						"0.5333": {
							"vector": [-30.72931, -38.50083, -35.142]
						},
						"0.6333": {
							"vector": [-39.47931, -38.50083, -35.142]
						},
						"0.9": {
							"vector": [-43.69113, -28.77745, -26.72978]
						},
						"1.3333": {
							"vector": [-43.13835, -24.59898, -25.40348]
						},
						"1.7": {
							"vector": [-26.457, -32.14645, -46.51792]
						},
						"1.85": {
							"vector": [-32.46402, -31.82155, -37.56387]
						},
						"1.8833": {
							"vector": [-34.37086, -32.10756, -37.34485]
						},
						"1.9167": {
							"vector": [-32.17591, -31.6486, -36.32213]
						},
						"2.2667": {
							"vector": [3.10999, -7.35417, 17.81405],
							"easing": "easeInOutSine"
						},
						"2.5": {
							"vector": [0, 0, 0]
						}
					},
					"position": {
						"0.0": {
							"vector": [0, 0, 0]
						},
						"0.1": {
							"vector": [0, -3.825, 4]
						},
						"0.2667": {
							"vector": [0, -0.375, 4]
						},
						"0.4667": {
							"vector": [0, -4.3, 4.6],
							"easing": "linear"
						},
						"0.7333": {
							"vector": [-1, -6.39, 7.6]
						},
						"1.0667": {
							"vector": [-2.1, -11.19, 7.6]
						},
						"1.2333": {
							"vector": [-2.53, -11.24, 6.2],
							"easing": "easeInOutSine"
						},
						"1.4167": {
							"vector": [-1.34, -11.17, 3.27]
						},
						"1.6333": {
							"vector": [0, -6, 0]
						},
						"1.8": {
							"vector": [0, -8.2, 0]
						},
						"2.0833": {
							"vector": [0, -4.9, 0]
						},
						"2.3167": {
							"vector": [0, -5.17, 0]
						},
						"2.5": {
							"vector": [0, 0, 0]
						}
					}
				},
				"magazine": {
					"rotation": {
						"0.0": {
							"vector": [0, 0, 0]
						},
						"0.4333": {
							"vector": [0.68267, -2.77539, -4.98387]
						},
						"0.5": {
							"vector": [-3.31733, -2.77539, -4.98387]
						},
						"0.5333": {
							"vector": [-10.20884, -9.0311, -34.49957]
						},
						"0.6": {
							"vector": [-10.20884, -9.0311, -34.49957]
						},
						"1.6333": {
							"vector": [-22.25977, 0.81943, -3.87007]
						},
						"1.7667": {
							"vector": [-20.25977, 0.81943, -3.87007]
						},
						"1.8333": {
							"vector": [0, 0, 0]
						}
					},
					"position": {
						"0.0": {
							"vector": [0, 0, 0]
						},
						"0.4333": {
							"vector": [-0.1, 0, 0]
						},
						"0.5": {
							"vector": [1.06, 0, 0]
						},
						"0.5333": {
							"vector": [12.8, 0, 0],
							"easing": "easeInCubic"
						},
						"0.5667": {
							"vector": [20.2, 0.1, 2.7],
							"easing": "easeInCubic"
						},
						"0.7": {
							"vector": [53.83, -53.76, -10.37]
						},
						"1.2": {
							"vector": [7.83, -12.76, 43.63]
						},
						"1.4": {
							"vector": [14.93, -15.06, 23.63]
						},
						"1.5667": {
							"vector": [0.83, -1.99, -6.4]
						},
						"1.7667": {
							"vector": [0.83, -1.06, -7.07]
						},
						"1.8333": {
							"vector": [0, 0, 0]
						}
					},
					"scale": {
						"0.0": {
							"vector": [1, 1, 1]
						},
						"0.5333": {
							"vector": [1, 1, 1]
						},
						"0.8667": {
							"vector": [0, 0, 0]
						},
						"1.2": {
							"vector": [0, 0, 0]
						},
						"1.3333": {
							"vector": [1, 1, 1]
						}
					}
				},
				"leftarm": {
					"rotation": {
						"0.0": {
							"vector": [0, 0, 0]
						},
						"0.2333": {
							"vector": [0, 0, 0]
						},
						"0.4333": {
							"vector": [0.68267, -2.77539, -4.98387]
						},
						"0.5": {
							"vector": [0.68267, -2.77539, -4.98387]
						},
						"0.7": {
							"vector": [35.64761, -5.26247, -4.72761]
						},
						"0.9": {
							"vector": [35.68267, -2.77539, -4.98387]
						},
						"1.2": {
							"vector": [24.02807, 0.80091, -6.11617]
						},
						"1.3333": {
							"vector": [24.02807, 0.80091, -6.11617]
						},
						"1.6333": {
							"vector": [9.05906, 8.68864, 1.15315]
						},
						"1.7667": {
							"vector": [-1.52855, 11.84373, 4.06088]
						},
						"1.8333": {
							"vector": [21.18226, 19.66036, 10.25406]
						},
						"2.1": {
							"vector": [0, 0, 0]
						}
					},
					"position": {
						"0.0": {
							"vector": [0, 0, 0]
						},
						"0.2": {
							"vector": [-3, -5, 16]
						},
						"0.4333": {
							"vector": [-3, -5, 16]
						},
						"0.5667": {
							"vector": [11, -3, 20],
							"easing": "easeInCubic"
						},
						"0.7333": {
							"vector": [13, -21, 14]
						},
						"1.0": {
							"vector": [7.8, -21, 47],
							"easing": "easeOutSine"
						},
						"1.3333": {
							"vector": [7.8, -21, 55],
							"easing": "easeOutSine"
						},
						"1.5667": {
							"vector": [-2.19, -5.32, 10.18]
						},
						"1.7667": {
							"vector": [0.08, -8.25, 6.88]
						},
						"1.8333": {
							"vector": [-2.42, -1.15, 18.78]
						},
						"1.9": {
							"vector": [-2.42, -2.75, 18.78]
						},
						"2.2667": {
							"vector": [0, 0, 0]
						}
					}
				},
				"_camera_": {
					"rotation": {
						"0.0": {
							"vector": [0, 0, 0]
						},
						"0.4667": {
							"vector": [-2, 1, 0],
							"easing": "linear"
						},
						"0.5667": {
							"vector": [-1.26714, 0.96495, -0.99953]
						},
						"1.3333": {
							"vector": [1.54506, -0.87894, -0.7477],
							"easing": "easeInOutSine"
						},
						"1.7667": {
							"vector": [-1.26714, 0.96495, -0.99953],
							"easing": "easeInOutSine"
						},
						"2.0333": {
							"vector": [0.24756, 0.11578, 1.86666]
						},
						"2.5": {
							"vector": [0, 0, 0]
						}
					},
					"position": {
						"0.0": {
							"vector": [0, 0, 0]
						},
						"2.5": {
							"vector": [0, 0, 0]
						}
					}
				}
			},
			"sound_effects": {
				"0.0": {
					"effect": "eea_cod4_ak74u_foley"
				},
				"0.5": {
					"effect": "eea_cod4_ak74u_magout"
				},
				"1.8": {
					"effect": "eea_cod4_ak74u_magin"
				}
			}
		},
		"animation.model.reloadempty": {
			"animation_length": 3.2667,
			"bones": {
				"main": {
					"rotation": {
						"0.0": {
							"vector": [0, 0, 0]
						},
						"0.3667": {
							"vector": [-34.72931, -38.50083, -35.142]
						},
						"0.4667": {
							"vector": [-36.75948, -35.20971, -29.26827]
						},
						"0.5333": {
							"vector": [-30.72931, -38.50083, -35.142]
						},
						"0.6333": {
							"vector": [-39.47931, -38.50083, -35.142]
						},
						"0.9": {
							"vector": [-43.69113, -28.77745, -26.72978]
						},
						"1.3333": {
							"vector": [-43.13835, -24.59898, -25.40348]
						},
						"1.7": {
							"vector": [-26.457, -32.14645, -46.51792]
						},
						"1.85": {
							"vector": [-32.46402, -31.82155, -37.56387]
						},
						"1.8833": {
							"vector": [-34.37086, -32.10756, -37.34485]
						},
						"1.95": {
							"vector": [-32.17591, -31.6486, -36.32213]
						},
						"2.1833": {
							"vector": [-24.67454, -10.70327, 10.57677],
							"easing": "easeInOutSine"
						},
						"2.3333": {
							"vector": [-22.47098, -2.95454, 26.4225]
						},
						"2.6": {
							"vector": [-22.57732, 1.04627, 20.9526]
						},
						"2.65": {
							"vector": [-17.57972, -1.34622, 21.67618]
						},
						"2.8667": {
							"vector": [15.10999, -7.35417, 17.81405],
							"easing": "easeInOutSine"
						},
						"3.2333": {
							"vector": [0, 0, 0],
							"easing": "easeInOutSine"
						}
					},
					"position": {
						"0.0": {
							"vector": [0, 0, 0]
						},
						"0.1": {
							"vector": [0, -3.825, 4]
						},
						"0.2667": {
							"vector": [0, -0.375, 4]
						},
						"0.4667": {
							"vector": [0, -4.3, 4.6],
							"easing": "linear"
						},
						"0.7333": {
							"vector": [-1, -6.39, 7.6]
						},
						"1.0667": {
							"vector": [-2.1, -11.19, 7.6]
						},
						"1.2333": {
							"vector": [-2.53, -11.24, 6.2],
							"easing": "easeInOutSine"
						},
						"1.4167": {
							"vector": [-1.34, -11.17, 3.27]
						},
						"1.6333": {
							"vector": [0, -6, 0]
						},
						"1.8": {
							"vector": [0, -8.2, 0]
						},
						"2.0333": {
							"vector": [0, -4.9, 0]
						},
						"2.3667": {
							"vector": [0.3, -6.7, 0]
						},
						"2.4833": {
							"vector": [0.7, -4.9, 0]
						},
						"2.6167": {
							"vector": [0.7, -6, 0]
						},
						"2.6667": {
							"vector": [0.7, -4.94, 0]
						},
						"2.7167": {
							"vector": [0.7, -4.895, 0]
						},
						"2.9333": {
							"vector": [0, -5.22, 0]
						},
						"3.2167": {
							"vector": [0, 0, 0]
						}
					}
				},
				"magazine": {
					"rotation": {
						"0.0": {
							"vector": [0, 0, 0]
						},
						"0.4333": {
							"vector": [0.68267, -2.77539, -4.98387]
						},
						"0.5": {
							"vector": [-3.31733, -2.77539, -4.98387]
						},
						"0.5333": {
							"vector": [-10.20884, -9.0311, -34.49957]
						},
						"0.6": {
							"vector": [-10.20884, -9.0311, -34.49957]
						},
						"1.6333": {
							"vector": [-22.25977, 0.81943, -3.87007]
						},
						"1.7667": {
							"vector": [-20.25977, 0.81943, -3.87007]
						},
						"1.8333": {
							"vector": [0, 0, 0]
						}
					},
					"position": {
						"0.0": {
							"vector": [0, 0, 0]
						},
						"0.4333": {
							"vector": [-0.1, 0, 0]
						},
						"0.5": {
							"vector": [1.06, 0, 0]
						},
						"0.5333": {
							"vector": [12.8, 0, 0],
							"easing": "easeInCubic"
						},
						"0.5667": {
							"vector": [20.2, 0.1, 2.7],
							"easing": "easeInCubic"
						},
						"0.7": {
							"vector": [53.83, -53.76, -10.37]
						},
						"1.2": {
							"vector": [7.83, -12.76, 43.63]
						},
						"1.4": {
							"vector": [14.93, -15.06, 23.63]
						},
						"1.5667": {
							"vector": [0.83, -1.99, -6.4]
						},
						"1.7667": {
							"vector": [0.83, -1.06, -7.07]
						},
						"1.8333": {
							"vector": [0, 0, 0]
						}
					},
					"scale": {
						"0.0": {
							"vector": [1, 1, 1]
						},
						"0.5333": {
							"vector": [1, 1, 1]
						},
						"0.8667": {
							"vector": [0, 0, 0]
						},
						"1.2": {
							"vector": [0, 0, 0]
						},
						"1.3333": {
							"vector": [1, 1, 1]
						}
					}
				},
				"leftarm": {
					"rotation": {
						"0.0": {
							"vector": [0, 0, 0]
						},
						"0.2333": {
							"vector": [0, 0, 0]
						},
						"0.4333": {
							"vector": [0.68267, -2.77539, -4.98387]
						},
						"0.5": {
							"vector": [0.68267, -2.77539, -4.98387]
						},
						"0.7": {
							"vector": [35.64761, -5.26247, -4.72761]
						},
						"0.9": {
							"vector": [35.68267, -2.77539, -4.98387]
						},
						"1.2": {
							"vector": [24.02807, 0.80091, -6.11617]
						},
						"1.3333": {
							"vector": [24.02807, 0.80091, -6.11617]
						},
						"1.6333": {
							"vector": [9.05906, 8.68864, 1.15315]
						},
						"1.7667": {
							"vector": [-1.52855, 11.84373, 4.06088]
						},
						"1.8333": {
							"vector": [21.18226, 19.66036, 10.25406]
						},
						"2.1": {
							"vector": [0, 0, 0]
						}
					},
					"position": {
						"0.0": {
							"vector": [0, 0, 0]
						},
						"0.2": {
							"vector": [-3, -5, 16]
						},
						"0.4333": {
							"vector": [-3, -5, 16]
						},
						"0.5667": {
							"vector": [11, -3, 20],
							"easing": "easeInCubic"
						},
						"0.7333": {
							"vector": [13, -21, 14]
						},
						"1.0": {
							"vector": [7.8, -21, 47],
							"easing": "easeOutSine"
						},
						"1.3333": {
							"vector": [7.8, -21, 55],
							"easing": "easeOutSine"
						},
						"1.5667": {
							"vector": [-2.19, -5.32, 10.18]
						},
						"1.7667": {
							"vector": [0.08, -8.25, 6.88]
						},
						"1.8333": {
							"vector": [-2.42, -1.15, 18.78]
						},
						"1.9": {
							"vector": [-2.42, -2.75, 18.78]
						},
						"2.2667": {
							"vector": [0, 0, 0]
						}
					}
				},
				"_camera_": {
					"rotation": {
						"0.0": {
							"vector": [0, 0, 0]
						},
						"0.4667": {
							"vector": [-2, 1, 0],
							"easing": "linear"
						},
						"0.5667": {
							"vector": [-1.26714, 0.96495, -0.99953]
						},
						"1.3333": {
							"vector": [1.54506, -0.87894, -0.7477],
							"easing": "linear"
						},
						"1.9667": {
							"vector": [0.65753, -0.28575, -0.25003]
						},
						"2.5333": {
							"vector": [1.15, 0.07, -0.75]
						},
						"3.1333": {
							"vector": [0, 0, 0]
						}
					},
					"position": {
						"0.0": {
							"vector": [0, 0, 0]
						},
						"3.1333": {
							"vector": [0, 0, 0]
						}
					}
				},
				"action": {
					"rotation": {
						"0.0": {
							"vector": [0, 0, 0]
						},
						"2.3667": {
							"vector": [0, 0, 0]
						}
					},
					"position": {
						"0.0": {
							"vector": [0, 0, 0]
						},
						"2.3667": {
							"vector": [0, 0, 0]
						},
						"2.6": {
							"vector": [0, 0, 10]
						},
						"2.6167": {
							"vector": [0, 0, 0]
						}
					}
				},
				"rightarm": {
					"rotation": {
						"0.0": {
							"vector": [0, 0, 0]
						},
						"2.6": {
							"vector": [0, 0, 0]
						},
						"2.8667": {
							"vector": [0, 0, 0]
						}
					},
					"position": {
						"0.0": {
							"vector": [0, 0, 0]
						},
						"2.1": {
							"vector": [0, 0, 0]
						},
						"2.3667": {
							"vector": [-5.6, 9.9, -19.2]
						},
						"2.6": {
							"vector": [-6.18, 8.32, -11.87]
						},
						"2.6333": {
							"vector": [-6.95, 12, -11.6]
						},
						"2.7667": {
							"vector": [-6.7, 4.9, -12.7]
						},
						"3.0": {
							"vector": [0, 0, 0]
						}
					}
				}
			},
			"sound_effects": {
				"0.0": {
					"effect": "eea_cod4_ak74u_foley"
				},
				"0.5": {
					"effect": "eea_cod4_ak74u_magout"
				},
				"1.8": {
					"effect": "eea_cod4_ak74u_magin"
				},
				"2.3667": {
					"effect": "eea_cod4_ak74u_action"
				}
			}
		},
		"animation.model.draw": {
			"animation_length": 0.6,
			"bones": {
				"main": {
					"rotation": {
						"0.0667": {
							"vector": [6.78977, -21.01454, 17.34824]
						},
						"0.2333": {
							"vector": [-7.34244, -3.12371, -8.11548]
						},
						"0.4": {
							"vector": [0, 0, 0]
						}
					},
					"position": {
						"0.0": {
							"vector": [2, -12, 0]
						},
						"0.1333": {
							"vector": [0.43, 1.71, 0]
						},
						"0.3333": {
							"vector": [0.18, -1.37, 0]
						},
						"0.4667": {
							"vector": [0, 0, 0]
						}
					}
				},
				"_camera_": {
					"rotation": {
						"0.0": {
							"vector": [0, 0, 0]
						},
						"0.2333": {
							"vector": [-1.00003, 0.49995, -0.00654]
						},
						"0.4667": {
							"vector": [0, 0, 0]
						}
					},
					"position": {
						"0.0": {
							"vector": [0, 0, 0]
						},
						"0.4667": {
							"vector": [0, 0, 0]
						}
					}
				}
			},
			"sound_effects": {
				"0.0": {
					"effect": "eea_cod4_ak74u_draw"
				}
			}
		},
		"animation.model.fire": {
			"loop": true,
			"animation_length": 0.3,
			"bones": {
				"action": {
					"position": {
						"0.0": {
							"vector": [0, 0, 0]
						},
						"0.05": {
							"vector": [0, 0, 11]
						},
						"0.1": {
							"vector": [0, 0, 0]
						}
					}
				},
				"main": {
					"rotation": {
						"0.0": {
							"vector": [0, 0, 0]
						},
						"0.0667": {
							"vector": [-1.49715, -0.1308, 0]
						},
						"0.1167": {
							"vector": [0.50143, -0.0654, 0]
						},
						"0.1667": {
							"vector": [0, 0, 0],
							"easing": "easeInOutSine"
						}
					},
					"position": {
						"0.0": {
							"vector": [0, 0, 0]
						},
						"0.0667": {
							"vector": [0, 0.425, 0.5]
						},
						"0.1167": {
							"vector": [0, 0.175, 0.2]
						},
						"0.1667": {
							"vector": [0, 0, 0]
						}
					}
				}
			}
		},
		"animation.model.inspect": {
			"loop": true,
			"animation_length": 4.5,
			"bones": {
				"main": {
					"rotation": {
						"0.0": {
							"vector": [0, 0, 0]
						},
						"0.3": {
							"vector": [-26.32055, -28.95323, -38.41824]
						},
						"0.4": {
							"vector": [-35.67482, -22.47815, -25.89873]
						},
						"0.5333": {
							"vector": [-27.10413, -31.89841, -42.85878]
						},
						"0.6667": {
							"vector": [-31.47595, -27.60818, -34.06855]
						},
						"0.8": {
							"vector": [-28.83861, -30.37357, -39.50532]
						},
						"0.9667": {
							"vector": [-25.82568, -32.90129, -45.24438]
						},
						"1.1667": {
							"vector": [-15.33861, -38.4026, -63.12002]
						},
						"1.4333": {
							"vector": [-13.79014, -38.90563, -65.59883]
						},
						"1.6": {
							"vector": [-23.396, -34.56804, -49.61751]
						},
						"1.8": {
							"vector": [-29.8406, -29.39348, -37.49451]
						},
						"2.0": {
							"vector": [-28.36673, 30.80881, 46.54327]
						},
						"2.1667": {
							"vector": [-11.4723, 39.54204, 75.37415]
						},
						"2.2667": {
							"vector": [-17.09983, 37.44596, 65.1977]
						},
						"2.3333": {
							"vector": [-18.56524, 36.76543, 62.87759]
						},
						"2.4333": {
							"vector": [-20.19566, 36.01123, 60.32763]
						},
						"2.6333": {
							"vector": [-13.76511, 38.66834, 71.31297]
						},
						"2.8333": {
							"vector": [-17.65176, 37.52462, 65.47144]
						},
						"3.1667": {
							"vector": [-16.71256, 37.87567, 66.99515]
						},
						"3.4": {
							"vector": [-21.55695, 36.44049, 61.87327]
						},
						"3.7667": {
							"vector": [-29.8846, 34.82405, 57.48541]
						},
						"3.9": {
							"vector": [-23.04125, 16.80573, 39.96438]
						},
						"4.0333": {
							"vector": [-14.02849, -0.56127, 20.29977]
						},
						"4.1333": {
							"vector": [0.07114, -1.17748, 6.35289]
						},
						"4.2333": {
							"vector": [0.22772, -0.91236, -6.06892]
						},
						"4.3667": {
							"vector": [0.05611, -0.58726, 3.92614]
						},
						"4.4667": {
							"vector": [0, 0, 0]
						}
					},
					"position": {
						"0.0": {
							"vector": [0, 0, 0]
						},
						"0.1667": {
							"vector": [-4.4203, 0.77566, -13.74943]
						},
						"0.3333": {
							"vector": [-3.9535, -7.29716, -6.9926]
						},
						"0.5333": {
							"vector": [-4.51251, -5.50196, -8.33177]
						},
						"0.7333": {
							"vector": [-4.43, -4.25, -10.14]
						},
						"1.0333": {
							"vector": [-4.45094, -4.64235, -9.68655]
						},
						"1.3": {
							"vector": [-4.25488, -4.38643, -10.12316]
						},
						"1.5667": {
							"vector": [-4.09449, -4.79644, -9.80279]
						},
						"1.7333": {
							"vector": [-3.65485, -4.8128, -10.18792]
						},
						"1.9667": {
							"vector": [-3.53449, -2.66249, -12.69297]
						},
						"2.1333": {
							"vector": [-3.56247, -3.29858, -11.92113]
						},
						"2.3": {
							"vector": [-3.41, -3.78, -11.86]
						},
						"2.5333": {
							"vector": [-3.09041, -2.85436, -11.72661]
						},
						"2.7": {
							"vector": [-3.10745, -3.57692, -11.35208]
						},
						"2.9333": {
							"vector": [-3.11, -3.77, -11.25]
						},
						"3.2": {
							"vector": [-3.12047, -3.77606, -11.12317]
						},
						"3.3333": {
							"vector": [-3.12, -3.555, -10.96]
						},
						"3.4667": {
							"vector": [-3.12, -3.925, -10.9]
						},
						"3.6333": {
							"vector": [-3.12, -4.39, -10.67]
						},
						"3.9667": {
							"vector": [-0.08, 0.845, -5.875]
						},
						"4.1667": {
							"vector": [-0.04, 0.32, -6.065]
						},
						"4.3": {
							"vector": [-0.01, -1.11, -4.45]
						},
						"4.4333": {
							"vector": [0, 0, 0]
						}
					}
				},
				"rightarm": {
					"rotation": {
						"vector": [0, 0, 0]
					},
					"position": {
						"vector": [0, 0, 0]
					}
				},
				"leftarm": {
					"rotation": {
						"0.0": {
							"vector": [0, 0, 0]
						},
						"0.2667": {
							"vector": [-45.13234, 71.33372, -81.76837]
						},
						"3.7333": {
							"vector": [-45.13234, 71.33372, -81.76837]
						},
						"4.1333": {
							"vector": [0, 0, 0]
						}
					},
					"position": {
						"0.0": {
							"vector": [0, 0, 0]
						},
						"0.0667": {
							"vector": [9.47769, -9.10617, 9.45309]
						},
						"0.2667": {
							"vector": [12.05588, -33.69803, 37.55014]
						},
						"3.7333": {
							"vector": [22.05588, -0.69803, 88.55014]
						},
						"4.1333": {
							"vector": [0, 0, 0]
						}
					},
					"scale": {
						"0.0": {
							"vector": [1, 1, 1]
						},
						"4.1333": {
							"vector": [1, 1, 1]
						}
					}
				},
				"_camera_": {
					"rotation": {
						"0.0": {
							"vector": [0, 0, 0]
						},
						"0.1": {
							"vector": [-0.01091, 1.24995, -0.50012]
						},
						"0.2": {
							"vector": [-1.31346, 1.78854, -1.03401]
						},
						"0.3": {
							"vector": [-3.43914, 2.08948, 0.95199]
						},
						"0.4": {
							"vector": [-3.79082, 2.20398, 0.2289]
						},
						"0.5667": {
							"vector": [-4.23078, 2.46161, 0.6044]
						},
						"0.7667": {
							"vector": [-4.99004, 2.77768, -0.09243]
						},
						"1.8": {
							"vector": [-4, 2, -0.2]
						},
						"1.9667": {
							"vector": [-4.7884, 2.17398, -0.05974]
						},
						"2.0667": {
							"vector": [-5.76214, 0.67496, -0.23406]
						},
						"2.2667": {
							"vector": [-4.99112, 1.04354, -0.50182]
						},
						"2.3667": {
							"vector": [-5.00373, 1.10382, 0.42566]
						},
						"2.4667": {
							"vector": [-5.02016, 1.13464, 0.99563]
						},
						"3.1333": {
							"vector": [1, 0, 0]
						},
						"3.8667": {
							"vector": [-1.02016, 1, 0.99563]
						},
						"4.0": {
							"vector": [1, 0, 0]
						},
						"4.1": {
							"vector": [0.71276, 0.04672, -3.74971]
						},
						"4.2": {
							"vector": [0.42831, -0.01496, 1.69993]
						},
						"4.2667": {
							"vector": [0, 0, 0]
						}
					}
				}
			},
			"sound_effects": {
				"0.0": {
					"effect": "inspect_up"
				},
				"1.0667": {
					"effect": "inspect_foley"
				},
				"1.5333": {
					"effect": "inspect_turn"
				},
				"3.9": {
					"effect": "inspect_down"
				}
			}
		},
		"animation.model.switchup": {
			"animation_length": 0.4667,
			"bones": {
				"main": {
					"rotation": {
						"0.0": {
							"vector": [0, 0, 0]
						},
						"0.1333": {
							"vector": [0, 0, -7.01]
						},
						"0.3": {
							"vector": [0, 0, 2.75],
							"easing": "easeOutCubic"
						},
						"0.4667": {
							"vector": [0, 0, 0]
						}
					},
					"position": {
						"0.0": {
							"vector": [0, 0, 0]
						},
						"0.1667": {
							"vector": [0, -0.475, 0]
						},
						"0.4": {
							"vector": [0, 0, 0]
						}
					}
				},
				"rightarm": {
					"rotation": {
						"0.0": {
							"vector": [0, 0, 0]
						},
						"0.2": {
							"vector": [-1.43, 0, 0]
						},
						"0.3667": {
							"vector": [0, 0, 0]
						}
					},
					"position": {
						"0.0": {
							"vector": [0, 0, 0]
						},
						"0.1": {
							"vector": [-4.6, 5, -7]
						},
						"0.2667": {
							"vector": [-3.29, 4.07, -4.04]
						},
						"0.4": {
							"vector": [0, 0, 0]
						}
					}
				},
				"_camera_": {
					"rotation": {
						"0.0": {
							"vector": [0, 0, 0]
						},
						"0.1333": {
							"vector": [0, 0, -0.4]
						},
						"0.2667": {
							"vector": [0, 0, 0]
						}
					},
					"position": {
						"0.0": {
							"vector": [0, 0, 0]
						},
						"0.2667": {
							"vector": [0, 0, 0]
						}
					}
				}
			},
			"sound_effects": {
				"0.0": {
					"effect": "inspect_up"
				},
				"0.0667": {
					"effect": "eea_ak_switchup"
				}
			}
		},
		"animation.model.switchdown": {
			"animation_length": 0.4667,
			"bones": {
				"main": {
					"rotation": {
						"0.0": {
							"vector": [0, 0, 0]
						},
						"0.1333": {
							"vector": [0, 0, -7.01]
						},
						"0.3": {
							"vector": [0, 0, 2.75],
							"easing": "easeOutCubic"
						},
						"0.4667": {
							"vector": [0, 0, 0]
						}
					},
					"position": {
						"0.0": {
							"vector": [0, 0, 0]
						},
						"0.1667": {
							"vector": [0, -0.475, 0]
						},
						"0.4": {
							"vector": [0, 0, 0]
						}
					}
				},
				"rightarm": {
					"rotation": {
						"0.0": {
							"vector": [0, 0, 0]
						},
						"0.2": {
							"vector": [2, 0, 0],
							"easing": "easeInBack"
						},
						"0.3667": {
							"vector": [0, 0, 0]
						}
					},
					"position": {
						"0.0": {
							"vector": [0, 0, 0]
						},
						"0.1": {
							"vector": [-4.6, 5, -8]
						},
						"0.2667": {
							"vector": [-3.29, 3.67, -8.14]
						},
						"0.4": {
							"vector": [0, 0, 0]
						}
					}
				},
				"_camera_": {
					"rotation": {
						"0.0": {
							"vector": [0, 0, 0]
						},
						"0.1333": {
							"vector": [0, 0, -0.4]
						},
						"0.2667": {
							"vector": [0, 0, 0]
						}
					},
					"position": {
						"0.0": {
							"vector": [0, 0, 0]
						},
						"0.2667": {
							"vector": [0, 0, 0]
						}
					}
				}
			},
			"sound_effects": {
				"0.0": {
					"effect": "inspect_up"
				},
				"0.0333": {
					"effect": "eea_ak_switchdown"
				}
			}
		}
	},
	"geckolib_format_version": 2
}