{
	"format_version": "1.8.0",
	"animations": {
		"animation.model.reload": {
			"loop": true,
			"animation_length": 2.1,
			"bones": {
				"main": {
					"rotation": {
						"0.0": {
							"vector": [0, 0, 0]
						},
						"0.2333": {
							"vector": [-1.69311, -18.97761, -27.29458]
						},
						"0.3667": {
							"vector": [0.7512, -19.05812, -34.78693]
						},
						"0.4333": {
							"vector": [-2.43899, -18.92154, -25.00434]
						},
						"0.5333": {
							"vector": [-4.13734, -18.63454, -19.73175]
						},
						"0.6333": {
							"vector": [-6.84846, -17.84325, -11.0845]
						},
						"0.7667": {
							"vector": [-4.72344, -18.49934, -17.89118]
						},
						"0.9333": {
							"vector": [-8.78649, -18.08037, -14.27586]
						},
						"1.1": {
							"vector": [-10.88338, -18.25108, -15.00523]
						},
						"1.2": {
							"vector": [-10.61317, -17.25696, -8.52703]
						},
						"1.2667": {
							"vector": [-3.6855, -10.94605, -12.21178]
						},
						"1.3667": {
							"vector": [0, 0, -3.75]
						},
						"1.4667": {
							"vector": [0, 0, 6.87]
						},
						"1.5333": {
							"vector": [0, 0, 6]
						},
						"1.6667": {
							"vector": [0, 0, 0]
						}
					},
					"position": {
						"0.0": {
							"vector": [0, 0, 0]
						},
						"0.1667": {
							"vector": [0, 2.15, 0]
						},
						"0.3": {
							"vector": [0, -0.55, 0]
						},
						"0.4": {
							"vector": [0, -0.1, 0]
						},
						"0.4667": {
							"vector": [0, -1.275, 0]
						},
						"0.6": {
							"vector": [0.125, -3.32, 0]
						},
						"0.7": {
							"vector": [0.125, -4.17, 0]
						},
						"0.8333": {
							"vector": [0.125, -3.445, 0]
						},
						"0.9": {
							"vector": [0, -2.44, 0]
						},
						"1.0": {
							"vector": [0, -2.24, 0]
						},
						"1.1333": {
							"vector": [0, -0.115, 0]
						},
						"1.2": {
							"vector": [0, 0.94, 0]
						},
						"1.3": {
							"vector": [0, -2.06, 0]
						},
						"1.4333": {
							"vector": [0.35, -3.19, 0]
						},
						"1.6": {
							"vector": [0, 0, 0]
						}
					}
				},
				"leftarm": {
					"position": {
						"0.0": {
							"vector": [0, 0, 0]
						},
						"0.1333": {
							"vector": [2.6, -5, 0]
						},
						"0.2667": {
							"vector": [-1.3, -10.3, 1.6]
						},
						"0.3333": {
							"vector": [-1.3, -13.3, 1.6]
						},
						"0.4333": {
							"vector": [-1.3, -38.5, 1.6]
						},
						"1.0333": {
							"vector": [-1.3, -38.5, 1.6]
						},
						"1.1333": {
							"vector": [-1.3, -10.3, 1.6]
						},
						"1.3333": {
							"vector": [2.6, -5, 0]
						},
						"1.4667": {
							"vector": [0, 0, 0]
						}
					}
				},
				"magazine": {
					"rotation": {
						"0.3333": {
							"vector": [0, 0, 0]
						},
						"0.4": {
							"vector": [-11, 0, 0]
						},
						"1.0667": {
							"vector": [-11, 0, 0]
						},
						"1.2": {
							"vector": [0, 0, 0]
						}
					},
					"position": {
						"0.0": {
							"vector": [0, 0, 0]
						},
						"0.3333": {
							"vector": [0, 0, 0]
						},
						"0.3667": {
							"vector": [0, -12.09, 3.3]
						},
						"0.4333": {
							"vector": [0, -37, 0]
						},
						"1.0333": {
							"vector": [0, -37, 0]
						},
						"1.1333": {
							"vector": [0, 0, 0]
						}
					}
				},
				"_camera_": {
					"rotation": {
						"0.0": {
							"vector": [0, 0, 0]
						},
						"0.1667": {
							"vector": [0.5, 0, 0.5]
						},
						"0.3667": {
							"vector": [-0.5, -0.5, 0.5]
						},
						"0.4667": {
							"vector": [0, 0, 0]
						},
						"1.0667": {
							"vector": [0, 0.5, 1]
						},
						"1.1667": {
							"vector": [1, 0, 1]
						},
						"1.3333": {
							"vector": [-0.5, 0, -0.5]
						},
						"1.4667": {
							"vector": [0.5, 0, 0.5]
						},
						"1.5667": {
							"vector": [0, 0, 0]
						}
					}
				},
				"rightarm": {
					"rotation": {
						"0.2": {
							"vector": [0, 0, 0]
						},
						"0.3667": {
							"vector": [1.44763, -2.43124, -7.53359]
						},
						"0.5667": {
							"vector": [0, 0, 0]
						}
					},
					"position": {
						"vector": [0, 0, 0]
					}
				}
			},
			"sound_effects": {
				"0.2333": {
					"effect": "pistol_magout"
				},
				"0.8333": {
					"effect": "pistol_magin"
				}
			}
		},
		"animation.model.reloadempty": {
			"loop": true,
			"animation_length": 2.2,
			"bones": {
				"main": {
					"rotation": {
						"0.0": {
							"vector": [0, 0, 0]
						},
						"0.2333": {
							"vector": [-1.69311, -18.97761, -27.29458]
						},
						"0.3667": {
							"vector": [0.7512, -19.05812, -34.78693]
						},
						"0.4333": {
							"vector": [-2.43899, -18.92154, -25.00434]
						},
						"0.5333": {
							"vector": [-4.13734, -18.63454, -19.73175]
						},
						"0.6333": {
							"vector": [-6.84846, -17.84325, -11.0845]
						},
						"0.7667": {
							"vector": [-4.72344, -18.49934, -17.89118]
						},
						"0.9333": {
							"vector": [-8.78649, -18.08037, -14.27586]
						},
						"1.1": {
							"vector": [-10.88338, -18.25108, -15.00523]
						},
						"1.2": {
							"vector": [-10.61317, -17.25696, -8.52703]
						},
						"1.2667": {
							"vector": [-3.6855, -10.94605, -12.21178]
						},
						"1.4": {
							"vector": [-7.72087, -15.88576, -0.94687]
						},
						"1.5333": {
							"vector": [-9.68453, -14.10957, 5.0325]
						},
						"1.6": {
							"vector": [-0.58893, -11.88108, 3.37049]
						},
						"1.6667": {
							"vector": [3.12244, -11.55858, -14.77497]
						},
						"1.7667": {
							"vector": [-0.14794, -6.74839, 1.25872]
						},
						"1.8667": {
							"vector": [0, 0, 0]
						}
					},
					"position": {
						"0.0": {
							"vector": [0, 0, 0]
						},
						"0.1667": {
							"vector": [0, 2.15, 0]
						},
						"0.3": {
							"vector": [0, -0.55, 0]
						},
						"0.4": {
							"vector": [0, -0.1, 0]
						},
						"0.4667": {
							"vector": [0, -1.275, 0]
						},
						"0.6": {
							"vector": [0.125, -3.32, 0]
						},
						"0.7": {
							"vector": [0.125, -4.17, 0]
						},
						"0.8333": {
							"vector": [0.125, -3.445, 0]
						},
						"0.9": {
							"vector": [0, -2.44, 0]
						},
						"1.0": {
							"vector": [0, -2.24, 0]
						},
						"1.1333": {
							"vector": [0, -0.115, 0]
						},
						"1.2": {
							"vector": [0, 0.94, 0]
						},
						"1.3333": {
							"vector": [0, -2.06, 0]
						},
						"1.4667": {
							"vector": [0, -1.235, 0]
						},
						"1.6": {
							"vector": [0, -1.65, 0]
						},
						"1.7": {
							"vector": [0, -0.875, -3.975]
						},
						"1.8": {
							"vector": [0, -0.25, -2.2]
						},
						"1.9333": {
							"vector": [0, 0, 0]
						}
					}
				},
				"leftarm": {
					"position": {
						"0.0": {
							"vector": [0, 0, 0]
						},
						"0.1333": {
							"vector": [2.6, -5, 0]
						},
						"0.2667": {
							"vector": [-1.3, -10.3, 1.6]
						},
						"0.3333": {
							"vector": [-1.3, -13.3, 1.6]
						},
						"0.4333": {
							"vector": [-1.3, -38.5, 1.6]
						},
						"1.0333": {
							"vector": [-1.3, -38.5, 1.6]
						},
						"1.1333": {
							"vector": [-1.3, -10.3, 1.6]
						},
						"1.3333": {
							"vector": [2.6, -5, 0]
						},
						"1.4667": {
							"vector": [0, 0, 0]
						}
					}
				},
				"magazine": {
					"rotation": {
						"0.3333": {
							"vector": [0, 0, 0]
						},
						"0.4": {
							"vector": [-11, 0, 0]
						},
						"1.0667": {
							"vector": [-11, 0, 0]
						},
						"1.2": {
							"vector": [0, 0, 0]
						}
					},
					"position": {
						"0.0": {
							"vector": [0, 0, 0]
						},
						"0.3333": {
							"vector": [0, 0, 0]
						},
						"0.3667": {
							"vector": [0, -12.09, 3.3]
						},
						"0.4333": {
							"vector": [0, -37, 0]
						},
						"1.0333": {
							"vector": [0, -37, 0]
						},
						"1.1333": {
							"vector": [0, 0, 0]
						}
					}
				},
				"_camera_": {
					"rotation": {
						"0.0": {
							"vector": [0, 0, 0]
						},
						"0.1667": {
							"vector": [0.5, 0, 0.5]
						},
						"0.3667": {
							"vector": [-0.5, -0.5, 0.5]
						},
						"0.4667": {
							"vector": [0, 0, 0]
						},
						"1.0667": {
							"vector": [0, 0.5, 1]
						},
						"1.1667": {
							"vector": [1, 0, 1]
						},
						"1.3333": {
							"vector": [-0.5, 0, -0.5]
						},
						"1.4667": {
							"vector": [0, 0, 0]
						},
						"1.6333": {
							"vector": [0.5, 0, 0.5]
						},
						"1.7333": {
							"vector": [0, 0, -0.5]
						},
						"1.8667": {
							"vector": [0, 0, 0]
						}
					},
					"position": {
						"vector": [0, 0, 0]
					}
				},
				"rightarm": {
					"rotation": {
						"0.2": {
							"vector": [0, 0, 0]
						},
						"0.3667": {
							"vector": [1.44763, -2.43124, -7.53359]
						},
						"0.5667": {
							"vector": [0, 0, 0]
						},
						"1.5": {
							"vector": [0, 0, 0]
						},
						"1.7333": {
							"vector": [0, 0, 0]
						}
					},
					"position": {
						"0.2": {
							"vector": [0, 0, 0]
						},
						"1.3667": {
							"vector": [0, 0, 0]
						},
						"1.7667": {
							"vector": [0, 0, 0]
						}
					}
				},
				"slide": {
					"position": {
						"0.0": {
							"vector": [0, 0, 6]
						},
						"1.5667": {
							"vector": [0, 0, 6]
						},
						"1.6": {
							"vector": [0, 0, 0]
						}
					}
				}
			},
			"sound_effects": {
				"0.2333": {
					"effect": "pistol_magout"
				},
				"0.8333": {
					"effect": "pistol_magin"
				},
				"1.5": {
					"effect": "eea_pistol_slide"
				}
			}
		},
		"animation.model.draw": {
			"loop": true,
			"animation_length": 1.2,
			"bones": {
				"main": {
					"rotation": {
						"0.0": {
							"vector": [18.3516, -10.6923, 15.19687]
						},
						"0.2": {
							"vector": [1.04494, -2.86698, 10.93567]
						},
						"0.35": {
							"vector": [0.71287, -0.95577, -4.84436]
						},
						"0.55": {
							"vector": [0, 0, 0]
						}
					},
					"position": {
						"0.0": {
							"vector": [0, -17.3, 10]
						},
						"0.1": {
							"vector": [0, -7.41, -4.07]
						},
						"0.2": {
							"vector": [-0.4, -1.2, -7.75]
						},
						"0.3": {
							"vector": [0.4, 0, 1.6]
						},
						"0.5": {
							"vector": [0, 0, 0]
						}
					}
				},
				"leftarm": {
					"rotation": {
						"0.0": {
							"vector": [0, 0, 0]
						},
						"0.2": {
							"vector": [1, 0, -22]
						},
						"0.4": {
							"vector": [0, -3.75, 0]
						},
						"0.55": {
							"vector": [0, 0, 0]
						}
					},
					"position": {
						"0.0": {
							"vector": [0, -3, 0]
						},
						"0.2": {
							"vector": [3.53901, 1.6754, 5.59783]
						},
						"0.4": {
							"vector": [0, -1, 0]
						},
						"0.55": {
							"vector": [0, 0, 0]
						}
					}
				},
				"_camera_": {
					"rotation": {
						"0.0": {
							"vector": [0, 0, 0]
						},
						"0.1": {
							"vector": [1, 0, -0.5]
						},
						"0.35": {
							"vector": [0, 0, 0]
						}
					}
				}
			},
			"sound_effects": {
				"0.05": {
					"effect": "pistol_draw"
				}
			}
		},
		"animation.model.inspect": {
			"loop": true,
			"animation_length": 3.8667,
			"bones": {
				"main": {
					"rotation": {
						"0.0": {
							"vector": [0, 0, 0]
						},
						"0.2": {
							"vector": [-2.46998, -8.33251, -6.45591]
						},
						"0.4": {
							"vector": [-6.73474, -16.02788, -0.29981]
						},
						"0.6333": {
							"vector": [-5.64908, -16.43252, -4.18273]
						},
						"0.9667": {
							"vector": [-5.79558, -16.38266, -3.6641]
						},
						"1.2": {
							"vector": [-7.02074, -16.47215, -4.63293]
						},
						"1.4667": {
							"vector": [-7.70663, -16.57441, -5.74017]
						},
						"1.6667": {
							"vector": [-2.78488, -17.13291, -14.07947]
						},
						"1.8333": {
							"vector": [0.87586, -17.27721, -18.0023]
						},
						"2.0": {
							"vector": [-3.62744, -16.97906, -11.20744]
						},
						"2.1667": {
							"vector": [-17.03473, -3.34809, 55.75249]
						},
						"2.5667": {
							"vector": [-17.34308, -0.53472, 64.83249]
						},
						"2.7": {
							"vector": [-17.31218, 1.17915, 70.32143]
						},
						"2.8333": {
							"vector": [-17.35105, -0.01291, 66.50291]
						},
						"3.0333": {
							"vector": [-15.72564, -0.84341, 63.59898]
						},
						"3.1333": {
							"vector": [-14.23616, -4.61285, 41.73853]
						},
						"3.2333": {
							"vector": [-12.15854, -6.50796, 28.68148]
						},
						"3.4": {
							"vector": [-5.98897, -2.2123, 14.14912]
						},
						"3.5": {
							"vector": [-1.64026, -1.04922, -8.5138]
						},
						"3.6667": {
							"vector": [0, 0, 0]
						}
					},
					"position": {
						"0.0": {
							"vector": [0, 0, 0]
						},
						"0.1333": {
							"vector": [0, 2.4, 0]
						},
						"0.3": {
							"vector": [0, -2.5, 0]
						},
						"0.5": {
							"vector": [0, -1.1, 0]
						},
						"0.7": {
							"vector": [0, -0.5, 0]
						},
						"0.9": {
							"vector": [0, -0.3, 0]
						},
						"1.0667": {
							"vector": [0, -1.15, 0.975]
						},
						"1.3333": {
							"vector": [0, -1.41, 0]
						},
						"1.5333": {
							"vector": [0, -0.5, 0]
						},
						"1.7667": {
							"vector": [0, -0.9, 0]
						},
						"2.0667": {
							"vector": [1.775, -1.7, 0]
						},
						"2.2667": {
							"vector": [1.975, 1.28, 0]
						},
						"2.5": {
							"vector": [1.98, 0.88, 0]
						},
						"2.7": {
							"vector": [1.98, 2.455, 0]
						},
						"2.8333": {
							"vector": [1.98, 2.06, 0]
						},
						"3.0": {
							"vector": [1.74, 1.8, 0]
						},
						"3.1": {
							"vector": [1.6, 2.06, 0]
						},
						"3.2": {
							"vector": [1.41, 2.875, 0]
						},
						"3.3": {
							"vector": [0.57, 3.12, 0]
						},
						"3.4": {
							"vector": [0.15, 2.1, 0]
						},
						"3.5": {
							"vector": [0, -2.175, 0]
						},
						"3.5667": {
							"vector": [0, 0, 0]
						}
					}
				},
				"leftarm": {
					"rotation": {
						"vector": [0, 0, 0]
					},
					"position": {
						"0.0": {
							"vector": [0, 0, 0]
						},
						"0.1667": {
							"vector": [6, -10, 0]
						},
						"0.3": {
							"vector": [6, -37, 0]
						},
						"3.2": {
							"vector": [98, -37, 125]
						},
						"3.4667": {
							"vector": [0, 0, 0]
						}
					}
				},
				"_camera_": {
					"rotation": {
						"0.0": {
							"vector": [0, 0, 0]
						},
						"0.1667": {
							"vector": [-2, 0, 1]
						},
						"0.3667": {
							"vector": [4, 2, 0]
						},
						"0.4667": {
							"vector": [4, 2, 1]
						},
						"0.6": {
							"vector": [4, 2, 0]
						},
						"1.0": {
							"vector": [4.2, 2.2, 0]
						},
						"1.5333": {
							"vector": [4, 2.5, 0]
						},
						"1.6667": {
							"vector": [4.5, 2.2, 0]
						},
						"2.0": {
							"vector": [4.2, 2.7, 0]
						},
						"2.1667": {
							"vector": [4.3, -3, 0]
						},
						"2.3333": {
							"vector": [4.6, -3.8, 0]
						},
						"2.6": {
							"vector": [4.6, -3.5, 0]
						},
						"3.1333": {
							"vector": [4.6, -3.5, 0]
						},
						"3.3667": {
							"vector": [-1, -1, 0]
						},
						"3.5": {
							"vector": [1, 0, 0]
						},
						"3.6": {
							"vector": [0, 0, 0]
						}
					},
					"position": {
						"0.0": {
							"vector": [0, 0, 0]
						},
						"0.1667": {
							"vector": [0, 0, 0]
						},
						"0.3667": {
							"vector": [0, 0, 0]
						},
						"3.2333": {
							"vector": [0, 0, 0]
						}
					}
				}
			}
		},
		"animation.model.fire": {
			"loop": true,
			"animation_length": 0.4,
			"bones": {
				"main": {
					"rotation": {
						"0.0": {
							"vector": [0, 0, 0]
						},
						"0.0333": {
							"vector": [0, 0, 0]
						},
						"0.0667": {
							"vector": [-2, 0, 0]
						},
						"0.1": {
							"vector": [-1, 0, 0]
						},
						"0.1667": {
							"vector": [2.5, 0, 0]
						},
						"0.3167": {
							"vector": [0, 0, 0]
						}
					},
					"position": {
						"0.0": {
							"vector": [0, 0, 0]
						},
						"0.0333": {
							"vector": [0, 0, 0]
						},
						"0.0667": {
							"vector": [0, 0, 0.8]
						},
						"0.1": {
							"vector": [0, 0, 1.4]
						},
						"0.1667": {
							"vector": [0, -0.8, 0]
						},
						"0.3167": {
							"vector": [0, 0, 0]
						}
					}
				},
				"slide": {
					"position": {
						"0.0": {
							"vector": [0, 0, 0]
						},
						"0.0333": {
							"vector": [0, 0, 0]
						},
						"0.0667": {
							"vector": [0, 0, 6.75]
						},
						"0.1": {
							"vector": [0, 0, 0]
						}
					}
				},
				"leftarm": {
					"rotation": {
						"0.0": {
							"vector": [0, 0, 0]
						},
						"0.0667": {
							"vector": [0, 0, -2.75]
						},
						"0.15": {
							"vector": [0, 0, -1.25]
						},
						"0.2333": {
							"vector": [0, 0, 0]
						}
					}
				},
				"trigger": {
					"rotation": {
						"0.0": {
							"vector": [0, 0, 0]
						},
						"0.0333": {
							"vector": [72.5, 0, 0]
						},
						"0.05": {
							"vector": [72.5, 0, 0]
						},
						"0.0667": {
							"vector": [0, 0, 0]
						}
					},
					"position": {
						"0.0": {
							"vector": [0, 0, 0]
						},
						"0.0667": {
							"vector": [0, 0, 0]
						}
					}
				},
				"_camera_": {
					"rotation": {
						"0.0": {
							"vector": [0, 0, 0]
						},
						"0.1": {
							"vector": [0.2, 0.4, 0.5]
						},
						"0.2167": {
							"vector": [0, 0, 0]
						}
					},
					"position": {
						"0.0": {
							"vector": [0, 0, 0]
						},
						"0.0667": {
							"vector": [0, 0, 0.5]
						},
						"0.2167": {
							"vector": [0, 0, 0]
						}
					}
				},
				"action": {
					"rotation": {
						"0.0": {
							"vector": [0, 0, 0]
						},
						"0.0333": {
							"vector": [54, 0, 0]
						},
						"0.0833": {
							"vector": [0, 0, 0]
						}
					}
				},
				"hammer": {
					"rotation": {
						"0.0": {
							"vector": [0, 0, 0]
						},
						"0.0333": {
							"vector": [50, 0, 0]
						},
						"0.0667": {
							"vector": [0, 0, 0]
						}
					}
				}
			}
		},
		"animation.model.running": {
			"loop": true,
			"animation_length": 0.5667,
			"bones": {
				"main": {
					"rotation": {
						"0.0": {
							"vector": [-57.82263, -6.12844, 5.00258]
						},
						"0.1833": {
							"vector": [-58.88397, -7.96808, -1.54433]
						},
						"0.3167": {
							"vector": [-61.69599, -9.42204, 0.94917]
						},
						"0.45": {
							"vector": [-59.03533, -6.29297, 2.33423]
						},
						"0.5667": {
							"vector": [-57.82263, -6.12844, 5.00258]
						}
					},
					"position": {
						"0.0": {
							"vector": [-10.1, 3.65, 0.075]
						},
						"0.0333": {
							"vector": [-9.74, 3.425, -0.39]
						},
						"0.0833": {
							"vector": [-9.6, 4.16, -1.18]
						},
						"0.15": {
							"vector": [-9.39, 5.26, -2.8]
						},
						"0.2333": {
							"vector": [-9.01, 3.97, -5.925]
						},
						"0.3": {
							"vector": [-8.6, 2.825, -6.505]
						},
						"0.35": {
							"vector": [-8.93, 3.055, -7.305]
						},
						"0.3833": {
							"vector": [-9.09, 4.075, -7.365]
						},
						"0.45": {
							"vector": [-9.31, 5.21, -4.29]
						},
						"0.5667": {
							"vector": [-10.1, 3.65, 0.075]
						}
					}
				}
			}
		},
		"animation.model.runningstart": {
			"animation_length": 0.3333,
			"bones": {
				"main": {
					"rotation": {
						"0.0": {
							"vector": [0, 0, 0]
						},
						"0.3333": {
							"vector": [-57.82263, -6.12844, 5.00258]
						}
					},
					"position": {
						"0.0": {
							"vector": [0, 0, 0]
						},
						"0.1667": {
							"vector": [-4.58, -4, 0]
						},
						"0.3333": {
							"vector": [-10.1, 3.65, 0.075]
						}
					}
				}
			}
		},
		"animation.model.runningend": {
			"animation_length": 0.3667,
			"bones": {
				"main": {
					"rotation": {
						"0.0": {
							"vector": [-57.82263, -6.12844, 5.00258]
						},
						"0.1833": {
							"vector": [0.53597, 0.18491, 5.1683]
						},
						"0.2667": {
							"vector": [0.3359, -0.86242, -0.40746]
						},
						"0.3667": {
							"vector": [0, 0, 0]
						}
					},
					"position": {
						"0.0": {
							"vector": [-10.1, 3.65, 0.075]
						},
						"0.0833": {
							"vector": [-4.54, -6.195, 0]
						},
						"0.1833": {
							"vector": [0.225, -0.725, 1.6]
						},
						"0.25": {
							"vector": [0, 0.2, -0.875]
						},
						"0.3333": {
							"vector": [0, 0, 0]
						}
					}
				}
			}
		}
	},
	"geckolib_format_version": 2
}