{
	"format_version": "1.8.0",
	"animations": {
		"animation.model.draw": {
			"loop": true,
			"animation_length": 1.0833,
			"bones": {
				"main": {
					"rotation": {
						"0.0": {
							"vector": [32.09413, -54.38778, -8.29667]
						},
						"0.3167": {
							"vector": [1.96006, -7.02677, 17.36059]
						},
						"0.4": {
							"vector": [-1.53375, -4.77949, 13.30076]
						},
						"0.4833": {
							"vector": [0.85003, 0.37628, 0.49013]
						},
						"0.55": {
							"vector": [0.06086, -1.17806, 6.853]
						},
						"0.6167": {
							"vector": [0.17159, -0.92456, -2.56849]
						},
						"0.7": {
							"vector": [0.06636, -0.58619, 2.92609]
						},
						"0.7833": {
							"vector": [0, 0, 0]
						}
					},
					"position": {
						"0.0": {
							"vector": [0, -17.3, 0]
						},
						"0.1": {
							"vector": [0, -7.41, -4.07]
						},
						"0.2833": {
							"vector": [0.3, -0.62, 0.605]
						},
						"0.4333": {
							"vector": [-0.25, -1.65, -1.02]
						},
						"0.5167": {
							"vector": [-0.14, -2.67, -3.015]
						},
						"0.5667": {
							"vector": [-0.08, -3.155, -5.875]
						},
						"0.65": {
							"vector": [-0.01, -1.11, -4.45]
						},
						"0.8333": {
							"vector": [0, 0, 0]
						}
					}
				},
				"leftarm": {
					"rotation": {
						"0.0": {
							"vector": [0, 0, 0]
						},
						"0.8667": {
							"vector": [0, 0, 0]
						}
					},
					"position": {
						"0.0": {
							"vector": [0, 0, 0]
						},
						"0.8667": {
							"vector": [0, 0, 0]
						}
					}
				},
				"gun": {
					"rotation": {
						"vector": [0, 0, 0]
					},
					"position": {
						"vector": [0, 0, 0]
					}
				},
				"switch": {
					"rotation": {
						"0.0": {
							"vector": [-23.25, 0, 0]
						},
						"0.45": {
							"vector": [-23.25, 0, 0]
						},
						"0.5333": {
							"vector": [0, 0, 0]
						}
					},
					"position": {
						"0.0": {
							"vector": [0, 0, 0]
						},
						"0.5333": {
							"vector": [0, 0, 0]
						}
					}
				},
				"rightarm": {
					"rotation": {
						"0.0": {
							"vector": [0, 0, 0]
						},
						"0.15": {
							"vector": [0, 0, 0]
						},
						"0.35": {
							"vector": [-23.86885, 11.84208, 16.98326]
						},
						"0.45": {
							"vector": [-14.44993, 21.97255, 9.62793]
						},
						"0.5333": {
							"vector": [-9.7402, 18.14826, 12.57456]
						},
						"0.65": {
							"vector": [-9.7402, 18.14826, 12.57456]
						},
						"0.8": {
							"vector": [0, 0, 0]
						}
					},
					"position": {
						"0.0": {
							"vector": [0, 0, 0]
						},
						"0.15": {
							"vector": [0, 0, 0]
						},
						"0.35": {
							"vector": [-6.50233, -0.05993, -5.99707]
						},
						"0.45": {
							"vector": [-0.55314, 1.93927, -9.50993]
						},
						"0.5333": {
							"vector": [-1.18551, 1.14539, -2.96889]
						},
						"0.65": {
							"vector": [2.35219, -2.91481, -11.21507]
						},
						"0.8": {
							"vector": [0, 0, 0]
						}
					}
				},
				"_camera_": {
					"rotation": {
						"0.0": {
							"vector": [0, 0, 0]
						},
						"0.25": {
							"vector": [1.88793, 1.06344, 0.88151]
						},
						"0.45": {
							"vector": [2.1, 1.03864, 1.63123]
						},
						"0.5333": {
							"vector": [1.07911, 1.84678, -1.26861]
						},
						"0.7667": {
							"vector": [0, 0, 0]
						}
					}
				}
			},
			"sound_effects": {
				"0.0": {
					"effect": "ak_draw"
				},
				"0.4": {
					"effect": "ak_safety"
				}
			}
		},
		"animation.model.inspect": {
			"loop": true,
			"animation_length": 4.5,
			"bones": {
				"main": {
					"rotation": {
						"0.0": {
							"vector": [0, 0, 0]
						},
						"0.3": {
							"vector": [-26.32055, -28.95323, -38.41824]
						},
						"0.4": {
							"vector": [-35.67482, -22.47815, -25.89873]
						},
						"0.5333": {
							"vector": [-27.10413, -31.89841, -42.85878]
						},
						"0.6667": {
							"vector": [-31.47595, -27.60818, -34.06855]
						},
						"0.8": {
							"vector": [-28.83861, -30.37357, -39.50532]
						},
						"0.9667": {
							"vector": [-25.82568, -32.90129, -45.24438]
						},
						"1.1667": {
							"vector": [-15.33861, -38.4026, -63.12002]
						},
						"1.4333": {
							"vector": [-13.79014, -38.90563, -65.59883]
						},
						"1.6": {
							"vector": [-23.396, -34.56804, -49.61751]
						},
						"1.8": {
							"vector": [-29.8406, -29.39348, -37.49451]
						},
						"2.0": {
							"vector": [-28.36673, 30.80881, 46.54327]
						},
						"2.1667": {
							"vector": [-11.4723, 39.54204, 75.37415]
						},
						"2.2667": {
							"vector": [-17.09983, 37.44596, 65.1977]
						},
						"2.3333": {
							"vector": [-18.56524, 36.76543, 62.87759]
						},
						"2.4333": {
							"vector": [-20.19566, 36.01123, 60.32763]
						},
						"2.6333": {
							"vector": [-13.76511, 38.66834, 71.31297]
						},
						"2.8333": {
							"vector": [-17.65176, 37.52462, 65.47144]
						},
						"3.1667": {
							"vector": [-16.71256, 37.87567, 66.99515]
						},
						"3.4": {
							"vector": [-21.55695, 36.44049, 61.87327]
						},
						"3.7667": {
							"vector": [-29.8846, 34.82405, 57.48541]
						},
						"3.9": {
							"vector": [-23.04125, 16.80573, 39.96438]
						},
						"4.0333": {
							"vector": [-14.02849, -0.56127, 20.29977]
						},
						"4.1333": {
							"vector": [0.07114, -1.17748, 6.35289]
						},
						"4.2333": {
							"vector": [0.22772, -0.91236, -6.06892]
						},
						"4.3667": {
							"vector": [0.05611, -0.58726, 3.92614]
						},
						"4.4667": {
							"vector": [0, 0, 0]
						}
					},
					"position": {
						"0.0": {
							"vector": [0, 0, 0]
						},
						"0.1667": {
							"vector": [-4.4203, 0.77566, -13.74943]
						},
						"0.3333": {
							"vector": [-3.9535, -7.29716, -6.9926]
						},
						"0.5333": {
							"vector": [-4.51251, -5.50196, -8.33177]
						},
						"0.7333": {
							"vector": [-4.43, -4.25, -10.14]
						},
						"1.0333": {
							"vector": [-4.45094, -4.64235, -9.68655]
						},
						"1.3": {
							"vector": [-4.25488, -4.38643, -10.12316]
						},
						"1.5667": {
							"vector": [-4.09449, -4.79644, -9.80279]
						},
						"1.7333": {
							"vector": [-3.65485, -4.8128, -10.18792]
						},
						"1.9667": {
							"vector": [-3.53449, -2.66249, -12.69297]
						},
						"2.1333": {
							"vector": [-3.56247, -3.29858, -11.92113]
						},
						"2.3": {
							"vector": [-3.41, -3.78, -11.86]
						},
						"2.5333": {
							"vector": [-3.09041, -2.85436, -11.72661]
						},
						"2.7": {
							"vector": [-3.10745, -3.57692, -11.35208]
						},
						"2.9333": {
							"vector": [-3.11, -3.77, -11.25]
						},
						"3.2": {
							"vector": [-3.12047, -3.77606, -11.12317]
						},
						"3.3333": {
							"vector": [-3.12, -3.555, -10.96]
						},
						"3.4667": {
							"vector": [-3.12, -3.925, -10.9]
						},
						"3.6333": {
							"vector": [-3.12, -4.39, -10.67]
						},
						"3.9667": {
							"vector": [-0.08, 0.845, -5.875]
						},
						"4.1667": {
							"vector": [-0.04, 0.32, -6.065]
						},
						"4.3": {
							"vector": [-0.01, -1.11, -4.45]
						},
						"4.4333": {
							"vector": [0, 0, 0]
						}
					}
				},
				"rightarm": {
					"rotation": {
						"vector": [0, 0, 0]
					},
					"position": {
						"vector": [0, 0, 0]
					}
				},
				"leftarm": {
					"rotation": {
						"0.0": {
							"vector": [0, 0, 0]
						},
						"0.2667": {
							"vector": [-45.13234, 71.33372, -81.76837]
						},
						"3.7333": {
							"vector": [-45.13234, 71.33372, -81.76837]
						},
						"4.1333": {
							"vector": [0, 0, 0]
						}
					},
					"position": {
						"0.0": {
							"vector": [0, 0, 0]
						},
						"0.0667": {
							"vector": [9.47769, -9.10617, 9.45309]
						},
						"0.2667": {
							"vector": [12.05588, -33.69803, 37.55014]
						},
						"3.7333": {
							"vector": [22.05588, -0.69803, 88.55014]
						},
						"4.1333": {
							"vector": [0, 0, 0]
						}
					},
					"scale": {
						"0.0": {
							"vector": [1, 1, 1]
						},
						"4.1333": {
							"vector": [1, 1, 1]
						}
					}
				},
				"_camera_": {
					"rotation": {
						"0.0": {
							"vector": [0, 0, 0]
						},
						"0.1": {
							"vector": [-0.01091, 1.24995, -0.50012]
						},
						"0.2": {
							"vector": [-1.31346, 1.78854, -1.03401]
						},
						"0.3": {
							"vector": [-3.43914, 2.08948, 0.95199]
						},
						"0.4": {
							"vector": [-3.79082, 2.20398, 0.2289]
						},
						"0.5667": {
							"vector": [-4.23078, 2.46161, 0.6044]
						},
						"0.7667": {
							"vector": [-4.99004, 2.77768, -0.09243]
						},
						"1.8": {
							"vector": [-4, 2, -0.2]
						},
						"1.9667": {
							"vector": [-4.7884, 2.17398, -0.05974]
						},
						"2.0667": {
							"vector": [-5.76214, 0.67496, -0.23406]
						},
						"2.2667": {
							"vector": [-4.99112, 1.04354, -0.50182]
						},
						"2.3667": {
							"vector": [-5.00373, 1.10382, 0.42566]
						},
						"2.4667": {
							"vector": [-5.02016, 1.13464, 0.99563]
						},
						"3.1333": {
							"vector": [1, 0, 0]
						},
						"3.8667": {
							"vector": [-1.02016, 1, 0.99563]
						},
						"4.0": {
							"vector": [1, 0, 0]
						},
						"4.1": {
							"vector": [0.71276, 0.04672, -3.74971]
						},
						"4.2": {
							"vector": [0.42831, -0.01496, 1.69993]
						},
						"4.2667": {
							"vector": [0, 0, 0]
						}
					}
				}
			},
			"sound_effects": {
				"0.0": {
					"effect": "inspect_up"
				},
				"1.0667": {
					"effect": "inspect_foley"
				},
				"1.5333": {
					"effect": "inspect_turn"
				},
				"3.9": {
					"effect": "inspect_down"
				}
			}
		},
		"animation.model.fire": {
			"loop": true,
			"animation_length": 0.2,
			"bones": {
				"action": {
					"position": {
						"0.0083": {
							"vector": [0, 0, 0]
						},
						"0.05": {
							"vector": [0, 0, 14.3]
						},
						"0.1": {
							"vector": [0, 0, 0]
						}
					}
				},
				"main": {
					"rotation": {
						"0.0": {
							"vector": [0, 0, 0]
						},
						"0.05": {
							"vector": [0.24722, -0.15263, -0.99759]
						},
						"0.0917": {
							"vector": [0.25995, -0.07447, -1.7]
						},
						"0.1417": {
							"vector": [0, 0.00851, -0.52127]
						},
						"0.2": {
							"vector": [0, 0, 0]
						}
					},
					"position": {
						"0.0": {
							"vector": [0, 0, 0]
						},
						"0.05": {
							"vector": [-0.00192, 0.00299, 0.69999]
						},
						"0.1083": {
							"vector": [0, 0, 0]
						}
					}
				},
				"_camera_": {
					"rotation": {
						"0.0": {
							"vector": [0, 0, 0]
						},
						"0.05": {
							"vector": [0, 0, 0.25]
						},
						"0.1167": {
							"vector": [0, 0, 0.75]
						},
						"0.175": {
							"vector": [0, 0, 0]
						}
					}
				},
				"hammer": {
					"rotation": {
						"0.0": {
							"vector": [0, 0, 0]
						},
						"0.0083": {
							"vector": [73.5, 0, 0]
						},
						"0.0167": {
							"vector": [69, 0, 0]
						},
						"0.025": {
							"vector": [8.25, 0, 0]
						},
						"0.0333": {
							"vector": [-10, 0, 0]
						},
						"0.0917": {
							"vector": [-12, 0, 0]
						},
						"0.1": {
							"vector": [-10, 0, 0]
						},
						"0.1167": {
							"vector": [0, 0, 0]
						}
					}
				},
				"selftimer_sear": {
					"rotation": {
						"0.0417": {
							"vector": [0, 0, 0]
						},
						"0.05": {
							"vector": [-26.75, 0, 0]
						},
						"0.1": {
							"vector": [-26.75, 0, 0]
						},
						"0.1167": {
							"vector": [0, 0, 0]
						}
					},
					"position": {
						"vector": [0, 0, 0]
					}
				},
				"trigger_mechanism": {
					"rotation": {
						"0.0": {
							"vector": [0, 0, 0]
						},
						"0.0083": {
							"vector": [16, 0, 0]
						},
						"0.1": {
							"vector": [16, 0, 0]
						},
						"0.1167": {
							"vector": [0, 0, 0]
						}
					}
				},
				"sear": {
					"rotation": {
						"0.0": {
							"vector": [0, 0, 0]
						},
						"0.025": {
							"vector": [0, 0, 0]
						},
						"0.0333": {
							"vector": [-7, 0, 0]
						},
						"0.1083": {
							"vector": [-7, 0, 0]
						},
						"0.125": {
							"vector": [0, 0, 0]
						}
					}
				},
				"return_spring": {
					"rotation": {
						"vector": [0, 0, 0]
					},
					"position": {
						"0.0083": {
							"vector": [0, 0, 0]
						},
						"0.05": {
							"vector": [0, 0, 9.3]
						},
						"0.1": {
							"vector": [0, 0, 0]
						}
					},
					"scale": {
						"0.0083": {
							"vector": [1, 1, 1]
						},
						"0.05": {
							"vector": [1, 1, 0.39]
						},
						"0.1": {
							"vector": [1, 1, 1]
						}
					}
				},
				"bullet": {
					"rotation": {
						"0.0": {
							"vector": [0, 0, 0]
						},
						"0.0333": {
							"vector": [0, 13, 0]
						},
						"0.05": {
							"vector": [-60.59349, 27.28492, -4.61158]
						},
						"0.0833": {
							"vector": [-143.2621, 20.77431, -38.5185]
						},
						"0.125": {
							"vector": [-219.15355, 20.77431, -38.5185]
						},
						"0.1667": {
							"vector": [-353.5121, 20.77431, -38.5185]
						}
					},
					"position": {
						"0.0": {
							"vector": [0, 3.5, 1]
						},
						"0.0333": {
							"vector": [-1.8, 4.2, -3.1]
						},
						"0.05": {
							"vector": [-5.6, 5.2, -2]
						},
						"0.0833": {
							"vector": [-12.8, 4, -2.45]
						},
						"0.125": {
							"vector": [-21.225, -2.15, -2.45]
						},
						"0.1667": {
							"vector": [-25.1, -14.9, -2.45]
						},
						"0.2": {
							"vector": [-25.4, -27.2, -2.45]
						}
					}
				}
			}
		},
		"animation.model.reload": {
			"animation_length": 2.0333,
			"bones": {
				"main": {
					"rotation": {
						"0.0": {
							"vector": [0, 0, 0]
						},
						"0.0333": {
							"vector": [-1.3168, -0.74606, 0.0787]
						},
						"0.0667": {
							"vector": [-1.71689, -1.49213, 0.1574]
						},
						"0.1": {
							"vector": [-2.74203, -2.23819, 0.2361]
						},
						"0.1333": {
							"vector": [-3.2664, -2.98351, 0.31472]
						},
						"0.1667": {
							"vector": [-5.45897, -3.72976, 0.39344]
						},
						"0.2": {
							"vector": [-7.5663, -4.47526, 0.47209]
						},
						"0.2333": {
							"vector": [-9.54869, -5.22076, 0.55073]
						},
						"0.2667": {
							"vector": [-11.03281, -5.96701, 0.62945]
						},
						"0.3": {
							"vector": [-10.34751, -5.91626, 1.25519]
						},
						"0.3333": {
							"vector": [-8.57795, -5.86545, 1.88156]
						},
						"0.3667": {
							"vector": [-7.43338, -5.81465, 2.50793]
						},
						"0.4": {
							"vector": [-7.28882, -5.76384, 3.1343]
						},
						"0.4333": {
							"vector": [-8.27676, -6.10165, 0.64844]
						},
						"0.4667": {
							"vector": [-9.04575, -7.42125, -7.80278]
						},
						"0.5333": {
							"vector": [-12.41795, -5.40493, 2.0647]
						},
						"0.6": {
							"vector": [-14.71807, -7.08391, -2.24677]
						},
						"0.7": {
							"vector": [-13.328, -5.91377, 3.15136]
						},
						"0.8333": {
							"vector": [-11.77922, -6.07992, 2.67354]
						},
						"1.1333": {
							"vector": [-5.06358, -6.48456, 0.70306]
						},
						"1.2667": {
							"vector": [-4.66876, -6.30793, -5.08026]
						},
						"1.4": {
							"vector": [-7.66876, -6.30793, -5.08026]
						},
						"1.5": {
							"vector": [-8.38253, -6.02003, -3.08957]
						},
						"1.6333": {
							"vector": [-9.64379, -3.65679, 11.77744]
						},
						"1.7": {
							"vector": [-2.50845, -3.36938, -0.13982]
						},
						"1.8": {
							"vector": [0, 0, 8.5]
						},
						"1.9667": {
							"vector": [0, 0, 0]
						}
					},
					"position": {
						"0.0": {
							"vector": [0, 0, 0]
						},
						"0.0333": {
							"vector": [0, -0.675, 0]
						},
						"0.0667": {
							"vector": [0, -1.3, 0]
						},
						"0.1": {
							"vector": [0, -1.055, 0.05]
						},
						"0.1333": {
							"vector": [0, -0.735, 0.1]
						},
						"0.1667": {
							"vector": [0, -0.495, 0.15]
						},
						"0.2": {
							"vector": [-0.00593, -0.01425, 0.19184]
						},
						"0.3333": {
							"vector": [-0.00799, -1.10181, 0.05605]
						},
						"0.4667": {
							"vector": [0.02993, -2.74413, 1.68316]
						},
						"0.6667": {
							"vector": [0.02514, -3.45563, 2.84079]
						},
						"0.9": {
							"vector": [0.02399, -3.17937, 2.82956]
						},
						"1.0333": {
							"vector": [0.02272, -1.87268, 3.0889]
						},
						"1.2": {
							"vector": [-0.04216, 0.58305, 3.17734]
						},
						"1.3333": {
							"vector": [0.32582, 1.46996, -0.82926]
						},
						"1.4667": {
							"vector": [0.33764, 0.9741, -0.90393]
						},
						"1.5667": {
							"vector": [0.53891, -1.89246, -1.32043]
						},
						"1.7667": {
							"vector": [0.15478, -2.0545, -0.67692]
						},
						"1.9": {
							"vector": [0, 0, 0]
						}
					}
				},
				"leftarm": {
					"rotation": {
						"0.0": {
							"vector": [0, 0, 0]
						},
						"0.1": {
							"vector": [-5.62259, 17.52189, 15.78133]
						},
						"0.4333": {
							"vector": [2.73802, 7.34918, 6.46431]
						},
						"1.1333": {
							"vector": [-4.50471, -14.01351, -13.10145]
						},
						"1.2667": {
							"vector": [-7.41793, -4.96531, 23.68737]
						},
						"1.4333": {
							"vector": [-6.3604, 2.45219, 18.21675]
						},
						"1.5667": {
							"vector": [-6.35787, 5.13695, 15.25134]
						},
						"1.6": {
							"vector": [-1.75048, 9.87682, 17.43151]
						},
						"1.6333": {
							"vector": [7.58038, 16.11838, 25.71224]
						},
						"1.8333": {
							"vector": [0, 0, 0]
						}
					},
					"position": {
						"0.0": {
							"vector": [0, 0, 0]
						},
						"0.1667": {
							"vector": [0.42518, -6.43971, 17.12636]
						},
						"0.3667": {
							"vector": [-0.35207, -7.16341, 16.13123]
						},
						"0.4333": {
							"vector": [-0.88091, -6.93264, 14.47164]
						},
						"0.5": {
							"vector": [16.63252, -62.40141, 38.11277]
						},
						"1.0667": {
							"vector": [16.63252, -62.40141, 38.11277]
						},
						"1.3333": {
							"vector": [-5.24064, -16.02184, 9.14273]
						},
						"1.3667": {
							"vector": [-4.28, -14.54, 9.5]
						},
						"1.4": {
							"vector": [-4.37, -13.07, 9.85]
						},
						"1.4333": {
							"vector": [-4.36, -11.59, 10.21]
						},
						"1.4667": {
							"vector": [-3.95, -12.37, 10.37]
						},
						"1.5": {
							"vector": [-3.94424, -12.64118, 10.12148]
						},
						"1.5333": {
							"vector": [-4.16, -11.76, 11.6]
						},
						"1.5667": {
							"vector": [-2.37993, -10.37242, 12.88876]
						},
						"1.6": {
							"vector": [-3.06, -9.26, 14.23]
						},
						"1.7": {
							"vector": [-4.42323, -5.52271, 18.40605]
						},
						"1.7667": {
							"vector": [-0.16004, -5.9124, 5.93953]
						},
						"1.9": {
							"vector": [0, 0, 0]
						}
					}
				},
				"magazine": {
					"rotation": {
						"0.0": {
							"vector": [0, 0, 0]
						},
						"0.2667": {
							"vector": [0, 0, 0]
						},
						"0.3333": {
							"vector": [-17, 0, 0]
						},
						"0.4": {
							"vector": [-22.5, 0, 0]
						},
						"0.4333": {
							"vector": [-24.5, 0, 0]
						},
						"1.1": {
							"vector": [-17.11277, -17.80293, -44.80016]
						},
						"1.2": {
							"vector": [-21.02454, -12.8744, -30.10127]
						},
						"1.2667": {
							"vector": [-32.40451, -1.3672, -11.17017]
						},
						"1.3333": {
							"vector": [-32.2048, -4.04052, -15.40059]
						},
						"1.3667": {
							"vector": [-37.33546, -2.22354, -13.00975]
						},
						"1.4": {
							"vector": [-39.37095, -0.87323, -11.52765]
						},
						"1.4333": {
							"vector": [-42.37845, -0.23883, -10.7546]
						},
						"1.4667": {
							"vector": [-42.37845, -0.23883, -10.7546]
						},
						"1.5": {
							"vector": [-42.37845, -0.23883, -10.7546]
						},
						"1.5333": {
							"vector": [-42.37845, -0.23883, -10.7546]
						},
						"1.5667": {
							"vector": [-26.37845, -0.23883, -10.7546]
						},
						"1.6": {
							"vector": [-26.27579, 2.4241, -5.37645]
						},
						"1.6333": {
							"vector": [0, 0, 0]
						}
					},
					"position": {
						"0.0": {
							"vector": [0, 0, 0]
						},
						"0.2": {
							"vector": [0, 0, 0]
						},
						"0.2667": {
							"vector": [0, -0.7, 0]
						},
						"0.3333": {
							"vector": [0, -0.7, -3]
						},
						"0.4": {
							"vector": [0, -0.7, -4]
						},
						"0.4333": {
							"vector": [0, -0.7, -4]
						},
						"0.4667": {
							"vector": [9, -26.7, 10]
						},
						"0.5": {
							"vector": [18, -55.7, 23]
						},
						"1.0667": {
							"vector": [18, -55.7, 23]
						},
						"1.1": {
							"vector": [10.9, -49.7, 21]
						},
						"1.1333": {
							"vector": [7, -43.9, 20.8]
						},
						"1.1667": {
							"vector": [7, -35.9, 14.8]
						},
						"1.2": {
							"vector": [7.1, -28.6, 11.4]
						},
						"1.2333": {
							"vector": [6.2, -21.6, 8.5]
						},
						"1.2667": {
							"vector": [7.9, -12.5, 0.6]
						},
						"1.3": {
							"vector": [4.3, -6.3, -2.2]
						},
						"1.3333": {
							"vector": [3.1, 0.3, -4.8]
						},
						"1.3667": {
							"vector": [2.55, 0.3, -4.8]
						},
						"1.4": {
							"vector": [1.6, 2.3, -4.8]
						},
						"1.4333": {
							"vector": [1.42, 2.59, -5.08]
						},
						"1.4667": {
							"vector": [1.35, 2.17, -5.35]
						},
						"1.5333": {
							"vector": [1.1, 3.45, -4.9]
						},
						"1.6": {
							"vector": [1.03, 0.21, -4.08]
						},
						"1.6333": {
							"vector": [0, 0, 0]
						}
					}
				},
				"_camera_": {
					"rotation": {
						"0.0": {
							"vector": [0, 0, 0]
						},
						"0.3": {
							"vector": [-2, 0, 0.4]
						},
						"0.3667": {
							"vector": [-0.49996, 0.00654, 0.69997]
						},
						"0.4333": {
							"vector": [1, 0, -0.5]
						},
						"0.5": {
							"vector": [1.09999, -0.0048, -0.30005]
						},
						"0.6": {
							"vector": [1.2, 0, -0.6]
						},
						"0.8": {
							"vector": [0.5, 0, -0.6]
						},
						"1.1": {
							"vector": [2, 0, -0.8]
						},
						"1.4667": {
							"vector": [-2, 1, 0.2]
						},
						"1.6": {
							"vector": [1.49994, 0.01309, 0.50017]
						},
						"1.6667": {
							"vector": [1.24999, 0.00545, 0.58339]
						},
						"1.7667": {
							"vector": [0.49989, -0.01091, 2.03333]
						},
						"1.8333": {
							"vector": [0, 0, 0]
						}
					},
					"position": {
						"vector": [0, 0, 0]
					}
				},
				"hammer": {
					"rotation": {
						"vector": [0, 0, 0]
					}
				},
				"bullet": {
					"scale": {
						"vector": [0, 0, 0]
					}
				}
			},
			"sound_effects": {
				"0.0": {
					"effect": "foley_start"
				},
				"0.0333": {
					"effect": "eea_ak_magout"
				},
				"1.3333": {
					"effect": "eea_ak_magin"
				},
				"1.6667": {
					"effect": "eea_ak_foleyend"
				}
			}
		},
		"animation.model.reloadempty": {
			"animation_length": 2.6,
			"bones": {
				"main": {
					"rotation": {
						"0.0": {
							"vector": [0, 0, 0]
						},
						"0.0333": {
							"vector": [-1.3168, -0.74606, 0.0787]
						},
						"0.0667": {
							"vector": [-1.71689, -1.49213, 0.1574]
						},
						"0.1": {
							"vector": [-2.74203, -2.23819, 0.2361]
						},
						"0.1333": {
							"vector": [-3.2664, -2.98351, 0.31472]
						},
						"0.1667": {
							"vector": [-5.45897, -3.72976, 0.39344]
						},
						"0.2": {
							"vector": [-7.5663, -4.47526, 0.47209]
						},
						"0.2333": {
							"vector": [-9.54869, -5.22076, 0.55073]
						},
						"0.2667": {
							"vector": [-11.03281, -5.96701, 0.62945]
						},
						"0.3": {
							"vector": [-10.34751, -5.91626, 1.25519]
						},
						"0.3333": {
							"vector": [-8.57795, -5.86545, 1.88156]
						},
						"0.3667": {
							"vector": [-7.43338, -5.81465, 2.50793]
						},
						"0.4": {
							"vector": [-7.28882, -5.76384, 3.1343]
						},
						"0.4333": {
							"vector": [-8.27676, -6.10165, 0.64844]
						},
						"0.4667": {
							"vector": [-9.04575, -7.42125, -7.80278]
						},
						"0.5333": {
							"vector": [-12.41795, -5.40493, 2.0647]
						},
						"0.6": {
							"vector": [-14.71807, -7.08391, -2.24677]
						},
						"0.7": {
							"vector": [-13.328, -5.91377, 3.15136]
						},
						"0.8333": {
							"vector": [-11.77922, -6.07992, 2.67354]
						},
						"1.1333": {
							"vector": [-5.06358, -6.48456, 0.70306]
						},
						"1.2667": {
							"vector": [-4.66876, -6.30793, -5.08026]
						},
						"1.4": {
							"vector": [-7.66876, -6.30793, -5.08026]
						},
						"1.5": {
							"vector": [-8.38253, -6.02003, -3.08957]
						},
						"1.6333": {
							"vector": [-9.56277, -3.86533, 10.5423]
						},
						"1.7": {
							"vector": [-9.96818, -2.47279, 18.55726]
						},
						"1.7667": {
							"vector": [-10.30071, -0.38137, 30.25323]
						},
						"1.8667": {
							"vector": [-9.09249, -6.14047, 31.98316]
						},
						"1.9667": {
							"vector": [-6.89938, -12.61638, 28.39203]
						},
						"2.0667": {
							"vector": [-5.87607, -7.5324, 32.75442]
						},
						"2.1333": {
							"vector": [-6.33788, -6.03552, 41.24357]
						},
						"2.2": {
							"vector": [-6.63638, -6.49824, 43.82768]
						},
						"2.2333": {
							"vector": [-6.86766, -13.8593, 43.38399]
						},
						"2.3333": {
							"vector": [-7.01788, -16.10273, 34.6018]
						},
						"2.4667": {
							"vector": [2, 0, -5.5]
						},
						"2.6": {
							"vector": [0, 0, 0]
						}
					},
					"position": {
						"0.0": {
							"vector": [0, 0, 0]
						},
						"0.0333": {
							"vector": [0, -0.675, 0]
						},
						"0.0667": {
							"vector": [0, -1.3, 0]
						},
						"0.1": {
							"vector": [0, -1.055, 0.05]
						},
						"0.1333": {
							"vector": [0, -0.735, 0.1]
						},
						"0.1667": {
							"vector": [0, -0.495, 0.15]
						},
						"0.2": {
							"vector": [-0.00593, -0.01425, 0.19184]
						},
						"0.3333": {
							"vector": [-0.00799, -1.10181, 0.05605]
						},
						"0.4667": {
							"vector": [0.02993, -2.74413, 1.68316]
						},
						"0.6667": {
							"vector": [0.02514, -3.45563, 2.84079]
						},
						"0.9": {
							"vector": [0.02399, -3.17937, 2.82956]
						},
						"1.0333": {
							"vector": [0.02272, -1.87268, 3.0889]
						},
						"1.2": {
							"vector": [-0.04216, 0.58305, 3.17734]
						},
						"1.3333": {
							"vector": [0.32582, 1.46996, -0.82926]
						},
						"1.4667": {
							"vector": [0.33764, 0.9741, -0.90393]
						},
						"1.5667": {
							"vector": [0.53891, -1.89246, -1.32043]
						},
						"1.7": {
							"vector": [0.15478, -2.0545, -0.67692]
						},
						"1.8333": {
							"vector": [0, 0, 0]
						},
						"1.9667": {
							"vector": [0.38744, -2.90852, -0.20102]
						},
						"2.1333": {
							"vector": [1.18925, -5.98532, -0.28637]
						},
						"2.2667": {
							"vector": [2.43659, -8.35775, -0.21999]
						},
						"2.4": {
							"vector": [1.00209, -3.72497, -0.09687]
						},
						"2.5": {
							"vector": [0, 0, 0]
						}
					}
				},
				"rightarm": {
					"rotation": {
						"0.0": {
							"vector": [0, 0, 0]
						},
						"1.6333": {
							"vector": [0, 0, 0]
						},
						"1.9": {
							"vector": [0.25174, 0.89652, -1.04314]
						},
						"2.4333": {
							"vector": [0, 0, 0]
						}
					},
					"position": {
						"0.0": {
							"vector": [0, 0, 0]
						},
						"1.8": {
							"vector": [0, 0, 0]
						},
						"1.9667": {
							"vector": [-5.94035, 10.04169, -22.99988]
						},
						"2.0333": {
							"vector": [-5.94035, 10.04169, -22.39988]
						},
						"2.1": {
							"vector": [-6.48833, 7.65993, -11.23866]
						},
						"2.2": {
							"vector": [-6.63842, 7.76007, -11.55374]
						},
						"2.2667": {
							"vector": [0, 0, 0]
						}
					}
				},
				"leftarm": {
					"rotation": {
						"0.0": {
							"vector": [0, 0, 0]
						},
						"0.1": {
							"vector": [-5.62259, 17.52189, 15.78133]
						},
						"0.4333": {
							"vector": [2.73802, 7.34918, 6.46431]
						},
						"1.1333": {
							"vector": [-4.50471, -14.01351, -13.10145]
						},
						"1.2667": {
							"vector": [-7.41793, -4.96531, 23.68737]
						},
						"1.4333": {
							"vector": [-6.3604, 2.45219, 18.21675]
						},
						"1.5667": {
							"vector": [-6.35787, 5.13695, 15.25134]
						},
						"1.6": {
							"vector": [-1.75048, 9.87682, 17.43151]
						},
						"1.6333": {
							"vector": [7.58038, 16.11838, 25.71224]
						},
						"1.8333": {
							"vector": [0, 0, 0]
						}
					},
					"position": {
						"0.0": {
							"vector": [0, 0, 0]
						},
						"0.1667": {
							"vector": [0.42518, -6.43971, 17.12636]
						},
						"0.3667": {
							"vector": [-0.35207, -7.16341, 16.13123]
						},
						"0.4333": {
							"vector": [-0.88091, -6.93264, 14.47164]
						},
						"0.5": {
							"vector": [16.63252, -62.40141, 38.11277]
						},
						"1.0667": {
							"vector": [16.63252, -62.40141, 38.11277]
						},
						"1.3333": {
							"vector": [-5.24064, -16.02184, 9.14273]
						},
						"1.3667": {
							"vector": [-4.28, -14.54, 9.5]
						},
						"1.4": {
							"vector": [-4.37, -13.07, 9.85]
						},
						"1.4333": {
							"vector": [-4.36, -11.59, 10.21]
						},
						"1.4667": {
							"vector": [-3.95, -12.37, 10.37]
						},
						"1.5": {
							"vector": [-3.94424, -12.64118, 10.12148]
						},
						"1.5333": {
							"vector": [-4.16, -11.76, 11.6]
						},
						"1.5667": {
							"vector": [-2.37993, -10.37242, 12.88876]
						},
						"1.6": {
							"vector": [-3.06, -9.26, 14.23]
						},
						"1.7": {
							"vector": [-4.42323, -5.52271, 18.40605]
						},
						"1.7667": {
							"vector": [-0.16004, -5.9124, 5.93953]
						},
						"1.9": {
							"vector": [0, 0, 0]
						}
					}
				},
				"magazine": {
					"rotation": {
						"0.0": {
							"vector": [0, 0, 0]
						},
						"0.2667": {
							"vector": [0, 0, 0]
						},
						"0.3333": {
							"vector": [-17, 0, 0]
						},
						"0.4": {
							"vector": [-22.5, 0, 0]
						},
						"0.4333": {
							"vector": [-24.5, 0, 0]
						},
						"1.1": {
							"vector": [-17.11277, -17.80293, -44.80016]
						},
						"1.2": {
							"vector": [-21.02454, -12.8744, -30.10127]
						},
						"1.2667": {
							"vector": [-32.40451, -1.3672, -11.17017]
						},
						"1.3333": {
							"vector": [-32.2048, -4.04052, -15.40059]
						},
						"1.3667": {
							"vector": [-37.33546, -2.22354, -13.00975]
						},
						"1.4": {
							"vector": [-39.37095, -0.87323, -11.52765]
						},
						"1.4333": {
							"vector": [-42.37845, -0.23883, -10.7546]
						},
						"1.4667": {
							"vector": [-42.37845, -0.23883, -10.7546]
						},
						"1.5": {
							"vector": [-42.37845, -0.23883, -10.7546]
						},
						"1.5333": {
							"vector": [-42.37845, -0.23883, -10.7546]
						},
						"1.5667": {
							"vector": [-26.37845, -0.23883, -10.7546]
						},
						"1.6": {
							"vector": [-26.27579, 2.4241, -5.37645]
						},
						"1.6333": {
							"vector": [0, 0, 0]
						}
					},
					"position": {
						"0.0": {
							"vector": [0, 0, 0]
						},
						"0.2": {
							"vector": [0, 0, 0]
						},
						"0.2667": {
							"vector": [0, -0.7, 0]
						},
						"0.3333": {
							"vector": [0, -0.7, -3]
						},
						"0.4": {
							"vector": [0, -0.7, -4]
						},
						"0.4333": {
							"vector": [0, -0.7, -4]
						},
						"0.4667": {
							"vector": [9, -26.7, 10]
						},
						"0.5": {
							"vector": [18, -55.7, 23]
						},
						"1.0667": {
							"vector": [18, -55.7, 23]
						},
						"1.1": {
							"vector": [10.9, -49.7, 21]
						},
						"1.1333": {
							"vector": [7, -43.9, 20.8]
						},
						"1.1667": {
							"vector": [7, -35.9, 14.8]
						},
						"1.2": {
							"vector": [7.1, -28.6, 11.4]
						},
						"1.2333": {
							"vector": [6.2, -21.6, 8.5]
						},
						"1.2667": {
							"vector": [7.9, -12.5, 0.6]
						},
						"1.3": {
							"vector": [4.3, -6.3, -2.2]
						},
						"1.3333": {
							"vector": [3.1, 0.3, -4.8]
						},
						"1.3667": {
							"vector": [2.55, 0.3, -4.8]
						},
						"1.4": {
							"vector": [1.6, 2.3, -4.8]
						},
						"1.4333": {
							"vector": [1.42, 2.59, -5.08]
						},
						"1.4667": {
							"vector": [1.35, 2.17, -5.35]
						},
						"1.5333": {
							"vector": [1.1, 3.45, -4.9]
						},
						"1.6": {
							"vector": [1.03, 0.21, -4.08]
						},
						"1.6333": {
							"vector": [0, 0, 0]
						}
					}
				},
				"_camera_": {
					"rotation": {
						"0.0": {
							"vector": [0, 0, 0]
						},
						"0.3": {
							"vector": [-2, 0, 0.4]
						},
						"0.3667": {
							"vector": [-0.49996, 0.00654, 0.69997]
						},
						"0.4333": {
							"vector": [1, 0, -0.5]
						},
						"0.5": {
							"vector": [1.09999, -0.0048, -0.30005]
						},
						"0.6": {
							"vector": [1.2, 0, -0.6]
						},
						"0.8": {
							"vector": [0.5, 0, -0.6]
						},
						"1.1": {
							"vector": [2, 0, -0.8]
						},
						"1.5": {
							"vector": [-2, 1, 0.2]
						},
						"1.6333": {
							"vector": [1.5, 0, 1]
						},
						"1.6667": {
							"vector": [1.24989, 0.01636, 0.08351]
						},
						"1.7667": {
							"vector": [0.5, 0.00218, 0.53339]
						},
						"1.8333": {
							"vector": [0, 0, 0]
						},
						"2.0333": {
							"vector": [0, 0, 3]
						},
						"2.2": {
							"vector": [0, 0, 4]
						},
						"2.2667": {
							"vector": [0, 0, -2]
						},
						"2.3": {
							"vector": [0, 0, -1]
						},
						"2.3667": {
							"vector": [1.5, 0, 1]
						},
						"2.4333": {
							"vector": [1.24989, 0.01636, 0.08351]
						},
						"2.5": {
							"vector": [0.5, 0.00218, 0.53339]
						},
						"2.5667": {
							"vector": [0, 0, 0]
						}
					},
					"position": {
						"vector": [0, 0, 0]
					}
				},
				"action": {
					"rotation": {
						"0.0": {
							"vector": [0, 0, 0]
						},
						"2.0333": {
							"vector": [0, 0, 0]
						}
					},
					"position": {
						"0.0": {
							"vector": [0, 0, 0]
						},
						"2.0333": {
							"vector": [0, 0, 0]
						},
						"2.0667": {
							"vector": [0, 0, 6]
						},
						"2.1": {
							"vector": [0, 0, 12]
						},
						"2.1333": {
							"vector": [0, 0, 12.2]
						},
						"2.2": {
							"vector": [0, 0, 12.3]
						},
						"2.2333": {
							"vector": [0, 0, 0]
						}
					}
				},
				"return_spring": {
					"rotation": {
						"vector": [0, 0, 0]
					},
					"position": {
						"2.0333": {
							"vector": [0, 0, 0]
						},
						"2.1": {
							"vector": [0, 0, 9.3]
						},
						"2.2": {
							"vector": [0, 0, 9.3]
						},
						"2.2583": {
							"vector": [0, 0, 0]
						}
					},
					"scale": {
						"2.0333": {
							"vector": [1, 1, 1]
						},
						"2.1": {
							"vector": [1, 1, 0.39]
						},
						"2.2": {
							"vector": [1, 1, 0.39]
						},
						"2.2583": {
							"vector": [1, 1, 1]
						}
					}
				},
				"hammer": {
					"rotation": {
						"0.0": {
							"vector": [72.5, 0, 0]
						},
						"2.0333": {
							"vector": [72.5, 0, 0]
						},
						"2.0667": {
							"vector": [-7.5, 0, 0]
						},
						"2.075": {
							"vector": [-9.75, 0, 0]
						},
						"2.0833": {
							"vector": [-11, 0, 0]
						},
						"2.2667": {
							"vector": [0, 0, 0]
						}
					}
				},
				"bullet": {
					"scale": {
						"vector": [0, 0, 0]
					}
				}
			},
			"sound_effects": {
				"0.0": {
					"effect": "foley_start"
				},
				"0.0333": {
					"effect": "eea_ak_magout"
				},
				"1.3333": {
					"effect": "eea_ak_magin"
				},
				"1.7": {
					"effect": "inspect_turn"
				},
				"1.9": {
					"effect": "eea_ak_action"
				},
				"2.2": {
					"effect": "eea_ak_foleyend"
				}
			}
		},
		"animation.model.switchup": {
			"animation_length": 0.4667,
			"bones": {
				"main": {
					"rotation": {
						"0.0": {
							"vector": [0, 0, 0]
						},
						"0.1333": {
							"vector": [0, 0, -7.01]
						},
						"0.3": {
							"vector": [0, 0, 2.75]
						},
						"0.4667": {
							"vector": [0, 0, 0]
						}
					},
					"position": {
						"0.0": {
							"vector": [0, 0, 0]
						},
						"0.1667": {
							"vector": [0, -0.475, 0]
						},
						"0.4": {
							"vector": [0, 0, 0]
						}
					}
				},
				"rightarm": {
					"rotation": {
						"0.0": {
							"vector": [0, 0, 0]
						},
						"0.2": {
							"vector": [-1.43, 0, 0]
						},
						"0.3667": {
							"vector": [0, 0, 0]
						}
					},
					"position": {
						"0.0": {
							"vector": [0, 0, 0]
						},
						"0.0333": {
							"vector": [-6.18, 2.33, -1.26]
						},
						"0.1": {
							"vector": [-6.6, 5, -2.7]
						},
						"0.2667": {
							"vector": [-6.525, 4.46, -5.3]
						},
						"0.3333": {
							"vector": [-6.09, 2.46, -2.92]
						},
						"0.4": {
							"vector": [0, 0, 0]
						}
					}
				},
				"_camera_": {
					"rotation": {
						"0.0": {
							"vector": [0, 0, 0]
						},
						"0.1": {
							"vector": [0, 0, -0.8]
						},
						"0.2": {
							"vector": [0, 0, 1]
						},
						"0.2667": {
							"vector": [0, 0, 0]
						}
					},
					"position": {
						"0.0": {
							"vector": [0, 0, 0]
						},
						"0.2667": {
							"vector": [0, 0, 0]
						}
					}
				}
			},
			"sound_effects": {
				"0.0": {
					"effect": "inspect_up"
				},
				"0.0667": {
					"effect": "eea_ak_switchup"
				}
			}
		},
		"animation.model.switchdown": {
			"animation_length": 0.4667,
			"bones": {
				"main": {
					"rotation": {
						"0.0": {
							"vector": [0, 0, 0]
						},
						"0.1333": {
							"vector": [0, 0, -7.01]
						},
						"0.3": {
							"vector": [0, 0, 2.75]
						},
						"0.4667": {
							"vector": [0, 0, 0]
						}
					},
					"position": {
						"0.0": {
							"vector": [0, 0, 0]
						},
						"0.1667": {
							"vector": [0, -0.475, 0]
						},
						"0.4": {
							"vector": [0, 0, 0]
						}
					}
				},
				"rightarm": {
					"rotation": {
						"0.0": {
							"vector": [0, 0, 0]
						},
						"0.2": {
							"vector": [2, 0, 0]
						},
						"0.3667": {
							"vector": [0, 0, 0]
						}
					},
					"position": {
						"0.0": {
							"vector": [0, 0, 0]
						},
						"0.0667": {
							"vector": [-7.26, 2.57, -4.11]
						},
						"0.1": {
							"vector": [-6.5, 5, -8]
						},
						"0.2": {
							"vector": [-6.98, 4.27, -8.08]
						},
						"0.2667": {
							"vector": [-6.09, 3.67, -8.14]
						},
						"0.3333": {
							"vector": [-6.53, 2.15, -4.77]
						},
						"0.4": {
							"vector": [0, 0, 0]
						}
					}
				},
				"_camera_": {
					"rotation": {
						"0.0": {
							"vector": [0, 0, 0]
						},
						"0.1333": {
							"vector": [0, 0, 1]
						},
						"0.2": {
							"vector": [0, 0, -0.8]
						},
						"0.2667": {
							"vector": [0, 0, 0]
						}
					},
					"position": {
						"0.0": {
							"vector": [0, 0, 0]
						},
						"0.2667": {
							"vector": [0, 0, 0]
						}
					}
				}
			},
			"sound_effects": {
				"0.0": {
					"effect": "inspect_up"
				},
				"0.0333": {
					"effect": "eea_ak_switchdown"
				}
			}
		}
	},
	"geckolib_format_version": 2
}