{
	"format_version": "1.8.0",
	"animations": {
		"animation.model.draw": {
			"loop": true,
			"animation_length": 0.6167,
			"bones": {
				"main": {
					"rotation": {
						"0.0": {
							"vector": [-50.60123, -38.99394, 92.01937]
						},
						"0.1667": {
							"vector": [-3.27585, -3.91843, 52.5061],
							"easing": "easeOutSine"
						},
						"0.4333": {
							"vector": [1.57141, -1.85374, -1.9128],
							"easing": "easeOutSine"
						},
						"0.5167": {
							"vector": [0.27288, -0.37236, 1.59554],
							"easing": "linear"
						},
						"0.6": {
							"vector": [0, 0, 0],
							"easing": "linear"
						}
					},
					"position": {
						"0.0": {
							"vector": [0, -17.3, 0]
						},
						"0.1167": {
							"vector": [-0.03, -9.09, 0.045]
						},
						"0.3167": {
							"vector": [0.02894, -1.60775, -6.90297]
						},
						"0.4": {
							"vector": [0.05077, -1.45863, -3.79557],
							"easing": "linear"
						},
						"0.5167": {
							"vector": [-0.01391, -0.26895, -0.26276]
						},
						"0.6": {
							"vector": [0, 0, 0],
							"easing": "linear"
						}
					}
				},
				"leftarm": {
					"rotation": {
						"0.0": {
							"vector": [-7, 0, -22]
						},
						"0.3667": {
							"vector": [0, 0, 0]
						}
					},
					"position": {
						"0.0": {
							"vector": [14.01401, -17.3746, 4.79783]
						},
						"0.3667": {
							"vector": [0, 0, 0]
						}
					}
				},
				"_camera_": {
					"rotation": {
						"0.0": {
							"vector": [0, 0, 0]
						},
						"0.15": {
							"vector": [-1, -0.9, 0.4]
						},
						"0.3667": {
							"vector": [0, 0, 0]
						}
					}
				}
			},
			"sound_effects": {
				"0.0": {
					"effect": "draw"
				}
			}
		},
		"animation.model.inspect": {
			"loop": true,
			"animation_length": 4.95,
			"bones": {
				"main": {
					"rotation": {
						"0.0": {
							"vector": [0, 0, 0]
						},
						"0.3": {
							"vector": [-26.32055, -28.95323, -38.41824]
						},
						"0.4": {
							"vector": [-33.85299, -25.33071, -30.39139]
						},
						"0.5333": {
							"vector": [-29.71806, -29.51765, -37.7437]
						},
						"0.6667": {
							"vector": [-27.78689, -31.32225, -41.55621]
						},
						"0.8": {
							"vector": [-27.51613, -31.5543, -42.0753]
						},
						"0.9667": {
							"vector": [-21.1074, -35.89402, -53.58343]
						},
						"1.1667": {
							"vector": [-20.76832, -36.0727, -54.16054]
						},
						"1.4333": {
							"vector": [-19.3824, -36.75932, -56.49489]
						},
						"1.6667": {
							"vector": [-23.396, -34.56804, -49.61751]
						},
						"1.8667": {
							"vector": [-22.75744, -34.96001, -50.73739]
						},
						"2.0667": {
							"vector": [-38.68797, 14.48485, 20.40104]
						},
						"2.2333": {
							"vector": [-19.09314, 36.89413, 63.08819]
						},
						"2.5333": {
							"vector": [-16.16645, 38.10643, 67.89373]
						},
						"2.8333": {
							"vector": [-17.65176, 37.52462, 65.47144]
						},
						"3.1": {
							"vector": [-20.48865, 36.21684, 60.74541]
						},
						"3.5": {
							"vector": [-19.09314, 36.89413, 63.08819]
						},
						"3.7667": {
							"vector": [-20.83017, 36.04043, 60.16618]
						},
						"3.9667": {
							"vector": [-6.32677, 2.45873, 32.43255]
						},
						"4.1667": {
							"vector": [7.88198, 2.97046, 6.89697]
						},
						"4.3667": {
							"vector": [0, 0, -3]
						},
						"4.4667": {
							"vector": [0, 0, 0]
						}
					},
					"position": {
						"0.0": {
							"vector": [0, 0, 0]
						},
						"0.1667": {
							"vector": [-4.4203, 0.77566, -13.74943]
						},
						"0.3333": {
							"vector": [-3.9535, -7.29716, -6.9926]
						},
						"0.5333": {
							"vector": [-4.51251, -5.50196, -8.33177]
						},
						"0.7333": {
							"vector": [-4.43, -4.25, -10.14]
						},
						"1.0333": {
							"vector": [-4.45094, -4.64235, -9.68655]
						},
						"1.3": {
							"vector": [-4.25488, -4.38643, -10.12316]
						},
						"1.5667": {
							"vector": [-4.09449, -4.79644, -9.80279]
						},
						"1.7667": {
							"vector": [-3.65485, -4.8128, -10.18792]
						},
						"1.9667": {
							"vector": [-3.53449, -2.66249, -12.69297]
						},
						"2.2": {
							"vector": [-3.56247, -3.29858, -11.92113]
						},
						"2.4": {
							"vector": [-3.09041, -3.25436, -11.72661]
						},
						"2.7": {
							"vector": [-3.10745, -3.57692, -11.35208]
						},
						"3.2": {
							"vector": [-3.12047, -3.77606, -11.12317]
						},
						"3.6": {
							"vector": [-3.12443, -4.45419, -10.44653]
						},
						"3.8333": {
							"vector": [-3.66102, -8.98632, -11.36666]
						},
						"4.0": {
							"vector": [-2.00486, -4.11201, -15.16617]
						},
						"4.1667": {
							"vector": [0.1759, -3.05409, -0.65771]
						},
						"4.4": {
							"vector": [0, 0, 0]
						}
					}
				},
				"rightarm": {
					"rotation": {
						"vector": [0, 0, 0]
					},
					"position": {
						"vector": [0, 0, 0]
					}
				},
				"leftarm": {
					"rotation": {
						"0.0": {
							"vector": [0, 0, 0]
						},
						"0.2667": {
							"vector": [-45.13234, 71.33372, -81.76837]
						},
						"3.9333": {
							"vector": [-45.13234, 71.33372, -81.76837]
						},
						"4.1333": {
							"vector": [0, 0, 0]
						}
					},
					"position": {
						"0.0": {
							"vector": [0, 0, 0]
						},
						"0.0667": {
							"vector": [9.47769, -9.10617, 9.45309]
						},
						"0.2667": {
							"vector": [12.05588, -33.69803, 37.55014]
						},
						"3.9333": {
							"vector": [12.05588, -33.69803, 37.55014]
						},
						"4.1333": {
							"vector": [0, 0, 0]
						}
					},
					"scale": {
						"0.0": {
							"vector": [1, 1, 1]
						},
						"4.1333": {
							"vector": [1, 1, 1]
						}
					}
				},
				"_camera_": {
					"rotation": {
						"0.0": {
							"vector": [0, 0, 0]
						},
						"0.1333": {
							"vector": [-0.01091, 1.24995, -0.50012]
						},
						"0.2667": {
							"vector": [-1.31346, 1.78854, -1.03401]
						},
						"0.4667": {
							"vector": [-3.43914, 2.08948, 0.95199]
						},
						"0.8333": {
							"vector": [-4.99004, 2.77768, -0.09243]
						},
						"1.2": {
							"vector": [-5.49004, 2.77768, -0.09243]
						},
						"1.7333": {
							"vector": [-4, 2, -0.2]
						},
						"1.9333": {
							"vector": [-4.7884, 2.17398, -0.05974]
						},
						"2.0667": {
							"vector": [-5.70134, 1.0746, 3.7464]
						},
						"2.3333": {
							"vector": [-4.99112, 1.04354, -0.50182]
						},
						"3.3": {
							"vector": [-5.21258, 1, 1]
						},
						"3.9667": {
							"vector": [-3, -1, -0.5]
						},
						"4.1333": {
							"vector": [1, 0, 0]
						},
						"4.2667": {
							"vector": [0, 0, 0]
						}
					}
				}
			},
			"sound_effects": {
				"0.0": {
					"effect": "inspect_up"
				},
				"1.0667": {
					"effect": "inspect_foley"
				},
				"2.0667": {
					"effect": "inspect_turn"
				},
				"4.0667": {
					"effect": "inspect_down"
				}
			}
		},
		"animation.model.reload": {
			"animation_length": 2.0667,
			"bones": {
				"main": {
					"rotation": {
						"0.0": {
							"vector": [0, 0, 0]
						},
						"0.0333": {
							"vector": [-1.3168, -0.74606, 0.0787]
						},
						"0.0667": {
							"vector": [-1.71689, -1.49213, 0.1574]
						},
						"0.1": {
							"vector": [-2.74203, -2.23819, 0.2361]
						},
						"0.1333": {
							"vector": [-3.2664, -2.98351, 0.31472]
						},
						"0.1667": {
							"vector": [-5.45897, -3.72976, 0.39344]
						},
						"0.2": {
							"vector": [-7.5663, -4.47526, 0.47209]
						},
						"0.2333": {
							"vector": [-9.54869, -5.22076, 0.55073]
						},
						"0.2667": {
							"vector": [-11.03281, -5.96701, 0.62945]
						},
						"0.3": {
							"vector": [-10.34751, -5.91626, 1.25519]
						},
						"0.3333": {
							"vector": [-8.57795, -5.86545, 1.88156]
						},
						"0.3667": {
							"vector": [-7.43338, -5.81465, 2.50793]
						},
						"0.4": {
							"vector": [-7.28882, -5.76384, 3.1343]
						},
						"0.4333": {
							"vector": [-8.27676, -6.10165, 0.64844]
						},
						"0.4667": {
							"vector": [-9.76593, -6.4398, -1.83991]
						},
						"0.5333": {
							"vector": [-12.17534, -5.93744, -0.38995]
						},
						"0.6": {
							"vector": [-14.94958, -6.57183, -0.29962]
						},
						"0.7": {
							"vector": [-12.95089, -6.70964, -0.27777]
						},
						"0.8333": {
							"vector": [-11.77922, -6.07992, 2.67354]
						},
						"1.1333": {
							"vector": [-5.06358, -6.48456, 0.70306]
						},
						"1.2667": {
							"vector": [-4.66876, -6.30793, -5.08026]
						},
						"1.4": {
							"vector": [-7.66876, -6.30793, -5.08026]
						},
						"1.5": {
							"vector": [-8.38253, -6.02003, -3.08957]
						},
						"1.6333": {
							"vector": [-9.29279, -4.47981, 6.83313]
						},
						"1.7": {
							"vector": [-2.35905, -3.47556, -2.64203]
						},
						"1.8667": {
							"vector": [0, 0, 6]
						},
						"2.0": {
							"vector": [0, 0, 0]
						}
					},
					"position": {
						"0.0": {
							"vector": [0, 0, 0]
						},
						"0.0333": {
							"vector": [0, -0.675, 0]
						},
						"0.0667": {
							"vector": [0, -1.3, 0]
						},
						"0.1": {
							"vector": [0, -1.055, 0.05]
						},
						"0.1333": {
							"vector": [0, -0.735, 0.1]
						},
						"0.1667": {
							"vector": [0, -0.495, 0.15]
						},
						"0.2": {
							"vector": [-0.00593, -0.01425, 0.19184]
						},
						"0.3333": {
							"vector": [-0.00799, -1.10181, 0.05605]
						},
						"0.4667": {
							"vector": [0.02993, -2.74413, 1.68316]
						},
						"0.6667": {
							"vector": [0.02514, -3.45563, 2.84079]
						},
						"0.9": {
							"vector": [0.02399, -3.17937, 2.82956]
						},
						"1.0333": {
							"vector": [0.02272, -1.87268, 3.0889]
						},
						"1.2": {
							"vector": [-0.04216, 0.58305, 3.17734]
						},
						"1.3333": {
							"vector": [0.32582, 1.46996, -0.82926]
						},
						"1.4667": {
							"vector": [0.33764, 0.9741, -0.90393]
						},
						"1.5667": {
							"vector": [0.53891, -1.89246, -1.32043]
						},
						"1.7667": {
							"vector": [0.15478, -2.0545, -0.67692]
						},
						"1.9333": {
							"vector": [0, 0, 0]
						}
					}
				},
				"leftarm": {
					"rotation": {
						"0.0": {
							"vector": [0, 0, 0]
						},
						"0.1": {
							"vector": [-5.62259, 17.52189, 15.78133]
						},
						"0.4333": {
							"vector": [2.73802, 7.34918, 6.46431]
						},
						"1.3333": {
							"vector": [-4.50471, -14.01351, -13.10145]
						},
						"1.4667": {
							"vector": [-7.41793, -4.96531, 23.68737]
						},
						"1.6333": {
							"vector": [23.62553, 1.72879, 15.80317]
						},
						"1.7667": {
							"vector": [9.61145, 1.00538, 13.38958]
						},
						"1.9667": {
							"vector": [0, 0, 0]
						}
					},
					"position": {
						"0.0": {
							"vector": [0, 0, 0]
						},
						"0.1667": {
							"vector": [0.42518, -6.43971, 17.12636]
						},
						"0.3667": {
							"vector": [-0.35207, -7.16341, 32.13123]
						},
						"0.4333": {
							"vector": [-0.88091, -6.93264, 30.47164]
						},
						"0.5": {
							"vector": [16.63252, -62.40141, 54.11277]
						},
						"1.2667": {
							"vector": [16.63252, -62.40141, 54.11277]
						},
						"1.5333": {
							"vector": [-5.24064, -8.02184, 26.14273]
						},
						"1.6333": {
							"vector": [-3.94424, -3.84118, 32.02148]
						},
						"1.8": {
							"vector": [-3.32323, -6.12271, 13.70605]
						},
						"1.9": {
							"vector": [-0.16004, -5.9124, 5.93953]
						},
						"2.0333": {
							"vector": [0, 0, 0]
						}
					}
				},
				"magazine": {
					"rotation": {
						"0.0": {
							"vector": [0, 0, 0]
						},
						"0.4333": {
							"vector": [0, 0, 0]
						},
						"1.5333": {
							"vector": [-27, 0, 0]
						},
						"1.6667": {
							"vector": [0, 0, 0]
						}
					},
					"position": {
						"0.0": {
							"vector": [0, 0, 0]
						},
						"0.4333": {
							"vector": [0, 0, 0]
						},
						"0.4667": {
							"vector": [8, -29.33387, 10.65578]
						},
						"0.5": {
							"vector": [17, -57.18546, 22.78861]
						},
						"0.5333": {
							"vector": [18, -56.99998, 22.99224]
						},
						"1.2667": {
							"vector": [18, -55, 23]
						},
						"1.5333": {
							"vector": [0.1, -0.09171, -8.01624]
						},
						"1.6667": {
							"vector": [0, 0, 0]
						}
					}
				},
				"_camera_": {
					"rotation": {
						"0.0": {
							"vector": [0, 0, 0]
						},
						"0.3": {
							"vector": [-2, 0, 0.4]
						},
						"0.3667": {
							"vector": [-0.49996, 0.00654, 0.69997]
						},
						"0.4333": {
							"vector": [1, 0, -0.5]
						},
						"0.5": {
							"vector": [1.09999, -0.0048, -0.30005]
						},
						"0.6": {
							"vector": [1.2, 0, -0.6]
						},
						"0.8": {
							"vector": [0.5, 0, -0.6]
						},
						"1.1": {
							"vector": [2, 0, -0.8]
						},
						"1.5": {
							"vector": [-2, 1, 0.2]
						},
						"1.6333": {
							"vector": [1.5, 0, 1]
						},
						"1.6667": {
							"vector": [1.24989, 0.01636, 0.08351]
						},
						"1.7667": {
							"vector": [0.5, 0.00218, 0.53339]
						},
						"1.8333": {
							"vector": [0, 0, 0]
						}
					},
					"position": {
						"vector": [0, 0, 0]
					}
				}
			},
			"sound_effects": {
				"0.0": {
					"effect": "foley_start"
				},
				"0.0333": {
					"effect": "eea_ak_magout"
				},
				"1.3333": {
					"effect": "eea_ak_magin"
				},
				"1.6667": {
					"effect": "eea_ak_foleyend"
				}
			}
		},
		"animation.model.reloadempty": {
			"animation_length": 2.6667,
			"bones": {
				"main": {
					"rotation": {
						"0.0": {
							"vector": [0, 0, 0]
						},
						"0.1333": {
							"vector": [-3.2664, -2.98351, 0.31472]
						},
						"0.2667": {
							"vector": [-11.03281, -5.96701, 0.62945]
						},
						"0.4": {
							"vector": [-7.28882, -5.76384, 3.1343]
						},
						"0.4667": {
							"vector": [-9.76593, -6.4398, -1.83991]
						},
						"0.5333": {
							"vector": [-12.17534, -5.93744, -0.38995]
						},
						"0.6": {
							"vector": [-14.94958, -6.57183, -0.29962]
						},
						"0.7": {
							"vector": [-12.95089, -6.70964, -0.27777]
						},
						"0.8333": {
							"vector": [-11.77922, -6.07992, 2.67354]
						},
						"1.1333": {
							"vector": [-5.06358, -6.48456, 0.70306]
						},
						"1.2667": {
							"vector": [-4.66876, -6.30793, -5.08026]
						},
						"1.4": {
							"vector": [-7.66876, -6.30793, -5.08026]
						},
						"1.5": {
							"vector": [-8.38253, -6.02003, -3.08957]
						},
						"1.6333": {
							"vector": [-9.29279, -4.47981, 6.83313]
						},
						"1.7667": {
							"vector": [-10.29493, -0.51545, 29.51529]
						},
						"1.9667": {
							"vector": [-8.03786, -4.40273, 33.40966]
						},
						"2.0667": {
							"vector": [-6.80819, -6.70271, 40.26642]
						},
						"2.1333": {
							"vector": [-6.33788, -6.03552, 41.24357]
						},
						"2.2333": {
							"vector": [-6.667, -0.45247, 41.78434]
						},
						"2.3333": {
							"vector": [-4.9853, -1.9589, 23.39233]
						},
						"2.4667": {
							"vector": [0, 0, -4]
						},
						"2.6": {
							"vector": [0, 0, 0]
						}
					},
					"position": {
						"0.0": {
							"vector": [0, 0, 0]
						},
						"0.0667": {
							"vector": [0, -1.3, 0]
						},
						"0.2": {
							"vector": [-0.00593, -0.01425, 0.19184]
						},
						"0.3333": {
							"vector": [-0.00799, -1.10181, 0.05605]
						},
						"0.4667": {
							"vector": [0.02993, -2.74413, 1.68316]
						},
						"0.6667": {
							"vector": [0.02514, -3.45563, 2.84079]
						},
						"0.9": {
							"vector": [0.02399, -3.17937, 2.82956]
						},
						"1.0333": {
							"vector": [0.02272, -1.87268, 3.0889]
						},
						"1.2": {
							"vector": [-0.04216, 0.58305, 3.17734]
						},
						"1.3333": {
							"vector": [0.32582, 1.46996, -0.82926]
						},
						"1.4667": {
							"vector": [0.33764, 0.9741, -0.90393]
						},
						"1.5667": {
							"vector": [0.53891, -1.89246, -1.32043]
						},
						"1.7": {
							"vector": [0.15478, -2.0545, -0.67692]
						},
						"1.8333": {
							"vector": [0, 0, 0]
						},
						"1.9667": {
							"vector": [0.38744, -2.90852, -0.20102]
						},
						"2.1333": {
							"vector": [1.18925, -5.98532, -0.28637]
						},
						"2.2667": {
							"vector": [2.43659, -8.35775, -0.21999]
						},
						"2.4": {
							"vector": [1.00209, -3.72497, -0.09687]
						},
						"2.5": {
							"vector": [0, 0, 0]
						}
					}
				},
				"action": {
					"rotation": {
						"0.0": {
							"vector": [0, 0, 0]
						},
						"2.0333": {
							"vector": [0, 0, 0]
						}
					},
					"position": {
						"0.0": {
							"vector": [0, 0, 0]
						},
						"2.0333": {
							"vector": [0, 0, 0]
						},
						"2.0667": {
							"vector": [0, 0, 6]
						},
						"2.1": {
							"vector": [0, 0, 12]
						},
						"2.1333": {
							"vector": [0, 0, 12.2]
						},
						"2.2": {
							"vector": [0, 0, 12.3]
						},
						"2.2333": {
							"vector": [0, 0, 0]
						}
					}
				},
				"rightarm": {
					"rotation": {
						"0.0": {
							"vector": [0, 0, 0]
						},
						"1.6333": {
							"vector": [0, 0, 0]
						},
						"1.9": {
							"vector": [0.25174, 0.89652, -1.04314]
						},
						"2.4333": {
							"vector": [0, 0, 0]
						}
					},
					"position": {
						"0.0": {
							"vector": [0, 0, 0]
						},
						"1.8": {
							"vector": [0, 0, 0]
						},
						"1.9": {
							"vector": [-6.16, 9.02, -7.2]
						},
						"1.9667": {
							"vector": [-6.94035, 10.04169, -4.99988]
						},
						"2.0333": {
							"vector": [-4.86234, 10.20097, -3.59956]
						},
						"2.1": {
							"vector": [-5.48833, 10.65993, 7.16134]
						},
						"2.2": {
							"vector": [-6.53842, 9.16007, 7.44626]
						},
						"2.2667": {
							"vector": [0, 0, 0]
						}
					}
				},
				"leftarm": {
					"rotation": {
						"0.0": {
							"vector": [0, 0, 0]
						},
						"0.1": {
							"vector": [-5.62259, 17.52189, 15.78133]
						},
						"0.4333": {
							"vector": [2.73802, 7.34918, 6.46431]
						},
						"1.3333": {
							"vector": [-4.50471, -14.01351, -13.10145]
						},
						"1.4667": {
							"vector": [-7.41793, -4.96531, 23.68737]
						},
						"1.6": {
							"vector": [23.62553, 1.72879, 15.80317]
						},
						"1.6667": {
							"vector": [9.61145, 1.00538, 13.38958]
						},
						"1.9": {
							"vector": [0, 0, 0]
						}
					},
					"position": {
						"0.0": {
							"vector": [0, 0, 0]
						},
						"0.1667": {
							"vector": [0.42518, -6.43971, 17.12636]
						},
						"0.3667": {
							"vector": [-0.35207, -7.16341, 32.13123]
						},
						"0.4333": {
							"vector": [-0.88091, -6.93264, 30.47164]
						},
						"0.5": {
							"vector": [16.63252, -62.40141, 54.11277]
						},
						"1.2667": {
							"vector": [16.63252, -62.40141, 54.11277]
						},
						"1.5333": {
							"vector": [-5.24064, -8.02184, 26.14273]
						},
						"1.6333": {
							"vector": [-3.94424, -3.84118, 32.02148]
						},
						"1.7667": {
							"vector": [-3.32323, -6.12271, 13.70605]
						},
						"1.8333": {
							"vector": [-0.16004, -5.9124, 5.93953]
						},
						"1.9667": {
							"vector": [0, 0, 0]
						}
					}
				},
				"magazine": {
					"rotation": {
						"0.0": {
							"vector": [0, 0, 0]
						},
						"0.4333": {
							"vector": [0, 0, 0]
						},
						"1.5333": {
							"vector": [-27, 0, 0]
						},
						"1.6667": {
							"vector": [0, 0, 0]
						}
					},
					"position": {
						"0.0": {
							"vector": [0, 0, 0]
						},
						"0.4333": {
							"vector": [0, 0, 0]
						},
						"0.4667": {
							"vector": [8, -29.33387, 10.65578]
						},
						"0.5": {
							"vector": [17, -57.18546, 22.78861]
						},
						"0.5333": {
							"vector": [18, -56.99998, 22.99224]
						},
						"1.2667": {
							"vector": [18, -55, 23]
						},
						"1.5333": {
							"vector": [0.1, -0.09171, -8.01624]
						},
						"1.6667": {
							"vector": [0, 0, 0]
						}
					}
				},
				"_camera_": {
					"rotation": {
						"0.0": {
							"vector": [0, 0, 0]
						},
						"0.3": {
							"vector": [-2, 0, 0.4]
						},
						"0.3667": {
							"vector": [-0.49996, 0.00654, 0.69997]
						},
						"0.4333": {
							"vector": [1, 0, -0.5]
						},
						"0.5": {
							"vector": [1.09999, -0.0048, -0.30005]
						},
						"0.6": {
							"vector": [1.2, 0, -0.6]
						},
						"0.8": {
							"vector": [0.5, 0, -0.6]
						},
						"1.1": {
							"vector": [2, 0, -0.8]
						},
						"1.5": {
							"vector": [-2, 1, 0.2]
						},
						"1.6333": {
							"vector": [1.5, 0, 1]
						},
						"1.6667": {
							"vector": [1.24989, 0.01636, 0.08351]
						},
						"1.7667": {
							"vector": [0.5, 0.00218, 0.53339]
						},
						"1.8333": {
							"vector": [0, 0, 0]
						},
						"2.0333": {
							"vector": [0, 0, 3]
						},
						"2.2": {
							"vector": [0, 0, 4]
						},
						"2.2667": {
							"vector": [0, 0, -2]
						},
						"2.3333": {
							"vector": [0, 0, -1]
						},
						"2.4": {
							"vector": [1.5, 0, 1]
						},
						"2.4333": {
							"vector": [1.24989, 0.01636, 0.08351]
						},
						"2.5333": {
							"vector": [0.5, 0.00218, 0.53339]
						},
						"2.6": {
							"vector": [0, 0, 0]
						}
					},
					"position": {
						"vector": [0, 0, 0]
					}
				}
			},
			"sound_effects": {
				"0.0": {
					"effect": "foley_start"
				},
				"0.0333": {
					"effect": "eea_ak_magout"
				},
				"1.3333": {
					"effect": "eea_ak_magin"
				},
				"1.7": {
					"effect": "inspect_turn"
				},
				"1.9": {
					"effect": "eea_ak_action"
				},
				"2.2": {
					"effect": "eea_ak_foleyend"
				}
			}
		},
		"animation.model.fire": {
			"loop": true,
			"animation_length": 0.44,
			"bones": {
				"action": {
					"position": {
						"0.0": {
							"vector": [0, 0, 0]
						},
						"0.0333": {
							"vector": [0, 0, 11]
						},
						"0.0833": {
							"vector": [0, 0, 0]
						}
					}
				},
				"main": {
					"rotation": {
						"0.0": {
							"vector": [0, 0, 0]
						},
						"0.05": {
							"vector": [0.24722, -0.15263, -0.99759]
						},
						"0.1": {
							"vector": [0.25995, -0.07447, -1.7]
						},
						"0.2": {
							"vector": [0, 0.01681, 1.1]
						},
						"0.2833": {
							"vector": [0, 0.00851, -0.52127]
						},
						"0.35": {
							"vector": [0, 0.0036, 0.23936]
						},
						"0.4333": {
							"vector": [0, 0, 0]
						}
					},
					"position": {
						"0.0": {
							"vector": [0, 0, 0]
						},
						"0.1": {
							"vector": [0, 0, 0.35]
						},
						"0.2": {
							"vector": [0, 0, 0]
						}
					}
				},
				"_camera_": {
					"rotation": {
						"0.0": {
							"vector": [0, 0, 0]
						},
						"0.0333": {
							"vector": [0, 0, -1]
						},
						"0.0833": {
							"vector": [0, 0, 0.5]
						},
						"0.1333": {
							"vector": [0, 0, 0]
						}
					}
				}
			}
		},
		"animation.model.switch": {
			"loop": true,
			"animation_length": 0.5833,
			"bones": {
				"main": {
					"rotation": {
						"0.0": {
							"vector": [0, 0, 0]
						},
						"0.1667": {
							"vector": [-9.55333, -3.44009, 2.91766]
						},
						"0.3333": {
							"vector": [-4.80178, -1.65421, 7.48366]
						},
						"0.5": {
							"vector": [0, 0, 0]
						}
					},
					"position": {
						"0.0": {
							"vector": [0, 0, 0]
						},
						"0.0833": {
							"vector": [-0.33, -0.09, -3.31]
						},
						"0.2083": {
							"vector": [-0.18, -0.225, -1.79]
						},
						"0.2917": {
							"vector": [-0.13, -0.025, -1.29]
						},
						"0.4167": {
							"vector": [0, -0.775, 0]
						}
					}
				},
				"leftarm": {
					"rotation": {
						"0.0": {
							"vector": [0, 0, 0]
						},
						"0.1667": {
							"vector": [0.00782, 1.99515, 0.25527]
						},
						"0.3333": {
							"vector": [4.76484, -2.7478, 3.71471]
						},
						"0.4583": {
							"vector": [0, 0, 0]
						}
					},
					"position": {
						"0.0": {
							"vector": [0, 0, 0]
						},
						"0.125": {
							"vector": [4.34, 7.27, 12.38]
						},
						"0.25": {
							"vector": [4.27582, 6.12617, 12.24309]
						},
						"0.3333": {
							"vector": [4.07686, 6.89701, 8.32975]
						},
						"0.5": {
							"vector": [0, 0, 0]
						}
					}
				}
			},
			"sound_effects": {
				"0.1667": {
					"effect": "eea_stechkin_switch"
				}
			}
		}
	},
	"geckolib_format_version": 2
}