{
	"format_version": "1.8.0",
	"animations": {
		"animation.model.fire": {
			"loop": true,
			"animation_length": 0.44,
			"bones": {
				"barrel": {
					"position": {
						"0.0": {
							"vector": [0, 0, 0]
						},
						"0.04": {
							"vector": [0, 0, 9]
						},
						"0.08": {
							"vector": [0, 0, 0]
						}
					}
				},
				"action": {
					"position": {
						"0.0": {
							"vector": [0, 0, 0]
						},
						"0.04": {
							"vector": [0, 0, 6.8]
						},
						"0.08": {
							"vector": [0, 0, 0]
						}
					}
				},
				"main": {
					"rotation": {
						"0.0": {
							"vector": [0, 0, 0]
						},
						"0.06": {
							"vector": [0.24722, -0.15263, -0.99759]
						},
						"0.1": {
							"vector": [0.25995, -0.07447, -1.7]
						},
						"0.2": {
							"vector": [0, 0.01681, 1.1]
						},
						"0.28": {
							"vector": [0, 0.00851, -0.52127]
						},
						"0.36": {
							"vector": [0, 0.0036, 0.23936]
						},
						"0.44": {
							"vector": [0, 0, 0]
						}
					}
				}
			}
		},
		"animation.model.reloadempty": {
			"loop": true,
			"animation_length": 2.6167,
			"bones": {
				"main": {
					"rotation": {
						"0.0": {
							"vector": [0, 0, 0]
						},
						"0.1333": {
							"vector": [-3.43029, -1.669, 10.37838]
						},
						"0.2833": {
							"vector": [-5.2912, -5.57133, -15.70573]
						},
						"0.3833": {
							"vector": [-5.29308, -6.34885, -30.02806]
						},
						"0.4667": {
							"vector": [-5.72506, -5.96244, -26.0007]
						},
						"0.5667": {
							"vector": [-5.03971, -6.55149, -32.2832]
						},
						"0.65": {
							"vector": [-8.78334, -4.73051, -20.09676]
						},
						"0.75": {
							"vector": [-6.80022, -5.88947, -25.27321]
						},
						"0.8667": {
							"vector": [-5.34324, -6.40897, -22.69098]
						},
						"1.0": {
							"vector": [-5.5411, -7.33156, -31.45604]
						},
						"1.0667": {
							"vector": [-5.38472, -7.39191, -32.71527]
						},
						"1.1333": {
							"vector": [-4.88569, -7.58659, -36.74428]
						},
						"1.2167": {
							"vector": [-3.89416, -6.89255, -28.71197]
						},
						"1.3667": {
							"vector": [-4.29725, -7.34717, -33.47818]
						},
						"1.5167": {
							"vector": [-3.971, -6.72401, -25.94729]
						},
						"1.5833": {
							"vector": [-3.98298, -6.90189, -27.95353]
						},
						"1.6667": {
							"vector": [-4.86655, -6.61303, -24.69376]
						},
						"1.75": {
							"vector": [-5.2696, -7.05066, -29.7102]
						},
						"1.8333": {
							"vector": [-6.01258, -6.86273, -27.70428]
						},
						"1.9": {
							"vector": [-3.35642, -6.41676, -31.03199]
						},
						"2.1": {
							"vector": [-1.61319, -1.62092, 7.4545]
						},
						"2.2333": {
							"vector": [-0.71357, -0.89345, -2.52289]
						},
						"2.3167": {
							"vector": [0, 0, 0]
						}
					},
					"position": {
						"0.0": {
							"vector": [0, 0, 0]
						},
						"0.05": {
							"vector": [0.07, -1.24, -1.08]
						},
						"0.1167": {
							"vector": [0.17, -2.22, -3.51]
						},
						"0.2167": {
							"vector": [0.375, -2.475, -3.42]
						},
						"0.2833": {
							"vector": [0.375, -1.925, -1.42]
						},
						"0.3833": {
							"vector": [0.375, -1.275, -1.145]
						},
						"0.4833": {
							"vector": [0.475, -0.425, -0.52]
						},
						"0.6167": {
							"vector": [0.55706, -1.77742, -2.77298]
						},
						"0.7167": {
							"vector": [0.48, -2.575, -3.965]
						},
						"0.8333": {
							"vector": [0.48, -2.445, -2.335]
						},
						"0.9167": {
							"vector": [0.48, -1.835, -1.2]
						},
						"0.9833": {
							"vector": [0.48, -1.045, -0.96]
						},
						"1.0667": {
							"vector": [0.48, -0.54, -0.96]
						},
						"1.15": {
							"vector": [0.48, -1.54, -1.26]
						},
						"1.25": {
							"vector": [0.48, -2.44, -0.41]
						},
						"1.3833": {
							"vector": [0.48, -1.89, -1.19]
						},
						"1.5": {
							"vector": [0.48, -1.885, -1.665]
						},
						"1.6": {
							"vector": [0.43, -1.48, -1.36]
						},
						"1.6833": {
							"vector": [0.43, -2.225, -0.71]
						},
						"1.7667": {
							"vector": [0.63, -2.725, 0.94]
						},
						"1.8333": {
							"vector": [0.755, -2.72, 1.265]
						},
						"1.9167": {
							"vector": [0.76, -3.22, -2.505]
						},
						"2.0167": {
							"vector": [0.96, -3.475, -3.8]
						},
						"2.0833": {
							"vector": [0.42, -3.08, -5.485]
						},
						"2.15": {
							"vector": [-0.19, -2.19, -6.06]
						},
						"2.3167": {
							"vector": [0, 0, 0]
						}
					}
				},
				"action": {
					"position": {
						"0.0": {
							"vector": [0, 0, 0]
						},
						"1.6167": {
							"vector": [0, 0, 0]
						},
						"1.6833": {
							"vector": [0, 0, 2]
						},
						"1.75": {
							"vector": [0, 0, 11.3]
						},
						"1.8333": {
							"vector": [0, 0, 11.3]
						},
						"1.8833": {
							"vector": [0, 0, 0]
						}
					}
				},
				"magazine": {
					"rotation": {
						"0.0": {
							"vector": [0, 0, 0]
						},
						"0.45": {
							"vector": [0, 0, 0]
						},
						"0.5": {
							"vector": [0, 0, 0]
						},
						"0.5333": {
							"vector": [-10.48085, -0.63744, -3.44153]
						},
						"0.5667": {
							"vector": [-11.70293, 1.93307, -3.56046]
						},
						"0.6333": {
							"vector": [-20.21848, -15.66557, -3.91563]
						},
						"0.7": {
							"vector": [-4.61249, -32.40953, -23.63269]
						},
						"0.7833": {
							"vector": [-20.79153, 4.27759, 30.76498]
						},
						"0.8833": {
							"vector": [-21.01482, -2.92208, 12.09217]
						},
						"0.9667": {
							"vector": [-21.50105, -0.15105, -3.42555]
						},
						"1.0667": {
							"vector": [-39.90152, 0.48511, -6.5831]
						},
						"1.1667": {
							"vector": [0, 0, 0]
						}
					},
					"position": {
						"0.0": {
							"vector": [0, 0, 0]
						},
						"0.45": {
							"vector": [0, 0, 0]
						},
						"0.5": {
							"vector": [0, 0, 0]
						},
						"0.5333": {
							"vector": [2.4, -2.78855, -0.37483]
						},
						"0.5667": {
							"vector": [9.92954, -4.85585, 1.81391]
						},
						"0.6333": {
							"vector": [35.16111, -6.70047, -1.75968]
						},
						"0.7": {
							"vector": [55.89368, -17.39413, -16.5219],
							"easing": "easeInSine"
						},
						"0.7833": {
							"vector": [83.72698, -57.29864, -16.02116]
						},
						"0.8167": {
							"vector": [110.5978, -63.9904, -20.93318]
						},
						"0.8333": {
							"vector": [13.14133, -67.47302, 22.65273]
						},
						"0.8833": {
							"vector": [7.77308, -81.74738, 36.80009]
						},
						"0.9333": {
							"vector": [7.48, -26.37, -6.1]
						},
						"0.9667": {
							"vector": [-0.34, 0.26, -6.59]
						},
						"1.0667": {
							"vector": [1.43657, 8.11343, -9.51602]
						},
						"1.1667": {
							"vector": [0, 0, 0]
						}
					}
				},
				"bullet": {
					"scale": {
						"vector": [0, 0, 0]
					}
				},
				"leftarm": {
					"rotation": {
						"0.0": {
							"vector": [0, 0, 0]
						},
						"0.1167": {
							"vector": [23.39004, 26.79378, 12.86817]
						},
						"0.3667": {
							"vector": [29.26091, 50.67311, 119.01304],
							"easing": "easeOutSine"
						},
						"0.5333": {
							"vector": [35.24976, 49.95729, 132.09146]
						},
						"0.6": {
							"vector": [18.48933, 46.59516, 110.37143]
						},
						"0.6333": {
							"vector": [30.2628, 41.84866, 129.36132]
						},
						"0.7167": {
							"vector": [47.68317, 27.53065, 157.18148]
						},
						"0.8": {
							"vector": [60.23938, 22.75396, 171.03065]
						},
						"0.85": {
							"vector": [74.67615, 10.99277, 188.91409]
						},
						"0.9333": {
							"vector": [47.0278, 28.4747, 125.73213]
						},
						"1.0667": {
							"vector": [9.92166, 54.96366, 92.68222]
						},
						"1.1667": {
							"vector": [30.47891, 28.52261, 122.6684]
						},
						"1.3333": {
							"vector": [30.57851, 37.52148, 122.84282]
						},
						"1.5167": {
							"vector": [-20.9073, -11.04078, 29.29294]
						},
						"1.6167": {
							"vector": [-20.9073, -11.04078, 29.29294]
						},
						"1.6833": {
							"vector": [-26.4073, -11.04078, 29.29294]
						},
						"1.75": {
							"vector": [-35.49381, -11.04078, 29.29294]
						},
						"1.8333": {
							"vector": [-35.49381, -11.04078, 29.29294]
						},
						"1.9": {
							"vector": [-57.99381, -11.04078, 29.29294]
						},
						"2.2": {
							"vector": [0, 0, 0]
						}
					},
					"position": {
						"0.0": {
							"vector": [0, 0, 0]
						},
						"0.1167": {
							"vector": [5.44318, 6.44244, 14.49026]
						},
						"0.3667": {
							"vector": [-10.82191, -13.26286, 4.87338],
							"easing": "easeOutSine"
						},
						"0.5333": {
							"vector": [-10.40473, -13.90809, 6.09086]
						},
						"0.5833": {
							"vector": [2.09, -17.015, 8.69]
						},
						"0.6": {
							"vector": [5.92655, -20.08043, 11.22066]
						},
						"0.65": {
							"vector": [16.88879, -18.42451, 17.50049]
						},
						"0.7167": {
							"vector": [8.41763, -18.80503, 15.56955]
						},
						"0.8": {
							"vector": [-7.2798, -44.67468, 14.27078]
						},
						"0.9333": {
							"vector": [-0.29, -39.36, 7.36]
						},
						"0.9833": {
							"vector": [-7.81, -11.99, 7.07]
						},
						"1.0667": {
							"vector": [-6.51, -14.42, -2.01]
						},
						"1.1667": {
							"vector": [-6.51, -9.32, 10.89]
						},
						"1.3333": {
							"vector": [-6.51, -13.12, 3.49]
						},
						"1.5167": {
							"vector": [-18.075, 0, 4]
						},
						"1.6167": {
							"vector": [-17.83079, -1.6651, 3.22432]
						},
						"1.6833": {
							"vector": [-17.51597, -2.49319, 3.55101]
						},
						"1.75": {
							"vector": [-16.06938, -4.11718, 9.23978]
						},
						"1.8333": {
							"vector": [-16.06938, -4.11718, 9.23978]
						},
						"1.9": {
							"vector": [-16.8834, -8.29346, 32.31654]
						},
						"2.0": {
							"vector": [-17.07821, -19.54226, 18.65259]
						},
						"2.1": {
							"vector": [0.08117, -27.35796, 9.88136]
						},
						"2.2": {
							"vector": [0, 0, 0]
						}
					}
				},
				"magazine2": {
					"rotation": {
						"0.0": {
							"vector": [0, 0, 0]
						},
						"0.9167": {
							"vector": [-15.49023, 0.45545, 2.45819]
						},
						"1.0": {
							"vector": [-17.96093, -0.91006, -4.91669]
						},
						"1.0833": {
							"vector": [-15.73085, -0.63744, -3.44153]
						},
						"1.15": {
							"vector": [0, 0, 0]
						}
					},
					"position": {
						"0.0": {
							"vector": [0, 0, 0]
						},
						"0.7167": {
							"vector": [3.6986, -5.65297, -4.86215]
						},
						"0.8": {
							"vector": [2.81, -4.97, -5.06]
						},
						"0.9167": {
							"vector": [0, -1.43855, -0.37483]
						},
						"1.0": {
							"vector": [0, 0.01145, -0.37483]
						},
						"1.0833": {
							"vector": [0, 0.01145, -0.37483]
						},
						"1.15": {
							"vector": [0, 0, 0]
						}
					},
					"scale": {
						"vector": [0, 0, 0]
					}
				},
				"_camera_": {
					"rotation": {
						"0.0": {
							"vector": [0, 0, 0]
						},
						"0.25": {
							"vector": [0.96709, 1.30751, -1.45015],
							"easing": "easeInSine"
						},
						"0.55": {
							"vector": [2.69876, 1.34209, -2.68803],
							"easing": "easeInOutSine"
						},
						"0.8": {
							"vector": [2.75359, 2.00893, -0.41509],
							"easing": "easeInSine"
						},
						"1.0667": {
							"vector": [2.71813, 2.05666, -1.41458]
						},
						"1.3167": {
							"vector": [2.90091, 2.48613, 0.07024],
							"easing": "easeInSine"
						},
						"1.6167": {
							"vector": [2.96838, 3.6577, 1.63442],
							"easing": "easeOutSine"
						},
						"1.9667": {
							"vector": [3.09218, 3.90793, 1.65615]
						},
						"2.3167": {
							"vector": [0, 0, 0],
							"easing": "easeInOutSine"
						}
					}
				}
			},
			"sound_effects": {
				"0.0": {
					"effect": "foley_start"
				},
				"0.1833": {
					"effect": "ak_magout"
				},
				"0.85": {
					"effect": "ak_magin"
				},
				"1.5833": {
					"effect": "ak_actionback"
				},
				"1.8": {
					"effect": "ak_actionforward"
				},
				"1.8167": {
					"effect": "foley_end"
				}
			}
		},
		"animation.model.reload": {
			"loop": true,
			"animation_length": 1.9667,
			"bones": {
				"main": {
					"rotation": {
						"0.0": {
							"vector": [0, 0, 0]
						},
						"0.1333": {
							"vector": [-3.43029, -1.669, 10.37838]
						},
						"0.2833": {
							"vector": [-5.2912, -5.57133, -15.70573]
						},
						"0.3833": {
							"vector": [-5.29308, -6.34885, -30.02806]
						},
						"0.4667": {
							"vector": [-5.72506, -5.96244, -26.0007]
						},
						"0.5667": {
							"vector": [-5.03971, -6.55149, -32.2832]
						},
						"0.65": {
							"vector": [-8.78334, -4.73051, -20.09676]
						},
						"0.75": {
							"vector": [-6.80022, -5.88947, -25.27321]
						},
						"0.8667": {
							"vector": [-5.34324, -6.40897, -22.69098]
						},
						"1.0": {
							"vector": [-5.5411, -7.33156, -31.45604]
						},
						"1.1": {
							"vector": [-4.88569, -7.58659, -36.74428]
						},
						"1.1833": {
							"vector": [-3.89416, -6.89255, -28.71197]
						},
						"1.2667": {
							"vector": [-4.29725, -7.34717, -33.47818]
						},
						"1.5167": {
							"vector": [-1.61319, -1.62092, 7.4545],
							"easing": "easeInOutSine"
						},
						"1.65": {
							"vector": [-0.71357, -0.89345, -2.52289]
						},
						"1.7333": {
							"vector": [0, 0, 0]
						}
					},
					"position": {
						"0.0": {
							"vector": [0, 0, 0]
						},
						"0.05": {
							"vector": [0.07, -1.24, -1.08]
						},
						"0.1167": {
							"vector": [0.17, -2.22, -3.51]
						},
						"0.2167": {
							"vector": [0.375, -2.475, -3.42]
						},
						"0.2833": {
							"vector": [0.375, -1.925, -1.42]
						},
						"0.3833": {
							"vector": [0.375, -1.275, -1.145]
						},
						"0.4833": {
							"vector": [0.475, -0.425, -0.52]
						},
						"0.6167": {
							"vector": [0.55706, -1.77742, -2.77298]
						},
						"0.7167": {
							"vector": [0.48, -2.575, -3.965]
						},
						"0.8333": {
							"vector": [0.48, -2.445, -2.335]
						},
						"0.9167": {
							"vector": [0.48, -1.835, -1.2]
						},
						"0.9833": {
							"vector": [0.48, -1.045, -0.96]
						},
						"1.0667": {
							"vector": [0.48, -0.54, -0.96]
						},
						"1.15": {
							"vector": [0.48, -1.54, -1.26]
						},
						"1.25": {
							"vector": [0.48, -2.115, -0.935]
						},
						"1.3667": {
							"vector": [0.79, -3.23, -2.76]
						},
						"1.4333": {
							"vector": [0.96, -3.475, -3.8]
						},
						"1.5": {
							"vector": [0.42, -3.08, -5.485]
						},
						"1.5667": {
							"vector": [-0.19, -2.19, -6.06]
						},
						"1.7333": {
							"vector": [0, 0, 0]
						}
					}
				},
				"magazine": {
					"rotation": {
						"0.0": {
							"vector": [0, 0, 0]
						},
						"0.45": {
							"vector": [0, 0, 0]
						},
						"0.5": {
							"vector": [0, 0, 0]
						},
						"0.5333": {
							"vector": [-10.48085, -0.63744, -3.44153]
						},
						"0.5667": {
							"vector": [-11.70293, 1.93307, -3.56046]
						},
						"0.6333": {
							"vector": [-20.21848, -15.66557, -3.91563]
						},
						"0.7": {
							"vector": [-4.61249, -32.40953, -23.63269]
						},
						"0.7833": {
							"vector": [-20.79153, 4.27759, 30.76498]
						},
						"0.8833": {
							"vector": [-21.01482, -2.92208, 12.09217]
						},
						"1.1": {
							"vector": [-20.79153, 4.27759, 30.76498]
						},
						"1.1667": {
							"vector": [0, 0, 0]
						}
					},
					"position": {
						"0.0": {
							"vector": [0, 0, 0]
						},
						"0.45": {
							"vector": [0, 0, 0]
						},
						"0.5": {
							"vector": [0, 0, 0]
						},
						"0.5333": {
							"vector": [0, 0.01145, -0.37483]
						},
						"0.5667": {
							"vector": [-0.27046, -2.25585, -5.58609]
						},
						"0.6333": {
							"vector": [2.46111, -6.70047, -28.75968]
						},
						"0.7": {
							"vector": [1.89368, -17.39413, -52.5219],
							"easing": "easeInSine"
						},
						"0.7833": {
							"vector": [8.72698, -57.29864, -94.02116]
						},
						"0.8167": {
							"vector": [10.5978, -63.9904, -94.93318]
						},
						"0.8333": {
							"vector": [13.14133, -67.47302, -95.34727]
						},
						"0.8833": {
							"vector": [7.77308, -81.74738, -95.19991]
						},
						"1.0333": {
							"vector": [7.44, -34.09, 44.78]
						},
						"1.1": {
							"vector": [1.43657, 0.71343, 20.18398]
						},
						"1.1667": {
							"vector": [0, 0, 0]
						}
					},
					"scale": {
						"1.0": {
							"vector": [1, 1, 1]
						},
						"1.0333": {
							"vector": [0, 0, 0]
						},
						"1.1667": {
							"vector": [0, 0, 0]
						}
					}
				},
				"leftarm": {
					"rotation": {
						"0.0": {
							"vector": [0, 0, 0]
						},
						"0.1167": {
							"vector": [23.9231, 14.36064, 14.2674]
						},
						"0.3667": {
							"vector": [29.26091, 50.67311, 119.01304],
							"easing": "easeOutSine"
						},
						"0.5333": {
							"vector": [35.24976, 49.95729, 132.09146]
						},
						"0.6": {
							"vector": [18.48933, 46.59516, 110.37143]
						},
						"0.6333": {
							"vector": [30.2628, 41.84866, 129.36132]
						},
						"0.7167": {
							"vector": [47.68317, 27.53065, 157.18148]
						},
						"0.8": {
							"vector": [60.23938, 22.75396, 171.03065]
						},
						"0.85": {
							"vector": [74.67615, 10.99277, 188.91409]
						},
						"0.9167": {
							"vector": [82.64053, -0.69349, 195.32879]
						},
						"1.0": {
							"vector": [82.5936, 3.54977, 194.63021]
						},
						"1.0833": {
							"vector": [82.5936, 3.54977, 194.63021]
						},
						"1.15": {
							"vector": [79.0936, 3.54977, 194.63021]
						},
						"1.2833": {
							"vector": [79.0936, 3.54977, 194.63021]
						},
						"1.45": {
							"vector": [0, 0, 0]
						},
						"1.6": {
							"vector": [0, 0, 0]
						}
					},
					"position": {
						"0.0": {
							"vector": [0, 0, 0]
						},
						"0.1167": {
							"vector": [13.44318, -28.55756, 54.49026]
						},
						"0.3667": {
							"vector": [5.17809, -13.26286, 25.87338],
							"easing": "easeOutSine"
						},
						"0.5333": {
							"vector": [3.59527, -11.90809, 24.09086]
						},
						"0.5833": {
							"vector": [3.09, -9.015, 19.69]
						},
						"0.6": {
							"vector": [2.92655, -9.08043, 18.22066]
						},
						"0.65": {
							"vector": [3.88879, -7.42451, 17.50049]
						},
						"0.7167": {
							"vector": [3.41763, -9.80503, 15.56955]
						},
						"0.8": {
							"vector": [0.7202, -15.67468, 14.27078]
						},
						"0.9167": {
							"vector": [-3.79606, -16.32835, 11.32946]
						},
						"1.0": {
							"vector": [-3.40465, -15.11599, 10.45854]
						},
						"1.0833": {
							"vector": [-3.725, -15.12, 11.06]
						},
						"1.15": {
							"vector": [-4.745, -14.32, 14.81]
						},
						"1.2833": {
							"vector": [-4.745, -14.32, 14.81]
						},
						"1.45": {
							"vector": [5.53949, -16.15424, 8.00518]
						},
						"1.6": {
							"vector": [0, 0, 0]
						}
					}
				},
				"magazine2": {
					"rotation": {
						"0.0": {
							"vector": [0, 0, 0]
						},
						"0.1167": {
							"vector": [0, 0, 25]
						},
						"0.3667": {
							"vector": [10.60771, -25.16572, -106.48087],
							"easing": "easeOutSine"
						},
						"0.5333": {
							"vector": [22.04321, -26.77371, -97.76633]
						},
						"0.6": {
							"vector": [27.78375, -20.71205, -115.58335]
						},
						"0.9167": {
							"vector": [-15.49023, 0.45545, 2.45819]
						},
						"1.0": {
							"vector": [-17.96093, -0.91006, -4.91669]
						},
						"1.0833": {
							"vector": [-15.73085, -0.63744, -3.44153]
						},
						"1.15": {
							"vector": [0, 0, 0]
						}
					},
					"position": {
						"0.0": {
							"vector": [0, 0, 0]
						},
						"0.1167": {
							"vector": [18.6943, -33.33955, 20.19896]
						},
						"0.3667": {
							"vector": [2.91808, -10.45404, 9.58909],
							"easing": "easeOutSine"
						},
						"0.5333": {
							"vector": [3.52, -6.095, 6.08]
						},
						"0.6": {
							"vector": [4.51614, -7.18672, -1.30471]
						},
						"0.7167": {
							"vector": [3.6986, -5.65297, -4.86215]
						},
						"0.8": {
							"vector": [2.81, -4.97, -5.06]
						},
						"0.9167": {
							"vector": [0, -1.43855, -0.37483]
						},
						"1.0": {
							"vector": [0, 0.01145, -0.37483]
						},
						"1.0833": {
							"vector": [0, 0.01145, -0.37483]
						},
						"1.15": {
							"vector": [0, 0, 0]
						}
					},
					"scale": {
						"0.0": {
							"vector": [0, 0, 0]
						},
						"0.1": {
							"vector": [0, 0, 0]
						},
						"0.1167": {
							"vector": [1, 1, 1]
						}
					}
				},
				"_camera_": {
					"rotation": {
						"0.0": {
							"vector": [0, 0, 0]
						},
						"0.1333": {
							"vector": [1.2566, 0.73888, 0.51628]
						},
						"0.5": {
							"vector": [4.50662, -0.75648, 0.39843],
							"easing": "easeOutSine"
						},
						"1.0833": {
							"vector": [3.76887, 0.07099, -0.55578],
							"easing": "easeInSine"
						},
						"1.6333": {
							"vector": [0, 0, 0],
							"easing": "easeOutSine"
						}
					}
				}
			},
			"sound_effects": {
				"0.0": {
					"effect": "foley_start"
				},
				"0.1833": {
					"effect": "ak_magout"
				},
				"0.85": {
					"effect": "ak_magin"
				},
				"1.2833": {
					"effect": "foley_end"
				}
			}
		},
		"animation.model.draw": {
			"loop": true,
			"animation_length": 1.2,
			"bones": {
				"main": {
					"rotation": {
						"0.0": {
							"vector": [-50.60123, -38.99394, 92.01937]
						},
						"0.1667": {
							"vector": [-3.27585, -3.91843, 52.5061],
							"easing": "easeOutSine"
						},
						"0.4333": {
							"vector": [1.57141, -1.85374, -1.9128],
							"easing": "easeOutSine"
						},
						"0.5167": {
							"vector": [0.27288, -0.37236, 1.59554],
							"easing": "linear"
						},
						"0.6": {
							"vector": [0, 0, 0],
							"easing": "linear"
						}
					},
					"position": {
						"0.0": {
							"vector": [0, -17.3, 0]
						},
						"0.1167": {
							"vector": [-0.03, -9.09, 0.045]
						},
						"0.3167": {
							"vector": [0.02894, -1.60775, -6.90297]
						},
						"0.4": {
							"vector": [0.05077, -1.45863, -3.79557],
							"easing": "linear"
						},
						"0.5167": {
							"vector": [-0.01391, -0.26895, -0.26276]
						},
						"0.6": {
							"vector": [0, 0, 0],
							"easing": "linear"
						}
					}
				},
				"leftarm": {
					"rotation": {
						"0.0": {
							"vector": [-22, 0, 0]
						},
						"0.1167": {
							"vector": [-7, 0, -22]
						},
						"0.3667": {
							"vector": [0, 0, 0]
						}
					},
					"position": {
						"0.0": {
							"vector": [3.325, -2.275, 0]
						},
						"0.1167": {
							"vector": [6.01401, 5.6254, 6.79783]
						},
						"0.3667": {
							"vector": [0, 0, 0]
						}
					}
				},
				"_camera_": {
					"rotation": {
						"0.0": {
							"vector": [0, 0, 0]
						},
						"0.1667": {
							"vector": [1.80315, -1.89688, -1.62846],
							"easing": "easeInOutSine"
						},
						"0.2833": {
							"vector": [1.24924, -0.00333, 0.0435]
						},
						"0.3833": {
							"vector": [0.44082, -0.01767, 1.01624]
						},
						"0.5167": {
							"vector": [0, 0, 0],
							"easing": "easeOutSine"
						}
					},
					"position": {
						"vector": [0, 0, 0]
					}
				}
			},
			"sound_effects": {
				"0.0": {
					"effect": "draw"
				}
			}
		},
		"animation.model.inspect": {
			"loop": true,
			"animation_length": 6.2667,
			"bones": {
				"main": {
					"rotation": {
						"0.0": {
							"vector": [0, 0, 0]
						},
						"0.35": {
							"vector": [-26.32055, -28.95323, -38.41824],
							"easing": "easeInOutQuad"
						},
						"0.45": {
							"vector": [-25.66239, -31.53589, -44.68762]
						},
						"0.5833": {
							"vector": [-29.3192, -30.58227, -40.03448]
						},
						"0.75": {
							"vector": [-27.10413, -31.89841, -42.85878]
						},
						"0.8833": {
							"vector": [-27.78689, -31.32225, -41.55621]
						},
						"1.0333": {
							"vector": [-27.51613, -31.5543, -42.0753]
						},
						"1.2333": {
							"vector": [-23.71064, -34.36823, -49.06156],
							"easing": "easeInOutSine"
						},
						"1.4": {
							"vector": [-21.1074, -35.89402, -53.58343],
							"easing": "easeOutSine"
						},
						"1.5667": {
							"vector": [-21.94193, -35.43536, -52.15215]
						},
						"1.7833": {
							"vector": [-20.76832, -36.0727, -54.16054]
						},
						"2.55": {
							"vector": [-23.3185, -35.45401, -49.81532]
						},
						"2.75": {
							"vector": [-51.25525, -13.69623, -15.09178]
						},
						"2.8833": {
							"vector": [-65.63972, 2.32296, -3.688]
						},
						"3.0667": {
							"vector": [-74.01117, 23.8148, -0.67983]
						},
						"3.2167": {
							"vector": [-79.3734, 25.56465, -3.9573]
						},
						"3.4333": {
							"vector": [-78.98912, 24.70845, -3.62085]
						},
						"3.6667": {
							"vector": [-78.89762, 23.48902, -2.80696]
						},
						"3.9167": {
							"vector": [-78.94097, 24.0015, -2.60182]
						},
						"4.2667": {
							"vector": [-78.95092, 23.9453, -3.0957]
						},
						"4.6667": {
							"vector": [-78.95092, 23.9453, -3.0957]
						},
						"5.05": {
							"vector": [-3.27585, -3.91843, 52.5061],
							"easing": "easeOutSine"
						},
						"5.3167": {
							"vector": [1.57141, -1.85374, -1.9128],
							"easing": "easeOutSine"
						},
						"5.4": {
							"vector": [0.27288, -0.37236, 1.59554],
							"easing": "linear"
						},
						"5.4833": {
							"vector": [0, 0, 0],
							"easing": "linear"
						}
					},
					"position": {
						"0.0": {
							"vector": [0, 0, 0]
						},
						"0.3": {
							"vector": [-4.15, 1.75, -15.475],
							"easing": "easeOutQuad"
						},
						"0.4": {
							"vector": [-4.15, -0.15, -14.6],
							"easing": "easeInOutSine"
						},
						"0.5167": {
							"vector": [-4.15, -0.925, -14.6],
							"easing": "linear"
						},
						"0.7": {
							"vector": [-4.2, -0.42, -14.6]
						},
						"0.9": {
							"vector": [-4.12, -0.57, -14.6]
						},
						"1.0667": {
							"vector": [-4.15, -0.47, -14.6]
						},
						"1.3": {
							"vector": [-4.15, -0.12, -14.825],
							"easing": "easeInOutQuad"
						},
						"1.5333": {
							"vector": [-4.2, -0.12, -15.04]
						},
						"1.7": {
							"vector": [-4.2, -0.02, -15.04]
						},
						"2.3": {
							"vector": [-4.2, -1.495, -15.04],
							"easing": "easeInOutSine"
						},
						"2.4333": {
							"vector": [-4.03, -1.67, -15.04]
						},
						"2.55": {
							"vector": [-3.7, 0.08, -15.04],
							"easing": "easeInSine"
						},
						"2.65": {
							"vector": [-0.18968, 5.0153, -18.15932]
						},
						"2.75": {
							"vector": [4.78001, 6.68487, -20.58417],
							"easing": "easeInOutQuad"
						},
						"2.85": {
							"vector": [12.24, 1.085, -21.53]
						},
						"3.0333": {
							"vector": [24.8, -17.445, -24.215],
							"easing": "easeInOutSine"
						},
						"3.1667": {
							"vector": [26.05, -19.97, -23.16],
							"easing": "linear"
						},
						"3.4167": {
							"vector": [26.05, -18.915, -23.16],
							"easing": "easeInOutSine"
						},
						"3.9": {
							"vector": [26.05, -18.145, -23.16]
						},
						"4.2667": {
							"vector": [26.05, -18.34, -23.16],
							"easing": "easeInOutSine"
						},
						"4.6667": {
							"vector": [25.39, -20.09, -22.52]
						},
						"4.8167": {
							"vector": [14.76, -16.93, -12.15]
						},
						"5.0": {
							"vector": [2.27, -9.09, 0.045]
						},
						"5.2": {
							"vector": [0.02894, -1.60775, -6.90297]
						},
						"5.2833": {
							"vector": [0.05077, -1.45863, -3.79557],
							"easing": "linear"
						},
						"5.4": {
							"vector": [-0.01391, -0.26895, -0.26276]
						},
						"5.4833": {
							"vector": [0, 0, 0],
							"easing": "linear"
						}
					}
				},
				"rightarm": {
					"rotation": {
						"0.0": {
							"vector": [0, 0, 0]
						},
						"2.65": {
							"vector": [0, 0, 0]
						},
						"4.9833": {
							"vector": [0, 0, 0]
						}
					},
					"position": {
						"0.0": {
							"vector": [0, 0, 0]
						},
						"2.65": {
							"vector": [0, 0, 0]
						},
						"2.7833": {
							"vector": [-6.30177, -6.68954, 29.94651]
						},
						"4.75": {
							"vector": [-6.30177, -6.68954, 29.94651]
						},
						"4.9833": {
							"vector": [0, 0, 0]
						}
					}
				},
				"leftarm": {
					"rotation": {
						"0.0": {
							"vector": [0, 0, 0]
						},
						"0.2833": {
							"vector": [-45.13234, 71.33372, -81.76837]
						},
						"2.6333": {
							"vector": [-45.13234, 71.33372, -81.76837]
						},
						"2.6833": {
							"vector": [96.97325, 30.0031, 35.42478]
						},
						"3.0333": {
							"vector": [96.97325, 30.0031, 35.42478]
						},
						"4.6667": {
							"vector": [96.97325, 30.0031, 35.42478]
						},
						"5.1667": {
							"vector": [0, 0, 0]
						}
					},
					"position": {
						"0.0": {
							"vector": [0, 0, 0]
						},
						"0.0667": {
							"vector": [9.47769, -9.10617, 9.45309]
						},
						"0.2833": {
							"vector": [12.05588, -33.69803, 37.55014]
						},
						"2.6333": {
							"vector": [12.05588, -33.69803, 37.55014]
						},
						"2.7667": {
							"vector": [16.26701, 33.15434, 47.96913]
						},
						"3.0333": {
							"vector": [1.43821, 38.19755, 20.05414]
						},
						"4.6667": {
							"vector": [1.43821, 38.19755, 20.05414]
						},
						"5.1667": {
							"vector": [0, 0, 0]
						}
					},
					"scale": {
						"0.0": {
							"vector": [1, 1, 1]
						},
						"2.6333": {
							"vector": [1, 1, 1]
						},
						"2.7667": {
							"vector": [1.2, 1.4, 1.2]
						},
						"3.0333": {
							"vector": [1.2, 1.4, 1.2]
						},
						"4.6667": {
							"vector": [1.2, 1.4, 1.2]
						},
						"5.1667": {
							"vector": [1, 1, 1]
						}
					}
				},
				"_camera_": {
					"rotation": {
						"0.0": {
							"vector": [0, 0, 0]
						},
						"0.1333": {
							"vector": [-0.01091, 1.24995, -0.50012]
						},
						"0.2833": {
							"vector": [-1.31346, 1.78854, -1.03401]
						},
						"0.4833": {
							"vector": [-3.43914, 2.08948, 0.95199],
							"easing": "easeInOutQuad"
						},
						"0.8333": {
							"vector": [-4.99004, 2.77768, -0.09243],
							"easing": "easeInOutSine"
						},
						"1.0667": {
							"vector": [-5.49004, 2.77768, -0.09243]
						},
						"1.7333": {
							"vector": [7.44976, 9.00685, -1.60374],
							"easing": "easeInSine"
						},
						"1.95": {
							"vector": [9.88265, 9.8236, -2.03661],
							"easing": "easeOutSine"
						},
						"2.25": {
							"vector": [10.3897, 9.84427, -1.20003],
							"easing": "easeOutSine"
						},
						"2.5667": {
							"vector": [9.96385, 7.66225, 1.88547],
							"easing": "easeInSine"
						},
						"2.7833": {
							"vector": [1.24375, 5.27922, 3.31414]
						},
						"2.9667": {
							"vector": [5.41765, 2.01024, 2.19487]
						},
						"3.2167": {
							"vector": [12.17135, -3.19168, -0.93824],
							"easing": "easeOutSine"
						},
						"3.5833": {
							"vector": [9.63273, -4.12615, 0.15611]
						},
						"4.3": {
							"vector": [5.12655, -3.80897, -0.98969],
							"easing": "easeInOutSine"
						},
						"4.5167": {
							"vector": [4.61883, -3.81704, -0.95786],
							"easing": "easeInOutSine"
						},
						"4.9667": {
							"vector": [2.5026, -0.00111, -0.00518],
							"easing": "easeInOutSine"
						},
						"5.1333": {
							"vector": [1.75872, -0.39593, -1.62595],
							"easing": "easeInOutSine"
						},
						"5.25": {
							"vector": [1.24924, -0.00333, 0.0435]
						},
						"5.35": {
							"vector": [0.44082, -0.01767, 1.01624]
						},
						"5.4833": {
							"vector": [0, 0, 0],
							"easing": "easeOutSine"
						}
					},
					"position": {
						"0.0": {
							"vector": [0, 0, 0]
						},
						"4.9667": {
							"vector": [0, 0, 0]
						}
					}
				}
			},
			"sound_effects": {
				"0.0": {
					"effect": "inspect_up"
				},
				"1.0667": {
					"effect": "inspect_foley"
				},
				"2.25": {
					"effect": "inspect_turn"
				},
				"2.6667": {
					"effect": "inspect_down"
				},
				"4.95": {
					"effect": "inspect_down"
				}
			}
		}
	},
	"geckolib_format_version": 2
}