{
	"format_version": "1.8.0",
	"animations": {
		"animation.model.draw": {
			"loop": true,
			"animation_length": 1.35,
			"bones": {
				"main": {
					"rotation": {
						"0.0": {
							"vector": [32.09413, -54.38778, -8.29667]
						},
						"0.55": {
							"vector": [0.50518, -5.08075, 6.8716],
							"easing": "easeOutSine"
						},
						"0.85": {
							"vector": [0.29568, -0.35288, -2.15827],
							"easing": "linear"
						},
						"0.95": {
							"vector": [0.26516, 0.49213, -0.74777],
							"easing": "linear"
						},
						"1.05": {
							"vector": [0.12499, -0.00164, -0.5]
						},
						"1.2": {
							"vector": [0, 0, 0],
							"easing": "linear"
						}
					},
					"position": {
						"0.0": {
							"vector": [0, -17.3, 0]
						},
						"0.45": {
							"vector": [1.975, -4.275, -1.625],
							"easing": "linear"
						},
						"0.8": {
							"vector": [-0.3, 0.43, -1.66]
						},
						"0.95": {
							"vector": [0.325, -0.45, 0],
							"easing": "linear"
						},
						"1.15": {
							"vector": [0, 0, 0],
							"easing": "linear"
						}
					}
				},
				"leftarm": {
					"rotation": {
						"0.0": {
							"vector": [-1.6141, 14.10684, -4.09076]
						},
						"0.5": {
							"vector": [-1.6141, 14.10684, -4.09076]
						},
						"0.75": {
							"vector": [0, 0, 0]
						},
						"1.1": {
							"vector": [0, 0, 0]
						}
					},
					"position": {
						"0.0": {
							"vector": [1.1, 4.075, 0]
						},
						"0.5": {
							"vector": [1.1, 4.075, 0]
						},
						"0.75": {
							"vector": [0, 0, 0]
						},
						"1.1": {
							"vector": [0, 0, 0]
						}
					}
				}
			}
		},
		"animation.model.preparefire": {
			"loop": true,
			"animation_length": 0.5,
			"bones": {
				"main": {
					"rotation": {
						"0.0": {
							"vector": [0, 0, 0]
						},
						"0.1667": {
							"vector": [-0.75, 0, 1.83]
						},
						"0.2667": {
							"vector": [-0.75, 0, 0.92]
						},
						"0.4": {
							"vector": [0.50002, -0.49998, 0.24564]
						},
						"0.5": {
							"vector": [0, 0, 0]
						}
					},
					"position": {
						"0.0": {
							"vector": [0, 0, 0]
						},
						"0.0667": {
							"vector": [0.23, 0.345, -0.28]
						},
						"0.1667": {
							"vector": [0.355, 0.09, -1.655]
						},
						"0.2333": {
							"vector": [0.21, 0.445, -1.79]
						},
						"0.3667": {
							"vector": [0, -0.925, -0.675]
						},
						"0.4667": {
							"vector": [0, 0, 0]
						}
					}
				}
			},
			"sound_effects": {
				"0.0": {
					"effect": "minigunchargeup"
				}
			}
		},
		"animation.model.completefire": {
			"loop": true,
			"animation_length": 0.5,
			"bones": {
				"main": {
					"rotation": {
						"0.0": {
							"vector": [0, 0, 0]
						},
						"0.1333": {
							"vector": [-0.75, 0, 1.83]
						},
						"0.2667": {
							"vector": [-0.75, 0, 0.92]
						},
						"0.5": {
							"vector": [0, 0, 0]
						}
					},
					"position": {
						"0.0": {
							"vector": [0, 0, 0]
						},
						"0.1333": {
							"vector": [0.355, 0.09, 0.57]
						},
						"0.2333": {
							"vector": [0.21, 0.445, -1.09]
						},
						"0.3333": {
							"vector": [0, -0.125, -0.675]
						},
						"0.4667": {
							"vector": [0, 0, 0]
						}
					}
				}
			},
			"sound_effects": {
				"0.0": {
					"effect": "minigunwinddown"
				}
			}
		}
	},
	"geckolib_format_version": 2
}