{
	"format_version": "1.8.0",
	"animations": {
		"animation.model.reload": {
			"loop": true,
			"animation_length": 10.6667,
			"blend_weight": "1",
			"bones": {
				"rightarm": {
					"rotation": {
						"3.5333": {
							"vector": [0, 0, 0]
						},
						"3.6167": {
							"vector": [0, 0, 0]
						},
						"10.05": {
							"vector": [0, 0, 0]
						},
						"10.6333": {
							"vector": [0, 0, 0]
						}
					},
					"position": {
						"3.5333": {
							"vector": [0, 0, 0]
						},
						"3.6167": {
							"vector": [-0.29977, -1.07678, -1.36956]
						},
						"10.05": {
							"vector": [-0.29977, -1.07678, -1.36956]
						},
						"10.6333": {
							"vector": [0, 0, 0]
						}
					}
				},
				"Cartridge": {
					"rotation": {
						"0.1167": {
							"vector": [0, 105, 0]
						},
						"2.75": {
							"vector": [0, 105, 0]
						},
						"2.7667": {
							"vector": [0, 175, 0]
						},
						"3.8333": {
							"vector": [0, 175, 0]
						}
					},
					"position": {
						"0.1": {
							"vector": [5.99, -37.87, 1.79]
						},
						"0.1167": {
							"vector": [11.76763, 0.7744, -35.25511]
						},
						"2.75": {
							"vector": [11.77, 0.77, -35.26]
						},
						"2.7667": {
							"vector": [13.82301, -1.30045, -33.13906]
						},
						"3.8333": {
							"vector": [13.82301, -1.30045, -33.13906]
						},
						"3.85": {
							"vector": [10.10187, -5.88122, 128.66602],
							"easing": "step"
						}
					},
					"scale": {
						"2.75": {
							"vector": [1, 1, 1]
						},
						"2.7667": {
							"vector": [0.8, 0.8, 0.8]
						}
					}
				},
				"r_arm": {
					"rotation": {
						"0.0": {
							"vector": [0, 0, 0]
						},
						"0.1167": {
							"vector": [26.39218, 18.05776, 8.74472]
						},
						"0.2167": {
							"vector": [26.39218, 18.05776, 8.74472]
						},
						"0.4": {
							"vector": [-35.25094, 24.24739, 4.2]
						},
						"0.45": {
							"vector": [-35.25094, 24.24739, 4.2]
						},
						"0.6": {
							"vector": [-35.25094, 24.24739, 4.2]
						},
						"0.9167": {
							"vector": [0.72285, 64.37342, 65.04069],
							"easing": "easeInOutQuad"
						},
						"1.8833": {
							"vector": [0.72285, 64.37342, 65.04069],
							"easing": "easeInOutQuad"
						},
						"2.1833": {
							"vector": [-35.25094, 24.24739, 4.2],
							"easing": "easeInOutQuad"
						},
						"2.3333": {
							"vector": [-35.25094, 24.24739, 4.2]
						},
						"2.4": {
							"vector": [-35.25094, 24.24739, 4.2]
						},
						"2.6333": {
							"vector": [-29.85, 23.34, 11.2]
						},
						"3.0667": {
							"vector": [-9.33313, 19.87558, 37.81061],
							"easing": "linear"
						},
						"3.2": {
							"vector": [-0.44401, 1.89118, 24.07719]
						},
						"3.8333": {
							"vector": [-0.44, 1.89, 24.08]
						},
						"4.0": {
							"vector": [17.38011, -2.37879, -8.85838]
						},
						"4.4667": {
							"vector": [17.38011, -2.37879, -8.85838]
						},
						"4.8667": {
							"vector": [17.38011, -2.37879, -8.85838]
						},
						"5.1833": {
							"vector": [17.38, -2.38, -8.86],
							"easing": "easeInOutQuad"
						},
						"5.5167": {
							"vector": [17.38, -2.38, -8.86],
							"easing": "easeInOutQuad"
						},
						"5.65": {
							"vector": [27.25773, -0.79627, -9.07444],
							"easing": "easeInQuad"
						},
						"5.8167": {
							"vector": [17.38, -2.38, -8.86],
							"easing": "easeInQuad"
						},
						"8.75": {
							"vector": [17.38, -2.38, -8.86],
							"easing": "easeInOutQuad"
						},
						"8.8833": {
							"vector": [27.25773, -0.79627, -9.07444],
							"easing": "easeInQuad"
						},
						"9.05": {
							"vector": [17.38, -2.38, -8.86],
							"easing": "easeInQuad"
						},
						"10.0": {
							"vector": [17.38, -2.38, -8.86],
							"easing": "easeInQuad"
						},
						"10.4333": {
							"vector": [0, 0, 0],
							"easing": "easeInOutQuad"
						}
					},
					"position": {
						"0.0": {
							"vector": [0, 0, 0]
						},
						"0.1167": {
							"vector": [-1, -6, 0]
						},
						"0.2167": {
							"vector": [-1, -6, 0]
						},
						"0.4": {
							"vector": [-2.5, -0.75, -6.5]
						},
						"0.4833": {
							"vector": [-2, -0.75, -5.5]
						},
						"0.5833": {
							"vector": [-2, -1, -3]
						},
						"0.75": {
							"vector": [-1.26971, 0.20823, -3.54949]
						},
						"0.8833": {
							"vector": [3.25, 0.25, -1.25],
							"easing": "linear"
						},
						"1.8833": {
							"vector": [3.25, 0.25, -1.25],
							"easing": "linear"
						},
						"2.1333": {
							"vector": [-2.59495, -0.93172, -8.48946]
						},
						"2.2167": {
							"vector": [-2.09689, -0.93325, -7.48923]
						},
						"2.3167": {
							"vector": [-2.09921, -1.18508, -4.98895]
						},
						"2.3833": {
							"vector": [-2.10076, -1.1863, -4.98875]
						},
						"2.6333": {
							"vector": [-2.84, 2.66, -30.28]
						},
						"3.0667": {
							"vector": [-5.75, 15.32304, -124.52937],
							"easing": "linear"
						},
						"3.2": {
							"vector": [-4.5, 15.32345, -136.2347]
						},
						"3.3667": {
							"vector": [-4.43, 14.96508, -134.04551],
							"easing": "easeInOutQuad"
						},
						"3.4": {
							"vector": [-4.43, 14.96508, -134.04551],
							"easing": "easeInOutQuad"
						},
						"3.5167": {
							"vector": [-4.33, 14.92, -130.51]
						},
						"3.65": {
							"vector": [-4.33, 14.92, -130.51]
						},
						"3.8333": {
							"vector": [-4.25, 14.88547, -127.88047],
							"easing": "easeInOutQuad"
						},
						"3.8667": {
							"vector": [-4.25, 14.89, -127.88]
						},
						"4.0": {
							"vector": [-4.26065, 9.16428, -126.77727]
						},
						"4.0333": {
							"vector": [-4.26065, 9.16428, -126.77727]
						},
						"4.1833": {
							"vector": [-3.83522, 8.23569, -141.98576],
							"easing": "easeInOutQuad"
						},
						"4.2667": {
							"vector": [-3.83522, 8.23569, -141.98576],
							"easing": "easeInOutQuad"
						},
						"4.4667": {
							"vector": [-4.26065, 9.16428, -126.77727]
						},
						"4.5": {
							"vector": [-4.26065, 9.16428, -126.77727]
						},
						"4.65": {
							"vector": [-3.83522, 8.23569, -141.98576],
							"easing": "easeInOutQuad"
						},
						"4.7333": {
							"vector": [-3.83522, 8.23569, -141.98576],
							"easing": "easeInOutQuad"
						},
						"4.8667": {
							"vector": [-3.83522, 8.23569, -141.98576],
							"easing": "easeInOutQuad"
						},
						"5.1833": {
							"vector": [-8.98807, 10.02864, -123.32725],
							"easing": "easeInOutQuad"
						},
						"5.5167": {
							"vector": [-8.98807, 10.02864, -123.32725],
							"easing": "easeInOutQuad"
						},
						"5.65": {
							"vector": [-8.99, 12.38097, -122.47975],
							"easing": "easeInQuad"
						},
						"6.0333": {
							"vector": [-3.96194, 8.99156, -132.19644],
							"easing": "easeInQuad"
						},
						"6.3667": {
							"vector": [-4.00243, 12.33601, -138.42916],
							"easing": "easeOutQuad"
						},
						"6.6167": {
							"vector": [-4.69125, 12.73889, -130.81912]
						},
						"6.9167": {
							"vector": [-4.02703, 12.4359, -141.58976],
							"easing": "easeOutQuad"
						},
						"7.1833": {
							"vector": [-4.69125, 12.73889, -130.81912]
						},
						"7.3167": {
							"vector": [-4.69125, 12.73889, -130.81912]
						},
						"7.6": {
							"vector": [-4.02703, 12.4359, -141.58976],
							"easing": "easeOutQuad"
						},
						"7.9": {
							"vector": [-4.69125, 12.73889, -130.81912]
						},
						"8.2167": {
							"vector": [-4.00243, 12.33601, -138.42916],
							"easing": "easeOutQuad"
						},
						"8.45": {
							"vector": [-7.99991, 12.3492, -138.45511]
						},
						"9.1667": {
							"vector": [-7.99991, 12.3492, -138.45511]
						},
						"9.5667": {
							"vector": [-4.05098, 13.43086, -144.41238],
							"easing": "easeOutQuad"
						},
						"9.7": {
							"vector": [-3.96321, 10.04287, -135.0015]
						},
						"9.9": {
							"vector": [-4.36039, 8.8057, -122.68878],
							"easing": "easeOutQuad"
						},
						"10.05": {
							"vector": [-4.36039, 8.8057, -122.68878],
							"easing": "easeOutQuad"
						},
						"10.4333": {
							"vector": [0, 0, 0],
							"easing": "easeInOutQuad"
						}
					}
				},
				"Frission": {
					"rotation": {
						"0.0": {
							"vector": [59.12537, -48.20277, -28.47607]
						},
						"2.1333": {
							"vector": [59.12537, -48.20277, -28.47607]
						},
						"2.3167": {
							"vector": [0, 0, 0]
						}
					}
				},
				"FlintHammer": {
					"rotation": {
						"0.0": {
							"vector": [45, 0, 0]
						},
						"0.4833": {
							"vector": [45, 0, 0]
						},
						"0.5833": {
							"vector": [0, 0, 0]
						}
					}
				},
				"RamRod": {
					"rotation": {
						"5.5667": {
							"vector": [0, 0, 0]
						},
						"5.95": {
							"vector": [180, 0, 0],
							"easing": "easeInOutBack"
						},
						"8.7833": {
							"vector": [180, 0, 0]
						},
						"9.1667": {
							"vector": [360, 0, 0],
							"easing": "easeInOutBack"
						},
						"9.1833": {
							"vector": [0, 0, 0],
							"easing": "step",
							"easingArgs": [2]
						}
					},
					"position": {
						"4.0333": {
							"vector": [0, 0, 0]
						},
						"4.35": {
							"vector": [0, 0, -54],
							"easing": "easeOutQuad"
						},
						"4.4667": {
							"vector": [0, 0, -54]
						},
						"4.8167": {
							"vector": [0, 0, -119]
						},
						"4.8667": {
							"vector": [0, 0, -119]
						},
						"5.1833": {
							"vector": [-5.25, 0.5, -102],
							"easing": "easeInOutQuad"
						},
						"5.5167": {
							"vector": [-5.25, 0.5, -56],
							"easing": "easeInQuad"
						},
						"5.65": {
							"vector": [-5.25, 0.5, -56]
						},
						"5.9167": {
							"vector": [0, -1.51941, -70.48802],
							"easing": "easeInQuad"
						},
						"6.1": {
							"vector": [-0.22387, -1.47711, -119.21027],
							"easing": "easeOutQuad"
						},
						"6.3667": {
							"vector": [-0.04243, 1.86601, -125.43916],
							"easing": "easeOutQuad"
						},
						"6.6167": {
							"vector": [-0.04, 1.87, -106.44]
						},
						"6.9167": {
							"vector": [-0.04, 1.87, -106.44]
						},
						"7.1833": {
							"vector": [-0.04, 1.87, -57.44]
						},
						"7.3167": {
							"vector": [-0.04, 1.87, -57.44]
						},
						"7.6": {
							"vector": [-0.04, 1.87, -106.44]
						},
						"7.9": {
							"vector": [-0.04, 1.87, -106.44]
						},
						"8.2": {
							"vector": [-0.04243, 1.86601, -125.43916],
							"easing": "easeOutQuad"
						},
						"8.45": {
							"vector": [-4.03991, 1.8792, -125.46511],
							"easing": "linear"
						},
						"8.7333": {
							"vector": [-4.04, 2.1422, -72.4993],
							"easing": "easeInQuad"
						},
						"9.1833": {
							"vector": [-4.04, 2.1422, -72.4993],
							"easing": "easeInQuad"
						},
						"9.5667": {
							"vector": [-0.09855, 2.96485, -131.33322],
							"easing": "easeOutQuad"
						},
						"9.7": {
							"vector": [-0.01321, -0.42713, -121.9215]
						},
						"10.0167": {
							"vector": [0, 0, 0],
							"easing": "easeInQuad"
						}
					}
				},
				"main": {
					"rotation": {
						"0.0": {
							"vector": [0, 0, 0]
						},
						"0.1667": {
							"vector": [0.95917, -0.22757, 11.35033]
						},
						"0.35": {
							"vector": [1.59108, -0.44194, 5.90546]
						},
						"0.5": {
							"vector": [1.6047, -1.25948, 9.81482]
						},
						"0.75": {
							"vector": [-4.48626, -1.79941, -11.37979]
						},
						"1.2833": {
							"vector": ["math.sin(query.anim_time * 60) * 0.6 -4.4863", -1.7994, "math.sin(query.anim_time * 120) * 0.8 - 11.379"]
						},
						"1.7667": {
							"vector": [-4.48626, -1.79941, -11.37979]
						},
						"2.45": {
							"vector": [-5.42218, -2.97658, -14.03259]
						},
						"2.9167": {
							"vector": [-70, 0, 0],
							"easing": "easeInOutQuad"
						},
						"3.05": {
							"vector": ["math.sin(query.anim_time * 60) * 0.3 - 70", 0, "math.sin(query.anim_time * 120) * 0.5 "]
						},
						"4.0167": {
							"vector": [-70.26, 0, 0.42]
						},
						"9.8333": {
							"vector": ["math.sin(query.anim_time * 60) * 0.3 - 70", 0, "math.sin(query.anim_time * 120) * 0.5 "]
						},
						"9.9833": {
							"vector": [-70, 0, 0],
							"easing": "easeInOutQuad"
						},
						"10.5": {
							"vector": [1.57141, -0.85374, -1.9128],
							"easing": "easeInOutQuad"
						},
						"10.5833": {
							"vector": [0.27288, -0.37236, 1.59554]
						},
						"10.6667": {
							"vector": [0, 0, 0]
						}
					},
					"position": {
						"0.0": {
							"vector": [0, 0, 0]
						},
						"0.2667": {
							"vector": [0.03, -1.39, 2.33]
						},
						"0.45": {
							"vector": [0.2, -0.55, 5.16]
						},
						"0.7667": {
							"vector": [-0.08, -0.785, 0.95]
						},
						"1.7833": {
							"vector": [-0.08, -0.785, 0.95]
						},
						"2.4167": {
							"vector": [-0.08, -1.86, 0.95]
						},
						"3.0": {
							"vector": [-0.08, -108.86, 30.95],
							"easing": "easeInOutQuad"
						},
						"3.75": {
							"vector": [-0.08, -108.86, 30.95],
							"easing": "easeInOutQuad"
						},
						"4.5833": {
							"vector": [-0.0929, -110.74246, 31.62541],
							"easing": "easeInOutQuad"
						},
						"6.45": {
							"vector": [-0.08, -108.86, 30.95],
							"easing": "easeInOutQuad"
						},
						"6.6167": {
							"vector": [-0.08373, -109.56741, 31.19918],
							"easing": "easeInOutQuad"
						},
						"6.9167": {
							"vector": [-0.08, -108.86, 30.95],
							"easing": "easeInOutQuad"
						},
						"7.1833": {
							"vector": [-0.08373, -109.56741, 31.19918],
							"easing": "easeInOutQuad"
						},
						"7.3167": {
							"vector": [-0.08373, -109.56741, 31.19918],
							"easing": "easeInOutQuad"
						},
						"7.5667": {
							"vector": [-0.08, -108.86, 30.95],
							"easing": "easeInOutQuad"
						},
						"10.0667": {
							"vector": [-0.08, -108.86, 30.95],
							"easing": "easeInOutQuad"
						},
						"10.4667": {
							"vector": [0.05077, -1.45863, -3.79557],
							"easing": "easeInOutQuad"
						},
						"10.5833": {
							"vector": [-0.01391, -0.26895, -0.26276]
						},
						"10.6667": {
							"vector": [0, 0, 0]
						}
					}
				}
			},
			"sound_effects": {
				"0.2167": {
					"effect": "inspect_foley"
				},
				"0.4333": {
					"effect": "xm7_chargeback"
				},
				"0.95": {
					"effect": "powder"
				},
				"2.0667": {
					"effect": "gom_musket_full_cock"
				},
				"2.3333": {
					"effect": "inspect_down"
				},
				"4.05": {
					"effect": "ramrod"
				},
				"4.5167": {
					"effect": "ramrod"
				},
				"6.4": {
					"effect": "ramrod"
				},
				"6.9333": {
					"effect": "ramrod"
				},
				"7.2333": {
					"effect": "shell_chamber"
				},
				"7.8333": {
					"effect": "shell_chamber"
				},
				"9.6167": {
					"effect": "shell"
				},
				"9.7833": {
					"effect": "inspect_turn"
				}
			}
		},
		"animation.model.preparefire": {
			"animation_length": 1.0833,
			"bones": {
				"FlintHammer": {
					"rotation": {
						"0.0": {
							"vector": [0, 0, 0]
						},
						"0.0417": {
							"vector": [45, 0, 0]
						}
					},
					"position": {
						"vector": [0, 0, 0]
					}
				},
				"Frission": {
					"rotation": {
						"0.0417": {
							"vector": [0, 0, 0]
						},
						"0.0833": {
							"vector": [59.12537, -48.20277, -28.47607]
						}
					},
					"position": {
						"vector": [0, 0, 0]
					}
				},
				"rightarm": {
					"rotation": {
						"vector": [0, 0, 0.01]
					}
				}
			},
			"sound_effects": {
				"0.0": {
					"effect": "gom_musket_flintstrike"
				}
			}
		},
		"animation.model.draw": {
			"loop": true,
			"animation_length": 1,
			"bones": {
				"main": {
					"rotation": {
						"0.0": {
							"vector": [32.09413, -54.38778, -8.29667]
						},
						"0.35": {
							"vector": [0.50518, -5.08075, 6.8716]
						},
						"0.5": {
							"vector": [0.32389, -0.60235, -2.1558]
						},
						"0.6": {
							"vector": [0, 0, 0]
						}
					},
					"position": {
						"0.0": {
							"vector": [0, -17.3, 0]
						},
						"0.25": {
							"vector": [-0.4, -2.525, -1.625]
						},
						"0.4": {
							"vector": [-0.05, 0, -2.49]
						},
						"0.55": {
							"vector": [0, 0, 0]
						}
					}
				},
				"leftarm": {
					"rotation": {
						"0.0": {
							"vector": [0, 0, 0]
						},
						"0.2": {
							"vector": [1, 0, -22]
						},
						"0.4": {
							"vector": [0, 0, 0]
						}
					},
					"position": {
						"0.0": {
							"vector": [0, 0, 0]
						},
						"0.2": {
							"vector": [3.53901, 3.6754, 5.59783]
						},
						"0.4": {
							"vector": [0, 0, 0]
						}
					}
				}
			},
			"sound_effects": {
				"0.0": {
					"effect": "draw"
				}
			}
		},
		"animation.model.inspect": {
			"loop": true,
			"animation_length": 3.7,
			"bones": {
				"main": {
					"rotation": {
						"0.0": {
							"vector": [0, 0, 0]
						},
						"0.1667": {
							"vector": [-8.41746, -13.59608, -21.21259]
						},
						"0.3": {
							"vector": [-8.39812, -20.10111, -31.77688]
						},
						"0.4333": {
							"vector": [-9.55676, -20.88889, -28.55629]
						},
						"0.5333": {
							"vector": [-8.77652, -21.21647, -30.72851]
						},
						"0.7667": {
							"vector": [-9.4227, -20.94881, -28.93303]
						},
						"1.0": {
							"vector": [-3.1216, -20.98207, -46.44405]
						},
						"1.1333": {
							"vector": [-4.564, -20.73064, -42.44007]
						},
						"1.2333": {
							"vector": [-4.86325, -20.9153, -41.60203]
						},
						"1.3333": {
							"vector": [-4.58308, -20.97575, -42.38574]
						},
						"1.4667": {
							"vector": [-4.01131, -21.08802, -43.97908]
						},
						"1.6": {
							"vector": [-4.38767, -21.01662, -42.9316]
						},
						"1.7": {
							"vector": [-4.18847, -21.05622, -43.48691]
						},
						"2.0333": {
							"vector": [-16.91438, 5.38499, 54.40399]
						},
						"2.1667": {
							"vector": [-15.22513, 5.80082, 60.04554]
						},
						"2.3": {
							"vector": [-15.70981, 5.86025, 59.48558]
						},
						"2.4333": {
							"vector": [-15.93602, 7.03904, 62.69373]
						},
						"2.5667": {
							"vector": [-15.60896, 7.75082, 65.23442]
						},
						"2.7333": {
							"vector": [-15.71675, 7.52491, 64.42194]
						},
						"2.9": {
							"vector": [-15.56389, 7.84019, 65.55973]
						},
						"3.1": {
							"vector": [-15.61778, 7.73186, 65.16659]
						},
						"3.2667": {
							"vector": [-15.9801, 6.93689, 62.33342]
						},
						"3.4": {
							"vector": [-8.86998, 2.42135, 33.56191]
						},
						"3.5333": {
							"vector": [0, -1.75, -2.75]
						},
						"3.7": {
							"vector": [0, 0, 0]
						}
					},
					"position": {
						"0.0": {
							"vector": [0, 0, 0]
						},
						"0.3": {
							"vector": [-0.475, 1.475, -8.7]
						},
						"0.4": {
							"vector": [-0.195, 1, -7.7]
						},
						"0.5333": {
							"vector": [-0.03, 0.725, -7.7]
						},
						"0.7": {
							"vector": [0, 1.125, -7.7]
						},
						"0.9": {
							"vector": [0.125, 1.4, -8.275]
						},
						"1.2": {
							"vector": [-0.02, 1.475, -8]
						},
						"1.4": {
							"vector": [0.11, 1.425, -8.175]
						},
						"1.6667": {
							"vector": [0.275, 1.25, -7.975]
						},
						"1.8": {
							"vector": [-0.13, -1.19, -8.65]
						},
						"1.9667": {
							"vector": [-0.545, -1.325, -11.15]
						},
						"2.1333": {
							"vector": [-0.415, -1.395, -10.545]
						},
						"2.2667": {
							"vector": [-0.525, -1.455, -9.17]
						},
						"2.4": {
							"vector": [-0.49, -1.43, -9.85]
						},
						"2.5667": {
							"vector": [-0.455, -1.5, -9.24]
						},
						"2.7667": {
							"vector": [-0.53, -1.5, -9.27]
						},
						"3.0": {
							"vector": [-0.49, -1.41, -9.3]
						},
						"3.2333": {
							"vector": [-0.545, -1.325, -9.325]
						},
						"3.3667": {
							"vector": [-1.005, -0.61, -7.41]
						},
						"3.6333": {
							"vector": [0, 0, 0]
						}
					}
				},
				"leftarm": {
					"rotation": {
						"0.0": {
							"vector": [0, 0, 0]
						},
						"0.1667": {
							"vector": [0, 0, -2.5]
						},
						"1.7333": {
							"vector": [0, 0, -2.5]
						},
						"2.0333": {
							"vector": [-20, 0, -45]
						},
						"3.3": {
							"vector": [-20, 0, -45]
						},
						"3.5667": {
							"vector": [0, 0, 0]
						}
					},
					"position": {
						"0.0": {
							"vector": [0, 0, 0]
						},
						"0.1667": {
							"vector": [11.23986, -30.20851, 24.64864]
						},
						"1.7333": {
							"vector": [11.23986, -30.20851, 24.64864]
						},
						"2.0333": {
							"vector": [7.35, 6.25, 2.33]
						},
						"3.3": {
							"vector": [7.35, 6.25, 2.33]
						},
						"3.5667": {
							"vector": [0, 0, 0]
						}
					}
				}
			},
			"sound_effects": {
				"0.0667": {
					"effect": "inspect_up"
				},
				"0.8667": {
					"effect": "inspect_foley"
				},
				"1.4333": {
					"effect": "inspect_turn"
				},
				"3.3333": {
					"effect": "inspect_down"
				}
			}
		},
		"animation.model.fire": {
			"loop": true,
			"animation_length": 0.95,
			"bones": {
				"action": {
					"position": {
						"0.0": {
							"vector": [0, 0, 0]
						},
						"0.0333": {
							"vector": [0, 0, 6]
						},
						"0.0833": {
							"vector": [0, 0, 0]
						}
					}
				},
				"main": {
					"rotation": {
						"0.0": {
							"vector": [0, 0, 0]
						},
						"0.05": {
							"vector": [0.24722, -0.15263, -0.99759]
						},
						"0.1": {
							"vector": [0.25995, -0.07447, -1.5556]
						},
						"0.2": {
							"vector": [0, 0.01681, 0.95037]
						},
						"0.2833": {
							"vector": [0, 0.00851, -0.52127]
						},
						"0.35": {
							"vector": [0, 0.0036, 0.23936]
						},
						"0.4333": {
							"vector": [0, 0, 0]
						}
					}
				},
				"FlintHammer": {
					"rotation": {
						"vector": [45, 0, 0]
					}
				},
				"Frission": {
					"rotation": {
						"vector": [59.12537, -48.20277, -28.47607]
					}
				}
			}
		}
	},
	"geckolib_format_version": 2
}