[
  {
    "block": "create:copycat_panel",
    "mass": 125.0,
    "friction": 0.6
  },
  {
    "block": "create_connected:copycat_board",
    "mass": 125.0,
    "friction": 0.6
  },
  {
    "block": "copycats:copycat_slab",
    "mass": 500.0,
    "friction": 0.6
  },
  {
    "block": "create_connected:copycat_slab",
    "mass": 500.0,
    "friction": 0.6
  },
  {
    "block": "copycats:copycat_stairs",
    "mass": 750.0,
    "friction": 0.6
  },
  {
    "block": "create_connected:copycat_stairs",
    "mass": 750.0,
    "friction": 0.6
  },
  {
    "block": "copycats:copycat_vertical_stairs",
    "mass": 750.0,
    "friction": 0.6
  },
  {
    "block": "copycats:copycat_wall",
    "mass": 80.0,
    "friction": 0.6
  },
  {
    "block": "create_connected:copycat_wall",
    "mass": 80.0,
    "friction": 0.6
  },
  {
    "block": "create:copycat_step",
    "mass": 250.0,
    "friction": 0.6
  },
  {
    "block": "copycats:copycat_vertical_step",
    "mass": 250.0,
    "friction": 0.6
  },
  {
    "block": "create_connected:copycat_vertical_step",
    "mass": 250.0,
    "friction": 0.6
  },
  {
    "block": "copycats:create_connected",
    "mass": 250.0,
    "friction": 0.6
  },
  {
    "block": "copycats:copycat_beam",
    "mass": 250.0,
    "friction": 0.6
  },
  {
    "block": "copycats:copycat_slice",
    "mass": 32.0,
    "friction": 0.6
  },
  {
    "block": "copycats:copycat_vertical_slice",
    "mass": 8.0,
    "friction": 0.6
  },
  {
    "block": "copycats:copycat_layer",
    "mass": 125.0,
    "friction": 0.6
  },
  {
    "block": "copycats:copycat_half_panel",
    "mass": 64.0,
    "friction": 0.6
  },
  {
    "block": "copycats:copycat_pane",
    "mass": 125.0,
    "friction": 0.6
  },
  {
    "block": "copycats:copycat_flat_pane",
    "mass": 125.0,
    "friction": 0.6
  },
  {
    "block": "copycats:copycat_byte",
    "mass": 125.0,
    "friction": 0.6
  },
  {
    "block": "copycats:copycat_byte_panel",
    "mass": 32.0,
    "friction": 0.6
  },
  {
    "block": "copycats:copycat_board",
    "mass": 64.0,
    "friction": 0.6
  },
  {
    "block": "create_connected:copycat_catwalk",
    "mass": 192.0,
    "friction": 0.6
  },
  {
    "block": "copycats:copycat_catwalk",
    "mass": 192.0,
    "friction": 0.6
  },
  {
    "block": "copycats:copycat_box",
    "mass": 384.0,
    "friction": 0.6
  },
  {
    "block": "create_connected:copycat_box",
    "mass": 384.0,
    "friction": 0.6
  },
  {
    "block": "copycats:copycat_half_layer",
    "mass": 64.0,
    "friction": 0.6
  },
  {
    "block": "copycats:copycat_vertical_half_layer",
    "mass": 64.0,
    "friction": 0.6
  },
  {
    "block": "copycats:copycat_stacked_half_layer",
    "mass": 64.0,
    "friction": 0.6
  },
  {
    "block": "copycats:copycat_slope_half_layer",
    "mass": 500.0,
    "friction": 0.6
  },
  {
    "block": "copycats:copycat_slope",
    "mass": 500.0,
    "friction": 0.6
  },
  {
    "block": "copycats:copycat_vertical_slope",
    "mass": 500.0,
    "friction": 0.6
  },
  {
    "block": "copycats:copycat_slope_layer",
    "mass": 200.0,
    "friction": 0.6
  },
  {
    "block": "copycats:copycat_door",
    "mass": 25.0,
    "friction": 0.6
  },
  {
    "block": "copycats:copycat_iron_door",
    "mass": 50.0,
    "friction": 0.6
  },
  {
    "block": "copycats:copycat_iron_trapdoor",
    "mass": 50.0,
    "friction": 0.6
  },
  {
    "block": "copycats:copycat_stone_button",
    "mass": 2.0,
    "friction": 0.6
  },
  {
    "block": "copycats:copycat_stone_pressure_plate",
    "mass": 10.0,
    "friction": 0.6
  },
  {
    "block": "copycats:copycat_light_weighted_pressure_plate",
    "mass": 20.0,
    "friction": 0.6
  },
  {
    "block": "copycats:copycat_heavy_weighted_pressure_plate",
    "mass": 40.0,
    "friction": 0.6
  },
  {
    "block": "copycats:copycat_ladder",
    "mass": 64.0,
    "friction": 0.6
  },
  {
    "block": "copycats:copycat_fluid_pipe",
    "mass": 750.0,
    "friction": 0.6
  },
  {
    "block": "copycats:copycat_shaft",
    "mass": 175.0,
    "friction": 0.6
  },
  {
    "block": "copycats:copycat_cogwheel",
    "mass": 350.0,
    "friction": 0.6
  },
  {
    "block": "copycats:copycat_large_cogwheel",
    "mass": 525.0,
    "friction": 0.6
  },
  {
    "block": "railways:copycat_headstock",
    "mass": 500.0,
    "friction": 0.6
  },
  {
    "block": "railways:copycat_headstock_buffer",
    "mass": 500.0,
    "friction": 0.6
  },
  {
    "block": "railways:copycat_headstock_link_and_pin",
    "mass": 500.0,
    "friction": 0.6
  },
  {
    "block": "railways:copycat_headstock_link_and_pin_linkless",
    "mass": 500.0,
    "friction": 0.6
  },
  {
    "block": "railways:copycat_headstock_knuckle_coupler",
    "mass": 500.0,
    "friction": 0.6
  },
  {
    "block": "railways:copycat_headstock_split_knuckle_coupler",
    "mass": 500.0,
    "friction": 0.6
  },
  {
    "block": "railways:copycat_headstock_screwlink_knuckle_coupler",
    "mass": 500.0,
    "friction": 0.6
  }
]
