{
  "credit": "Made with Blockbench",
  "parent": "builtin/entity",
  "texture_size": [
    128,
    128
  ],
  "display": {
    "thirdperson_righthand": {
      "translation": [
        0.25,
        -6.5,
        -0.75
      ],
      "scale": [
        0.25,
        0.25,
        0.25
      ]
    },
    "thirdperson_lefthand": {
      "translation": [
        0.25,
        -6.5,
        -0.75
      ],
      "scale": [
        0.25,
        0.25,
        0.25
      ]
    },
    "firstperson_righthand": {
      "rotation": [
        -35,
        11,
        3.5
      ],
      "translation": [
        3.75,
        -30,
        6.5
      ]
    },
    "firstperson_lefthand": {
      "rotation": [
        -35,
        11,
        3.5
      ],
      "translation": [
        3.75,
        -30,
        6.5
      ]
    },
    "ground": {
      "translation": [
        0,
        -8,
        -2.75
      ],
      "scale": [
        0.3,
        0.3,
        0.3
      ]
    },
    "gui": {
      "rotation": [
        44,
        50,
        -40
      ],
      "translation": [
        -11,
        2.25,
        0
      ],
      "scale": [
        0.4,
        0.4,
        0.4
      ]
    },
    "fixed": {
      "rotation": [
        180,
        -90,
        180
      ],
      "translation": [
        2.75,
        -17.5,
        -1
      ],
      "scale": [
        0.62,
        0.62,
        0.62
      ]
    }
  }
}