{
  "credit": "Made with Blockbench",
  "parent": "builtin/entity",
  "texture_size": [
    64,
    64
  ],
  "display": {
    "thirdperson_righthand": {
      "translation": [
        0.25,
        -4.75,
        1
      ],
      "scale": [
        0.25,
        0.25,
        0.25
      ]
    },
    "thirdperson_lefthand": {
      "translation": [
        0.25,
        -4.75,
        1
      ],
      "scale": [
        0.25,
        0.25,
        0.25
      ]
    },
    "firstperson_righthand": {
      "rotation": [
        -7,
        9,
        3.5
      ],
      "translation": [
        8.25,
        -30,
        -14
      ]
    },
    "firstperson_lefthand": {
      "rotation": [
        -7,
        9,
        3.5
      ],
      "translation": [
        8.25,
        -30,
        -14
      ]
    },
    "ground": {
      "translation": [
        0,
        -6,
        -1
      ],
      "scale": [
        0.3,
        0.3,
        0.3
      ]
    },
    "gui": {
      "rotation": [
        43.62,
        49,
        -41
      ],
      "translation": [
        -2,
        -25.5,
        0
      ]
    },
    "fixed": {
      "rotation": [
        180,
        -90,
        180
      ],
      "translation": [
        0.25,
        -11.25,
        -1
      ],
      "scale": [
        0.62,
        0.62,
        0.62
      ]
    }
  }
}