{
	"format_version": "1.12.0",
	"minecraft:geometry": [
		{
			"description": {
				"identifier": "geometry.unknown",
				"texture_width": 64,
				"texture_height": 64,
				"visible_bounds_width": 8,
				"visible_bounds_height": 4,
				"visible_bounds_offset": [0, 1, 0]
			},
			"bones": [
				{
					"name": "ammo",
					"pivot": [0.69064, 2.0125, -4.10115],
					"rotation": [-13.5, 0, 90],
					"cubes": [
						{"origin": [-2.3, -2.125, -9.525], "size": [5, 7.95, 18.6], "uv": [0, 0]}
					]
				}
			]
		}
	]
}