{
	"format_version": "1.12.0",
	"minecraft:geometry": [
		{
			"description": {
				"identifier": "geometry.unknown",
				"texture_width": 128,
				"texture_height": 128,
				"visible_bounds_width": 2,
				"visible_bounds_height": 3.5,
				"visible_bounds_offset": [0, 1.25, 0]
			},
			"bones": [
				{
					"name": "main",
					"pivot": [0, 0, 0],
					"cubes": [
						{"origin": [-0.99771, 23.68557, -19.55605], "size": [2.025, 2.1, 18.7], "inflate": -0.301, "uv": [0, 0]},
						{"origin": [0.41057, 22.29771, -19.55605], "size": [2.075, 2.025, 18.7], "inflate": -0.301, "uv": [0, 20]},
						{"origin": [-0.29771, 23.41057, -19.55605], "size": [2.65, 2.1, 18.7], "inflate": -0.3, "pivot": [0.70229, 24.46057, -6.55605], "rotation": [0, 0, 45], "uv": [0, 40]},
						{"origin": [-1.99241, 21.80918, -19.55605], "size": [2.65, 2.1, 18.7], "inflate": -0.3, "pivot": [-0.68732, 22.57914, -6.55605], "rotation": [0, 0, -135], "uv": [40, 0]},
						{"origin": [0.41057, 22.29771, -19.55605], "size": [2.075, 2.025, 18.7], "inflate": -0.301, "pivot": [0.02518, 23.30414, -6.55605], "rotation": [0, 0, 90], "uv": [40, 20]},
						{"origin": [-1.28875, 23.55065, -19.55605], "size": [2.625, 2.1, 18.7], "inflate": -0.3, "pivot": [0.02518, 23.30414, -6.55605], "rotation": [0, 0, 135], "uv": [40, 40]},
						{"origin": [-0.97271, 23.68557, -19.55605], "size": [2, 2.1, 18.7], "inflate": -0.301, "pivot": [0.02518, 23.30414, -6.55605], "rotation": [0, 0, -90], "uv": [0, 60]},
						{"origin": [-1.31375, 23.55065, -19.55605], "size": [2.675, 2.1, 18.7], "inflate": -0.3, "pivot": [0.02518, 23.30414, -6.55605], "rotation": [0, 0, -45], "uv": [40, 60]},
						{"origin": [-0.4, 22.6, -1.2], "size": [1.3, 1.2, 1.5], "pivot": [0, 23, -0.2], "rotation": [0, 0, -45], "uv": [80, 0]}
					]
				},
				{
					"name": "_ca_suppressor",
					"pivot": [0, 0, 0],
					"cubes": [
						{"origin": [-0.5, 22.85, -1.325], "size": [1, 1, 1], "uv": [0, 80]}
					]
				},
				{
					"name": "muzzleflash",
					"pivot": [0, 24.35, -16.25],
					"cubes": [
						{"origin": [-0.5, 22.85, -20.05], "size": [1, 1, 1], "inflate": -0.4, "uv": [16, 22]}
					]
				}
			]
		}
	]
}