{
	"format_version": "1.12.0",
	"minecraft:geometry": [
		{
			"description": {
				"identifier": "geometry.unknown",
				"texture_width": 128,
				"texture_height": 128,
				"visible_bounds_width": 8,
				"visible_bounds_height": 4,
				"visible_bounds_offset": [0, 1, 0]
			},
			"bones": [
				{
					"name": "main",
					"pivot": [0, 14, 0]
				},
				{
					"name": "gun",
					"parent": "main",
					"pivot": [0.00782, 19.32521, 1.21128],
					"cubes": [
						{"origin": [-1.5, 17.65, 9.25], "size": [3, 5.25, 3.05], "inflate": 0.0013, "uv": [8, 44]},
						{"origin": [-2.3, 17.45, 8.95], "size": [4.6, 2, 3.5], "inflate": -0.6, "uv": [44, 30]},
						{"origin": [-2.7, 19.35, 10.55], "size": [5.4, 2.1, 2.1], "inflate": -0.6, "pivot": [0.1, 20.4, 11.6], "rotation": [-25, 0, 0], "uv": [60, 117]},
						{"origin": [-1.9, 17.25, 3.3], "size": [2.3, 6.05, 1.35], "inflate": -0.405, "uv": [122, 27]},
						{"origin": [-0.8, 17.65, 2], "size": [1, 5.25, 1.75], "inflate": 0.001, "uv": [118, 27]},
						{"origin": [-1, 19.05, -1], "size": [1, 3.15, 4.7], "inflate": 0.0013, "uv": [106, 14]},
						{"origin": [0, 17.65, 2], "size": [1.5, 5.25, 2.25], "inflate": 0.0013, "uv": [115, 6]},
						{"origin": [-1.4, 20.45, 4], "size": [2.8, 2.35, 5.45], "inflate": 0.001, "uv": [44, 5]},
						{"origin": [-1.5, 19.57409, 3.8356], "size": [3, 1.45, 5.5], "inflate": 0.0011, "pivot": [0, 20.39909, 6.3356], "rotation": [-15.5, 0, 0], "uv": [27, 31]},
						{"origin": [-1.5, 19.75, 8.75], "size": [3, 1.25, 1.7], "inflate": 0.0012, "pivot": [0, 19.725, 9.45], "rotation": [32, 0, 0], "uv": [58, 10]},
						{"origin": [-1.65, 20.88247, 7.86648], "size": [3.3, 1, 1], "inflate": 0.0012, "pivot": [-1.99375, 21.36125, 8.34238], "rotation": [64.5, 0, 0], "uv": [60, 3]},
						{"origin": [-1.75, 21.625, 4.75], "size": [3.5, 1, 1], "inflate": -0.2, "pivot": [0, 21.6, 5.35], "rotation": [39.5, 0, 0], "uv": [62, 16]},
						{"origin": [-1.75, 22.025, 5.85], "size": [3.5, 1, 1], "inflate": -0.2, "pivot": [0, 22, 6.45], "rotation": [39.5, 0, 0], "uv": [62, 16]},
						{"origin": [-2.15, 20.74003, 6.56828], "size": [4.3, 1.2, 1.8], "inflate": -0.4, "pivot": [-1.99375, 21.36125, 8.34238], "rotation": [64.5, 0, 0], "uv": [44, 35]},
						{"origin": [-1.9, 21.15, 2.65], "size": [3.8, 1.35, 1.9], "inflate": -0.4, "pivot": [0, 20.925, 3.55], "rotation": [-50, 0, 0], "uv": [58, 33]},
						{"origin": [-1.5, 17.65, 4.25], "size": [3, 2.55, 5], "inflate": 0.0013, "uv": [40, 37]},
						{"origin": [-1.5, 17.65, -14], "size": [3, 5.25, 4.3], "inflate": 0.001, "uv": [26, 37]},
						{"origin": [-1.5, 19.05, -9.7], "size": [1.5, 1.6, 8.7], "inflate": 0.001, "uv": [91, 0]},
						{"origin": [0, 18.45, -9.7], "size": [1.5, 2.2, 11.7], "inflate": 0.001, "uv": [2, 16]},
						{"origin": [-1.5, 17.65, -9.7], "size": [3, 1.4, 13.4], "uv": [96, 0]},
						{"origin": [0.5, 20.35, -10], "size": [1.3, 2.85, 12.3], "inflate": -0.3, "uv": [28, 16]},
						{"origin": [-1.8, 20.35, -10], "size": [1.3, 2.85, 9.3], "inflate": -0.3, "uv": [80, 0]},
						{"origin": [-1.8, 21.55, -1.3], "size": [1.3, 1.65, 5.3], "inflate": -0.3, "uv": [116, 14]},
						{"origin": [-1.3, 18.9, -15.7], "size": [2.6, 2.6, 3.2], "inflate": -0.6, "pivot": [0, 20.2, -14], "rotation": [0, 0, 25], "uv": [20, 50]},
						{"origin": [-1.05, 19.15, -17.2], "size": [2.1, 2.1, 2.7], "inflate": -0.6, "pivot": [0, 20.2, -16], "rotation": [0, 0, 25], "uv": [54, 26]},
						{"origin": [0.15, 22.1, -14.7], "size": [1.85, 3.075, 3.2], "inflate": -0.8, "uv": [32, 46]},
						{"origin": [0.15, 22.275, 9.8], "size": [1.85, 2.9, 3], "inflate": -0.8, "uv": [30, 52]},
						{"origin": [0.175, 21.175, 8.95], "size": [1.825, 3.725, 3], "inflate": -0.801, "pivot": [1.1125, 23.3625, 10.45], "rotation": [-52.5, 0, 0], "uv": [50, 50]},
						{"origin": [-2, 21.175, 8.95], "size": [1.825, 3.725, 3], "inflate": -0.801, "pivot": [-1.1125, 23.3625, 10.45], "rotation": [-52.5, 0, 0], "uv": [40, 51]},
						{"origin": [-2, 22.275, 9.8], "size": [1.85, 2.9, 3], "inflate": -0.8, "uv": [54, 16]},
						{"origin": [-2, 22.1, 8.125], "size": [4, 1.775, 4.675], "inflate": -0.8, "uv": [44, 0]},
						{"origin": [-0.6, 22.275, 9.975], "size": [2.3, 2.75, 1.975], "inflate": -0.8, "uv": [62, 18]},
						{"origin": [-1.7, 22.275, 9.975], "size": [2.3, 2.75, 1.975], "inflate": -0.8, "uv": [62, 21]},
						{"origin": [-1, 22.275, 9.975], "size": [2, 2.4, 1.975], "inflate": -0.8, "uv": [62, 24]},
						{"origin": [-1.7, 22.275, 8.6], "size": [3.4, 1.95, 2.975], "inflate": -0.8, "uv": [32, 13]},
						{"origin": [0.15, 21.1, -13.1], "size": [1.85, 3.075, 2.3], "inflate": -0.8, "uv": [34, 57]},
						{"origin": [0.15, 22.025, -13.425], "size": [1.85, 2.825, 2.5], "inflate": -0.801, "pivot": [1, 23.3, -12.525], "rotation": [35, 0, 0], "uv": [8, 61]},
						{"origin": [-2, 21.1, -13.1], "size": [1.85, 3.075, 2.3], "inflate": -0.8, "uv": [40, 57]},
						{"origin": [-2, 22.1, -14.7], "size": [1.85, 3.075, 3.2], "inflate": -0.8, "uv": [50, 44]},
						{"origin": [-0.925, 22.375, -14.3], "size": [1.85, 2.65, 1.975], "inflate": -0.8, "uv": [62, 27]},
						{"origin": [-0.925, 22.375, -13.925], "size": [1.85, 2, 1.925], "inflate": -0.8, "uv": [38, 62]},
						{"origin": [-1.75, 22.1, -14.7], "size": [3.5, 1.875, 3.9], "inflate": -0.8, "uv": [44, 12]},
						{"origin": [-2, 22.025, -13.425], "size": [1.85, 2.825, 2.5], "inflate": -0.801, "pivot": [-1.1, 23.3, -12.525], "rotation": [35, 0, 0], "uv": [24, 61]},
						{"origin": [-0.925, 22.55089, -13.99216], "size": [1.85, 2.325, 1.975], "inflate": -0.801, "pivot": [0, 23.51339, -13.26716], "rotation": [27.5, 0, 0], "uv": [42, 62]},
						{"origin": [-1.2, 8.8, -0.8], "size": [2.4, 9.6, 4.7], "pivot": [0, 16.4, 0.1], "rotation": [10, 0, 0], "uv": [32, 0]},
						{"origin": [-1.475, 14.05781, -3.3957], "size": [2.975, 1.7, 3.5], "inflate": -0.6, "pivot": [0, 14.85781, -1.7457], "rotation": [10, 0, 0], "uv": [8, 52]},
						{"origin": [-1.475, 13.88281, -4.5457], "size": [2.975, 1.7, 2.4], "inflate": -0.601, "uv": [58, 30]},
						{"origin": [-1.475, 14.70781, -5.7707], "size": [2.975, 3.625, 1.75], "inflate": -0.601, "uv": [0, 62]},
						{"origin": [-0.75, 15.75781, -2.6707], "size": [1.675, 3.85, 1.6], "inflate": -0.603, "pivot": [0, 16.85781, -2.1207], "rotation": [9.5, 0, 0], "uv": [30, 61]},
						{"origin": [-0.75, 16.55781, -2.3707], "size": [1.675, 1.85, 1.6], "inflate": -0.601, "pivot": [0, 16.85781, -1.8207], "rotation": [9.5, 0, 0], "uv": [62, 57]},
						{"origin": [-0.75, 15.38281, -2.8457], "size": [1.675, 3.325, 1.625], "inflate": -0.601, "pivot": [0, 15.95781, -2.4207], "rotation": [-21.5, 0, 0], "uv": [34, 62]},
						{"origin": [-0.75, 15.13281, -3.2457], "size": [1.675, 1.925, 1.45], "inflate": -0.6, "pivot": [0, 15.70781, -2.8207], "rotation": [-46.5, 0, 0], "uv": [54, 62]},
						{"origin": [-0.75, 15.25781, -3.2457], "size": [1.675, 1.925, 1.425], "inflate": -0.6, "pivot": [0, 15.70781, -2.8207], "rotation": [-62.5, 0, 0], "uv": [62, 55]},
						{"origin": [-1.475, 14.33281, -5.9207], "size": [2.975, 1.725, 2.75], "inflate": -0.6, "pivot": [0, 15.13281, -5.0207], "rotation": [-22, 0, 0], "uv": [58, 49]},
						{"origin": [-1.475, 16.83281, -6.5207], "size": [2.975, 1.8, 2.75], "inflate": -0.6, "pivot": [0, 17.63281, -5.6207], "rotation": [-56.25, 0, 0], "uv": [0, 59]},
						{"origin": [-1.475, 17.15781, -4.7707], "size": [2.975, 1.725, 2.45], "inflate": -0.601, "pivot": [0, 17.95781, -3.7707], "rotation": [-145.5, 0, 0], "uv": [46, 60]},
						{"origin": [-1.475, 16.93281, -5.1207], "size": [2.975, 1.85, 2.75], "inflate": -0.602, "pivot": [0, 17.83281, -4.2207], "rotation": [-126.25, 0, 0], "uv": [16, 60]},
						{"origin": [-1.475, 14.90781, -5.5207], "size": [2.975, 1.675, 2.05], "inflate": -0.602, "pivot": [0, 15.70781, -4.9207], "rotation": [-57, 0, 0], "uv": [58, 52]},
						{"origin": [-1.475, 16.85781, -6.9707], "size": [2.975, 1.775, 2.45], "inflate": -0.602, "pivot": [0, 17.65781, -5.9707], "rotation": [-35.5, 0, 0], "uv": [60, 0]},
						{"origin": [-1.475, 13.98281, -1.3457], "size": [2.975, 1.675, 2], "inflate": -0.601, "pivot": [0, 14.78281, -1.1957], "rotation": [35, 0, 0], "uv": [58, 46]},
						{"origin": [-1.475, 14.23281, -1.4457], "size": [2.975, 1.75, 2.4], "inflate": -0.601, "pivot": [0, 15.03281, -0.8957], "rotation": [-40, 0, 0], "uv": [58, 43]},
						{"origin": [-1.2, 16.1, 1.8], "size": [2.4, 2.4, 2.4], "inflate": 0.0015, "pivot": [0, 16.4, 0.4], "rotation": [-11, 0, 0], "uv": [56, 12]},
						{"origin": [-1.2, 13.38736, 2.22396], "size": [2.4, 2.4, 2.4], "inflate": 0.0011, "pivot": [0, 14.58736, 3.42396], "rotation": [-66, 0, 0], "uv": [56, 35]},
						{"origin": [-1.2, 5.63736, 2.82396], "size": [2.4, 5.375, 1.9], "inflate": 0.014, "pivot": [0, 9.83736, 4.32396], "rotation": [-89, 0, 0], "uv": [56, 56]},
						{"origin": [-1.4, 2.93736, 2.62396], "size": [2.8, 4.2, 1.275], "inflate": -0.201, "pivot": [0, 7.93736, 4.32396], "rotation": [-89, 0, 0], "uv": [58, 5]},
						{"origin": [-1.2, 11.41236, 2.82396], "size": [2.4, 2.4, 2.7], "inflate": 0.001, "pivot": [0, 12.61236, 4.02396], "rotation": [-80, 0, 0], "uv": [48, 56]},
						{"origin": [-1.2, 9.46236, 3.52396], "size": [2.4, 2.375, 2], "inflate": 0.013, "pivot": [0, 10.66236, 3.72396], "rotation": [-67.5, 0, 0], "uv": [26, 57]},
						{"origin": [-1.2, 9.13736, 0.02396], "size": [2.4, 1.4, 1], "inflate": 0.001, "pivot": [0, 10.33736, 0.22396], "rotation": [-26.5, 0, 0], "uv": [20, 44]},
						{"origin": [-1.2, 16.58736, 2.82396], "size": [2.4, 2.4, 2], "inflate": 0.001, "pivot": [0, 17.78736, 3.62396], "rotation": [-43, 0, 0], "uv": [56, 39]},
						{"origin": [-2.425, 19.6, 6], "size": [4.85, 2, 2], "inflate": -0.9, "uv": [9, 66]},
						{"origin": [-2.41, 19.65, 5.6], "size": [4.825, 1.85, 2], "inflate": -0.9, "uv": [12, 74]},
						{"origin": [-2.41, 18.75, 6.3], "size": [4.825, 2, 1.85], "inflate": -0.9, "uv": [15, 74]},
						{"origin": [-2.41, 18.75, 6.45], "size": [4.825, 2, 1.85], "inflate": -0.9, "uv": [15, 74]},
						{"origin": [-2.41, 18.2, 7.325], "size": [4.825, 2.1, 1.85], "inflate": -0.9, "pivot": [0, 19.25, 8.25], "rotation": [20, 0, 0], "uv": [15, 74]},
						{"origin": [-2.41, 18.2, 7.225], "size": [4.825, 2.1, 1.85], "inflate": -0.9, "pivot": [0, 19.25, 8.15], "rotation": [-20, 0, 0], "uv": [15, 74]},
						{"origin": [-2.41, 18.95, 6.3], "size": [4.825, 1.85, 2], "inflate": -0.9, "uv": [12, 74]},
						{"origin": [-2.41, 18.275, 7.25], "size": [4.825, 1.85, 1.925], "inflate": -0.9, "uv": [14, 75]},
						{"origin": [-2.41, 18.45, 7.275], "size": [4.825, 1.85, 1.85], "inflate": -0.9, "uv": [12, 73]},
						{"origin": [-2.41, 18.7, 6.3], "size": [4.825, 1.85, 2], "inflate": -0.9, "uv": [11, 73]},
						{"origin": [-2.41, 19.4, 5.6], "size": [4.825, 2.05, 1.85], "inflate": -0.9, "uv": [15, 74]},
						{"origin": [-2.41, 19.4, 5.75], "size": [4.825, 2.05, 1.85], "inflate": -0.9, "uv": [15, 74]},
						{"origin": [-2.425, 18.9, 6.7], "size": [4.85, 2, 2], "inflate": -0.9, "uv": [21, 70]},
						{"origin": [-2.425, 18.4, 7.5], "size": [4.85, 2, 2], "inflate": -0.9, "uv": [21, 66]}
					]
				},
				{
					"name": "magazine",
					"parent": "gun",
					"pivot": [0, 0, 0],
					"cubes": [
						{"origin": [-1, 7.8, 0.6], "size": [2, 13, 2.9], "uv": [0, 44]}
					]
				},
				{
					"name": "action",
					"parent": "gun",
					"pivot": [0, 23.0875, -8.0625],
					"cubes": [
						{"origin": [-1.65, 22.2, -10.4], "size": [3.3, 1.975, 3.3], "inflate": -0.8, "uv": [20, 46]},
						{"origin": [-1.15, 20.725, -9.9], "size": [2.3, 3.075, 2.3], "inflate": -0.8, "uv": [8, 56]},
						{"origin": [-1.6, 20.1, -10.6], "size": [3.2, 3.225, 13.4], "inflate": -0.8, "uv": [0, 0]},
						{"origin": [-0.25, 22.575, -10.4], "size": [1.9, 2.425, 3.3], "inflate": -0.8, "uv": [54, 21]},
						{"origin": [-1.65, 22.575, -10.4], "size": [1.9, 2.425, 3.3], "inflate": -0.8, "uv": [18, 55]}
					]
				},
				{
					"name": "action2",
					"parent": "gun",
					"pivot": [-0.8, 20.625, 1.35],
					"cubes": [
						{"origin": [-1.3, 19.05, -1], "size": [1, 3.15, 4.7], "inflate": 0.0013, "uv": [118, 20]}
					]
				},
				{
					"name": "leftarm",
					"parent": "gun",
					"pivot": [5.78416, 9.76367, 0.97206],
					"rotation": [-119.61483, 1.67666, -38.31282],
					"cubes": [
						{"origin": [1.78416, -2.23633, -3.02794], "size": [8, 24, 8], "uv": [96, 96]}
					]
				},
				{
					"name": "rightarm",
					"parent": "gun",
					"pivot": [-4.3, 8.8, 21.8],
					"rotation": [-101.81106, -12.40003, -2.46982],
					"cubes": [
						{"origin": [-8.3, -15.2, 17.8], "size": [8, 24, 8], "uv": [96, 96]}
					]
				},
				{
					"name": "stockfolded",
					"parent": "gun",
					"pivot": [0, 20.4, 11.625],
					"cubes": [
						{"origin": [0.9, 17.25, -14.325], "size": [1.8, 2.1, 2.1], "inflate": -0.6, "pivot": [3.7, 18.3, -13.275], "rotation": [-25, 0, 0], "uv": [42, 32]},
						{"origin": [-2.7, 17.25, -14.325], "size": [1.8, 2.1, 2.1], "inflate": -0.6, "pivot": [0.1, 18.3, -13.275], "rotation": [-25, 0, 0], "uv": [52, 117]},
						{"origin": [-2.4, 21.1, -12.275], "size": [1.15, 2.5, 24.475], "inflate": -0.5, "uv": [26, 100]},
						{"origin": [-2.4, 22.575, 1.6], "size": [4.8, 1.15, 6.6], "inflate": -0.5, "uv": [26, 107]},
						{"origin": [-2.1, 22.675, 2], "size": [4.2, 1.15, 1.7], "inflate": -0.5, "uv": [26, 105]},
						{"origin": [-2.1, 22.675, 6.1], "size": [4.2, 1.15, 1.7], "inflate": -0.5, "uv": [26, 103]},
						{"origin": [-2.1, 22.675, -11.5], "size": [4.2, 1.15, 1.7], "inflate": -0.5, "uv": [35, 105]},
						{"origin": [-2.4, 22.575, -12], "size": [4.8, 1.15, 2.7], "inflate": -0.5, "uv": [60, 114]},
						{"origin": [-2.4, 17.025, -14.575], "size": [1.15, 4.475, 2.2], "inflate": -0.5, "uv": [0, 118]},
						{"origin": [-2.4, 20.51754, -14.56868], "size": [1.15, 2.5, 4.1], "inflate": -0.502, "pivot": [0, 21.76754, -12.11868], "rotation": [42.5, 0, 0], "uv": [78, 118]},
						{"origin": [-2.4, 19.575, -15.4], "size": [1.15, 2.5, 6.3], "inflate": -0.501, "pivot": [-1.825, 20.825, -11.35], "rotation": [53.5, 0, 0], "uv": [0, 118]},
						{"origin": [-2.4, 21.1, 8.9], "size": [1.15, 2.125, 3.475], "inflate": -0.502, "pivot": [-2.25, 21.6, 9.8], "rotation": [-57.5, 0, 0], "uv": [62, 109]},
						{"origin": [-2.4, 19.1, 10.325], "size": [1.15, 2.125, 2.15], "inflate": -0.5, "pivot": [-2.25, 19.6, 11.225], "rotation": [-39.5, 0, 0], "uv": [82, 124]},
						{"origin": [-2.4, 20.66743, 9.70713], "size": [1.15, 2, 4.225], "inflate": -0.501, "pivot": [-1.825, 21.66743, 11.55713], "rotation": [-75.5, 0, 0], "uv": [61, 103]},
						{"origin": [1.25, 21.1, -12.275], "size": [1.15, 2.5, 24.475], "inflate": -0.5, "uv": [0, 102]},
						{"origin": [1.25, 17.025, -14.575], "size": [1.15, 4.475, 2.2], "inflate": -0.5, "uv": [0, 118]},
						{"origin": [1.25, 20.51754, -14.56868], "size": [1.15, 2.5, 4.1], "inflate": -0.502, "pivot": [0, 21.76754, -12.11868], "rotation": [42.5, 0, 0], "uv": [72, 122]},
						{"origin": [1.25, 19.575, -15.4], "size": [1.15, 2.5, 6.3], "inflate": -0.501, "pivot": [1.825, 20.825, -11.35], "rotation": [53.5, 0, 0], "uv": [0, 110]},
						{"origin": [1.25, 21.1, 8.9], "size": [1.15, 2.125, 3.475], "inflate": -0.501, "pivot": [1.4, 21.6, 9.8], "rotation": [-57.5, 0, 0], "uv": [62, 109]},
						{"origin": [1.25, 19.1, 10.325], "size": [1.15, 2.125, 2.15], "inflate": -0.5, "pivot": [1.4, 19.6, 11.225], "rotation": [-39.5, 0, 0], "uv": [82, 124]},
						{"origin": [1.25, 20.66743, 9.70713], "size": [1.15, 2, 4.225], "inflate": -0.502, "pivot": [1.825, 21.66743, 11.55713], "rotation": [-75.5, 0, 0], "uv": [72, 122]}
					]
				},
				{
					"name": "stock4",
					"parent": "stockfolded",
					"pivot": [2.15, 18.3, -13.3],
					"cubes": [
						{"origin": [1.05, 17, -14.575], "size": [1.175, 6.575, 4.175], "inflate": -0.5, "uv": [36, 114]},
						{"origin": [-2.225, 20.3, -11.4], "size": [1.175, 3.275, 6.175], "inflate": -0.5, "uv": [53, 94]},
						{"origin": [-2.225, 17, -14.575], "size": [1.175, 6.575, 4.175], "inflate": -0.5, "uv": [26, 114]},
						{"origin": [1.05, 20.3, -11.4], "size": [1.175, 3.275, 6.175], "inflate": -0.5, "uv": [52, 115]},
						{"origin": [-2.05, 22.475, -12.1], "size": [4.275, 1.1, 2.9], "inflate": -0.5, "uv": [8, 121]}
					]
				},
				{
					"name": "stock",
					"parent": "gun",
					"pivot": [0, 20.4, 11.625],
					"rotation": [160, 0, 0],
					"cubes": [
						{"origin": [0.9, 17.25, -14.325], "size": [1.8, 2.1, 2.1], "inflate": -0.6, "pivot": [3.7, 18.3, -13.275], "rotation": [-25, 0, 0], "uv": [42, 32]},
						{"origin": [-2.7, 17.25, -14.325], "size": [1.8, 2.1, 2.1], "inflate": -0.6, "pivot": [0.1, 18.3, -13.275], "rotation": [-25, 0, 0], "uv": [52, 117]},
						{"origin": [-2.4, 21.1, -12.275], "size": [1.15, 2.5, 24.475], "inflate": -0.5, "uv": [26, 100]},
						{"origin": [-2.4, 22.575, 1.6], "size": [4.8, 1.15, 6.6], "inflate": -0.5, "uv": [26, 107]},
						{"origin": [-2.1, 22.675, 2], "size": [4.2, 1.15, 1.7], "inflate": -0.5, "uv": [26, 105]},
						{"origin": [-2.1, 22.675, 6.1], "size": [4.2, 1.15, 1.7], "inflate": -0.5, "uv": [26, 103]},
						{"origin": [-2.1, 22.675, -11.5], "size": [4.2, 1.15, 1.7], "inflate": -0.5, "uv": [35, 105]},
						{"origin": [-2.4, 22.575, -12], "size": [4.8, 1.15, 2.7], "inflate": -0.5, "uv": [60, 114]},
						{"origin": [-2.4, 17.025, -14.575], "size": [1.15, 4.475, 2.2], "inflate": -0.5, "uv": [0, 118]},
						{"origin": [-2.4, 20.51754, -14.56868], "size": [1.15, 2.5, 4.1], "inflate": -0.502, "pivot": [0, 21.76754, -12.11868], "rotation": [42.5, 0, 0], "uv": [78, 118]},
						{"origin": [-2.4, 19.575, -15.4], "size": [1.15, 2.5, 6.3], "inflate": -0.501, "pivot": [-1.825, 20.825, -11.35], "rotation": [53.5, 0, 0], "uv": [0, 118]},
						{"origin": [-2.4, 21.1, 8.9], "size": [1.15, 2.125, 3.475], "inflate": -0.502, "pivot": [-2.25, 21.6, 9.8], "rotation": [-57.5, 0, 0], "uv": [62, 109]},
						{"origin": [-2.4, 19.1, 10.325], "size": [1.15, 2.125, 2.15], "inflate": -0.5, "pivot": [-2.25, 19.6, 11.225], "rotation": [-39.5, 0, 0], "uv": [82, 124]},
						{"origin": [-2.4, 20.66743, 9.70713], "size": [1.15, 2, 4.225], "inflate": -0.501, "pivot": [-1.825, 21.66743, 11.55713], "rotation": [-75.5, 0, 0], "uv": [61, 103]},
						{"origin": [1.25, 21.1, -12.275], "size": [1.15, 2.5, 24.475], "inflate": -0.5, "uv": [0, 102]},
						{"origin": [1.25, 17.025, -14.575], "size": [1.15, 4.475, 2.2], "inflate": -0.5, "uv": [0, 118]},
						{"origin": [1.25, 20.51754, -14.56868], "size": [1.15, 2.5, 4.1], "inflate": -0.502, "pivot": [0, 21.76754, -12.11868], "rotation": [42.5, 0, 0], "uv": [72, 122]},
						{"origin": [1.25, 19.575, -15.4], "size": [1.15, 2.5, 6.3], "inflate": -0.501, "pivot": [1.825, 20.825, -11.35], "rotation": [53.5, 0, 0], "uv": [0, 110]},
						{"origin": [1.25, 21.1, 8.9], "size": [1.15, 2.125, 3.475], "inflate": -0.501, "pivot": [1.4, 21.6, 9.8], "rotation": [-57.5, 0, 0], "uv": [62, 109]},
						{"origin": [1.25, 19.1, 10.325], "size": [1.15, 2.125, 2.15], "inflate": -0.5, "pivot": [1.4, 19.6, 11.225], "rotation": [-39.5, 0, 0], "uv": [82, 124]},
						{"origin": [1.25, 20.66743, 9.70713], "size": [1.15, 2, 4.225], "inflate": -0.502, "pivot": [1.825, 21.66743, 11.55713], "rotation": [-75.5, 0, 0], "uv": [72, 122]}
					]
				},
				{
					"name": "stock2",
					"parent": "stock",
					"pivot": [2.15, 18.3, -13.3],
					"rotation": [110, 0, 0],
					"cubes": [
						{"origin": [1.05, 17, -14.575], "size": [1.175, 6.575, 4.175], "inflate": -0.5, "uv": [36, 114]},
						{"origin": [-2.225, 20.3, -11.4], "size": [1.175, 3.275, 6.175], "inflate": -0.5, "uv": [53, 94]},
						{"origin": [-2.225, 17, -14.575], "size": [1.175, 6.575, 4.175], "inflate": -0.5, "uv": [26, 114]},
						{"origin": [1.05, 20.3, -11.4], "size": [1.175, 3.275, 6.175], "inflate": -0.5, "uv": [52, 115]},
						{"origin": [-2.05, 22.475, -12.1], "size": [4.275, 1.1, 2.9], "inflate": -0.5, "uv": [8, 121]}
					]
				},
				{
					"name": "scope",
					"parent": "main",
					"pivot": [0, 24.15, 13.85],
					"cubes": [
						{"origin": [-0.5, 23.65, 16.55], "size": [1, 1, 1], "inflate": -0.4, "uv": [31, 66]}
					]
				},
				{
					"name": "muzzleflash",
					"parent": "main",
					"pivot": [0, 24.35, -68.25],
					"cubes": [
						{"origin": [-0.475, 19.65, -17.55], "size": [1, 1, 1], "inflate": -0.4, "uv": [26, 55]}
					]
				},
				{
					"name": "_camera_",
					"pivot": [6.825, 33.725, 26.45],
					"cubes": [
						{"origin": [-2, 0, 0], "size": [2, 2, 2], "uv": [1, 66]}
					]
				}
			]
		}
	]
}