{
	"format_version": "1.12.0",
	"minecraft:geometry": [
		{
			"description": {
				"identifier": "geometry.unknown",
				"texture_width": 256,
				"texture_height": 256,
				"visible_bounds_width": 10,
				"visible_bounds_height": 6,
				"visible_bounds_offset": [0, 2, 0]
			},
			"bones": [
				{
					"name": "bb_main",
					"pivot": [0, 0, 0]
				},
				{
					"name": "main",
					"pivot": [0, 20, 0]
				},
				{
					"name": "gun",
					"parent": "main",
					"pivot": [1.5304, 1.6145, 0.7],
					"cubes": [
						{"origin": [-2.44504, 20.31487, -26.45854], "size": [1.64682, 4.18726, 33.8626], "inflate": -0.395, "uv": [0, 74]},
						{"origin": [-1.59822, 20.31487, -26.55854], "size": [4.09316, 4.18726, 34.0126], "inflate": -0.399, "uv": [0, 0]},
						{"origin": [-2.44822, 17.73987, 6.46646], "size": [4.94316, 3.38726, 1.2376], "inflate": -0.399, "uv": [60, 204]},
						{"origin": [-2.44822, 20.31487, 6.61646], "size": [2.21816, 4.18726, 1.0876], "inflate": -0.399, "uv": [130, 207]},
						{"origin": [0.27678, 20.31487, 6.61646], "size": [2.21816, 4.18726, 1.0876], "inflate": -0.399, "uv": [130, 207]},
						{"origin": [-2.54822, 22.51487, 4.66646], "size": [5.21816, 1.3, 1.3], "inflate": -0.4, "pivot": [0.62336, 22.8085, 4.94776], "rotation": [-22.5, 0, 0], "uv": [92, 36]},
						{"origin": [-2.54822, 21.11487, 0.56646], "size": [5.21816, 1.4, 1.4], "inflate": -0.4, "pivot": [0.62336, 21.4085, 0.94776], "rotation": [-22.5, 0, 0], "uv": [104, 36]},
						{"origin": [-2.54822, 20.31487, -19.63354], "size": [5.21816, 1.4, 1.4], "inflate": -0.4, "pivot": [0.62336, 20.6085, -19.25224], "rotation": [-22.5, 0, 0], "uv": [24, 204]},
						{"origin": [-2.54822, 22.41487, -22.73354], "size": [5.21816, 1.5, 1.5], "inflate": -0.4, "pivot": [0.62336, 22.8085, -22.35224], "rotation": [-22.5, 0, 0], "uv": [36, 204]},
						{"origin": [-2.54822, 22.41487, -24.93354], "size": [5.21816, 1.5, 1.5], "inflate": -0.4, "pivot": [0.62336, 22.8085, -24.55224], "rotation": [-22.5, 0, 0], "uv": [48, 204]},
						{"origin": [-1.00506, 21.61487, -77.65854], "size": [2.2, 2.2, 30.9626], "inflate": -0.4, "pivot": [-0.00506, 22.81487, -57.27724], "rotation": [0, 0, 22.5], "uv": [76, 0]},
						{"origin": [-1.18006, 21.48987, -75.25854], "size": [2.4, 2.4, 4.0626], "inflate": -0.4, "pivot": [0.01994, 22.68987, -58.47724], "rotation": [0, 0, 22.5], "uv": [136, 102]},
						{"origin": [-1.18006, 21.48987, -77.85854], "size": [2.4, 2.4, 2.9626], "inflate": -0.4, "pivot": [0.01994, 22.68987, -64.07724], "rotation": [0, 0, 22.5], "uv": [206, 22]},
						{"origin": [0.01994, 21.48987, -79.60854], "size": [1.2, 1.625, 2.5626], "inflate": -0.4, "pivot": [0.01994, 22.68987, -66.22724], "rotation": [0, 0, 22.5], "uv": [136, 211]},
						{"origin": [-0.1788, 21.54071, -79.35854], "size": [1.2, 1.7, 2.7126], "inflate": -0.399, "pivot": [0.4212, 22.09071, -78.32724], "rotation": [23.5, 0, 22.5], "uv": [142, 211]},
						{"origin": [-1.4788, 22.06571, -79.35854], "size": [1.2, 1.2, 2.7126], "inflate": -0.399, "pivot": [-0.8788, 22.09071, -78.32724], "rotation": [23.5, 0, 22.5], "uv": [142, 214]},
						{"origin": [-1.18006, 21.83987, -78.70854], "size": [1.2, 1.2, 1.6626], "inflate": -0.4, "pivot": [0.01994, 22.68987, -66.22724], "rotation": [0, 0, 22.5], "uv": [100, 212]},
						{"origin": [-1.18006, 21.48987, -79.60854], "size": [2, 1.15, 2.5626], "inflate": -0.4, "pivot": [0.01994, 22.68987, -66.22724], "rotation": [0, 0, 22.5], "uv": [122, 207]},
						{"origin": [-0.50506, 20.08987, -75.25854], "size": [1.5, 1.5, 2.4626], "inflate": -0.4, "pivot": [-0.20506, 21.28987, -58.87724], "rotation": [0, 0, 22.5], "uv": [8, 209]},
						{"origin": [-0.20506, 20.38987, -73.60854], "size": [1.1, 1.1, 28.8626], "inflate": -0.4, "pivot": [-0.30506, 21.58987, -56.82724], "rotation": [0, 0, 22.5], "uv": [136, 73]},
						{"origin": [-0.95506, 19.68987, -75.25854], "size": [2, 3.4, 2.4126], "inflate": -0.4, "uv": [70, 204]},
						{"origin": [-0.95506, 19.96487, -73.88354], "size": [2, 3.4, 1.7626], "inflate": -0.401, "pivot": [0.04494, 21.66487, -73.45224], "rotation": [-28, 0, 0], "uv": [78, 208]},
						{"origin": [-0.45506, 19.98987, -63.05854], "size": [1, 3.1, 2.2626], "uv": [144, 206]},
						{"origin": [-0.45506, 21.18987, -60.80854], "size": [1, 1.9, 2.1126], "uv": [148, 211]},
						{"origin": [-1.18006, 21.48987, -63.45854], "size": [2.4, 2.4, 6.3626], "inflate": -0.4, "pivot": [0.01994, 22.68987, -46.67724], "rotation": [0, 0, 22.5], "uv": [78, 195]},
						{"origin": [-1.20506, 21.56487, -49.45854], "size": [2.425, 2.4, 2.9626], "inflate": -0.4, "pivot": [-0.18006, 22.68987, -32.67724], "rotation": [0, 0, 22.5], "uv": [204, 204]},
						{"origin": [-1.23006, 25.01487, -59.85854], "size": [2.5, 2.5, 13.1626], "inflate": -0.4, "pivot": [0.06994, 26.21487, -57.27724], "rotation": [0, 0, 22.5], "uv": [174, 182]},
						{"origin": [-0.83006, 22.71487, -60.25854], "size": [1.7, 3.1, 2.6626], "inflate": -0.4, "uv": [94, 207]},
						{"origin": [-0.83006, 22.71487, -74.95854], "size": [1.7, 2.5, 3.6626], "inflate": -0.4, "uv": [190, 204]},
						{"origin": [-0.83006, 25.61487, -74.95854], "size": [1.7, 3.375, 2.9126], "inflate": -0.399, "uv": [116, 207]},
						{"origin": [0.24494, 27.81487, -74.95854], "size": [1, 1.575, 2.9126], "inflate": -0.4, "pivot": [0.75744, 28.91487, -73.50224], "rotation": [0, 0, 43], "uv": [210, 208]},
						{"origin": [-1.14494, 29.21013, -74.95854], "size": [1, 1.325, 2.9126], "inflate": -0.4, "pivot": [-0.65744, 29.78513, -73.50224], "rotation": [0, 0, 43], "uv": [106, 211]},
						{"origin": [-1.24494, 28.51487, -74.95854], "size": [1, 1.6, 2.9126], "inflate": -0.4, "uv": [48, 211]},
						{"origin": [-1.21994, 27.81487, -74.95854], "size": [1, 1.575, 2.9126], "inflate": -0.4, "pivot": [-0.73244, 28.91487, -73.50224], "rotation": [0, 0, -43], "uv": [42, 211]},
						{"origin": [0.16994, 29.21013, -74.95854], "size": [1, 1.325, 2.9126], "inflate": -0.4, "pivot": [0.68244, 29.78513, -73.50224], "rotation": [0, 0, -43], "uv": [20, 211]},
						{"origin": [0.26994, 28.51487, -74.95854], "size": [1, 1.6, 2.9126], "inflate": -0.4, "uv": [14, 211]},
						{"origin": [-0.52, 28.11487, -73.84371], "size": [1.1, 2.15, 1.1], "inflate": -0.5, "pivot": [0.0445, 29.03362, -73.29371], "rotation": [0, -22.5, 0], "uv": [212, 127]},
						{"origin": [-0.6055, 28.01487, -73.94371], "size": [1.3, 1.725, 1.3], "inflate": -0.5, "uv": [162, 212]},
						{"origin": [-0.83006, 24.41487, -74.95854], "size": [1.7, 4.3, 1.1626], "inflate": -0.4, "uv": [64, 121]},
						{"origin": [-0.83006, 24.28987, -72.93354], "size": [1.7, 4.425, 1.2626], "inflate": -0.4, "pivot": [0.01994, 26.56487, -72.30224], "rotation": [12, 0, 0], "uv": [64, 126]},
						{"origin": [-0.83006, 22.31487, -60.65854], "size": [1.7, 4.7, 2.9626], "inflate": -0.399, "pivot": [0.01994, 24.51487, -59.27724], "rotation": [-24, 0, 0], "uv": [18, 205]},
						{"origin": [-0.83006, 20.81487, -60.65854], "size": [1.7, 3.8, 2.8626], "inflate": -0.4, "pivot": [0.01994, 24.31487, -59.27724], "rotation": [-54, 0, 0], "uv": [100, 207]},
						{"origin": [-1.59822, 23.70213, -23.73447], "size": [4.09316, 2.02318, 20.18673], "inflate": -0.4, "uv": [56, 140]},
						{"origin": [1.86994, 24.77713, -17.13447], "size": [1.2, 1.2, 22.88673], "inflate": -0.4, "pivot": [1.02336, 25.33872, -5.6911], "rotation": [0, 0, 45], "uv": [142, 26]},
						{"origin": [-2.23006, 24.77713, -2.63447], "size": [1.2, 1.2, 8.38673], "inflate": -0.4, "pivot": [-3.07664, 25.33872, -5.6911], "rotation": [0, 0, 45], "uv": [60, 195]},
						{"origin": [-2.44822, 23.70213, -24.03447], "size": [4.94316, 2.67318, 1.1], "inflate": -0.4, "uv": [170, 204]},
						{"origin": [-2.44822, 23.70213, -25.75947], "size": [4.94316, 1.1, 2.525], "inflate": -0.4, "uv": [180, 201]},
						{"origin": [-2.24822, 24.00213, -25.73447], "size": [4.54316, 2, 2.5], "inflate": -0.4, "uv": [180, 197]},
						{"origin": [-2.24822, 24.20213, -25.63447], "size": [4.54316, 2, 2.55], "inflate": -0.399, "pivot": [0.04836, 25.20213, -24.35947], "rotation": [12, 0, 0], "uv": [192, 197]},
						{"origin": [-2.44822, 23.70213, -25.23447], "size": [4.94316, 1.1, 2.3], "inflate": -0.402, "pivot": [0.02336, 24.25213, -23.98447], "rotation": [45, 0, 0], "uv": [192, 201]},
						{"origin": [-2.04822, 23.90213, -32.78447], "size": [4.14316, 4.74818, 7.43673], "inflate": -0.398, "uv": [194, 11]},
						{"origin": [-1.09822, 28.25213, -30.40947], "size": [2.24316, 1.07318, 8.61173], "inflate": -0.4, "pivot": [0.03586, 28.78872, -25.9536], "rotation": [-1.5, 0, 0], "uv": [194, 86]},
						{"origin": [-2.27322, 28.25213, -22.60947], "size": [2.54316, 2.02318, 1.11173], "inflate": -0.4, "pivot": [0.03586, 28.78872, -25.9536], "rotation": [-1.5, 0, 0], "uv": [156, 209]},
						{"origin": [-0.19822, 28.25213, -22.60947], "size": [2.54316, 2.02318, 1.11173], "inflate": -0.4, "pivot": [0.03586, 28.78872, -25.9536], "rotation": [-1.5, 0, 0], "uv": [162, 209]},
						{"origin": [-0.54822, 28.25213, -22.60947], "size": [1.16816, 1.62318, 1.11173], "inflate": -0.4, "pivot": [0.03586, 28.78872, -25.9536], "rotation": [-1.5, 0, 0], "uv": [158, 212]},
						{"origin": [0.35178, 27.20213, -31.10947], "size": [1.14316, 2.27318, 3.68673], "inflate": -0.399, "uv": [204, 182]},
						{"origin": [0.35178, 28.37713, -30.30947], "size": [1.14316, 1.37318, 1.38673], "inflate": -0.4, "pivot": [0.92336, 29.06372, -29.6161], "rotation": [45, 0, 0], "uv": [212, 135]},
						{"origin": [-1.44822, 28.37713, -30.30947], "size": [1.14316, 1.37318, 1.38673], "inflate": -0.4, "pivot": [-0.87664, 29.06372, -29.6161], "rotation": [45, 0, 0], "uv": [154, 212]},
						{"origin": [0.35178, 27.40213, -28.23447], "size": [1.14316, 1.67318, 1.46173], "inflate": -0.399, "uv": [186, 207]},
						{"origin": [-1.44822, 27.968, -28.28447], "size": [1.14316, 1.14818, 1.36173], "inflate": -0.4, "pivot": [-0.17664, 28.81372, -27.4286], "rotation": [-45, 0, 0], "uv": [42, 209]},
						{"origin": [0.35178, 27.968, -28.28447], "size": [1.14316, 1.14818, 1.36173], "inflate": -0.4, "pivot": [0.22336, 28.81372, -27.4286], "rotation": [-45, 0, 0], "uv": [14, 209]},
						{"origin": [0.35178, 27.10213, -26.78447], "size": [1.14316, 1.32318, 4.91173], "inflate": -0.399, "uv": [118, 202]},
						{"origin": [0.10178, 27.80213, -24.28447], "size": [2.44316, 2, 2], "inflate": -0.4, "pivot": [0.87336, 28.70213, -23.18447], "rotation": [-45, 0, 0], "uv": [10, 205]},
						{"origin": [1.60178, 28.00213, -24.08447], "size": [1.24316, 1.6, 1.6], "inflate": -0.4, "pivot": [1.17336, 28.70213, -23.18447], "rotation": [-45, 0, 0], "uv": [132, 212]},
						{"origin": [-2.89822, 28.00213, -24.08447], "size": [1.24316, 1.6, 1.6], "inflate": -0.4, "pivot": [-2.02664, 28.70213, -23.18447], "rotation": [-45, 0, 0], "uv": [212, 133]},
						{"origin": [-2.49822, 27.80213, -24.28447], "size": [2.44316, 2, 2], "inflate": -0.4, "pivot": [-1.62664, 28.70213, -23.18447], "rotation": [-45, 0, 0], "uv": [160, 205]},
						{"origin": [-1.44822, 27.40213, -27.65947], "size": [1.14316, 1.32318, 4.91173], "inflate": -0.4, "pivot": [-0.17664, 28.06372, -25.2036], "rotation": [-10, 0, 0], "uv": [106, 203]},
						{"origin": [0.35178, 27.40213, -27.65947], "size": [1.14316, 1.32318, 4.91173], "inflate": -0.4, "pivot": [0.22336, 28.06372, -25.2036], "rotation": [-10, 0, 0], "uv": [78, 203]},
						{"origin": [-1.44822, 27.20213, -31.10947], "size": [1.14316, 2.27318, 3.68673], "inflate": -0.399, "uv": [204, 187]},
						{"origin": [-1.44822, 27.40213, -28.23447], "size": [1.14316, 1.67318, 1.46173], "inflate": -0.399, "uv": [84, 208]},
						{"origin": [-1.44822, 27.10213, -26.78447], "size": [1.14316, 1.32318, 4.91173], "inflate": -0.399, "uv": [128, 202]},
						{"origin": [-2.79483, 24.62713, -47.13447], "size": [5.59859, 3.22318, 14.38673], "inflate": -0.4, "uv": [0, 143]},
						{"origin": [-2.31983, 17.72713, 6.76553], "size": [4.69859, 5.02318, 30.98673], "inflate": -0.4, "uv": [74, 38]},
						{"origin": [-2.11983, 10.07713, 37.04053], "size": [4.29859, 7.39818, 1.53673], "inflate": -0.4, "pivot": [0.02946, 16.13872, 31.6839], "rotation": [5, 0, 0], "uv": [160, 197]},
						{"origin": [-2.11983, 17.15213, 36.94053], "size": [4.29859, 6.19818, 1.5367], "inflate": -0.4, "uv": [170, 197]},
						{"origin": [-2.31983, 13.72713, 22.76553], "size": [4.69859, 4.82318, 14.98673], "inflate": -0.4, "uv": [72, 162]},
						{"origin": [-2.31983, 9.67713, 35.61553], "size": [4.69859, 8.87318, 2.23673], "inflate": -0.401, "pivot": [0.02946, 16.13872, 30.2589], "rotation": [5, 0, 0], "uv": [56, 111]},
						{"origin": [-2.31983, 21.92713, 18.34053], "size": [4.69859, 1.62318, 19.41173], "inflate": -0.401, "uv": [142, 49]},
						{"origin": [0.28017, 19.52713, 6.44053], "size": [2.09859, 2.54818, 8.01173], "inflate": -0.401, "pivot": [0.02946, 21.26372, 16.3839], "rotation": [-15, 0, 0], "uv": [186, 127]},
						{"origin": [-2.31983, 19.52713, 6.44053], "size": [2.09859, 2.54818, 8.01173], "inflate": -0.401, "pivot": [-2.67054, 21.26372, 16.3839], "rotation": [-15, 0, 0], "uv": [194, 76]},
						{"origin": [-1.01983, 19.52713, 6.14053], "size": [2.09859, 2.34818, 4.41173], "inflate": -0.4, "pivot": [-1.37054, 21.26372, 16.3839], "rotation": [-15, 0, 0], "uv": [160, 102]},
						{"origin": [-0.32124, 21.55278, 8.71961], "size": [1.5, 2.19818, 1.5], "inflate": -0.4, "pivot": [0.02876, 22.72687, 9.86961], "rotation": [-20.75357, 43.07952, -14.51082], "uv": [212, 130]},
						{"origin": [-1.01983, 19.52713, 9.54053], "size": [2.09859, 2.54818, 4.91173], "inflate": -0.4, "pivot": [-1.17054, 21.26372, 16.3839], "rotation": [-15, 0, 0], "uv": [148, 102]},
						{"origin": [-1.74483, 21.06669, 9.92144], "size": [1.57359, 2.54817, 1.18673], "inflate": -0.402, "pivot": [-0.07054, 22.34077, 10.57731], "rotation": [-21.72809, -45.64286, 15.90424], "uv": [128, 215]},
						{"origin": [0.22124, 21.06669, 9.92144], "size": [1.57359, 2.54817, 1.18673], "inflate": -0.402, "pivot": [0.12054, 22.34077, 10.57731], "rotation": [-21.72809, 45.64286, -15.90424], "uv": [128, 212], "mirror": true},
						{"origin": [-2.31983, 20.95463, 15.82315], "size": [4.69859, 2.54817, 3.61172], "inflate": -0.402, "pivot": [0.02946, 22.22872, 18.72901], "rotation": [17, 0, 0], "uv": [124, 32]},
						{"origin": [-2.31983, 13.95213, 6.71553], "size": [4.69859, 4.72318, 30.98673], "inflate": -0.398, "pivot": [0.02946, 15.56372, 22.2089], "rotation": [-14.5, 0, 0], "uv": [68, 74]},
						{"origin": [-2.47134, 26.65577, -47.89774], "size": [2.56827, 1.81702, 1.80739], "inflate": -0.4, "pivot": [-1.38763, 27.49178, -40.64405], "rotation": [0, 0, -47], "uv": [212, 59]},
						{"origin": [-0.09318, 26.65577, -47.89774], "size": [2.56827, 1.81702, 1.80739], "inflate": -0.4, "pivot": [1.39138, 27.49178, -40.64405], "rotation": [0, 0, 47], "uv": [58, 212]},
						{"origin": [-1.44475, 27.01202, -47.89774], "size": [2.90173, 2.05452, 1.80739], "inflate": -0.399, "uv": [30, 209]},
						{"origin": [-2.68509, 24.23202, -47.89774], "size": [5.35866, 3.55202, 1.58239], "inflate": -0.399, "uv": [96, 180]},
						{"origin": [-2.47134, 26.65577, -33.59774], "size": [2.56827, 1.81702, 1.60739], "inflate": -0.4, "pivot": [-1.38763, 27.49178, -26.54405], "rotation": [0, 0, -47], "uv": [70, 212]},
						{"origin": [-0.09318, 26.65577, -33.59774], "size": [2.56827, 1.81702, 1.60739], "inflate": -0.4, "pivot": [1.39138, 27.49178, -26.54405], "rotation": [0, 0, 47], "uv": [64, 212]},
						{"origin": [-1.44475, 27.01202, -33.59774], "size": [2.90173, 2.05452, 1.60739], "inflate": -0.399, "uv": [70, 209]},
						{"origin": [-2.68509, 24.23202, -33.59774], "size": [5.35866, 3.55202, 1.60739], "inflate": -0.399, "uv": [194, 22]},
						{"origin": [-2.47134, 20.27721, -47.89774], "size": [2.56827, 1.81702, 1.80739], "inflate": -0.4, "pivot": [-1.38763, 21.25822, -40.64405], "rotation": [0, 0, 47], "uv": [212, 63]},
						{"origin": [-0.09318, 20.27721, -47.89774], "size": [2.56827, 1.81702, 1.80739], "inflate": -0.4, "pivot": [1.39138, 21.25822, -40.64405], "rotation": [0, 0, -47], "uv": [212, 61]},
						{"origin": [-1.44475, 19.68346, -47.89774], "size": [2.90173, 2.05452, 1.80739], "inflate": -0.399, "uv": [36, 209]},
						{"origin": [-2.68509, 20.96596, -47.89774], "size": [5.35866, 4.00202, 1.58239], "inflate": -0.399, "uv": [172, 102]},
						{"origin": [-1.48921, 27.02713, -47.13447], "size": [3.01235, 2.17318, 14.38673], "inflate": -0.4, "uv": [142, 166]},
						{"origin": [-0.0665, 26.65213, -47.13447], "size": [2.66133, 1.92318, 14.38673], "inflate": -0.4, "pivot": [1.47513, 27.56372, -39.9411], "rotation": [0, 0, 47], "uv": [0, 178]},
						{"origin": [-2.56983, 26.65213, -47.13447], "size": [2.66133, 1.92318, 14.38673], "inflate": -0.4, "pivot": [-1.45013, 27.56372, -39.9411], "rotation": [0, 0, -47], "uv": [32, 180]},
						{"origin": [-2.79483, 24.22713, -47.13447], "size": [5.59859, 1.22318, 3.08673], "inflate": -0.4, "uv": [92, 32]},
						{"origin": [-2.79483, 24.22713, -41.53447], "size": [5.59859, 1.22318, 3.78673], "inflate": -0.4, "uv": [108, 32]},
						{"origin": [-2.79483, 24.22713, -35.23447], "size": [5.59859, 1.22318, 2.48673], "inflate": -0.4, "uv": [156, 69]},
						{"origin": [-2.04822, 27.85213, -32.78447], "size": [4.14316, 1.77318, 2.48673], "inflate": -0.398, "uv": [106, 200]},
						{"origin": [-2.04822, 26.75213, -32.25947], "size": [4.14316, 2.49818, 2.48673], "inflate": -0.4, "pivot": [0.02336, 28.18872, -31.0161], "rotation": [35, 0, 0], "uv": [94, 200]},
						{"origin": [-2.04822, 26.10213, -26.38447], "size": [4.14316, 2.14818, 1.96173], "inflate": -0.4, "pivot": [0.02336, 27.18872, -25.6661], "rotation": [57, 0, 0], "uv": [180, 204]},
						{"origin": [-2.04822, 23.70213, -26.15947], "size": [4.14316, 4.27318, 3.23673], "inflate": -0.399, "uv": [194, 95]},
						{"origin": [-2.04822, 26.80213, -23.75947], "size": [4.14316, 1.17318, 1.93673], "inflate": -0.4, "uv": [0, 205]},
						{"origin": [-0.93959, 24.4902, 4.03998], "size": [1.92908, 1.99533, 2.44511], "inflate": -0.4, "uv": [208, 95]},
						{"origin": [-0.93959, 24.23145, 5.45134], "size": [1.92908, 2.18204, 1.27045], "inflate": -0.4, "pivot": [0.02495, 25.33713, 5.33384], "rotation": [23, 0, 0], "uv": [112, 212]},
						{"origin": [-2.44512, 23.70205, -4.34782], "size": [4.94014, 2.02334, 10.59936], "inflate": -0.399, "uv": [186, 115]},
						{"origin": [-2.44504, 24.26076, -12.02041], "size": [1.36454, 1.46455, 8.4962], "inflate": -0.4, "uv": [24, 195]},
						{"origin": [-0.93967, 22.76114, 3.80479], "size": [1.92925, 5.48117, 2.49379], "inflate": -0.399, "pivot": [-0.06914, 25.04303, 5.28691], "rotation": [43, 0, 0], "uv": [88, 203]},
						{"origin": [0.18941, 22.76114, 3.80479], "size": [1.59994, 4.39913, 2.49379], "inflate": -0.399, "pivot": [-0.06914, 25.04303, 5.28691], "rotation": [43, 0, 0], "uv": [204, 192]},
						{"origin": [-0.01099, 25.31305, 2.45754], "size": [1.45864, 2.16432, 2.49363], "inflate": -0.4, "pivot": [0.71833, 26.39521, 3.70436], "rotation": [36.85554, 23.933, -28.42107], "uv": [188, 65]},
						{"origin": [-0.66962, 23.36068, 2.45754], "size": [1.55272, 1.99965, 2.49363], "inflate": -0.4, "pivot": [0.71833, 26.39521, 3.70436], "rotation": [36.85554, 23.933, -28.42107], "uv": [208, 98]},
						{"origin": [0.98926, 22.76122, 3.80487], "size": [1.50568, 2.49363, 2.49363], "inflate": -0.398, "pivot": [-0.06914, 25.04303, 5.28691], "rotation": [43, 0, 0], "uv": [168, 207]},
						{"origin": [-0.93959, 22.50248, -23.72946], "size": [1.92908, 5.41043, 27.93445], "inflate": -0.4, "uv": [0, 111]},
						{"origin": [-2.44504, 18.21113, -26.59642], "size": [4.93998, 3.48158, 33.92992], "inflate": -0.4, "pivot": [1.5304, 19.83431, -2.81663], "rotation": [-2.75, 0, 0], "uv": [0, 38]},
						{"origin": [-1.02777, 14.61796, -9.82916], "size": [2.10545, 4.44975, 1], "inflate": -0.4, "pivot": [1.5304, 19.60931, -1.86663], "rotation": [-2, 0, 0], "uv": [24, 206]},
						{"origin": [-1.02777, 13.37518, -8.1851], "size": [2.10545, 5.12474, 1], "inflate": -0.4, "pivot": [0.02495, 14.65956, -7.97435], "rotation": [-93.75, 0, 0], "uv": [204, 198]},
						{"origin": [-1.02777, 16.51577, -7.17503], "size": [2.10545, 1.32475, 2.7], "inflate": -0.4, "pivot": [0.02495, 16.77291, -4.75735], "rotation": [-86.75, 0, 0], "uv": [0, 207]},
						{"origin": [-1.02777, 17.56028, -5.77588], "size": [2.10545, 1.87475, 1.975], "inflate": -0.4, "pivot": [0.02495, 18.57265, -4.65088], "rotation": [-140, 0, 0], "uv": [76, 212]},
						{"origin": [-1.02777, 13.02497, -4.21802], "size": [2.10545, 1.77475, 1], "inflate": -0.4, "pivot": [0.02495, 14.28735, -3.71802], "rotation": [-81.25, 0, 0], "uv": [34, 212]},
						{"origin": [-1.02777, 13.66194, -3.66511], "size": [2.10545, 1.84975, 1], "inflate": -0.4, "pivot": [0.02495, 14.67432, -3.16511], "rotation": [-51.25, 0, 0], "uv": [212, 53]},
						{"origin": [-1.02777, 14.63899, -4.57989], "size": [2.10545, 2.14975, 1.15], "inflate": -0.4, "pivot": [0.02495, 16.77291, -4.75735], "rotation": [-58.75, 0, 0], "uv": [210, 201]},
						{"origin": [-1.02777, 15.50467, -5.07403], "size": [2.10545, 2.07474, 1.25], "inflate": -0.4, "pivot": [0.02495, 16.77291, -4.75735], "rotation": [-23.25, 0, 0], "uv": [210, 198]},
						{"origin": [-1.02777, 14.69683, -9.70041], "size": [2.10545, 1.49975, 1], "inflate": -0.4, "pivot": [0.02495, 14.65956, -7.97435], "rotation": [17.5, 0, 0], "uv": [24, 193]},
						{"origin": [-1.02777, 14.79806, -9.16108], "size": [2.10545, 1.42475, 1], "inflate": -0.4, "pivot": [0.02495, 14.65956, -7.97435], "rotation": [55, 0, 0], "uv": [210, 180]},
						{"origin": [-1.02777, 14.21796, -3.17916], "size": [2.10545, 4.54975, 1], "inflate": -0.4, "pivot": [1.5304, 19.60931, 4.78337], "rotation": [-2, 0, 0], "uv": [138, 206]},
						{"origin": [-1.12777, 14.69296, -12.07916], "size": [2.30545, 6.77475, 3.05818], "inflate": -0.4, "pivot": [1.5304, 19.60931, -4.11663], "rotation": [-2, 0, 0], "uv": [142, 197]},
						{"origin": [-0.93959, 13.20754, -11.51015], "size": [1.92908, 2.63477, 1.05875], "inflate": -0.4, "pivot": [0.02495, 14.85424, -11.03958], "rotation": [22.5, 0, 0], "uv": [116, 212]},
						{"origin": [-0.93959, 14.29011, -12.51768], "size": [1.92908, 1.97613, 1.71738], "inflate": -0.4, "pivot": [0.02495, 14.5725, -10.85922], "rotation": [-59.5, 0, 0], "uv": [64, 131]},
						{"origin": [-1.97467, 14.88753, -3.10593], "size": [3.99924, 4.44037, 7.90423], "inflate": -0.395, "pivot": [0.02495, 18.16907, -1.99994], "rotation": [-1, 0, 0], "uv": [194, 65]},
						{"origin": [-1.97451, 16.38132, 3.9983], "size": [3.99892, 2.44642, 1.36438], "inflate": -0.401, "pivot": [0.02495, 18.16907, -1.99994], "rotation": [-1, 0, 0], "uv": [30, 206]},
						{"origin": [-1.97459, 15.41792, 3.89325], "size": [3.99908, 1.85852, 1.36455], "inflate": -0.4, "pivot": [0.02495, 16.64121, 4.57553], "rotation": [-36, 0, 0], "uv": [116, 36]},
						{"origin": [-1.97459, 14.00656, -2.45808], "size": [3.99908, 2.25852, 1.36454], "inflate": -0.4, "pivot": [0.02495, 15.22985, -1.77581], "rotation": [61, 0, 0], "uv": [38, 206]},
						{"origin": [-1.97459, 5.69257, -2.18416], "size": [3.99908, 13.07881, 6.39271], "inflate": -0.399, "pivot": [0.02495, 16.70128, 1.22106], "rotation": [18, 0, 0], "uv": [38, 143]},
						{"origin": [-1.97459, 4.56349, -2.18416], "size": [3.99908, 1.97613, 5.33419], "inflate": -0.4, "pivot": [0.02495, 16.70128, 1.22106], "rotation": [18, 0, 0], "uv": [76, 32]},
						{"origin": [-1.97451, 4.38729, 0.4097], "size": [3.99892, 2.69642, 2.62142], "inflate": -0.401, "pivot": [0.02495, 6.08981, 1.93723], "rotation": [-27, 0, 0], "uv": [184, 69]},
						{"origin": [-1.97467, 4.97827, 5.55738], "size": [3.99924, 1.9763, 2.35265], "inflate": -0.399, "pivot": [0.02495, 5.96642, 5.62814], "rotation": [65, 0, 0], "uv": [94, 204]},
						{"origin": [-0.14923, 25.41928, -23.72946], "size": [1.93849, 1.67034, 28.68717], "inflate": -0.4, "uv": [128, 108]},
						{"origin": [-1.92754, 25.96917, -23.72946], "size": [1.92908, 2.34362, 27.93445], "inflate": -0.4, "pivot": [-0.963, 25.13713, -10.30859], "rotation": [0, 0, 45], "uv": [128, 137]},
						{"origin": [-0.65732, 23.86679, 4.69873], "size": [1.24693, 3.05817, 1.27045], "inflate": -0.4, "pivot": [0.30722, 23.74929, -9.01484], "rotation": [0, 0, -45], "uv": [138, 32]},
						{"origin": [-1.80854, 23.18186, 4.08123], "size": [1.39988, 3.16408, 2.10557], "inflate": -0.5, "pivot": [-1.07332, 24.7639, 5.47509], "rotation": [0, -56.75, -45], "uv": [46, 206]},
						{"origin": [-1.62036, 23.18186, 5.1868], "size": [1.2117, 3.16408, 1.11761], "inflate": -0.5, "pivot": [-1.07332, 24.7639, 5.47509], "rotation": [0, -56.75, -45], "uv": [124, 140]},
						{"origin": [-1.47923, 23.18186, 5.1868], "size": [1.07057, 3.16408, 1.2117], "inflate": -0.5, "pivot": [-1.07332, 24.7639, 5.47509], "rotation": [0, -56.75, -45], "uv": [124, 144]},
						{"origin": [-0.75732, 23.86088, 5.06918], "size": [1.09409, 3.16408, 1.23523], "inflate": -0.5, "pivot": [0.30722, 23.74929, -9.01484], "rotation": [0, 0, -45], "uv": [124, 148]},
						{"origin": [-0.75732, 23.86088, 5.30441], "size": [1.04705, 3.16408, 1.04704], "inflate": -0.5, "pivot": [0.30722, 23.74929, -9.01484], "rotation": [0, 0, -45], "uv": [124, 152]},
						{"origin": [-0.05164, 25.24871, 4.01067], "size": [1.04704, 3.16408, 1.04704], "inflate": -0.5, "pivot": [1.0129, 25.13713, -10.30859], "rotation": [0, 0, -45], "uv": [104, 158]},
						{"origin": [-0.77355, 24.5697, 3.89305], "size": [1.07057, 3.16408, 1.21171], "inflate": -0.5, "pivot": [-0.36764, 26.15174, 4.18135], "rotation": [0, -56.75, -45], "uv": [138, 202]},
						{"origin": [-0.05164, 25.24871, 3.77544], "size": [1.09409, 3.16408, 1.23523], "inflate": -0.5, "pivot": [1.0129, 25.13713, -10.30859], "rotation": [0, 0, -45], "uv": [112, 208]},
						{"origin": [-0.91468, 24.5697, 3.89305], "size": [1.2117, 3.16408, 1.11762], "inflate": -0.5, "pivot": [-0.36764, 26.15174, 4.18135], "rotation": [0, -56.75, -45], "uv": [90, 210]},
						{"origin": [-1.10286, 24.5697, 2.78749], "size": [1.39988, 3.16408, 2.10556], "inflate": -0.5, "pivot": [-0.36764, 26.15174, 4.18135], "rotation": [0, -56.75, -45], "uv": [52, 206]},
						{"origin": [0.04836, 25.25462, 3.40499], "size": [1.24693, 3.05817, 1.27045], "inflate": -0.4, "pivot": [1.0129, 25.13713, -10.30859], "rotation": [0, 0, -45], "uv": [26, 211]},
						{"origin": [-0.8332, 23.36068, 2.45754], "size": [1.55272, 1.99965, 2.49363], "inflate": -0.4, "pivot": [-0.66843, 26.39521, 3.70436], "rotation": [36.85554, -23.933, 28.42107], "uv": [106, 208]},
						{"origin": [-1.39774, 25.31305, 2.45754], "size": [1.45863, 2.16432, 2.49363], "inflate": -0.4, "pivot": [-0.66843, 26.39521, 3.70436], "rotation": [36.85554, -23.933, 28.42107], "uv": [174, 207]},
						{"origin": [-2.44504, 22.76122, 3.80487], "size": [1.50568, 2.49363, 2.49363], "inflate": -0.398, "pivot": [0.11904, 25.04303, 5.28691], "rotation": [43, 0, 0], "uv": [180, 207]},
						{"origin": [-1.73944, 22.76114, 3.80479], "size": [1.59993, 4.39913, 2.49379], "inflate": -0.399, "pivot": [0.11904, 25.04303, 5.28691], "rotation": [43, 0, 0], "uv": [198, 204]},
						{"origin": [-0.65732, 25.56042, -12.02041], "size": [1.835, 1.36454, 17.54266], "inflate": -0.4, "pivot": [0.30722, 23.74929, -10.30859], "rotation": [0, 0, -45], "uv": [0, 160]},
						{"origin": [0.75077, 25.91928, -5.17946], "size": [1.03849, 1.17034, 2.16217], "inflate": -0.375, "uv": [122, 210]},
						{"origin": [-1.92754, 27.29417, -5.17946], "size": [1.90408, 1.01862, 2.15945], "inflate": -0.375, "pivot": [-0.963, 25.13713, -3.70859], "rotation": [0, 0, 45], "uv": [84, 210]},
						{"origin": [-0.91459, 26.90248, -5.17946], "size": [1.87908, 1.01043, 2.15945], "inflate": -0.375, "uv": [0, 210]},
						{"origin": [-0.98959, 26.67748, -10.97946], "size": [2.00408, 1.56043, 5.95945], "inflate": -0.7, "uv": [0, 216]},
						{"origin": [-0.98959, 26.67748, -19.37946], "size": [2.00408, 1.56043, 5.95945], "inflate": -0.7, "uv": [0, 216]},
						{"origin": [-0.98959, 26.67748, -2.97946], "size": [2.00408, 1.56043, 5.95945], "inflate": -0.7, "uv": [0, 216]},
						{"origin": [0.07336, 27.30462, -5.17946], "size": [1.90409, 1.00817, 2.15945], "inflate": -0.375, "pivot": [1.0129, 25.13713, -3.70859], "rotation": [0, 0, -45], "uv": [192, 209]},
						{"origin": [-1.73936, 26.00746, -5.17904], "size": [1.01349, 1.08216, 2.16175], "inflate": -0.375, "uv": [186, 209]},
						{"origin": [0.75077, 25.91928, -13.27946], "size": [1.03849, 1.17034, 2.16217], "inflate": -0.375, "uv": [210, 174]},
						{"origin": [-1.92754, 27.29417, -13.27946], "size": [1.90408, 1.01862, 2.15945], "inflate": -0.375, "pivot": [-0.963, 25.13713, -11.80859], "rotation": [0, 0, 45], "uv": [210, 171]},
						{"origin": [-0.91459, 26.90248, -13.27946], "size": [1.87908, 1.01043, 2.15945], "inflate": -0.375, "uv": [210, 168]},
						{"origin": [0.59836, 27.30462, -13.27946], "size": [1.37909, 1.00817, 2.15945], "inflate": -0.375, "pivot": [1.0129, 25.13713, -11.80859], "rotation": [0, 0, -45], "uv": [210, 165]},
						{"origin": [0.75077, 25.91928, -21.57946], "size": [1.03849, 1.17034, 2.16217], "inflate": -0.375, "uv": [198, 210]},
						{"origin": [-1.92754, 27.29417, -21.57946], "size": [1.90408, 1.01862, 2.15945], "inflate": -0.375, "pivot": [-0.963, 25.13713, -20.10859], "rotation": [0, 0, 45], "uv": [210, 195]},
						{"origin": [-0.91459, 26.90248, -21.57946], "size": [1.87908, 1.01043, 2.15945], "inflate": -0.375, "uv": [210, 192]},
						{"origin": [0.59836, 27.30462, -21.57946], "size": [1.37909, 1.00817, 2.15945], "inflate": -0.375, "pivot": [1.0129, 25.13713, -20.10859], "rotation": [0, 0, -45], "uv": [210, 177]},
						{"origin": [-2.23164, 24.79685, -12.22041], "size": [1.66, 1.36454, 1.94266], "inflate": -0.4, "pivot": [-1.48914, 25.47912, -11.29908], "rotation": [0, 25, -45], "uv": [118, 200]},
						{"origin": [0.10131, 25.56042, -12.38447], "size": [1.07637, 1.36454, 1.16406], "inflate": -0.4, "pivot": [0.30722, 23.74929, -10.30859], "rotation": [0, 0, -45], "uv": [138, 36]},
						{"origin": [-1.73936, 25.50746, -12.37904], "size": [1.93849, 1.58216, 17.33675], "inflate": -0.4, "uv": [36, 162]},
						{"origin": [0.54836, 25.25462, -23.72946], "size": [1.42909, 3.05817, 12.15945], "inflate": -0.4, "pivot": [1.0129, 25.13713, -10.30859], "rotation": [0, 0, -45], "uv": [96, 185]},
						{"origin": [0.04836, 25.25462, -12.37946], "size": [1.92909, 3.05817, 16.58445], "inflate": -0.4, "pivot": [1.0129, 25.13713, -10.30859], "rotation": [0, 0, -45], "uv": [108, 166]},
						{"origin": [-1.04095, 24.77235, -12.60446], "size": [1.42908, 3.05817, 1.40945], "inflate": -0.4, "pivot": [-0.15141, 26.30144, -11.92474], "rotation": [0, 25, -45], "uv": [212, 55]},
						{"origin": [-1.24539, 25.25462, 3.40499], "size": [1.24693, 3.05817, 1.27045], "inflate": -0.4, "pivot": [-0.963, 25.13713, -10.30859], "rotation": [0, 0, 45], "uv": [54, 211]},
						{"origin": [-0.99255, 25.24871, 3.77544], "size": [1.09409, 3.16408, 1.23523], "inflate": -0.5, "pivot": [-0.963, 25.13713, -10.30859], "rotation": [0, 0, 45], "uv": [168, 211]},
						{"origin": [-0.9455, 25.24871, 4.01067], "size": [1.04704, 3.16408, 1.04704], "inflate": -0.5, "pivot": [-0.963, 25.13713, -10.30859], "rotation": [0, 0, 45], "uv": [172, 211]},
						{"origin": [-0.53971, 23.86679, 4.69873], "size": [1.24693, 3.05817, 1.27045], "inflate": -0.4, "pivot": [-0.25732, 23.74929, -9.01484], "rotation": [0, 0, 45], "uv": [176, 211]},
						{"origin": [0.45856, 23.18186, 4.08123], "size": [1.39989, 3.16408, 2.10557], "inflate": -0.5, "pivot": [1.12322, 24.7639, 5.47509], "rotation": [0, 56.75, 45], "uv": [206, 127]},
						{"origin": [0.45856, 23.18186, 5.1868], "size": [1.21171, 3.16408, 1.11761], "inflate": -0.5, "pivot": [1.12322, 24.7639, 5.47509], "rotation": [0, 56.75, 45], "uv": [180, 211]},
						{"origin": [0.45856, 23.18186, 5.1868], "size": [1.07057, 3.16408, 1.2117], "inflate": -0.5, "pivot": [1.12322, 24.7639, 5.47509], "rotation": [0, 56.75, 45], "uv": [204, 211]},
						{"origin": [-0.28687, 23.86088, 5.06918], "size": [1.09409, 3.16408, 1.23523], "inflate": -0.5, "pivot": [-0.25732, 23.74929, -9.01484], "rotation": [0, 0, 45], "uv": [208, 211]},
						{"origin": [-0.23982, 23.86088, 5.30441], "size": [1.04704, 3.16408, 1.04704], "inflate": -0.5, "pivot": [-0.25732, 23.74929, -9.01484], "rotation": [0, 0, 45], "uv": [6, 212]},
						{"origin": [-0.24712, 24.5697, 2.78749], "size": [1.39989, 3.16408, 2.10556], "inflate": -0.5, "pivot": [0.41754, 26.15174, 4.18135], "rotation": [0, 56.75, 45], "uv": [206, 132]},
						{"origin": [-0.24712, 24.5697, 3.89305], "size": [1.21171, 3.16408, 1.11762], "inflate": -0.5, "pivot": [0.41754, 26.15174, 4.18135], "rotation": [0, 56.75, 45], "uv": [10, 212]},
						{"origin": [-0.24712, 24.5697, 3.89305], "size": [1.07057, 3.16408, 1.21171], "inflate": -0.5, "pivot": [0.41754, 26.15174, 4.18135], "rotation": [0, 56.75, 45], "uv": [30, 212]},
						{"origin": [-1.22186, 23.86679, -23.72946], "size": [1.92908, 3.05817, 29.25171], "inflate": -0.4, "pivot": [-0.25732, 23.74929, -10.30859], "rotation": [0, 0, 45], "uv": [68, 108]}
					]
				},
				{
					"name": "handguard",
					"parent": "gun",
					"pivot": [-1.67054, 22.33872, -39.1911],
					"cubes": [
						{"origin": [-2.79483, 20.90213, -47.13447], "size": [5.59859, 4.07318, 22.18673], "inflate": -0.399, "uv": [140, 0]},
						{"origin": [-1.48921, 19.54969, -47.13447], "size": [3.01235, 2.17318, 14.38673], "inflate": -0.4, "uv": [176, 166]},
						{"origin": [-0.26815, 19.00065, -47.13447], "size": [2.66133, 1.94, 14.38673], "inflate": -0.4, "pivot": [0.00895, 20.82449, -39.9411], "rotation": [0, 0, -47], "uv": [64, 180]},
						{"origin": [-2.3741, 19.00585, -47.13447], "size": [2.665, 1.924, 14.38673], "inflate": -0.4, "pivot": [0.00895, 20.82449, -39.9411], "rotation": [0, 0, 47], "uv": [142, 182]},
						{"origin": [-2.79483, 20.37713, -38.33447], "size": [5.59859, 4.07318, 9.23673], "inflate": -0.401, "pivot": [0.00446, 22.41372, -36.4411], "rotation": [-17.5, 0, 0], "uv": [186, 102]},
						{"origin": [-2.79483, 18.37713, -30.73447], "size": [5.59859, 3.34818, 4.48673], "inflate": -0.4, "uv": [108, 158]},
						{"origin": [-2.79483, 19.40213, -27.05947], "size": [5.59859, 2.32318, 2.11173], "inflate": -0.4, "uv": [142, 69]},
						{"origin": [-2.79483, 19.41044, -28.55679], "size": [5.59859, 1.67318, 2.43673], "inflate": -0.401, "pivot": [0.00446, 21.44703, -25.93843], "rotation": [39, 0, 0], "uv": [170, 69]},
						{"origin": [0.70376, 21.47713, -45.73447], "size": [2.9, 2.15, 10.98673], "inflate": -0.4, "pivot": [2.10446, 22.56372, -39.1911], "rotation": [0, 0, 45], "uv": [188, 53]},
						{"origin": [-3.07124, 20.70213, -45.73447], "size": [2.3, 2.7, 10.98673], "inflate": -0.4, "pivot": [-1.67054, 22.33872, -39.1911], "rotation": [0, 0, 45], "uv": [0, 193]}
					]
				},
				{
					"name": "romgrip",
					"parent": "gun",
					"pivot": [-1.67054, 22.33872, -39.1911],
					"cubes": [
						{"origin": [-2.79483, 20.90213, -47.13447], "size": [5.59859, 4.07318, 22.18673], "inflate": -0.399, "uv": [140, 0]},
						{"origin": [-1.48921, 19.54969, -47.13447], "size": [3.01235, 2.17318, 14.38673], "inflate": -0.4, "uv": [176, 166]},
						{"origin": [-0.26815, 19.00065, -47.13447], "size": [2.66133, 1.94, 14.38673], "inflate": -0.4, "pivot": [0.00895, 20.82449, -39.9411], "rotation": [0, 0, -47], "uv": [64, 180]},
						{"origin": [-2.3741, 19.00585, -47.13447], "size": [2.665, 1.924, 14.38673], "inflate": -0.4, "pivot": [0.00895, 20.82449, -39.9411], "rotation": [0, 0, 47], "uv": [142, 182]},
						{"origin": [-2.79483, 20.37713, -45.13447], "size": [5.59859, 4.07318, 9.23673], "inflate": -0.401, "pivot": [0.00446, 22.41372, -43.2411], "rotation": [-17.5, 0, 0], "uv": [196, 243]},
						{"origin": [-2.79483, 18.37713, -37.50947], "size": [5.59859, 3.34818, 11.26173], "inflate": -0.395, "uv": [224, 242]},
						{"origin": [-1.49483, 14.73247, -38.88639], "size": [2.99859, 5.67318, 5.86173], "inflate": -0.395, "pivot": [0.00446, 17.20656, -35.45552], "rotation": [-6, 0, 0], "uv": [228, 218]},
						{"origin": [-1.49483, 16.1114, -34.68089], "size": [2.99859, 5.57318, 2.86173], "inflate": -0.4, "pivot": [0.00446, 18.89799, -33.25002], "rotation": [-41, 0, 0], "uv": [218, 235]},
						{"origin": [-1.49483, 16.1114, -39.80589], "size": [2.99859, 5.57318, 2.86173], "inflate": -0.4, "pivot": [0.00446, 18.89799, -38.37502], "rotation": [44, 0, 0], "uv": [224, 240]},
						{"origin": [-1.49483, 10.58354, -40.34574], "size": [2.99859, 5.57318, 5.86173], "inflate": -0.397, "pivot": [0.00446, 10.57473, -37.43679], "rotation": [-14.5, 0, 0], "uv": [228, 230]},
						{"origin": [-1.49483, 6.83422, -40.41146], "size": [2.99859, 5.07318, 5.83673], "inflate": -0.4, "pivot": [0.00446, 10.64973, -37.73679], "rotation": [-23, 0, 0], "uv": [215, 242]},
						{"origin": [-2.79483, 19.40213, -27.05947], "size": [5.59859, 2.32318, 2.11173], "inflate": -0.4, "uv": [142, 69]},
						{"origin": [-2.79483, 19.41044, -28.55679], "size": [5.59859, 1.67318, 2.43673], "inflate": -0.401, "pivot": [0.00446, 21.44703, -25.93843], "rotation": [39, 0, 0], "uv": [170, 69]},
						{"origin": [0.70376, 21.47713, -45.73447], "size": [2.9, 2.15, 10.98673], "inflate": -0.4, "pivot": [2.10446, 22.56372, -39.1911], "rotation": [0, 0, 45], "uv": [232, 230]},
						{"origin": [-3.07124, 20.70213, -45.73447], "size": [2.3, 2.7, 10.98673], "inflate": -0.4, "pivot": [-1.67054, 22.33872, -39.1911], "rotation": [0, 0, 45], "uv": [232, 218]}
					]
				},
				{
					"name": "magazine",
					"parent": "gun",
					"pivot": [0.04836, 9.97939, -21.70194],
					"cubes": [
						{"origin": [-1.79822, 12.08115, -20.90865], "size": [3.69316, 10.28726, 7.1126], "inflate": -0.397, "pivot": [0.04836, 9.72761, -21.68763], "rotation": [-10, 0, 0], "uv": [122, 185]},
						{"origin": [-1.19822, 12.88115, -22.90865], "size": [2.49316, 9.48726, 2.8126], "inflate": -0.397, "pivot": [0.04836, 9.72761, -21.68763], "rotation": [-10, 0, 0], "uv": [40, 121]},
						{"origin": [-1.79822, 4.06045, -22.29248], "size": [3.69316, 11.23726, 7.11261], "inflate": -0.398, "pivot": [0.04836, 9.72761, -21.68763], "rotation": [-30, 0, 0], "uv": [104, 140]},
						{"origin": [-1.19822, 4.56045, -24.29248], "size": [2.49316, 10.63726, 2.81261], "inflate": -0.398, "pivot": [0.04836, 9.72761, -21.68763], "rotation": [-30, 0, 0], "uv": [48, 121]},
						{"origin": [-1.79822, -1.62977, -27.55916], "size": [3.69316, 10.68726, 7.1126], "inflate": -0.399, "pivot": [0.04836, 3.68886, -26.07786], "rotation": [-56, 0, 0], "uv": [128, 147]},
						{"origin": [-1.19822, -1.62977, -29.55916], "size": [2.49316, 10.58726, 2.8126], "inflate": -0.399, "pivot": [0.04836, 3.68886, -26.07786], "rotation": [-56, 0, 0], "uv": [56, 121]}
					]
				},
				{
					"name": "switch",
					"parent": "gun",
					"pivot": [-0.35141, 22.69077, -0.87602],
					"rotation": [22.5, 0, 0],
					"cubes": [
						{"origin": [-2.82156, 23.3256, -11.93193], "size": [1.45896, 1.74124, 8.9862], "inflate": -0.398, "uv": [42, 195]},
						{"origin": [-2.82148, 23.32569, -4.1929], "size": [1.45879, 1.74106, 2.21152], "inflate": -0.399, "pivot": [-1.99799, 24.24327, -3.60464], "rotation": [-46.5, 0, 0], "uv": [150, 208]},
						{"origin": [-2.8214, 22.29077, -12.11995], "size": [1.45863, 1.835, 10.11496], "inflate": -0.4, "pivot": [-1.99799, 23.20827, -7.29769], "rotation": [-12, 0, 0], "uv": [194, 0]},
						{"origin": [-3.29185, 22.29077, -12.11995], "size": [1.92908, 1.0163, 2.58772], "inflate": -0.4, "pivot": [-1.99799, 23.20827, -7.29769], "rotation": [-12, 0, 0], "uv": [204, 208]},
						{"origin": [-2.8214, 23.32577, -7.79178], "size": [1.45863, 1.7409, 5.78679], "inflate": -0.4, "pivot": [-1.99799, 23.20827, -7.29769], "rotation": [-12, 0, 0], "uv": [56, 133]},
						{"origin": [-2.82148, 21.27922, -3.06382], "size": [1.45879, 2.84663, 2.75254], "inflate": -0.399, "uv": [58, 208]},
						{"origin": [-2.8214, 21.32634, -1.93465], "size": [1.45863, 2.23488, 2.23488], "inflate": -0.4, "pivot": [-1.99799, 22.70253, -1.07596], "rotation": [45, 0, 0], "uv": [64, 208]},
						{"origin": [-3.00958, 21.32634, -1.93465], "size": [1.64681, 1.67034, 1.67034], "inflate": -0.4, "pivot": [-1.99799, 22.70253, -1.6405], "rotation": [45, 0, 0], "uv": [124, 156]}
					]
				},
				{
					"name": "action",
					"parent": "gun",
					"pivot": [-0.66721, 25.40033, -18.39122],
					"cubes": [
						{"origin": [-0.36914, 24.23724, -23.74765], "size": [3.51681, 2.49363, 12.81542], "inflate": -0.4, "pivot": [0.5954, 23.5552, -15.90859], "rotation": [0, 0, -45], "uv": [184, 137]},
						{"origin": [0.40586, 26.66224, -23.74765], "size": [1.46681, 1.26863, 12.81542], "inflate": -0.4, "pivot": [1.0954, 24.7552, -15.90859], "rotation": [0, 0, -45], "uv": [188, 40]},
						{"origin": [-2.15686, 23.50804, -23.74765], "size": [3.99908, 2.02318, 12.7919], "inflate": -0.4, "uv": [184, 151]},
						{"origin": [-1.48186, 24.78304, -23.74765], "size": [1.49908, 2.12318, 12.7919], "inflate": -0.4, "uv": [188, 26]},
						{"origin": [-3.07957, 23.71619, -23.39631], "size": [1.82179, 1.51503, 1.44693], "inflate": -0.4, "uv": [32, 178]},
						{"origin": [-4.82957, 23.71619, -23.12131], "size": [2.62179, 1.81503, 1.04693], "inflate": -0.4, "pivot": [-3.36868, 24.6237, -22.79784], "rotation": [0, -10, 0], "uv": [94, 212]}
					]
				},
				{
					"name": "muzzleflash",
					"parent": "main",
					"pivot": [0.16223, 24.70452, -52.56387],
					"cubes": [
						{"origin": [-0.29185, 22.24912, -79.55572], "size": [1.0163, 1.0163, 1.0163], "inflate": -0.4, "uv": [94, 209]}
					]
				},
				{
					"name": "scope",
					"parent": "main",
					"pivot": [-0.2, 33.57282, 5.83713],
					"cubes": [
						{"origin": [-0.4663, 29.05, 4.3], "size": [1.0163, 1.0163, 1.0163], "inflate": -0.4, "uv": [98, 209]}
					]
				},
				{
					"name": "rightarm",
					"parent": "main",
					"pivot": [-4.3, 8.8, 21.8],
					"rotation": [-101.81106, -12.40003, -2.46982],
					"cubes": [
						{"origin": [-8.3, -15.2, 17.8], "size": [8, 24, 8], "uv": [0, 224]}
					]
				},
				{
					"name": "leftarm",
					"parent": "main",
					"pivot": [10.7, 7.4, -16.7],
					"rotation": [-131.49345, -3.84346, -37.7519],
					"cubes": [
						{"origin": [6.7, -16.6, -20.7], "size": [8, 24, 8], "uv": [32, 224]}
					]
				},
				{
					"name": "_cb_suppressor",
					"parent": "main",
					"pivot": [0, 22.775, -76.825],
					"cubes": [
						{"origin": [-0.5, 22.275, -77.325], "size": [1, 1, 1], "uv": [27, 69]}
					]
				},
				{
					"name": "_camera_",
					"pivot": [6.825, 33.725, 26.45]
				}
			]
		}
	]
}