{
	"format_version": "1.12.0",
	"minecraft:geometry": [
		{
			"description": {
				"identifier": "geometry.unknown",
				"texture_width": 256,
				"texture_height": 256,
				"visible_bounds_width": 11,
				"visible_bounds_height": 6,
				"visible_bounds_offset": [0, 2, 0]
			},
			"bones": [
				{
					"name": "bb_main",
					"pivot": [0, 0, 0]
				},
				{
					"name": "main",
					"pivot": [0, 20, 0]
				},
				{
					"name": "gun",
					"parent": "main",
					"pivot": [0.0887, 23.62632, -10.69237],
					"cubes": [
						{"origin": [-1.12769, 20.73848, 0.51179], "size": [3.90482, 2.07006, 2.07006], "inflate": -0.401, "pivot": [0.91881, 21.84407, 1.14693], "rotation": [-45, 0, 0], "uv": [228, 182]},
						{"origin": [1.50668, 20.90297, -11.3673], "size": [1.27062, 1.92925, 13.12602], "inflate": -0.399, "uv": [206, 28]},
						{"origin": [1.50676, 20.24442, -7.22724], "size": [1.27045, 1.48216, 8.98587], "inflate": -0.4, "uv": [226, 143]},
						{"origin": [1.50684, 19.2095, -7.22716], "size": [1.27029, 1.85836, 4.75164], "inflate": -0.401, "uv": [160, 228]},
						{"origin": [1.50684, 19.58587, -10.8026], "size": [1.27029, 4.37528, 1.1762], "inflate": -0.401, "pivot": [0.73063, 20.55033, -10.2145], "rotation": [-72, 0, 0], "uv": [206, 82]},
						{"origin": [1.50684, 19.67996, -11.55532], "size": [1.27029, 4.093, 1.55256], "inflate": -0.401, "pivot": [0.73063, 20.55033, -10.2145], "rotation": [-72, 0, 0], "uv": [206, 87]},
						{"origin": [1.50676, 19.77397, -11.36722], "size": [1.27045, 1.92909, 1.08227], "inflate": -0.4, "uv": [232, 55]},
						{"origin": [-2.44504, 20.31487, -26.45854], "size": [1.64681, 4.18726, 33.86261], "inflate": -0.395, "uv": [80, 36]},
						{"origin": [-1.59822, 20.31487, -26.55854], "size": [4.09317, 4.18726, 34.01261], "inflate": -0.399, "uv": [0, 74]},
						{"origin": [-2.44822, 17.73987, 6.46646], "size": [4.94317, 3.38726, 1.23761], "inflate": -0.399, "uv": [228, 178]},
						{"origin": [-2.44822, 20.31487, 6.61646], "size": [2.21817, 4.18726, 1.08761], "inflate": -0.399, "uv": [228, 211]},
						{"origin": [0.27678, 20.31487, 6.61646], "size": [2.21817, 4.18726, 1.08761], "inflate": -0.399, "uv": [24, 229]},
						{"origin": [-2.54822, 22.51487, 4.66646], "size": [5.21817, 1.3, 1.3], "inflate": -0.4, "pivot": [0.62336, 22.8085, 4.94776], "rotation": [-22.5, 0, 0], "uv": [152, 34]},
						{"origin": [-2.54822, 21.11487, 0.56646], "size": [5.21817, 1.4, 1.4], "inflate": -0.4, "pivot": [0.62336, 21.4085, 0.94776], "rotation": [-22.5, 0, 0], "uv": [158, 142]},
						{"origin": [-2.54822, 20.31487, -19.63354], "size": [5.21817, 1.4, 1.4], "inflate": -0.4, "pivot": [0.62336, 20.6085, -19.25224], "rotation": [-22.5, 0, 0], "uv": [164, 34]},
						{"origin": [-2.54822, 22.41487, -22.73354], "size": [5.21817, 1.5, 1.5], "inflate": -0.4, "pivot": [0.62336, 22.8085, -22.35224], "rotation": [-22.5, 0, 0], "uv": [164, 108]},
						{"origin": [-2.54822, 22.41487, -24.93354], "size": [5.21817, 1.5, 1.5], "inflate": -0.4, "pivot": [0.62336, 22.8085, -24.55224], "rotation": [-22.5, 0, 0], "uv": [170, 142]},
						{"origin": [-1.00506, 22.51487, -73.25854], "size": [2.2, 2.2, 12.96261], "inflate": -0.4, "pivot": [-0.00506, 23.71487, -70.87724], "rotation": [0, 0, 22.5], "uv": [200, 174]},
						{"origin": [-1.13006, 22.41487, -80.65854], "size": [2.4, 2.4, 8.26261], "inflate": -0.4, "pivot": [-0.03006, 23.71487, -70.87724], "rotation": [0, 0, 22.5], "uv": [178, 223]},
						{"origin": [-1.25506, 25.31487, -58.85854], "size": [2.5, 2.5, 26.16261], "inflate": -0.4, "pivot": [0.04494, 26.51487, -41.97724], "rotation": [0, 0, 22.5], "uv": [152, 0]},
						{"origin": [-1.45506, 25.21487, -33.63354], "size": [2.9, 2.8, 1.63761], "inflate": -0.4, "pivot": [0.04494, 26.51487, -41.97724], "rotation": [0, 0, 22.5], "uv": [170, 231]},
						{"origin": [-1.65506, 25.01487, -32.83354], "size": [3.3, 3.2, 1.43761], "inflate": -0.4, "pivot": [0.04494, 26.51487, -41.97724], "rotation": [0, 0, 22.5], "uv": [68, 140]},
						{"origin": [-1.23006, 26.01487, -61.18354], "size": [2.5, 3.275, 2.91261], "inflate": -0.399, "uv": [68, 135]},
						{"origin": [-0.80506, 29.86487, -61.18354], "size": [1.65, 1, 2.91261], "inflate": -0.399, "uv": [232, 48]},
						{"origin": [-1.23006, 28.48987, -61.18354], "size": [1.1, 1.05, 2.91261], "inflate": -0.399, "uv": [232, 42]},
						{"origin": [0.16994, 28.48987, -61.18354], "size": [1.1, 1.05, 2.91261], "inflate": -0.399, "uv": [232, 45]},
						{"origin": [0.24494, 28.11487, -61.18354], "size": [1, 1.575, 2.91261], "inflate": -0.4, "pivot": [0.75744, 29.21487, -59.72724], "rotation": [0, 0, 43], "uv": [68, 231]},
						{"origin": [-1.14494, 29.51013, -61.18354], "size": [1, 1.425, 2.91261], "inflate": -0.4, "pivot": [-0.65744, 30.08513, -59.72724], "rotation": [0, 0, 43], "uv": [140, 231]},
						{"origin": [-1.24494, 28.73987, -61.18354], "size": [1, 1.675, 2.91261], "inflate": -0.4, "uv": [134, 231]},
						{"origin": [-1.21994, 28.11487, -61.18354], "size": [1, 1.575, 2.91261], "inflate": -0.4, "pivot": [-0.73244, 29.21487, -59.72724], "rotation": [0, 0, -43], "uv": [86, 231]},
						{"origin": [0.16994, 29.51013, -61.18354], "size": [1, 1.425, 2.91261], "inflate": -0.4, "pivot": [0.68244, 30.08513, -59.72724], "rotation": [0, 0, -43], "uv": [80, 231]},
						{"origin": [0.26994, 28.73987, -61.18354], "size": [1, 1.675, 2.91261], "inflate": -0.4, "uv": [74, 231]},
						{"origin": [-0.52, 28.41487, -60.06871], "size": [1.1, 2, 1.1], "inflate": -0.5, "pivot": [0.0445, 29.33362, -59.51871], "rotation": [0, -22.5, 0], "uv": [150, 233]},
						{"origin": [-0.6055, 28.31487, -60.16871], "size": [1.3, 1.725, 1.3], "inflate": -0.5, "uv": [220, 140]},
						{"origin": [-1.23006, 25.88987, -59.15854], "size": [2.5, 3.125, 1.26261], "inflate": -0.4, "pivot": [0.01994, 26.86487, -58.52724], "rotation": [12, 0, 0], "uv": [92, 230]},
						{"origin": [-1.59822, 23.70213, -23.73447], "size": [4.09317, 2.02318, 20.18673], "inflate": -0.4, "uv": [106, 176]},
						{"origin": [1.86994, 24.77713, -17.13447], "size": [1.2, 1.2, 22.88673], "inflate": -0.4, "pivot": [1.02336, 25.33872, -5.6911], "rotation": [0, 0, 45], "uv": [154, 176]},
						{"origin": [-2.23006, 24.77713, -2.63447], "size": [1.2, 1.2, 8.38673], "inflate": -0.4, "pivot": [-3.07664, 25.33872, -5.6911], "rotation": [0, 0, 45], "uv": [226, 134]},
						{"origin": [-2.44822, 23.70213, -24.03447], "size": [4.94317, 2.67318, 1.1], "inflate": -0.4, "uv": [228, 189]},
						{"origin": [-2.44822, 23.70213, -25.75947], "size": [4.94317, 1.1, 2.525], "inflate": -0.4, "uv": [92, 227]},
						{"origin": [-2.24822, 24.00213, -25.73447], "size": [4.54317, 2, 2.5], "inflate": -0.4, "uv": [68, 227]},
						{"origin": [-2.24822, 24.20213, -25.63447], "size": [4.54317, 2, 2.55], "inflate": -0.399, "pivot": [0.04836, 25.20213, -24.35947], "rotation": [12, 0, 0], "uv": [80, 227]},
						{"origin": [-2.44822, 23.70213, -25.23447], "size": [4.94317, 1.1, 2.3], "inflate": -0.402, "pivot": [0.02336, 24.25213, -23.98447], "rotation": [45, 0, 0], "uv": [104, 227]},
						{"origin": [-2.04822, 23.60213, -32.23447], "size": [4.14317, 5.14818, 9.28673], "inflate": -0.398, "uv": [208, 14]},
						{"origin": [-2.04822, 27.92713, -30.78447], "size": [4.14317, 1.22318, 4.13673], "inflate": -0.398, "uv": [32, 193]},
						{"origin": [-1.54822, 26.30213, -6.13447], "size": [3.14317, 2.92318, 3.78673], "inflate": -0.398, "uv": [56, 227]},
						{"origin": [-1.54822, 28.30213, -4.80947], "size": [1.79317, 2.02318, 1.21173], "inflate": -0.397, "uv": [166, 233]},
						{"origin": [-0.19822, 28.30213, -4.80947], "size": [1.79317, 2.02318, 1.21173], "inflate": -0.397, "uv": [176, 233]},
						{"origin": [-0.57322, 28.30213, -4.80947], "size": [1.19317, 1.62318, 1.21173], "inflate": -0.397, "uv": [134, 229]},
						{"origin": [-1.74822, 27.55213, -31.63447], "size": [3.54317, 1.67318, 8.48673], "inflate": -0.398, "pivot": [0.02336, 26.80122, -27.6161], "rotation": [-6.25, 0, 0], "uv": [44, 218]},
						{"origin": [-2.14822, 27.98805, -31.91482], "size": [4.34317, 1.34818, 1.3482], "inflate": -0.398, "pivot": [0.02336, 28.64964, -31.12146], "rotation": [-22.5, 0, 0], "uv": [186, 34]},
						{"origin": [-2.04822, 27.9432, -31.83798], "size": [4.14317, 1.67318, 1.23673], "inflate": -0.398, "uv": [176, 34]},
						{"origin": [-2.04822, 27.9182, -32.01298], "size": [4.14317, 1.67318, 1.33673], "inflate": -0.398, "pivot": [0.02336, 28.75479, -31.29461], "rotation": [44, 0, 0], "uv": [176, 108]},
						{"origin": [-2.04822, 27.7932, -32.11298], "size": [4.14317, 1.67318, 1.33673], "inflate": -0.398, "pivot": [0.02336, 28.62979, -31.39461], "rotation": [90, 0, 0], "uv": [182, 142]},
						{"origin": [-2.31983, 19.37713, 6.76553], "size": [4.69859, 4.72318, 32.96173], "inflate": -0.395, "pivot": [0.02946, 19.82888, 27.83429], "rotation": [4, 0, 0], "uv": [80, 0]},
						{"origin": [-2.31983, 15.47713, 21.09053], "size": [4.69859, 4.77318, 16.28673], "inflate": -0.405, "pivot": [0.02946, 19.82888, 27.83429], "rotation": [4, 0, 0], "uv": [32, 198]},
						{"origin": [-2.31983, 12.13993, 36.53842], "size": [4.69859, 8.92318, 3.21173], "inflate": -0.401, "pivot": [0.02946, 16.62652, 37.13178], "rotation": [1, 0, 0], "uv": [226, 152]},
						{"origin": [-2.20288, 19.67838, 38.17456], "size": [4.46468, 4.39379, 1.97203], "inflate": -0.4, "pivot": [0.02946, 20.38747, 31.13381], "rotation": [4, 0, 0], "uv": [150, 228]},
						{"origin": [-2.20294, 23.25032, 38.14664], "size": [4.4648, 1.67391, 2], "inflate": -0.401, "pivot": [0.02946, 20.38747, 31.13381], "rotation": [4, 0, 0], "uv": [138, 228]},
						{"origin": [-2.20294, 12.18786, 38.12752], "size": [4.4648, 8.76091, 2.00715], "inflate": -0.401, "pivot": [0.02946, 20.38747, 31.13381], "rotation": [1, 0, 0], "uv": [56, 145]},
						{"origin": [-2.31983, 23.22713, 18.34053], "size": [4.69859, 1.62318, 21.38673], "inflate": -0.401, "pivot": [0.02946, 19.82888, 27.83429], "rotation": [4, 0, 0], "uv": [56, 176]},
						{"origin": [0.28017, 19.52713, 6.44053], "size": [2.09859, 2.54818, 8.01173], "inflate": -0.401, "pivot": [0.02946, 21.26372, 16.3839], "rotation": [-15, 0, 0], "uv": [138, 218]},
						{"origin": [-2.31983, 19.42713, 6.44053], "size": [2.09859, 2.64818, 8.01173], "inflate": -0.401, "pivot": [-2.67054, 21.26372, 16.3839], "rotation": [-15, 0, 0], "uv": [157, 217]},
						{"origin": [-1.01983, 19.52713, 6.14053], "size": [2.09859, 2.34818, 4.41173], "inflate": -0.4, "pivot": [-1.37054, 21.26372, 16.3839], "rotation": [-15, 0, 0], "uv": [44, 227]},
						{"origin": [-0.32124, 21.55278, 8.71961], "size": [1.5, 2.19818, 1.5], "inflate": -0.4, "pivot": [0.02876, 22.72687, 9.86961], "rotation": [-20.75357, 43.07952, -14.51082], "uv": [162, 233]},
						{"origin": [-1.01983, 19.52713, 9.54053], "size": [2.09859, 2.54818, 4.91173], "inflate": -0.4, "pivot": [-1.17054, 21.26372, 16.3839], "rotation": [-15, 0, 0], "uv": [56, 170]},
						{"origin": [-1.74483, 21.06669, 9.92144], "size": [1.57359, 2.54818, 1.18673], "inflate": -0.402, "pivot": [-0.07054, 22.34077, 10.57731], "rotation": [-21.72809, -45.64286, 15.90424], "uv": [154, 233]},
						{"origin": [0.22124, 21.06669, 9.92144], "size": [1.57359, 2.54818, 1.18673], "inflate": -0.402, "pivot": [0.12054, 22.34077, 10.57731], "rotation": [-21.72809, 45.64286, -15.90424], "uv": [158, 233]},
						{"origin": [-2.31983, 24.75509, 17.30273], "size": [4.69859, 2.54818, 3.61173], "inflate": -0.402, "pivot": [0.02946, 19.82888, 27.83429], "rotation": [21, 0, 0], "uv": [226, 169]},
						{"origin": [-2.31983, 14.03809, 7.43713], "size": [4.69859, 4.62318, 31.18673], "inflate": -0.398, "pivot": [0.02946, 19.82888, 27.83429], "rotation": [-10.5, 0, 0], "uv": [75, 109]},
						{"origin": [-2.79483, 22.00213, -61.43447], "size": [5.59859, 2.97318, 35.68673], "inflate": -0.399, "uv": [0, 0]},
						{"origin": [-2.79483, 24.80213, -61.43447], "size": [5.59859, 2.07318, 35.68673], "inflate": -0.399, "uv": [0, 37]},
						{"origin": [-2.79483, 24.17713, -35.03447], "size": [5.59859, 1.42318, 9.28673], "inflate": -0.399, "uv": [200, 188]},
						{"origin": [-2.79483, 24.17713, -61.43447], "size": [5.59859, 1.42318, 5.88673], "inflate": -0.399, "uv": [152, 28]},
						{"origin": [-2.79483, 19.07713, -29.25947], "size": [5.59859, 3.74818, 3.51173], "inflate": -0.4, "uv": [188, 28]},
						{"origin": [-2.79483, 22.57713, -33.63447], "size": [5.59859, 4.07318, 7.13673], "inflate": -0.401, "pivot": [0.00446, 24.61372, -33.8411], "rotation": [-32.5, 0, 0], "uv": [72, 216]},
						{"origin": [-2.3741, 20.10585, -61.43447], "size": [2.665, 1.924, 31.48673], "inflate": -0.4, "pivot": [0.00895, 21.92449, -39.5411], "rotation": [0, 0, 47], "uv": [144, 110]},
						{"origin": [-0.26815, 20.10065, -61.43447], "size": [2.66133, 1.94, 31.48673], "inflate": -0.4, "pivot": [0.00895, 21.92449, -39.5411], "rotation": [0, 0, -47], "uv": [68, 144]},
						{"origin": [-1.48921, 20.64969, -61.43447], "size": [3.01235, 2.17318, 31.48673], "inflate": -0.398, "uv": [0, 112]},
						{"origin": [-2.04822, 26.65213, -27.78447], "size": [4.14317, 2.02318, 1.96173], "inflate": -0.4, "pivot": [0.02336, 27.73872, -27.0661], "rotation": [57, 0, 0], "uv": [228, 192]},
						{"origin": [-2.04822, 26.75213, -31.15947], "size": [4.14317, 2.69818, 1.96173], "inflate": -0.4, "pivot": [0.02336, 27.83872, -30.4411], "rotation": [57, 0, 0], "uv": [228, 195]},
						{"origin": [-0.93959, 24.4902, 4.03998], "size": [1.92909, 1.99534, 2.44511], "inflate": -0.4, "uv": [66, 224]},
						{"origin": [-0.93959, 24.23145, 5.45134], "size": [1.92909, 2.18204, 1.27045], "inflate": -0.4, "pivot": [0.02495, 25.33713, 5.33384], "rotation": [23, 0, 0], "uv": [126, 233]},
						{"origin": [-2.44512, 23.70205, -4.34782], "size": [4.94015, 2.02334, 10.59936], "inflate": -0.399, "uv": [206, 70]},
						{"origin": [-2.44504, 24.26076, -12.02041], "size": [1.36454, 1.46454, 8.49619], "inflate": -0.4, "uv": [224, 217]},
						{"origin": [-0.93967, 22.76114, 3.80479], "size": [1.92925, 5.48117, 2.49379], "inflate": -0.399, "pivot": [-0.06914, 25.04303, 5.28691], "rotation": [43, 0, 0], "uv": [68, 128]},
						{"origin": [0.18941, 22.76114, 3.80479], "size": [1.59993, 4.39912, 2.49379], "inflate": -0.399, "pivot": [-0.06914, 25.04303, 5.28691], "rotation": [43, 0, 0], "uv": [24, 209]},
						{"origin": [-0.01099, 25.31305, 2.45754], "size": [1.45863, 2.16431, 2.49363], "inflate": -0.4, "pivot": [0.71833, 26.39521, 3.70436], "rotation": [36.85554, 23.933, -28.42107], "uv": [30, 229]},
						{"origin": [-0.66962, 23.36068, 2.45754], "size": [1.55272, 1.99965, 2.49363], "inflate": -0.4, "pivot": [0.71833, 26.39521, 3.70436], "rotation": [36.85554, 23.933, -28.42107], "uv": [98, 230]},
						{"origin": [0.98926, 22.76122, 3.80487], "size": [1.50568, 2.49363, 2.49363], "inflate": -0.398, "pivot": [-0.06914, 25.04303, 5.28691], "rotation": [43, 0, 0], "uv": [36, 229]},
						{"origin": [-0.93959, 22.50248, -23.72946], "size": [1.92909, 5.41043, 27.93444], "inflate": -0.4, "uv": [0, 145]},
						{"origin": [-2.44504, 18.21113, -26.59642], "size": [4.93998, 3.48158, 33.92992], "inflate": -0.4, "pivot": [1.5304, 19.83431, -2.81663], "rotation": [-2.75, 0, 0], "uv": [76, 73]},
						{"origin": [-1.02777, 14.61796, -9.82916], "size": [2.10545, 4.44975, 1], "inflate": -0.4, "pivot": [1.5304, 19.60931, -1.86663], "rotation": [-2, 0, 0], "uv": [48, 193]},
						{"origin": [-1.02777, 13.37518, -8.1851], "size": [2.10545, 5.12475, 1], "inflate": -0.4, "pivot": [0.02495, 14.65956, -7.97435], "rotation": [-93.75, 0, 0], "uv": [66, 218]},
						{"origin": [-1.02777, 16.51577, -7.17503], "size": [2.10545, 1.32475, 2.7], "inflate": -0.4, "pivot": [0.02495, 16.77291, -4.75735], "rotation": [-86.75, 0, 0], "uv": [228, 208]},
						{"origin": [-1.02777, 17.56028, -5.77588], "size": [2.10545, 1.87475, 1.975], "inflate": -0.4, "pivot": [0.02495, 18.57265, -4.65088], "rotation": [-140, 0, 0], "uv": [210, 140]},
						{"origin": [-1.02777, 13.02497, -4.21802], "size": [2.10545, 1.77475, 1], "inflate": -0.4, "pivot": [0.02495, 14.28735, -3.71802], "rotation": [-81.25, 0, 0], "uv": [196, 34]},
						{"origin": [-1.02777, 13.66194, -3.66511], "size": [2.10545, 1.84975, 1], "inflate": -0.4, "pivot": [0.02495, 14.67432, -3.16511], "rotation": [-51.25, 0, 0], "uv": [200, 108]},
						{"origin": [-1.02777, 14.63899, -4.57989], "size": [2.10545, 2.14975, 1.15], "inflate": -0.4, "pivot": [0.02495, 16.77291, -4.75735], "rotation": [-58.75, 0, 0], "uv": [216, 230]},
						{"origin": [-1.02777, 15.50467, -5.07403], "size": [2.10545, 2.07475, 1.25], "inflate": -0.4, "pivot": [0.02495, 16.77291, -4.75735], "rotation": [-23.25, 0, 0], "uv": [210, 230]},
						{"origin": [-1.02777, 14.69683, -9.70041], "size": [2.10545, 1.49975, 1], "inflate": -0.4, "pivot": [0.02495, 14.65956, -7.97435], "rotation": [17.5, 0, 0], "uv": [194, 108]},
						{"origin": [-1.02777, 14.79806, -9.16108], "size": [2.10545, 1.42475, 1], "inflate": -0.4, "pivot": [0.02495, 14.65956, -7.97435], "rotation": [55, 0, 0], "uv": [194, 174]},
						{"origin": [-1.02777, 14.21796, -3.17916], "size": [2.10545, 4.54975, 1], "inflate": -0.4, "pivot": [1.5304, 19.60931, 4.78337], "rotation": [-2, 0, 0], "uv": [228, 203]},
						{"origin": [-1.12777, 14.69296, -12.07916], "size": [2.30545, 6.77475, 3.05817], "inflate": -0.4, "pivot": [1.5304, 19.60931, -4.11663], "rotation": [-2, 0, 0], "uv": [56, 155]},
						{"origin": [-0.93959, 13.20754, -11.51015], "size": [1.92909, 2.63476, 1.05875], "inflate": -0.4, "pivot": [0.02495, 14.85424, -11.03958], "rotation": [22.5, 0, 0], "uv": [130, 233]},
						{"origin": [-0.93959, 14.29011, -12.51768], "size": [1.92909, 1.97613, 1.71738], "inflate": -0.4, "pivot": [0.02495, 14.5725, -10.85922], "rotation": [-59.5, 0, 0], "uv": [202, 34]},
						{"origin": [-1.97467, 14.88753, -3.10593], "size": [3.99924, 4.44038, 7.90423], "inflate": -0.395, "pivot": [0.02495, 18.16907, -1.99994], "rotation": [-1, 0, 0], "uv": [24, 218]},
						{"origin": [-1.97451, 16.38132, 3.9983], "size": [3.99891, 2.44642, 1.36438], "inflate": -0.401, "pivot": [0.02495, 18.16907, -1.99994], "rotation": [-1, 0, 0], "uv": [24, 215]},
						{"origin": [-1.97459, 15.41792, 3.89325], "size": [3.99908, 1.85852, 1.36454], "inflate": -0.4, "pivot": [0.02495, 16.64121, 4.57553], "rotation": [-36, 0, 0], "uv": [186, 108]},
						{"origin": [-1.97459, 14.00656, -2.45808], "size": [3.99908, 2.25852, 1.36454], "inflate": -0.4, "pivot": [0.02495, 15.22985, -1.77581], "rotation": [61, 0, 0], "uv": [170, 228]},
						{"origin": [-1.97459, 5.69257, -2.18416], "size": [3.99908, 13.07881, 6.39271], "inflate": -0.399, "pivot": [0.02495, 16.70128, 1.22106], "rotation": [18, 0, 0], "uv": [210, 198]},
						{"origin": [-1.97459, 4.56349, -2.18416], "size": [3.99908, 1.97613, 5.33419], "inflate": -0.4, "pivot": [0.02495, 16.70128, 1.22106], "rotation": [18, 0, 0], "uv": [172, 28]},
						{"origin": [-1.97451, 4.38729, 0.4097], "size": [3.99891, 2.69642, 2.62142], "inflate": -0.401, "pivot": [0.02495, 6.08981, 1.93723], "rotation": [-27, 0, 0], "uv": [228, 174]},
						{"origin": [-1.97467, 4.97827, 5.55738], "size": [3.99924, 1.97629, 2.35266], "inflate": -0.399, "pivot": [0.02495, 5.96642, 5.62814], "rotation": [65, 0, 0], "uv": [228, 186]},
						{"origin": [-0.14923, 25.41928, -23.72946], "size": [1.9385, 1.67034, 28.68717], "inflate": -0.4, "uv": [148, 36]},
						{"origin": [-1.92754, 25.96917, -23.72946], "size": [1.92909, 2.34363, 27.93444], "inflate": -0.4, "pivot": [-0.963, 25.13713, -10.30859], "rotation": [0, 0, 45], "uv": [150, 65]},
						{"origin": [-0.65732, 23.86679, 4.69873], "size": [1.24693, 3.05817, 1.27045], "inflate": -0.4, "pivot": [0.30722, 23.74929, -9.01484], "rotation": [0, 0, -45], "uv": [146, 231]},
						{"origin": [-1.80854, 23.18186, 4.08123], "size": [1.39988, 3.16408, 2.10556], "inflate": -0.5, "pivot": [-1.07332, 24.7639, 5.47509], "rotation": [0, -56.75, -45], "uv": [198, 223]},
						{"origin": [-1.62036, 23.18186, 5.1868], "size": [1.2117, 3.16408, 1.11761], "inflate": -0.5, "pivot": [-1.07332, 24.7639, 5.47509], "rotation": [0, -56.75, -45], "uv": [232, 51]},
						{"origin": [-1.47923, 23.18186, 5.1868], "size": [1.07057, 3.16408, 1.2117], "inflate": -0.5, "pivot": [-1.07332, 24.7639, 5.47509], "rotation": [0, -56.75, -45], "uv": [56, 232]},
						{"origin": [-0.75732, 23.86088, 5.06918], "size": [1.09409, 3.16408, 1.23523], "inflate": -0.5, "pivot": [0.30722, 23.74929, -9.01484], "rotation": [0, 0, -45], "uv": [60, 232]},
						{"origin": [-0.75732, 23.86088, 5.30441], "size": [1.04705, 3.16408, 1.04705], "inflate": -0.5, "pivot": [0.30722, 23.74929, -9.01484], "rotation": [0, 0, -45], "uv": [64, 232]},
						{"origin": [-0.05164, 25.24871, 4.01067], "size": [1.04705, 3.16408, 1.04705], "inflate": -0.5, "pivot": [1.0129, 25.13713, -10.30859], "rotation": [0, 0, -45], "uv": [222, 232]},
						{"origin": [-0.77355, 24.5697, 3.89305], "size": [1.07057, 3.16408, 1.2117], "inflate": -0.5, "pivot": [-0.36764, 26.15174, 4.18135], "rotation": [0, -56.75, -45], "uv": [226, 232]},
						{"origin": [-0.05164, 25.24871, 3.77544], "size": [1.09409, 3.16408, 1.23523], "inflate": -0.5, "pivot": [1.0129, 25.13713, -10.30859], "rotation": [0, 0, -45], "uv": [230, 232]},
						{"origin": [-0.91468, 24.5697, 3.89305], "size": [1.2117, 3.16408, 1.11761], "inflate": -0.5, "pivot": [-0.36764, 26.15174, 4.18135], "rotation": [0, -56.75, -45], "uv": [30, 233]},
						{"origin": [-1.10286, 24.5697, 2.78749], "size": [1.39988, 3.16408, 2.10556], "inflate": -0.5, "pivot": [-0.36764, 26.15174, 4.18135], "rotation": [0, -56.75, -45], "uv": [18, 225]},
						{"origin": [0.04836, 25.25462, 3.40499], "size": [1.24693, 3.05817, 1.27045], "inflate": -0.4, "pivot": [1.0129, 25.13713, -10.30859], "rotation": [0, 0, -45], "uv": [34, 233]},
						{"origin": [-0.8332, 23.36068, 2.45754], "size": [1.55272, 1.99965, 2.49363], "inflate": -0.4, "pivot": [-0.66843, 26.39521, 3.70436], "rotation": [36.85554, -23.933, 28.42107], "uv": [104, 230]},
						{"origin": [-1.39774, 25.31305, 2.45754], "size": [1.45863, 2.16431, 2.49363], "inflate": -0.4, "pivot": [-0.66843, 26.39521, 3.70436], "rotation": [36.85554, -23.933, 28.42107], "uv": [116, 229]},
						{"origin": [-2.44504, 22.76122, 3.80487], "size": [1.50568, 2.49363, 2.49363], "inflate": -0.398, "pivot": [0.11904, 25.04303, 5.28691], "rotation": [43, 0, 0], "uv": [122, 229]},
						{"origin": [-1.73944, 22.76114, 3.80479], "size": [1.59993, 4.39912, 2.49379], "inflate": -0.399, "pivot": [0.11904, 25.04303, 5.28691], "rotation": [43, 0, 0], "uv": [204, 210]},
						{"origin": [-0.65732, 25.56042, -12.02041], "size": [1.835, 1.36454, 17.54266], "inflate": -0.4, "pivot": [0.30722, 23.74929, -10.30859], "rotation": [0, 0, -45], "uv": [72, 198]},
						{"origin": [-0.98959, 26.67748, -12.97946], "size": [2.00409, 1.56043, 5.95944], "inflate": -0.7, "uv": [210, 134]},
						{"origin": [-0.98959, 26.67748, -21.37946], "size": [2.00409, 1.56043, 5.95944], "inflate": -0.7, "uv": [226, 163]},
						{"origin": [-0.98959, 26.67748, -2.97946], "size": [2.00409, 1.56043, 5.95944], "inflate": -0.7, "uv": [224, 226]},
						{"origin": [-2.23164, 24.79685, -12.22041], "size": [1.66, 1.36454, 1.94266], "inflate": -0.4, "pivot": [-1.48914, 25.47912, -11.29908], "rotation": [0, 25, -45], "uv": [216, 140]},
						{"origin": [0.10131, 25.56042, -12.38447], "size": [1.07636, 1.36454, 1.16406], "inflate": -0.4, "pivot": [0.30722, 23.74929, -10.30859], "rotation": [0, 0, -45], "uv": [206, 92]},
						{"origin": [-1.73936, 25.50746, -12.37904], "size": [1.9385, 1.58216, 17.33675], "inflate": -0.4, "uv": [108, 198]},
						{"origin": [0.54836, 25.25462, -23.72946], "size": [1.42909, 3.05817, 12.15944], "inflate": -0.4, "pivot": [1.0129, 25.13713, -10.30859], "rotation": [0, 0, -45], "uv": [206, 42]},
						{"origin": [0.04836, 25.25462, -12.37946], "size": [1.92909, 3.05817, 16.58444], "inflate": -0.4, "pivot": [1.0129, 25.13713, -10.30859], "rotation": [0, 0, -45], "uv": [144, 199]},
						{"origin": [-1.04095, 24.77235, -12.60446], "size": [1.42909, 3.05817, 1.40944], "inflate": -0.4, "pivot": [-0.15141, 26.30144, -11.92474], "rotation": [0, 25, -45], "uv": [122, 233]},
						{"origin": [-1.24539, 25.25462, 3.40499], "size": [1.24693, 3.05817, 1.27045], "inflate": -0.4, "pivot": [-0.963, 25.13713, -10.30859], "rotation": [0, 0, 45], "uv": [38, 233]},
						{"origin": [-0.99255, 25.24871, 3.77544], "size": [1.09409, 3.16408, 1.23523], "inflate": -0.5, "pivot": [-0.963, 25.13713, -10.30859], "rotation": [0, 0, 45], "uv": [42, 233]},
						{"origin": [-0.9455, 25.24871, 4.01067], "size": [1.04705, 3.16408, 1.04705], "inflate": -0.5, "pivot": [-0.963, 25.13713, -10.30859], "rotation": [0, 0, 45], "uv": [46, 233]},
						{"origin": [-0.53971, 23.86679, 4.69873], "size": [1.24693, 3.05817, 1.27045], "inflate": -0.4, "pivot": [-0.25732, 23.74929, -9.01484], "rotation": [0, 0, 45], "uv": [50, 233]},
						{"origin": [0.45856, 23.18186, 4.08123], "size": [1.39988, 3.16408, 2.10556], "inflate": -0.5, "pivot": [1.12322, 24.7639, 5.47509], "rotation": [0, 56.75, 45], "uv": [198, 228]},
						{"origin": [0.45856, 23.18186, 5.1868], "size": [1.2117, 3.16408, 1.11761], "inflate": -0.5, "pivot": [1.12322, 24.7639, 5.47509], "rotation": [0, 56.75, 45], "uv": [98, 233]},
						{"origin": [0.45856, 23.18186, 5.1868], "size": [1.07057, 3.16408, 1.2117], "inflate": -0.5, "pivot": [1.12322, 24.7639, 5.47509], "rotation": [0, 56.75, 45], "uv": [102, 233]},
						{"origin": [-0.28687, 23.86088, 5.06918], "size": [1.09409, 3.16408, 1.23523], "inflate": -0.5, "pivot": [-0.25732, 23.74929, -9.01484], "rotation": [0, 0, 45], "uv": [106, 233]},
						{"origin": [-0.23982, 23.86088, 5.30441], "size": [1.04705, 3.16408, 1.04705], "inflate": -0.5, "pivot": [-0.25732, 23.74929, -9.01484], "rotation": [0, 0, 45], "uv": [110, 233]},
						{"origin": [-0.24712, 24.5697, 2.78749], "size": [1.39988, 3.16408, 2.10556], "inflate": -0.5, "pivot": [0.41754, 26.15174, 4.18135], "rotation": [0, 56.75, 45], "uv": [228, 198]},
						{"origin": [-0.24712, 24.5697, 3.89305], "size": [1.2117, 3.16408, 1.11761], "inflate": -0.5, "pivot": [0.41754, 26.15174, 4.18135], "rotation": [0, 56.75, 45], "uv": [114, 233]},
						{"origin": [-0.24712, 24.5697, 3.89305], "size": [1.07057, 3.16408, 1.2117], "inflate": -0.5, "pivot": [0.41754, 26.15174, 4.18135], "rotation": [0, 56.75, 45], "uv": [118, 233]},
						{"origin": [-1.22186, 23.86679, -23.72946], "size": [1.92909, 3.05817, 29.25171], "inflate": -0.4, "pivot": [-0.25732, 23.74929, -10.30859], "rotation": [0, 0, 45], "uv": [134, 144]}
					]
				},
				{
					"name": "bone",
					"parent": "gun",
					"pivot": [0.00895, 22.0125, -44.6411]
				},
				{
					"name": "magazine",
					"parent": "gun",
					"pivot": [0.04836, 9.97939, -21.70194],
					"cubes": [
						{"origin": [-1.79822, 15.78115, -20.90865], "size": [3.69317, 6.58726, 7.11261], "inflate": -0.398, "pivot": [0.04836, 9.72761, -21.68763], "rotation": [-10, 0, 0], "uv": [118, 216]},
						{"origin": [-1.19822, 10.22476, -21.96612], "size": [2.49317, 6.58726, 2.81261], "inflate": -0.397, "pivot": [0.04836, 15.36838, -18.48482], "rotation": [-17.5, 0, 0], "uv": [68, 120]},
						{"origin": [-1.79822, 10.22476, -19.96612], "size": [3.69317, 6.58726, 7.11261], "inflate": -0.397, "pivot": [0.04836, 15.36838, -18.48482], "rotation": [-17.5, 0, 0], "uv": [204, 217]},
						{"origin": [-1.19822, 15.78115, -22.90865], "size": [2.49317, 6.58726, 2.81261], "inflate": -0.398, "pivot": [0.04836, 9.72761, -21.68763], "rotation": [-10, 0, 0], "uv": [68, 112]}
					]
				},
				{
					"name": "switch",
					"parent": "gun",
					"pivot": [-0.35141, 22.69077, -0.87602],
					"rotation": [22.5, 0, 0],
					"cubes": [
						{"origin": [-2.82156, 23.3256, -11.93193], "size": [1.45896, 1.74123, 8.9862], "inflate": -0.398, "uv": [0, 225]},
						{"origin": [-2.82148, 23.32569, -4.1929], "size": [1.4588, 1.74107, 2.21152], "inflate": -0.399, "pivot": [-1.99799, 24.24327, -3.60464], "rotation": [-46.5, 0, 0], "uv": [110, 230]},
						{"origin": [-2.8214, 22.29077, -12.11995], "size": [1.45863, 1.835, 10.11496], "inflate": -0.4, "pivot": [-1.99799, 23.20827, -7.29769], "rotation": [-12, 0, 0], "uv": [96, 216]},
						{"origin": [-3.29185, 22.29077, -12.11995], "size": [1.92909, 1.0163, 2.58772], "inflate": -0.4, "pivot": [-1.99799, 23.20827, -7.29769], "rotation": [-12, 0, 0], "uv": [204, 230]},
						{"origin": [-2.8214, 23.32577, -7.79178], "size": [1.45863, 1.7409, 5.7868], "inflate": -0.4, "pivot": [-1.99799, 23.20827, -7.29769], "rotation": [-12, 0, 0], "uv": [56, 164]},
						{"origin": [-2.82148, 21.27922, -3.06382], "size": [1.4588, 2.84663, 2.75254], "inflate": -0.399, "uv": [128, 229]},
						{"origin": [-2.8214, 21.32634, -1.93465], "size": [1.45863, 2.23488, 2.23488], "inflate": -0.4, "pivot": [-1.99799, 22.70253, -1.07596], "rotation": [45, 0, 0], "uv": [18, 230]},
						{"origin": [-3.00958, 21.32634, -1.93465], "size": [1.64681, 1.67034, 1.67034], "inflate": -0.4, "pivot": [-1.99799, 22.70253, -1.6405], "rotation": [45, 0, 0], "uv": [206, 108]}
					]
				},
				{
					"name": "action",
					"parent": "gun",
					"pivot": [-0.66721, 25.40033, -18.39122],
					"cubes": [
						{"origin": [-3.34822, 23.98805, -54.11482], "size": [6.74317, 1.74818, 1.7482], "inflate": -0.398, "pivot": [0.02336, 25.04964, -53.12146], "rotation": [-22.5, 0, 0], "uv": [144, 142]},
						{"origin": [-3.34822, 23.98805, -56.21482], "size": [6.74317, 1.74818, 1.7482], "inflate": -0.398, "pivot": [0.02336, 25.04964, -55.02146], "rotation": [-22.5, 0, 0], "uv": [150, 108]},
						{"origin": [-0.11975, 19.0707, -59.0656], "size": [2.9033, 2.0882, 11.176], "inflate": -0.4, "pivot": [-0.00355, 21.23505, -53.47135], "rotation": [0, 0, -47], "uv": [210, 95]},
						{"origin": [2.09255, 21.37465, -59.06573], "size": [1.22267, 5.35595, 11.19726], "inflate": -0.395, "uv": [32, 177]},
						{"origin": [-3.30745, 21.37465, -59.06573], "size": [1.32267, 5.35595, 11.19726], "inflate": -0.395, "uv": [0, 209]},
						{"origin": [-3.30745, 20.97465, -58.96573], "size": [6.62267, 1.58095, 11.24726], "inflate": -0.399, "pivot": [0.00388, 24.05263, -53.4671], "rotation": [-4, 0, 0], "uv": [129, 161]},
						{"origin": [-2.78933, 19.07657, -59.0656], "size": [2.90745, 2.07012, 11.176], "inflate": -0.4, "pivot": [-0.00355, 21.23505, -53.47135], "rotation": [0, 0, 47], "uv": [210, 108]},
						{"origin": [-1.88197, 19.47153, -59.0906], "size": [3.77496, 2.35169, 11.201], "inflate": -0.395, "pivot": [-0.00355, 20.86005, -53.49635], "rotation": [-4, 0, 0], "uv": [206, 57]},
						{"origin": [-0.11975, 18.6957, -59.0906], "size": [2.9033, 2.0882, 11.176], "inflate": -0.4, "pivot": [-0.00355, 20.86005, -53.49635], "rotation": [-2.73037, -2.92431, -46.93029], "uv": [178, 210]},
						{"origin": [-2.78933, 18.70157, -59.0906], "size": [2.90745, 2.07012, 11.201], "inflate": -0.4, "pivot": [-0.00355, 20.86005, -53.49635], "rotation": [-2.73037, 2.92431, 46.93029], "uv": [210, 121]},
						{"origin": [-0.36914, 24.23724, -23.74765], "size": [3.51681, 2.49363, 12.81542], "inflate": -0.4, "pivot": [0.5954, 23.5552, -15.90859], "rotation": [0, 0, -45], "uv": [150, 94]},
						{"origin": [0.40586, 26.66224, -23.74765], "size": [1.46681, 1.26863, 12.81542], "inflate": -0.4, "pivot": [1.0954, 24.7552, -15.90859], "rotation": [0, 0, -45], "uv": [210, 82]},
						{"origin": [-2.15686, 23.50804, -23.74765], "size": [3.99908, 2.02318, 12.7919], "inflate": -0.4, "uv": [180, 94]},
						{"origin": [-1.48186, 24.78304, -23.74765], "size": [1.49908, 2.12318, 12.7919], "inflate": -0.4, "uv": [208, 0]}
					]
				},
				{
					"name": "muzzleflash",
					"parent": "main",
					"pivot": [0.01685, 23.55815, -80.69185],
					"cubes": [
						{"origin": [-0.4913, 23.05, -81.2], "size": [1.0163, 1.0163, 1.0163], "inflate": -0.4, "uv": [138, 216]}
					]
				},
				{
					"name": "scope",
					"parent": "main",
					"pivot": [-0.2, 33.57282, 5.83713],
					"cubes": [
						{"origin": [-0.4913, 29.2, 7.3], "size": [1.0163, 1.0163, 1.0163], "inflate": -0.4, "uv": [138, 216]}
					]
				},
				{
					"name": "rightarm",
					"parent": "main",
					"pivot": [-4.3, 8.8, 21.8],
					"rotation": [-101.81106, -12.40003, -2.46982],
					"cubes": [
						{"origin": [-8.3, -15.2, 17.8], "size": [8, 24, 8], "uv": [0, 177]}
					]
				},
				{
					"name": "leftarm",
					"parent": "main",
					"pivot": [10.7, 7.4, -27.1],
					"rotation": [-131.49345, -3.84346, -37.7519],
					"cubes": [
						{"origin": [6.7, -16.6, -31.1], "size": [8, 24, 8], "pivot": [0, 0, -10.4], "rotation": [15, 0, 0], "uv": [194, 142]}
					]
				},
				{
					"name": "_camera_",
					"pivot": [6.825, 33.725, 26.45]
				}
			]
		}
	]
}