{
	"format_version": "1.12.0",
	"minecraft:geometry": [
		{
			"description": {
				"identifier": "geometry.unknown",
				"texture_width": 128,
				"texture_height": 128,
				"visible_bounds_width": 8,
				"visible_bounds_height": 4,
				"visible_bounds_offset": [0, 1, 0]
			},
			"bones": [
				{
					"name": "bb_main",
					"pivot": [0, 0, 0]
				},
				{
					"name": "main",
					"pivot": [0, 16, 0]
				},
				{
					"name": "gun",
					"parent": "main",
					"pivot": [0, 1, 0],
					"cubes": [
						{"origin": [-0.96709, 21.90953, -22.07442], "size": [2, 2, 25.6474], "inflate": -0.3, "pivot": [-0.14489, 22.96193, -24.69122], "rotation": [0, 0, 25], "uv": [0, 0]},
						{"origin": [-1.6, 19.379, -21.1], "size": [3.2, 1.37, 11.6], "inflate": -0.5, "uv": [38, 67]},
						{"origin": [-1.9, 18.204, -4.225], "size": [3.8, 2.52, 10.425], "inflate": -0.498, "uv": [26, 79]},
						{"origin": [-1.4, 18.704, -3.625], "size": [3.6, 1.72, 6.925], "inflate": -0.5, "uv": [74, 18]},
						{"origin": [-1.9, 18.204, -8.425], "size": [3.8, 2.52, 3.125], "inflate": -0.5, "uv": [92, 23]},
						{"origin": [-1.575, 18.204, -6.3], "size": [3.15, 2.52, 3.075], "inflate": -0.5, "uv": [92, 28]},
						{"origin": [-1.675, 18.129, -5.7], "size": [3.35, 1.52, 1.875], "inflate": -0.5, "uv": [32, 99]},
						{"origin": [-1.9, 19.404, -6.3], "size": [3.8, 1.32, 3.075], "inflate": -0.5, "uv": [92, 38]},
						{"origin": [-0.5764, 18.204, -6.46762], "size": [1.7, 2.52, 1.525], "inflate": -0.5, "pivot": [0.76996, 19.88896, -4.7625], "rotation": [0, -37.5, 0], "uv": [102, 82]},
						{"origin": [-2.40843, 19.01698, -6.3], "size": [2.52, 1.65, 3.075], "inflate": -0.5, "pivot": [-0.78004, 19.58896, -4.7625], "rotation": [180, 0, 150], "uv": [0, 95]},
						{"origin": [-2.1264, 18.204, -4.58238], "size": [1.7, 2.52, 1.525], "inflate": -0.5, "pivot": [-0.78004, 19.88896, -4.7625], "rotation": [-180, -37.5, 180], "uv": [102, 101]},
						{"origin": [-2.1264, 18.204, -6.46762], "size": [1.7, 2.52, 1.525], "inflate": -0.5, "pivot": [-0.78004, 19.88896, -4.7625], "rotation": [-180, 37.5, 180], "uv": [102, 88]},
						{"origin": [-0.5764, 18.204, -4.58238], "size": [1.7, 2.52, 1.525], "inflate": -0.5, "pivot": [0.76996, 19.88896, -4.7625], "rotation": [0, 37.5, 0], "uv": [102, 85]},
						{"origin": [-0.85843, 19.01698, -6.3], "size": [2.52, 1.7, 3.075], "inflate": -0.5, "pivot": [0.76996, 19.58896, -4.7625], "rotation": [0, 0, 30], "uv": [86, 94]},
						{"origin": [-2, 19.304, 5.325], "size": [3.9, 1.42, 2.125], "inflate": -0.5, "uv": [90, 64]},
						{"origin": [-1.9, 6.279, -0.625], "size": [3.8, 13.72, 7.525], "inflate": -0.495, "pivot": [0, 13.864, 3.1875], "rotation": [16.75, 0, 0], "uv": [66, 67]},
						{"origin": [-1.9, 9.64764, 4.49559], "size": [3.8, 6.445, 3.225], "inflate": -0.5, "pivot": [0, 12.87014, 6.10809], "rotation": [25.25, 0, 0], "uv": [38, 53]},
						{"origin": [-1.9, 8.74764, 6.47059], "size": [3.8, 2.445, 3.225], "inflate": -0.5, "pivot": [0, 7.97014, 8.08309], "rotation": [18.75, 0, 0], "uv": [24, 91]},
						{"origin": [-1.9, 6.8415, 5.12771], "size": [3.8, 3.145, 4.125], "inflate": -0.5, "pivot": [0, 8.764, 7.64021], "rotation": [2.75, 0, 0], "uv": [52, 79]},
						{"origin": [-1.9, 5.6165, 1.55271], "size": [3.8, 2.295, 7.775], "inflate": -0.498, "uv": [54, 18]},
						{"origin": [-1.9, 18.7165, 5.15271], "size": [3.8, 1.595, 3.1], "inflate": -0.503, "uv": [112, 25]},
						{"origin": [-1, 14.0165, -6.44729], "size": [2, 1.495, 4.45], "inflate": -0.5, "uv": [36, 91]},
						{"origin": [-1, 14.0415, -8.34729], "size": [2, 1.495, 2.975], "inflate": -0.5, "pivot": [0, 14.789, -6.05979], "rotation": [-13, 0, 0], "uv": [64, 98]},
						{"origin": [-1, 14.5415, -11.54729], "size": [2, 1.495, 4.675], "inflate": -0.499, "pivot": [0, 15.289, -7.55979], "rotation": [-90, 0, 0], "uv": [92, 18]},
						{"origin": [-1, 14.5415, -12.14729], "size": [2, 1.495, 1.675], "inflate": -0.5, "pivot": [0, 15.289, -8.05979], "rotation": [-90, 0, 0], "uv": [102, 42]},
						{"origin": [-1, 16.5915, -9.89729], "size": [2, 1.595, 2.875], "inflate": -0.502, "pivot": [0, 17.439, -7.55979], "rotation": [-115, 0, 0], "uv": [72, 98]},
						{"origin": [-1, 16.5915, -9.89729], "size": [2, 1.495, 2.975], "inflate": -0.501, "pivot": [0, 17.439, -7.55979], "rotation": [-64, 0, 0], "uv": [88, 98]},
						{"origin": [-1, 13.7915, -8.69729], "size": [2, 1.595, 2.475], "inflate": -0.5, "pivot": [0, 14.739, -6.35979], "rotation": [-54, 0, 0], "uv": [0, 99]},
						{"origin": [-1, 17.1915, -9.89729], "size": [2, 1.695, 2.875], "inflate": -0.5, "pivot": [0, 18.139, -7.55979], "rotation": [-150, 0, 0], "uv": [80, 98]},
						{"origin": [-1, 14.5908, -3.31633], "size": [2, 1.495, 3.125], "inflate": -0.5, "pivot": [0, 15.3383, -1.67883], "rotation": [33, 0, 0], "uv": [76, 94]},
						{"origin": [-0.7, 17.7908, -3.81633], "size": [1.4, 1.495, 2.625], "inflate": -0.5, "pivot": [0, 18.5383, -2.17883], "rotation": [32, 0, 0], "uv": [72, 101]},
						{"origin": [-0.7, 15.1908, -5.41633], "size": [1.4, 1.495, 2.625], "inflate": -0.5, "pivot": [0, 15.9383, -3.77883], "rotation": [32, 0, 0], "uv": [0, 102]},
						{"origin": [-0.7, 16.1908, -4.91633], "size": [1.4, 1.495, 2.625], "inflate": -0.5, "pivot": [0, 16.9383, -3.27883], "rotation": [64, 0, 0], "uv": [78, 101]},
						{"origin": [-0.7, 16.3658, -4.59133], "size": [1.4, 1.495, 2.225], "inflate": -0.5, "pivot": [0, 17.1133, -2.95383], "rotation": [64, 0, 0], "uv": [90, 101]},
						{"origin": [-0.7, 17.4908, -4.31633], "size": [1.4, 1.795, 2.725], "inflate": -0.5, "pivot": [0, 18.2383, -2.67883], "rotation": [77, 0, 0], "uv": [96, 101]},
						{"origin": [-0.7, 17.0908, -5.01633], "size": [1.4, 1.495, 3.025], "inflate": -0.5, "pivot": [0, 17.8383, -3.37883], "rotation": [89, 0, 0], "uv": [10, 98]},
						{"origin": [-0.7, 17.7908, -5.41633], "size": [1.4, 1.495, 2.625], "inflate": -0.5, "pivot": [0, 18.5383, -3.77883], "rotation": [112, 0, 0], "uv": [84, 101]},
						{"origin": [-1, 13.8908, -2.61633], "size": [2, 2.895, 3.125], "inflate": -0.5, "pivot": [0, 15.7383, -0.97883], "rotation": [65, 0, 0], "uv": [92, 42]},
						{"origin": [-1.9, 16.4165, 3.15271], "size": [3.8, 1.995, 4.575], "inflate": -0.5, "pivot": [0, 17.164, 5.44021], "rotation": [78, 0, 0], "uv": [38, 62]},
						{"origin": [-1.9, 17.5165, -2.34729], "size": [3.8, 2.395, 2.475], "inflate": -0.5, "pivot": [0, 18.664, -1.15979], "rotation": [134, 0, 0], "uv": [66, 94]},
						{"origin": [-1.9, 17.3165, 3.15271], "size": [3.8, 2.395, 4.775], "inflate": -0.501, "pivot": [0, 18.064, 5.44021], "rotation": [52, 0, 0], "uv": [90, 48]},
						{"origin": [-1.9, 18.2665, 3.62771], "size": [3.8, 1.595, 4.6], "inflate": -0.5, "pivot": [0, 19.014, 5.91521], "rotation": [14, 0, 0], "uv": [90, 54]},
						{"origin": [-1.9, 19.5415, 6.37771], "size": [3.8, 1.595, 1.9], "inflate": -0.502, "pivot": [0, 20.289, 5.99021], "rotation": [-26, 0, 0], "uv": [75, 25]},
						{"origin": [-1.9, 5.6165, 0.45271], "size": [3.8, 1.395, 2.1], "inflate": -0.498, "uv": [20, 96]},
						{"origin": [-1.9, 5.8165, 0.67771], "size": [3.8, 1.47, 1.975], "inflate": -0.498, "pivot": [0, 6.589, 1.60271], "rotation": [35, 0, 0], "uv": [84, 25]},
						{"origin": [-1.9, 6.0165, 0.75271], "size": [3.8, 1.47, 2.075], "inflate": -0.497, "pivot": [0, 6.789, 1.67771], "rotation": [71, 0, 0], "uv": [30, 96]},
						{"origin": [-1.9, 19.004, -9.325], "size": [3.8, 1.72, 1.925], "inflate": -0.5, "uv": [26, 77]},
						{"origin": [-0.44801, 18.04659, -10.75], "size": [1.727, 1.375, 3.5], "inflate": -0.5, "pivot": [-0.00203, 19.3195, -8.275], "rotation": [-11.83132, -12.29558, -45.47112], "uv": [96, 97]},
						{"origin": [-1.2793, 18.06807, -10.75], "size": [1.727, 1.375, 3.5], "inflate": -0.5, "pivot": [-0.00203, 19.3445, -8.275], "rotation": [-11.83132, 12.29558, 45.47112], "uv": [96, 93]},
						{"origin": [-1.1, 18.35, -10.75], "size": [2.2, 1.55, 3.5], "inflate": -0.5, "pivot": [-0.00203, 19.3445, -8.275], "rotation": [-17, 0, 0], "uv": [56, 94]},
						{"origin": [-1.6, 18.854, -10.75], "size": [3.2, 1.57, 2.675], "inflate": -0.5, "pivot": [-0.00203, 19.3195, -8.275], "rotation": [-17, 0, 0], "uv": [10, 95]},
						{"origin": [-1.6, 16.85883, -10.15292], "size": [3.2, 2.07, 3.4], "inflate": -0.5, "pivot": [-0.00203, 19.42516, -4.57557], "rotation": [-30.25, 0, 0], "uv": [90, 59]},
						{"origin": [-1.552, 19.14, -21.1], "size": [1.727, 1.375, 11.6], "inflate": -0.5, "pivot": [-0.8, 19.815, -19.6], "rotation": [0, 0, 46.75], "uv": [0, 83]},
						{"origin": [-0.112, 18.99, -21.1], "size": [1.727, 1.375, 11.6], "inflate": -0.5, "pivot": [0.65, 19.665, -19.6], "rotation": [0, 0, -46.75], "uv": [86, 67]},
						{"origin": [-1.1, 18.85, -21.1], "size": [2.2, 1.55, 11.6], "inflate": -0.5, "uv": [0, 71]},
						{"origin": [-1.40998, 22.97383, -6.17442], "size": [1.1643, 1.2778, 7.0502], "inflate": -0.3, "pivot": [-0.67108, 23.51273, -5.71942], "rotation": [0, 0, 45], "uv": [86, 79]},
						{"origin": [-0.97469, 23.21478, -5.19942], "size": [1.7556, 1.227, 6.1506], "inflate": -0.3, "uv": [90, 0]},
						{"origin": [-1.44969, 22.61478, -5.19942], "size": [1.1556, 1.327, 6.1506], "inflate": -0.3, "uv": [90, 7]}
					]
				},
				{
					"name": "hammer",
					"parent": "gun",
					"pivot": [0.00611, 20.04085, 5.36886],
					"rotation": [-41, 0, 0],
					"cubes": [
						{"origin": [-0.67069, 19.98885, 4.80944], "size": [1.3536, 4.6215, 1.50915], "inflate": -0.3, "pivot": [0.00611, 21.20799, 5.56038], "rotation": [-25, 0, 0], "uv": [12, 102]},
						{"origin": [-0.67069, 23.08885, 5.70944], "size": [1.3536, 1.5215, 1.50915], "inflate": -0.3, "pivot": [0.00611, 21.20799, 5.56038], "rotation": [-25, 0, 0], "uv": [20, 104]}
					]
				},
				{
					"name": "slide",
					"parent": "gun",
					"pivot": [-0.15395, 23.38233, 3.55862],
					"cubes": [
						{"origin": [-1.80169, 19.90953, -21.87442], "size": [3.6096, 4.20525, 17.6474], "inflate": -0.298, "uv": [52, 27]},
						{"origin": [-1.80169, 19.90953, -4.82442], "size": [3.6096, 3.30525, 4.1974], "inflate": -0.3, "uv": [68, 87]},
						{"origin": [-0.47669, 22.60953, -4.82442], "size": [2.2846, 1.50525, 4.1974], "inflate": -0.3, "uv": [92, 33]},
						{"origin": [-4.50169, 17.20953, -3.92442], "size": [9.0096, 9.60525, 10.3974], "inflate": -3, "uv": [52, 48]},
						{"origin": [-2.00169, 22.00953, 3.87558], "size": [3.7096, 1.60525, 1.5974], "inflate": -0.3, "pivot": [0.80311, 22.81216, 4.67428], "rotation": [-25, 0, 0], "uv": [32, 101]},
						{"origin": [-2.10169, 22.05953, 3.37558], "size": [3.9096, 1.00525, 1.5974], "inflate": -0.3, "pivot": [-0.14689, 22.56216, 4.17428], "rotation": [19, 0, 0], "uv": [46, 101]},
						{"origin": [-1.80169, 19.90953, 3.17298], "size": [1.7286, 4.20525, 3.15307], "inflate": -0.3, "uv": [48, 94]},
						{"origin": [0.07931, 19.90953, 3.17298], "size": [1.4151, 4.4874, 2.9826], "inflate": -0.3, "uv": [40, 96]},
						{"origin": [-1.80169, 19.90953, 5.55558], "size": [1.7286, 2.70045, 1.6909], "inflate": -0.3, "uv": [48, 91]},
						{"origin": [0.07931, 19.90953, 5.11668], "size": [1.7286, 2.70045, 2.13615], "inflate": -0.3, "uv": [26, 99]},
						{"origin": [0.07931, 19.90953, 3.16668], "size": [1.7286, 1.30045, 2.53615], "inflate": -0.3, "uv": [6, 102]},
						{"origin": [0.07931, 19.87818, 5.05398], "size": [1.7286, 3.4215, 1.50915], "inflate": -0.299, "pivot": [0.94361, 22.04351, 5.90261], "rotation": [-25, 0, 0], "uv": [16, 102]},
						{"origin": [0.07931, 21.57108, 4.99128], "size": [1.4151, 2.70045, 1.6659], "inflate": -0.3, "pivot": [1.88411, 23.14076, 5.85558], "rotation": [31, 0, 0], "uv": [102, 44]},
						{"origin": [-1.48819, 21.57108, 4.99128], "size": [1.4151, 2.70045, 1.6659], "inflate": -0.3, "pivot": [0.31661, 23.14076, 5.85558], "rotation": [31, 0, 0], "uv": [102, 62]},
						{"origin": [-1.9723, 23.11054, 5.30661], "size": [1.40559, 1.4291, 1.16655], "inflate": -0.5, "pivot": [-1.25481, 23.74966, 5.81641], "rotation": [22.12367, -1.23632, 45.31554], "uv": [104, 2]},
						{"origin": [-1.99385, 23.29864, 5.12635], "size": [1.0627, 1.19398, 1.38404], "inflate": -0.5, "pivot": [-1.27832, 23.89563, 5.82718], "rotation": [0, 0, -44.25], "uv": [104, 6]},
						{"origin": [-1.90169, 21.47108, 4.99128], "size": [1.1135, 2.5556, 1.7659], "inflate": -0.4, "pivot": [-0.49849, 23.14076, 5.85558], "rotation": [31, 0, 0], "uv": [102, 79]},
						{"origin": [-1.77908, 23.22023, 5.30152], "size": [1.09782, 1.27025, 1.10189], "inflate": -0.4, "pivot": [-1.23017, 23.85536, 5.95246], "rotation": [24.19795, -20.03758, 37.48839], "uv": [104, 4]},
						{"origin": [0.79441, 21.50243, 5.54963], "size": [1.1135, 2.08535, 1.33295], "inflate": -0.4, "pivot": [2.76191, 22.92131, 5.98098], "rotation": [31, 0, 0], "uv": [102, 59]},
						{"origin": [-1.17469, 23.51478, -21.87442], "size": [2.3556, 1.227, 17.6506], "inflate": -0.3, "uv": [0, 53]},
						{"origin": [-1.17469, 23.51478, 0.00058], "size": [2.3556, 1.227, 5.5506], "inflate": -0.3, "uv": [54, 89]},
						{"origin": [-0.47469, 23.51478, -4.82442], "size": [1.6556, 1.227, 5.4256], "inflate": -0.3, "uv": [26, 71]},
						{"origin": [-1.37469, 23.31478, 4.66588], "size": [2.7556, 1.627, 1.1881], "inflate": -0.5, "uv": [20, 102]},
						{"origin": [-0.67309, 19.90318, 3.17298], "size": [1.3524, 4.2366, 2.481], "inflate": -0.3, "uv": [96, 87]},
						{"origin": [0.07931, 23.51478, 5.05398], "size": [1.1016, 1.227, 1.1016], "inflate": -0.3, "uv": [102, 65]},
						{"origin": [-1.17469, 23.51478, 4.17618], "size": [2.3556, 1.2897, 1.2897], "inflate": -0.3, "uv": [40, 102]},
						{"origin": [-1.17469, 23.54613, 1.85628], "size": [2.3556, 1.32105, 3.2199], "inflate": -0.3, "uv": [56, 98]},
						{"origin": [-0.04609, 24.17313, 3.20433], "size": [1.227, 1.00755, 1.88535], "inflate": -0.3, "uv": [34, 103]},
						{"origin": [-0.04609, 24.03394, 1.88763], "size": [1.227, 1.01147, 1.9794], "inflate": -0.3, "pivot": [0.56741, 24.55151, 2.94003], "rotation": [13, 0, 0], "uv": [50, 103]},
						{"origin": [-1.17469, 24.03394, 1.88763], "size": [1.227, 1.01147, 1.9794], "inflate": -0.3, "pivot": [-0.56119, 24.55151, 2.94003], "rotation": [13, 0, 0], "uv": [104, 0]},
						{"origin": [-1.17469, 24.17313, 3.20825], "size": [1.227, 1.00755, 1.88143], "inflate": -0.3, "uv": [46, 103]},
						{"origin": [0.23011, 24.09813, 4.38968], "size": [1.0508, 1.18255, 1.1762], "inflate": -0.4, "uv": [104, 18]},
						{"origin": [-0.5258, 23.92313, -20.86032], "size": [1.0508, 1.30755, 1.0762], "inflate": -0.4, "pivot": [0.425, 24.62691, -20.37222], "rotation": [22.5, 0, 0], "uv": [104, 8]},
						{"origin": [-0.5258, 23.79813, -21.53532], "size": [1.0508, 1.40755, 1.1762], "inflate": -0.4, "pivot": [0.425, 24.60191, -20.94722], "rotation": [46.5, 0, 0], "uv": [104, 12]},
						{"origin": [-0.5258, 23.97313, -21.36032], "size": [1.0508, 1.30755, 1.4762], "inflate": -0.4, "uv": [104, 10]},
						{"origin": [-0.5258, 23.79813, -21.63532], "size": [1.0508, 1.20755, 1.0512], "inflate": -0.4, "uv": [104, 14]},
						{"origin": [-1.27469, 24.09813, 4.38968], "size": [1.0508, 1.18255, 1.1762], "inflate": -0.4, "uv": [104, 16]},
						{"origin": [-1.17469, 23.51478, 5.05398], "size": [1.1016, 1.227, 1.1016], "inflate": -0.3, "uv": [102, 91]},
						{"origin": [0.17336, 23.23263, -21.87442], "size": [1.4778, 1.4778, 25.6474], "inflate": -0.3, "pivot": [1.10036, 23.86181, -11.01072], "rotation": [0, 0, -45], "uv": [0, 27]},
						{"origin": [-1.60998, 23.07383, -21.87442], "size": [1.1643, 1.4778, 17.6502], "inflate": -0.3, "pivot": [-0.87108, 23.81273, -9.81942], "rotation": [0, 0, 45], "uv": [54, 0]},
						{"origin": [-1.60998, 23.07383, 0.00058], "size": [1.1643, 1.4778, 6.0752], "inflate": -0.3, "pivot": [-0.87108, 23.81273, 0.48058], "rotation": [0, 0, 45], "uv": [82, 87]},
						{"origin": [-1.57116, 23.18173, 4.86588], "size": [1.17018, 1.48368, 1.2897], "inflate": -0.3, "pivot": [-0.98608, 23.92357, 5.51073], "rotation": [0, 0, 45], "uv": [30, 103]},
						{"origin": [0.45551, 23.67153, 3.17298], "size": [1.19565, 1.0389, 1.4778], "inflate": -0.3, "pivot": [1.10036, 23.86181, -8.50272], "rotation": [0, 0, -45], "uv": [34, 77]},
						{"origin": [0.45551, 23.67153, 4.04088], "size": [1.19565, 1.0389, 2.1147], "inflate": -0.3, "pivot": [1.10036, 23.86181, -7.12332], "rotation": [0, 0, -45], "uv": [26, 103]},
						{"origin": [-0.89118, 19.1597, -22.06241], "size": [1.84, 1.385, 2.02], "inflate": -0.5, "uv": [54, 101]},
						{"origin": [-0.19958, 19.2577, -22.06241], "size": [1.5089, 1.2625, 2.02], "inflate": -0.5, "pivot": [0.48382, 19.8802, -27.26241], "rotation": [0, 0, -46.75], "uv": [60, 101]},
						{"origin": [-1.24118, 19.53, -22.06241], "size": [2.54, 1.184, 2.02], "inflate": -0.5, "uv": [18, 99]},
						{"origin": [-1.20758, 19.3627, -22.06241], "size": [1.5089, 1.2625, 2.02], "inflate": -0.5, "pivot": [-0.53118, 19.9852, -27.26241], "rotation": [0, 0, 46.75], "uv": [66, 101]}
					]
				},
				{
					"name": "magazine",
					"parent": "gun",
					"pivot": [8, -3, 0],
					"cubes": [
						{"origin": [-1.7, 5.879, 0.575], "size": [3.4, 14.62, 5.425], "inflate": -0.495, "pivot": [0.1, 12.464, 3.5875], "rotation": [16.75, 0, 0], "uv": [112, 109]},
						{"origin": [-1.7, 5.454, 2.6], "size": [3.4, 2.095, 5.125], "inflate": -0.499, "pivot": [0.1, 6.414, 5.1625], "rotation": [4, 0, 0], "uv": [113, 101]},
						{"origin": [-1.7, 5.179, 1.575], "size": [3.4, 1.42, 6.175], "inflate": -0.499, "uv": [112, 95]}
					]
				},
				{
					"name": "rightarm",
					"parent": "main",
					"pivot": [-4.8, 10.525, 20.9],
					"rotation": [-104.56106, -12.40003, -2.46982],
					"cubes": [
						{"origin": [-8.8, -13.475, 17.6], "size": [8, 24, 8], "uv": [224, 224]}
					]
				},
				{
					"name": "leftarm",
					"parent": "main",
					"pivot": [6.65252, 1.53744, 10.79851],
					"rotation": [-118.95832, 6.70101, -29.35181],
					"cubes": [
						{"origin": [6.35406, -14.36737, 0.74934], "size": [8, 24, 8], "uv": [224, 224]}
					]
				},
				{
					"name": "muzzleflash",
					"parent": "main",
					"pivot": [0, 22.075, -22.35],
					"cubes": [
						{"origin": [-0.5, 22.325, -22.65], "size": [1, 1, 1], "inflate": -0.4, "uv": [94, 57]}
					]
				},
				{
					"name": "scope",
					"parent": "main",
					"pivot": [0, 23.75, 23.225],
					"cubes": [
						{"origin": [-0.5, 24.2, 22.925], "size": [1, 1, 1], "inflate": -0.4, "uv": [32, 110]}
					]
				},
				{
					"name": "_camera_",
					"pivot": [6.825, 33.725, 26.45]
				}
			]
		}
	]
}