{
	"format_version": "1.12.0",
	"minecraft:geometry": [
		{
			"description": {
				"identifier": "geometry.unknown",
				"texture_width": 256,
				"texture_height": 256,
				"visible_bounds_width": 12,
				"visible_bounds_height": 6,
				"visible_bounds_offset": [0, 2, 0]
			},
			"bones": [
				{
					"name": "bb_main",
					"pivot": [0, 0, 0]
				},
				{
					"name": "main",
					"pivot": [0, 20, 0]
				},
				{
					"name": "gun",
					"parent": "main",
					"pivot": [1.5304, 1.6145, 0.7],
					"cubes": [
						{"origin": [-2.44504, 20.31487, -26.45854], "size": [1.64681, 4.18726, 33.86261], "inflate": -0.395, "uv": [108, 0]},
						{"origin": [-1.59822, 20.31487, -26.55854], "size": [4.09317, 4.18726, 34.01261], "inflate": -0.399, "uv": [106, 100]},
						{"origin": [-2.44822, 17.73987, 6.46646], "size": [4.94317, 3.38726, 1.23761], "inflate": -0.399, "uv": [224, 136]},
						{"origin": [-2.44822, 20.31487, 6.49146], "size": [2.21817, 4.18726, 1.21261], "inflate": -0.398, "uv": [20, 226]},
						{"origin": [0.27678, 20.31487, 6.61646], "size": [2.21817, 4.18726, 1.08761], "inflate": -0.398, "uv": [20, 226]},
						{"origin": [-2.54822, 22.51487, 4.66646], "size": [5.21817, 1.3, 1.3], "inflate": -0.4, "pivot": [0.62336, 22.8085, 4.94776], "rotation": [-22.5, 0, 0], "uv": [160, 52]},
						{"origin": [-2.54822, 21.11487, 0.56646], "size": [5.21817, 1.4, 1.4], "inflate": -0.4, "pivot": [0.62336, 21.4085, 0.94776], "rotation": [-22.5, 0, 0], "uv": [20, 210]},
						{"origin": [-2.54822, 20.01487, -18.83354], "size": [5.21817, 1.4, 1.4], "inflate": -0.4, "pivot": [0.62336, 20.3085, -18.45224], "rotation": [-22.5, 0, 0], "uv": [216, 192]},
						{"origin": [-3.24822, 22.81487, -22.93354], "size": [6.51817, 1.5, 1.5], "inflate": -0.4, "pivot": [0.62336, 23.2085, -22.55224], "rotation": [-22.5, 0, 0], "uv": [146, 52]},
						{"origin": [-3.04822, 22.31487, -25.73354], "size": [6.11817, 2.2, 8.6], "inflate": -0.4, "uv": [200, 208]},
						{"origin": [-2.54822, 20.61487, -24.83354], "size": [5.21817, 1.5, 1.5], "inflate": -0.4, "pivot": [0.62336, 21.0085, -24.45224], "rotation": [-22.5, 0, 0], "uv": [220, 167]},
						{"origin": [-2.54822, 19.31487, -12.63354], "size": [5.21817, 1.7, 1.7], "inflate": -0.4, "pivot": [0.62336, 19.9085, -12.25224], "rotation": [-22.5, 0, 0], "uv": [220, 167]},
						{"origin": [-2.54822, 19.61599, -10.87111], "size": [5.21817, 1.7, 1.7], "inflate": -0.4, "pivot": [0.06086, 20.46599, -10.02111], "rotation": [22.5, 0, 0], "uv": [220, 167]},
						{"origin": [-2.54822, 18.91487, -5.63354], "size": [5.21817, 1.7, 1.7], "inflate": -0.4, "pivot": [0.62336, 19.5085, -5.25224], "rotation": [-22.5, 0, 0], "uv": [220, 167]},
						{"origin": [-1.00506, 21.61487, -99.65854], "size": [2.2, 2.2, 52.96261], "inflate": -0.4, "pivot": [-0.00506, 22.81487, -57.27724], "rotation": [0, 0, 22.5], "uv": [0, 0]},
						{"origin": [-1.15506, 21.48987, -97.85854], "size": [2.4, 2.4, 3.86261], "inflate": -0.4, "pivot": [0.04494, 22.68987, -81.07724], "rotation": [0, 0, 22.5], "uv": [132, 211]},
						{"origin": [-1.08006, 21.56487, -94.80854], "size": [2.275, 2.275, 5.16261], "inflate": -0.4, "pivot": [0.01994, 22.71487, -78.02724], "rotation": [0, 0, 22.5], "uv": [218, 120]},
						{"origin": [-1.65506, 20.03987, -94.00854], "size": [3.175, 3.175, 1.56261], "inflate": -0.399, "pivot": [0.01994, 21.51487, -77.22724], "rotation": [0, 0, 45], "uv": [116, 225]},
						{"origin": [-1.65506, 20.16487, -91.30854], "size": [3.05, 3.05, 1.56261], "inflate": -0.4, "pivot": [0.01994, 21.51487, -74.52724], "rotation": [0, 0, 45], "uv": [116, 225]},
						{"origin": [-1.25506, 19.86487, -91.30854], "size": [2.6, 2.25, 1.56261], "inflate": -0.398, "uv": [186, 229]},
						{"origin": [-0.85506, 16.66487, -92.33354], "size": [1.8, 4.2, 2.58761], "inflate": -0.4, "uv": [124, 225]},
						{"origin": [-0.85506, 18.26487, -94.00854], "size": [1.8, 2.6, 2.48761], "inflate": -0.399, "uv": [44, 228]},
						{"origin": [-0.85506, 16.76487, -93.58354], "size": [1.8, 3.1, 2.26261], "inflate": -0.4, "pivot": [0.04494, 18.56487, -92.45223], "rotation": [46.25, 0, 0], "uv": [130, 227]},
						{"origin": [-0.58126, 20.18599, -91.30854], "size": [2.425, 1.25, 1.56261], "inflate": -0.399, "pivot": [0.64374, 21.31099, -90.52724], "rotation": [0, 0, -65.5], "uv": [230, 131]},
						{"origin": [-1.76874, 20.18599, -91.30854], "size": [2.425, 1.25, 1.56261], "inflate": -0.399, "pivot": [-0.56874, 21.31099, -90.52724], "rotation": [0, 0, 65.5], "uv": [230, 131], "mirror": true},
						{"origin": [-0.50506, 20.08987, -97.35854], "size": [1.5, 1.5, 2.46261], "inflate": -0.4, "pivot": [-0.20506, 21.28987, -80.97724], "rotation": [0, 0, 22.5], "uv": [228, 53]},
						{"origin": [-0.20506, 20.38987, -96.00854], "size": [1.1, 1.1, 52.86261], "inflate": -0.4, "pivot": [-0.30506, 21.58987, -55.22724], "rotation": [0, 0, 22.5], "uv": [0, 54]},
						{"origin": [-0.95506, 19.68987, -97.85854], "size": [2, 3.4, 2.41261], "inflate": -0.4, "uv": [82, 211]},
						{"origin": [-0.95506, 19.96487, -96.48354], "size": [2, 3.4, 1.76261], "inflate": -0.401, "pivot": [0.04494, 21.66487, -96.05224], "rotation": [-28, 0, 0], "uv": [212, 96]},
						{"origin": [-0.45506, 19.98987, -60.20407], "size": [1, 3.1, 2.26261], "uv": [26, 226]},
						{"origin": [-0.45506, 19.98987, -74.85407], "size": [1, 3.1, 1.36261], "uv": [144, 231]},
						{"origin": [-0.45506, 21.18987, -62.30407], "size": [1, 1.9, 2.11261], "uv": [228, 56]},
						{"origin": [-1.18006, 21.48987, -63.55854], "size": [2.4, 2.4, 6.06261], "inflate": -0.4, "pivot": [0.01994, 22.68987, -47.07724], "rotation": [0, 0, 22.5], "uv": [58, 158]},
						{"origin": [-1.18006, 21.48987, -75.25854], "size": [2.4, 2.4, 2.16261], "inflate": -0.4, "pivot": [0.01994, 22.68987, -58.77724], "rotation": [0, 0, 22.5], "uv": [108, 225]},
						{"origin": [-1.20506, 21.56487, -49.45854], "size": [2.425, 2.4, 2.96261], "inflate": -0.4, "pivot": [-0.18006, 22.68987, -32.67724], "rotation": [0, 0, 22.5], "uv": [218, 224]},
						{"origin": [-1.23006, 25.01487, -59.85854], "size": [2.5, 2.5, 13.16261], "inflate": -0.4, "pivot": [0.06994, 26.21487, -57.27724], "rotation": [0, 0, 22.5], "uv": [146, 37]},
						{"origin": [-0.83006, 22.71487, -60.25854], "size": [1.7, 3.1, 2.66261], "inflate": -0.4, "uv": [32, 226]},
						{"origin": [-0.83006, 22.71487, -97.55854], "size": [1.7, 2.5, 3.66261], "inflate": -0.4, "uv": [224, 148]},
						{"origin": [-0.83006, 25.61487, -97.55854], "size": [1.7, 3.375, 2.91261], "inflate": -0.399, "uv": [226, 68]},
						{"origin": [0.24494, 27.81487, -97.55854], "size": [1, 1.575, 2.91261], "inflate": -0.4, "pivot": [0.75744, 28.91487, -96.10224], "rotation": [0, 0, 43], "uv": [228, 59]},
						{"origin": [-1.14494, 29.21013, -97.55854], "size": [1, 1.325, 2.91261], "inflate": -0.4, "pivot": [-0.65744, 29.78513, -96.10224], "rotation": [0, 0, 43], "uv": [228, 62]},
						{"origin": [-1.24494, 28.51487, -97.55854], "size": [1, 1.6, 2.91261], "inflate": -0.4, "uv": [228, 65]},
						{"origin": [-1.21994, 27.81487, -97.55854], "size": [1, 1.575, 2.91261], "inflate": -0.4, "pivot": [-0.73244, 28.91487, -96.10224], "rotation": [0, 0, -43], "uv": [180, 228]},
						{"origin": [0.16994, 29.21013, -97.55854], "size": [1, 1.325, 2.91261], "inflate": -0.4, "pivot": [0.68244, 29.78513, -96.10224], "rotation": [0, 0, -43], "uv": [228, 206]},
						{"origin": [0.26994, 28.51487, -97.55854], "size": [1, 1.6, 2.91261], "inflate": -0.4, "uv": [228, 209]},
						{"origin": [-0.52, 28.11487, -96.44371], "size": [1.1, 2.15, 1.1], "inflate": -0.5, "pivot": [0.0445, 29.03362, -95.89371], "rotation": [0, -22.5, 0], "uv": [230, 198]},
						{"origin": [-0.6055, 28.01487, -96.54371], "size": [1.3, 1.725, 1.3], "inflate": -0.5, "uv": [172, 52]},
						{"origin": [-0.83006, 24.41487, -97.55854], "size": [1.7, 4.3, 1.16261], "inflate": -0.4, "uv": [162, 205]},
						{"origin": [-0.83006, 24.28987, -95.53354], "size": [1.7, 4.425, 1.26261], "inflate": -0.4, "pivot": [0.01994, 26.56487, -94.90224], "rotation": [12, 0, 0], "uv": [148, 227]},
						{"origin": [-0.83006, 22.31487, -60.65854], "size": [1.7, 4.7, 2.96261], "inflate": -0.399, "pivot": [0.01994, 24.51487, -59.27724], "rotation": [-24, 0, 0], "uv": [68, 150]},
						{"origin": [-0.83006, 20.81487, -60.65854], "size": [1.7, 3.8, 2.86261], "inflate": -0.4, "pivot": [0.01994, 24.31487, -59.27724], "rotation": [-54, 0, 0], "uv": [226, 73]},
						{"origin": [-1.59822, 23.70213, -23.73447], "size": [4.09317, 2.02318, 20.18673], "inflate": -0.4, "uv": [0, 172]},
						{"origin": [-2.44822, 23.70213, -24.03447], "size": [4.94317, 2.67318, 1.1], "inflate": -0.4, "uv": [162, 224]},
						{"origin": [-2.44822, 23.70213, -25.75947], "size": [4.94317, 1.1, 2.525], "inflate": -0.4, "uv": [212, 221]},
						{"origin": [-2.24822, 24.00213, -25.73447], "size": [4.54317, 2, 2.5], "inflate": -0.4, "uv": [220, 155]},
						{"origin": [-2.24822, 24.20213, -25.63447], "size": [4.54317, 2, 2.55], "inflate": -0.399, "pivot": [0.04836, 25.20213, -24.35947], "rotation": [12, 0, 0], "uv": [220, 159]},
						{"origin": [-2.44822, 23.70213, -25.23447], "size": [4.94317, 1.1, 2.3], "inflate": -0.402, "pivot": [0.02336, 24.25213, -23.98447], "rotation": [45, 0, 0], "uv": [222, 35]},
						{"origin": [-2.04822, 23.90213, -32.78447], "size": [4.14317, 4.74818, 7.43673], "inflate": -0.398, "uv": [40, 212]},
						{"origin": [-1.09822, 28.25213, -30.40947], "size": [2.24317, 1.07318, 8.61173], "inflate": -0.4, "pivot": [0.03586, 28.78872, -25.9536], "rotation": [-1.5, 0, 0], "uv": [216, 169]},
						{"origin": [-2.27322, 28.27713, -22.45947], "size": [2.54317, 2.02318, 1.11173], "inflate": -0.4, "pivot": [0.03586, 28.81372, -25.8036], "rotation": [-1.5, 0, 0], "uv": [228, 212]},
						{"origin": [-0.19822, 28.27713, -22.45947], "size": [2.54317, 2.02318, 1.11173], "inflate": -0.4, "pivot": [0.03586, 28.81372, -25.8036], "rotation": [-1.5, 0, 0], "uv": [228, 215]},
						{"origin": [0.35178, 27.20213, -31.10947], "size": [1.14317, 2.27318, 3.68673], "inflate": -0.399, "uv": [172, 224]},
						{"origin": [0.35178, 28.37713, -30.30947], "size": [1.14317, 1.37318, 1.38673], "inflate": -0.4, "pivot": [0.92336, 29.06372, -29.6161], "rotation": [45, 0, 0], "uv": [230, 153]},
						{"origin": [-1.44822, 28.37713, -30.30947], "size": [1.14317, 1.37318, 1.38673], "inflate": -0.4, "pivot": [-0.87664, 29.06372, -29.6161], "rotation": [45, 0, 0], "uv": [196, 231]},
						{"origin": [0.35178, 27.40213, -28.23447], "size": [1.14317, 1.67318, 1.46173], "inflate": -0.399, "uv": [200, 231]},
						{"origin": [-1.44822, 27.968, -28.28447], "size": [1.14317, 1.14818, 1.36173], "inflate": -0.4, "pivot": [-0.17664, 28.81372, -27.4286], "rotation": [-45, 0, 0], "uv": [204, 231]},
						{"origin": [0.35178, 27.968, -28.28447], "size": [1.14317, 1.14818, 1.36173], "inflate": -0.4, "pivot": [0.22336, 28.81372, -27.4286], "rotation": [-45, 0, 0], "uv": [208, 231]},
						{"origin": [0.35178, 27.10213, -26.78447], "size": [1.14317, 1.32318, 4.91173], "inflate": -0.399, "uv": [190, 219]},
						{"origin": [0.10178, 27.90213, -25.10947], "size": [2.44317, 2, 2], "inflate": -0.4, "pivot": [0.87336, 28.80213, -24.00947], "rotation": [-45, 0, 0], "uv": [60, 225]},
						{"origin": [-2.39822, 27.50213, -22.83447], "size": [5.44317, 1.9, 1.9], "inflate": -0.4, "pivot": [0.87336, 28.50213, -21.73447], "rotation": [-45, 0, 0], "uv": [222, 38]},
						{"origin": [-3.19822, 27.40213, -22.93447], "size": [1.64317, 2.1, 2.1], "inflate": -0.4, "pivot": [0.87336, 28.50213, -21.73447], "rotation": [-45, 0, 0], "uv": [38, 228]},
						{"origin": [-3.62322, 27.30213, -23.03447], "size": [1.24317, 2.3, 2.3], "inflate": -0.4, "pivot": [-4.55164, 28.50213, -21.73447], "rotation": [-45, 0, 0], "uv": [210, 227]},
						{"origin": [1.60178, 28.10213, -24.90947], "size": [1.24317, 1.6, 1.6], "inflate": -0.4, "pivot": [1.17336, 28.80213, -24.00947], "rotation": [-45, 0, 0], "uv": [212, 231]},
						{"origin": [-2.79822, 28.10213, -24.90947], "size": [1.24317, 1.6, 1.6], "inflate": -0.4, "pivot": [-1.92664, 28.80213, -24.00947], "rotation": [-45, 0, 0], "uv": [216, 231]},
						{"origin": [-2.49822, 27.90213, -25.10947], "size": [2.44317, 2, 2], "inflate": -0.4, "pivot": [-1.62664, 28.80213, -24.00947], "rotation": [-45, 0, 0], "uv": [68, 225]},
						{"origin": [-1.44822, 27.40213, -27.65947], "size": [1.14317, 1.32318, 4.91173], "inflate": -0.4, "pivot": [-0.17664, 28.06372, -25.2036], "rotation": [-10, 0, 0], "uv": [40, 223]},
						{"origin": [0.35178, 27.40213, -27.65947], "size": [1.14317, 1.32318, 4.91173], "inflate": -0.4, "pivot": [0.22336, 28.06372, -25.2036], "rotation": [-10, 0, 0], "uv": [50, 223]},
						{"origin": [-1.44822, 27.20213, -31.10947], "size": [1.14317, 2.27318, 3.68673], "inflate": -0.399, "uv": [190, 224]},
						{"origin": [-1.44822, 27.40213, -28.23447], "size": [1.14317, 1.67318, 1.46173], "inflate": -0.399, "uv": [226, 231]},
						{"origin": [-1.44822, 27.10213, -26.78447], "size": [1.14317, 1.32318, 4.91173], "inflate": -0.399, "uv": [224, 81]},
						{"origin": [-2.79483, 24.62713, -47.13447], "size": [5.59859, 3.22318, 14.38673], "inflate": -0.4, "uv": [108, 37]},
						{"origin": [0.28017, 17.45251, 6.5196], "size": [2.09859, 6.54818, 8.01173], "inflate": -0.401, "pivot": [0.02946, 22.67669, 10.25044], "rotation": [-6, 0, 0], "uv": [162, 210]},
						{"origin": [-2.31983, 17.45251, 13.7196], "size": [4.69859, 6.54818, 22.31173], "inflate": -0.401, "pivot": [0.02946, 22.67669, 10.25044], "rotation": [-6, 0, 0], "uv": [114, 170]},
						{"origin": [-2.31983, 15.63742, 6.73317], "size": [4.69859, 2.14818, 16.41173], "inflate": -0.4, "pivot": [0.02947, 18.91151, 18.33904], "rotation": [-11, 0, 0], "uv": [176, 0]},
						{"origin": [-2.31983, 16.3266, 16.57586], "size": [4.69859, 2.44818, 6.81173], "inflate": -0.402, "pivot": [0.02947, 17.40069, 16.08173], "rotation": [-28.5, 0, 0], "uv": [216, 178]},
						{"origin": [-2.31983, 12.4475, 17.37482], "size": [4.69859, 2.44818, 5.13673], "inflate": -0.399, "pivot": [0.02947, 13.67159, 20.78069], "rotation": [-63.5, 0, 0], "uv": [216, 11]},
						{"origin": [-2.31983, 10.2225, 19.82482], "size": [4.69859, 2.44818, 5.08673], "inflate": -0.403, "pivot": [0.02947, 11.44659, 21.50569], "rotation": [-81, 0, 0], "uv": [234, 11]},
						{"origin": [-2.31983, 9.15251, 22.2196], "size": [4.69859, 9.12318, 13.81173], "inflate": -0.399, "pivot": [0.02946, 22.67669, 10.25044], "rotation": [-6, 0, 0], "uv": [176, 18]},
						{"origin": [-2.11983, 9.35251, 35.2196], "size": [4.29859, 14.52318, 1.41173], "inflate": -0.401, "pivot": [0.02946, 22.67669, 10.25044], "rotation": [-6, 0, 0], "uv": [58, 143]},
						{"origin": [-2.31983, 17.45251, 6.5196], "size": [2.09859, 6.54818, 8.01173], "inflate": -0.401, "pivot": [0.02946, 22.67669, 10.25044], "rotation": [-6, 0, 0], "uv": [62, 211]},
						{"origin": [-1.01983, 21.45251, 6.2196], "size": [2.09859, 2.34818, 4.41173], "inflate": -0.4, "pivot": [0.02946, 22.67669, 10.25044], "rotation": [-6, 0, 0], "uv": [218, 127]},
						{"origin": [0.00316, 21.74228, 8.77574], "size": [1.5, 2.19818, 1.5], "inflate": -0.4, "pivot": [0.02946, 22.67669, 10.25044], "rotation": [-8.45453, 44.68698, -5.96737], "uv": [178, 231]},
						{"origin": [-1.04483, 17.45251, 9.6196], "size": [2.14859, 6.54818, 4.91173], "inflate": -0.4, "pivot": [0.02946, 22.67669, 10.25044], "rotation": [-6, 0, 0], "uv": [218, 96]},
						{"origin": [-1.47147, 17.45252, 9.88713], "size": [1.57359, 6.54818, 1.18673], "inflate": -0.402, "pivot": [0.02946, 22.67669, 10.25044], "rotation": [-8.88456, -47.4056, 6.56454], "uv": [162, 198]},
						{"origin": [-0.04919, 17.45252, 9.88052], "size": [1.57359, 6.54818, 1.18673], "inflate": -0.402, "pivot": [0.02946, 22.67669, 10.25044], "rotation": [-8.88456, 47.4056, -6.56454], "uv": [226, 194]},
						{"origin": [-2.47134, 26.65577, -47.89774], "size": [2.56826, 1.81702, 1.80739], "inflate": -0.4, "pivot": [-1.38763, 27.49178, -40.64405], "rotation": [0, 0, -47], "uv": [68, 156]},
						{"origin": [-0.09318, 26.65577, -47.89774], "size": [2.56826, 1.81702, 1.80739], "inflate": -0.4, "pivot": [1.39138, 27.49178, -40.64405], "rotation": [0, 0, 47], "uv": [82, 216]},
						{"origin": [-1.44475, 27.01202, -47.89774], "size": [2.90173, 2.05452, 1.80739], "inflate": -0.399, "uv": [216, 228]},
						{"origin": [-2.68509, 24.23202, -47.89774], "size": [5.35866, 3.55202, 1.58239], "inflate": -0.399, "uv": [220, 163]},
						{"origin": [-2.47134, 26.65577, -33.59774], "size": [2.56826, 1.81702, 1.60739], "inflate": -0.4, "pivot": [-1.38763, 27.49178, -26.54405], "rotation": [0, 0, -47], "uv": [224, 153]},
						{"origin": [-0.09318, 26.65577, -33.59774], "size": [2.56826, 1.81702, 1.60739], "inflate": -0.4, "pivot": [1.39138, 27.49178, -26.54405], "rotation": [0, 0, 47], "uv": [228, 192]},
						{"origin": [-1.44475, 27.01202, -33.59774], "size": [2.90173, 2.05452, 1.60739], "inflate": -0.399, "uv": [56, 229]},
						{"origin": [-2.68509, 24.23202, -33.59774], "size": [5.35866, 3.55202, 1.60739], "inflate": -0.399, "uv": [108, 221]},
						{"origin": [-2.47134, 19.37721, -47.89774], "size": [2.56826, 1.81702, 1.80739], "inflate": -0.4, "pivot": [-1.38763, 20.35822, -40.64405], "rotation": [0, 0, 47], "uv": [192, 229]},
						{"origin": [-0.09318, 19.37721, -47.89774], "size": [2.56826, 1.81702, 1.80739], "inflate": -0.4, "pivot": [1.39138, 20.35822, -40.64405], "rotation": [0, 0, -47], "uv": [230, 18]},
						{"origin": [-1.44475, 18.78346, -47.89774], "size": [2.90173, 2.05452, 1.80739], "inflate": -0.399, "uv": [62, 229]},
						{"origin": [-2.68509, 20.06596, -47.89774], "size": [5.35866, 4.90202, 1.58239], "inflate": -0.399, "uv": [210, 35]},
						{"origin": [-2.79483, 20.90213, -35.23447], "size": [5.59859, 4.07318, 10.28673], "inflate": -0.399, "uv": [186, 180]},
						{"origin": [-2.79483, 20.90213, -44.95947], "size": [5.59859, 3.54818, 10.53673], "inflate": -0.398, "uv": [166, 177]},
						{"origin": [-1.48921, 18.54969, -47.13447], "size": [3.01235, 2.17318, 2.58673], "inflate": -0.4, "uv": [224, 144]},
						{"origin": [-0.26815, 18.00065, -47.13447], "size": [2.66133, 1.94, 2.58673], "inflate": -0.4, "pivot": [0.00895, 19.82449, -39.9411], "rotation": [0, 0, -47], "uv": [90, 227]},
						{"origin": [-2.3741, 18.00585, -47.13447], "size": [2.665, 1.924, 2.58673], "inflate": -0.4, "pivot": [0.00895, 19.82449, -39.9411], "rotation": [0, 0, 47], "uv": [82, 227]},
						{"origin": [-2.79483, 19.90213, -47.13447], "size": [5.59859, 5.07318, 2.98673], "inflate": -0.399, "uv": [218, 113]},
						{"origin": [-2.79483, 18.37713, -33.53447], "size": [5.59859, 3.34818, 7.28673], "inflate": -0.4, "uv": [108, 211]},
						{"origin": [-2.79483, 19.40213, -27.05947], "size": [5.59859, 2.32318, 2.11173], "inflate": -0.4, "uv": [198, 96]},
						{"origin": [-2.79483, 20.37713, -41.13447], "size": [5.59859, 4.07318, 9.23673], "inflate": -0.401, "pivot": [0.00446, 22.41372, -39.2411], "rotation": [-17.5, 0, 0], "uv": [198, 68]},
						{"origin": [-2.79483, 19.48271, -45.16059], "size": [5.59859, 4.07318, 10.83673], "inflate": -0.395, "pivot": [0.00446, 21.5193, -36.64223], "rotation": [-2.5, 0, 0], "uv": [168, 196]},
						{"origin": [-2.79483, 19.41044, -28.55679], "size": [5.59859, 1.67318, 2.43673], "inflate": -0.401, "pivot": [0.00446, 21.44703, -25.93843], "rotation": [39, 0, 0], "uv": [218, 133]},
						{"origin": [-1.48921, 27.02713, -47.13447], "size": [3.01235, 2.17318, 14.38673], "inflate": -0.4, "uv": [0, 194]},
						{"origin": [-1.48921, 19.57469, -45.58447], "size": [3.01235, 2.17318, 12.71173], "inflate": -0.4, "pivot": [0.00895, 20.84949, -39.3411], "rotation": [10, 0, 0], "uv": [198, 54]},
						{"origin": [-0.26815, 19.02565, -45.58447], "size": [2.66133, 1.94, 12.71173], "inflate": -0.4, "pivot": [0.00895, 20.84949, -39.3411], "rotation": [6.85716, 7.29617, -46.56229], "uv": [34, 199]},
						{"origin": [-2.3741, 19.03085, -45.58447], "size": [2.665, 1.924, 12.71173], "inflate": -0.4, "pivot": [0.00895, 20.84949, -39.3411], "rotation": [6.85716, -7.29617, 46.56229], "uv": [114, 198]},
						{"origin": [-0.0665, 26.65213, -47.13447], "size": [2.66133, 1.92318, 14.38673], "inflate": -0.4, "pivot": [1.47513, 27.56372, -39.9411], "rotation": [0, 0, 47], "uv": [74, 107]},
						{"origin": [-2.56983, 26.65213, -47.13447], "size": [2.66133, 1.92318, 14.38673], "inflate": -0.4, "pivot": [-1.45013, 27.56372, -39.9411], "rotation": [0, 0, -47], "uv": [74, 122]},
						{"origin": [-2.79483, 24.22713, -47.13447], "size": [5.59859, 1.22318, 2.98673], "inflate": -0.4, "uv": [59, 167]},
						{"origin": [-2.79483, 24.22713, -41.53447], "size": [5.59859, 1.22318, 3.78673], "inflate": -0.4, "uv": [34, 194]},
						{"origin": [-2.79483, 23.62713, -41.53447], "size": [5.59859, 1.32318, 3.78673], "inflate": -0.4, "uv": [30, 198]},
						{"origin": [-2.79483, 24.22713, -35.23447], "size": [5.59859, 1.22318, 2.48673], "inflate": -0.4, "uv": [212, 218]},
						{"origin": [-2.04822, 27.85213, -32.78447], "size": [4.14317, 1.77318, 2.48673], "inflate": -0.398, "uv": [224, 86]},
						{"origin": [-2.04822, 26.75213, -32.25947], "size": [4.14317, 2.49818, 2.48673], "inflate": -0.4, "pivot": [0.02336, 28.18872, -31.0161], "rotation": [35, 0, 0], "uv": [120, 221]},
						{"origin": [-2.04822, 26.10213, -26.38447], "size": [4.14317, 2.14818, 1.96173], "inflate": -0.4, "pivot": [0.02336, 27.18872, -25.6661], "rotation": [57, 0, 0], "uv": [198, 224]},
						{"origin": [-2.04822, 23.70213, -26.15947], "size": [4.14317, 4.27318, 3.23673], "inflate": -0.399, "uv": [218, 106]},
						{"origin": [-2.04822, 26.80213, -23.75947], "size": [4.14317, 1.17318, 1.93673], "inflate": -0.4, "uv": [224, 94]},
						{"origin": [-0.93959, 24.4902, 4.03998], "size": [1.92909, 1.99534, 2.44511], "inflate": -0.4, "uv": [68, 229]},
						{"origin": [-0.93959, 24.23145, 5.45134], "size": [1.92909, 2.18204, 1.27045], "inflate": -0.4, "pivot": [0.02495, 25.33713, 5.33384], "rotation": [23, 0, 0], "uv": [182, 231]},
						{"origin": [-2.44512, 23.70205, -4.34782], "size": [4.94015, 2.02334, 10.59936], "inflate": -0.399, "uv": [62, 199]},
						{"origin": [-2.44504, 24.26076, -12.02041], "size": [1.36454, 1.46454, 8.49619], "inflate": -0.4, "uv": [182, 210]},
						{"origin": [-0.93967, 22.76114, 3.80479], "size": [1.92925, 5.48117, 2.49379], "inflate": -0.399, "pivot": [-0.06914, 25.04303, 5.28691], "rotation": [43, 0, 0], "uv": [68, 143]},
						{"origin": [0.18941, 22.76114, 3.80479], "size": [1.59993, 4.39912, 2.49379], "inflate": -0.399, "pivot": [-0.06914, 25.04303, 5.28691], "rotation": [43, 0, 0], "uv": [108, 199]},
						{"origin": [-0.01099, 25.31305, 2.45754], "size": [1.45863, 2.16431, 2.49363], "inflate": -0.4, "pivot": [0.71833, 26.39521, 3.70436], "rotation": [36.85554, 23.933, -28.42107], "uv": [136, 227]},
						{"origin": [-0.66962, 23.36068, 2.45754], "size": [1.55272, 1.99965, 2.49363], "inflate": -0.4, "pivot": [0.71833, 26.39521, 3.70436], "rotation": [36.85554, 23.933, -28.42107], "uv": [98, 229]},
						{"origin": [0.98926, 22.76122, 3.80487], "size": [1.50568, 2.49363, 2.49363], "inflate": -0.398, "pivot": [-0.06914, 25.04303, 5.28691], "rotation": [43, 0, 0], "uv": [142, 227]},
						{"origin": [-0.93959, 22.50248, -23.72946], "size": [1.92909, 5.41043, 27.93444], "inflate": -0.4, "uv": [134, 138]},
						{"origin": [-2.44504, 18.21113, -26.59642], "size": [4.93998, 3.48158, 33.92992], "inflate": -0.4, "pivot": [1.5304, 19.83431, -2.81663], "rotation": [-2.75, 0, 0], "uv": [0, 107]},
						{"origin": [-1.02777, 14.61796, -9.82916], "size": [2.10545, 4.44975, 1], "inflate": -0.4, "pivot": [1.5304, 19.60931, -1.86663], "rotation": [-2, 0, 0], "uv": [226, 201]},
						{"origin": [-1.02777, 13.37518, -8.1851], "size": [2.10545, 5.12475, 1], "inflate": -0.4, "pivot": [0.02495, 14.65956, -7.97435], "rotation": [-93.75, 0, 0], "uv": [108, 205]},
						{"origin": [-1.02777, 16.51577, -7.17503], "size": [2.10545, 1.32475, 2.7], "inflate": -0.4, "pivot": [0.02495, 16.77291, -4.75735], "rotation": [-86.75, 0, 0], "uv": [50, 196]},
						{"origin": [-1.02777, 17.56028, -5.77588], "size": [2.10545, 1.87475, 1.975], "inflate": -0.4, "pivot": [0.02495, 18.57265, -4.65088], "rotation": [-140, 0, 0], "uv": [230, 20]},
						{"origin": [-1.02777, 13.02497, -4.21802], "size": [2.10545, 1.77475, 1], "inflate": -0.4, "pivot": [0.02495, 14.28735, -3.71802], "rotation": [-81.25, 0, 0], "uv": [230, 22]},
						{"origin": [-1.02777, 13.66194, -3.66511], "size": [2.10545, 1.84975, 1], "inflate": -0.4, "pivot": [0.02495, 14.67432, -3.16511], "rotation": [-51.25, 0, 0], "uv": [230, 24]},
						{"origin": [-1.02777, 14.63899, -4.57989], "size": [2.10545, 2.14975, 1.15], "inflate": -0.4, "pivot": [0.02495, 16.77291, -4.75735], "rotation": [-58.75, 0, 0], "uv": [104, 229]},
						{"origin": [-1.02777, 15.50467, -5.07403], "size": [2.10545, 2.07475, 1.25], "inflate": -0.4, "pivot": [0.02495, 16.77291, -4.75735], "rotation": [-23.25, 0, 0], "uv": [110, 229]},
						{"origin": [-1.02777, 14.69683, -9.70041], "size": [2.10545, 1.49975, 1], "inflate": -0.4, "pivot": [0.02495, 14.65956, -7.97435], "rotation": [17.5, 0, 0], "uv": [230, 26]},
						{"origin": [-1.02777, 14.79806, -9.16108], "size": [2.10545, 1.42475, 1], "inflate": -0.4, "pivot": [0.02495, 14.65956, -7.97435], "rotation": [55, 0, 0], "uv": [230, 28]},
						{"origin": [-1.02777, 14.21796, -3.17916], "size": [2.10545, 4.54975, 1], "inflate": -0.4, "pivot": [1.5304, 19.60931, 4.78337], "rotation": [-2, 0, 0], "uv": [226, 218]},
						{"origin": [-1.12777, 14.69296, -12.07916], "size": [2.30545, 6.77475, 3.05817], "inflate": -0.4, "pivot": [1.5304, 19.60931, -4.11663], "rotation": [-2, 0, 0], "uv": [152, 216]},
						{"origin": [-0.93959, 13.20754, -11.51015], "size": [1.92909, 2.63476, 1.05875], "inflate": -0.4, "pivot": [0.02495, 14.85424, -11.03958], "rotation": [22.5, 0, 0], "uv": [192, 231]},
						{"origin": [-0.93959, 14.29011, -12.51768], "size": [1.92909, 1.97613, 1.71738], "inflate": -0.4, "pivot": [0.02495, 14.5725, -10.85922], "rotation": [-59.5, 0, 0], "uv": [230, 231]},
						{"origin": [-1.97467, 14.88753, -3.10593], "size": [3.99924, 2.14038, 7.90423], "inflate": -0.395, "pivot": [0.02495, 18.16907, -1.99994], "rotation": [-1, 0, 0], "uv": [133, 217]},
						{"origin": [-1.97467, 16.18753, -3.10593], "size": [3.99924, 3.64038, 2.00423], "inflate": -0.39, "pivot": [0.02495, 18.66907, -1.99994], "rotation": [-1, 0, 0], "uv": [128, 233]},
						{"origin": [-1.97467, 16.28944, -2.31746], "size": [3.99924, 3.64038, 7.50423], "inflate": -0.389, "pivot": [0.02495, 18.10963, -1.31534], "rotation": [14.5, 0, 0], "uv": [109, 232]},
						{"origin": [-1.97451, 16.38132, 3.0983], "size": [3.99891, 2.44642, 2.26438], "inflate": -0.401, "pivot": [0.02495, 18.16907, -1.99994], "rotation": [-1, 0, 0], "uv": [230, 78]},
						{"origin": [-1.97459, 15.41792, 3.69325], "size": [3.99908, 1.85852, 1.56454], "inflate": -0.4, "pivot": [0.02495, 16.64121, 4.57553], "rotation": [-36, 0, 0], "uv": [182, 136]},
						{"origin": [-1.97459, 14.00656, -2.45808], "size": [3.99908, 2.25852, 1.36454], "inflate": -0.4, "pivot": [0.02495, 15.22985, -1.77581], "rotation": [61, 0, 0], "uv": [226, 223]},
						{"origin": [-1.97459, 5.69257, -2.18416], "size": [3.99908, 13.07881, 6.39271], "inflate": -0.399, "pivot": [0.02495, 16.70128, 1.22106], "rotation": [18, 0, 0], "uv": [90, 199]},
						{"origin": [-1.97459, 4.56349, -2.18416], "size": [3.99908, 1.97613, 5.33419], "inflate": -0.4, "pivot": [0.02495, 16.70128, 1.22106], "rotation": [18, 0, 0], "uv": [216, 186]},
						{"origin": [-1.97451, 4.38729, 0.4097], "size": [3.99891, 2.69642, 2.62142], "inflate": -0.401, "pivot": [0.02495, 6.08981, 1.93723], "rotation": [-27, 0, 0], "uv": [224, 140]},
						{"origin": [-1.97467, 4.97827, 5.55738], "size": [3.99924, 1.97629, 2.35266], "inflate": -0.399, "pivot": [0.02495, 5.96642, 5.62814], "rotation": [65, 0, 0], "uv": [208, 224]},
						{"origin": [-0.14923, 25.41928, -23.72946], "size": [1.9385, 1.67034, 28.68717], "inflate": -0.4, "uv": [0, 143]},
						{"origin": [-1.92754, 25.96917, -23.72946], "size": [1.92909, 2.34363, 27.93444], "inflate": -0.4, "pivot": [-0.963, 25.13713, -10.30859], "rotation": [0, 0, 45], "uv": [58, 170]},
						{"origin": [-0.65732, 23.86679, 4.69873], "size": [1.24693, 3.05817, 1.27045], "inflate": -0.4, "pivot": [0.30722, 23.74929, -9.01484], "rotation": [0, 0, -45], "uv": [222, 228]},
						{"origin": [-1.80854, 23.18186, 4.08123], "size": [1.39988, 3.16408, 2.10556], "inflate": -0.5, "pivot": [-1.07332, 24.7639, 5.47509], "rotation": [0, -56.75, -45], "uv": [226, 226]},
						{"origin": [-1.62036, 23.18186, 5.1868], "size": [1.2117, 3.16408, 1.11761], "inflate": -0.5, "pivot": [-1.07332, 24.7639, 5.47509], "rotation": [0, -56.75, -45], "uv": [230, 30]},
						{"origin": [-1.47923, 23.18186, 5.1868], "size": [1.07057, 3.16408, 1.2117], "inflate": -0.5, "pivot": [-1.07332, 24.7639, 5.47509], "rotation": [0, -56.75, -45], "uv": [82, 230]},
						{"origin": [-0.75732, 23.86088, 5.06918], "size": [1.09409, 3.16408, 1.23523], "inflate": -0.5, "pivot": [0.30722, 23.74929, -9.01484], "rotation": [0, 0, -45], "uv": [86, 230]},
						{"origin": [-0.75732, 23.86088, 5.30441], "size": [1.04705, 3.16408, 1.04705], "inflate": -0.5, "pivot": [0.30722, 23.74929, -9.01484], "rotation": [0, 0, -45], "uv": [90, 230]},
						{"origin": [-0.05164, 25.24871, 4.01067], "size": [1.04705, 3.16408, 1.04705], "inflate": -0.5, "pivot": [1.0129, 25.13713, -10.30859], "rotation": [0, 0, -45], "uv": [94, 230]},
						{"origin": [-0.77355, 24.5697, 3.89305], "size": [1.07057, 3.16408, 1.2117], "inflate": -0.5, "pivot": [-0.36764, 26.15174, 4.18135], "rotation": [0, -56.75, -45], "uv": [230, 96]},
						{"origin": [-0.05164, 25.24871, 3.77544], "size": [1.09409, 3.16408, 1.23523], "inflate": -0.5, "pivot": [1.0129, 25.13713, -10.30859], "rotation": [0, 0, -45], "uv": [230, 100]},
						{"origin": [-0.91468, 24.5697, 3.89305], "size": [1.2117, 3.16408, 1.11761], "inflate": -0.5, "pivot": [-0.36764, 26.15174, 4.18135], "rotation": [0, -56.75, -45], "uv": [230, 127]},
						{"origin": [-1.10286, 24.5697, 2.78749], "size": [1.39988, 3.16408, 2.10556], "inflate": -0.5, "pivot": [-0.36764, 26.15174, 4.18135], "rotation": [0, -56.75, -45], "uv": [0, 227]},
						{"origin": [0.04836, 25.25462, 3.40499], "size": [1.24693, 3.05817, 1.27045], "inflate": -0.4, "pivot": [1.0129, 25.13713, -10.30859], "rotation": [0, 0, -45], "uv": [230, 194]},
						{"origin": [-0.8332, 23.36068, 2.45754], "size": [1.55272, 1.99965, 2.49363], "inflate": -0.4, "pivot": [-0.66843, 26.39521, 3.70436], "rotation": [36.85554, -23.933, 28.42107], "uv": [116, 229]},
						{"origin": [-1.39774, 25.31305, 2.45754], "size": [1.45863, 2.16431, 2.49363], "inflate": -0.4, "pivot": [-0.66843, 26.39521, 3.70436], "rotation": [36.85554, -23.933, 28.42107], "uv": [160, 227]},
						{"origin": [-2.44504, 22.76122, 3.80487], "size": [1.50568, 2.49363, 2.49363], "inflate": -0.398, "pivot": [0.11904, 25.04303, 5.28691], "rotation": [43, 0, 0], "uv": [166, 227]},
						{"origin": [-1.73944, 22.76114, 3.80479], "size": [1.59993, 4.39912, 2.49379], "inflate": -0.399, "pivot": [0.11904, 25.04303, 5.28691], "rotation": [43, 0, 0], "uv": [76, 225]},
						{"origin": [-0.65732, 25.56042, -12.02041], "size": [1.835, 1.36454, 17.54266], "inflate": -0.4, "pivot": [0.30722, 23.74929, -10.30859], "rotation": [0, 0, -45], "uv": [182, 100]},
						{"origin": [-2.23164, 24.79685, -12.22041], "size": [1.66, 1.36454, 1.94266], "inflate": -0.4, "pivot": [-1.48914, 25.47912, -11.29908], "rotation": [0, 25, -45], "uv": [0, 232]},
						{"origin": [0.10131, 25.56042, -12.38447], "size": [1.07636, 1.36454, 1.16406], "inflate": -0.4, "pivot": [0.30722, 23.74929, -10.30859], "rotation": [0, 0, -45], "uv": [4, 232]},
						{"origin": [-1.73936, 25.50746, -12.37904], "size": [1.9385, 1.58216, 17.33675], "inflate": -0.4, "uv": [182, 118]},
						{"origin": [0.54836, 25.25462, -23.72946], "size": [1.42909, 3.05817, 12.15944], "inflate": -0.4, "pivot": [1.0129, 25.13713, -10.30859], "rotation": [0, 0, -45], "uv": [198, 81]},
						{"origin": [0.04836, 25.25462, -12.37946], "size": [1.92909, 3.05817, 16.58444], "inflate": -0.4, "pivot": [1.0129, 25.13713, -10.30859], "rotation": [0, 0, -45], "uv": [190, 136]},
						{"origin": [-1.04095, 24.77235, -12.60446], "size": [1.42909, 3.05817, 1.40944], "inflate": -0.4, "pivot": [-0.15141, 26.30144, -11.92474], "rotation": [0, 25, -45], "uv": [18, 231]},
						{"origin": [-1.24539, 25.25462, 3.40499], "size": [1.24693, 3.05817, 1.27045], "inflate": -0.4, "pivot": [-0.963, 25.13713, -10.30859], "rotation": [0, 0, 45], "uv": [22, 231]},
						{"origin": [-0.99255, 25.24871, 3.77544], "size": [1.09409, 3.16408, 1.23523], "inflate": -0.5, "pivot": [-0.963, 25.13713, -10.30859], "rotation": [0, 0, 45], "uv": [26, 231]},
						{"origin": [-0.9455, 25.24871, 4.01067], "size": [1.04705, 3.16408, 1.04705], "inflate": -0.5, "pivot": [-0.963, 25.13713, -10.30859], "rotation": [0, 0, 45], "uv": [30, 231]},
						{"origin": [-0.53971, 23.86679, 4.69873], "size": [1.24693, 3.05817, 1.27045], "inflate": -0.4, "pivot": [-0.25732, 23.74929, -9.01484], "rotation": [0, 0, 45], "uv": [34, 231]},
						{"origin": [0.45856, 23.18186, 4.08123], "size": [1.39988, 3.16408, 2.10556], "inflate": -0.5, "pivot": [1.12322, 24.7639, 5.47509], "rotation": [0, 56.75, 45], "uv": [6, 227]},
						{"origin": [0.45856, 23.18186, 5.1868], "size": [1.2117, 3.16408, 1.11761], "inflate": -0.5, "pivot": [1.12322, 24.7639, 5.47509], "rotation": [0, 56.75, 45], "uv": [74, 231]},
						{"origin": [0.45856, 23.18186, 5.1868], "size": [1.07057, 3.16408, 1.2117], "inflate": -0.5, "pivot": [1.12322, 24.7639, 5.47509], "rotation": [0, 56.75, 45], "uv": [78, 231]},
						{"origin": [-0.28687, 23.86088, 5.06918], "size": [1.09409, 3.16408, 1.23523], "inflate": -0.5, "pivot": [-0.25732, 23.74929, -9.01484], "rotation": [0, 0, 45], "uv": [122, 231]},
						{"origin": [-0.23982, 23.86088, 5.30441], "size": [1.04705, 3.16408, 1.04705], "inflate": -0.5, "pivot": [-0.25732, 23.74929, -9.01484], "rotation": [0, 0, 45], "uv": [126, 231]},
						{"origin": [-0.24712, 24.5697, 2.78749], "size": [1.39988, 3.16408, 2.10556], "inflate": -0.5, "pivot": [0.41754, 26.15174, 4.18135], "rotation": [0, 56.75, 45], "uv": [12, 227]},
						{"origin": [-0.24712, 24.5697, 3.89305], "size": [1.2117, 3.16408, 1.11761], "inflate": -0.5, "pivot": [0.41754, 26.15174, 4.18135], "rotation": [0, 56.75, 45], "uv": [136, 231]},
						{"origin": [-0.24712, 24.5697, 3.89305], "size": [1.07057, 3.16408, 1.2117], "inflate": -0.5, "pivot": [0.41754, 26.15174, 4.18135], "rotation": [0, 56.75, 45], "uv": [140, 231]},
						{"origin": [-1.22186, 23.86679, -23.72946], "size": [1.92909, 3.05817, 29.25171], "inflate": -0.4, "pivot": [-0.25732, 23.74929, -10.30859], "rotation": [0, 0, 45], "uv": [74, 138]}
					]
				},
				{
					"name": "magazine",
					"parent": "gun",
					"pivot": [0.04836, 6.36057, -23.97188],
					"cubes": [
						{"origin": [-1.79822, 10.96151, -20.49683], "size": [3.69317, 10.28726, 7.11261], "inflate": -0.397, "pivot": [0.04836, 8.60797, -21.27581], "rotation": [-10, 0, 0], "uv": [0, 210]},
						{"origin": [-1.19822, 11.76151, -22.49683], "size": [2.49317, 9.48726, 2.81261], "inflate": -0.397, "pivot": [0.04836, 8.60797, -21.27581], "rotation": [-10, 0, 0], "uv": [100, 218]},
						{"origin": [-1.79822, 2.94081, -21.88066], "size": [3.69317, 11.23726, 7.11261], "inflate": -0.398, "pivot": [0.04836, 8.60797, -21.27581], "rotation": [-30, 0, 0], "uv": [142, 198]},
						{"origin": [-1.19822, -4.73419, -33.98066], "size": [2.49317, 7.46226, 2.81261], "inflate": -0.396, "pivot": [0.04836, 0.10797, -31.37581], "rotation": [-66, 0, 0], "uv": [182, 219]},
						{"origin": [-1.79822, -4.75919, -31.98066], "size": [3.69317, 7.58726, 7.11261], "inflate": -0.396, "pivot": [0.04836, 0.10797, -31.37581], "rotation": [-66, 0, 0], "uv": [20, 212]},
						{"origin": [-1.19822, 3.44081, -23.88066], "size": [2.49317, 10.63726, 2.81261], "inflate": -0.398, "pivot": [0.04836, 8.60797, -21.27581], "rotation": [-30, 0, 0], "uv": [48, 172]},
						{"origin": [-1.79822, -2.74941, -27.14734], "size": [3.69317, 10.68726, 7.11261], "inflate": -0.397, "pivot": [0.04836, 2.56922, -25.66604], "rotation": [-56, 0, 0], "uv": [210, 18]},
						{"origin": [-1.19822, -2.74941, -29.14734], "size": [2.49317, 10.58726, 2.81261], "inflate": -0.397, "pivot": [0.04836, 2.56922, -25.66604], "rotation": [-56, 0, 0], "uv": [50, 184]}
					]
				},
				{
					"name": "bipodfolded",
					"parent": "gun",
					"pivot": [0.51552, 17.92134, -50.698],
					"rotation": [-1, 0, 0],
					"cubes": [
						{"origin": [0.14494, 16.44393, -93.73336], "size": [3.1, 3, 43.98761], "inflate": -0.4, "uv": [106, 54]},
						{"origin": [-0.05506, 16.24393, -58.73336], "size": [3.5, 3.4, 2.68761], "inflate": -0.4, "uv": [246, 251]},
						{"origin": [-3.35506, 16.24393, -58.73336], "size": [4.1, 1, 2.68761], "inflate": -0.4, "uv": [234, 253]},
						{"origin": [-3.35506, 16.44393, -58.73336], "size": [1, 3.2, 2.68761], "inflate": -0.4, "uv": [250, 247]},
						{"origin": [-3.35506, 18.79393, -58.73336], "size": [1, 1.475, 2.68761], "inflate": -0.4, "pivot": [-2.85506, 19.19393, -57.38955], "rotation": [0, 0, -27.5], "uv": [242, 250]},
						{"origin": [1.74494, 16.44393, -50.55836], "size": [1.5, 3, 1.91261], "inflate": -0.4, "uv": [158, 231]},
						{"origin": [0.69494, 16.44393, -50.55836], "size": [1.85, 3, 1.51261], "inflate": -0.4, "uv": [162, 231]},
						{"origin": [0.31994, 16.44393, -50.55836], "size": [1.175, 3, 1.01261], "inflate": -0.4, "uv": [166, 231]},
						{"origin": [-0.25506, 15.66487, -50.03354], "size": [4.9, 4.5, 1.28761], "inflate": -0.399, "pivot": [1.69494, 17.96487, -49.38974], "rotation": [0, -27.5, 0], "uv": [224, 89]},
						{"origin": [0.74494, 19.36487, -50.03354], "size": [3.9, 3.2, 1.28761], "inflate": -0.402, "pivot": [1.69494, 17.96487, -49.38974], "rotation": [0, -27.5, 0], "uv": [152, 225]},
						{"origin": [0.2763, 18.41487, -49.5487], "size": [2.125, 3.475, 1.28761], "inflate": -0.4, "pivot": [2.6263, 20.96487, -48.9049], "rotation": [-10.91825, -25.39628, 24.21725], "uv": [50, 228]},
						{"origin": [0.2763, 13.91013, -49.5487], "size": [2.125, 3.475, 1.28761], "inflate": -0.4, "pivot": [2.6263, 14.83513, -48.9049], "rotation": [10.91825, -25.39628, -24.21725], "uv": [50, 228]},
						{"origin": [0.71994, 13.21487, -50.03354], "size": [3.925, 3.25, 1.28761], "inflate": -0.402, "pivot": [1.69494, 11.86487, -49.38974], "rotation": [0, -27.5, 0], "uv": [152, 225]},
						{"origin": [-4.54494, 19.36487, -50.03354], "size": [3.9, 3.2, 1.28761], "inflate": -0.402, "pivot": [-1.59494, 17.96487, -49.38974], "rotation": [0, 27.5, 0], "uv": [152, 225], "mirror": true},
						{"origin": [-2.3013, 18.41487, -49.5487], "size": [2.125, 3.475, 1.28761], "inflate": -0.4, "pivot": [-2.5263, 20.96487, -48.9049], "rotation": [-10.91825, 25.39628, -24.21725], "uv": [50, 228], "mirror": true},
						{"origin": [-2.3013, 13.91013, -49.5487], "size": [2.125, 3.475, 1.28761], "inflate": -0.4, "pivot": [-2.5263, 14.83513, -48.9049], "rotation": [10.91825, 25.39628, 24.21725], "uv": [50, 228], "mirror": true},
						{"origin": [-4.54494, 15.66487, -50.03354], "size": [4.9, 4.5, 1.28761], "inflate": -0.399, "pivot": [-1.59494, 17.96487, -49.38974], "rotation": [0, 27.5, 0], "uv": [224, 89], "mirror": true},
						{"origin": [-4.54494, 13.21487, -50.03354], "size": [3.925, 3.25, 1.28761], "inflate": -0.402, "pivot": [-1.59494, 11.86487, -49.38974], "rotation": [0, 27.5, 0], "uv": [152, 225], "mirror": true},
						{"origin": [-3.16994, 16.44393, -93.73336], "size": [3.1, 3, 43.98761], "inflate": -0.4, "uv": [106, 54], "mirror": true},
						{"origin": [-3.16994, 16.44393, -50.55836], "size": [1.5, 3, 1.91261], "inflate": -0.4, "uv": [158, 231], "mirror": true},
						{"origin": [-2.46994, 16.44393, -50.55836], "size": [1.85, 3, 1.51261], "inflate": -0.4, "uv": [162, 231], "mirror": true},
						{"origin": [-1.41994, 16.44393, -50.55836], "size": [1.175, 3, 1.01261], "inflate": -0.4, "uv": [166, 231], "mirror": true}
					]
				},
				{
					"name": "bipod",
					"parent": "gun",
					"pivot": [0.51552, 18.67134, -91.798],
					"rotation": [-91, 0, 0],
					"cubes": [
						{"origin": [-2.85506, 17.86487, -89.73354], "size": [5.8, 1.5, 1.38761], "inflate": -0.4, "uv": [138, 235]},
						{"origin": [0.14494, 17.16134, -93.72653], "size": [3.1, 3, 43.98761], "inflate": -0.4, "pivot": [0.71994, 18.65728, -91.92041], "rotation": [0, 30, 0], "uv": [106, 54]},
						{"origin": [-0.05506, 16.96134, -58.72653], "size": [3.5, 3.4, 2.68761], "inflate": -0.4, "pivot": [0.71994, 18.65728, -91.92041], "rotation": [0, 30, 0], "uv": [246, 251]},
						{"origin": [-3.35506, 16.96134, -58.72653], "size": [4.1, 1, 2.68761], "inflate": -0.4, "pivot": [0.71994, 18.65728, -91.92041], "rotation": [0, 30, 0], "uv": [234, 253]},
						{"origin": [-3.35506, 17.16134, -58.72653], "size": [1, 3.2, 2.68761], "inflate": -0.4, "pivot": [0.71994, 18.65728, -91.92041], "rotation": [0, 30, 0], "uv": [250, 247]},
						{"origin": [-2.37206, 21.02039, -58.72653], "size": [1, 1.475, 2.68761], "inflate": -0.4, "pivot": [0.71994, 18.65728, -91.92041], "rotation": [-14.92735, 26.32776, -31.01004], "uv": [242, 250]},
						{"origin": [1.74494, 17.16134, -50.55153], "size": [1.5, 3, 1.91261], "inflate": -0.4, "pivot": [0.71994, 18.65728, -91.92041], "rotation": [0, 30, 0], "uv": [158, 231]},
						{"origin": [0.69494, 17.16134, -50.55153], "size": [1.85, 3, 1.51261], "inflate": -0.4, "pivot": [0.71994, 18.65728, -91.92041], "rotation": [0, 30, 0], "uv": [162, 231]},
						{"origin": [0.31994, 17.16134, -50.55153], "size": [1.175, 3, 1.01261], "inflate": -0.4, "pivot": [0.71994, 18.65728, -91.92041], "rotation": [0, 30, 0], "uv": [166, 231]},
						{"origin": [19.27641, 16.38228, -55.28319], "size": [4.9, 4.5, 1.28761], "inflate": -0.399, "pivot": [0.71994, 18.65728, -91.92041], "rotation": [0, 2.5, 0], "uv": [224, 89]},
						{"origin": [20.27641, 20.08228, -55.28319], "size": [3.9, 3.2, 1.28761], "inflate": -0.402, "pivot": [0.71994, 18.65728, -91.92041], "rotation": [0, 2.5, 0], "uv": [152, 225]},
						{"origin": [17.27086, 26.90484, -55.28319], "size": [2.125, 3.475, 1.28761], "inflate": -0.4, "pivot": [0.71994, 18.65728, -91.92041], "rotation": [0.9269, 2.32192, 21.76878], "uv": [50, 228]},
						{"origin": [17.24131, 6.86066, -55.28319], "size": [2.125, 3.475, 1.28761], "inflate": -0.4, "pivot": [0.71994, 18.65728, -91.92041], "rotation": [-0.9269, 2.32192, -21.76878], "uv": [50, 228]},
						{"origin": [20.25141, 13.93228, -55.28319], "size": [3.925, 3.25, 1.28761], "inflate": -0.402, "pivot": [0.71994, 18.65728, -91.92041], "rotation": [0, 2.5, 0], "uv": [152, 225]},
						{"origin": [-24.12492, 20.08228, -55.18495], "size": [3.9, 3.2, 1.28761], "inflate": -0.402, "pivot": [-0.84494, 18.68228, -91.97041], "rotation": [0, -2.5, 0], "uv": [152, 225], "mirror": true},
						{"origin": [-19.36619, 26.84122, -55.18495], "size": [2.125, 3.475, 1.28761], "inflate": -0.4, "pivot": [-0.84494, 18.68228, -91.97041], "rotation": [0.9269, -2.32192, -21.76878], "uv": [50, 228], "mirror": true},
						{"origin": [-19.31812, 6.92784, -55.18495], "size": [2.125, 3.475, 1.28761], "inflate": -0.4, "pivot": [-0.84494, 18.68228, -91.97041], "rotation": [-0.9269, -2.32192, 21.76878], "uv": [50, 228], "mirror": true},
						{"origin": [-24.12492, 16.38228, -55.18495], "size": [4.9, 4.5, 1.28761], "inflate": -0.399, "pivot": [-0.84494, 18.68228, -91.97041], "rotation": [0, -2.5, 0], "uv": [224, 89], "mirror": true},
						{"origin": [-24.12492, 13.93228, -55.18495], "size": [3.925, 3.25, 1.28761], "inflate": -0.402, "pivot": [-0.84494, 18.68228, -91.97041], "rotation": [0, -2.5, 0], "uv": [152, 225], "mirror": true},
						{"origin": [-3.16994, 17.16134, -93.72653], "size": [3.1, 3, 43.98761], "inflate": -0.4, "pivot": [-0.84494, 18.68228, -91.97041], "rotation": [0, -30, 0], "uv": [106, 54], "mirror": true},
						{"origin": [-3.16994, 17.16134, -50.55153], "size": [1.5, 3, 1.91261], "inflate": -0.4, "pivot": [-0.84494, 18.68228, -91.97041], "rotation": [0, -30, 0], "uv": [158, 231], "mirror": true},
						{"origin": [-2.46994, 17.16134, -50.55153], "size": [1.85, 3, 1.51261], "inflate": -0.4, "pivot": [-0.84494, 18.68228, -91.97041], "rotation": [0, -30, 0], "uv": [162, 231], "mirror": true},
						{"origin": [-1.41994, 17.16134, -50.55153], "size": [1.175, 3, 1.01261], "inflate": -0.4, "pivot": [-0.84494, 18.68228, -91.97041], "rotation": [0, -30, 0], "uv": [166, 231], "mirror": true}
					]
				},
				{
					"name": "switch",
					"parent": "gun",
					"pivot": [-0.35141, 22.69077, -0.87602],
					"rotation": [22.5, 0, 0],
					"cubes": [
						{"origin": [-2.82156, 23.3256, -11.93193], "size": [1.45896, 1.74123, 8.9862], "inflate": -0.398, "uv": [82, 218]},
						{"origin": [-2.82148, 23.32569, -4.1929], "size": [1.4588, 1.74107, 2.21152], "inflate": -0.399, "pivot": [-1.99799, 24.24327, -3.60464], "rotation": [-46.5, 0, 0], "uv": [152, 229]},
						{"origin": [-2.8214, 22.29077, -12.11995], "size": [1.45863, 1.835, 10.11496], "inflate": -0.4, "pivot": [-1.99799, 23.20827, -7.29769], "rotation": [-12, 0, 0], "uv": [216, 0]},
						{"origin": [-3.29185, 22.29077, -12.11995], "size": [1.92909, 1.0163, 2.58772], "inflate": -0.4, "pivot": [-1.99799, 23.20827, -7.29769], "rotation": [-12, 0, 0], "uv": [172, 229]},
						{"origin": [-2.8214, 23.32577, -7.79178], "size": [1.45863, 1.7409, 5.7868], "inflate": -0.4, "pivot": [-1.99799, 23.20827, -7.29769], "rotation": [-12, 0, 0], "uv": [200, 218]},
						{"origin": [-2.82148, 21.27922, -3.06382], "size": [1.4588, 2.84663, 2.75254], "inflate": -0.399, "uv": [198, 227]},
						{"origin": [-2.8214, 21.32634, -1.93465], "size": [1.45863, 2.23488, 2.23488], "inflate": -0.4, "pivot": [-1.99799, 22.70253, -1.07596], "rotation": [45, 0, 0], "uv": [204, 227]},
						{"origin": [-3.00958, 21.32634, -1.93465], "size": [1.64681, 1.67034, 1.67034], "inflate": -0.4, "pivot": [-1.99799, 22.70253, -1.6405], "rotation": [45, 0, 0], "uv": [8, 232]}
					]
				},
				{
					"name": "action",
					"parent": "gun",
					"pivot": [-0.66721, 25.40033, -18.39122],
					"cubes": [
						{"origin": [-0.36914, 24.23724, -23.74765], "size": [3.51681, 2.49363, 12.81542], "inflate": -0.4, "pivot": [0.5954, 23.5552, -15.90859], "rotation": [0, 0, -45], "uv": [176, 40]},
						{"origin": [0.40586, 26.66224, -23.74765], "size": [1.46681, 1.26863, 12.81542], "inflate": -0.4, "pivot": [1.0954, 24.7552, -15.90859], "rotation": [0, 0, -45], "uv": [206, 40]},
						{"origin": [-2.15686, 23.50804, -23.74765], "size": [3.99908, 2.02318, 12.7919], "inflate": -0.4, "uv": [190, 155]},
						{"origin": [-1.48186, 24.78304, -23.74765], "size": [1.49908, 2.12318, 12.7919], "inflate": -0.4, "uv": [200, 194]},
						{"origin": [-3.07957, 23.71619, -23.39631], "size": [1.82179, 1.51503, 1.44693], "inflate": -0.4, "uv": [12, 232]},
						{"origin": [-4.82957, 23.71619, -23.12131], "size": [2.62179, 1.81503, 1.04693], "inflate": -0.4, "pivot": [-3.36868, 24.6237, -22.79784], "rotation": [0, -10, 0], "uv": [230, 104]}
					]
				},
				{
					"name": "muzzleflash",
					"parent": "main",
					"pivot": [0.16223, 24.70452, -52.56387],
					"cubes": [
						{"origin": [-0.4663, 22.15, -100], "size": [1.0163, 1.0163, 1.0163], "inflate": -0.4, "uv": [38, 232]}
					]
				},
				{
					"name": "scope",
					"parent": "main",
					"pivot": [-0.2, 33.57282, 5.83713],
					"cubes": [
						{"origin": [-0.4663, 29.05, 4.3], "size": [1.0163, 1.0163, 1.0163], "inflate": -0.4, "uv": [38, 232]}
					]
				},
				{
					"name": "rightarm",
					"parent": "main",
					"pivot": [-4.3, 8.8, 21.8],
					"rotation": [-101.81106, -12.40003, -2.46982],
					"cubes": [
						{"origin": [-8.3, -15.2, 17.8], "size": [8, 24, 8], "uv": [0, 224]}
					]
				},
				{
					"name": "leftarm",
					"parent": "main",
					"pivot": [10.7, 7.4, -16.7],
					"rotation": [-131.49345, -3.84346, -37.7519],
					"cubes": [
						{"origin": [6.7, -16.6, -20.7], "size": [8, 24, 8], "uv": [32, 224]}
					]
				},
				{
					"name": "_camera_",
					"pivot": [6.825, 33.725, 26.45]
				}
			]
		}
	]
}