{
	"format_version": "1.12.0",
	"minecraft:geometry": [
		{
			"description": {
				"identifier": "geometry.unknown",
				"texture_width": 128,
				"texture_height": 128,
				"visible_bounds_width": 8,
				"visible_bounds_height": 6,
				"visible_bounds_offset": [0, 0, 0]
			},
			"bones": [
				{
					"name": "bb_main",
					"pivot": [0, 0, 0]
				},
				{
					"name": "main",
					"pivot": [-1, 15, 3]
				},
				{
					"name": "muzzleflash",
					"parent": "main",
					"pivot": [-0.93964, 23.21709, -24.01207],
					"cubes": [
						{"origin": [-1.38964, 24.11709, -21.71207], "size": [1, 1, 1], "inflate": -0.4, "uv": [20, 111]}
					]
				},
				{
					"name": "scope",
					"parent": "main",
					"pivot": [-0.88964, 25.01709, 20.61293],
					"cubes": [
						{"origin": [-1.3854, 24.7421, 20.3129], "size": [1, 1, 1], "inflate": -0.4, "uv": [120, 23]}
					]
				},
				{
					"name": "rightarm",
					"parent": "main",
					"pivot": [-5.68964, 10.14209, 20.76293],
					"rotation": [-104.56106, -12.40003, -2.46982],
					"cubes": [
						{"origin": [-9.68964, -13.85791, 17.46293], "size": [8, 24, 8], "uv": [52, 39]}
					]
				},
				{
					"name": "leftarm",
					"parent": "main",
					"pivot": [4.85697, 8.88652, 9.8098],
					"rotation": [-118.95832, 6.70101, -29.35181],
					"cubes": [
						{"origin": [0.85697, -3.11348, 5.8098], "size": [8, 24, 8], "uv": [0, 63]}
					]
				},
				{
					"name": "gun",
					"parent": "main",
					"pivot": [-0.88964, -3.48291, -0.13707],
					"cubes": [
						{"origin": [-0.78964, 18.24209, -2.46207], "size": [1.8, 3.15, 11.325], "inflate": -0.398, "pivot": [-0.88964, 20.26709, 7.40043], "rotation": [15.25, 0, 0], "uv": [84, 49]},
						{"origin": [-2.78964, 18.24209, -2.46207], "size": [1.8, 3.15, 11.325], "inflate": -0.398, "pivot": [-2.98964, 20.26709, 7.40043], "rotation": [15.25, 0, 0], "uv": [32, 87]},
						{"origin": [-1.78964, 18.24209, 6.03793], "size": [1.8, 2.15, 2.825], "inflate": -0.4, "pivot": [-2.98964, 20.26709, 7.40043], "rotation": [15.25, 0, 0], "uv": [74, 117]},
						{"origin": [-0.78964, 19.11709, 5.96293], "size": [1.8, 2.5, 2.675], "inflate": -0.4, "uv": [62, 117]},
						{"origin": [-0.68964, 20.44209, 6.08793], "size": [1.3, 2.325, 1.525], "inflate": -0.4, "pivot": [-1.38964, 21.66709, 6.15043], "rotation": [15.25, 0, 0], "uv": [120, 17]},
						{"origin": [-0.68964, 19.11709, 4.21293], "size": [1.3, 3.9, 3.175], "inflate": -0.4, "uv": [24, 95]},
						{"origin": [-2.38964, 19.66709, -17.71207], "size": [3, 1.95, 9.7], "inflate": -0.399, "uv": [0, 95]},
						{"origin": [-2.38964, 18.41709, -3.63707], "size": [3, 1.85, 2.875], "inflate": -0.399, "pivot": [-0.88964, 19.34209, -2.84957], "rotation": [-30.5, 0, 0], "uv": [94, 114]},
						{"origin": [-2.38964, 18.01709, -3.03707], "size": [3, 1.85, 2.875], "inflate": -0.4, "pivot": [-0.88964, 18.94209, -2.24957], "rotation": [-65.5, 0, 0], "uv": [114, 96]},
						{"origin": [-2.38964, 16.29209, -2.53707], "size": [3, 1.85, 3.425], "inflate": -0.401, "pivot": [-0.88964, 17.21709, -1.74957], "rotation": [-100.5, 0, 0], "uv": [112, 0]},
						{"origin": [-2.38964, 18.61709, -11.63707], "size": [3, 1.85, 9.775], "inflate": -0.4, "uv": [96, 63]},
						{"origin": [-1.88964, 14.61709, -10.66207], "size": [2, 5.85, 1.275], "inflate": -0.4, "uv": [0, 117]},
						{"origin": [-1.88964, 12.91709, -9.46207], "size": [2, 3.75, 1.125], "inflate": -0.4, "pivot": [-0.88964, 14.79209, -8.82457], "rotation": [77.5, 0, 0], "uv": [92, 117]},
						{"origin": [-1.68964, 17.09209, -4.56207], "size": [1.6, 2.575, 1.125], "inflate": -0.4, "pivot": [-0.88964, 17.79209, -3.92457], "rotation": [13.5, 0, 0], "uv": [18, 120]},
						{"origin": [-1.68964, 17.09209, -4.51207], "size": [1.6, 2.575, 1.125], "inflate": -0.4, "pivot": [-0.88964, 17.79209, -3.87457], "rotation": [4.5, 0, 0], "uv": [22, 120]},
						{"origin": [-1.68964, 15.79209, -4.43707], "size": [1.6, 2.175, 1.1], "inflate": -0.4, "pivot": [-0.88964, 17.79209, -3.87457], "rotation": [-6.5, 0, 0], "uv": [120, 20]},
						{"origin": [-1.68964, 14.77437, -4.31529], "size": [1.6, 1.925, 1.1], "inflate": -0.4, "pivot": [-0.88964, 16.88687, -3.99029], "rotation": [-26.75, 0, 0], "uv": [34, 121]},
						{"origin": [-1.88964, 14.66709, -9.76207], "size": [2, 2, 1.25], "inflate": -0.401, "pivot": [-0.88964, 14.79209, -8.82457], "rotation": [39.5, 0, 0], "uv": [110, 119]},
						{"origin": [-1.88964, 13.44209, -6.63707], "size": [2, 2.925, 1.125], "inflate": -0.401, "pivot": [-0.88964, 14.49209, -5.99957], "rotation": [90.25, 0, 0], "uv": [54, 119]},
						{"origin": [-1.88964, 12.39209, -4.61207], "size": [2, 4.475, 1.125], "inflate": -0.402, "pivot": [-0.88964, 14.94209, -3.97457], "rotation": [107.5, 0, 0], "uv": [6, 117]},
						{"origin": [-1.88964, 13.86709, -2.71207], "size": [2, 2.65, 1.175], "inflate": -0.4, "pivot": [-0.88964, 14.84209, -2.07457], "rotation": [78, 0, 0], "uv": [104, 119]},
						{"origin": [-1.88964, 17.51709, -12.16207], "size": [2, 3.25, 2.575], "inflate": -0.399, "pivot": [-0.88964, 17.84209, -10.17457], "rotation": [-45, 0, 0], "uv": [116, 32]},
						{"origin": [-2.38964, 19.66709, -11.91207], "size": [3, 1.95, 2.15], "inflate": -0.401, "pivot": [-0.88964, 20.64209, -11.76207], "rotation": [-52.5, 0, 0], "uv": [114, 93]},
						{"origin": [-0.78964, 19.66709, -8.91207], "size": [1.8, 1.95, 15.7], "inflate": -0.4, "uv": [32, 71]},
						{"origin": [-0.18964, 19.66709, -8.71207], "size": [1.5, 1.75, 5.3], "inflate": -0.4, "uv": [52, 107]},
						{"origin": [-0.18964, 19.46709, -4.21207], "size": [1.5, 2.15, 5.2], "inflate": -0.4, "uv": [104, 36]},
						{"origin": [-2.78964, 19.66709, -8.91207], "size": [1.8, 1.95, 15.7], "inflate": -0.399, "uv": [64, 71]},
						{"origin": [-1.81464, 22.94209, -8.91207], "size": [1.875, 2.15, 5.8], "inflate": -0.4, "uv": [84, 63]},
						{"origin": [-1.96464, 22.54209, -21.11207], "size": [2.15, 2.15, 13.1], "inflate": -0.4, "pivot": [-0.88964, 23.61709, -19.01207], "rotation": [0, 0, 22.5], "uv": [82, 0]},
						{"origin": [-1.33964, 19.74209, -21.01207], "size": [1.55, 1.55, 13.1], "inflate": -0.4, "pivot": [-1.06464, 21.21709, -18.91207], "rotation": [0, 0, 22.5], "uv": [82, 15]},
						{"origin": [-2.38964, 22.46709, -8.91207], "size": [1.3, 2.075, 5.8], "inflate": -0.4, "uv": [104, 29]},
						{"origin": [-1.33964, 23.26709, -8.91207], "size": [1.9, 1.6, 5.8], "inflate": -0.4, "pivot": [-0.38964, 23.94209, -6.01207], "rotation": [0, 0, -43], "uv": [84, 106]},
						{"origin": [-2.33964, 23.26709, -8.91207], "size": [1.9, 1.6, 5.8], "inflate": -0.4, "pivot": [-1.38964, 23.94209, -6.01207], "rotation": [0, 0, 43], "uv": [72, 106]},
						{"origin": [-2.78964, 19.26709, -8.11207], "size": [3.8, 1.2, 7.9], "inflate": -0.4, "uv": [32, 63]},
						{"origin": [-2.78964, 19.26709, -4.01207], "size": [3.8, 2.2, 2.9], "inflate": -0.402, "pivot": [-0.88964, 19.86709, -3.36207], "rotation": [-27.5, 0, 0], "uv": [40, 113]},
						{"origin": [-2.78964, 17.6412, -2.87159], "size": [3.8, 4.6, 2.9], "inflate": -0.401, "pivot": [-0.88964, 18.7412, -1.42159], "rotation": [-60, 0, 0], "uv": [110, 15]},
						{"origin": [-2.78964, 18.6412, -0.07159], "size": [3.8, 4.6, 2.9], "inflate": -0.402, "pivot": [-0.88964, 19.7412, 1.37841], "rotation": [-82.5, 0, 0], "uv": [110, 21]},
						{"origin": [-3.18964, 19.6412, 0.32841], "size": [4.6, 3.3, 1.7], "inflate": -0.4, "pivot": [-0.88964, 19.7412, 1.37841], "rotation": [-49.5, 0, 0], "uv": [114, 83]},
						{"origin": [-2.78964, 14.6412, 2.87841], "size": [3.8, 4.6, 2.9], "inflate": -0.394, "pivot": [-0.88964, 15.7412, 4.32841], "rotation": [-12.5, 0, 0], "uv": [0, 111]},
						{"origin": [-2.78964, 12.5662, 2.87841], "size": [3.8, 3.975, 2.9], "inflate": -0.395, "pivot": [-0.88964, 15.7412, 4.32841], "rotation": [27.5, 0, 0], "uv": [74, 112]},
						{"origin": [-2.78964, 8.5662, 4.22841], "size": [3.8, 5.3, 2.9], "inflate": -0.396, "pivot": [-0.88964, 13.0662, 5.67841], "rotation": [20.5, 0, 0], "uv": [96, 107]},
						{"origin": [-2.78964, 4.5912, 5.50341], "size": [3.8, 5.225, 2.925], "inflate": -0.4, "pivot": [-0.88964, 9.8662, 6.95341], "rotation": [9.5, 0, 0], "uv": [106, 107]},
						{"origin": [-2.78964, 4.4912, 0.72841], "size": [3.8, 4.025, 6.5], "inflate": -0.4, "uv": [96, 83]},
						{"origin": [-2.78964, 3.7412, 0.72841], "size": [3.8, 4.775, 1.55], "inflate": -0.4, "pivot": [-0.88964, 8.5662, 5.77841], "rotation": [-10, 0, 0], "uv": [64, 107]},
						{"origin": [-2.78964, 16.5412, 3.25341], "size": [3.8, 4.6, 2.9], "inflate": -0.4, "pivot": [-0.88964, 17.6412, 4.70341], "rotation": [-51.5, 0, 0], "uv": [10, 111]},
						{"origin": [-2.78964, 16.1412, -2.57159], "size": [3.8, 2.2, 2.9], "inflate": -0.4, "pivot": [-0.88964, 17.2412, -1.12159], "rotation": [-95.5, 0, 0], "uv": [50, 113]},
						{"origin": [-2.78964, 14.9412, -2.87159], "size": [3.8, 3.4, 3.3], "inflate": -0.4, "pivot": [-0.88964, 16.0412, -1.42159], "rotation": [-118, 0, 0], "uv": [40, 107]},
						{"origin": [-2.78964, 11.0412, -5.27159], "size": [3.8, 13.075, 7.325], "inflate": -0.397, "pivot": [-0.88964, 14.4412, 0.37841], "rotation": [-167, 0, 0], "uv": [84, 29]},
						{"origin": [-2.78964, 19.26709, -8.91207], "size": [3.8, 1.2, 1.7], "inflate": -0.4, "pivot": [-0.88964, 19.86709, -7.68707], "rotation": [-27, 0, 0], "uv": [54, 117]},
						{"origin": [-2.38964, 19.64209, -17.71207], "size": [2, 1.7, 7.9], "inflate": -0.4, "pivot": [-0.88964, 20.49209, -6.26207], "rotation": [0, 0, -43], "uv": [96, 93]},
						{"origin": [-1.38964, 19.64209, -17.71207], "size": [2, 1.7, 7.9], "inflate": -0.4, "pivot": [-0.88964, 20.49209, -6.26207], "rotation": [0, 0, 43], "uv": [72, 98]},
						{"origin": [-2.78964, 19.11709, 5.96293], "size": [1.8, 2.5, 2.675], "inflate": -0.4, "uv": [68, 117]},
						{"origin": [-1.78964, 19.01709, -17.71207], "size": [1.8, 1.45, 7.9], "inflate": -0.4, "uv": [24, 101]}
					]
				},
				{
					"name": "slide",
					"parent": "gun",
					"pivot": [0.11036, -1.38291, -0.13707],
					"cubes": [
						{"origin": [-2.88964, 20.81709, -17.71207], "size": [4, 2.8, 22.9], "inflate": -0.399, "uv": [0, 39]},
						{"origin": [-6.48964, 16.74209, -20.71207], "size": [11.2, 10.475, 14.1], "inflate": -3.99, "uv": [3, 2]},
						{"origin": [-6.48964, 17.24209, -6.01207], "size": [11.2, 9.975, 15.4], "inflate": -3.99, "uv": [1, 0]},
						{"origin": [-0.18964, 22.81709, 4.38793], "size": [1.2, 2.4, 1.9], "inflate": -0.398, "uv": [60, 113]},
						{"origin": [-0.48964, 24.41709, 2.28793], "size": [1.2, 1.2, 3.65], "inflate": -0.4, "uv": [116, 45]},
						{"origin": [-0.48964, 24.41709, 0.93793], "size": [1.2, 1.2, 2.25], "inflate": -0.4, "pivot": [-0.88964, 25.01709, 2.76293], "rotation": [20, 0, 0], "uv": [118, 73]},
						{"origin": [-2.08964, 24.41709, 0.93793], "size": [2.4, 1.2, 1.625], "inflate": -0.4, "pivot": [-1.28964, 25.01709, 2.76293], "rotation": [20, 0, 0], "uv": [110, 27]},
						{"origin": [-1.03964, 24.17767, 4.43015], "size": [1.75, 1.2, 1.375], "inflate": -0.4, "pivot": [-0.88964, 24.77767, 5.50515], "rotation": [-72.5, 0, 0], "uv": [120, 63]},
						{"origin": [-2.48964, 24.35267, 3.59572], "size": [1.2, 1.1, 2.2], "inflate": -0.4, "pivot": [-0.88964, 24.85267, 4.72072], "rotation": [46.5, 0, 0], "uv": [12, 119]},
						{"origin": [-2.48964, 24.41709, 0.93793], "size": [1.2, 1.2, 2.25], "inflate": -0.4, "pivot": [-0.88964, 25.01709, 2.76293], "rotation": [20, 0, 0], "uv": [118, 79]},
						{"origin": [-2.48964, 24.41709, 2.28793], "size": [1.2, 1.2, 3.65], "inflate": -0.4, "uv": [116, 99]},
						{"origin": [-2.48964, 24.36709, 1.71293], "size": [3.2, 1.025, 4.425], "inflate": -0.399, "uv": [90, 101]},
						{"origin": [-2.48964, 24.57767, 4.63015], "size": [1.75, 1.3, 1.25], "inflate": -0.4, "uv": [120, 69]},
						{"origin": [-2.48964, 24.17767, 4.43015], "size": [1.75, 1.2, 1.375], "inflate": -0.4, "pivot": [-0.88964, 24.77767, 5.50515], "rotation": [-72.5, 0, 0], "uv": [120, 67]},
						{"origin": [-1.03964, 24.57767, 4.63015], "size": [1.75, 1.3, 1.25], "inflate": -0.4, "uv": [120, 65]},
						{"origin": [-0.48964, 24.35267, 3.59572], "size": [1.2, 1.1, 2.2], "inflate": -0.4, "pivot": [-0.88964, 24.85267, 4.72072], "rotation": [46.5, 0, 0], "uv": [118, 76]},
						{"origin": [-0.18964, 23.11709, 5.43793], "size": [1.2, 1.875, 1.325], "inflate": -0.401, "pivot": [0.48536, 24.01709, 5.81293], "rotation": [39, 0, 0], "uv": [120, 49]},
						{"origin": [-0.18964, 22.79209, 5.93793], "size": [1.2, 1.875, 1.325], "inflate": -0.4, "pivot": [0.48536, 23.69209, 6.31293], "rotation": [61.5, 0, 0], "uv": [120, 51]},
						{"origin": [-0.18964, 22.81709, 5.48793], "size": [1.2, 1.6, 2.35], "inflate": -0.398, "uv": [90, 98]},
						{"origin": [-0.18964, 22.61709, 6.69793], "size": [1.2, 1.75, 1.3], "inflate": -0.4, "pivot": [0.46036, 23.41709, 7.33793], "rotation": [15.25, 0, 0], "uv": [120, 115]},
						{"origin": [-2.78964, 22.61709, 6.69793], "size": [1.2, 1.75, 1.3], "inflate": -0.4, "pivot": [-2.23964, 23.41709, 7.33793], "rotation": [15.25, 0, 0], "uv": [120, 117]},
						{"origin": [-0.18964, 20.81709, 4.38793], "size": [1.3, 2.8, 1.9], "inflate": -0.4, "uv": [36, 109]},
						{"origin": [-0.68964, 22.21709, 4.38793], "size": [1.3, 1.1, 3], "inflate": -0.4, "uv": [116, 103]},
						{"origin": [-0.18964, 20.81709, 5.28793], "size": [1.3, 1.15, 3.225], "inflate": -0.4, "uv": [116, 37]},
						{"origin": [-0.18964, 21.11709, 5.38793], "size": [1.3, 2.5, 2.675], "inflate": -0.399, "uv": [36, 117]},
						{"origin": [-0.18964, 21.04209, 5.46293], "size": [1.3, 2.325, 2.825], "inflate": -0.398, "pivot": [-0.88964, 22.26709, 6.82543], "rotation": [15.25, 0, 0], "uv": [30, 117]},
						{"origin": [-2.88964, 20.51709, 7.01293], "size": [1.3, 1.425, 1.275], "inflate": -0.399, "pivot": [-3.68964, 22.26709, 6.82543], "rotation": [15.25, 0, 0], "uv": [120, 59]},
						{"origin": [-0.18964, 20.51709, 7.01293], "size": [1.3, 1.425, 1.275], "inflate": -0.4, "pivot": [-0.88964, 22.26709, 6.82543], "rotation": [15.25, 0, 0], "uv": [120, 119]},
						{"origin": [-2.88964, 20.81709, 5.28793], "size": [1.3, 1.15, 3.225], "inflate": -0.4, "uv": [116, 41]},
						{"origin": [-2.88964, 21.11709, 5.38793], "size": [1.3, 2.5, 2.675], "inflate": -0.4, "uv": [48, 117]},
						{"origin": [-2.78964, 22.79209, 5.93793], "size": [1.2, 1.875, 1.325], "inflate": -0.4, "pivot": [-2.21464, 23.69209, 6.31293], "rotation": [61.5, 0, 0], "uv": [120, 57]},
						{"origin": [-2.78964, 23.11709, 5.43793], "size": [1.2, 1.875, 1.325], "inflate": -0.4, "pivot": [-2.21464, 24.01709, 5.81293], "rotation": [39, 0, 0], "uv": [120, 55]},
						{"origin": [-2.78964, 22.81709, 5.48793], "size": [1.2, 1.6, 2.35], "inflate": -0.398, "uv": [98, 117]},
						{"origin": [-2.78964, 22.81709, 4.38793], "size": [1.2, 2.4, 1.9], "inflate": -0.4, "uv": [120, 14]},
						{"origin": [-2.88964, 20.81709, 4.38793], "size": [1.3, 2.8, 1.9], "inflate": -0.4, "uv": [116, 119]},
						{"origin": [-2.48964, 20.81709, 4.38793], "size": [1.5, 1, 4.225], "inflate": -0.4, "uv": [84, 112]},
						{"origin": [-2.58964, 20.89209, 4.38793], "size": [1.6, 1.1, 4.075], "inflate": -0.4, "pivot": [-1.83964, 21.49209, 6.50043], "rotation": [0, 0, 44], "uv": [20, 113]},
						{"origin": [-0.53964, 22.44209, 4.38793], "size": [1.5, 1.1, 3], "inflate": -0.4, "pivot": [0.21036, 23.04209, 6.50043], "rotation": [0, 0, -44], "uv": [116, 107]},
						{"origin": [-2.88964, 21.04209, 5.46293], "size": [1.3, 2.325, 2.825], "inflate": -0.399, "pivot": [-3.68964, 22.26709, 6.82543], "rotation": [15.25, 0, 0], "uv": [42, 117]},
						{"origin": [-0.18964, 20.61709, 7.01293], "size": [1.3, 1.325, 1.275], "inflate": -0.399, "pivot": [-0.88964, 22.26709, 6.82543], "rotation": [15.25, 0, 0], "uv": [120, 53]},
						{"origin": [-2.78964, 24.11709, -18.48707], "size": [3.8, 1.1, 1.3], "inflate": -0.4, "uv": [116, 111]},
						{"origin": [-2.78964, 22.51709, -18.33707], "size": [3.8, 2.575, 2.1], "inflate": -0.398, "pivot": [0.11036, 23.91709, -17.28707], "rotation": [12.5, 0, 0], "uv": [30, 113]},
						{"origin": [-2.78964, 22.41709, -18.08707], "size": [3.8, 2.8, 9.875], "inflate": -0.4, "uv": [72, 87]},
						{"origin": [-2.78964, 22.81709, -3.23707], "size": [3.8, 2.4, 8.425], "inflate": -0.4, "uv": [96, 73]},
						{"origin": [-1.88964, 22.06709, 4.21293], "size": [2, 3.1, 1], "inflate": -0.4, "uv": [86, 117]},
						{"origin": [-1.48964, 22.46709, 4.23793], "size": [1.2, 1.2, 1.025], "inflate": -0.4, "pivot": [-0.88964, 23.06709, 4.77543], "rotation": [0, 0, -22.5], "uv": [30, 121]},
						{"origin": [-0.93964, 24.79209, 4.98793], "size": [1, 1, 1.025], "inflate": -0.4, "pivot": [-0.33964, 25.24209, 5.52543], "rotation": [0, 0, -22.5], "uv": [38, 121]},
						{"origin": [-1.38964, 24.74209, -20.21207], "size": [1, 1, 1.025], "inflate": -0.4, "uv": [46, 121]},
						{"origin": [-1.86464, 24.71709, 4.98793], "size": [1, 1, 1.025], "inflate": -0.4, "pivot": [-1.26464, 25.16709, 5.52543], "rotation": [0, 0, 22.5], "uv": [42, 121]},
						{"origin": [-2.38964, 21.84209, -20.88707], "size": [3, 3.375, 3.875], "inflate": -0.398, "uv": [104, 101]},
						{"origin": [-1.46464, 24.34209, -20.51207], "size": [1.15, 1.5, 1.325], "inflate": -0.401, "pivot": [-0.88964, 25.06709, -19.84957], "rotation": [6.5, 0, 0], "uv": [120, 71]},
						{"origin": [-1.46464, 24.79209, -20.52207], "size": [1.15, 1.075, 1.275], "inflate": -0.401, "uv": [120, 113]},
						{"origin": [-1.46464, 24.24193, -20.7399], "size": [1.15, 1.55, 1.325], "inflate": -0.401, "pivot": [-0.88964, 24.99193, -20.0774], "rotation": [-27.5, 0, 0], "uv": [98, 120]},
						{"origin": [-2.08964, 19.76709, -20.88707], "size": [2.4, 2.875, 4.475], "inflate": -0.401, "uv": [0, 105]},
						{"origin": [-1.58964, 19.25709, -20.88707], "size": [1.425, 1.325, 4.475], "inflate": -0.401, "uv": [112, 4]},
						{"origin": [-1.31464, 19.39209, -20.88707], "size": [1.4, 1.5, 4.475], "inflate": -0.401, "pivot": [-0.61464, 20.04209, -18.94957], "rotation": [0, 0, 43], "uv": [112, 9]},
						{"origin": [-1.86464, 19.39209, -20.88707], "size": [1.4, 1.5, 4.475], "inflate": -0.401, "pivot": [-1.16464, 20.04209, -18.94957], "rotation": [0, 0, -43], "uv": [64, 112]},
						{"origin": [-2.38964, 21.51709, -20.66207], "size": [3, 1.375, 3.975], "inflate": -0.401, "pivot": [-0.88964, 23.20459, -18.72457], "rotation": [-11, 0, 0], "uv": [24, 109]},
						{"origin": [-2.38964, 21.87592, -18.2288], "size": [3, 1.375, 1.825], "inflate": -0.402, "pivot": [-0.88964, 22.56342, -18.3913], "rotation": [-49.75, 0, 0], "uv": [12, 117]},
						{"origin": [-2.88964, 22.51709, -18.11207], "size": [4, 1.1, 1.3], "inflate": -0.399, "uv": [108, 61]},
						{"origin": [-2.88964, 20.91709, -17.96207], "size": [4, 2.575, 2.1], "inflate": -0.398, "pivot": [0.11036, 22.31709, -16.91207], "rotation": [12.5, 0, 0], "uv": [108, 57]},
						{"origin": [-0.18964, 22.81709, -8.93707], "size": [1.3, 1.7, 5.8], "inflate": -0.4, "uv": [104, 43]},
						{"origin": [-2.88964, 22.81709, -8.93707], "size": [1.3, 1.1, 5.8], "inflate": -0.4, "uv": [12, 105]},
						{"origin": [-2.88964, 22.81709, -9.83707], "size": [4, 2.5, 1.7], "inflate": -0.4, "uv": [114, 87]},
						{"origin": [-2.88964, 21.99209, -10.61207], "size": [4, 2.4, 2.2], "inflate": -0.398, "pivot": [0.11036, 23.19209, -9.51207], "rotation": [-45, 0, 0], "uv": [108, 49]},
						{"origin": [-2.88964, 22.89209, -9.71207], "size": [1.3, 1.5, 1.8], "inflate": -0.399, "pivot": [0.11036, 23.19209, -8.71207], "rotation": [-45, 0, 0], "uv": [120, 25]},
						{"origin": [-2.88964, 22.89209, -4.21207], "size": [1.3, 1.5, 1.8], "inflate": -0.399, "pivot": [0.11036, 23.19209, -3.21207], "rotation": [45, 0, 0], "uv": [26, 120]},
						{"origin": [-2.88964, 21.99209, -3.93707], "size": [4, 2.4, 2.2], "inflate": -0.398, "pivot": [0.11036, 23.19209, -2.83707], "rotation": [41.5, 0, 0], "uv": [108, 53]},
						{"origin": [-2.88964, 22.81709, -3.93707], "size": [4, 2.4, 1.5], "inflate": -0.4, "uv": [114, 90]}
					]
				},
				{
					"name": "hammer",
					"parent": "gun",
					"pivot": [-0.88964, 20.08311, 4.70885],
					"cubes": [
						{"origin": [-1.78964, 19.65744, 7.07761], "size": [1.8, 2.125, 2.125], "inflate": -0.398, "pivot": [-1.18964, 20.81994, 7.79011], "rotation": [62.75, 0, 0], "uv": [80, 117]},
						{"origin": [-1.78964, 19.65744, 5.30261], "size": [1.8, 2.175, 3.575], "inflate": -0.4, "pivot": [-1.18964, 20.81994, 7.46511], "rotation": [45.25, 0, 0], "uv": [104, 114]},
						{"origin": [-1.78964, 18.73437, 3.76699], "size": [1.8, 2.475, 3.725], "inflate": -0.4, "pivot": [-1.18964, 20.09494, 4.79011], "rotation": [-17, 0, 0], "uv": [116, 27]},
						{"origin": [-1.78964, 19.28244, 4.92761], "size": [1.8, 2.175, 3.575], "inflate": -0.4, "pivot": [-1.18964, 20.44494, 7.09011], "rotation": [25.75, 0, 0], "uv": [112, 114]}
					]
				},
				{
					"name": "magazine",
					"parent": "gun",
					"pivot": [-0.88964, -1.38291, -0.13707],
					"cubes": [
						{"origin": [-2.48964, 2.8162, 0.72841], "size": [3.2, 1.725, 1.55], "inflate": -0.4, "pivot": [-0.88964, 8.5662, 5.77841], "rotation": [-10, 0, 0], "uv": [20, 118]},
						{"origin": [-2.48964, 3.5912, 0.60341], "size": [3.2, 1.85, 5.75], "inflate": -0.398, "uv": [40, 101]},
						{"origin": [-2.48964, 4.1162, 0.05341], "size": [3.2, 1.325, 1.375], "inflate": -0.4, "uv": [118, 61]},
						{"origin": [-2.48964, 5.4412, -4.17159], "size": [3.2, 15.875, 5.125], "inflate": -0.4, "pivot": [-0.88964, 12.4412, 0.17841], "rotation": [-167, 0, 0], "uv": [56, 87]}
					]
				},
				{
					"name": "_camera_",
					"pivot": [5.93536, 33.34209, 26.31293]
				}
			]
		}
	]
}