{
	"format_version": "1.12.0",
	"minecraft:geometry": [
		{
			"description": {
				"identifier": "geometry.unknown",
				"texture_width": 256,
				"texture_height": 256,
				"visible_bounds_width": 8,
				"visible_bounds_height": 5,
				"visible_bounds_offset": [0, 1.5, 0]
			},
			"bones": [
				{
					"name": "main",
					"pivot": [0, 0, 0]
				},
				{
					"name": "gun",
					"parent": "main",
					"pivot": [0.6, 23.3, 2],
					"cubes": [
						{"origin": [-2.9, 6.8, 5], "size": [4.95, 1.575, 1.575], "inflate": -0.4, "pivot": [-0.45, 7.6, 5.775], "rotation": [-27.5, 0, 0], "uv": [156, 9]},
						{"origin": [-2.9, 13.2, 2.7], "size": [4.95, 1.575, 1.575], "inflate": -0.4, "pivot": [-0.45, 14, 3.475], "rotation": [-27.5, 0, 0], "uv": [156, 9]},
						{"origin": [-2.775, 3.725, 2.325], "size": [4.775, 1.125, 8.1], "inflate": -0.4, "uv": [63, 121]},
						{"origin": [-1.71, 19.8, -34.71], "size": [2.595, 3.635, 39.905], "inflate": -0.398, "uv": [0, 41]},
						{"origin": [-3.492, 19.036, 2.966], "size": [6.212, 1.801, 3.259], "inflate": -0.402, "pivot": [-0.3295, 19.9365, 4.8205], "rotation": [117.25, 0, 0], "uv": [164, 0]},
						{"origin": [-3.092, 18.854, -34.31], "size": [5.412, 2.22, 39.13], "uv": [0, 0]},
						{"origin": [-14.26328, 13.48994, -34.71], "size": [3.464, 2.22, 3.03], "inflate": -0.399, "pivot": [2.09043, 2.85125, -12.35981], "rotation": [0, 0, 47.5], "uv": [122, 124]},
						{"origin": [-14.26328, 13.48994, -32.51], "size": [1.664, 2.22, 15.13], "inflate": -0.4, "pivot": [2.09043, 2.85125, -12.35981], "rotation": [0, 0, 47.5], "uv": [90, 104]},
						{"origin": [-12.36328, 13.48994, -32.51], "size": [1.539, 2.22, 15.13], "inflate": -0.4, "pivot": [2.09043, 2.85125, -12.35981], "rotation": [0, 0, 47.5], "uv": [34, 106]},
						{"origin": [-14.26328, 13.48994, -18.21], "size": [3.464, 2.22, 23.43], "inflate": -0.4, "pivot": [2.09043, 2.85125, -12.35981], "rotation": [0, 0, 47.5], "uv": [80, 65]},
						{"origin": [9.99928, 13.48994, -9.46], "size": [3.464, 2.22, 14.68], "inflate": -0.4, "pivot": [-2.89043, 2.85125, -12.35981], "rotation": [0, 0, -47.5], "uv": [0, 104]},
						{"origin": [9.99928, 13.48994, -34.71], "size": [3.464, 2.22, 20.88], "inflate": -0.399, "pivot": [-2.89043, 2.85125, -37.60981], "rotation": [0, 0, -47.5], "uv": [88, 0]},
						{"origin": [12.19928, 13.08994, -14.61], "size": [1.264, 2.62, 5.98], "inflate": -0.4, "pivot": [-2.89043, 2.85125, -37.60981], "rotation": [0, 0, -47.5], "uv": [122, 110]},
						{"origin": [9.99928, 13.08994, -14.61], "size": [1.264, 2.62, 5.98], "inflate": -0.4, "pivot": [-2.89043, 2.85125, -37.60981], "rotation": [0, 0, -47.5], "uv": [122, 117]},
						{"origin": [0.13813, 20.44959, 3.165], "size": [2.589, 2.22, 2.805], "inflate": -0.401, "pivot": [0.88263, 21.55959, 4.055], "rotation": [0, -49, 47.5], "uv": [122, 131]},
						{"origin": [1.88813, 20.44959, 4.99], "size": [1.339, 2.27, 1.03], "inflate": -0.45, "pivot": [0.88263, 21.55959, 4.055], "rotation": [0, -49, 47.5], "uv": [134, 20]},
						{"origin": [1.0956, 20.46873, 3.67882], "size": [1.264, 2.22, 2.705], "inflate": -0.402, "pivot": [0.8651, 21.57873, 4.80632], "rotation": [0, -35, 47.5], "uv": [132, 84]},
						{"origin": [-3.867, 16.124, -33.31], "size": [6.834, 1.949, 15.676], "inflate": -0.4, "uv": [48, 90]},
						{"origin": [-3.867, 18.324, -34.71], "size": [6.834, 2.149, 17.076], "inflate": -0.4, "uv": [88, 22]},
						{"origin": [-3.867, 17.099, -18.635], "size": [6.834, 3.374, 2.426], "inflate": -0.399, "uv": [150, 11]},
						{"origin": [-3.867, 17.099, -34.735], "size": [6.834, 3.374, 2.426], "inflate": -0.399, "uv": [162, 4]},
						{"origin": [-3.467, 17.024, -18.985], "size": [6.034, 1.749, 1.726], "inflate": -0.01, "pivot": [-0.4, 17.4985, -18.122], "rotation": [-56, 0, 0], "uv": [34, 104]},
						{"origin": [-3.467, 17.674, -32.916], "size": [6.034, 1.099, 1], "uv": [122, 129]},
						{"origin": [-3.467, 17.674, -19.766], "size": [6.034, 1.099, 1.526], "uv": [40, 129]},
						{"origin": [-3.067, 17.674, -32.966], "size": [5.234, 1.099, 13.226], "uv": [90, 90]},
						{"origin": [-3.467, 17.024, -33.666], "size": [6.034, 1.749, 1.726], "inflate": -0.01, "pivot": [-0.4, 17.4985, -32.803], "rotation": [56, 0, 0], "uv": [126, 102]},
						{"origin": [-3.628, 16.67, -17.93], "size": [6.431, 2.62, 24.34], "inflate": -0.4, "uv": [43, 41]},
						{"origin": [0.4933, 16.67, 5.2319], "size": [1.931, 2.62, 3.265], "inflate": -0.4, "pivot": [1.2463, 17.98, 6.8269], "rotation": [0, -21.25, 0], "uv": [135, 2]},
						{"origin": [-0.1067, 15.445, 4.7819], "size": [1.931, 2.62, 3.065], "inflate": -0.4, "pivot": [0.6463, 16.755, 6.3769], "rotation": [0, -21.25, 0], "uv": [148, 0]},
						{"origin": [-2.6243, 15.445, 4.7819], "size": [1.931, 2.62, 3.065], "inflate": -0.4, "pivot": [-1.4463, 16.755, 6.3769], "rotation": [0, 21.25, 0], "uv": [156, 0], "mirror": true},
						{"origin": [-3.2243, 16.67, 5.2319], "size": [1.931, 2.62, 3.265], "inflate": -0.4, "pivot": [-2.0463, 17.98, 6.8269], "rotation": [0, 21.25, 0], "uv": [135, 2], "mirror": true},
						{"origin": [-3.2243, 16.67, 5.2319], "size": [1.931, 2.62, 3.265], "inflate": -0.4, "pivot": [-2.0463, 17.98, 6.8269], "rotation": [0, 21.25, 0], "uv": [143, 2], "mirror": true},
						{"origin": [-3, 15.446, -15.2], "size": [5.184, 2.074, 21.134], "inflate": -0.399, "uv": [0, 137]},
						{"origin": [-2.75, 4.66389, 1.22177], "size": [4.684, 11.83, 6.194], "inflate": -0.397, "pivot": [-0.4455, 10.57889, 4.13127], "rotation": [14.5, 0, 0], "uv": [32, 141]},
						{"origin": [-2.75, 2.92809, 4.56352], "size": [4.684, 4.8, 3.066], "inflate": -0.4, "pivot": [2.09043, 2.85125, -12.35981], "rotation": [32.5, 0, 0], "uv": [6, 151]},
						{"origin": [-1.0721, 18.88, -39.68], "size": [1.275, 1.275, 13.56], "pivot": [-0.4346, 19.5175, -32.9], "rotation": [0, 0, 22.5], "uv": [0, 120]},
						{"origin": [-2.75, 20.39305, -2.99752], "size": [4.684, 2.905, 3.095], "inflate": -0.396, "pivot": [2.09043, 2.65125, -12.45981], "rotation": [-25, 0, 0], "uv": [53, 155]},
						{"origin": [-2.725, 13.80732, 5.61421], "size": [4.634, 4.88, 2.52], "inflate": -0.4, "pivot": [-0.4455, 16.27232, 6.82421], "rotation": [-53, 0, 0], "uv": [140, 7]},
						{"origin": [-4.02713, 20.44959, 4.99], "size": [1.339, 2.27, 1.03], "inflate": -0.45, "pivot": [-1.68263, 21.55959, 4.055], "rotation": [0, 49, -47.5], "uv": [134, 38]},
						{"origin": [-3.1596, 20.46873, 3.67882], "size": [1.264, 2.22, 2.705], "inflate": -0.402, "pivot": [-1.6651, 21.57873, 4.80632], "rotation": [0, 35, -47.5], "uv": [54, 133]},
						{"origin": [-3.52713, 20.44959, 3.165], "size": [2.589, 2.22, 2.805], "inflate": -0.401, "pivot": [-1.68263, 21.55959, 4.055], "rotation": [0, 49, -47.5], "uv": [132, 71]},
						{"origin": [-12.75346, 7.29105, 10.44247], "size": [1.285, 1.215, 1.316], "inflate": -0.4, "pivot": [-2.94043, 2.85125, -12.35981], "rotation": [29, 20.5, 11], "uv": [134, 122]},
						{"origin": [-12.75346, 7.69105, 8.84247], "size": [1.285, 3.99, 2.891], "inflate": -0.4, "pivot": [-2.94043, 2.85125, -12.35981], "rotation": [29, 20.5, 11], "uv": [132, 75]},
						{"origin": [-2.75, 4.03, 2.675], "size": [4.684, 2.52, 7.707], "inflate": -0.401, "uv": [66, 140]},
						{"origin": [-2.75, -1.13607, 7.78287], "size": [4.684, 3.705, 2.545], "inflate": -0.4, "pivot": [2.09043, 2.85125, -12.35981], "rotation": [17.5, 0, 0], "uv": [48, 142]},
						{"origin": [-2.75, -3.03952, 7.04505], "size": [4.684, 6.635, 2.595], "inflate": -0.396, "pivot": [2.09043, 2.85125, -12.35981], "rotation": [30, 0, 0], "uv": [54, 147]},
						{"origin": [-1.855, 21.4655, -9.0575], "size": [2.82, 1.72, 5.46], "uv": [122, 104]},
						{"origin": [-1.033, 22.2125, -34.2275], "size": [1.2, 2.565, 1.71], "inflate": -0.5, "uv": [134, 14]},
						{"origin": [-0.935, 21.9125, -33.8275], "size": [1, 2.44, 1.635], "inflate": -0.4, "pivot": [-0.445, 23.1325, -32.9725], "rotation": [30, 0, 0], "uv": [88, 106]},
						{"origin": [0.09, 22.74, -8], "size": [1.02, 1.12, 3.82], "inflate": -0.402, "uv": [74, 130]},
						{"origin": [0.09, 23.04, -6.8], "size": [1.02, 1.93, 1.445], "inflate": -0.4, "uv": [132, 88]},
						{"origin": [-2.01, 22.74, -8], "size": [1.02, 1.12, 3.82], "inflate": -0.402, "uv": [130, 131]},
						{"origin": [-2.01, 22.04, -7.67], "size": [1.02, 2.82, 1.62], "inflate": -0.4, "pivot": [-1.8, 23.5, -6.71], "rotation": [-47.5, 0, 0], "uv": [134, 35]},
						{"origin": [-2.01, 21.94, -6.1], "size": [1.02, 2.92, 1.62], "inflate": -0.4, "pivot": [-1.8, 23.5, -5.44], "rotation": [47.5, 0, 0], "uv": [134, 32]},
						{"origin": [-2.01, 23.04, -6.8], "size": [1.02, 1.93, 1.445], "inflate": -0.4, "uv": [134, 112]},
						{"origin": [-1.91, 22.765, -6.3], "size": [1.67, 1.905, 1.02], "inflate": -0.4, "uv": [134, 114]},
						{"origin": [-0.66, 22.765, -6.3], "size": [1.67, 1.905, 1.02], "inflate": -0.4, "uv": [135, 116]},
						{"origin": [-1.185, 22.765, -6.3], "size": [1.47, 1.605, 1.02], "inflate": -0.4, "uv": [134, 118]},
						{"origin": [0.09, 21.94, -6.1], "size": [1.02, 2.92, 1.62], "inflate": -0.4, "pivot": [0.2, 23.5, -5.44], "rotation": [47.5, 0, 0], "uv": [134, 17]},
						{"origin": [0.09, 22.04, -7.67], "size": [1.02, 2.82, 1.62], "inflate": -0.4, "pivot": [0.2, 23.5, -6.71], "rotation": [-47.5, 0, 0], "uv": [22, 134]},
						{"origin": [-2.27, 7.52802, 9.73648], "size": [3.74, 3.54, 3.458], "pivot": [2.09043, 2.85125, -12.35981], "rotation": [27.5, 0, 0], "uv": [40, 123]},
						{"origin": [-2.77, 5.62802, 9.33648], "size": [4.69, 2.315, 4.433], "inflate": -0.4, "pivot": [2.09043, 2.85125, -12.35981], "rotation": [27.5, 0, 0], "uv": [138, 13]},
						{"origin": [-2.77, 17.35302, 7.43648], "size": [4.69, 1.94, 1.233], "inflate": -0.4, "uv": [40, 136]},
						{"origin": [-2.77, 16.35696, 5.36629], "size": [4.69, 1.59, 4.033], "inflate": -0.399, "uv": [48, 85]},
						{"origin": [10.66846, 7.69105, 8.84247], "size": [1.285, 3.99, 2.891], "inflate": -0.4, "pivot": [2.14043, 2.85125, -12.35981], "rotation": [29, -20.5, -11], "uv": [48, 131]},
						{"origin": [10.66846, 7.29105, 10.44247], "size": [1.285, 1.215, 1.316], "inflate": -0.4, "pivot": [2.14043, 2.85125, -12.35981], "rotation": [29, -20.5, -11], "uv": [134, 120]},
						{"origin": [-1.71, -3.21715, 12.13673], "size": [2.595, 2.861, 2.145], "inflate": -0.4, "pivot": [2.09043, 2.85125, -12.35981], "rotation": [57.5, 0, 0], "uv": [82, 130]},
						{"origin": [0.065, -3.21715, 12.13673], "size": [1.42, 1.611, 2.145], "inflate": -0.4, "pivot": [2.09043, 2.85125, -12.35981], "rotation": [57.5, 0, 0], "uv": [28, 120]},
						{"origin": [0.065, -2.41715, 12.13673], "size": [1.095, 1.261, 2.145], "inflate": -0.4, "pivot": [2.09043, 2.85125, -12.35981], "rotation": [57.5, 0, 0], "uv": [0, 134]},
						{"origin": [-2.61, -3.21715, 12.13673], "size": [1.17, 1, 2.145], "inflate": -0.4, "pivot": [-2.89043, 2.85125, -12.35981], "rotation": [57.5, 0, 0], "uv": [12, 134]},
						{"origin": [-2.285, -3.21715, 12.13673], "size": [1.42, 1.611, 2.145], "inflate": -0.4, "pivot": [-2.89043, 2.85125, -12.35981], "rotation": [57.5, 0, 0], "uv": [134, 11]},
						{"origin": [-2.06, 20.0896, 4.16478], "size": [1.17, 2.911, 2.145], "inflate": -0.4, "pivot": [-0.7625, 21.9576, 5.23728], "rotation": [54.67077, -21.69826, 14.68464], "uv": [60, 133]},
						{"origin": [-1.96, -2.41715, 12.13673], "size": [1.095, 1.261, 2.145], "inflate": -0.4, "pivot": [-2.89043, 2.85125, -12.35981], "rotation": [57.5, 0, 0], "uv": [134, 8]},
						{"origin": [0.64, -3.21715, 12.13673], "size": [1.17, 1, 2.145], "inflate": -0.4, "pivot": [2.09043, 2.85125, -12.35981], "rotation": [57.5, 0, 0], "uv": [66, 133]},
						{"origin": [0.09, 20.0896, 4.16478], "size": [1.17, 2.911, 2.145], "inflate": -0.4, "pivot": [-0.0375, 21.9576, 5.23728], "rotation": [54.67077, 21.69826, -14.68464], "uv": [132, 80]},
						{"origin": [-1.31, -4.21369, -1.10248], "size": [1.82, 2.28, 1.096], "inflate": -0.4, "pivot": [2.09043, 2.50125, -12.35981], "rotation": [72.5, 0, 0], "uv": [18, 134]},
						{"origin": [-1.31, 11.01878, -2.69096], "size": [1.82, 1.955, 1.096], "inflate": -0.4, "pivot": [-0.4, 11.83378, -2.14296], "rotation": [87.5, 0, 0], "uv": [134, 110]},
						{"origin": [-1.31, 8.41336, -1.77831], "size": [1.82, 4.58, 1.096], "inflate": -0.4, "pivot": [-0.4, 12.01586, -1.23031], "rotation": [112.5, 0, 0], "uv": [134, 0]},
						{"origin": [-1.31, 11.64378, -5.19096], "size": [1.82, 2.28, 1.096], "inflate": -0.4, "pivot": [-0.4, 12.78378, -4.64296], "rotation": [44.25, 0, 0], "uv": [134, 23]},
						{"origin": [-1.31, 12.79378, -6.01596], "size": [1.82, 1.88, 1.096], "inflate": -0.4, "pivot": [-0.4, 13.93378, -5.46796], "rotation": [25.75, 0, 0], "uv": [80, 134]},
						{"origin": [-1.31, 13.76878, -6.29096], "size": [1.82, 1.68, 1.096], "inflate": -0.4, "pivot": [-0.4, 14.90878, -5.74296], "rotation": [10.25, 0, 0], "uv": [84, 134]},
						{"origin": [-1.11, 14.36878, -1.89096], "size": [1.42, 2.18, 1.196], "inflate": -0.4, "pivot": [-0.4, 16.00878, -1.34296], "rotation": [10.25, 0, 0], "uv": [89, 136]},
						{"origin": [-1.11, 13.29044, -1.89941], "size": [1.42, 2.03, 1.196], "inflate": -0.4, "pivot": [-0.4, 13.98044, -1.30141], "rotation": [-14.75, 0, 0], "uv": [81, 136]},
						{"origin": [-1.11, 12.00473, -2.31666], "size": [1.42, 2.33, 1.196], "inflate": -0.4, "pivot": [-0.4, 13.31973, -1.71866], "rotation": [-39.75, 0, 0], "uv": [85, 136]},
						{"origin": [-1.31, 14.56878, -6.29096], "size": [1.82, 1.73, 1.096], "inflate": -0.4, "pivot": [-0.4, 14.90878, -5.74296], "rotation": [-6.25, 0, 0], "uv": [88, 134]},
						{"origin": [-1.31, 13.76878, -8.49096], "size": [1.82, 2.53, 1.396], "inflate": -0.4, "pivot": [-0.4, 14.90878, -7.64296], "rotation": [1.25, 0, 0], "uv": [134, 26]},
						{"origin": [-1.31, 14.44378, -8.74096], "size": [1.82, 2.53, 1.396], "inflate": -0.4, "pivot": [-0.4, 15.58378, -7.89296], "rotation": [18.25, 0, 0], "uv": [134, 29]}
					]
				},
				{
					"name": "action",
					"parent": "gun",
					"pivot": [-1.53907, 21.41626, -11.97],
					"cubes": [
						{"origin": [10.59928, 13.18994, -15.41], "size": [2.664, 2.22, 6.88], "inflate": -0.399, "pivot": [-2.89043, 2.55125, -32.30981], "rotation": [0, 0, -47.5], "uv": [114, 12]}
					]
				},
				{
					"name": "handle",
					"parent": "gun",
					"pivot": [5.85625, 38.76454, -31.65124],
					"cubes": [
						{"origin": [-0.245, 21.20953, -32.20624], "size": [9.265, 1.51, 1.51], "inflate": -0.4, "uv": [48, 83]},
						{"origin": [1.91, 20.72315, -32.70725], "size": [6.98, 2.48, 2.48], "inflate": -0.4, "pivot": [5.35, 21.96315, -31.46725], "rotation": [-22.5, 0, 0], "uv": [64, 85]}
					]
				},
				{
					"name": "magazine",
					"parent": "gun",
					"pivot": [0.1, 9.05, -7.25],
					"cubes": [
						{"origin": [-1.55, -0.25, -13.05], "size": [2.2, 18.3, 4.4], "uv": [110, 121]}
					]
				},
				{
					"name": "muzzleflash",
					"parent": "main",
					"pivot": [-0.4, 36.65, -65.25],
					"cubes": [
						{"origin": [-0.925, 19, -41.55], "size": [1, 1, 1], "inflate": -0.4, "uv": [72, 134]}
					]
				},
				{
					"name": "scope",
					"parent": "main",
					"pivot": [-0.4, 44.85, 7.75],
					"cubes": [
						{"origin": [-0.95, 23.625, 7.85], "size": [1, 1, 1], "inflate": -0.4, "uv": [76, 134]}
					]
				},
				{
					"name": "rightarm",
					"parent": "main",
					"pivot": [-4.7, 21.1, 24.8],
					"rotation": [-101.81106, -12.40003, -2.46982],
					"cubes": [
						{"origin": [-9.28923, -3.91026, 33.46434], "size": [8, 24, 8], "uv": [48, 83]}
					]
				},
				{
					"name": "leftarm",
					"parent": "main",
					"pivot": [5.38416, 28.06367, -16.02794],
					"rotation": [-119.61483, 1.67666, -38.31282],
					"cubes": [
						{"origin": [-7.39149, 26.27128, -11.85251], "size": [8, 24, 8], "uv": [80, 90]}
					]
				}
			]
		}
	]
}