{
	"format_version": "1.12.0",
	"minecraft:geometry": [
		{
			"description": {
				"identifier": "geometry.unknown",
				"texture_width": 256,
				"texture_height": 256,
				"visible_bounds_width": 10,
				"visible_bounds_height": 6,
				"visible_bounds_offset": [0, 2, 0]
			},
			"bones": [
				{
					"name": "bb_main",
					"pivot": [0, 0, 0]
				},
				{
					"name": "main",
					"pivot": [0, 20, 0]
				},
				{
					"name": "_cb_scope",
					"parent": "main",
					"pivot": [2.2, 21.275, -4.825],
					"cubes": [
						{
							"origin": [2.2, 21.275, -5.825],
							"size": [1, 1, 1],
							"uv": {
								"north": {"uv": [15, 23], "uv_size": [1, 1]},
								"east": {"uv": [25, 13], "uv_size": [1, 1]},
								"south": {"uv": [14, 25], "uv_size": [1, 1]},
								"west": {"uv": [15, 25], "uv_size": [1, 1]},
								"up": {"uv": [16, 25], "uv_size": [1, 1]},
								"down": {"uv": [25, 17], "uv_size": [1, -1]}
							}
						}
					]
				},
				{
					"name": "gun",
					"parent": "main",
					"pivot": [1.5304, 1.6145, 0.7],
					"cubes": [
						{"origin": [-2.44504, 20.31487, -26.45854], "size": [1.64681, 4.18726, 33.86261], "inflate": -0.395, "uv": [0, 73]},
						{"origin": [-1.59822, 20.31487, -26.55854], "size": [4.09317, 4.18726, 33.96261], "inflate": -0.399, "uv": [0, 0]},
						{"origin": [-0.59822, 20.41487, 3.66646], "size": [4.09317, 2, 2], "inflate": -0.4, "pivot": [1.44836, 21.4085, 4.64776], "rotation": [-22.5, 0, 0], "uv": [126, 200]},
						{"origin": [-2.54822, 22.51487, 4.66646], "size": [5.21817, 1.3, 1.3], "inflate": -0.4, "pivot": [0.62336, 22.8085, 4.94776], "rotation": [-22.5, 0, 0], "uv": [108, 71]},
						{"origin": [-2.54822, 18.91487, 3.56646], "size": [5.21817, 1.4, 1.4], "inflate": -0.4, "pivot": [0.62336, 19.2085, 3.94776], "rotation": [-22.5, 0, 0], "uv": [46, 158]},
						{"origin": [-2.54822, 20.31487, -19.63354], "size": [5.21817, 1.4, 1.4], "inflate": -0.4, "pivot": [0.62336, 20.6085, -19.25224], "rotation": [-22.5, 0, 0], "uv": [32, 176]},
						{"origin": [-2.54822, 22.41487, -22.73354], "size": [5.21817, 1.5, 1.5], "inflate": -0.4, "pivot": [0.62336, 22.8085, -22.35224], "rotation": [-22.5, 0, 0], "uv": [196, 173]},
						{"origin": [-2.54822, 22.41487, -24.93354], "size": [5.21817, 1.5, 1.5], "inflate": -0.4, "pivot": [0.62336, 22.8085, -24.55224], "rotation": [-22.5, 0, 0], "uv": [188, 200]},
						{"origin": [-1.00506, 21.61487, -74.05854], "size": [2.2, 2.2, 27.36261], "inflate": -0.4, "pivot": [-0.00506, 22.81487, -57.27724], "rotation": [0, 0, 22.5], "uv": [124, 106]},
						{"origin": [-1.18006, 21.48987, -74.05854], "size": [2.4, 2.4, 5.96261], "inflate": -0.4, "pivot": [0.01994, 22.68987, -57.27724], "rotation": [0, 0, 22.5], "uv": [32, 162]},
						{"origin": [-0.50506, 20.08987, -73.65854], "size": [1.5, 1.5, 2.46261], "inflate": -0.4, "pivot": [-0.20506, 21.28987, -57.27724], "rotation": [0, 0, 22.5], "uv": [0, 206]},
						{"origin": [-0.20506, 20.38987, -72.00854], "size": [1.1, 1.1, 27.46261], "inflate": -0.4, "pivot": [-0.30506, 21.58987, -55.62724], "rotation": [0, 0, 22.5], "uv": [134, 62]},
						{"origin": [-0.95506, 19.68987, -70.65854], "size": [2, 3.4, 2.26261], "inflate": -0.4, "uv": [18, 201]},
						{"origin": [-0.95506, 19.68987, -62.65854], "size": [2, 3.4, 2.26261], "inflate": -0.4, "uv": [26, 201]},
						{"origin": [-1.18006, 21.48987, -63.45854], "size": [2.4, 2.4, 6.36261], "inflate": -0.4, "pivot": [0.01994, 22.68987, -46.67724], "rotation": [0, 0, 22.5], "uv": [92, 65]},
						{"origin": [-1.20506, 21.56487, -49.45854], "size": [2.425, 2.4, 2.96261], "inflate": -0.4, "pivot": [-0.18006, 22.68987, -32.67724], "rotation": [0, 0, 22.5], "uv": [188, 202]},
						{"origin": [-1.23006, 25.01487, -59.85854], "size": [2.5, 2.5, 13.16261], "inflate": -0.4, "pivot": [0.06994, 26.21487, -57.27724], "rotation": [0, 0, 22.5], "uv": [152, 176]},
						{"origin": [-0.83006, 22.71487, -60.25854], "size": [1.7, 3.1, 2.66261], "inflate": -0.4, "uv": [204, 155]},
						{"origin": [-0.83006, 22.71487, -73.75854], "size": [1.7, 2.5, 3.66261], "inflate": -0.4, "uv": [70, 201]},
						{"origin": [-0.83006, 25.61487, -73.75854], "size": [1.7, 3.375, 2.91261], "inflate": -0.399, "uv": [174, 204]},
						{"origin": [0.24494, 27.81487, -73.75854], "size": [1, 1.575, 2.91261], "inflate": -0.4, "pivot": [0.75744, 28.91487, -72.30224], "rotation": [0, 0, 43], "uv": [200, 193]},
						{"origin": [-1.14494, 29.21013, -73.75854], "size": [1, 1.325, 2.91261], "inflate": -0.4, "pivot": [-0.65744, 29.78513, -72.30224], "rotation": [0, 0, 43], "uv": [34, 208]},
						{"origin": [-1.24494, 28.51487, -73.75854], "size": [1, 1.6, 2.91261], "inflate": -0.4, "uv": [208, 9]},
						{"origin": [-1.21994, 27.81487, -73.75854], "size": [1, 1.575, 2.91261], "inflate": -0.4, "pivot": [-0.73244, 28.91487, -72.30224], "rotation": [0, 0, -43], "uv": [208, 6]},
						{"origin": [0.16994, 29.21013, -73.75854], "size": [1, 1.325, 2.91261], "inflate": -0.4, "pivot": [0.68244, 29.78513, -72.30224], "rotation": [0, 0, -43], "uv": [208, 3]},
						{"origin": [0.26994, 28.51487, -73.75854], "size": [1, 1.6, 2.91261], "inflate": -0.4, "uv": [208, 0]},
						{"origin": [-0.5055, 28.11487, -72.64371], "size": [1.1, 2.15, 1.1], "inflate": -0.5, "pivot": [0.0445, 29.03362, -72.09371], "rotation": [0, -22.5, 0], "uv": [62, 209]},
						{"origin": [-0.6055, 28.01487, -72.74371], "size": [1.3, 1.725, 1.3], "inflate": -0.5, "uv": [210, 79]},
						{"origin": [-0.83006, 24.41487, -73.75854], "size": [1.7, 4.3, 1.16261], "inflate": -0.4, "uv": [30, 206]},
						{"origin": [-0.83006, 24.28987, -71.73354], "size": [1.7, 4.425, 1.26261], "inflate": -0.4, "pivot": [0.01994, 26.56487, -71.10224], "rotation": [12, 0, 0], "uv": [210, 202]},
						{"origin": [-0.83006, 22.31487, -60.65854], "size": [1.7, 4.7, 2.96261], "inflate": -0.399, "pivot": [0.01994, 24.51487, -59.27724], "rotation": [-24, 0, 0], "uv": [120, 202]},
						{"origin": [-0.83006, 20.81487, -60.65854], "size": [1.7, 3.8, 2.86261], "inflate": -0.4, "pivot": [0.01994, 24.31487, -59.27724], "rotation": [-54, 0, 0], "uv": [168, 204]},
						{"origin": [1.50668, 20.50297, -11.3673], "size": [1.27062, 1.92925, 13.12602], "inflate": -0.399, "uv": [30, 178]},
						{"origin": [-1.12769, 20.33848, 0.51179], "size": [3.90482, 2.07006, 2.07006], "inflate": -0.401, "pivot": [0.91881, 21.44407, 1.14693], "rotation": [-45, 0, 0], "uv": [168, 200]},
						{"origin": [1.50676, 19.37397, -11.36722], "size": [1.27045, 1.92909, 1.08227], "inflate": -0.4, "uv": [120, 71]},
						{"origin": [1.50684, 19.18587, -10.8026], "size": [1.27029, 4.37528, 1.1762], "inflate": -0.401, "pivot": [0.73063, 20.15033, -10.2145], "rotation": [-72, 0, 0], "uv": [50, 204]},
						{"origin": [1.50684, 19.27996, -11.55532], "size": [1.27029, 4.093, 1.55256], "inflate": -0.401, "pivot": [0.73063, 20.15033, -10.2145], "rotation": [-72, 0, 0], "uv": [98, 204]},
						{"origin": [1.50676, 19.84442, -7.22724], "size": [1.27045, 1.48216, 8.98587], "inflate": -0.4, "uv": [172, 191]},
						{"origin": [1.50684, 18.8095, -7.22716], "size": [1.27029, 1.85836, 4.75164], "inflate": -0.401, "uv": [58, 132]},
						{"origin": [-2.53913, 22.15829, 5.53952], "size": [4.65771, 2.25566, 2.02772], "inflate": -0.4, "pivot": [0.44836, 22.43646, 6.69224], "rotation": [-3, 0, 0], "uv": [54, 197]},
						{"origin": [-2.53913, 17.73329, 5.83952], "size": [4.65771, 1.45566, 1.72772], "inflate": -0.4, "pivot": [0.44836, 22.43646, 6.69224], "rotation": [-3, 0, 0], "uv": [102, 196]},
						{"origin": [1.31858, 22.13055, 5.8277], "size": [1.74091, 2.2584, 1.7409], "inflate": -0.4, "pivot": [4.30607, 22.43646, 6.98043], "rotation": [-3, 0, 0], "uv": [50, 209]},
						{"origin": [1.31858, 17.70829, 5.8277], "size": [1.74091, 1.4584, 1.7409], "inflate": -0.4, "pivot": [4.30607, 22.43646, 6.98043], "rotation": [-3, 0, 0], "uv": [66, 209]},
						{"origin": [-1.59822, 23.70213, -23.73447], "size": [4.09317, 2.02318, 20.18673], "inflate": -0.4, "uv": [58, 138]},
						{"origin": [1.86994, 24.77713, -17.13447], "size": [1.2, 1.2, 22.88673], "inflate": -0.4, "pivot": [1.02336, 25.33872, -5.6911], "rotation": [0, 0, 45], "uv": [0, 139]},
						{"origin": [-2.23006, 24.77713, -2.63447], "size": [1.2, 1.2, 8.38673], "inflate": -0.4, "pivot": [-3.07664, 25.33872, -5.6911], "rotation": [0, 0, 45], "uv": [36, 192]},
						{"origin": [-2.44822, 23.70213, -24.03447], "size": [4.94317, 2.67318, 1.1], "inflate": -0.4, "uv": [34, 201]},
						{"origin": [-2.44822, 23.70213, -25.75947], "size": [4.94317, 1.1, 2.525], "inflate": -0.4, "uv": [184, 173]},
						{"origin": [-2.24822, 24.00213, -25.73447], "size": [4.54317, 2, 2.5], "inflate": -0.4, "uv": [200, 92]},
						{"origin": [-2.24822, 24.20213, -25.63447], "size": [4.54317, 2, 2.55], "inflate": -0.399, "pivot": [0.04836, 25.20213, -24.35947], "rotation": [12, 0, 0], "uv": [200, 96]},
						{"origin": [-2.44822, 23.70213, -25.23447], "size": [4.94317, 1.1, 2.3], "inflate": -0.402, "pivot": [0.02336, 24.25213, -23.98447], "rotation": [45, 0, 0], "uv": [192, 14]},
						{"origin": [-2.04822, 23.90213, -32.78447], "size": [4.14317, 4.74818, 7.43673], "inflate": -0.398, "uv": [190, 66]},
						{"origin": [-1.09822, 28.25213, -30.40947], "size": [2.24317, 1.07318, 8.61173], "inflate": -0.4, "pivot": [0.03586, 28.78872, -25.9536], "rotation": [-1.5, 0, 0], "uv": [152, 191]},
						{"origin": [-2.27322, 28.25213, -22.60947], "size": [2.54317, 2.02318, 1.11173], "inflate": -0.4, "pivot": [0.03586, 28.78872, -25.9536], "rotation": [-1.5, 0, 0], "uv": [206, 20]},
						{"origin": [-0.19822, 28.25213, -22.60947], "size": [2.54317, 2.02318, 1.11173], "inflate": -0.4, "pivot": [0.03586, 28.78872, -25.9536], "rotation": [-1.5, 0, 0], "uv": [206, 23]},
						{"origin": [-0.54822, 28.25213, -22.60947], "size": [1.16817, 1.62318, 1.11173], "inflate": -0.4, "pivot": [0.03586, 28.78872, -25.9536], "rotation": [-1.5, 0, 0], "uv": [210, 77]},
						{"origin": [0.35178, 27.20213, -31.10947], "size": [1.14317, 2.27318, 3.68673], "inflate": -0.399, "uv": [54, 201]},
						{"origin": [0.35178, 28.37713, -30.30947], "size": [1.14317, 1.37318, 1.38673], "inflate": -0.4, "pivot": [0.92336, 29.06372, -29.6161], "rotation": [45, 0, 0], "uv": [188, 209]},
						{"origin": [-1.44822, 28.37713, -30.30947], "size": [1.14317, 1.37318, 1.38673], "inflate": -0.4, "pivot": [-0.87664, 29.06372, -29.6161], "rotation": [45, 0, 0], "uv": [204, 193]},
						{"origin": [0.35178, 27.40213, -28.23447], "size": [1.14317, 1.67318, 1.46173], "inflate": -0.399, "uv": [128, 209]},
						{"origin": [-1.44822, 27.968, -28.28447], "size": [1.14317, 1.14818, 1.36173], "inflate": -0.4, "pivot": [-0.17664, 28.81372, -27.4286], "rotation": [-45, 0, 0], "uv": [170, 209]},
						{"origin": [0.35178, 27.968, -28.28447], "size": [1.14317, 1.14818, 1.36173], "inflate": -0.4, "pivot": [0.22336, 28.81372, -27.4286], "rotation": [-45, 0, 0], "uv": [166, 209]},
						{"origin": [0.35178, 27.10213, -26.78447], "size": [1.14317, 1.32318, 4.91173], "inflate": -0.399, "uv": [102, 191]},
						{"origin": [0.10178, 27.80213, -24.28447], "size": [2.44317, 2, 2], "inflate": -0.4, "pivot": [0.87336, 28.70213, -23.18447], "rotation": [-45, 0, 0], "uv": [34, 204]},
						{"origin": [1.60178, 28.00213, -24.08447], "size": [1.24317, 1.6, 1.6], "inflate": -0.4, "pivot": [1.17336, 28.70213, -23.18447], "rotation": [-45, 0, 0], "uv": [174, 209]},
						{"origin": [-2.89822, 28.00213, -24.08447], "size": [1.24317, 1.6, 1.6], "inflate": -0.4, "pivot": [-2.02664, 28.70213, -23.18447], "rotation": [-45, 0, 0], "uv": [184, 209]},
						{"origin": [-2.49822, 27.80213, -24.28447], "size": [2.44317, 2, 2], "inflate": -0.4, "pivot": [-1.62664, 28.70213, -23.18447], "rotation": [-45, 0, 0], "uv": [42, 204]},
						{"origin": [-1.44822, 27.40213, -27.65947], "size": [1.14317, 1.32318, 4.91173], "inflate": -0.4, "pivot": [-0.17664, 28.06372, -25.2036], "rotation": [-10, 0, 0], "uv": [158, 200]},
						{"origin": [0.35178, 27.40213, -27.65947], "size": [1.14317, 1.32318, 4.91173], "inflate": -0.4, "pivot": [0.22336, 28.06372, -25.2036], "rotation": [-10, 0, 0], "uv": [148, 200]},
						{"origin": [-1.44822, 27.20213, -31.10947], "size": [1.14317, 2.27318, 3.68673], "inflate": -0.399, "uv": [62, 201]},
						{"origin": [-1.44822, 27.40213, -28.23447], "size": [1.14317, 1.67318, 1.46173], "inflate": -0.399, "uv": [132, 209]},
						{"origin": [-1.44822, 27.10213, -26.78447], "size": [1.14317, 1.32318, 4.91173], "inflate": -0.399, "uv": [138, 200]},
						{"origin": [-2.79483, 24.62713, -47.13447], "size": [5.59859, 3.22318, 14.38673], "inflate": -0.4, "uv": [140, 0]},
						{"origin": [-2.47134, 26.65577, -47.89774], "size": [2.56826, 1.81702, 1.80739], "inflate": -0.4, "pivot": [-1.38763, 27.49178, -40.64405], "rotation": [0, 0, -47], "uv": [208, 195]},
						{"origin": [-0.09318, 26.65577, -47.89774], "size": [2.56826, 1.81702, 1.80739], "inflate": -0.4, "pivot": [1.39138, 27.49178, -40.64405], "rotation": [0, 0, 47], "uv": [208, 172]},
						{"origin": [-1.44475, 27.01202, -47.89774], "size": [2.90173, 2.05452, 1.80739], "inflate": -0.399, "uv": [12, 206]},
						{"origin": [-2.68509, 24.23202, -47.89774], "size": [5.35866, 3.55202, 1.58239], "inflate": -0.399, "uv": [114, 198]},
						{"origin": [-2.47134, 26.65577, -33.59774], "size": [2.56826, 1.81702, 1.60739], "inflate": -0.4, "pivot": [-1.38763, 27.49178, -26.54405], "rotation": [0, 0, -47], "uv": [6, 209]},
						{"origin": [-0.09318, 26.65577, -33.59774], "size": [2.56826, 1.81702, 1.60739], "inflate": -0.4, "pivot": [1.39138, 27.49178, -26.54405], "rotation": [0, 0, 47], "uv": [0, 209]},
						{"origin": [-1.44475, 27.01202, -33.59774], "size": [2.90173, 2.05452, 1.60739], "inflate": -0.399, "uv": [18, 206]},
						{"origin": [-2.68509, 24.23202, -33.59774], "size": [5.35866, 3.55202, 1.60739], "inflate": -0.399, "uv": [200, 88]},
						{"origin": [-2.47134, 20.27721, -47.89774], "size": [2.56826, 1.81702, 1.80739], "inflate": -0.4, "pivot": [-1.38763, 21.25822, -40.64405], "rotation": [0, 0, 47], "uv": [208, 200]},
						{"origin": [-0.09318, 20.27721, -47.89774], "size": [2.56826, 1.81702, 1.80739], "inflate": -0.4, "pivot": [1.39138, 21.25822, -40.64405], "rotation": [0, 0, -47], "uv": [208, 197]},
						{"origin": [-1.44475, 19.68346, -47.89774], "size": [2.90173, 2.05452, 1.80739], "inflate": -0.399, "uv": [206, 17]},
						{"origin": [-2.68509, 20.96596, -47.89774], "size": [5.35866, 4.00202, 1.58239], "inflate": -0.399, "uv": [46, 153]},
						{"origin": [-2.79483, 20.90213, -47.13447], "size": [5.59859, 4.07318, 22.18673], "inflate": -0.399, "uv": [124, 135]},
						{"origin": [-7.39624, 14.97531, -51.74774], "size": [14.8, 17.4, 31.4], "inflate": -4.99, "uv": [166, 208]},
						{"origin": [0.70376, 21.47713, -45.73447], "size": [2.9, 2.15, 10.98673], "inflate": -0.4, "pivot": [2.10446, 22.56372, -39.1911], "rotation": [0, 0, 45], "uv": [184, 161]},
						{"origin": [-3.07124, 20.70213, -45.73447], "size": [2.3, 2.7, 10.98673], "inflate": -0.4, "pivot": [-1.67054, 22.33872, -39.1911], "rotation": [0, 0, 45], "uv": [190, 32]},
						{"origin": [-2.79483, 18.37713, -30.73447], "size": [5.59859, 3.34818, 4.48673], "inflate": -0.4, "uv": [74, 65]},
						{"origin": [-2.79483, 19.40213, -27.05947], "size": [5.59859, 2.32318, 2.11173], "inflate": -0.4, "uv": [70, 193]},
						{"origin": [-2.79483, 20.37713, -38.33447], "size": [5.59859, 4.07318, 9.23673], "inflate": -0.4, "pivot": [0.00446, 22.41372, -36.4411], "rotation": [-17.5, 0, 0], "uv": [84, 178]},
						{"origin": [-2.79483, 19.41044, -28.55679], "size": [5.59859, 1.67318, 2.43673], "inflate": -0.401, "pivot": [0.00446, 21.44703, -25.93843], "rotation": [39, 0, 0], "uv": [178, 14]},
						{"origin": [-1.48921, 27.02713, -47.13447], "size": [3.01235, 2.17318, 14.38673], "inflate": -0.4, "uv": [134, 90]},
						{"origin": [-2.3741, 19.00585, -47.13447], "size": [2.665, 1.924, 14.38673], "inflate": -0.4, "pivot": [0.00895, 20.82449, -39.9411], "rotation": [0, 0, 47], "uv": [174, 17]},
						{"origin": [-0.26815, 19.00065, -47.13447], "size": [2.66133, 1.94, 14.38673], "inflate": -0.4, "pivot": [0.00895, 20.82449, -39.9411], "rotation": [0, 0, -47], "uv": [168, 90]},
						{"origin": [-1.48921, 19.54969, -47.13447], "size": [3.01235, 2.17318, 14.38673], "inflate": -0.4, "uv": [140, 17]},
						{"origin": [-0.0665, 26.65213, -47.13447], "size": [2.66133, 1.92318, 14.38673], "inflate": -0.4, "pivot": [1.47513, 27.56372, -39.9411], "rotation": [0, 0, 47], "uv": [152, 161]},
						{"origin": [-2.56983, 26.65213, -47.13447], "size": [2.66133, 1.92318, 14.38673], "inflate": -0.4, "pivot": [-1.45013, 27.56372, -39.9411], "rotation": [0, 0, -47], "uv": [0, 162]},
						{"origin": [-2.79483, 24.22713, -47.13447], "size": [5.59859, 1.22318, 3.08673], "inflate": -0.4, "uv": [54, 193]},
						{"origin": [-2.79483, 24.22713, -41.53447], "size": [5.59859, 1.22318, 3.78673], "inflate": -0.4, "uv": [134, 196]},
						{"origin": [-2.79483, 24.22713, -35.23447], "size": [5.59859, 1.22318, 2.48673], "inflate": -0.4, "uv": [106, 157]},
						{"origin": [-2.04822, 27.85213, -32.78447], "size": [4.14317, 1.77318, 2.48673], "inflate": -0.398, "uv": [102, 198]},
						{"origin": [-2.04822, 26.75213, -32.25947], "size": [4.14317, 2.49818, 2.48673], "inflate": -0.4, "pivot": [0.02336, 28.18872, -31.0161], "rotation": [35, 0, 0], "uv": [200, 100]},
						{"origin": [-2.04822, 26.10213, -26.38447], "size": [4.14317, 2.14818, 1.96173], "inflate": -0.4, "pivot": [0.02336, 27.18872, -25.6661], "rotation": [57, 0, 0], "uv": [44, 201]},
						{"origin": [-2.04822, 23.70213, -26.15947], "size": [4.14317, 4.27318, 3.23673], "inflate": -0.399, "uv": [32, 169]},
						{"origin": [-2.04822, 26.80213, -23.75947], "size": [4.14317, 1.17318, 1.93673], "inflate": -0.4, "uv": [190, 88]},
						{"origin": [-0.93959, 24.4902, 4.03998], "size": [1.92909, 1.99534, 2.44511], "inflate": -0.4, "uv": [138, 205]},
						{"origin": [-0.93959, 24.23145, 5.45134], "size": [1.92909, 2.18204, 1.27045], "inflate": -0.4, "pivot": [0.02495, 25.33713, 5.33384], "rotation": [23, 0, 0], "uv": [54, 209]},
						{"origin": [-2.44512, 23.70205, -4.34782], "size": [4.94015, 2.02334, 10.59936], "inflate": -0.399, "uv": [178, 135]},
						{"origin": [-2.44504, 24.26076, -12.02041], "size": [1.36454, 1.46454, 8.49619], "inflate": -0.4, "uv": [190, 191]},
						{"origin": [-0.93967, 22.76114, 3.80479], "size": [1.92925, 5.48117, 2.49379], "inflate": -0.399, "pivot": [-0.06914, 25.04303, 5.28691], "rotation": [43, 0, 0], "uv": [78, 197]},
						{"origin": [0.18941, 22.76114, 3.80479], "size": [1.59993, 4.39912, 2.49379], "inflate": -0.399, "pivot": [-0.06914, 25.04303, 5.28691], "rotation": [43, 0, 0], "uv": [102, 202]},
						{"origin": [-0.01099, 25.31305, 2.45754], "size": [1.45863, 2.16431, 2.49363], "inflate": -0.4, "pivot": [0.71833, 26.39521, 3.70436], "rotation": [36.85554, 23.933, -28.42107], "uv": [204, 175]},
						{"origin": [-0.66962, 23.36068, 2.45754], "size": [1.55272, 1.99965, 2.49363], "inflate": -0.4, "pivot": [0.71833, 26.39521, 3.70436], "rotation": [36.85554, 23.933, -28.42107], "uv": [144, 205]},
						{"origin": [0.98926, 22.76122, 3.80487], "size": [1.50568, 2.49363, 2.49363], "inflate": -0.398, "pivot": [-0.06914, 25.04303, 5.28691], "rotation": [43, 0, 0], "uv": [204, 179]},
						{"origin": [-0.93959, 22.50248, -23.72946], "size": [1.92909, 5.41043, 27.93444], "inflate": -0.4, "uv": [68, 106]},
						{"origin": [-2.44504, 18.21113, -26.59642], "size": [4.93998, 3.48158, 33.92992], "inflate": -0.4, "pivot": [1.5304, 19.83431, -2.81663], "rotation": [-2.75, 0, 0], "uv": [0, 37]},
						{"origin": [-1.02777, 14.61796, -9.82916], "size": [2.10545, 4.44975, 1], "inflate": -0.4, "pivot": [1.5304, 19.60931, -1.86663], "rotation": [-2, 0, 0], "uv": [78, 204]},
						{"origin": [-1.02777, 13.37518, -8.1851], "size": [2.10545, 5.12475, 1], "inflate": -0.4, "pivot": [0.02495, 14.65956, -7.97435], "rotation": [-93.75, 0, 0], "uv": [114, 202]},
						{"origin": [-1.02777, 17.07518, -12.6851], "size": [2.10545, 1.32475, 2.7], "inflate": -0.4, "pivot": [0.02495, 14.65956, -7.97435], "rotation": [-93.75, 0, 0], "uv": [204, 152]},
						{"origin": [-1.02777, 17.56028, -5.77588], "size": [2.10545, 1.87475, 1.975], "inflate": -0.4, "pivot": [0.02495, 18.57265, -4.65088], "rotation": [-140, 0, 0], "uv": [18, 209]},
						{"origin": [-1.02777, 13.02497, -4.21802], "size": [2.10545, 1.77475, 1], "inflate": -0.4, "pivot": [0.02495, 14.28735, -3.71802], "rotation": [-81.25, 0, 0], "uv": [208, 12]},
						{"origin": [-1.02777, 13.66194, -3.66511], "size": [2.10545, 1.84975, 1], "inflate": -0.4, "pivot": [0.02495, 14.67432, -3.16511], "rotation": [-51.25, 0, 0], "uv": [208, 116]},
						{"origin": [-1.02777, 14.68694, -6.14011], "size": [2.10545, 1.74975, 1.15], "inflate": -0.4, "pivot": [0.02495, 15.69932, -5.46511], "rotation": [-65.75, 0, 0], "uv": [12, 209]},
						{"origin": [-1.02777, 15.43694, -5.59011], "size": [2.10545, 2.07475, 1.25], "inflate": -0.4, "pivot": [0.02495, 16.52432, -5.09011], "rotation": [-30.25, 0, 0], "uv": [200, 196]},
						{"origin": [-1.02777, 14.69683, -9.70041], "size": [2.10545, 1.49975, 1], "inflate": -0.4, "pivot": [0.02495, 14.65956, -7.97435], "rotation": [17.5, 0, 0], "uv": [112, 178]},
						{"origin": [-1.02777, 14.79806, -9.16108], "size": [2.10545, 1.42475, 1], "inflate": -0.4, "pivot": [0.02495, 14.65956, -7.97435], "rotation": [55, 0, 0], "uv": [206, 145]},
						{"origin": [-1.02777, 14.21796, -3.17916], "size": [2.10545, 4.54975, 1], "inflate": -0.4, "pivot": [1.5304, 19.60931, 4.78337], "rotation": [-2, 0, 0], "uv": [204, 147]},
						{"origin": [-1.12777, 14.69296, -12.07916], "size": [2.30545, 6.77475, 3.05817], "inflate": -0.4, "pivot": [1.5304, 19.60931, -4.11663], "rotation": [-2, 0, 0], "uv": [58, 110]},
						{"origin": [-0.93959, 13.20754, -11.51015], "size": [1.92909, 2.63476, 1.05875], "inflate": -0.4, "pivot": [0.02495, 14.85424, -11.03958], "rotation": [22.5, 0, 0], "uv": [58, 209]},
						{"origin": [-0.93959, 14.29011, -12.51768], "size": [1.92909, 1.97613, 1.71738], "inflate": -0.4, "pivot": [0.02495, 14.5725, -10.85922], "rotation": [-59.5, 0, 0], "uv": [70, 209]},
						{"origin": [-1.97467, 14.88753, -3.10593], "size": [3.99924, 4.44038, 7.90423], "inflate": -0.395, "pivot": [0.02495, 18.16907, -1.99994], "rotation": [-1, 0, 0], "uv": [190, 77]},
						{"origin": [-1.97451, 16.38132, 3.9983], "size": [3.99891, 2.44642, 1.36438], "inflate": -0.401, "pivot": [0.02495, 18.16907, -1.99994], "rotation": [-1, 0, 0], "uv": [204, 14]},
						{"origin": [-1.97459, 15.41792, 3.89325], "size": [3.99908, 1.85852, 1.36454], "inflate": -0.4, "pivot": [0.02495, 16.64121, 4.57553], "rotation": [-36, 0, 0], "uv": [126, 198]},
						{"origin": [-1.97459, 14.00656, -2.45808], "size": [3.99908, 2.25852, 1.36454], "inflate": -0.4, "pivot": [0.02495, 15.22985, -1.77581], "rotation": [61, 0, 0], "uv": [84, 204]},
						{"origin": [-1.97459, 5.69257, -2.18416], "size": [3.99908, 13.07881, 6.39271], "inflate": -0.399, "pivot": [0.02495, 16.70128, 1.22106], "rotation": [18, 0, 0], "uv": [106, 138]},
						{"origin": [-1.97459, 4.56349, -2.18416], "size": [3.99908, 1.97613, 5.33419], "inflate": -0.4, "pivot": [0.02495, 16.70128, 1.22106], "rotation": [18, 0, 0], "uv": [108, 65]},
						{"origin": [-1.97451, 4.38729, 0.4097], "size": [3.99891, 2.69642, 2.62142], "inflate": -0.401, "pivot": [0.02495, 6.08981, 1.93723], "rotation": [-27, 0, 0], "uv": [178, 200]},
						{"origin": [-1.97467, 4.97827, 5.55738], "size": [3.99924, 1.97629, 2.35266], "inflate": -0.399, "pivot": [0.02495, 5.96642, 5.62814], "rotation": [65, 0, 0], "uv": [200, 200]},
						{"origin": [-0.14923, 25.41928, -23.72946], "size": [1.9385, 1.67034, 28.68717], "inflate": -0.4, "uv": [0, 110]},
						{"origin": [-1.92754, 25.96917, -23.72946], "size": [1.92909, 2.34363, 27.93444], "inflate": -0.4, "pivot": [-0.963, 25.13713, -10.30859], "rotation": [0, 0, 45], "uv": [134, 33]},
						{"origin": [-0.65732, 23.86679, 4.69873], "size": [1.24693, 3.05817, 1.27045], "inflate": -0.4, "pivot": [0.30722, 23.74929, -9.01484], "rotation": [0, 0, -45], "uv": [120, 157]},
						{"origin": [-1.80854, 23.18186, 4.08123], "size": [1.39988, 3.16408, 2.10556], "inflate": -0.5, "pivot": [-1.07332, 24.7639, 5.47509], "rotation": [0, -56.75, -45], "uv": [92, 204]},
						{"origin": [-1.62036, 23.18186, 5.1868], "size": [1.2117, 3.16408, 1.11761], "inflate": -0.5, "pivot": [-1.07332, 24.7639, 5.47509], "rotation": [0, -56.75, -45], "uv": [46, 208]},
						{"origin": [-1.47923, 23.18186, 5.1868], "size": [1.07057, 3.16408, 1.2117], "inflate": -0.5, "pivot": [-1.07332, 24.7639, 5.47509], "rotation": [0, -56.75, -45], "uv": [208, 104]},
						{"origin": [-0.75732, 23.86088, 5.06918], "size": [1.09409, 3.16408, 1.23523], "inflate": -0.5, "pivot": [0.30722, 23.74929, -9.01484], "rotation": [0, 0, -45], "uv": [108, 208]},
						{"origin": [-0.75732, 23.86088, 5.30441], "size": [1.04705, 3.16408, 1.04705], "inflate": -0.5, "pivot": [0.30722, 23.74929, -9.01484], "rotation": [0, 0, -45], "uv": [208, 108]},
						{"origin": [-0.05164, 25.24871, 4.01067], "size": [1.04705, 3.16408, 1.04705], "inflate": -0.5, "pivot": [1.0129, 25.13713, -10.30859], "rotation": [0, 0, -45], "uv": [112, 208]},
						{"origin": [-0.77355, 24.5697, 3.89305], "size": [1.07057, 3.16408, 1.2117], "inflate": -0.5, "pivot": [-0.36764, 26.15174, 4.18135], "rotation": [0, -56.75, -45], "uv": [208, 112]},
						{"origin": [-0.05164, 25.24871, 3.77544], "size": [1.09409, 3.16408, 1.23523], "inflate": -0.5, "pivot": [1.0129, 25.13713, -10.30859], "rotation": [0, 0, -45], "uv": [116, 208]},
						{"origin": [-0.91468, 24.5697, 3.89305], "size": [1.2117, 3.16408, 1.11761], "inflate": -0.5, "pivot": [-0.36764, 26.15174, 4.18135], "rotation": [0, -56.75, -45], "uv": [120, 208]},
						{"origin": [-1.10286, 24.5697, 2.78749], "size": [1.39988, 3.16408, 2.10556], "inflate": -0.5, "pivot": [-0.36764, 26.15174, 4.18135], "rotation": [0, -56.75, -45], "uv": [204, 118]},
						{"origin": [0.04836, 25.25462, 3.40499], "size": [1.24693, 3.05817, 1.27045], "inflate": -0.4, "pivot": [1.0129, 25.13713, -10.30859], "rotation": [0, 0, -45], "uv": [138, 208]},
						{"origin": [-0.8332, 23.36068, 2.45754], "size": [1.55272, 1.99965, 2.49363], "inflate": -0.4, "pivot": [-0.66843, 26.39521, 3.70436], "rotation": [36.85554, -23.933, 28.42107], "uv": [150, 205]},
						{"origin": [-1.39774, 25.31305, 2.45754], "size": [1.45863, 2.16431, 2.49363], "inflate": -0.4, "pivot": [-0.66843, 26.39521, 3.70436], "rotation": [36.85554, -23.933, 28.42107], "uv": [180, 204]},
						{"origin": [-2.44504, 22.76122, 3.80487], "size": [1.50568, 2.49363, 2.49363], "inflate": -0.398, "pivot": [0.11904, 25.04303, 5.28691], "rotation": [43, 0, 0], "uv": [204, 183]},
						{"origin": [-1.73944, 22.76114, 3.80479], "size": [1.59993, 4.39912, 2.49379], "inflate": -0.399, "pivot": [0.11904, 25.04303, 5.28691], "rotation": [43, 0, 0], "uv": [108, 202]},
						{"origin": [-0.65732, 25.56042, -12.02041], "size": [1.835, 1.36454, 17.54266], "inflate": -0.4, "pivot": [0.30722, 23.74929, -10.30859], "rotation": [0, 0, -45], "uv": [46, 160]},
						{"origin": [0.75077, 25.91928, -5.17946], "size": [1.0385, 1.17034, 2.16217], "inflate": -0.375, "uv": [60, 206]},
						{"origin": [-1.92754, 27.29417, -5.17946], "size": [1.90409, 1.01863, 2.15944], "inflate": -0.375, "pivot": [-0.963, 25.13713, -3.70859], "rotation": [0, 0, 45], "uv": [54, 206]},
						{"origin": [-0.91459, 26.90248, -5.17946], "size": [1.87909, 1.01043, 2.15944], "inflate": -0.375, "uv": [206, 29]},
						{"origin": [0.07336, 27.30462, -5.17946], "size": [1.90409, 1.00817, 2.15944], "inflate": -0.375, "pivot": [1.0129, 25.13713, -3.70859], "rotation": [0, 0, -45], "uv": [206, 26]},
						{"origin": [-1.73936, 26.00746, -5.17904], "size": [1.0135, 1.08216, 2.16175], "inflate": -0.375, "uv": [24, 206]},
						{"origin": [0.75077, 25.91928, -13.27946], "size": [1.0385, 1.17034, 2.16217], "inflate": -0.375, "uv": [206, 136]},
						{"origin": [-1.92754, 27.29417, -13.27946], "size": [1.90409, 1.01863, 2.15944], "inflate": -0.375, "pivot": [-0.963, 25.13713, -11.80859], "rotation": [0, 0, 45], "uv": [206, 133]},
						{"origin": [-0.91459, 26.90248, -13.27946], "size": [1.87909, 1.01043, 2.15944], "inflate": -0.375, "uv": [72, 206]},
						{"origin": [0.59836, 27.30462, -13.27946], "size": [1.37909, 1.00817, 2.15944], "inflate": -0.375, "pivot": [1.0129, 25.13713, -11.80859], "rotation": [0, 0, -45], "uv": [66, 206]},
						{"origin": [0.75077, 25.91928, -21.57946], "size": [1.0385, 1.17034, 2.16217], "inflate": -0.375, "uv": [84, 207]},
						{"origin": [-1.92754, 27.29417, -21.57946], "size": [1.90409, 1.01863, 2.15944], "inflate": -0.375, "pivot": [-0.963, 25.13713, -20.10859], "rotation": [0, 0, 45], "uv": [186, 206]},
						{"origin": [-0.91459, 26.90248, -21.57946], "size": [1.87909, 1.01043, 2.15944], "inflate": -0.375, "uv": [206, 142]},
						{"origin": [0.59836, 27.30462, -21.57946], "size": [1.37909, 1.00817, 2.15944], "inflate": -0.375, "pivot": [1.0129, 25.13713, -20.10859], "rotation": [0, 0, -45], "uv": [206, 139]},
						{"origin": [-2.23164, 24.79685, -12.22041], "size": [1.66, 1.36454, 1.94266], "inflate": -0.4, "pivot": [-1.48914, 25.47912, -11.29908], "rotation": [0, 25, -45], "uv": [124, 209]},
						{"origin": [0.10131, 25.56042, -12.38447], "size": [1.07636, 1.36454, 1.16406], "inflate": -0.4, "pivot": [0.30722, 23.74929, -10.30859], "rotation": [0, 0, -45], "uv": [74, 209]},
						{"origin": [-1.73936, 25.50746, -12.37904], "size": [1.9385, 1.58216, 17.33675], "inflate": -0.4, "uv": [82, 160]},
						{"origin": [0.54836, 25.25462, -23.72946], "size": [1.42909, 3.05817, 12.15944], "inflate": -0.4, "pivot": [1.0129, 25.13713, -10.30859], "rotation": [0, 0, -45], "uv": [58, 178]},
						{"origin": [0.04836, 25.25462, -12.37946], "size": [1.92909, 3.05817, 16.58444], "inflate": -0.4, "pivot": [1.0129, 25.13713, -10.30859], "rotation": [0, 0, -45], "uv": [118, 161]},
						{"origin": [-1.04095, 24.77235, -12.60446], "size": [1.42909, 3.05817, 1.40944], "inflate": -0.4, "pivot": [-0.15141, 26.30144, -11.92474], "rotation": [0, 25, -45], "uv": [208, 191]},
						{"origin": [-1.24539, 25.25462, 3.40499], "size": [1.24693, 3.05817, 1.27045], "inflate": -0.4, "pivot": [-0.963, 25.13713, -10.30859], "rotation": [0, 0, 45], "uv": [142, 208]},
						{"origin": [-0.99255, 25.24871, 3.77544], "size": [1.09409, 3.16408, 1.23523], "inflate": -0.5, "pivot": [-0.963, 25.13713, -10.30859], "rotation": [0, 0, 45], "uv": [146, 208]},
						{"origin": [-0.9455, 25.24871, 4.01067], "size": [1.04705, 3.16408, 1.04705], "inflate": -0.5, "pivot": [-0.963, 25.13713, -10.30859], "rotation": [0, 0, 45], "uv": [150, 208]},
						{"origin": [-0.53971, 23.86679, 4.69873], "size": [1.24693, 3.05817, 1.27045], "inflate": -0.4, "pivot": [-0.25732, 23.74929, -9.01484], "rotation": [0, 0, 45], "uv": [154, 208]},
						{"origin": [0.45856, 23.18186, 4.08123], "size": [1.39988, 3.16408, 2.10556], "inflate": -0.5, "pivot": [1.12322, 24.7639, 5.47509], "rotation": [0, 56.75, 45], "uv": [204, 123]},
						{"origin": [0.45856, 23.18186, 5.1868], "size": [1.2117, 3.16408, 1.11761], "inflate": -0.5, "pivot": [1.12322, 24.7639, 5.47509], "rotation": [0, 56.75, 45], "uv": [158, 208]},
						{"origin": [0.45856, 23.18186, 5.1868], "size": [1.07057, 3.16408, 1.2117], "inflate": -0.5, "pivot": [1.12322, 24.7639, 5.47509], "rotation": [0, 56.75, 45], "uv": [208, 160]},
						{"origin": [-0.28687, 23.86088, 5.06918], "size": [1.09409, 3.16408, 1.23523], "inflate": -0.5, "pivot": [-0.25732, 23.74929, -9.01484], "rotation": [0, 0, 45], "uv": [162, 208]},
						{"origin": [-0.23982, 23.86088, 5.30441], "size": [1.04705, 3.16408, 1.04705], "inflate": -0.5, "pivot": [-0.25732, 23.74929, -9.01484], "rotation": [0, 0, 45], "uv": [208, 164]},
						{"origin": [-0.24712, 24.5697, 2.78749], "size": [1.39988, 3.16408, 2.10556], "inflate": -0.5, "pivot": [0.41754, 26.15174, 4.18135], "rotation": [0, 56.75, 45], "uv": [126, 204]},
						{"origin": [-0.24712, 24.5697, 3.89305], "size": [1.2117, 3.16408, 1.11761], "inflate": -0.5, "pivot": [0.41754, 26.15174, 4.18135], "rotation": [0, 56.75, 45], "uv": [208, 168]},
						{"origin": [-0.24712, 24.5697, 3.89305], "size": [1.07057, 3.16408, 1.2117], "inflate": -0.5, "pivot": [0.41754, 26.15174, 4.18135], "rotation": [0, 56.75, 45], "uv": [180, 208]},
						{"origin": [-1.22186, 23.86679, -23.72946], "size": [1.92909, 3.05817, 29.25171], "inflate": -0.4, "pivot": [-0.25732, 23.74929, -10.30859], "rotation": [0, 0, 45], "uv": [74, 33]}
					]
				},
				{
					"name": "_cb_suppressor",
					"parent": "gun",
					"pivot": [0.1, 22.775, -74.25],
					"cubes": [
						{"origin": [-0.4, 22.275, -74.75], "size": [1, 1, 1], "uv": [34, 7]}
					]
				},
				{
					"name": "muzzlebrake",
					"parent": "gun",
					"pivot": [0.04494, 22.76487, -68.07724],
					"cubes": [
						{"origin": [-1.88006, 20.86487, -81.63354], "size": [3.4, 3.4, 8.36261], "inflate": -0.4, "pivot": [0.31994, 22.06487, -62.45224], "rotation": [0, 0, 22.5], "uv": [190, 55]},
						{"origin": [-1.63006, 23.16487, -83.38354], "size": [1.825, 1.1, 2.56261], "inflate": -0.4, "pivot": [0.31994, 22.06487, -62.45224], "rotation": [0, 0, 22.5], "uv": [40, 208]},
						{"origin": [-1.63006, 20.66487, -83.38354], "size": [1.825, 1.1, 2.56261], "inflate": -0.4, "pivot": [0.31994, 19.56487, -62.45224], "rotation": [0, 0, 22.5], "uv": [102, 208]},
						{"origin": [-1.88006, 20.86487, -83.93354], "size": [3.4, 3.4, 1.36261], "inflate": -0.4, "pivot": [0.31994, 22.06487, -62.45224], "rotation": [0, 0, 22.5], "uv": [196, 203]},
						{"origin": [-1.15506, 21.56487, -84.75854], "size": [2.4, 2.4, 1.86261], "inflate": -0.4, "pivot": [0.04494, 22.76487, -68.07724], "rotation": [0, 0, 22.5], "uv": [6, 206]}
					]
				},
				{
					"name": "stock",
					"parent": "gun",
					"pivot": [2.14199, 20.79714, 6.60406],
					"cubes": [
						{"origin": [-1.54686, 17.99056, 6.20406], "size": [3.14658, 5.92793, 3.34044], "inflate": -0.4, "uv": [46, 139]},
						{"origin": [0.31858, 17.59586, 5.57177], "size": [2.74091, 4.57613, 1.7409], "inflate": -0.4, "pivot": [1.09523, 17.16416, 21.47693], "rotation": [-3, 0, 0], "uv": [204, 128]},
						{"origin": [-1.40573, 20.32259, 5.94146], "size": [2.91136, 2.54067, 31.09714], "inflate": -0.4, "pivot": [1.47023, 16.76416, 21.47693], "rotation": [-3, 0, 0], "uv": [68, 73]},
						{"origin": [-1.59391, 19.2141, 34.7712], "size": [3.28772, 5.03975, 2.81727], "inflate": -0.4, "pivot": [1.47023, 17.16416, 21.47693], "rotation": [-8, 0, 0], "uv": [58, 119]},
						{"origin": [-1.59391, 14.02848, 34.99893], "size": [3.28772, 4.14021, 2.81727], "inflate": -0.4, "uv": [58, 126]},
						{"origin": [0.89381, 14.32848, 34.99893], "size": [1.47772, 3.54021, 2.84227], "inflate": -0.4, "uv": [132, 204]},
						{"origin": [-1.59391, 9.16327, 34.85618], "size": [3.28772, 5.08112, 2.81727], "inflate": -0.4, "pivot": [1.47023, 17.16416, 21.47693], "rotation": [2.5, 0, 0], "uv": [124, 65]},
						{"origin": [-1.40573, 14.16068, 6.61426], "size": [2.91136, 2.54067, 31.09714], "inflate": -0.4, "pivot": [1.47023, 17.16416, 21.47693], "rotation": [-16, 0, 0], "uv": [74, 0]},
						{"origin": [-1.54686, 15.4884, 6.16331], "size": [3.14658, 1.34102, 3.34044], "inflate": -0.4, "pivot": [1.47023, 17.16416, 21.47693], "rotation": [-9, 0, 0], "uv": [66, 197]}
					]
				},
				{
					"name": "stockfolded",
					"parent": "gun",
					"pivot": [1.24199, 20.79714, 6.60406],
					"rotation": [-174.24995, 0.24874, -179.97495],
					"cubes": [
						{"origin": [-1.54686, 17.99056, 6.20406], "size": [3.14658, 5.92793, 3.34044], "inflate": -0.4, "uv": [46, 139]},
						{"origin": [0.31858, 17.59586, 5.57177], "size": [2.74091, 4.57613, 1.7409], "inflate": -0.4, "pivot": [1.09523, 17.16416, 21.47693], "rotation": [-3, 0, 0], "uv": [204, 128]},
						{"origin": [-1.40573, 20.32259, 5.94146], "size": [2.91136, 2.54067, 31.09714], "inflate": -0.4, "pivot": [1.47023, 16.76416, 21.47693], "rotation": [-3, 0, 0], "uv": [68, 73]},
						{"origin": [-1.59391, 19.2141, 34.7712], "size": [3.28772, 5.03975, 2.81727], "inflate": -0.4, "pivot": [1.47023, 17.16416, 21.47693], "rotation": [-8, 0, 0], "uv": [58, 119]},
						{"origin": [-1.59391, 14.02848, 34.99893], "size": [3.28772, 4.14021, 2.81727], "inflate": -0.4, "uv": [58, 126]},
						{"origin": [0.89381, 14.32848, 34.99893], "size": [1.47772, 3.54021, 2.84227], "inflate": -0.4, "uv": [132, 204]},
						{"origin": [-1.59391, 9.16327, 34.85618], "size": [3.28772, 5.08112, 2.81727], "inflate": -0.4, "pivot": [1.47023, 17.16416, 21.47693], "rotation": [2.5, 0, 0], "uv": [124, 65]},
						{"origin": [-1.40573, 14.16068, 6.61426], "size": [2.91136, 2.54067, 31.09714], "inflate": -0.4, "pivot": [1.47023, 17.16416, 21.47693], "rotation": [-16, 0, 0], "uv": [74, 0]},
						{"origin": [-1.54686, 15.4884, 6.16331], "size": [3.14658, 1.34102, 3.34044], "inflate": -0.4, "pivot": [1.47023, 17.16416, 21.47693], "rotation": [-9, 0, 0], "uv": [66, 197]}
					]
				},
				{
					"name": "magazine",
					"parent": "gun",
					"pivot": [0.05, 9.57371, -19.43549],
					"cubes": [
						{"origin": [-1.85, 10, -18.325], "size": [3.8, 10.5, 6.8], "inflate": -0.401, "pivot": [-0.85, 20.5, -11.525], "rotation": [-12.75, 0, 0], "uv": [134, 180]},
						{"origin": [-1.45, 5.04569, -22.73688], "size": [3, 7.575, 6.95], "inflate": -0.4, "pivot": [0.05, 10.49569, -17.76188], "rotation": [-22.75, 0, 0], "uv": [184, 178]},
						{"origin": [-1.85, 5.04569, -20.93688], "size": [3.8, 7.575, 6.8], "inflate": -0.4, "pivot": [0.05, 10.49569, -18.06188], "rotation": [-22.75, 0, 0], "uv": [84, 191]},
						{"origin": [-1.45, -1.80431, -26.16188], "size": [3, 9.125, 6.95], "inflate": -0.399, "pivot": [0.05, 3.64569, -21.18688], "rotation": [-32.75, 0, 0], "uv": [184, 120]},
						{"origin": [-1.85, -1.80431, -24.36188], "size": [3.8, 9.125, 6.8], "inflate": -0.399, "pivot": [0.05, 3.64569, -21.48688], "rotation": [-32.75, 0, 0], "uv": [0, 191]},
						{"origin": [-1.45, 10, -20.125], "size": [3, 10.5, 5.975], "inflate": -0.401, "pivot": [-0.85, 20.5, -11.225], "rotation": [-12.75, 0, 0], "uv": [115, 183]}
					]
				},
				{
					"name": "switch",
					"parent": "gun",
					"pivot": [-0.35141, 22.69077, -0.87602],
					"rotation": [22.5, 0, 0],
					"cubes": [
						{"origin": [-2.82156, 23.3256, -11.93193], "size": [1.45896, 1.74123, 8.9862], "inflate": -0.398, "uv": [18, 192]},
						{"origin": [-2.82148, 23.32569, -4.1929], "size": [1.4588, 1.74107, 2.21152], "inflate": -0.399, "pivot": [-1.99799, 24.24327, -3.60464], "rotation": [-46.5, 0, 0], "uv": [156, 205]},
						{"origin": [-2.8214, 22.29077, -12.11995], "size": [1.45863, 1.835, 10.11496], "inflate": -0.4, "pivot": [-1.99799, 23.20827, -7.29769], "rotation": [-12, 0, 0], "uv": [190, 44]},
						{"origin": [-3.29185, 22.29077, -12.11995], "size": [1.92909, 1.0163, 2.58772], "inflate": -0.4, "pivot": [-1.99799, 23.20827, -7.29769], "rotation": [-12, 0, 0], "uv": [162, 205]},
						{"origin": [-2.8214, 23.32577, -7.79178], "size": [1.45863, 1.7409, 5.7868], "inflate": -0.4, "pivot": [-1.99799, 23.20827, -7.29769], "rotation": [-12, 0, 0], "uv": [46, 147]},
						{"origin": [-2.82148, 21.27922, -3.06382], "size": [1.4588, 2.84663, 2.75254], "inflate": -0.399, "uv": [204, 187]},
						{"origin": [-2.8214, 21.32634, -1.93465], "size": [1.45863, 2.23488, 2.23488], "inflate": -0.4, "pivot": [-1.99799, 22.70253, -1.07596], "rotation": [45, 0, 0], "uv": [204, 203]},
						{"origin": [-3.00958, 21.32634, -1.93465], "size": [1.64681, 1.67034, 1.67034], "inflate": -0.4, "pivot": [-1.99799, 22.70253, -1.6405], "rotation": [45, 0, 0], "uv": [78, 209]}
					]
				},
				{
					"name": "action",
					"parent": "gun",
					"pivot": [-0.66721, 25.40033, -18.39122],
					"cubes": [
						{"origin": [-0.36914, 24.23724, -23.74765], "size": [3.51681, 2.49363, 12.81542], "inflate": -0.4, "pivot": [0.5954, 23.5552, -15.90859], "rotation": [0, 0, -45], "uv": [0, 177]},
						{"origin": [0.40586, 26.66224, -23.74765], "size": [1.46681, 1.26863, 12.81542], "inflate": -0.4, "pivot": [1.0954, 24.7552, -15.90859], "rotation": [0, 0, -45], "uv": [182, 105]},
						{"origin": [-2.15686, 23.50804, -23.74765], "size": [3.99908, 2.02318, 12.7919], "inflate": -0.4, "uv": [178, 0]},
						{"origin": [-1.48186, 24.78304, -23.74765], "size": [1.49908, 2.12318, 12.7919], "inflate": -0.4, "uv": [178, 147]},
						{"origin": [-3.07957, 23.71619, -23.39631], "size": [1.82179, 1.51503, 1.44693], "inflate": -0.4, "uv": [90, 209]},
						{"origin": [-4.82957, 23.71619, -23.12131], "size": [2.62179, 1.81503, 1.04693], "inflate": -0.4, "pivot": [-3.36868, 24.6237, -22.79784], "rotation": [0, -10, 0], "uv": [24, 209]}
					]
				},
				{
					"name": "muzzleflash",
					"parent": "main",
					"pivot": [0.16223, 24.70452, -52.56387],
					"cubes": [
						{"origin": [-0.29185, 22.24912, -85.85572], "size": [1.0163, 1.0163, 1.0163], "inflate": -0.4, "uv": [94, 209]}
					]
				},
				{
					"name": "scope",
					"parent": "main",
					"pivot": [0, 33.57282, 5.83713],
					"cubes": [
						{"origin": [-0.4663, 29.05, 4.3], "size": [1.0163, 1.0163, 1.0163], "inflate": -0.4, "uv": [98, 209]}
					]
				},
				{
					"name": "rightarm",
					"parent": "main",
					"pivot": [-4.3, 8.8, 21.8],
					"rotation": [-101.81106, -12.40003, -2.46982],
					"cubes": [
						{"origin": [-8.3, -15.2, 17.8], "size": [8, 24, 8], "uv": [42, 115]}
					]
				},
				{
					"name": "leftarm",
					"parent": "main",
					"pivot": [10.7, 7.4, -16.7],
					"rotation": [-131.49345, -3.84346, -37.7519],
					"cubes": [
						{"origin": [8.9, -17.7, -19.3], "size": [8, 24, 8], "pivot": [12.9, -5.7, -15.3], "rotation": [0, 29, 0], "uv": [0, 0]}
					]
				},
				{
					"name": "_camera_",
					"pivot": [6.825, 33.725, 26.45]
				}
			]
		}
	]
}