{
	"format_version": "1.12.0",
	"minecraft:geometry": [
		{
			"description": {
				"identifier": "geometry.unknown",
				"texture_width": 256,
				"texture_height": 256,
				"visible_bounds_width": 10,
				"visible_bounds_height": 6,
				"visible_bounds_offset": [0, 2, 0]
			},
			"bones": [
				{
					"name": "bb_main",
					"pivot": [0, -5, -10]
				},
				{
					"name": "main",
					"pivot": [0, 19, 24]
				},
				{
					"name": "gun",
					"parent": "main",
					"pivot": [1.5304, 0.6145, 24.7],
					"cubes": [
						{"origin": [-0.75, 26.2, -4.3], "size": [1.2, 1.2, 1.9], "inflate": -0.4, "pivot": [0.25, 27.2, 3], "rotation": [0, 0, -20], "uv": [198, 73]},
						{"origin": [-0.87487, 20.42429, -31], "size": [2.025, 2, 7.9], "inflate": -0.15, "pivot": [-0.10196, 21.52429, -28.10118], "rotation": [0, 0, 45], "uv": [174, 147]},
						{"origin": [0.17876, 30.91261, -23.55], "size": [1.25, 1.675, 2.6], "inflate": -0.4, "pivot": [0.62876, 31.92511, -22.3], "rotation": [0, 0, 41], "uv": [192, 194]},
						{"origin": [-1.37876, 30.91261, -23.55], "size": [1.2, 1.725, 2.6], "inflate": -0.4, "pivot": [-0.62876, 31.92511, -22.3], "rotation": [0, 0, -41], "uv": [14, 195]},
						{"origin": [-0.55, 30.95, -22.825], "size": [1.1, 2.075, 1.1], "inflate": -0.5, "pivot": [0, 32.2, -22.275], "rotation": [0, 22.5, 0], "uv": [198, 20]},
						{"origin": [-0.75, 30.95, -23.025], "size": [1.5, 1.575, 1.5], "inflate": -0.5, "uv": [198, 166]},
						{"origin": [0.32706, 26.31627, 0.25618], "size": [1, 1.05, 5.375], "inflate": -0.4003, "uv": [180, 82]},
						{"origin": [0.32707, 26.72214, -0.80311], "size": [1, 2.125, 2.65], "inflate": -0.4001, "pivot": [0, 27.58174, 0.05428], "rotation": [-40, 0, 0], "uv": [162, 192]},
						{"origin": [-1.325, 27.49714, 1.04689], "size": [1, 1.35, 1.4], "inflate": -0.4001, "pivot": [-0.075, 27.58174, 0.05428], "rotation": [-40, 0, 0], "uv": [102, 198]},
						{"origin": [0.32707, 27.49714, 1.04689], "size": [1, 1.35, 1.4], "inflate": -0.4001, "pivot": [0, 27.58174, 0.05428], "rotation": [-40, 0, 0], "uv": [98, 198]},
						{"origin": [-1.325, 27.34714, -1.32811], "size": [1, 1.5, 1.325], "inflate": -0.403, "pivot": [-0.075, 27.58174, 0.05428], "rotation": [-40, 0, 0], "uv": [198, 77]},
						{"origin": [0.32707, 27.34714, -1.32811], "size": [1, 1.5, 1.325], "inflate": -0.403, "pivot": [0, 27.58174, 0.05428], "rotation": [-40, 0, 0], "uv": [198, 75]},
						{"origin": [-1.13894, 27.32214, -1.57811], "size": [2.26601, 1.525, 1], "inflate": -0.4001, "pivot": [-0.2, 27.58174, 0.05428], "rotation": [-40, 0, 0], "uv": [178, 197]},
						{"origin": [0.32707, 27.12214, -1.00311], "size": [1, 1.625, 1.325], "inflate": -0.402, "uv": [198, 79]},
						{"origin": [-1.325, 27.12214, -1.00311], "size": [1, 1.625, 1.325], "inflate": -0.4001, "uv": [80, 198]},
						{"origin": [-1.22707, 26.025, 0.375], "size": [2.45414, 1, 5.175], "inflate": -0.3, "uv": [88, 29]},
						{"origin": [0.35403, 27.53089, -0.79417], "size": [1, 1.525, 1.125], "inflate": -0.4001, "pivot": [0, 28.33174, -0.12072], "rotation": [133.95569, 27.28375, -26.06501], "uv": [198, 61]},
						{"origin": [-1.325, 26.31627, 0.25618], "size": [1, 1.05, 5.4], "inflate": -0.4003, "uv": [92, 181]},
						{"origin": [-1.325, 26.72214, -0.80311], "size": [1, 2.125, 2.65], "inflate": -0.4001, "pivot": [-0.075, 27.58174, 0.05428], "rotation": [-40, 0, 0], "uv": [168, 192]},
						{"origin": [-1.021, 26.675, -3.225], "size": [2.06419, 2.35, 1.9], "inflate": -0.302, "pivot": [-0.28327, 28.2, -0.525], "rotation": [90, 0, 0], "uv": [186, 194]},
						{"origin": [-1.021, 26.675, -1.925], "size": [2.06419, 1.35, 1.65], "inflate": -0.302, "pivot": [-0.28327, 28.2, -0.525], "rotation": [90, 0, 0], "uv": [154, 197]},
						{"origin": [-1.38165, 27.61628, -0.60535], "size": [1, 1.525, 1.1], "inflate": -0.4001, "pivot": [-0.075, 28.33174, -0.12072], "rotation": [-47.54431, -27.28375, 26.06501], "uv": [198, 69]},
						{"origin": [-2.44504, 19.31487, 0.26646], "size": [1.64681, 4.18726, 30.43761], "inflate": -0.395, "uv": [68, 35]},
						{"origin": [-1.59822, 19.31487, 0.24146], "size": [4.09317, 4.18726, 30.46261], "inflate": -0.399, "uv": [0, 35]},
						{"origin": [-2.34822, 12.78982, 32.87709], "size": [4.74317, 14.08726, 2.56261], "inflate": -0.399, "pivot": [0.02336, 19.83345, 34.15839], "rotation": [-4, 0, 0], "uv": [110, 174]},
						{"origin": [-2.34822, 23.08982, 33.82709], "size": [4.74317, 2.28726, 1.46261], "inflate": -0.395, "pivot": [0.02336, 19.33345, 34.10839], "rotation": [-4, 0, 0], "uv": [0, 253]},
						{"origin": [-2.34822, 20.58982, 33.65209], "size": [4.74317, 2.28726, 1.46261], "inflate": -0.395, "pivot": [0.02336, 16.83345, 33.93339], "rotation": [-4, 0, 0], "uv": [0, 253]},
						{"origin": [-2.34822, 18.06482, 33.47709], "size": [4.74317, 2.28726, 1.46261], "inflate": -0.395, "pivot": [0.02336, 14.30845, 33.75839], "rotation": [-4, 0, 0], "uv": [0, 253]},
						{"origin": [-2.34822, 13.06482, 33.12709], "size": [4.74317, 2.28726, 1.46261], "inflate": -0.395, "pivot": [0.02336, 9.30845, 33.40839], "rotation": [-4, 0, 0], "uv": [0, 253]},
						{"origin": [-0.80104, 14.82064, 31.40918], "size": [1.6, 1.6, 1.96261], "inflate": -0.399, "pivot": [-0.00104, 15.62064, 32.34049], "rotation": [-2.81837, 2.8396, 45.18013], "uv": [198, 176]},
						{"origin": [-0.80104, 24.82064, 32.20918], "size": [1.6, 1.6, 1.96261], "inflate": -0.399, "pivot": [-0.00104, 25.62064, 33.14049], "rotation": [-2.81837, 2.8396, 45.18013], "uv": [198, 178]},
						{"origin": [-0.99822, 11.06487, 32.99146], "size": [2.04317, 2.51226, 2.56261], "inflate": -0.399, "pivot": [0.44836, 21.4585, 34.57276], "rotation": [-4, 0, 0], "uv": [154, 190]},
						{"origin": [-1.94822, 11.23306, 32.35479], "size": [2.14317, 2.96226, 2.56261], "inflate": -0.397, "pivot": [-0.87664, 12.93919, 33.63609], "rotation": [-3.15398, -2.4614, -37.93223], "uv": [190, 169]},
						{"origin": [-0.14494, 11.23306, 32.35479], "size": [2.14317, 2.96226, 2.56261], "inflate": -0.398, "pivot": [0.92664, 12.93919, 33.63609], "rotation": [-3.15398, 2.4614, 37.93223], "uv": [190, 173]},
						{"origin": [-2.44822, 16.71487, 28.74146], "size": [4.94317, 6.81226, 2.56261], "inflate": -0.395, "pivot": [0.44836, 21.4585, 30.32276], "rotation": [-4, 0, 0], "uv": [30, 180]},
						{"origin": [-2.44822, 16.71487, 30.44146], "size": [4.84317, 6.81226, 1.48761], "inflate": -0.399, "pivot": [0.44836, 21.4585, 30.32276], "rotation": [-4, 0, 0], "uv": [182, 130]},
						{"origin": [1.22678, 16.65796, 30.72106], "size": [1.26817, 6.81226, 1.23761], "inflate": -0.399, "pivot": [1.67336, 20.06409, 31.08986], "rotation": [-5.96598, 47.84522, -4.42999], "uv": [36, 191]},
						{"origin": [-1.44822, 16.81487, 31.04146], "size": [2.94317, 6.21226, 2.76261], "inflate": -0.399, "pivot": [0.44836, 21.4585, 30.32276], "rotation": [-4, 0, 0], "uv": [54, 186]},
						{"origin": [-0.49822, 22.19429, 31.40716], "size": [1.01817, 4.81226, 2.66261], "inflate": -0.399, "pivot": [0.01166, 25.25265, 30.7503], "rotation": [-4, 0, 0], "uv": [18, 189]},
						{"origin": [-0.49822, 12.79429, 31.40716], "size": [1.01817, 4.81226, 2.66261], "inflate": -0.399, "pivot": [0.01166, 25.25265, 30.7503], "rotation": [-4, 0, 0], "uv": [48, 190]},
						{"origin": [-1.54822, 26.03987, 32.99146], "size": [3.14317, 1.61226, 2.56261], "inflate": -0.399, "pivot": [0.44836, 21.4585, 34.57276], "rotation": [-4, 0, 0], "uv": [182, 189]},
						{"origin": [-2.34822, 26.29767, 33.368], "size": [1.94317, 1.36226, 2.56261], "inflate": -0.4, "pivot": [-0.97664, 26.8538, 34.6493], "rotation": [-2.83073, -2.82728, -44.93013], "uv": [40, 196]},
						{"origin": [0.45506, 26.29767, 33.368], "size": [1.94317, 1.36226, 2.56261], "inflate": -0.4, "pivot": [1.02664, 26.8538, 34.6493], "rotation": [-2.83073, 2.82728, 44.93013], "uv": [46, 196]},
						{"origin": [-2.44822, 19.73987, -1.73354], "size": [4.94317, 3.13726, 2.78761], "inflate": -0.399, "uv": [162, 27]},
						{"origin": [-1.09822, 19.41487, 27.66646], "size": [4.09317, 2, 2], "inflate": -0.4, "pivot": [0.94836, 20.4085, 28.64776], "rotation": [-22.5, 0, 0], "uv": [42, 186]},
						{"origin": [-2.54822, 21.51487, 28.66646], "size": [5.21817, 1.3, 1.3], "inflate": -0.4, "pivot": [0.62336, 21.8085, 28.94776], "rotation": [-22.5, 0, 0], "uv": [188, 0]},
						{"origin": [-2.54822, 19.41487, 25.06646], "size": [5.21817, 1.3, 1.3], "inflate": -0.4, "pivot": [0.62336, 19.7085, 25.34776], "rotation": [-22.5, 0, 0], "uv": [188, 12]},
						{"origin": [-2.54822, 17.91487, 27.56646], "size": [5.21817, 1.4, 1.4], "inflate": -0.4, "pivot": [0.62336, 18.2085, 27.94776], "rotation": [-22.5, 0, 0], "uv": [188, 2]},
						{"origin": [-2.54822, 18.31487, 4.36646], "size": [5.21817, 1.4, 1.4], "inflate": -0.4, "pivot": [0.62336, 18.6085, 4.74776], "rotation": [-22.5, 0, 0], "uv": [188, 4]},
						{"origin": [-2.54822, 18.31487, 11.36646], "size": [5.21817, 1.6, 1.6], "inflate": -0.4, "pivot": [0.62336, 18.6085, 11.94776], "rotation": [-22.5, 0, 0], "uv": [188, 10]},
						{"origin": [-1.74822, 30.56487, -3.48354], "size": [1.01817, 1.7, 1.7], "inflate": -0.4, "pivot": [-2.37664, 30.6085, -2.55224], "rotation": [-22.5, 0, 0], "uv": [195, 12]},
						{"origin": [0.55178, 30.31487, -3.73354], "size": [1.71817, 2.2, 2.2], "inflate": -0.4, "pivot": [0.62336, 30.6085, -2.55224], "rotation": [-22.5, 0, 0], "uv": [200, 16]},
						{"origin": [-2.37322, 20.91487, -17.50854], "size": [4.79317, 1.775, 1.775], "inflate": -0.4, "pivot": [0.62336, 21.5835, -17.12724], "rotation": [-22.5, 0, 0], "uv": [190, 16]},
						{"origin": [-2.37322, 20.91487, -8.40854], "size": [4.79317, 1.775, 1.775], "inflate": -0.4, "pivot": [0.62336, 21.5835, -8.02724], "rotation": [-22.5, 0, 0], "uv": [190, 18]},
						{"origin": [-2.54822, 21.31487, 1.26646], "size": [5.21817, 1.5, 1.5], "inflate": -0.4, "pivot": [0.62336, 21.7085, 1.64776], "rotation": [-22.5, 0, 0], "uv": [188, 6]},
						{"origin": [-2.54822, 21.31487, -0.93354], "size": [5.21817, 1.5, 1.5], "inflate": -0.4, "pivot": [0.62336, 21.7085, -0.55224], "rotation": [-22.5, 0, 0], "uv": [188, 8]},
						{"origin": [-1.59822, 22.70213, 0.26553], "size": [4.09317, 2.02318, 20.18673], "inflate": -0.4, "uv": [104, 101]},
						{"origin": [1.86994, 24.17713, 6.86553], "size": [1.2, 1.2, 22.88673], "inflate": -0.4, "pivot": [1.02336, 24.73872, 18.3089], "rotation": [0, 0, 45], "uv": [116, 69]},
						{"origin": [-2.23006, 24.17713, 21.36553], "size": [1.2, 1.2, 8.38673], "inflate": -0.4, "pivot": [-3.07664, 24.73872, 18.3089], "rotation": [0, 0, 45], "uv": [174, 138]},
						{"origin": [-2.44822, 22.07713, -0.03447], "size": [4.94317, 2.67318, 1.1], "inflate": -0.4, "uv": [62, 188]},
						{"origin": [-1.52322, 25.57713, -3.73447], "size": [3.04317, 5.36, 3.1], "inflate": -0.4, "uv": [18, 176]},
						{"origin": [0.42678, 30.07713, -3.73447], "size": [1.09317, 3.11, 3.7], "inflate": -0.4, "uv": [166, 138]},
						{"origin": [-1.44494, 31.50213, -20.43447], "size": [1.21817, 1.41, 3], "inflate": -0.4, "pivot": [-0.46086, 31.65713, -6.53447], "rotation": [6, 0, 0], "uv": [72, 190]},
						{"origin": [-1.44494, 31.50213, -15.53447], "size": [1.21817, 1.41, 3.7], "inflate": -0.4, "pivot": [-0.46086, 31.65713, -6.53447], "rotation": [6, 0, 0], "uv": [190, 59]},
						{"origin": [-1.51994, 31.76955, -2.01693], "size": [1.09317, 1.285, 1.3], "inflate": -0.4, "pivot": [-1.01086, 31.79955, -0.57943], "rotation": [-39.75, 0, 0], "uv": [198, 160]},
						{"origin": [-1.16994, 30.15213, -10.75947], "size": [1.09317, 1.46, 1.1], "inflate": -0.4, "pivot": [-0.66086, 30.43213, -14.73447], "rotation": [6, 0, 0], "uv": [198, 154]},
						{"origin": [-1.51994, 30.15213, -10.75947], "size": [1.14317, 1.46, 1.55], "inflate": -0.4, "pivot": [-1.01086, 30.43213, -14.73447], "rotation": [6, 0, 0], "uv": [198, 152]},
						{"origin": [-1.51994, 30.07713, -10.78447], "size": [1.16817, 1.41, 1.475], "inflate": -0.4, "uv": [198, 150]},
						{"origin": [-0.99494, 29.99799, -10.97093], "size": [1.16817, 2.51, 1.9], "inflate": -0.4, "pivot": [-0.49836, 31.80299, -10.40843], "rotation": [7.35633, -35.27643, -4.26405], "uv": [198, 47]},
						{"origin": [-1.51994, 30.40213, -10.03447], "size": [1.09317, 2.51, 9.725], "inflate": -0.398, "pivot": [-1.01086, 31.65713, -6.53447], "rotation": [6, 0, 0], "uv": [175, 28]},
						{"origin": [-1.04494, 31.50213, -21.63447], "size": [1.24317, 1.41, 11.7], "inflate": -0.4, "pivot": [-0.46086, 31.65713, -6.53447], "rotation": [6, 0, 0], "uv": [110, 162]},
						{"origin": [-1.51994, 30.07713, -10.13447], "size": [1.09317, 2.51, 7.2], "inflate": -0.4, "uv": [122, 178]},
						{"origin": [-1.51994, 30.07713, -3.73447], "size": [1.09317, 3.11, 3.7], "inflate": -0.4, "uv": [102, 187]},
						{"origin": [-1.22322, 30.12713, -2.15947], "size": [2.44317, 2.385, 2.325], "inflate": -0.4, "uv": [190, 55]},
						{"origin": [0.42678, 30.07713, -10.13447], "size": [1.09317, 2.51, 7.2], "inflate": -0.4, "uv": [136, 92]},
						{"origin": [0.35178, 30.07713, -23.55947], "size": [1.16817, 2.685, 2.675], "inflate": -0.4, "uv": [174, 192]},
						{"origin": [-1.52322, 31.80213, -22.39053], "size": [1.16817, 1.385, 2.625], "inflate": -0.398, "pivot": [-0.86414, 32.49463, -21.64053], "rotation": [-69.75, 0, 0], "uv": [20, 196]},
						{"origin": [-1.52322, 31.80213, -23.50947], "size": [1.16817, 1.385, 1.625], "inflate": -0.4, "pivot": [-0.86414, 32.49463, -22.60947], "rotation": [45, 0, 0], "uv": [198, 164]},
						{"origin": [-1.52322, 31.95213, -22.98447], "size": [1.16817, 1.385, 1.9], "inflate": -0.4, "uv": [198, 162]},
						{"origin": [-1.52322, 30.07713, -23.55947], "size": [1.16817, 2.685, 2.675], "inflate": -0.4, "uv": [194, 27]},
						{"origin": [0.35178, 31.95213, -22.98447], "size": [1.16817, 1.385, 1.9], "inflate": -0.4, "uv": [198, 110]},
						{"origin": [0.35178, 31.80213, -23.50947], "size": [1.16817, 1.385, 1.625], "inflate": -0.4, "pivot": [1.01086, 32.49463, -22.60947], "rotation": [45, 0, 0], "uv": [116, 198]},
						{"origin": [-1.52322, 30.32713, -22.15947], "size": [3.04317, 1.385, 1.625], "inflate": -0.399, "pivot": [1.01086, 31.01963, -21.25947], "rotation": [67.25, 0, 0], "uv": [180, 192]},
						{"origin": [0.35178, 31.80213, -22.39053], "size": [1.16817, 1.385, 2.625], "inflate": -0.398, "pivot": [1.01086, 32.49463, -21.64053], "rotation": [-69.75, 0, 0], "uv": [80, 195]},
						{"origin": [-0.19822, 31.50213, -21.63447], "size": [1.24317, 1.41, 11.7], "inflate": -0.4, "pivot": [0.46086, 31.65713, -6.53447], "rotation": [6, 0, 0], "uv": [32, 130]},
						{"origin": [0.22678, 31.50213, -15.53447], "size": [1.21817, 1.41, 3.7], "inflate": -0.4, "pivot": [0.46086, 31.65713, -6.53447], "rotation": [6, 0, 0], "uv": [40, 190]},
						{"origin": [0.22678, 31.50213, -20.43447], "size": [1.21817, 1.41, 3], "inflate": -0.4, "pivot": [0.46086, 31.65713, -6.53447], "rotation": [6, 0, 0], "uv": [190, 51]},
						{"origin": [-1.52322, 31.10213, -21.65947], "size": [3.04317, 1.11, 1.4], "inflate": -0.4, "pivot": [0.46086, 30.75713, -6.53447], "rotation": [6, 0, 0], "uv": [40, 194]},
						{"origin": [-1.52322, 28.9507, -22.22129], "size": [3.04317, 1.26, 2], "inflate": -0.4, "pivot": [0.91086, 29.6557, -21.22129], "rotation": [62, 0, 0], "uv": [162, 189]},
						{"origin": [-1.52322, 29.5257, -21.54629], "size": [3.04317, 1.21, 2.025], "inflate": -0.4, "pivot": [0.91086, 30.2307, -20.52129], "rotation": [32, 0, 0], "uv": [172, 189]},
						{"origin": [-0.17322, 29.99799, -10.97093], "size": [1.16817, 2.51, 1.9], "inflate": -0.398, "pivot": [0.49836, 31.80299, -10.40843], "rotation": [7.35633, 35.27643, 4.26405], "uv": [36, 198]},
						{"origin": [0.42678, 30.40213, -10.03447], "size": [1.09317, 2.51, 9.725], "inflate": -0.398, "pivot": [1.01086, 31.65713, -6.53447], "rotation": [6, 0, 0], "uv": [170, 173]},
						{"origin": [-1.52322, 30.10213, -17.73447], "size": [3.04317, 1.435, 7.8], "inflate": -0.398, "pivot": [1.01086, 30.35713, -15.43447], "rotation": [6, 0, 0], "uv": [116, 92]},
						{"origin": [-1.52322, 30.45213, -21.53447], "size": [3.04317, 1.085, 4.6], "inflate": -0.399, "pivot": [1.01086, 30.35713, -15.43447], "rotation": [6, 0, 0], "uv": [168, 63]},
						{"origin": [-1.52322, 30.25213, -19.43447], "size": [3.04317, 1.01, 2.5], "inflate": -0.4, "pivot": [1.01086, 30.35713, -15.43447], "rotation": [6, 0, 0], "uv": [188, 78]},
						{"origin": [0.42678, 31.76955, -2.01693], "size": [1.09317, 1.285, 1.3], "inflate": -0.4, "pivot": [1.01086, 31.79955, -0.57943], "rotation": [-39.75, 0, 0], "uv": [106, 198]},
						{"origin": [-1.52322, 30.07713, -16.43447], "size": [3.04317, 1.41, 6.45], "inflate": -0.4, "uv": [64, 176]},
						{"origin": [0.37678, 30.15213, -10.75947], "size": [1.14317, 1.46, 1.55], "inflate": -0.4, "pivot": [1.01086, 30.43213, -14.73447], "rotation": [6, 0, 0], "uv": [198, 138]},
						{"origin": [0.07678, 30.15213, -10.75947], "size": [1.09317, 1.46, 1.1], "inflate": -0.4, "pivot": [0.66086, 30.43213, -14.73447], "rotation": [6, 0, 0], "uv": [198, 140]},
						{"origin": [0.35178, 30.07713, -10.78447], "size": [1.16817, 1.41, 1.475], "inflate": -0.4, "uv": [198, 136]},
						{"origin": [-1.52322, 28.82713, -1.43447], "size": [3.04317, 2.11, 1.4], "inflate": -0.4, "uv": [192, 44]},
						{"origin": [-1.45406, 29.57263, -0.64847], "size": [2.909, 1.5995, 1.088], "inflate": -0.399, "uv": [184, 197]},
						{"origin": [-0.28856, 31.57063, -0.64847], "size": [1.281, 1.4105, 1.088], "inflate": -0.403, "uv": [198, 146]},
						{"origin": [-0.99156, 31.57063, -0.64847], "size": [1.281, 1.4105, 1.088], "inflate": -0.403, "uv": [198, 148]},
						{"origin": [-1.02856, 29.03613, -0.64847], "size": [1.9655, 3.8895, 1.088], "inflate": -0.398, "pivot": [-0.05506, 31.02713, 0.56553], "rotation": [0, 0, -90], "uv": [56, 197]},
						{"origin": [-0.66406, 30.44413, -0.64847], "size": [1.3, 1.3, 1.2], "inflate": -0.4, "pivot": [-0.01406, 31.09413, -0.04847], "rotation": [0, 0, -112.5], "uv": [198, 168]},
						{"origin": [-0.41806, 29.09163, -0.64847], "size": [1.4845, 3.8155, 1.088], "inflate": -0.4, "pivot": [-0.05506, 31.02713, 0.56553], "rotation": [0, 0, -45], "uv": [194, 197]},
						{"origin": [-1.08406, 31.42263, -0.64847], "size": [1.4845, 1.4845, 1.088], "inflate": -0.4, "pivot": [-0.05506, 31.02713, 0.56553], "rotation": [0, 0, -45], "uv": [198, 144]},
						{"origin": [-0.49206, 29.07313, -0.64847], "size": [1.4845, 3.8155, 1.088], "inflate": -0.4, "pivot": [-0.05506, 31.02713, 0.56553], "rotation": [0, 0, -135], "uv": [190, 197]},
						{"origin": [-1.15806, 29.07313, -0.64847], "size": [1.4845, 1.4845, 1.088], "inflate": -0.4, "pivot": [-0.05506, 31.02713, 0.56553], "rotation": [0, 0, -135], "uv": [198, 142]},
						{"origin": [-1.52322, 28.12713, -1.43447], "size": [3.04317, 1.72, 1.4], "inflate": -0.399, "pivot": [-0.00164, 29.34463, -0.73447], "rotation": [-40.25, 0, 0], "uv": [188, 192]},
						{"origin": [-1.52322, 28.85213, -4.88447], "size": [3.04317, 2.945, 1.95], "inflate": -0.402, "pivot": [-0.00164, 30.36963, -3.93447], "rotation": [56, 0, 0], "uv": [192, 81]},
						{"origin": [-1.52322, 29.85213, -23.55947], "size": [3.04317, 1.085, 20.625], "inflate": -0.397, "uv": [56, 124]},
						{"origin": [-1.52322, 24.27713, -23.55947], "size": [3.04317, 6.385, 1.225], "inflate": -0.4, "uv": [86, 187]},
						{"origin": [-1.17322, 30.12713, -23.55947], "size": [2.34317, 1.835, 2.625], "inflate": -0.4, "uv": [192, 87]},
						{"origin": [-1.52322, 19.17713, -22.65947], "size": [3.04317, 2.485, 1.825], "inflate": -0.4, "uv": [192, 84]},
						{"origin": [-1.92322, 17.27713, -22.05947], "size": [3.84317, 1.61, 1.225], "inflate": -0.4, "uv": [194, 31]},
						{"origin": [-1.92322, 18.07713, -22.78447], "size": [3.84317, 1.785, 1.95], "inflate": -0.398, "uv": [194, 33]},
						{"origin": [-1.92322, 17.95213, -23.80947], "size": [3.84317, 2.16, 1.825], "inflate": -0.399, "uv": [118, 192]},
						{"origin": [-1.92322, 16.97713, -23.50947], "size": [3.84317, 2.685, 1.825], "inflate": -0.4, "pivot": [-0.00164, 18.58213, -22.59697], "rotation": [69, 0, 0], "uv": [192, 130]},
						{"origin": [-1.92322, 18.32713, -23.08447], "size": [3.84317, 1.285, 1.15], "inflate": -0.4, "pivot": [-0.00164, 19.41963, -22.89697], "rotation": [49.75, 0, 0], "uv": [194, 35]},
						{"origin": [-0.90506, 23.60213, -23.55947], "size": [2.4, 2.375, 4.025], "inflate": -0.402, "pivot": [0.00744, 25.10213, -22.94697], "rotation": [0, 0, 45], "uv": [182, 63]},
						{"origin": [-0.90506, 20.20213, -23.95947], "size": [2.4, 2.375, 3.725], "inflate": -0.4, "pivot": [0.00744, 21.70213, -22.94697], "rotation": [0, 0, 45], "uv": [186, 156]},
						{"origin": [-1.52322, 24.27713, -22.05947], "size": [3.04317, 6.385, 1.225], "inflate": -0.4, "uv": [94, 187]},
						{"origin": [-1.52322, 24.27713, -23.13447], "size": [3.04317, 3.785, 1.875], "inflate": -0.4, "uv": [190, 20]},
						{"origin": [-1.52322, 26.92713, -23.45947], "size": [3.04317, 1.3, 1.3], "inflate": -0.402, "pivot": [-0.00164, 27.57713, -22.80947], "rotation": [-45, 0, 0], "uv": [192, 188]},
						{"origin": [-1.52322, 29.07713, -23.45947], "size": [3.04317, 1.3, 1.3], "inflate": -0.402, "pivot": [-0.00164, 29.72713, -22.80947], "rotation": [-45, 0, 0], "uv": [192, 190]},
						{"origin": [-1.52322, 29.07713, -22.23447], "size": [3.04317, 1.3, 1.3], "inflate": -0.402, "pivot": [-0.00164, 29.72713, -21.58447], "rotation": [-45, 0, 0], "uv": [102, 193]},
						{"origin": [-1.52322, 26.92713, -22.23447], "size": [3.04317, 1.3, 1.3], "inflate": -0.402, "pivot": [-0.00164, 27.57713, -21.58447], "rotation": [-45, 0, 0], "uv": [6, 194]},
						{"origin": [-1.12322, 20.80213, -23.55947], "size": [2.24317, 3.985, 2.725], "inflate": -0.4, "uv": [10, 189]},
						{"origin": [-1.22322, 15.45213, -23.63447], "size": [2.44317, 2.06, 2.65], "inflate": -0.4, "uv": [138, 190]},
						{"origin": [-1.22322, 16.70213, -23.63447], "size": [2.44317, 2.985, 1.925], "inflate": -0.4, "uv": [26, 196]},
						{"origin": [-0.62322, 17.47713, -23.70947], "size": [1.24317, 2.985, 1.275], "inflate": -0.4, "pivot": [-0.00164, 18.96963, -22.74697], "rotation": [33, 0, 0], "uv": [198, 50]},
						{"origin": [-1.52322, 29.25213, -23.13447], "size": [3.04317, 1.41, 1.875], "inflate": -0.4, "uv": [192, 90]},
						{"origin": [-1.84822, 24.35213, -3.53447], "size": [3.66817, 1.485, 4.3], "inflate": -0.4, "uv": [152, 138]},
						{"origin": [-1.28358, 25.28748, -3.53447], "size": [1.2668, 1.09818, 4.3], "inflate": -0.4, "uv": [186, 118]},
						{"origin": [-1.93358, 24.28748, -3.53447], "size": [1.5668, 2.09818, 4.3], "inflate": -0.4, "pivot": [-0.81268, 25.83657, -1.38447], "rotation": [0, 0, -45], "uv": [186, 98]},
						{"origin": [0.01678, 25.28748, -3.53447], "size": [1.2668, 1.09818, 4.3], "inflate": -0.4, "uv": [186, 113]},
						{"origin": [-0.75822, 25.66248, -4.58447], "size": [1.5668, 1.11, 1.65], "inflate": -0.4, "uv": [198, 71]},
						{"origin": [0.36678, 24.28748, -3.53447], "size": [1.5668, 2.09818, 4.3], "inflate": -0.4, "pivot": [0.81268, 25.83657, -1.38447], "rotation": [0, 0, 45], "uv": [186, 92]},
						{"origin": [-2.02322, 22.57713, -4.63447], "size": [4.09317, 2.77318, 5.7], "inflate": -0.4, "uv": [0, 176]},
						{"origin": [-2.02322, 24.55213, -4.63447], "size": [4.09317, 1.44818, 2], "inflate": -0.4, "uv": [186, 110]},
						{"origin": [-0.14822, 25.15213, -4.63447], "size": [2.29317, 1.74818, 2], "inflate": -0.4, "pivot": [0.09836, 26.17622, -3.58447], "rotation": [0, 0, 31.25], "uv": [192, 38]},
						{"origin": [-0.14822, 25.15213, -0.03447], "size": [2.29317, 1.74818, 1.1], "inflate": -0.4, "pivot": [0.09836, 26.17622, 0.11553], "rotation": [0, 0, 31.25], "uv": [130, 197]},
						{"origin": [-2.09494, 25.15213, -4.63447], "size": [2.29317, 1.74818, 2], "inflate": -0.4, "pivot": [-0.04836, 26.17622, -3.58447], "rotation": [0, 0, -31.25], "uv": [192, 41]},
						{"origin": [-2.09494, 25.15213, -0.03447], "size": [2.29317, 1.74818, 1.1], "inflate": -0.4, "pivot": [-0.04836, 26.17622, 0.11553], "rotation": [0, 0, -31.25], "uv": [136, 197]},
						{"origin": [-2.02322, 24.55213, -0.03447], "size": [4.09317, 1.44818, 1.1], "inflate": -0.4, "uv": [190, 14]},
						{"origin": [-2.44822, 22.07713, -1.75947], "size": [4.94317, 1.1, 2.525], "inflate": -0.4, "uv": [32, 142]},
						{"origin": [-2.24822, 22.37713, -1.73447], "size": [4.54317, 2, 2.5], "inflate": -0.4, "uv": [122, 174]},
						{"origin": [-2.24822, 22.57713, -1.63447], "size": [4.54317, 2, 2.55], "inflate": -0.399, "pivot": [0.04836, 23.57713, -0.35947], "rotation": [12, 0, 0], "uv": [180, 88]},
						{"origin": [-2.44822, 22.07713, -1.23447], "size": [4.94317, 1.1, 2.3], "inflate": -0.402, "pivot": [0.02336, 22.62713, 0.01553], "rotation": [45, 0, 0], "uv": [44, 142]},
						{"origin": [-2.29483, 23.05213, -19.53447], "size": [4.59859, 2.92318, 15.08673], "inflate": -0.4, "uv": [130, 52]},
						{"origin": [-1.97134, 24.85577, -5.39774], "size": [2.56826, 1.81702, 1.60739], "inflate": -0.4, "pivot": [-0.88763, 25.69178, 1.65595], "rotation": [0, 0, -47], "uv": [74, 197]},
						{"origin": [-0.59318, 24.85577, -5.39774], "size": [2.56826, 1.81702, 1.60739], "inflate": -0.4, "pivot": [0.89138, 25.69178, 1.65595], "rotation": [0, 0, 47], "uv": [68, 197]},
						{"origin": [-0.96975, 25.18702, -5.39774], "size": [1.95173, 2.10452, 1.60739], "inflate": -0.399, "uv": [16, 198]},
						{"origin": [-2.18509, 23.05702, -5.39774], "size": [4.35866, 2.92702, 1.60739], "inflate": -0.399, "uv": [188, 69]},
						{"origin": [-1.97134, 24.85577, -20.32274], "size": [2.56826, 1.81702, 1.60739], "inflate": -0.4, "pivot": [-0.88763, 25.69178, -13.26905], "rotation": [0, 0, -47], "uv": [148, 197]},
						{"origin": [-0.96975, 25.18702, -20.32274], "size": [1.95173, 2.10452, 1.60739], "inflate": -0.399, "uv": [198, 23]},
						{"origin": [-0.59318, 24.85577, -20.32274], "size": [2.56826, 1.81702, 1.60739], "inflate": -0.4, "pivot": [0.89138, 25.69178, -13.26905], "rotation": [0, 0, 47], "uv": [142, 197]},
						{"origin": [-2.18509, 23.05702, -20.32274], "size": [4.35866, 2.92702, 1.60739], "inflate": -0.399, "uv": [188, 72]},
						{"origin": [-1.01421, 25.15213, -19.53447], "size": [2.06235, 2.19818, 15.08673], "inflate": -0.4, "uv": [66, 145]},
						{"origin": [-0.5665, 24.77713, -19.53447], "size": [2.66133, 1.92318, 15.08673], "inflate": -0.4, "pivot": [0.97513, 25.68872, -11.6411], "rotation": [0, 0, 47], "uv": [152, 92]},
						{"origin": [-2.06983, 24.77713, -19.53447], "size": [2.66133, 1.92318, 15.08673], "inflate": -0.4, "pivot": [-0.95013, 25.68872, -11.6411], "rotation": [0, 0, -47], "uv": [152, 108]},
						{"origin": [-0.93959, 23.4902, 28.03998], "size": [1.92909, 1.99534, 2.44511], "inflate": -0.4, "uv": [54, 194]},
						{"origin": [-0.93959, 23.23145, 29.45134], "size": [1.92909, 2.18204, 1.27045], "inflate": -0.4, "pivot": [0.02495, 24.33713, 29.33384], "rotation": [23, 0, 0], "uv": [68, 191]},
						{"origin": [-2.44512, 22.70205, 19.65218], "size": [4.94015, 2.02334, 10.59936], "inflate": -0.399, "uv": [162, 15]},
						{"origin": [-2.44504, 23.26076, 11.97959], "size": [1.36454, 1.46454, 8.49619], "inflate": -0.4, "uv": [162, 82]},
						{"origin": [-0.93967, 21.76114, 27.80479], "size": [1.92925, 5.48117, 2.49379], "inflate": -0.399, "pivot": [-0.06914, 24.04303, 29.28691], "rotation": [43, 0, 0], "uv": [24, 184]},
						{"origin": [-0.48967, 26.21093, 29.27449], "size": [1.00425, 1.75617, 1.39379], "inflate": -0.399, "pivot": [0.01166, 25.25265, 30.7503], "rotation": [43, 0, 0], "uv": [198, 170]},
						{"origin": [-0.48967, 27.16093, 29.27449], "size": [1.00425, 1.28117, 1.01879], "inflate": -0.399, "pivot": [0.01166, 25.25265, 30.7503], "rotation": [43, 0, 0], "uv": [117, 100]},
						{"origin": [-0.48967, 25.11093, 28.64949], "size": [1.00425, 1.88117, 5.49379], "inflate": -0.399, "uv": [182, 124]},
						{"origin": [-0.83967, 26.08593, 27.52449], "size": [1.70425, 1.10617, 6.81879], "inflate": -0.499, "uv": [138, 178]},
						{"origin": [-1.43967, 26.08593, 31.42449], "size": [2.90425, 1.10617, 2.91879], "inflate": -0.497, "uv": [192, 133]},
						{"origin": [-0.33967, 26.08593, 27.54949], "size": [1.70425, 1.10617, 6.81879], "inflate": -0.492, "pivot": [0.51245, 26.63902, 30.85889], "rotation": [0, 10, 0], "uv": [152, 178]},
						{"origin": [-1.33958, 26.08593, 27.54949], "size": [1.70425, 1.10617, 6.81879], "inflate": -0.494, "pivot": [-0.48745, 26.63902, 30.85889], "rotation": [0, -10, 0], "uv": [48, 179]},
						{"origin": [-0.48967, 25.11093, 31.64949], "size": [1.00425, 1.08117, 1.19379], "inflate": -0.399, "pivot": [0.01245, 26.05152, 31.79639], "rotation": [-49.5, 0, 0], "uv": [198, 174]},
						{"origin": [-0.48967, 25.93593, 27.89949], "size": [1.00425, 1.05617, 1.56879], "inflate": -0.399, "uv": [198, 172]},
						{"origin": [0.18941, 21.76114, 27.80479], "size": [1.59993, 4.39912, 2.49379], "inflate": -0.399, "pivot": [-0.06914, 24.04303, 29.28691], "rotation": [43, 0, 0], "uv": [42, 180]},
						{"origin": [-0.01099, 24.31305, 26.45754], "size": [1.45863, 2.16431, 2.49363], "inflate": -0.4, "pivot": [0.71833, 25.39521, 27.70436], "rotation": [36.85554, 23.933, -28.42107], "uv": [126, 192]},
						{"origin": [-0.66962, 22.36068, 26.45754], "size": [1.55272, 1.99965, 2.49363], "inflate": -0.4, "pivot": [0.71833, 25.39521, 27.70436], "rotation": [36.85554, 23.933, -28.42107], "uv": [194, 63]},
						{"origin": [0.98926, 21.76122, 27.80487], "size": [1.50568, 2.49363, 2.49363], "inflate": -0.398, "pivot": [-0.06914, 24.04303, 29.28691], "rotation": [43, 0, 0], "uv": [192, 136]},
						{"origin": [-0.93959, 21.50248, 0.27054], "size": [1.92909, 5.41043, 27.93444], "inflate": -0.4, "uv": [60, 69]},
						{"origin": [-0.98959, 25.67748, 22.82054], "size": [2.00409, 1.56043, 4.25944], "inflate": -0.7, "uv": [174, 47]},
						{"origin": [-0.98959, 25.67748, 14.42054], "size": [2.00409, 1.56043, 5.95944], "inflate": -0.7, "uv": [102, 29]},
						{"origin": [-0.98959, 25.67748, 5.72054], "size": [2.00409, 1.56043, 5.95944], "inflate": -0.7, "uv": [116, 29]},
						{"origin": [-2.44504, 16.87015, -2.00528], "size": [4.93998, 3.48158, 32.90492], "inflate": -0.4, "pivot": [0.03748, 9.847, 16.18341], "rotation": [-0.75, 0, 0], "uv": [0, 0]},
						{"origin": [-1.34504, 16.57015, 18.69472], "size": [2.73998, 3.28158, 5.60492], "inflate": -0.4, "pivot": [0.03748, 9.347, 16.18341], "rotation": [-0.75, 0, 0], "uv": [40, 24]},
						{"origin": [-0.49504, 15.97015, 28.09472], "size": [1.01498, 1.48158, 3.40492], "inflate": -0.399, "pivot": [-0.11252, 6.747, 18.28341], "rotation": [-0.75, 0, 0], "uv": [146, 190]},
						{"origin": [-0.49504, 12.47015, 29.56972], "size": [1.01498, 1.28158, 3.62992], "inflate": -0.4, "uv": [190, 161]},
						{"origin": [-0.49504, 14.57015, 27.69472], "size": [1.01498, 2.03158, 4.42992], "inflate": -0.4, "pivot": [0.01245, 15.21094, 29.29718], "rotation": [-68.25, 0, 0], "uv": [186, 104]},
						{"origin": [-0.49504, 14.57015, 29.01972], "size": [1.01498, 1.98158, 3.67992], "inflate": -0.4, "pivot": [0.01245, 15.21094, 30.62218], "rotation": [-68.25, 0, 0], "uv": [190, 165]},
						{"origin": [-2.44504, 17.12015, -21.63028], "size": [4.93998, 3.88158, 20.70492], "inflate": -0.395, "uv": [56, 101]},
						{"origin": [-2.24504, 20.22015, -21.05528], "size": [4.53998, 2.80658, 18.85492], "inflate": -0.395, "uv": [130, 32]},
						{"origin": [-2.44504, 22.22015, -21.63028], "size": [4.93998, 1.28158, 20.70492], "inflate": -0.395, "uv": [104, 123]},
						{"origin": [-2.44504, 20.19515, -21.63028], "size": [4.93998, 2.83158, 1.37992], "inflate": -0.395, "uv": [188, 75]},
						{"origin": [-2.44504, 20.19515, -3.00528], "size": [4.93998, 2.83158, 2.07992], "inflate": -0.395, "uv": [186, 47]},
						{"origin": [-1.02777, 14.21658, -21.81801], "size": [2.10545, 4.44975, 1], "inflate": -0.4, "uv": [80, 190]},
						{"origin": [-1.02777, 9.7688, -23.56195], "size": [2.10545, 6.12475, 1], "inflate": -0.4, "pivot": [0.03748, 10.822, -20.11659], "rotation": [-91.75, 0, 0], "uv": [132, 187]},
						{"origin": [-1.02777, 13.3938, -27.36195], "size": [2.10545, 1.32475, 2.7], "inflate": -0.4, "pivot": [0.03748, 10.747, -19.41659], "rotation": [-91.75, 0, 0], "uv": [190, 185]},
						{"origin": [-1.02777, 16.86028, -17.17588], "size": [2.10545, 1.87475, 1.975], "inflate": -0.4, "pivot": [0.02495, 17.87265, -16.05088], "rotation": [-138, 0, 0], "uv": [92, 197]},
						{"origin": [-1.02777, 14.5856, -21.70911], "size": [2.10545, 1.77475, 1], "inflate": -0.4, "pivot": [0.03748, 10.772, -19.11659], "rotation": [-79.25, 0, 0], "uv": [196, 121]},
						{"origin": [-1.02777, 15.87523, -18.8465], "size": [2.10545, 1.84975, 1], "inflate": -0.4, "pivot": [0.03748, 10.772, -19.11659], "rotation": [-49.25, 0, 0], "uv": [196, 192]},
						{"origin": [-1.02777, 14.17218, -22.75646], "size": [2.10545, 1.74975, 1.15], "inflate": -0.4, "pivot": [0.03748, 10.747, -19.41659], "rotation": [-63.75, 0, 0], "uv": [86, 197]},
						{"origin": [-1.02777, 15.72139, -19.60088], "size": [2.10545, 2.07475, 1.25], "inflate": -0.4, "pivot": [0.03748, 10.747, -19.41659], "rotation": [-28.25, 0, 0], "uv": [180, 194]},
						{"origin": [-1.02777, 13.79016, -20.45484], "size": [2.10545, 1.49975, 1], "inflate": -0.4, "pivot": [0.03748, 10.822, -20.11659], "rotation": [19.5, 0, 0], "uv": [86, 185]},
						{"origin": [-1.02777, 12.44089, -18.41809], "size": [2.10545, 1.42475, 1], "inflate": -0.4, "pivot": [0.03748, 10.822, -20.11659], "rotation": [57, 0, 0], "uv": [196, 108]},
						{"origin": [-1.02777, 13.99866, -14.17206], "size": [2.10545, 4.54975, 1], "inflate": -0.4, "uv": [0, 192]},
						{"origin": [-1.12777, 13.23806, 13.53336], "size": [2.30545, 6.77475, 3.35817], "inflate": -0.4, "uv": [82, 176]},
						{"origin": [-0.93959, 12.35196, 16.19341], "size": [1.92909, 2.63476, 1.05875], "inflate": -0.4, "pivot": [0.03748, 9.847, 17.78341], "rotation": [24.5, 0, 0], "uv": [12, 198]},
						{"origin": [-0.93959, 9.04628, 12.1922], "size": [1.92909, 1.97613, 1.71738], "inflate": -0.4, "pivot": [0.03748, 9.847, 17.78341], "rotation": [-57.5, 0, 0], "uv": [166, 182]},
						{"origin": [-1.97467, 13.54849, -13.92422], "size": [3.99924, 4.29038, 7.90423], "inflate": -0.395, "pivot": [0.03748, 9.847, -19.11659], "rotation": [1, 0, 0], "uv": [170, 162]},
						{"origin": [-1.97451, 14.89228, -6.82], "size": [3.99891, 2.94642, 1.36438], "inflate": -0.401, "pivot": [0.03748, 9.847, -19.11659], "rotation": [1, 0, 0], "uv": [190, 24]},
						{"origin": [-1.97459, 20.46249, -12.3411], "size": [3.99908, 1.85852, 1.36454], "inflate": -0.4, "pivot": [0.03748, 9.847, -19.11659], "rotation": [-34, 0, 0], "uv": [74, 183]},
						{"origin": [-1.97459, 4.64952, -13.27079], "size": [3.99908, 2.55852, 1.48954], "inflate": -0.4, "pivot": [0.03748, 9.847, -19.11659], "rotation": [63, 0, 0], "uv": [190, 177]},
						{"origin": [-1.97459, 0.85721, -11.7322], "size": [3.99908, 13.07881, 6.39271], "inflate": -0.399, "pivot": [0.03748, 9.847, -19.11659], "rotation": [20, 0, 0], "uv": [92, 162]},
						{"origin": [-1.97459, -0.27187, -11.7322], "size": [3.99908, 1.97613, 5.33419], "inflate": -0.4, "pivot": [0.03748, 9.847, -19.11659], "rotation": [20, 0, 0], "uv": [72, 29]},
						{"origin": [-1.97451, 8.07172, -8.98668], "size": [3.99891, 2.69642, 2.62142], "inflate": -0.401, "pivot": [0.03748, 9.847, -19.11659], "rotation": [-25, 0, 0], "uv": [0, 188]},
						{"origin": [-1.97467, -6.18619, -18.21889], "size": [3.99924, 1.97629, 2.35266], "inflate": -0.399, "pivot": [0.03748, 9.847, -19.11659], "rotation": [67, 0, 0], "uv": [30, 188]},
						{"origin": [-0.14923, 24.41928, 0.27054], "size": [1.9385, 1.67034, 28.68717], "inflate": -0.4, "uv": [72, 0]},
						{"origin": [-1.92754, 24.96917, 0.27054], "size": [1.92909, 2.34363, 27.93444], "inflate": -0.4, "pivot": [-0.963, 24.13713, 13.69141], "rotation": [0, 0, 45], "uv": [0, 101]},
						{"origin": [-0.65732, 22.86679, 28.69873], "size": [1.24693, 3.05817, 1.27045], "inflate": -0.4, "pivot": [0.30722, 22.74929, 14.98516], "rotation": [0, 0, -45], "uv": [166, 178]},
						{"origin": [-1.80854, 22.18186, 28.08123], "size": [1.39988, 3.16408, 2.10556], "inflate": -0.5, "pivot": [-1.07332, 23.7639, 29.47509], "rotation": [0, -56.75, -45], "uv": [190, 180]},
						{"origin": [-1.62036, 22.18186, 29.1868], "size": [1.2117, 3.16408, 1.11761], "inflate": -0.5, "pivot": [-1.07332, 23.7639, 29.47509], "rotation": [0, -56.75, -45], "uv": [162, 185]},
						{"origin": [-1.47923, 22.18186, 29.1868], "size": [1.07057, 3.16408, 1.2117], "inflate": -0.5, "pivot": [-1.07332, 23.7639, 29.47509], "rotation": [0, -56.75, -45], "uv": [122, 195]},
						{"origin": [-0.75732, 22.86088, 29.06918], "size": [1.09409, 3.16408, 1.23523], "inflate": -0.5, "pivot": [0.30722, 22.74929, 14.98516], "rotation": [0, 0, -45], "uv": [32, 196]},
						{"origin": [-0.75732, 22.86088, 29.30441], "size": [1.04705, 3.16408, 1.04705], "inflate": -0.5, "pivot": [0.30722, 22.74929, 14.98516], "rotation": [0, 0, -45], "uv": [60, 196]},
						{"origin": [-0.05164, 24.24871, 28.01067], "size": [1.04705, 3.16408, 1.04705], "inflate": -0.5, "pivot": [1.0129, 24.13713, 13.69141], "rotation": [0, 0, -45], "uv": [64, 196]},
						{"origin": [-0.77355, 23.5697, 27.89305], "size": [1.07057, 3.16408, 1.2117], "inflate": -0.5, "pivot": [-0.36764, 25.15174, 28.18135], "rotation": [0, -56.75, -45], "uv": [196, 92]},
						{"origin": [-0.05164, 24.24871, 27.77544], "size": [1.09409, 3.16408, 1.23523], "inflate": -0.5, "pivot": [1.0129, 24.13713, 13.69141], "rotation": [0, 0, -45], "uv": [196, 96]},
						{"origin": [-0.91468, 23.5697, 27.89305], "size": [1.2117, 3.16408, 1.11761], "inflate": -0.5, "pivot": [-0.36764, 25.15174, 28.18135], "rotation": [0, -56.75, -45], "uv": [196, 100]},
						{"origin": [-1.10286, 23.5697, 26.78749], "size": [1.39988, 3.16408, 2.10556], "inflate": -0.5, "pivot": [-0.36764, 25.15174, 28.18135], "rotation": [0, -56.75, -45], "uv": [24, 191]},
						{"origin": [0.04836, 24.25462, 27.40499], "size": [1.24693, 3.05817, 1.27045], "inflate": -0.4, "pivot": [1.0129, 24.13713, 13.69141], "rotation": [0, 0, -45], "uv": [196, 104]},
						{"origin": [-0.8332, 22.36068, 26.45754], "size": [1.55272, 1.99965, 2.49363], "inflate": -0.4, "pivot": [-0.66843, 25.39521, 27.70436], "rotation": [36.85554, -23.933, 28.42107], "uv": [194, 66]},
						{"origin": [-1.39774, 24.31305, 26.45754], "size": [1.45863, 2.16431, 2.49363], "inflate": -0.4, "pivot": [-0.66843, 25.39521, 27.70436], "rotation": [36.85554, -23.933, 28.42107], "uv": [192, 140]},
						{"origin": [-2.44504, 21.76122, 27.80487], "size": [1.50568, 2.49363, 2.49363], "inflate": -0.398, "pivot": [0.11904, 24.04303, 29.28691], "rotation": [43, 0, 0], "uv": [192, 144]},
						{"origin": [-1.73944, 21.76114, 27.80479], "size": [1.59993, 4.39912, 2.49379], "inflate": -0.399, "pivot": [0.11904, 24.04303, 29.28691], "rotation": [43, 0, 0], "uv": [104, 181]},
						{"origin": [-0.65732, 24.56042, 11.97959], "size": [1.835, 1.36454, 17.54266], "inflate": -0.4, "pivot": [0.30722, 22.74929, 13.69141], "rotation": [0, 0, -45], "uv": [102, 144]},
						{"origin": [0.75077, 24.91928, 20.62054], "size": [1.0385, 1.17034, 2.16217], "inflate": -0.375, "uv": [194, 126]},
						{"origin": [-1.92754, 26.29417, 20.62054], "size": [1.90409, 1.01863, 2.15944], "inflate": -0.375, "pivot": [-0.963, 24.13713, 22.09141], "rotation": [0, 0, 45], "uv": [194, 123]},
						{"origin": [-0.91459, 25.90248, 20.62054], "size": [1.87909, 1.01043, 2.15944], "inflate": -0.375, "uv": [110, 194]},
						{"origin": [0.07336, 26.30462, 20.62054], "size": [1.90409, 1.00817, 2.15944], "inflate": -0.375, "pivot": [1.0129, 24.13713, 22.09141], "rotation": [0, 0, -45], "uv": [92, 194]},
						{"origin": [-1.73936, 25.00746, 20.62096], "size": [1.0135, 1.08216, 2.16175], "inflate": -0.375, "uv": [86, 194]},
						{"origin": [0.75077, 24.91928, 12.12054], "size": [1.0385, 1.17034, 2.16217], "inflate": -0.375, "uv": [150, 194]},
						{"origin": [0.59836, 26.30462, 2.42054], "size": [1.37909, 1.00817, 2.15944], "inflate": -0.375, "pivot": [1.0129, 24.13713, 3.89141], "rotation": [0, 0, -45], "uv": [6, 196]},
						{"origin": [-1.92754, 26.29417, 2.42054], "size": [1.90409, 1.01863, 2.15944], "inflate": -0.375, "pivot": [-0.963, 24.13713, 3.89141], "rotation": [0, 0, 45], "uv": [104, 195]},
						{"origin": [0.75077, 24.91928, 2.42054], "size": [1.0385, 1.17034, 2.16217], "inflate": -0.375, "uv": [98, 195]},
						{"origin": [-1.92754, 26.29417, 12.12054], "size": [1.90409, 1.01863, 2.15944], "inflate": -0.375, "pivot": [-0.963, 24.13713, 13.59141], "rotation": [0, 0, 45], "uv": [144, 194]},
						{"origin": [-0.91459, 25.90248, 12.12054], "size": [1.87909, 1.01043, 2.15944], "inflate": -0.375, "uv": [138, 194]},
						{"origin": [0.59836, 26.30462, 12.12054], "size": [1.37909, 1.00817, 2.15944], "inflate": -0.375, "pivot": [1.0129, 24.13713, 13.59141], "rotation": [0, 0, -45], "uv": [132, 194]},
						{"origin": [-0.91459, 25.90248, 2.42054], "size": [1.87909, 1.01043, 2.15944], "inflate": -0.375, "uv": [156, 194]},
						{"origin": [-2.23164, 23.79685, 11.77959], "size": [1.66, 1.36454, 1.94266], "inflate": -0.4, "pivot": [-1.48914, 24.47912, 12.70092], "rotation": [0, 25, -45], "uv": [198, 59]},
						{"origin": [0.10131, 24.56042, 11.61553], "size": [1.07636, 1.36454, 1.16406], "inflate": -0.4, "pivot": [0.30722, 22.74929, 13.69141], "rotation": [0, 0, -45], "uv": [118, 190]},
						{"origin": [-1.73936, 24.50746, 11.62096], "size": [1.9385, 1.58216, 17.33675], "inflate": -0.4, "uv": [138, 144]},
						{"origin": [0.54836, 24.25462, 0.27054], "size": [1.42909, 3.05817, 12.15944], "inflate": -0.4, "pivot": [1.0129, 24.13713, 13.69141], "rotation": [0, 0, -45], "uv": [162, 0]},
						{"origin": [0.04836, 24.25462, 11.62054], "size": [1.92909, 3.05817, 16.58444], "inflate": -0.4, "pivot": [1.0129, 24.13713, 13.69141], "rotation": [0, 0, -45], "uv": [32, 145]},
						{"origin": [-1.04095, 23.77235, 11.39554], "size": [1.42909, 3.05817, 1.40944], "inflate": -0.4, "pivot": [-0.15141, 25.30144, 12.07526], "rotation": [0, 25, -45], "uv": [52, 197]},
						{"origin": [-1.24539, 24.25462, 27.40499], "size": [1.24693, 3.05817, 1.27045], "inflate": -0.4, "pivot": [-0.963, 24.13713, 13.69141], "rotation": [0, 0, 45], "uv": [196, 113]},
						{"origin": [-0.99255, 24.24871, 27.77544], "size": [1.09409, 3.16408, 1.23523], "inflate": -0.5, "pivot": [-0.963, 24.13713, 13.69141], "rotation": [0, 0, 45], "uv": [196, 117]},
						{"origin": [-0.9455, 24.24871, 28.01067], "size": [1.04705, 3.16408, 1.04705], "inflate": -0.5, "pivot": [-0.963, 24.13713, 13.69141], "rotation": [0, 0, 45], "uv": [126, 196]},
						{"origin": [-0.53971, 22.86679, 28.69873], "size": [1.24693, 3.05817, 1.27045], "inflate": -0.4, "pivot": [-0.25732, 22.74929, 14.98516], "rotation": [0, 0, 45], "uv": [196, 156]},
						{"origin": [0.45856, 22.18186, 28.08123], "size": [1.39988, 3.16408, 2.10556], "inflate": -0.5, "pivot": [1.12322, 23.7639, 29.47509], "rotation": [0, 56.75, 45], "uv": [30, 191]},
						{"origin": [0.45856, 22.18186, 29.1868], "size": [1.2117, 3.16408, 1.11761], "inflate": -0.5, "pivot": [1.12322, 23.7639, 29.47509], "rotation": [0, 56.75, 45], "uv": [162, 196]},
						{"origin": [0.45856, 22.18186, 29.1868], "size": [1.07057, 3.16408, 1.2117], "inflate": -0.5, "pivot": [1.12322, 23.7639, 29.47509], "rotation": [0, 56.75, 45], "uv": [166, 196]},
						{"origin": [-0.28687, 22.86088, 29.06918], "size": [1.09409, 3.16408, 1.23523], "inflate": -0.5, "pivot": [-0.25732, 22.74929, 14.98516], "rotation": [0, 0, 45], "uv": [170, 196]},
						{"origin": [-0.23982, 22.86088, 29.30441], "size": [1.04705, 3.16408, 1.04705], "inflate": -0.5, "pivot": [-0.25732, 22.74929, 14.98516], "rotation": [0, 0, 45], "uv": [174, 196]},
						{"origin": [-0.24712, 23.5697, 26.78749], "size": [1.39988, 3.16408, 2.10556], "inflate": -0.5, "pivot": [0.41754, 25.15174, 28.18135], "rotation": [0, 56.75, 45], "uv": [62, 191]},
						{"origin": [-0.24712, 23.5697, 27.89305], "size": [1.2117, 3.16408, 1.11761], "inflate": -0.5, "pivot": [0.41754, 25.15174, 28.18135], "rotation": [0, 56.75, 45], "uv": [196, 180]},
						{"origin": [-0.24712, 23.5697, 27.89305], "size": [1.07057, 3.16408, 1.2117], "inflate": -0.5, "pivot": [0.41754, 25.15174, 28.18135], "rotation": [0, 56.75, 45], "uv": [0, 197]},
						{"origin": [-1.22186, 22.86679, 0.27054], "size": [1.92909, 3.05817, 29.25171], "inflate": -0.4, "pivot": [-0.25732, 22.74929, 13.69141], "rotation": [0, 0, 45], "uv": [0, 69]}
					]
				},
				{
					"name": "nut",
					"parent": "gun",
					"pivot": [0, 0, 0],
					"cubes": [
						{"origin": [-1.49987, 19.77429, -25.75], "size": [3, 3, 2.5], "inflate": -0.15, "pivot": [-0.00196, 21.27429, -26.75118], "rotation": [0, 0, 45], "uv": [122, 187]},
						{"origin": [-1.30048, 19.97281, -28.05], "size": [2.6, 2.6, 2.6], "inflate": -0.15, "pivot": [-0.00048, 21.27281, -26.75], "rotation": [0, 0, 45], "uv": [110, 190]}
					]
				},
				{
					"name": "stock",
					"parent": "gun",
					"pivot": [2.14199, 19.79714, 30.60406]
				},
				{
					"name": "magazine",
					"parent": "gun",
					"pivot": [0.05, 0.69807, 8.52632],
					"cubes": [
						{"origin": [-1.85, 9.26877, 6.86702], "size": [3.8, 10.45, 6.8], "inflate": -0.401, "pivot": [0.05, 14.50188, 9.15707], "rotation": [-8.25, 0, 0], "uv": [134, 162]},
						{"origin": [-1.875, 14.16877, 7.86702], "size": [3.85, 2, 3.7], "inflate": -0.401, "uv": [0, 183]},
						{"origin": [-1.875, 8.36877, 7.06702], "size": [3.85, 2, 3.7], "inflate": -0.401, "uv": [166, 184]},
						{"origin": [-1.875, 10.26877, 7.36702], "size": [3.85, 2, 3.7], "inflate": -0.401, "uv": [12, 184]},
						{"origin": [-1.875, 4.56877, 6.16702], "size": [3.85, 2, 3.7], "inflate": -0.401, "uv": [74, 185]},
						{"origin": [-1.875, 0.61877, 5.36702], "size": [3.85, 2, 3.7], "inflate": -0.401, "uv": [150, 185]},
						{"origin": [-1.875, 2.46877, 5.76702], "size": [3.85, 2, 3.7], "inflate": -0.401, "uv": [138, 185]},
						{"origin": [-1.875, 6.46877, 6.56702], "size": [3.85, 2, 3.7], "inflate": -0.401, "uv": [178, 184]},
						{"origin": [-1.875, 12.26877, 7.56702], "size": [3.85, 2, 3.7], "inflate": -0.401, "uv": [62, 183]},
						{"origin": [-1.45, -0.04655, 3.70805], "size": [3, 10.675, 6.95], "inflate": -0.4, "pivot": [0.05, 6.78294, 8.05722], "rotation": [-12.25, 0, 0], "uv": [30, 164]},
						{"origin": [-1.85, -0.06256, 5.53139], "size": [3.8, 10.575, 6.8], "inflate": -0.4, "pivot": [0.05, 6.78294, 8.05722], "rotation": [-12.25, 0, 0], "uv": [152, 162]},
						{"origin": [-1.45, 9.28498, 5.05962], "size": [3, 10.425, 5.975], "inflate": -0.401, "pivot": [0.05, 14.50188, 9.15707], "rotation": [-8.25, 0, 0], "uv": [48, 164]}
					]
				},
				{
					"name": "switch",
					"parent": "gun",
					"pivot": [-0.35141, 21.69077, 23.12398],
					"rotation": [22.5, 0, 0],
					"cubes": [
						{"origin": [-2.82156, 22.3256, 12.06807], "size": [1.45896, 1.74123, 8.9862], "inflate": -0.398, "uv": [174, 38]},
						{"origin": [-2.82148, 22.32569, 19.8071], "size": [1.4588, 1.74107, 2.21152], "inflate": -0.399, "pivot": [-1.99799, 23.24327, 20.39536], "rotation": [-46.5, 0, 0], "uv": [68, 194]},
						{"origin": [-2.8214, 21.29077, 11.88005], "size": [1.45863, 1.835, 10.11496], "inflate": -0.4, "pivot": [-1.99799, 22.20827, 16.70231], "rotation": [-12, 0, 0], "uv": [168, 52]},
						{"origin": [-3.29185, 21.29077, 11.88005], "size": [1.92909, 1.0163, 2.58772], "inflate": -0.4, "pivot": [-1.99799, 22.20827, 16.70231], "rotation": [-12, 0, 0], "uv": [74, 194]},
						{"origin": [-2.8214, 22.32577, 16.20822], "size": [1.45863, 1.7409, 5.7868], "inflate": -0.4, "pivot": [-1.99799, 22.20827, 16.70231], "rotation": [-12, 0, 0], "uv": [174, 156]},
						{"origin": [-2.82148, 20.27922, 20.93618], "size": [1.4588, 2.84663, 2.75254], "inflate": -0.399, "uv": [192, 148]},
						{"origin": [-2.8214, 20.32634, 22.06535], "size": [1.45863, 2.23488, 2.23488], "inflate": -0.4, "pivot": [-1.99799, 21.70253, 22.92404], "rotation": [45, 0, 0], "uv": [192, 152]},
						{"origin": [-3.00958, 20.32634, 22.06535], "size": [1.64681, 1.67034, 1.67034], "inflate": -0.4, "pivot": [-1.99799, 21.70253, 22.3595], "rotation": [45, 0, 0], "uv": [6, 192]}
					]
				},
				{
					"name": "action",
					"parent": "gun",
					"pivot": [-0.66721, 24.40033, 5.60878],
					"cubes": [
						{"origin": [-0.36914, 23.23724, 0.25235], "size": [3.51681, 2.49363, 12.81542], "inflate": -0.4, "pivot": [0.5954, 22.5552, 8.09141], "rotation": [0, 0, -45], "uv": [152, 124]},
						{"origin": [0.40586, 25.66224, 0.25235], "size": [1.46681, 1.26863, 12.81542], "inflate": -0.4, "pivot": [1.0954, 23.7552, 8.09141], "rotation": [0, 0, -45], "uv": [162, 69]},
						{"origin": [-2.15686, 22.50804, 0.25235], "size": [3.99908, 2.02318, 12.7919], "inflate": -0.4, "uv": [0, 162]},
						{"origin": [-1.48186, 23.78304, 0.25235], "size": [1.49908, 2.12318, 12.7919], "inflate": -0.4, "uv": [66, 162]},
						{"origin": [-3.07957, 22.71619, 0.60369], "size": [1.82179, 1.51503, 1.44693], "inflate": -0.4, "uv": [198, 53]},
						{"origin": [-4.82957, 22.71619, 0.87869], "size": [2.62179, 1.81503, 1.04693], "inflate": -0.4, "pivot": [-3.36868, 23.6237, 1.20216], "rotation": [0, -10, 0], "uv": [110, 197]}
					]
				},
				{
					"name": "muzzleflash",
					"parent": "main",
					"pivot": [0.16223, 23.70452, -28.56387],
					"cubes": [
						{"origin": [-0.51685, 20.74912, -33.25572], "size": [1.0163, 1.0163, 1.0163], "inflate": -0.4, "uv": [198, 55]}
					]
				},
				{
					"name": "scope",
					"parent": "main",
					"pivot": [-0.25, 36.37282, 13.03713],
					"cubes": [
						{"origin": [-0.5063, 31.85, 11.5], "size": [1.0163, 1.0163, 1.0163], "inflate": -0.4, "uv": [198, 57]}
					]
				},
				{
					"name": "rightarm",
					"parent": "main",
					"pivot": [-4.3, 7.8, 8.6],
					"rotation": [-101.81106, -12.40003, -2.46982],
					"cubes": [
						{"origin": [-9.21183, -17.9049, 5.36221], "size": [8, 24, 8], "pivot": [-0.91183, -2.7049, -12.43779], "rotation": [6, 0, -8], "uv": [0, 130]}
					]
				},
				{
					"name": "leftarm",
					"parent": "main",
					"pivot": [4.93024, 8.78374, -19.6162],
					"rotation": [-131.49345, -3.84346, -37.7519],
					"cubes": [
						{"origin": [2.93024, 0.78374, -27.6162], "size": [8, 24, 8], "uv": [130, 0]}
					]
				},
				{
					"name": "_cb_scope",
					"parent": "main",
					"pivot": [1.2, 20.175, -8.825],
					"cubes": [
						{
							"origin": [-0.5, 31.175, -16.325],
							"size": [1, 1, 1],
							"uv": {
								"north": {"uv": [18, 32], "uv_size": [1, 1]},
								"east": {"uv": [19, 32], "uv_size": [1, 1]},
								"south": {"uv": [18, 33], "uv_size": [1, 1]},
								"west": {"uv": [19, 33], "uv_size": [1, 1]},
								"up": {"uv": [18, 34], "uv_size": [1, 1]},
								"down": {"uv": [19, 35], "uv_size": [1, -1]}
							}
						}
					]
				},
				{
					"name": "_cb_suppressor",
					"parent": "main",
					"pivot": [0, 21.275, -23.525],
					"cubes": [
						{"origin": [-0.5, 20.775, -24.025], "size": [1, 1, 1], "uv": [0, 39]}
					]
				},
				{
					"name": "_camera_",
					"pivot": [6.825, 33.725, 26.45]
				}
			]
		}
	]
}