{
	"format_version": "1.12.0",
	"minecraft:geometry": [
		{
			"description": {
				"identifier": "geometry.unknown",
				"texture_width": 256,
				"texture_height": 256,
				"visible_bounds_width": 10,
				"visible_bounds_height": 6,
				"visible_bounds_offset": [0, 2, 0]
			},
			"bones": [
				{
					"name": "bb_main",
					"pivot": [0, 0, 0]
				},
				{
					"name": "main",
					"pivot": [1, 16, -2]
				},
				{
					"name": "gun",
					"parent": "main",
					"pivot": [1.5304, 1.6145, 0.7],
					"cubes": [
						{"origin": [-1, 21.325, -47.5], "size": [2, 2, 13.6], "inflate": -0.3, "pivot": [0, 22.325, -41.25], "rotation": [0, 0, 22.5], "uv": [128, 80]},
						{"origin": [-1.5, 20.825, -41.9], "size": [3, 3, 2.5], "inflate": -0.15, "pivot": [0, 22.325, -41.25], "rotation": [0, 0, 22.5], "uv": [76, 164]},
						{"origin": [-1, 21.325, -39.7], "size": [2, 2, 1.8], "inflate": -0.15, "pivot": [0, 22.325, -41.25], "rotation": [0, 0, 22.5], "uv": [172, 80]},
						{"origin": [-1.3, 21.025, -45.8], "size": [2.6, 2.6, 4.2], "inflate": -0.15, "pivot": [0, 22.325, -41.25], "rotation": [0, 0, 22.5], "uv": [158, 84]},
						{"origin": [-0.75, 27.2, -21.3], "size": [1.2, 1.2, 1.9], "inflate": -0.4, "pivot": [0.25, 28.2, -14], "rotation": [0, 0, -20], "uv": [174, 10]},
						{"origin": [-1.12471, 24.61479, -38.9], "size": [2.25, 2.25, 6], "inflate": -0.3, "pivot": [0.00029, 25.73979, -35.9], "rotation": [0, 0, 22.5], "uv": [26, 156]},
						{"origin": [-0.67471, 24.01479, -38.45], "size": [1.7, 1.9, 4], "inflate": -0.3, "pivot": [0.00029, 25.13979, -37.45], "rotation": [-90, 45, 0], "uv": [164, 35]},
						{"origin": [-0.7, 25.65, -38.8], "size": [1.4, 3.425, 2.1], "inflate": -0.3, "uv": [148, 168]},
						{"origin": [-0.7, 25.65, -38.55], "size": [1.4, 3.3, 2.3], "inflate": -0.301, "pivot": [-0.125, 27.475, -37.35], "rotation": [14, 0, 0], "uv": [168, 149]},
						{"origin": [0.12876, 28.03761, -38.9], "size": [1, 1.525, 2.5], "inflate": -0.4, "pivot": [0.62876, 28.95011, -37.75], "rotation": [0, 0, 41], "uv": [172, 53]},
						{"origin": [0.22876, 28.63761, -38.9], "size": [1, 1.225, 2.5], "inflate": -0.4, "uv": [172, 56]},
						{"origin": [-0.07124, 28.86261, -38.9], "size": [1, 1.525, 2.5], "inflate": -0.4, "pivot": [0.42876, 29.77511, -37.75], "rotation": [0, 0, -41], "uv": [58, 172]},
						{"origin": [-1.22876, 28.63761, -38.9], "size": [1, 1.225, 2.5], "inflate": -0.4, "uv": [64, 172]},
						{"origin": [-0.92876, 28.86261, -38.9], "size": [1, 1.525, 2.5], "inflate": -0.4, "pivot": [-0.42876, 29.77511, -37.75], "rotation": [0, 0, 41], "uv": [70, 172]},
						{"origin": [-1.12876, 28.03761, -38.9], "size": [1, 1.525, 2.5], "inflate": -0.4, "pivot": [-0.62876, 28.95011, -37.75], "rotation": [0, 0, -41], "uv": [76, 172]},
						{"origin": [-0.55, 28.15, -38.3], "size": [1.1, 1.75, 1], "inflate": -0.5, "uv": [174, 6]},
						{"origin": [-0.2182, 28.2, -8.825], "size": [1.31648, 1, 2.6], "inflate": -0.4, "pivot": [1.31335, 28.5, -7.525], "rotation": [90, 0, 0], "uv": [6, 172]},
						{"origin": [-6.65172, 20.5, -12.225], "size": [13.3, 12.2, 13.4], "inflate": -5.98, "pivot": [1.31335, 26.4, -7.525], "rotation": [90, 0, 0], "uv": [0, 191]},
						{"origin": [-1.09828, 28.2, -8.825], "size": [1.31648, 1, 2.6], "inflate": -0.4, "pivot": [-1.31335, 28.5, -7.525], "rotation": [90, 0, 0], "uv": [12, 172]},
						{"origin": [-0.58321, 28.2, -8.825], "size": [1.16642, 1, 2.3], "inflate": -0.4, "pivot": [-0.28327, 28.5, -7.525], "rotation": [90, 0, 0], "uv": [172, 15]},
						{"origin": [0.2611, 27.26627, -7.64382], "size": [1.06593, 1.775, 2.2], "inflate": -0.4003, "pivot": [0.82406, 28.16627, -6.54382], "rotation": [-66.75, 0, 0], "uv": [172, 18]},
						{"origin": [0.26107, 28.59127, -8.89382], "size": [1.06599, 1.55, 1.725], "inflate": -0.4003, "uv": [0, 174]},
						{"origin": [0.26106, 27.34127, -10.64382], "size": [1.06601, 1.7, 2.2], "inflate": -0.4001, "pivot": [0.82406, 28.16627, -9.54382], "rotation": [66.75, 0, 0], "uv": [172, 21]},
						{"origin": [0.26106, 27.06627, -8.31882], "size": [1.06601, 2.775, 2.2], "inflate": -0.4002, "pivot": [0.82406, 28.96627, -7.21882], "rotation": [-31.75, 0, 0], "uv": [170, 61]},
						{"origin": [0.26106, 26.81627, -9.89382], "size": [1.06601, 2.75, 2.225], "inflate": -0.4, "pivot": [0.82406, 28.69127, -9.29382], "rotation": [31.75, 0, 0], "uv": [170, 65]},
						{"origin": [-1.32174, 27.21627, -10.19382], "size": [1.06601, 1.25, 1.325], "inflate": -0.4, "pivot": [-0.81874, 28.69127, -9.29382], "rotation": [31.75, 0, 0], "uv": [32, 174]},
						{"origin": [0.26106, 27.21627, -10.19382], "size": [1.06601, 1.25, 1.325], "inflate": -0.401, "pivot": [0.82406, 28.69127, -9.29382], "rotation": [31.75, 0, 0], "uv": [174, 12]},
						{"origin": [-1.32174, 27.21627, -8.19382], "size": [1.06601, 1.25, 1.325], "inflate": -0.4, "pivot": [-0.81874, 28.69127, -7.29382], "rotation": [31.75, 0, 0], "uv": [32, 174]},
						{"origin": [0.26106, 27.21627, -8.19382], "size": [1.06601, 1.25, 1.325], "inflate": -0.401, "pivot": [0.82406, 28.69127, -7.29382], "rotation": [31.75, 0, 0], "uv": [174, 12]},
						{"origin": [-1.32174, 27.34127, -10.64382], "size": [1.06601, 1.7, 2.2], "inflate": -0.4001, "pivot": [-0.81874, 28.16627, -9.54382], "rotation": [66.75, 0, 0], "uv": [172, 24]},
						{"origin": [-1.32174, 26.81627, -9.89382], "size": [1.06601, 2.75, 2.225], "inflate": -0.4, "pivot": [-0.81874, 28.69127, -9.29382], "rotation": [31.75, 0, 0], "uv": [170, 69]},
						{"origin": [-1.32174, 27.06627, -8.31882], "size": [1.06601, 2.775, 2.2], "inflate": -0.4002, "pivot": [-0.81874, 28.96627, -7.21882], "rotation": [-31.75, 0, 0], "uv": [170, 84]},
						{"origin": [-1.32173, 28.59127, -8.89382], "size": [1.06599, 1.55, 1.725], "inflate": -0.4003, "uv": [174, 0]},
						{"origin": [-1.32174, 27.26627, -7.64382], "size": [1.06601, 1.775, 2.2], "inflate": -0.4001, "pivot": [-0.81874, 28.16627, -6.54382], "rotation": [-66.75, 0, 0], "uv": [26, 172]},
						{"origin": [0.26107, 27.31627, -17.14382], "size": [1.06599, 1.05, 7.475], "inflate": -0.4003, "uv": [124, 154]},
						{"origin": [0.26106, 27.24127, -18.14382], "size": [1.06601, 1.725, 2.35], "inflate": -0.4001, "pivot": [0.82406, 28.09127, -16.84382], "rotation": [-45, 0, 0], "uv": [172, 50]},
						{"origin": [-1.22707, 27.025, -17.025], "size": [2.45414, 1, 11.5], "inflate": -0.3, "uv": [148, 0]},
						{"origin": [0.17876, 27.98473, -18.14871], "size": [1.04025, 1.725, 1.125], "inflate": -0.4001, "pivot": [0.71601, 28.82223, -17.53621], "rotation": [129, 25, -28.25], "uv": [174, 2]},
						{"origin": [-1.32706, 27.31627, -17.14382], "size": [1.06599, 1.05, 7.4], "inflate": -0.4003, "uv": [140, 154]},
						{"origin": [-1.32707, 27.24127, -18.14382], "size": [1.06601, 1.725, 2.35], "inflate": -0.4001, "pivot": [-0.82406, 28.09127, -16.84382], "rotation": [-45, 0, 0], "uv": [52, 172]},
						{"origin": [-1.021, 29.25, -18.925], "size": [2.0642, 1.275, 1.3], "inflate": -0.302, "pivot": [-0.28327, 29.7, -16.825], "rotation": [90, 0, 0], "uv": [142, 173]},
						{"origin": [-1.20336, 27.95973, -18.07371], "size": [1.04026, 1.725, 1.125], "inflate": -0.4001, "pivot": [-0.7261, 28.82223, -17.56121], "rotation": [-52.5, -25, 28.25], "uv": [174, 4]},
						{"origin": [-2.44504, 20.31487, -16.73354], "size": [1.64682, 4.18726, 24.1376], "inflate": -0.395, "uv": [60, 31]},
						{"origin": [-1.59822, 20.31487, -16.75854], "size": [4.09316, 4.18726, 24.1626], "inflate": -0.399, "uv": [58, 59]},
						{"origin": [-2.44822, 20.63987, -21.63354], "size": [4.94316, 3.23726, 5.6876], "inflate": -0.399, "uv": [152, 132]},
						{"origin": [-1.39822, 20.41487, 3.66646], "size": [4.09316, 2, 2], "inflate": -0.4, "pivot": [0.64836, 21.4085, 4.64776], "rotation": [-22.5, 0, 0], "uv": [158, 104]},
						{"origin": [-2.54822, 22.51487, 4.66646], "size": [5.21816, 1.3, 1.3], "inflate": -0.4, "pivot": [0.62336, 22.8085, 4.94776], "rotation": [-22.5, 0, 0], "uv": [164, 48]},
						{"origin": [-2.54822, 18.91487, 3.56646], "size": [5.21816, 1.4, 1.4], "inflate": -0.4, "pivot": [0.62336, 19.2085, 3.94776], "rotation": [-22.5, 0, 0], "uv": [166, 108]},
						{"origin": [-2.54822, 18.51487, -1.83354], "size": [5.21816, 1.4, 1.4], "inflate": -0.4, "pivot": [0.62336, 18.8085, -1.45224], "rotation": [-22.5, 0, 0], "uv": [166, 108]},
						{"origin": [-2.54822, 18.61487, -7.43354], "size": [5.21816, 1.6, 1.6], "inflate": -0.4, "pivot": [0.62336, 18.9085, -7.05224], "rotation": [-22.5, 0, 0], "uv": [166, 108]},
						{"origin": [-2.54822, 19.1161, -5.07164], "size": [5.21816, 1.6, 1.6], "inflate": -0.4, "pivot": [0.06086, 19.9161, -4.27164], "rotation": [22.5, 0, 0], "uv": [166, 108]},
						{"origin": [-2.54822, 20.21487, -7.73354], "size": [5.21816, 1.6, 1.6], "inflate": -0.4, "pivot": [0.62336, 20.5085, -7.35224], "rotation": [-22.5, 0, 0], "uv": [166, 108]},
						{"origin": [-2.54822, 18.91487, -15.13354], "size": [5.21816, 1.4, 1.4], "inflate": -0.4, "pivot": [0.62336, 19.2085, -14.75224], "rotation": [-22.5, 0, 0], "uv": [166, 110]},
						{"origin": [-2.54822, 18.81487, -12.73354], "size": [5.21816, 1.4, 1.4], "inflate": -0.4, "pivot": [0.62336, 19.1085, -12.35224], "rotation": [-22.5, 0, 0], "uv": [166, 110]},
						{"origin": [-2.54822, 21.31487, -15.93354], "size": [5.21816, 1.5, 1.5], "inflate": -0.4, "pivot": [0.62336, 21.7085, -15.55224], "rotation": [-22.5, 0, 0], "uv": [166, 112]},
						{"origin": [-2.54822, 21.31487, -18.13354], "size": [5.21816, 1.5, 1.5], "inflate": -0.4, "pivot": [0.62336, 21.7085, -17.75224], "rotation": [-22.5, 0, 0], "uv": [166, 114]},
						{"origin": [-1.59822, 23.70213, -16.73447], "size": [4.09316, 2.02318, 17.78673], "inflate": -0.4, "uv": [116, 105]},
						{"origin": [-2.44822, 23.07713, -17.03447], "size": [4.94316, 2.67318, 1.1], "inflate": -0.4, "uv": [168, 77]},
						{"origin": [-1.19787, 25.55213, -18.43447], "size": [2.3918, 2.97318, 2.5], "inflate": -0.4, "uv": [112, 136]},
						{"origin": [-1.04822, 25.55213, -20.73447], "size": [2.06816, 2.585, 3.1], "inflate": -0.4, "uv": [164, 43]},
						{"origin": [-0.72287, 27.12713, -20.73447], "size": [1.4168, 1.32318, 3.1], "inflate": -0.4, "uv": [118, 168]},
						{"origin": [-0.22287, 27.35213, -20.73447], "size": [1.2418, 1.09818, 3.1], "inflate": -0.401, "pivot": [0.24803, 27.90122, -19.58447], "rotation": [0, 0, 45], "uv": [126, 168]},
						{"origin": [-1.84822, 25.35213, -20.53447], "size": [3.66816, 1.485, 4.3], "inflate": -0.4, "uv": [96, 25]},
						{"origin": [-1.28358, 26.28748, -20.53447], "size": [1.2668, 1.09818, 4.3], "inflate": -0.4, "uv": [66, 164], "mirror": true},
						{"origin": [-1.93358, 25.28748, -20.53447], "size": [1.5668, 2.09818, 4.3], "inflate": -0.4, "pivot": [-0.81268, 26.83657, -18.38447], "rotation": [0, 0, -45], "uv": [56, 162], "mirror": true},
						{"origin": [0.01678, 26.28748, -20.53447], "size": [1.2668, 1.09818, 4.3], "inflate": -0.4, "uv": [66, 164]},
						{"origin": [-0.75822, 26.66248, -21.58447], "size": [1.5668, 1.11, 1.65], "inflate": -0.4, "uv": [174, 8]},
						{"origin": [0.36678, 25.28748, -20.53447], "size": [1.5668, 2.09818, 4.3], "inflate": -0.4, "pivot": [0.81268, 26.83657, -18.38447], "rotation": [0, 0, 45], "uv": [56, 162]},
						{"origin": [-1.04393, 27.35213, -20.73447], "size": [1.2418, 1.09818, 3.1], "inflate": -0.401, "pivot": [-0.27303, 27.90122, -19.58447], "rotation": [0, 0, -45], "uv": [126, 168], "mirror": true},
						{"origin": [-2.02322, 23.57713, -21.63447], "size": [4.09316, 2.77318, 5.7], "inflate": -0.4, "uv": [150, 73]},
						{"origin": [-2.02322, 25.55213, -21.63447], "size": [4.09316, 1.44818, 2], "inflate": -0.4, "uv": [164, 40]},
						{"origin": [-0.14822, 26.15213, -21.63447], "size": [2.29316, 1.74818, 2], "inflate": -0.4, "pivot": [0.09836, 27.17622, -20.58447], "rotation": [0, 0, 31.25], "uv": [26, 169]},
						{"origin": [-0.14822, 26.15213, -17.03447], "size": [2.29316, 1.74818, 1.1], "inflate": -0.4, "pivot": [0.09836, 27.17622, -16.88447], "rotation": [0, 0, 31.25], "uv": [148, 173]},
						{"origin": [-2.09494, 26.15213, -21.63447], "size": [2.29316, 1.74818, 2], "inflate": -0.4, "pivot": [-0.04836, 27.17622, -20.58447], "rotation": [0, 0, -31.25], "uv": [66, 169]},
						{"origin": [-2.09494, 26.15213, -17.03447], "size": [2.29316, 1.74818, 1.1], "inflate": -0.4, "pivot": [-0.04836, 27.17622, -16.88447], "rotation": [0, 0, -31.25], "uv": [148, 173], "mirror": true},
						{"origin": [-2.02322, 25.55213, -17.03447], "size": [4.09316, 1.44818, 1.1], "inflate": -0.4, "uv": [166, 122]},
						{"origin": [-2.44822, 23.07713, -18.75947], "size": [4.94316, 1.1, 2.525], "inflate": -0.4, "uv": [162, 12]},
						{"origin": [-2.24822, 23.37713, -18.73447], "size": [4.54316, 2, 2.5], "inflate": -0.4, "uv": [100, 158]},
						{"origin": [-2.24822, 23.57713, -18.63447], "size": [4.54316, 2, 2.55], "inflate": -0.399, "pivot": [0.04836, 24.57713, -17.35947], "rotation": [12, 0, 0], "uv": [158, 100]},
						{"origin": [-2.44822, 23.07713, -18.23447], "size": [4.94316, 1.1, 2.3], "inflate": -0.402, "pivot": [0.02336, 23.62713, -16.98447], "rotation": [45, 0, 0], "uv": [164, 29]},
						{"origin": [-2.29483, 24.15213, -35.83447], "size": [4.59859, 2.92318, 14.38673], "inflate": -0.4, "uv": [114, 50]},
						{"origin": [-2.29483, 22.35213, -35.83447], "size": [4.59859, 1.92318, 15.11173], "inflate": -0.4, "uv": [110, 0]},
						{"origin": [-1.97134, 25.95577, -22.39774], "size": [2.56827, 1.81702, 1.60739], "inflate": -0.4, "pivot": [-0.88763, 26.79178, -15.34405], "rotation": [0, 0, -47], "uv": [172, 59]},
						{"origin": [-0.59318, 25.95577, -22.39774], "size": [2.56827, 1.81702, 1.60739], "inflate": -0.4, "pivot": [0.89138, 26.79178, -15.34405], "rotation": [0, 0, 47], "uv": [172, 27]},
						{"origin": [-0.96975, 26.28702, -22.39774], "size": [1.95173, 2.10452, 1.60739], "inflate": -0.399, "uv": [160, 173]},
						{"origin": [-2.18509, 24.15702, -22.39774], "size": [4.35866, 2.92702, 1.60739], "inflate": -0.399, "uv": [94, 168]},
						{"origin": [-1.97134, 25.95577, -36.59774], "size": [2.56827, 1.81702, 1.60739], "inflate": -0.4, "pivot": [-0.88763, 26.79178, -29.54405], "rotation": [0, 0, -47], "uv": [172, 59]},
						{"origin": [-0.96975, 26.28702, -36.59774], "size": [1.95173, 2.10452, 1.60739], "inflate": -0.399, "uv": [160, 173]},
						{"origin": [-0.59318, 25.95577, -36.59774], "size": [2.56827, 1.81702, 1.60739], "inflate": -0.4, "pivot": [0.89138, 26.79178, -29.54405], "rotation": [0, 0, 47], "uv": [172, 27]},
						{"origin": [-2.18509, 24.15702, -36.59774], "size": [4.35866, 2.92702, 1.60739], "inflate": -0.399, "uv": [94, 168]},
						{"origin": [-2.47134, 19.87721, -36.59774], "size": [2.56827, 1.71702, 1.80739], "inflate": -0.4, "pivot": [-1.38763, 20.85822, -29.34405], "rotation": [0, 0, 47], "uv": [36, 164]},
						{"origin": [-0.09318, 19.87721, -36.59774], "size": [2.56827, 1.71702, 1.80739], "inflate": -0.4, "pivot": [1.39138, 20.85822, -29.34405], "rotation": [0, 0, -47], "uv": [66, 162]},
						{"origin": [-1.46975, 19.25846, -36.59774], "size": [2.95173, 2.12952, 1.80739], "inflate": -0.399, "uv": [40, 171]},
						{"origin": [-2.68509, 20.56596, -36.59774], "size": [5.35866, 4.25202, 1.58239], "inflate": -0.399, "uv": [158, 90]},
						{"origin": [-2.79483, 20.50213, -35.83447], "size": [5.59859, 4.32318, 3.23673], "inflate": -0.398, "uv": [0, 157]},
						{"origin": [-2.79483, 20.50213, -33.55947], "size": [5.59859, 2.67318, 15.63673], "inflate": -0.397, "uv": [42, 109]},
						{"origin": [-2.79483, 19.65213, -33.85947], "size": [5.59859, 1.77318, 13.68673], "inflate": -0.399, "pivot": [2.1603, -2.0855, -9.3], "rotation": [-2, 0, 0], "uv": [114, 66]},
						{"origin": [-2.79483, 22.37713, -21.53447], "size": [5.59859, 2.44818, 3.61173], "inflate": -0.398, "uv": [80, 25]},
						{"origin": [-2.79483, 21.50213, -22.38447], "size": [5.59859, 2.49818, 1.68673], "inflate": -0.399, "pivot": [0.00446, 22.75122, -21.0911], "rotation": [-45, 0, 0], "uv": [164, 32]},
						{"origin": [-2.79483, 21.50213, -33.57726], "size": [5.59859, 2.49818, 1.68673], "inflate": -0.399, "pivot": [0.00446, 22.75122, -33.1839], "rotation": [45, 0, 0], "uv": [164, 32]},
						{"origin": [-1.01421, 26.25213, -35.83447], "size": [2.06235, 2.19818, 14.38673], "inflate": -0.4, "uv": [120, 124]},
						{"origin": [-2.53921, 18.32119, -35.83447], "size": [2.84, 1.724, 16.88673], "inflate": -0.4, "pivot": [0, 20.01353, -27.3911], "rotation": [-1.36429, 1.46257, 46.98259], "uv": [110, 16]},
						{"origin": [-2.78921, 18.13233, -25.35977], "size": [5.58735, 3.07318, 5.56173], "inflate": -0.399, "pivot": [0, 19.93673, -21.2281], "rotation": [-31, 0, 0], "uv": [152, 124]},
						{"origin": [-2.78921, 17.80733, -21.48477], "size": [5.58735, 3.49818, 3.56173], "inflate": -0.4, "uv": [64, 25]},
						{"origin": [-0.30079, 18.32119, -35.83447], "size": [2.815, 1.724, 16.88673], "inflate": -0.4, "pivot": [0, 20.01353, -27.3911], "rotation": [-1.36429, -1.46257, -46.98259], "uv": [0, 112]},
						{"origin": [-1.41421, 18.79969, -35.83447], "size": [2.81235, 1.92318, 16.88673], "inflate": -0.4, "pivot": [0, 20.01353, -27.3911], "rotation": [-2, 0, 0], "uv": [110, 33]},
						{"origin": [-0.5665, 25.87713, -35.83447], "size": [2.66133, 1.92318, 14.38673], "inflate": -0.4, "pivot": [0.97513, 26.78872, -28.6411], "rotation": [0, 0, 47], "uv": [36, 126]},
						{"origin": [-2.06983, 25.87713, -35.83447], "size": [2.66133, 1.92318, 14.38673], "inflate": -0.4, "pivot": [-0.95013, 26.78872, -28.6411], "rotation": [0, 0, -47], "uv": [68, 126]},
						{"origin": [-2.29483, 23.45213, -24.23447], "size": [4.59859, 1.37318, 3.51173], "inflate": -0.4, "uv": [158, 80]},
						{"origin": [-2.29483, 23.45213, -30.43447], "size": [4.59859, 1.37318, 3.98673], "inflate": -0.4, "uv": [148, 12]},
						{"origin": [-0.93959, 24.4902, 4.03998], "size": [1.92908, 1.99533, 2.44511], "inflate": -0.4, "uv": [170, 136]},
						{"origin": [-0.93959, 24.23145, 5.45134], "size": [1.92908, 2.18204, 1.27045], "inflate": -0.4, "pivot": [0.02495, 25.33713, 5.33384], "rotation": [23, 0, 0], "uv": [86, 164]},
						{"origin": [-2.44512, 23.70205, 0.25218], "size": [4.94014, 2.02334, 5.99936], "inflate": -0.399, "uv": [0, 175]},
						{"origin": [-2.44504, 24.26076, -7.92041], "size": [1.36454, 1.46455, 8.9712], "inflate": -0.4, "uv": [0, 182]},
						{"origin": [-0.93967, 22.76114, 3.80479], "size": [1.92925, 5.48117, 2.49379], "inflate": -0.399, "pivot": [-0.06914, 25.04303, 5.28691], "rotation": [43, 0, 0], "uv": [36, 112]},
						{"origin": [0.18941, 22.76114, 3.80479], "size": [1.59994, 4.39913, 2.49379], "inflate": -0.399, "pivot": [-0.06914, 25.04303, 5.28691], "rotation": [43, 0, 0], "uv": [36, 119]},
						{"origin": [-0.01099, 25.31305, 2.45754], "size": [1.45864, 2.16432, 2.49363], "inflate": -0.4, "pivot": [0.71833, 26.39521, 3.70436], "rotation": [36.85554, 23.933, -28.42107], "uv": [94, 153]},
						{"origin": [-0.66962, 23.36068, 2.45754], "size": [1.55272, 1.99965, 2.49363], "inflate": -0.4, "pivot": [0.71833, 26.39521, 3.70436], "rotation": [36.85554, 23.933, -28.42107], "uv": [170, 154]},
						{"origin": [0.98926, 22.76122, 3.80487], "size": [1.50568, 2.49363, 2.49363], "inflate": -0.398, "pivot": [-0.06914, 25.04303, 5.28691], "rotation": [43, 0, 0], "uv": [10, 164]},
						{"origin": [-0.93959, 22.50248, -16.72946], "size": [1.92908, 5.41043, 20.93445], "inflate": -0.4, "uv": [0, 87]},
						{"origin": [-2.44504, 17.87015, -21.30528], "size": [4.93998, 3.48158, 28.42992], "inflate": -0.4, "pivot": [0.03748, 10.847, -7.81659], "rotation": [-0.75, 0, 0], "uv": [0, 0]},
						{"origin": [-0.14923, 25.41928, -16.72946], "size": [1.93849, 1.67034, 21.68717], "inflate": -0.4, "uv": [42, 87]},
						{"origin": [-1.92754, 25.96917, -16.72946], "size": [1.92908, 2.34362, 20.93445], "inflate": -0.4, "pivot": [-0.963, 25.13713, -10.30859], "rotation": [0, 0, 45], "uv": [86, 87]},
						{"origin": [-0.65732, 23.86679, 4.69873], "size": [1.24693, 3.05817, 1.27045], "inflate": -0.4, "pivot": [0.30722, 23.74929, -9.01484], "rotation": [0, 0, -45], "uv": [26, 143]},
						{"origin": [-1.80854, 23.18186, 4.08123], "size": [1.39988, 3.16408, 2.10557], "inflate": -0.5, "pivot": [-1.07332, 24.7639, 5.47509], "rotation": [0, -56.75, -45], "uv": [20, 168]},
						{"origin": [-1.62036, 23.18186, 5.1868], "size": [1.2117, 3.16408, 1.11761], "inflate": -0.5, "pivot": [-1.07332, 24.7639, 5.47509], "rotation": [0, -56.75, -45], "uv": [26, 147]},
						{"origin": [-1.47923, 23.18186, 5.1868], "size": [1.07057, 3.16408, 1.2117], "inflate": -0.5, "pivot": [-1.07332, 24.7639, 5.47509], "rotation": [0, -56.75, -45], "uv": [26, 151]},
						{"origin": [-0.75732, 23.86088, 5.06918], "size": [1.09409, 3.16408, 1.23523], "inflate": -0.5, "pivot": [0.30722, 23.74929, -9.01484], "rotation": [0, 0, -45], "uv": [82, 169]},
						{"origin": [-0.75732, 23.86088, 5.30441], "size": [1.04705, 3.16408, 1.04704], "inflate": -0.5, "pivot": [0.30722, 23.74929, -9.01484], "rotation": [0, 0, -45], "uv": [100, 171]},
						{"origin": [-0.05164, 25.24871, 4.01067], "size": [1.04704, 3.16408, 1.04704], "inflate": -0.5, "pivot": [1.0129, 25.13713, -10.30859], "rotation": [0, 0, -45], "uv": [118, 172]},
						{"origin": [-0.77355, 24.5697, 3.89305], "size": [1.07057, 3.16408, 1.21171], "inflate": -0.5, "pivot": [-0.36764, 26.15174, 4.18135], "rotation": [0, -56.75, -45], "uv": [122, 172]},
						{"origin": [-0.05164, 25.24871, 3.77544], "size": [1.09409, 3.16408, 1.23523], "inflate": -0.5, "pivot": [1.0129, 25.13713, -10.30859], "rotation": [0, 0, -45], "uv": [172, 124]},
						{"origin": [-0.91468, 24.5697, 3.89305], "size": [1.2117, 3.16408, 1.11762], "inflate": -0.5, "pivot": [-0.36764, 26.15174, 4.18135], "rotation": [0, -56.75, -45], "uv": [126, 172]},
						{"origin": [-1.10286, 24.5697, 2.78749], "size": [1.39988, 3.16408, 2.10556], "inflate": -0.5, "pivot": [-0.36764, 26.15174, 4.18135], "rotation": [0, -56.75, -45], "uv": [104, 168]},
						{"origin": [0.04836, 25.25462, 3.40499], "size": [1.24693, 3.05817, 1.27045], "inflate": -0.4, "pivot": [1.0129, 25.13713, -10.30859], "rotation": [0, 0, -45], "uv": [172, 128]},
						{"origin": [-0.8332, 23.36068, 2.45754], "size": [1.55272, 1.99965, 2.49363], "inflate": -0.4, "pivot": [-0.66843, 26.39521, 3.70436], "rotation": [36.85554, -23.933, 28.42107], "uv": [170, 157]},
						{"origin": [-1.39774, 25.31305, 2.45754], "size": [1.45863, 2.16432, 2.49363], "inflate": -0.4, "pivot": [-0.66843, 26.39521, 3.70436], "rotation": [36.85554, -23.933, 28.42107], "uv": [160, 169]},
						{"origin": [-2.44504, 22.76122, 3.80487], "size": [1.50568, 2.49363, 2.49363], "inflate": -0.398, "pivot": [0.11904, 25.04303, 5.28691], "rotation": [43, 0, 0], "uv": [166, 169]},
						{"origin": [-1.73944, 22.76114, 3.80479], "size": [1.59993, 4.39913, 2.49379], "inflate": -0.399, "pivot": [0.11904, 25.04303, 5.28691], "rotation": [43, 0, 0], "uv": [30, 129]},
						{"origin": [-0.65732, 25.56042, -7.92041], "size": [1.835, 1.36454, 13.44266], "inflate": -0.4, "pivot": [0.30722, 23.74929, -6.20859], "rotation": [0, 0, -45], "uv": [112, 140]},
						{"origin": [-0.91459, 26.90248, -11.87946], "size": [1.87908, 1.01043, 2.15945], "inflate": -0.375, "uv": [94, 171]},
						{"origin": [-2.23164, 24.79685, -8.12041], "size": [1.66, 1.36454, 1.94266], "inflate": -0.4, "pivot": [-1.48914, 25.47912, -7.19908], "rotation": [0, 25, -45], "uv": [172, 173]},
						{"origin": [0.10131, 25.56042, -8.28447], "size": [1.07637, 1.36454, 1.16406], "inflate": -0.4, "pivot": [0.30722, 23.74929, -6.20859], "rotation": [0, 0, -45], "uv": [110, 57]},
						{"origin": [-1.73936, 25.50746, -8.27904], "size": [1.93849, 1.58216, 13.23675], "inflate": -0.4, "uv": [140, 140]},
						{"origin": [0.24836, 25.25462, -16.72946], "size": [1.72909, 3.05817, 9.25945], "inflate": -0.4, "pivot": [1.0129, 25.13713, -10.30859], "rotation": [0, 0, -45], "uv": [150, 61]},
						{"origin": [0.04836, 25.25462, -8.27946], "size": [1.92909, 3.05817, 12.48445], "inflate": -0.4, "pivot": [1.0129, 25.13713, -6.20859], "rotation": [0, 0, -45], "uv": [30, 141]},
						{"origin": [-1.04095, 24.77235, -8.50446], "size": [1.42908, 3.05817, 1.40945], "inflate": -0.4, "pivot": [-0.15141, 26.30144, -7.82474], "rotation": [0, 25, -45], "uv": [108, 173]},
						{"origin": [-1.24539, 25.25462, 3.40499], "size": [1.24693, 3.05817, 1.27045], "inflate": -0.4, "pivot": [-0.963, 25.13713, -10.30859], "rotation": [0, 0, 45], "uv": [130, 172]},
						{"origin": [-0.99255, 25.24871, 3.77544], "size": [1.09409, 3.16408, 1.23523], "inflate": -0.5, "pivot": [-0.963, 25.13713, -10.30859], "rotation": [0, 0, 45], "uv": [134, 172]},
						{"origin": [-0.9455, 25.24871, 4.01067], "size": [1.04704, 3.16408, 1.04704], "inflate": -0.5, "pivot": [-0.963, 25.13713, -10.30859], "rotation": [0, 0, 45], "uv": [138, 172]},
						{"origin": [-0.53971, 23.86679, 4.69873], "size": [1.24693, 3.05817, 1.27045], "inflate": -0.4, "pivot": [-0.25732, 23.74929, -9.01484], "rotation": [0, 0, 45], "uv": [172, 169]},
						{"origin": [0.45856, 23.18186, 4.08123], "size": [1.39989, 3.16408, 2.10557], "inflate": -0.5, "pivot": [1.12322, 24.7639, 5.47509], "rotation": [0, 56.75, 45], "uv": [142, 168]},
						{"origin": [0.45856, 23.18186, 5.1868], "size": [1.21171, 3.16408, 1.11761], "inflate": -0.5, "pivot": [1.12322, 24.7639, 5.47509], "rotation": [0, 56.75, 45], "uv": [18, 173]},
						{"origin": [0.45856, 23.18186, 5.1868], "size": [1.07057, 3.16408, 1.2117], "inflate": -0.5, "pivot": [1.12322, 24.7639, 5.47509], "rotation": [0, 56.75, 45], "uv": [22, 173]},
						{"origin": [-0.28687, 23.86088, 5.06918], "size": [1.09409, 3.16408, 1.23523], "inflate": -0.5, "pivot": [-0.25732, 23.74929, -9.01484], "rotation": [0, 0, 45], "uv": [82, 173]},
						{"origin": [-0.23982, 23.86088, 5.30441], "size": [1.04704, 3.16408, 1.04704], "inflate": -0.5, "pivot": [-0.25732, 23.74929, -9.01484], "rotation": [0, 0, 45], "uv": [86, 173]},
						{"origin": [-0.24712, 24.5697, 2.78749], "size": [1.39989, 3.16408, 2.10556], "inflate": -0.5, "pivot": [0.41754, 26.15174, 4.18135], "rotation": [0, 56.75, 45], "uv": [168, 144]},
						{"origin": [-0.24712, 24.5697, 3.89305], "size": [1.21171, 3.16408, 1.11762], "inflate": -0.5, "pivot": [0.41754, 26.15174, 4.18135], "rotation": [0, 56.75, 45], "uv": [90, 173]},
						{"origin": [-0.24712, 24.5697, 3.89305], "size": [1.07057, 3.16408, 1.21171], "inflate": -0.5, "pivot": [0.41754, 26.15174, 4.18135], "rotation": [0, 56.75, 45], "uv": [104, 173]},
						{"origin": [-1.22186, 23.86679, -16.72946], "size": [1.92908, 3.05817, 22.25171], "inflate": -0.4, "pivot": [-0.25732, 23.74929, -10.30859], "rotation": [0, 0, 45], "uv": [64, 0]}
					]
				},
				{
					"name": "switch",
					"parent": "gun",
					"pivot": [-0.35141, 22.69077, 3.12398],
					"rotation": [25, 0, 0],
					"cubes": [
						{"origin": [-2.82156, 23.3256, -7.93193], "size": [1.45896, 1.74124, 8.9862], "inflate": -0.398, "uv": [56, 153]},
						{"origin": [-2.82148, 23.32569, -0.1929], "size": [1.45879, 1.74106, 2.21152], "inflate": -0.399, "pivot": [-1.99799, 24.24327, 0.39536], "rotation": [-46.5, 0, 0], "uv": [170, 160]},
						{"origin": [-2.8214, 22.29077, -8.11995], "size": [1.45863, 1.835, 10.11496], "inflate": -0.4, "pivot": [-1.99799, 23.20827, -3.29769], "rotation": [-12, 0, 0], "uv": [150, 50]},
						{"origin": [-3.29185, 22.29077, -8.11995], "size": [1.92908, 1.0163, 2.58772], "inflate": -0.4, "pivot": [-1.99799, 23.20827, -3.29769], "rotation": [-12, 0, 0], "uv": [34, 171]},
						{"origin": [-2.8214, 23.32577, -3.79178], "size": [1.45863, 1.7409, 5.78679], "inflate": -0.4, "pivot": [-1.99799, 23.20827, -3.29769], "rotation": [-12, 0, 0], "uv": [114, 80]},
						{"origin": [-2.82148, 21.27922, 0.93618], "size": [1.45879, 2.84663, 2.75254], "inflate": -0.399, "uv": [0, 170]},
						{"origin": [-2.8214, 21.32634, 2.06535], "size": [1.45863, 2.23488, 2.23488], "inflate": -0.4, "pivot": [-1.99799, 22.70253, 2.92404], "rotation": [45, 0, 0], "uv": [46, 170]},
						{"origin": [-3.00958, 21.32634, 2.06535], "size": [1.64681, 1.67034, 1.67034], "inflate": -0.4, "pivot": [-1.99799, 22.70253, 2.3595], "rotation": [45, 0, 0], "uv": [6, 170]}
					]
				},
				{
					"name": "stock",
					"parent": "gun",
					"pivot": [0, 0, 0],
					"cubes": [
						{"origin": [-1.5, 21.5, 6.75], "size": [3, 2.65, 26.5], "inflate": -0.399, "uv": [0, 59]},
						{"origin": [-1.5, 8.726, 4.11393], "size": [3, 2.75, 5.1], "inflate": -0.4, "pivot": [0.57312, 17.13006, -6.25625], "rotation": [45, 0, 0], "uv": [74, 157]},
						{"origin": [-8.78899, 17.8, 3.41165], "size": [1.5, 6.45, 1.5], "inflate": -0.4, "pivot": [0.57312, 17.13006, -6.25625], "rotation": [0, 45, 0], "uv": [110, 50]},
						{"origin": [-1.5, 11.5, 29.525], "size": [3, 10.85, 3.725], "inflate": -0.4, "uv": [112, 154]},
						{"origin": [-1.5, 1.73503, 26.66404], "size": [3, 11.275, 3.7], "inflate": -0.401, "pivot": [0.57312, 17.13006, -6.25625], "rotation": [16, 0, 0], "uv": [154, 109]}
					]
				},
				{
					"name": "grip",
					"parent": "gun",
					"pivot": [0, 0, 0],
					"cubes": [
						{"origin": [-2.25, 17.46383, -20.81601], "size": [4.55, 1.025, 27.8], "inflate": -0.2, "pivot": [0.57312, 16.10506, -5.95625], "rotation": [-1, 0, 0], "uv": [0, 31]},
						{"origin": [-1.85, 16.15348, -21.00459], "size": [3.7, 1.9, 16.25], "inflate": -0.4, "pivot": [0.57312, 16.10506, -5.95625], "rotation": [-1, 0, 0], "uv": [82, 109]},
						{"origin": [-1.85, 4.56931, -13.24249], "size": [3.7, 15.5, 6.75], "inflate": -0.395, "pivot": [0.57312, 16.10506, -5.95625], "rotation": [20, 0, 0], "uv": [146, 29]},
						{"origin": [-1.85, 10.02698, -10.56047], "size": [3.7, 6.8, 4.25], "inflate": -0.4, "pivot": [0.57312, 16.10506, -5.95625], "rotation": [29, 0, 0], "uv": [42, 156]},
						{"origin": [-1.85, 4.01401, -9.55929], "size": [3.7, 6.8, 4.25], "inflate": -0.4, "pivot": [0.57312, 16.10506, -5.95625], "rotation": [19, 0, 0], "uv": [156, 154]},
						{"origin": [-1.85, 12.88248, -8.48362], "size": [3.7, 4.4, 2.95], "inflate": -0.401, "pivot": [0.57312, 16.10506, -5.95625], "rotation": [9, 0, 0], "uv": [100, 162]},
						{"origin": [-1.85, 13.7125, -7.9947], "size": [3.7, 4.4, 2.95], "inflate": -0.402, "pivot": [0.57312, 16.10506, -5.95625], "rotation": [-14, 0, 0], "uv": [124, 162]},
						{"origin": [-1.85, 14.92832, -8.28655], "size": [3.7, 4.4, 2.95], "inflate": -0.403, "pivot": [0.57312, 16.10506, -5.95625], "rotation": [-52, 0, 0], "uv": [134, 162]},
						{"origin": [-1.85, 16.268, -9.35528], "size": [3.7, 9.4, 2.95], "inflate": -0.404, "pivot": [0.57312, 16.10506, -5.95625], "rotation": [-84.5, 0, 0], "uv": [16, 157]},
						{"origin": [-1.85, 6.06257, -15.03516], "size": [3.7, 3.5, 2.95], "inflate": -0.401, "pivot": [0.57312, 16.10506, -5.95625], "rotation": [59, 0, 0], "uv": [154, 164]},
						{"origin": [-1.85, 9.52953, -19.10293], "size": [3.7, 3.5, 2.95], "inflate": -0.402, "pivot": [0.57312, 16.10506, -5.95625], "rotation": [91, 0, 0], "uv": [164, 164]},
						{"origin": [-1.85, 13.3598, -20.49541], "size": [3.7, 3.5, 2.75], "inflate": -0.4, "pivot": [0.57312, 16.10506, -5.95625], "rotation": [114, 0, 0], "uv": [36, 166]},
						{"origin": [-1.85, 13.05628, 5.07169], "size": [3.7, 14.025, 2.75], "inflate": -0.399, "pivot": [0.57312, 16.10506, -5.95625], "rotation": [-87.5, 0, 0], "uv": [84, 141]},
						{"origin": [-1.85, 22.28128, 4.14669], "size": [3.7, 3.5, 1.75], "inflate": -0.4, "pivot": [0.57312, 16.10506, -5.95625], "rotation": [-87.5, 0, 0], "uv": [134, 168]},
						{"origin": [-1.85, 10.32952, 7.29136], "size": [3.7, 2.9, 2.35], "inflate": -0.4, "pivot": [0.57312, 16.10506, -5.95625], "rotation": [-32.5, 0, 0], "uv": [74, 153]},
						{"origin": [-1.85, 2.32864, -6.55874], "size": [3.7, 2.9, 2.35], "inflate": -0.4, "pivot": [0.57312, 16.10506, -5.95625], "rotation": [-15, 0, 0], "uv": [46, 166]},
						{"origin": [-1.85, 11.45628, 6.34669], "size": [3.7, 2.425, 1.475], "inflate": -0.4, "pivot": [0.57312, 16.10506, -5.95625], "rotation": [-87.5, 0, 0], "uv": [74, 169]},
						{"origin": [-1.45, 10.93379, 5.08107], "size": [2.9, 4.2, 1.75], "inflate": -0.401, "pivot": [0.57312, 16.10506, -5.95625], "rotation": [-37.5, 0, 0], "uv": [154, 169]},
						{"origin": [-1.45, 15.21335, 5.35077], "size": [2.9, 3.5, 1.75], "inflate": -0.4, "pivot": [0.57312, 16.10506, -5.95625], "rotation": [-62.5, 0, 0], "uv": [170, 88]},
						{"origin": [-1.45, 8.57913, 2.89771], "size": [2.9, 8.1, 2.95], "inflate": -0.399, "pivot": [0.57312, 16.10506, -5.95625], "rotation": [-10, 0, 0], "uv": [112, 126]},
						{"origin": [-1.45, 11.09324, 1.94996], "size": [2.9, 4.2, 2.75], "inflate": -0.398, "pivot": [0.57312, 16.10506, -5.95625], "rotation": [17.5, 0, 0], "uv": [166, 116]},
						{"origin": [-1.45, 7.54882, -1.20268], "size": [2.9, 4.2, 2.75], "inflate": -0.402, "pivot": [0.57312, 16.10506, -5.95625], "rotation": [55, 0, 0], "uv": [86, 167]},
						{"origin": [-1.45, 4.07713, 0.89497], "size": [2.9, 3.2, 3.25], "inflate": -0.402, "pivot": [0.57312, 16.10506, -5.95625], "rotation": [2.5, 0, 0], "uv": [144, 162]},
						{"origin": [-1.45, 6.81526, 4.64072], "size": [2.9, 5.2, 1.55], "inflate": -0.4, "pivot": [0.57312, 16.10506, -5.95625], "rotation": [-12.5, 0, 0], "uv": [30, 135]},
						{"origin": [-1.45, 13.04935, 2.94732], "size": [2.9, 4.2, 2.75], "inflate": -0.401, "pivot": [0.57312, 16.10506, -5.95625], "rotation": [5, 0, 0], "uv": [110, 167]},
						{"origin": [-1.45, 6.57996, 2.30094], "size": [2.9, 7.3, 3.05], "inflate": -0.4, "pivot": [0.57312, 16.10506, -5.95625], "rotation": [13, 0, 0], "uv": [90, 157]},
						{"origin": [-1.45, 22.05245, 3.08004], "size": [2.9, 5.2, 1.55], "inflate": -0.4, "pivot": [0.57312, 16.10506, -5.95625], "rotation": [-72.5, 0, 0], "uv": [94, 141]},
						{"origin": [-1.45, 12.47713, -20.68003], "size": [2.9, 5.7, 1.95], "inflate": -0.402, "pivot": [0.57312, 16.10506, -5.95625], "rotation": [2.5, 0, 0], "uv": [94, 147]},
						{"origin": [-1.45, 9.63141, -18.98219], "size": [2.9, 1.5, 4.05], "inflate": -0.4, "pivot": [0.57312, 16.10506, -5.95625], "rotation": [-8.5, 0, 0], "uv": [158, 95]},
						{"origin": [-1.45, 11.35077, -16.66574], "size": [2.9, 1.5, 3.325], "inflate": -0.401, "pivot": [0.57312, 16.10506, -5.95625], "rotation": [1.5, 0, 0], "uv": [10, 168]},
						{"origin": [-1.45, 16.11134, -15.67808], "size": [2.9, 1.5, 3.325], "inflate": -0.402, "pivot": [0.57312, 16.10506, -5.95625], "rotation": [31.5, 0, 0], "uv": [56, 168]},
						{"origin": [-1.45, 8.90682, -12.40392], "size": [2.9, 1.9, 3.525], "inflate": -0.403, "pivot": [0.57312, 16.10506, -5.95625], "rotation": [-19, 0, 0], "uv": [168, 73]},
						{"origin": [-1.45, 8.20959, -10.80987], "size": [2.9, 3.3, 3.525], "inflate": -0.4, "pivot": [0.57312, 16.10506, -5.95625], "rotation": [-34, 0, 0], "uv": [0, 164]},
						{"origin": [-1.45, 5.63014, -18.51245], "size": [2.9, 2.4, 2.85], "inflate": -0.402, "pivot": [0.57312, 16.10506, -5.95625], "rotation": [-24, 0, 0], "uv": [168, 140]},
						{"origin": [-1.45, 15.15114, -20.55311], "size": [2.9, 3.3, 1.95], "inflate": -0.403, "pivot": [0.57312, 16.10506, -5.95625], "rotation": [13.5, 0, 0], "uv": [170, 92]},
						{"origin": [-1.45, 6.54458, -17.10375], "size": [2.9, 3.3, 1.95], "inflate": -0.401, "pivot": [0.57312, 16.10506, -5.95625], "rotation": [-39, 0, 0], "uv": [170, 96]},
						{"origin": [-1.45, 8.54338, -19.91307], "size": [2.9, 3.3, 1.95], "inflate": -0.401, "pivot": [0.57312, 16.10506, -5.95625], "rotation": [-14, 0, 0], "uv": [170, 100]},
						{"origin": [-1.45, 3.16021, -11.59675], "size": [2.9, 3.3, 1.95], "inflate": -0.4, "pivot": [0.57312, 16.10506, -5.95625], "rotation": [-71.5, 0, 0], "uv": [170, 104]},
						{"origin": [-0.85, 15.05553, -15.83743], "size": [1.7, 1.9, 1.725], "inflate": -0.4, "pivot": [0.57312, 16.10506, -5.95625], "rotation": [-1, 0, 0], "uv": [174, 35]},
						{"origin": [-0.85, 9.21102, -14.52215], "size": [1.7, 2.825, 1.625], "inflate": -0.4, "pivot": [0.57312, 16.10506, -5.95625], "rotation": [-28, 0, 0], "uv": [164, 173]},
						{"origin": [-0.85, 4.53524, -10.6844], "size": [1.7, 2.8, 1.7], "inflate": -0.4, "pivot": [0.57312, 16.10506, -5.95625], "rotation": [-56, 0, 0], "uv": [168, 173]}
					]
				},
				{
					"name": "magazine",
					"parent": "grip",
					"pivot": [0.57312, 16.10506, -5.95625],
					"cubes": [
						{"origin": [-0.95, -8.3422, -12.46774], "size": [2, 28.1, 4.55], "pivot": [0.57312, 16.10506, -5.95625], "rotation": [20, 0, 0], "uv": [100, 126]}
					]
				},
				{
					"name": "action",
					"parent": "gun",
					"pivot": [-0.66721, 32.40033, -11.39122],
					"cubes": [
						{"origin": [-0.36914, 24.23724, -16.74765], "size": [3.51681, 2.49363, 9.91542], "inflate": -0.4, "pivot": [0.5954, 23.5552, -8.90859], "rotation": [0, 0, -45], "uv": [131, 98]},
						{"origin": [0.40586, 26.66224, -16.74765], "size": [1.46681, 1.26863, 9.91542], "inflate": -0.4, "pivot": [1.0954, 24.7552, -8.90859], "rotation": [0, 0, -45], "uv": [149, 19]},
						{"origin": [-2.15686, 23.50804, -16.74765], "size": [3.99908, 2.02318, 9.8919], "inflate": -0.4, "uv": [3, 132]},
						{"origin": [-1.48186, 24.78304, -16.74765], "size": [1.49908, 2.12318, 9.8919], "inflate": -0.4, "uv": [3, 146]},
						{"origin": [-3.07957, 23.71619, -16.39631], "size": [1.82179, 1.51503, 1.44693], "inflate": -0.4, "uv": [52, 170]},
						{"origin": [-4.82957, 23.71619, -16.12131], "size": [2.62179, 1.81503, 1.04693], "inflate": -0.4, "pivot": [-3.36868, 24.6237, -15.79784], "rotation": [0, -10, 0], "uv": [112, 173]}
					]
				},
				{
					"name": "muzzleflash",
					"parent": "main",
					"pivot": [0.16223, 24.70452, -52.56387],
					"cubes": [
						{"origin": [-0.29185, 21.84912, -48.05572], "size": [1.0163, 1.0163, 1.0163], "inflate": -0.4, "uv": [94, 209]}
					]
				},
				{
					"name": "scope",
					"parent": "main",
					"pivot": [0, 33.57282, 5.83713],
					"cubes": [
						{"origin": [-0.5163, 28.775, 4.6], "size": [1.0163, 1.0163, 1.0163], "inflate": -0.4, "uv": [98, 209]}
					]
				},
				{
					"name": "rightarm",
					"parent": "main",
					"pivot": [-3.3, 10.2, 7.8],
					"rotation": [-101.81106, -12.40003, -2.46982],
					"cubes": [
						{"origin": [-7.3, -13.8, 3.8], "size": [8, 24, 8], "uv": [42, 115]}
					]
				},
				{
					"name": "leftarm",
					"parent": "main",
					"pivot": [6.18102, 14.06548, -24.25977],
					"rotation": [-131.49345, -3.84346, -37.7519],
					"cubes": [
						{"origin": [2.18102, 2.06548, -28.25977], "size": [8, 24, 8], "uv": [0, 0]}
					]
				},
				{
					"name": "_camera_",
					"pivot": [6.825, 33.725, 26.45],
					"cubes": [
						{"origin": [-2, 0, 0], "size": [2, 2, 2], "uv": [0, 0]}
					]
				}
			]
		}
	]
}