{
	"format_version": "1.12.0",
	"minecraft:geometry": [
		{
			"description": {
				"identifier": "geometry.unknown",
				"texture_width": 512,
				"texture_height": 512,
				"visible_bounds_width": 13,
				"visible_bounds_height": 6,
				"visible_bounds_offset": [0, 2, 0]
			},
			"bones": [
				{
					"name": "bb_main",
					"pivot": [0, 0, 0]
				},
				{
					"name": "main",
					"pivot": [0, 24, 2]
				},
				{
					"name": "gun",
					"parent": "main",
					"pivot": [1.5304, 0.6145, 35.7],
					"cubes": [
						{"origin": [-2.59822, 18.81487, 8.64146], "size": [5.19317, 4.36226, 32.96261], "inflate": -0.398, "uv": [0, 86]},
						{"origin": [-2.77322, 22.01487, 8.64146], "size": [5.56817, 2.76226, 3.43761], "inflate": -0.398, "uv": [240, 192]},
						{"origin": [-2.77322, 22.01487, 19.91646], "size": [5.56817, 2.76226, 21.71261], "inflate": -0.398, "uv": [164, 29]},
						{"origin": [-0.37322, 22.01487, 11.29146], "size": [3.16817, 2.76226, 9.93761], "inflate": -0.398, "uv": [220, 95]},
						{"origin": [-1.59822, 24.06775, 14.8231], "size": [3.19317, 1.11226, 2.36261], "inflate": -0.395, "pivot": [0.01086, 25.12388, 19.45441], "rotation": [-41, 0, 0], "uv": [62, 157]},
						{"origin": [-1.24822, 22.86775, 12.6481], "size": [2.54317, 2.31226, 2.98761], "inflate": -0.398, "pivot": [0.01086, 25.12388, 19.45441], "rotation": [-41, 0, 0], "uv": [86, 254]},
						{"origin": [-0.61317, 23.96775, 12.4481], "size": [1.24317, 1.43726, 4.38761], "inflate": -0.598, "pivot": [-0.01414, 25.12388, 19.45441], "rotation": [-41, 0, 0], "uv": [216, 68]},
						{"origin": [-0.61317, 28.25, 12.48071], "size": [1.24317, 1.43726, 2.53761], "inflate": -0.598, "uv": [36, 259]},
						{"origin": [-0.61317, 26.25, 16.08071], "size": [1.24317, 1.43726, 22.83761], "inflate": -0.598, "uv": [50, 186]},
						{"origin": [-1.24822, 27.15608, 12.68261], "size": [2.54317, 2.31226, 2.11261], "inflate": -0.395, "uv": [142, 254]},
						{"origin": [-1.24822, 27.15608, -25.86739], "size": [2.54317, 1.78726, 39.36261], "inflate": -0.398, "uv": [82, 45]},
						{"origin": [-1.24822, 17.73108, -4.76739], "size": [2.54317, 1.33726, 2.88761], "inflate": -0.398, "pivot": [0.025, 18.02471, -16.05666], "rotation": [-180, 0, 0], "uv": [108, 255]},
						{"origin": [-1.44584, 17.09455, -4.75854], "size": [1.6, 1.175, 2.88761], "inflate": -0.398, "pivot": [0.025, 18.02471, -16.05666], "rotation": [-180, 0, -45], "uv": [52, 257]},
						{"origin": [-0.10416, 17.09455, -4.75854], "size": [1.6, 1.175, 2.88761], "inflate": -0.398, "pivot": [0.025, 18.02471, -16.05666], "rotation": [-180, 0, 45], "uv": [256, 247]},
						{"origin": [-1.24822, 17.73108, -5.66739], "size": [2.54317, 1.33726, 6.58761], "inflate": -0.398, "pivot": [0.025, 18.02471, -13.25666], "rotation": [-180, 0, 0], "uv": [88, 238]},
						{"origin": [-1.44584, 17.09455, -5.65854], "size": [1.6, 1.175, 6.58761], "inflate": -0.398, "pivot": [0.025, 18.02471, -13.25666], "rotation": [-180, 0, -45], "uv": [216, 240]},
						{"origin": [-0.10416, 17.09455, -5.65854], "size": [1.6, 1.175, 6.58761], "inflate": -0.398, "pivot": [0.025, 18.02471, -13.25666], "rotation": [-180, 0, 45], "uv": [240, 212]},
						{"origin": [-1.24822, 17.73108, 5.43261], "size": [2.54317, 1.33726, 2.88761], "inflate": -0.398, "pivot": [0.025, 18.02471, -6.35666], "rotation": [-180, 0, 0], "uv": [116, 255]},
						{"origin": [-1.44584, 17.09455, 5.44146], "size": [1.6, 1.175, 2.88761], "inflate": -0.398, "pivot": [0.025, 18.02471, -6.35666], "rotation": [-180, 0, -45], "uv": [100, 257]},
						{"origin": [-0.10416, 17.09455, 5.44146], "size": [1.6, 1.175, 2.88761], "inflate": -0.398, "pivot": [0.025, 18.02471, -6.35666], "rotation": [-180, 0, 45], "uv": [94, 257]},
						{"origin": [-1.24822, 16.75608, -13.96739], "size": [2.54317, 1.78726, 12.08761], "inflate": -0.398, "pivot": [0.025, 18.02471, -16.05666], "rotation": [-180, 0, 0], "uv": [212, 185]},
						{"origin": [1.85178, 20.55608, -22.26739], "size": [2.54317, 1.33726, 6.28761], "inflate": -0.398, "pivot": [3.125, 20.84971, -20.01916], "rotation": [-180, 0, -90], "uv": [54, 239]},
						{"origin": [1.65416, 19.91955, -22.25854], "size": [1.6, 1.175, 6.28761], "inflate": -0.398, "pivot": [3.125, 20.84971, -20.01916], "rotation": [-180, 0, -135], "uv": [242, 18]},
						{"origin": [2.99584, 19.91955, -22.25854], "size": [1.6, 1.175, 6.28761], "inflate": -0.398, "pivot": [3.125, 20.84971, -20.01916], "rotation": [-180, 0, -45], "uv": [148, 241]},
						{"origin": [1.85178, 20.55608, -24.36739], "size": [2.54317, 1.33726, 2.38761], "inflate": -0.398, "pivot": [3.125, 20.84971, -20.01916], "rotation": [-180, 0, -90], "uv": [160, 255]},
						{"origin": [1.65416, 19.91955, -24.35854], "size": [1.6, 1.175, 2.38761], "inflate": -0.398, "pivot": [3.125, 20.84971, -20.01916], "rotation": [-180, 0, -135], "uv": [222, 257]},
						{"origin": [2.99584, 19.91955, -24.35854], "size": [1.6, 1.175, 2.38761], "inflate": -0.398, "pivot": [3.125, 20.84971, -20.01916], "rotation": [-180, 0, -45], "uv": [216, 257]},
						{"origin": [1.85178, 20.55608, -16.36739], "size": [2.54317, 1.33726, 2.38761], "inflate": -0.398, "pivot": [3.125, 20.84971, -20.01916], "rotation": [-180, 0, -90], "uv": [124, 255]},
						{"origin": [1.65416, 19.91955, -16.35854], "size": [1.6, 1.175, 2.38761], "inflate": -0.398, "pivot": [3.125, 20.84971, -20.01916], "rotation": [-180, 0, -135], "uv": [174, 257]},
						{"origin": [2.99584, 19.91955, -16.35854], "size": [1.6, 1.175, 2.38761], "inflate": -0.398, "pivot": [3.125, 20.84971, -20.01916], "rotation": [-180, 0, -45], "uv": [132, 257]},
						{"origin": [1.85178, 20.08108, -24.36739], "size": [2.54317, 1.28726, 10.38761], "inflate": -0.398, "pivot": [3.125, 20.84971, -20.01916], "rotation": [-180, 0, -90], "uv": [218, 18]},
						{"origin": [-4.29495, 20.55608, -22.26739], "size": [2.54317, 1.33726, 6.28761], "inflate": -0.398, "pivot": [-3.025, 20.84971, -20.01916], "rotation": [-180, 0, 90], "uv": [70, 239]},
						{"origin": [-3.15416, 19.91955, -22.25854], "size": [1.6, 1.175, 6.28761], "inflate": -0.398, "pivot": [-3.025, 20.84971, -20.01916], "rotation": [-180, 0, 135], "uv": [242, 60]},
						{"origin": [-4.49584, 19.91955, -22.25854], "size": [1.6, 1.175, 6.28761], "inflate": -0.398, "pivot": [-3.025, 20.84971, -20.01916], "rotation": [-180, 0, 45], "uv": [242, 53]},
						{"origin": [-4.29495, 20.55608, -24.36739], "size": [2.54317, 1.33726, 2.38761], "inflate": -0.398, "pivot": [-3.025, 20.84971, -20.01916], "rotation": [-180, 0, 90], "uv": [244, 255]},
						{"origin": [-3.15416, 19.91955, -24.35854], "size": [1.6, 1.175, 2.38761], "inflate": -0.398, "pivot": [-3.025, 20.84971, -20.01916], "rotation": [-180, 0, 135], "uv": [258, 38]},
						{"origin": [-4.49584, 19.91955, -24.35854], "size": [1.6, 1.175, 2.38761], "inflate": -0.398, "pivot": [-3.025, 20.84971, -20.01916], "rotation": [-180, 0, 45], "uv": [258, 35]},
						{"origin": [-4.29495, 20.55608, -16.36739], "size": [2.54317, 1.33726, 2.38761], "inflate": -0.398, "pivot": [-3.025, 20.84971, -20.01916], "rotation": [-180, 0, 90], "uv": [236, 255]},
						{"origin": [-3.15416, 19.91955, -16.35854], "size": [1.6, 1.175, 2.38761], "inflate": -0.398, "pivot": [-3.025, 20.84971, -20.01916], "rotation": [-180, 0, 135], "uv": [258, 25]},
						{"origin": [-4.49584, 19.91955, -16.35854], "size": [1.6, 1.175, 2.38761], "inflate": -0.398, "pivot": [-3.025, 20.84971, -20.01916], "rotation": [-180, 0, 45], "uv": [228, 257]},
						{"origin": [-4.29495, 20.08108, -24.36739], "size": [2.54317, 1.28726, 10.38761], "inflate": -0.398, "pivot": [-3.025, 20.84971, -20.01916], "rotation": [-180, 0, 90], "uv": [220, 84]},
						{"origin": [-1.24822, 28.13108, -20.66739], "size": [2.54317, 1.33726, 34.16261], "inflate": -0.398, "uv": [0, 122]},
						{"origin": [-0.02322, 25.3057, 15.23707], "size": [2.19317, 1.11226, 5.91261], "inflate": -0.398, "pivot": [0.09836, 25.86183, 17.84337], "rotation": [-41.76679, 9.96111, -8.78171], "uv": [242, 106]},
						{"origin": [-2.14495, 25.3057, 15.23707], "size": [2.19317, 1.11226, 2.28761], "inflate": -0.398, "pivot": [-0.07336, 25.86183, 17.84337], "rotation": [-41.76679, -9.96111, 8.78171], "uv": [254, 176]},
						{"origin": [0.30045, 23.15457, 15.54146], "size": [1.66817, 4.06226, 23.16261], "inflate": -0.399, "pivot": [0.78454, 25.1857, 26.82276], "rotation": [0, 0, -37.5], "uv": [116, 160]},
						{"origin": [-0.28085, 22.30955, 38.3821], "size": [2.36817, 4.58726, 1.88761], "inflate": -0.398, "pivot": [0.90324, 25.01568, 38.68841], "rotation": [50.75, 0, -37.5], "uv": [194, 230]},
						{"origin": [-2.67413, 23.40254, 37.89146], "size": [2.36817, 1.63726, 3.73761], "inflate": -0.398, "pivot": [-1.49005, 24.23367, 39.49777], "rotation": [0, 0, 37.5], "uv": [98, 253]},
						{"origin": [-2.06232, 23.50955, 37.5321], "size": [2.36817, 2.76226, 1.66261], "inflate": -0.398, "pivot": [-0.87824, 25.01568, 38.68841], "rotation": [50.75, 0, 37.5], "uv": [256, 235]},
						{"origin": [-2.06232, 22.30955, 38.3821], "size": [2.36817, 4.58726, 1.88761], "inflate": -0.398, "pivot": [-0.87824, 25.01568, 38.68841], "rotation": [50.75, 0, 37.5], "uv": [142, 242]},
						{"origin": [-0.28085, 23.50955, 37.5321], "size": [2.36817, 2.76226, 1.66261], "inflate": -0.398, "pivot": [0.90324, 25.01568, 38.68841], "rotation": [50.75, 0, -37.5], "uv": [256, 232]},
						{"origin": [0.33096, 23.40254, 37.89146], "size": [2.36817, 1.66226, 3.73761], "inflate": -0.398, "pivot": [1.51505, 24.23367, 39.49777], "rotation": [0, 0, -37.5], "uv": [252, 251]},
						{"origin": [-2.24404, 23.40254, 39.19146], "size": [4.51817, 2.049, 2.43761], "inflate": -0.398, "uv": [64, 250]},
						{"origin": [-0.76904, 23.93997, 38.64163], "size": [1.56817, 3.81226, 1.73761], "inflate": -0.395, "pivot": [0.01505, 25.6086, 39.51043], "rotation": [57, 0, 0], "uv": [160, 29]},
						{"origin": [-1.89404, 23.46497, 38.64163], "size": [3.81817, 1.58726, 1.73761], "inflate": -0.394, "pivot": [0.01505, 25.6086, 39.51043], "rotation": [57, 0, 0], "uv": [162, 241]},
						{"origin": [-2.14404, 23.46497, 38.64163], "size": [1.04317, 1.03726, 1.73761], "inflate": -0.398, "pivot": [0.01505, 25.6086, 39.51043], "rotation": [57, 0, 0], "uv": [160, 192]},
						{"origin": [1.12983, 23.46497, 38.64163], "size": [1.04317, 1.03726, 1.73761], "inflate": -0.398, "pivot": [3.27, 25.6086, 39.51043], "rotation": [57, 0, 0], "uv": [160, 194]},
						{"origin": [-0.39404, 23.46497, 38.64163], "size": [1.84317, 3.98726, 1.73761], "inflate": -0.398, "pivot": [0.01505, 25.6086, 39.51043], "rotation": [54.89609, 18.7201, -12.71293], "uv": [160, 33]},
						{"origin": [0.33096, 23.01497, 38.64163], "size": [1.11817, 1.43726, 1.73761], "inflate": -0.398, "pivot": [0.01505, 25.6086, 39.51043], "rotation": [54.89609, 18.7201, -12.71293], "uv": [160, 196]},
						{"origin": [-1.42413, 23.01497, 38.64163], "size": [1.11817, 1.43726, 1.73761], "inflate": -0.398, "pivot": [0.00995, 25.6086, 39.51043], "rotation": [54.89609, -18.7201, 12.71293], "uv": [160, 198]},
						{"origin": [-1.42413, 23.46497, 38.64163], "size": [1.84317, 3.98726, 1.73761], "inflate": -0.398, "pivot": [0.00995, 25.6086, 39.51043], "rotation": [54.89609, -18.7201, 12.71293], "uv": [160, 37]},
						{"origin": [-2.61489, 27.18098, 15.54146], "size": [1.79317, 1.21226, 23.16261], "inflate": -0.398, "pivot": [0.0125, 28.35942, 25.01546], "rotation": [0, 0, -73.25], "uv": [164, 160]},
						{"origin": [0.84672, 27.18098, 15.54146], "size": [1.19317, 1.21226, 23.16261], "inflate": -0.398, "pivot": [0.0125, 28.35942, 25.01546], "rotation": [0, 0, 73.25], "uv": [164, 184]},
						{"origin": [0.14796, 25.94042, 15.54146], "size": [2.36817, 1.46226, 5.41261], "inflate": -0.398, "pivot": [0.0125, 28.35942, 25.01546], "rotation": [0, 0, 37.5], "uv": [68, 225]},
						{"origin": [0.14796, 23.34042, 20.14146], "size": [2.36817, 4.06226, 18.56261], "inflate": -0.398, "pivot": [0.0125, 28.35942, 25.01546], "rotation": [0, 0, 37.5], "uv": [160, 208]},
						{"origin": [-3.13359, 22.07817, 19.91646], "size": [1.31817, 1.63726, 1.41261], "inflate": -0.398, "pivot": [-2.47451, 22.8968, 20.62277], "rotation": [0, 0, -42.5], "uv": [252, 261]},
						{"origin": [-3.35204, 22.79042, 10.61646], "size": [1.31817, 1.63726, 1.46261], "inflate": -0.398, "pivot": [-1.66795, 23.53379, 11.22303], "rotation": [0, 0, -42.5], "uv": [248, 261]},
						{"origin": [-3.35204, 22.64042, 19.91646], "size": [3.36817, 3.93726, 1.41261], "inflate": -0.398, "uv": [254, 197]},
						{"origin": [-3.30204, 25.31683, 19.20114], "size": [3.36817, 1.33726, 1.81261], "inflate": -0.398, "pivot": [-1.61795, 25.45879, 20.82303], "rotation": [-45, -13, 0], "uv": [150, 256]},
						{"origin": [-3.27704, 22.64042, 20.21646], "size": [3.36817, 3.93726, 1.41261], "inflate": -0.398, "pivot": [-1.59295, 25.50879, 20.82303], "rotation": [0, -13, 0], "uv": [192, 254]},
						{"origin": [-3.35204, 25.94042, 11.34146], "size": [3.36817, 1.36226, 9.26261], "inflate": -0.398, "uv": [114, 35]},
						{"origin": [-2.37704, 25.94042, 19.36646], "size": [3.59317, 1.36226, 1.41261], "inflate": -0.398, "pivot": [-1.66795, 26.62155, 15.97276], "rotation": [0, -13, 0], "uv": [256, 153]},
						{"origin": [-3.35204, 25.29183, 18.87614], "size": [3.36817, 1.36226, 1.81261], "inflate": -0.398, "pivot": [-1.66795, 25.43379, 20.52303], "rotation": [-45, 0, 0], "uv": [256, 149]},
						{"origin": [-2.95204, 24.79183, 11.46125], "size": [2.16817, 1.36226, 1.83761], "inflate": -0.398, "pivot": [-1.26795, 24.93379, 11.62697], "rotation": [45, 0, 0], "uv": [260, 73]},
						{"origin": [-2.95204, 25.44042, 11.34146], "size": [2.16817, 1.36226, 9.26261], "inflate": -0.398, "uv": [212, 198]},
						{"origin": [-2.95204, 24.79183, 18.65114], "size": [2.16817, 1.36226, 1.83761], "inflate": -0.398, "pivot": [-1.26795, 24.93379, 20.32303], "rotation": [-45, 0, 0], "uv": [260, 71]},
						{"origin": [-3.35204, 25.29183, 11.26125], "size": [3.36817, 1.36226, 1.83761], "inflate": -0.398, "pivot": [-1.66795, 25.43379, 11.42697], "rotation": [45, 0, 0], "uv": [256, 151]},
						{"origin": [-3.35204, 22.64042, 10.61646], "size": [3.36817, 3.96226, 1.46261], "inflate": -0.398, "uv": [184, 254]},
						{"origin": [-2.62322, 18.26487, -5.65854], "size": [5.26817, 6.91226, 15.16261], "inflate": -0.398, "uv": [200, 208]},
						{"origin": [-2.62322, 17.58987, 9.04146], "size": [5.26817, 1.21226, 5.08761], "inflate": -0.398, "pivot": [0.04836, 21.046, 11.62276], "rotation": [-13, 0, 0], "uv": [0, 235]},
						{"origin": [-2.64822, 17.6892, 12.6141], "size": [5.31817, 2.41226, 2.51261], "inflate": -0.397, "pivot": [0.04836, 18.22033, 12.54541], "rotation": [-56.75, 0, 0], "uv": [242, 247]},
						{"origin": [-2.64822, 15.59031, 13.54884], "size": [5.31817, 3.21226, 2.61261], "inflate": -0.395, "pivot": [0.04836, 17.15894, 14.85514], "rotation": [-18.75, 0, 0], "uv": [242, 179]},
						{"origin": [-2.79822, 13.77349, 14.29092], "size": [5.61817, 3.78726, 10.13761], "inflate": -0.397, "pivot": [0.04836, 14.80462, 19.39723], "rotation": [-21.5, 0, 0], "uv": [212, 172]},
						{"origin": [-2.79822, 14.67721, 22.35964], "size": [5.61817, 6.13726, 2.53761], "inflate": -0.395, "pivot": [0.04836, 15.62084, 19.67844], "rotation": [-29.5, 0, 0], "uv": [202, 240]},
						{"origin": [-2.79822, 19.97721, 23.73464], "size": [5.61817, 1.53726, 1.16261], "inflate": -0.398, "pivot": [0.04836, 15.62084, 19.67844], "rotation": [-29.5, 0, 0], "uv": [108, 253]},
						{"origin": [-2.79822, 15.12721, 15.40964], "size": [5.61817, 3.78726, 9.63761], "inflate": -0.398, "pivot": [0.04836, 17.02084, 19.67844], "rotation": [-2.75, 0, 0], "uv": [216, 29]},
						{"origin": [-2.79822, 17.30221, 24.20964], "size": [5.61817, 1.61226, 2.38761], "inflate": -0.398, "pivot": [0.04836, 17.02084, 19.67844], "rotation": [-2.75, 0, 0], "uv": [248, 77]},
						{"origin": [-2.97322, 13.77349, 14.29092], "size": [5.94317, 1.08726, 10.16261], "inflate": -0.398, "pivot": [0.04836, 14.80462, 19.39723], "rotation": [-21.5, 0, 0], "uv": [196, 73]},
						{"origin": [2.80178, 13.82115, 13.78986], "size": [1.41817, 1.08726, 2.08761], "inflate": -0.398, "pivot": [0.04836, 14.36478, 19.18367], "rotation": [-22.3872, 15.78497, -6.39336], "uv": [258, 47]},
						{"origin": [-4.21995, 13.82115, 13.76486], "size": [1.41817, 1.08726, 2.08761], "inflate": -0.398, "pivot": [0.02664, 14.36478, 19.15867], "rotation": [-22.3872, -15.78497, 6.39336], "uv": [258, 50]},
						{"origin": [1.30178, 23.61487, -26.05854], "size": [1.34317, 3.83726, 42.51261], "inflate": -0.397, "pivot": [0.08586, 24.421, 1.92276], "rotation": [0, 0, -20], "uv": [0, 0]},
						{"origin": [0.94495, 24.11487, -25.15854], "size": [2.2, 3.03726, 4.31261], "inflate": -0.895, "pivot": [0.08586, 24.421, 1.92276], "rotation": [0, 0, -20], "uv": [242, 172]},
						{"origin": [0.94495, 24.11487, -21.15854], "size": [2.2, 3.03726, 4.31261], "inflate": -0.895, "pivot": [0.08586, 24.421, 5.92276], "rotation": [0, 0, -20], "uv": [162, 243]},
						{"origin": [0.94495, 24.11487, -17.15854], "size": [2.2, 3.03726, 4.31261], "inflate": -0.895, "pivot": [0.08586, 24.421, 9.92276], "rotation": [0, 0, -20], "uv": [244, 29]},
						{"origin": [0.94495, 24.11487, -13.15854], "size": [2.2, 3.03726, 4.31261], "inflate": -0.895, "pivot": [0.08586, 24.421, 13.92276], "rotation": [0, 0, -20], "uv": [174, 243]},
						{"origin": [0.94495, 24.11487, -9.15854], "size": [2.2, 3.03726, 4.31261], "inflate": -0.895, "pivot": [0.08586, 24.421, 17.92276], "rotation": [0, 0, -20], "uv": [244, 98]},
						{"origin": [0.94495, 24.11487, -5.15854], "size": [2.2, 3.03726, 4.31261], "inflate": -0.895, "pivot": [0.08586, 24.421, 21.92277], "rotation": [0, 0, -20], "uv": [244, 91]},
						{"origin": [0.94495, 24.11487, -1.15854], "size": [2.2, 3.03726, 4.31261], "inflate": -0.895, "pivot": [0.08586, 24.421, 25.92277], "rotation": [0, 0, -20], "uv": [244, 84]},
						{"origin": [-3.11995, 24.11487, -25.15854], "size": [2.2, 3.03726, 4.31261], "inflate": -0.895, "pivot": [-0.06086, 24.421, 1.92276], "rotation": [0, 0, 20], "uv": [26, 245]},
						{"origin": [-3.11995, 24.11487, -21.15854], "size": [2.2, 3.03726, 4.31261], "inflate": -0.895, "pivot": [-0.06086, 24.421, 5.92276], "rotation": [0, 0, 20], "uv": [14, 245]},
						{"origin": [-3.11995, 24.11487, -17.15854], "size": [2.2, 3.03726, 4.31261], "inflate": -0.895, "pivot": [-0.06086, 24.421, 9.92276], "rotation": [0, 0, 20], "uv": [244, 240]},
						{"origin": [-3.11995, 24.11487, -13.15854], "size": [2.2, 3.03726, 4.31261], "inflate": -0.895, "pivot": [-0.06086, 24.421, 13.92276], "rotation": [0, 0, 20], "uv": [244, 233]},
						{"origin": [-3.11995, 24.11487, -9.15854], "size": [2.2, 3.03726, 4.31261], "inflate": -0.895, "pivot": [-0.06086, 24.421, 17.92276], "rotation": [0, 0, 20], "uv": [244, 226]},
						{"origin": [-3.11995, 24.11487, -5.15854], "size": [2.2, 3.03726, 4.31261], "inflate": -0.895, "pivot": [-0.06086, 24.421, 21.92277], "rotation": [0, 0, 20], "uv": [244, 148]},
						{"origin": [-3.11995, 24.11487, -1.15854], "size": [2.2, 3.03726, 4.31261], "inflate": -0.895, "pivot": [-0.06086, 24.421, 25.92277], "rotation": [0, 0, 20], "uv": [244, 141]},
						{"origin": [0.70178, 23.61487, -31.25854], "size": [1.94317, 1.01226, 6.01261], "inflate": -0.398, "pivot": [0.08586, 24.421, 1.92276], "rotation": [0, 0, -20], "uv": [240, 219]},
						{"origin": [0.70178, 23.81487, -29.45854], "size": [1.94317, 1.26226, 1.91261], "inflate": -0.398, "pivot": [0.08586, 24.421, 1.92276], "rotation": [0, 0, -20], "uv": [104, 238]},
						{"origin": [-2.09371, 30.41574, -30.83354], "size": [1.94317, 1.03726, 6.18761], "inflate": -0.398, "pivot": [-1.12213, 26.13437, -4.80224], "rotation": [14, 0, 20], "uv": [0, 241]},
						{"origin": [-2.61995, 23.61487, -31.25854], "size": [1.94317, 1.01226, 6.01261], "inflate": -0.398, "pivot": [-0.06087, 24.421, 1.92276], "rotation": [0, 0, 20], "uv": [230, 240]},
						{"origin": [0.17554, 30.41574, -30.83354], "size": [1.94317, 1.03726, 6.18761], "inflate": -0.398, "pivot": [1.14713, 26.13437, -4.80224], "rotation": [14, 0, -20], "uv": [240, 205]},
						{"origin": [0.17554, 30.19074, -29.93354], "size": [1.94317, 1.03726, 1.71261], "inflate": -0.398, "pivot": [1.14713, 26.13437, -4.80224], "rotation": [14, 0, -20], "uv": [104, 240]},
						{"origin": [0.17554, 29.36574, -26.55854], "size": [1.94317, 1.86226, 1.91261], "inflate": -0.398, "pivot": [1.14713, 26.13437, -4.80224], "rotation": [14, 0, -20], "uv": [160, 204]},
						{"origin": [-2.09371, 30.19074, -29.93354], "size": [1.94317, 1.03726, 1.71261], "inflate": -0.398, "pivot": [-1.12213, 26.13437, -4.80224], "rotation": [14, 0, 20], "uv": [58, 257]},
						{"origin": [-2.61995, 23.81487, -29.45854], "size": [1.94317, 1.26226, 1.91261], "inflate": -0.398, "pivot": [-0.06086, 24.421, 1.92276], "rotation": [0, 0, 20], "uv": [8, 256]},
						{"origin": [-2.09371, 29.71574, -28.08354], "size": [1.94317, 1.51226, 1.51261], "inflate": -0.398, "pivot": [-1.12213, 26.13437, -4.80224], "rotation": [14, 0, 20], "uv": [94, 254]},
						{"origin": [-2.09371, 29.56574, -27.38354], "size": [1.94317, 1.66226, 1.63761], "inflate": -0.398, "pivot": [-1.12213, 26.13437, -4.80224], "rotation": [14, 0, 20], "uv": [248, 253]},
						{"origin": [-2.09371, 29.36574, -26.55854], "size": [1.94317, 1.86226, 1.91261], "inflate": -0.398, "pivot": [-1.12213, 26.13437, -4.80224], "rotation": [14, 0, 20], "uv": [240, 226]},
						{"origin": [0.17554, 29.56574, -27.38354], "size": [1.94317, 1.66226, 1.63761], "inflate": -0.398, "pivot": [1.14713, 26.13437, -4.80224], "rotation": [14, 0, -20], "uv": [160, 206]},
						{"origin": [0.17554, 29.71574, -28.08354], "size": [1.94317, 1.51226, 1.51261], "inflate": -0.398, "pivot": [1.14713, 26.13437, -4.80224], "rotation": [14, 0, -20], "uv": [20, 235]},
						{"origin": [0.70178, 23.53987, 15.94146], "size": [1.94317, 1.31226, 3.28761], "inflate": -0.399, "pivot": [0.08586, 24.421, 1.92276], "rotation": [0, 0, -20], "uv": [254, 160]},
						{"origin": [-2.61995, 25.51487, 11.04146], "size": [1.24317, 1.93726, 5.41261], "inflate": -0.398, "pivot": [-0.06086, 24.421, 1.92276], "rotation": [0, 0, 20], "uv": [216, 247]},
						{"origin": [-2.61995, 23.61487, -26.05854], "size": [1.94317, 3.83726, 37.91261], "inflate": -0.398, "pivot": [-0.06086, 24.421, 1.92276], "rotation": [0, 0, 20], "uv": [82, 85]},
						{"origin": [-1.57322, 25.98987, 11.14146], "size": [3.16817, 2.03726, 5.28761], "inflate": -0.398, "uv": [238, 6]},
						{"origin": [-1.57322, 24.18987, -26.35854], "size": [3.16817, 3.83726, 38.28761], "inflate": -0.398, "uv": [0, 45]},
						{"origin": [-1.24495, 28.33987, -20.65854], "size": [1.6, 1.175, 34.16261], "inflate": -0.398, "pivot": [-0.89495, 29.08987, -9.11473], "rotation": [0, 0, 45], "uv": [142, 125]},
						{"origin": [-0.30505, 28.33987, -20.65854], "size": [1.6, 1.175, 34.16261], "inflate": -0.398, "pivot": [0.94495, 29.08987, -9.11473], "rotation": [0, 0, -45], "uv": [72, 125]},
						{"origin": [-1.24822, 28.13108, -25.86739], "size": [2.54317, 1.33726, 2.96261], "inflate": -0.398, "uv": [254, 217]},
						{"origin": [-1.24495, 28.33987, -25.85854], "size": [1.6, 1.175, 2.96261], "inflate": -0.398, "pivot": [-0.89495, 29.08987, -9.11473], "rotation": [0, 0, 45], "uv": [256, 192]},
						{"origin": [-0.30505, 28.33987, -25.85854], "size": [1.6, 1.175, 2.96261], "inflate": -0.398, "pivot": [0.94495, 29.08987, -9.11473], "rotation": [0, 0, -45], "uv": [256, 189]},
						{"origin": [-1.24822, 28.13108, -23.26739], "size": [2.54317, 1.33726, 2.96261], "inflate": -0.398, "uv": [254, 220]},
						{"origin": [-1.24495, 28.33987, -23.25854], "size": [1.6, 1.175, 2.96261], "inflate": -0.398, "pivot": [-0.89495, 29.08987, -6.51473], "rotation": [0, 0, 45], "uv": [256, 229]},
						{"origin": [-0.30505, 28.33987, -23.25854], "size": [1.6, 1.175, 2.96261], "inflate": -0.398, "pivot": [0.94495, 29.08987, -6.51473], "rotation": [0, 0, -45], "uv": [256, 226]},
						{"origin": [0.21736, 24.55843, 14.97977], "size": [2.21817, 3.13726, 3.36261], "inflate": -0.398, "pivot": [1.32644, 25.25206, 16.76108], "rotation": [47, 0, -20], "uv": [248, 129]},
						{"origin": [-2.61995, 23.18987, 8.64146], "size": [5.11817, 1.23726, 3.01261], "inflate": -0.398, "pivot": [-0.06086, 24.421, 1.92276], "rotation": [0, 0, 20], "uv": [242, 80]},
						{"origin": [-2.41053, 26.00843, 16.87977], "size": [2.21817, 1.68726, 1.46261], "inflate": -0.398, "pivot": [-1.30144, 25.25206, 16.76108], "rotation": [47, 0, 20], "uv": [98, 249]},
						{"origin": [0.21736, 23.35843, 16.12977], "size": [2.21817, 2.01226, 1.96261], "inflate": -0.398, "pivot": [1.32644, 25.25206, 16.76108], "rotation": [47, 0, -20], "uv": [234, 205]},
						{"origin": [0.21736, 22.10843, 17.27977], "size": [2.21817, 3.26226, 1.06261], "inflate": -0.398, "pivot": [1.32644, 25.25206, 16.76108], "rotation": [47, 0, -20], "uv": [44, 205]},
						{"origin": [1.32678, 23.18987, 8.64146], "size": [1.31817, 1.23726, 7.81261], "inflate": -0.398, "pivot": [0.08586, 24.421, 1.92276], "rotation": [0, 0, -20], "uv": [38, 237]},
						{"origin": [1.32678, 23.18987, 15.64146], "size": [1.31817, 1.31226, 3.93761], "inflate": -0.399, "pivot": [0.08586, 24.421, 1.92276], "rotation": [0, 0, -20], "uv": [78, 246]},
						{"origin": [-2.62322, 23.81487, -31.25854], "size": [5.26817, 1.36226, 26.41261], "inflate": -0.398, "uv": [158, 85]},
						{"origin": [-1.99822, 24.02834, -31.31262], "size": [4.09317, 2.06226, 6.21261], "inflate": -0.398, "pivot": [0.17336, 25.40947, -27.80631], "rotation": [13, 0, 0], "uv": [68, 231]},
						{"origin": [-0.57322, 25.72834, -29.91262], "size": [1.14317, 1.26226, 3.71261], "inflate": -0.398, "pivot": [0.17336, 25.40947, -27.80631], "rotation": [13, 0, 0], "uv": [254, 201]},
						{"origin": [-0.57322, 25.01434, -31.12248], "size": [1.14317, 1.23726, 1.98761], "inflate": -0.398, "pivot": [-0.00164, 25.69547, -30.14117], "rotation": [35.25, 0, 0], "uv": [16, 262]},
						{"origin": [-0.57322, 24.80343, -31.12813], "size": [1.14317, 1.21226, 2.61261], "inflate": -0.398, "pivot": [-0.00164, 25.67206, -30.10932], "rotation": [12.75, 0, 0], "uv": [58, 259]},
						{"origin": [-0.69822, 24.43191, -27.48708], "size": [1.29317, 3.16226, 1.31261], "inflate": -0.398, "pivot": [-0.05164, 26.01304, -26.83078], "rotation": [14.03031, 21.89305, 5.32332], "uv": [160, 41]},
						{"origin": [-0.79822, 25.33191, -27.58708], "size": [1.49317, 1.28726, 1.51261], "inflate": -0.398, "pivot": [-0.05164, 26.01304, -26.83078], "rotation": [14.03031, 21.89305, 5.32332], "uv": [8, 262]},
						{"origin": [-0.99822, 24.73191, -30.28708], "size": [1.89317, 1.33726, 1.91261], "inflate": -0.398, "pivot": [-0.05164, 25.41304, -29.33078], "rotation": [14.03031, 21.89305, 5.32332], "uv": [20, 262]},
						{"origin": [-0.79822, 25.90691, -27.58708], "size": [1.49317, 1.61226, 1.51261], "inflate": -0.398, "pivot": [-0.05164, 26.01304, -26.83078], "rotation": [14.03031, 21.89305, 5.32332], "uv": [12, 262]},
						{"origin": [1.00178, 23.94452, -31.34831], "size": [1.31817, 2.06226, 6.33761], "inflate": -0.396, "pivot": [0.04836, 24.97565, -28.12951], "rotation": [13.04796, -4.87154, -1.12747], "uv": [82, 209]},
						{"origin": [-2.29495, 23.94452, -31.34831], "size": [1.39317, 2.06226, 6.33761], "inflate": -0.396, "pivot": [0.05164, 24.97565, -28.12951], "rotation": [13.04796, 4.87154, 1.12747], "uv": [188, 240]},
						{"origin": [-2.62322, 18.23987, -31.38354], "size": [5.26817, 6.36226, 6.16261], "inflate": -0.395, "pivot": [0.05, 20.38678, -24.82724], "rotation": [-1.75, 0, 0], "uv": [190, 112]},
						{"origin": [-2.62322, 18.26487, -26.05854], "size": [5.26817, 5.61226, 21.21261], "inflate": -0.398, "uv": [64, 160]},
						{"origin": [-2.54822, 17.96487, -26.13354], "size": [5.19317, 1.06226, 11.38761], "inflate": -0.398, "pivot": [0.04836, 21.071, -15.45224], "rotation": [-1.75, 0, 0], "uv": [158, 112]},
						{"origin": [-3.17322, 18.86487, -26.05854], "size": [6.44317, 3.91226, 16.86261], "inflate": -0.396, "uv": [0, 205]},
						{"origin": [-3.17322, 18.58987, -26.00854], "size": [6.44317, 1.43726, 10.21261], "inflate": -0.398, "pivot": [0.04836, 20.821, -17.62723], "rotation": [-1.75, 0, 0], "uv": [164, 73]},
						{"origin": [-3.17322, 20.66487, -9.98354], "size": [6.44317, 2.11226, 3.73761], "inflate": -0.397, "uv": [238, 13]},
						{"origin": [-3.17322, 21.18987, -7.05854], "size": [6.44317, 1.58726, 1.33761], "inflate": -0.398, "uv": [82, 217]},
						{"origin": [-3.17322, 21.46487, -6.53354], "size": [6.44317, 1.31226, 1.08761], "inflate": -0.398, "uv": [54, 237]},
						{"origin": [-3.17322, 21.41487, -6.45854], "size": [6.44317, 2.26226, 1.18761], "inflate": -0.398, "pivot": [2.14836, 22.596, -7.03974], "rotation": [-45.5, 0, 0], "uv": [244, 155]},
						{"origin": [1.12376, 18.50417, -18.05854], "size": [1.61817, 2.06226, 4.51261], "inflate": -0.398, "pivot": [2.14342, 19.76178, -17.35223], "rotation": [-13.57493, -11.93329, -40.57461], "uv": [248, 135]},
						{"origin": [-3.17322, 18.86487, -18.05854], "size": [6.44317, 2.41226, 4.51261], "inflate": -0.398, "pivot": [2.14342, 19.76178, -17.35223], "rotation": [-18, 0, 0], "uv": [108, 236]},
						{"origin": [-2.54822, 17.06089, -16.2594], "size": [5.19317, 2.41226, 4.08761], "inflate": -0.398, "pivot": [1.51842, 17.95781, -14.0031], "rotation": [-33.25, 0, 0], "uv": [238, 0]},
						{"origin": [-2.54822, 18.31487, -18.13354], "size": [5.19317, 2.41226, 4.51261], "inflate": -0.398, "pivot": [1.51842, 19.21178, -17.42723], "rotation": [-18, 0, 0], "uv": [170, 237]},
						{"origin": [1.12376, 17.25019, -16.0844], "size": [1.61817, 2.06226, 4.26261], "inflate": -0.398, "pivot": [2.14342, 18.50781, -13.8281], "rotation": [-25.9766, -21.52331, -36.97958], "uv": [142, 248]},
						{"origin": [-3.17322, 17.61089, -16.0844], "size": [6.44317, 3.01226, 4.26261], "inflate": -0.398, "pivot": [2.14342, 18.50781, -13.8281], "rotation": [-33.25, 0, 0], "uv": [88, 231]},
						{"origin": [-3.17322, 16.35443, -13.46394], "size": [6.44317, 2.96226, 2.46261], "inflate": -0.398, "uv": [226, 80]},
						{"origin": [-2.07322, 11.16451, -15.30785], "size": [4.24317, 1.98726, 14.13761], "inflate": -0.395, "pivot": [0.04836, 12.15814, -8.23905], "rotation": [-50.5, 0, 0], "uv": [212, 126]},
						{"origin": [-2.07322, 11.16451, -14.60785], "size": [4.24317, 1.98726, 15.83761], "inflate": -0.398, "pivot": [0.04836, 12.15814, -7.53905], "rotation": [-55.25, 0, 0], "uv": [44, 209]},
						{"origin": [-2.07322, 4.51611, -3.87335], "size": [4.24317, 1.73726, 6.31261], "inflate": -0.39, "uv": [234, 198]},
						{"origin": [-2.07322, 4.51611, 1.52665], "size": [4.24317, 1.73726, 2.96261], "inflate": -0.396, "pivot": [0.04836, 5.38474, 1.95795], "rotation": [9.75, 0, 0], "uv": [250, 119]},
						{"origin": [-2.07322, 5.34393, 0.83648], "size": [4.24317, 1.73726, 2.96261], "inflate": -0.398, "pivot": [0.04836, 6.21256, 2.31778], "rotation": [49.5, 0, 0], "uv": [174, 250]},
						{"origin": [-2.07322, 5.16893, 3.53648], "size": [4.24317, 1.73726, 3.66261], "inflate": -0.397, "pivot": [0.04836, 6.03756, 5.01778], "rotation": [16.75, 0, 0], "uv": [228, 247]},
						{"origin": [-2.07322, 5.71979, 5.89663], "size": [4.24317, 1.61226, 2.36261], "inflate": -0.398, "pivot": [0.04836, 6.61342, 6.60293], "rotation": [59.5, 0, 0], "uv": [128, 250]},
						{"origin": [-2.07322, 4.51611, -5.22335], "size": [4.24317, 3.01226, 2.16261], "inflate": -0.39, "uv": [116, 248]},
						{"origin": [-2.07322, 10.21611, -4.09835], "size": [4.24317, 5.73726, 12.11261], "inflate": -0.395, "pivot": [0.04836, 11.45974, 1.09545], "rotation": [-64.75, 0, 0], "uv": [212, 141]},
						{"origin": [-2.07322, 11.60419, 0.2018], "size": [4.24317, 3.88726, 4.73761], "inflate": -0.398, "pivot": [0.04836, 12.72282, 2.93311], "rotation": [-54.75, 0, 0], "uv": [240, 185]},
						{"origin": [-2.07322, 10.02637, 3.00381], "size": [4.24317, 2.23726, 3.58761], "inflate": -0.398, "pivot": [0.04836, 10.32, 5.37262], "rotation": [-61.25, 0, 0], "uv": [244, 36]},
						{"origin": [-2.07322, 7.7523, 4.87555], "size": [4.24317, 2.23726, 3.76261], "inflate": -0.398, "pivot": [0.04836, 8.87093, 6.66935], "rotation": [-79.25, 0, 0], "uv": [50, 246]},
						{"origin": [-2.07322, 15.27919, -1.3482], "size": [4.24317, 3.91226, 5.31261], "inflate": -0.396, "uv": [20, 237]},
						{"origin": [-2.07322, 17.12919, -1.3482], "size": [4.24317, 3.31226, 1.96261], "inflate": -0.398, "pivot": [0.04836, 17.23532, 1.30811], "rotation": [22, 0, 0], "uv": [132, 253]},
						{"origin": [-2.07322, 18.52919, 2.8518], "size": [4.24317, 2.98726, 1.78761], "inflate": -0.398, "pivot": [0.04836, 18.93532, 1.98311], "rotation": [-46.25, 0, 0], "uv": [254, 10]},
						{"origin": [-2.07322, 14.52505, -3.07337], "size": [4.24317, 1.41226, 2.28761], "inflate": -0.398, "uv": [250, 122]},
						{"origin": [-1.37322, 14.27505, -4.62337], "size": [2.84317, 1.33726, 2.61261], "inflate": -0.398, "pivot": [0.04836, 14.90618, -3.15457], "rotation": [30.25, 0, 0], "uv": [254, 223]},
						{"origin": [-1.37322, 13.76308, -9.09514], "size": [2.84317, 1.33726, 5.53761], "inflate": -0.398, "uv": [116, 242]},
						{"origin": [-1.37322, 15.36308, -2.99514], "size": [2.84317, 1.13726, 2.53761], "inflate": -0.395, "uv": [252, 255]},
						{"origin": [-1.37322, 15.68808, -2.74514], "size": [2.84317, 3.51226, 2.26261], "inflate": -0.395, "uv": [44, 254]},
						{"origin": [-1.37322, 15.33808, -2.74514], "size": [2.84317, 1.46226, 1.41261], "inflate": -0.398, "pivot": [0.04837, 16.51921, -1.61383], "rotation": [-23.5, 0, 0], "uv": [110, 251]},
						{"origin": [-1.37322, 17.16308, -2.74514], "size": [2.84317, 2.41226, 1.83761], "inflate": -0.398, "pivot": [0.04837, 17.44421, -1.60133], "rotation": [17.5, 0, 0], "uv": [82, 258]},
						{"origin": [-1.37322, 17.86308, -6.87014], "size": [2.84317, 1.33726, 3.03761], "inflate": -0.395, "uv": [174, 253]},
						{"origin": [-1.37322, 15.96308, -6.32014], "size": [2.84317, 3.23726, 1.46261], "inflate": -0.398, "pivot": [0.04837, 18.53171, -5.52633], "rotation": [19.5, 0, 0], "uv": [14, 241]},
						{"origin": [-1.37322, 14.3946, -5.53012], "size": [2.84317, 2.11226, 1.26261], "inflate": -0.398, "pivot": [0.04837, 15.86323, -4.92382], "rotation": [-42, 0, 0], "uv": [258, 80]},
						{"origin": [-1.37322, 15.47024, -5.55348], "size": [2.84317, 3.73726, 1.41261], "inflate": -0.398, "pivot": [0.04837, 17.61387, -4.89718], "rotation": [-0.75, 0, 0], "uv": [98, 245]},
						{"origin": [-1.37322, 13.76308, -9.04514], "size": [2.84317, 1.13726, 1.53761], "inflate": -0.398, "pivot": [0.04837, 14.43171, -7.90133], "rotation": [37, 0, 0], "uv": [194, 235]},
						{"origin": [-2.07322, 14.22505, -2.49837], "size": [4.24317, 1.36226, 1.88761], "inflate": -0.398, "pivot": [0.04836, 14.96868, -1.37957], "rotation": [-26.5, 0, 0], "uv": [254, 158]},
						{"origin": [-2.07322, 14.06451, -14.40785], "size": [4.24317, 1.38726, 2.81261], "inflate": -0.401, "pivot": [0.04836, 14.45814, -10.06405], "rotation": [-76, 0, 0], "uv": [188, 237]},
						{"origin": [-2.07322, 17.41233, -11.16491], "size": [4.24317, 1.38726, 1.88761], "inflate": -0.402, "pivot": [0.04836, 18.10596, -10.2586], "rotation": [-113.75, 0, 0], "uv": [150, 254]},
						{"origin": [-2.07322, 17.95301, -10.94251], "size": [4.24317, 1.38726, 2.08761], "inflate": -0.398, "pivot": [0.04836, 18.64664, -9.79871], "rotation": [-151, 0, 0], "uv": [250, 116]},
						{"origin": [-3.17322, 16.37943, -12.71394], "size": [6.44317, 2.96226, 2.93761], "inflate": -0.398, "pivot": [2.14836, 17.86056, -11.83263], "rotation": [45.75, 0, 0], "uv": [242, 25]},
						{"origin": [-3.17322, 18.05026, -11.44149], "size": [6.44317, 2.88726, 4.31261], "inflate": -0.398, "pivot": [2.14836, 19.45639, -10.29768], "rotation": [55, 0, 0], "uv": [128, 236]},
						{"origin": [0.11766, 17.20819, -26.03354], "size": [1.61817, 2.06226, 10.71261], "inflate": -0.398, "pivot": [0.05, 20.38678, -24.82724], "rotation": [-1.30068, -1.17088, -41.98671], "uv": [24, 225]},
						{"origin": [-2.64193, 17.25019, -16.0844], "size": [1.61817, 2.06226, 4.26261], "inflate": -0.398, "pivot": [-2.04342, 18.50781, -13.8281], "rotation": [-25.9766, 21.52331, 36.97958], "uv": [206, 248]},
						{"origin": [-2.64193, 18.50417, -18.05854], "size": [1.61817, 2.06226, 4.51261], "inflate": -0.398, "pivot": [-2.04342, 19.76178, -17.35223], "rotation": [-13.57493, 11.93329, 40.57461], "uv": [196, 248]},
						{"origin": [-2.46995, 18.86487, -29.10854], "size": [2.24317, 3.91226, 4.21261], "inflate": -0.398, "pivot": [-1.34342, 20.13678, -27.55224], "rotation": [0, -19, 0], "uv": [242, 165]},
						{"origin": [-1.71246, 17.13919, -28.48279], "size": [1.61817, 2.06226, 4.21261], "inflate": -0.398, "pivot": [0.05, 20.38678, -24.82724], "rotation": [-14.274, -12.79111, 43.90106], "uv": [186, 248]},
						{"origin": [-1.63583, 17.20819, -26.03354], "size": [1.61817, 2.06226, 10.71261], "inflate": -0.398, "pivot": [0.05, 20.38678, -24.82724], "rotation": [-1.30068, 1.17088, 41.98671], "uv": [46, 225]},
						{"origin": [0.32678, 18.86487, -29.10854], "size": [2.24317, 3.91226, 4.21261], "inflate": -0.398, "pivot": [1.44342, 20.13678, -27.55224], "rotation": [0, 19, 0], "uv": [242, 158]},
						{"origin": [-3.67322, 20.53987, -26.55854], "size": [7.44317, 2.1, 19.16261], "inflate": -0.895, "uv": [164, 52]},
						{"origin": [1.12678, 20.53987, -27.60854], "size": [1.94317, 2.1, 3.21261], "inflate": -0.895, "pivot": [1.44342, 19.76178, -27.55224], "rotation": [0, 19, 0], "uv": [12, 254]},
						{"origin": [-3.67322, 19.78987, -26.55854], "size": [7.44317, 2.1, 18.41261], "inflate": -0.895, "uv": [0, 185]},
						{"origin": [-3.67322, 19.08987, -20.95854], "size": [7.44317, 2.1, 12.48761], "inflate": -0.895, "uv": [212, 112]},
						{"origin": [-3.67322, 18.38987, -15.95854], "size": [7.44317, 2.1, 7.16261], "inflate": -0.895, "uv": [86, 35]},
						{"origin": [-3.67322, 16.98987, -14.15854], "size": [7.44317, 2.1, 4.36261], "inflate": -0.895, "uv": [220, 106]},
						{"origin": [-3.67322, 17.71487, -15.03354], "size": [7.44317, 2.1, 5.71261], "inflate": -0.895, "uv": [170, 230]},
						{"origin": [1.12678, 19.78987, -27.60854], "size": [1.94317, 2.1, 3.21261], "inflate": -0.895, "pivot": [1.44342, 19.11178, -27.55224], "rotation": [0, 19, 0], "uv": [20, 254]},
						{"origin": [-2.99495, 20.53987, -27.60854], "size": [1.94317, 2.1, 3.21261], "inflate": -0.895, "pivot": [-1.36842, 19.76178, -27.55224], "rotation": [0, -19, 0], "uv": [36, 254]},
						{"origin": [-2.99495, 19.78987, -27.60854], "size": [1.94317, 2.1, 3.21261], "inflate": -0.895, "pivot": [-1.36842, 19.11178, -27.55224], "rotation": [0, -19, 0], "uv": [28, 254]},
						{"origin": [0.19429, 17.13919, -28.48279], "size": [1.61817, 2.06226, 4.21261], "inflate": -0.398, "pivot": [0.05, 20.38678, -24.82724], "rotation": [-14.274, 12.79111, -43.90106], "uv": [152, 248]},
						{"origin": [-2.67322, 21.51487, 39.06646], "size": [5.34317, 1.3, 1.3], "inflate": -0.4, "pivot": [0.62336, 21.8085, 39.34776], "rotation": [-22.5, 0, 0], "uv": [98, 251]},
						{"origin": [-2.67322, 19.81487, 35.86646], "size": [5.34317, 1.4, 1.4], "inflate": -0.4, "pivot": [0.62336, 20.1085, 36.24776], "rotation": [-22.5, 0, 0], "uv": [228, 251]},
						{"origin": [-2.84822, 19.51487, 38.26646], "size": [5.71817, 1.5, 1.5], "inflate": -0.4, "pivot": [0.62336, 19.8085, 38.74776], "rotation": [-22.5, 0, 0], "uv": [86, 252]},
						{"origin": [-2.67322, 18.81487, 15.36646], "size": [5.34317, 1.4, 1.4], "inflate": -0.4, "pivot": [0.62336, 19.1085, 15.74776], "rotation": [-22.5, 0, 0], "uv": [240, 251]},
						{"origin": [-2.87322, 19.01487, -8.63354], "size": [5.71817, 2, 2], "inflate": -0.4, "pivot": [0.62336, 19.3085, -7.65224], "rotation": [-22.5, 0, 0], "uv": [0, 248]},
						{"origin": [2.05178, 19.01487, -8.63354], "size": [1.09317, 2, 2], "inflate": -0.4, "pivot": [0.62336, 19.3085, -7.65224], "rotation": [-22.5, 0, 0], "uv": [70, 254]},
						{"origin": [-3.17322, 19.01487, -8.63354], "size": [1.11817, 2, 2], "inflate": -0.4, "pivot": [-4.60164, 19.3085, -7.65224], "rotation": [-22.5, 0, 0], "uv": [168, 255]},
						{"origin": [-2.67322, 21.51487, 11.46646], "size": [5.34317, 1.5, 1.5], "inflate": -0.4, "pivot": [0.62336, 21.9085, 11.84776], "rotation": [-22.5, 0, 0], "uv": [0, 252]},
						{"origin": [-2.67322, 21.51487, 9.26646], "size": [5.34317, 1.5, 1.5], "inflate": -0.4, "pivot": [0.62336, 21.9085, 9.64776], "rotation": [-22.5, 0, 0], "uv": [12, 252]},
						{"origin": [-2.59504, 17.36113, 8.60358], "size": [5.18998, 3.33158, 32.92992], "inflate": -0.4, "pivot": [1.5304, 18.83431, 32.18337], "rotation": [-2.75, 0, 0], "uv": [86, 0]},
						{"origin": [-2.64504, 16.98613, 8.60358], "size": [5.31498, 1.18158, 27.20492], "inflate": -0.4, "pivot": [1.5304, 16.30931, 32.18337], "rotation": [-2.75, 0, 0], "uv": [0, 157]},
						{"origin": [-2.62004, 16.68613, 10.22858], "size": [5.26498, 1.10658, 4.17992], "inflate": -0.4, "pivot": [1.5304, 16.30931, 32.18337], "rotation": [-2.75, 0, 0], "uv": [240, 48]},
						{"origin": [-2.64504, 9.08075, 34.83087], "size": [5.31498, 8.85658, 7.10492], "inflate": -0.398, "pivot": [0.56535, 12.09029, 38.42083], "rotation": [-1.5, 0, 0], "uv": [216, 41]},
						{"origin": [-2.64504, 8.93125, 40.81802], "size": [5.31498, 9.28158, 1.30492], "inflate": -0.4, "pivot": [0.01245, 13.38454, 38.54548], "rotation": [1.25, 0, 0], "uv": [148, 219]},
						{"origin": [-2.44504, 9.53125, 41.11802], "size": [4.91498, 7.70658, 2.87992], "inflate": -0.4, "pivot": [0.01245, 13.38454, 40.34548], "rotation": [1.25, 0, 0], "uv": [104, 242]},
						{"origin": [0.85496, 14.75369, 41.1175], "size": [1.61498, 2.58158, 2.80492], "inflate": -0.4, "pivot": [0.01245, 15.98198, 42.51996], "rotation": [0.86839, 0.89914, -45.99319], "uv": [256, 181]},
						{"origin": [-2.46994, 14.75369, 41.1175], "size": [1.61498, 2.58158, 2.80492], "inflate": -0.4, "pivot": [-0.01245, 15.98198, 42.51996], "rotation": [0.86839, -0.89914, 45.99319], "uv": [256, 185]},
						{"origin": [-2.64504, 16.97608, 40.85564], "size": [5.31498, 7.55658, 1.77992], "inflate": -0.398, "pivot": [0.01767, 22.66071, 41.64909], "rotation": [-6, 0, 0], "uv": [130, 242]},
						{"origin": [0.22676, 21.64788, 41.49444], "size": [1.41498, 1.90658, 3.00492], "inflate": -0.4, "pivot": [-0.15733, 23.79825, 43.48641], "rotation": [0, 0, -45], "uv": [254, 205]},
						{"origin": [-1.61674, 21.64788, 41.49444], "size": [1.41498, 1.90658, 3.00492], "inflate": -0.4, "pivot": [0.18233, 23.79825, 43.48641], "rotation": [0, 0, 45], "uv": [208, 254]},
						{"origin": [-1.67004, 23.12138, 41.44063], "size": [3.36498, 1.60658, 3.05492], "inflate": -0.4, "uv": [250, 112]},
						{"origin": [-2.44504, 19.17608, 41.55564], "size": [4.91498, 4.60658, 2.82992], "inflate": -0.398, "pivot": [0.01767, 22.06071, 43.34909], "rotation": [-6, 0, 0], "uv": [248, 71]},
						{"origin": [-1.37004, 16.07608, 41.55564], "size": [2.76498, 3.90658, 2.82992], "inflate": -0.4, "pivot": [0.01767, 22.06071, 43.34909], "rotation": [-6, 0, 0], "uv": [62, 254]},
						{"origin": [-1.37004, 18.63773, 41.13633], "size": [2.08998, 2.40658, 2.82992], "inflate": -0.4, "pivot": [0.01245, 18.09102, 42.55129], "rotation": [-4.17584, 4.31222, 45.84271], "uv": [254, 209]},
						{"origin": [-0.69494, 18.63773, 41.13633], "size": [2.08998, 2.40658, 2.82992], "inflate": -0.4, "pivot": [0.01255, 18.09102, 42.55129], "rotation": [-4.17584, -4.31222, -45.84271], "uv": [254, 213]},
						{"origin": [-2.44504, 22.87608, 41.70564], "size": [4.91498, 1.08158, 2.80492], "inflate": -0.4, "uv": [50, 251]},
						{"origin": [-2.64504, 21.97608, 40.25564], "size": [5.31498, 2.55658, 1.40492], "inflate": -0.4, "pivot": [0.01767, 22.66071, 41.64909], "rotation": [-6, 0, 0], "uv": [162, 250]},
						{"origin": [-1.84504, 23.72608, 40.55564], "size": [3.71498, 1.60658, 2.07992], "inflate": -0.4, "pivot": [0.01767, 22.66071, 41.64909], "rotation": [-6, 0, 0], "uv": [72, 122]},
						{"origin": [1.65184, 21.70995, 40.62301], "size": [1.41498, 1.93158, 2.05492], "inflate": -0.4, "pivot": [0.01767, 22.66071, 41.64909], "rotation": [-4.68525, -3.18034, -44.91155], "uv": [70, 258]},
						{"origin": [-3.03147, 21.70996, 40.62366], "size": [1.41498, 1.93158, 2.05492], "inflate": -0.4, "pivot": [0.01767, 22.66071, 41.64909], "rotation": [-4.68525, 3.18034, 44.91155], "uv": [76, 258]},
						{"origin": [-2.64504, 13.63075, 24.73087], "size": [5.31498, 4.30658, 10.95492], "inflate": -0.395, "pivot": [0.56535, 12.09029, 38.42083], "rotation": [-1.5, 0, 0], "uv": [212, 158]},
						{"origin": [-2.64504, 9.13877, 34.64344], "size": [5.31498, 4.13158, 3.10492], "inflate": -0.4, "pivot": [0.04995, 13.55456, 36.3084], "rotation": [-30.25, 0, 0], "uv": [240, 41]},
						{"origin": [-2.64504, 10.71766, 28.79914], "size": [5.31498, 5.33158, 6.00492], "inflate": -0.399, "pivot": [0.04995, 12.58345, 33.2516], "rotation": [-39.75, 0, 0], "uv": [222, 229]},
						{"origin": [-2.64504, 13.06985, 26.13432], "size": [5.31498, 4.18158, 6.00492], "inflate": -0.4, "pivot": [0.04995, 14.93564, 29.13678], "rotation": [-23.75, 0, 0], "uv": [138, 35]},
						{"origin": [-2.64504, 10.67579, 24.82494], "size": [5.31498, 6.55658, 1.47992], "inflate": -0.4, "pivot": [0.04995, 15.14158, 27.8274], "rotation": [-28.75, 0, 0], "uv": [38, 245]},
						{"origin": [-2.64504, 12.10734, 23.16969], "size": [5.31498, 1.25658, 1.52992], "inflate": -0.4, "pivot": [0.04995, 15.36063, 23.90965], "rotation": [-1.5, 0, 0], "uv": [120, 253]},
						{"origin": [-2.64504, 12.23291, 23.65097], "size": [5.31498, 1.30658, 1.77992], "inflate": -0.4, "pivot": [0.04995, 12.8612, 24.37843], "rotation": [30.75, 0, 0], "uv": [162, 253]},
						{"origin": [-2.64504, 12.35734, 25.44469], "size": [5.31498, 6.10658, 1.47992], "inflate": -0.4, "pivot": [0.04995, 15.21063, 26.18465], "rotation": [-35, 0, 0], "uv": [86, 245]},
						{"origin": [-1.05506, 21.23987, -36.75854], "size": [2.2, 2.2, 27.36261], "inflate": -0.4, "pivot": [-0.05506, 22.43987, -19.97724], "rotation": [0, 0, 22.5], "uv": [160, 0]}
					]
				},
				{
					"name": "ironsight",
					"parent": "gun",
					"pivot": [0.09836, 28.31221, 13.28892],
					"cubes": [
						{"origin": [-2.02322, 27.75608, -24.66739], "size": [3.81817, 2.18726, 2.26261], "inflate": -0.395, "uv": [216, 253]},
						{"origin": [-2.02322, 28.43662, 7.10241], "size": [3.81817, 1.96226, 1.76261], "inflate": -0.397, "pivot": [0.02336, 29.38025, 7.98371], "rotation": [-61, 0, 0], "uv": [76, 256]},
						{"origin": [0.47678, 28.68108, 8.65761], "size": [1.31817, 1.68726, 2.01261], "inflate": -0.398, "uv": [258, 135]},
						{"origin": [-1.27322, 28.68108, 8.33261], "size": [3.06817, 1.68726, 1.13761], "inflate": -0.398, "uv": [256, 64]},
						{"origin": [-1.44822, 28.95608, 8.33261], "size": [1.01817, 1.41226, 2.61261], "inflate": -0.398, "uv": [258, 132]},
						{"origin": [-1.74822, 28.93108, 8.33261], "size": [1.11817, 1.56226, 2.61261], "inflate": -0.398, "uv": [258, 129]},
						{"origin": [-2.02322, 29.13108, 7.88261], "size": [3.81817, 1.36226, 1.26261], "inflate": -0.398, "uv": [256, 62]},
						{"origin": [-2.02322, 27.75608, 6.88261], "size": [3.81817, 2.18726, 2.26261], "inflate": -0.395, "uv": [226, 253]},
						{"origin": [-2.02322, 27.75608, 8.33261], "size": [1.56817, 1.98726, 2.61261], "inflate": -0.398, "uv": [124, 258]},
						{"origin": [-2.02322, 29.13108, -23.66739], "size": [3.81817, 1.36226, 1.26261], "inflate": -0.398, "uv": [256, 58]},
						{"origin": [-1.74822, 28.93108, -23.21739], "size": [1.11817, 1.56226, 2.61261], "inflate": -0.398, "uv": [106, 258]},
						{"origin": [-1.44822, 28.95608, -23.21739], "size": [1.01817, 1.41226, 2.61261], "inflate": -0.398, "uv": [112, 258]},
						{"origin": [-1.27322, 28.68108, -23.21739], "size": [3.06817, 1.68726, 1.13761], "inflate": -0.398, "uv": [256, 60]},
						{"origin": [0.47678, 28.68108, -22.89239], "size": [1.31817, 1.68726, 2.01261], "inflate": -0.398, "uv": [118, 258]},
						{"origin": [-2.02322, 28.43662, -24.44759], "size": [3.81817, 1.96226, 1.76261], "inflate": -0.397, "pivot": [0.02336, 29.38025, -23.56629], "rotation": [-61, 0, 0], "uv": [256, 56]},
						{"origin": [-2.02322, 27.75608, -23.21739], "size": [1.56817, 1.98726, 2.61261], "inflate": -0.398, "uv": [88, 258]},
						{"origin": [-2.07322, 28.21487, -24.03354], "size": [3.91817, 1.3, 1.3], "inflate": -0.4, "pivot": [0.62336, 28.4085, -23.85224], "rotation": [-22.5, 0, 0], "uv": [256, 84]},
						{"origin": [-2.07322, 28.21487, 7.46646], "size": [3.91817, 1.3, 1.3], "inflate": -0.4, "pivot": [0.62336, 28.4085, 7.64776], "rotation": [-22.5, 0, 0], "uv": [256, 86]},
						{"origin": [-2.07322, 28.87739, 9.12324], "size": [3.91817, 1.3, 1.3], "inflate": -0.4, "pivot": [0.62336, 29.5085, 9.77276], "rotation": [-22.5, 0, 0], "uv": [256, 88]},
						{"origin": [-2.07322, 29.08987, -22.60854], "size": [3.91817, 1.3, 1.3], "inflate": -0.4, "pivot": [0.62336, 29.2835, -22.42724], "rotation": [-22.5, 0, 0], "uv": [256, 90]},
						{"origin": [-2.22322, 28.78987, -22.90854], "size": [1.26817, 1.9, 1.9], "inflate": -0.4, "pivot": [0.62336, 29.2835, -22.42724], "rotation": [-22.5, 0, 0], "uv": [54, 260]},
						{"origin": [-2.22322, 28.78987, 8.69146], "size": [1.26817, 1.9, 1.9], "inflate": -0.4, "pivot": [0.62336, 29.2835, 9.17276], "rotation": [-22.5, 0, 0], "uv": [260, 75]}
					]
				},
				{
					"name": "rearsight_flipped",
					"parent": "ironsight",
					"pivot": [0.00321, 29.89756, 9.78492],
					"rotation": [-90, 0, 0],
					"cubes": [
						{"origin": [-1.22322, 28.96487, 8.69146], "size": [2.46817, 1.7, 2], "inflate": -0.4, "pivot": [1.62336, 29.3585, 9.27276], "rotation": [-22.5, 0, 0], "uv": [256, 41]},
						{"origin": [-1.22322, 29.07577, 8.73043], "size": [2.44317, 2.975, 2.225], "inflate": -0.4, "uv": [254, 172]},
						{"origin": [-1.22322, 31.25077, 9.63043], "size": [2.44317, 1.2, 1.325], "inflate": -0.4, "uv": [168, 259]},
						{"origin": [-1.22322, 30.35077, 9.60543], "size": [2.44317, 1.775, 1.325], "inflate": -0.4, "pivot": [-0.00163, 31.86327, 10.26793], "rotation": [-66.5, 0, 0], "uv": [48, 260]},
						{"origin": [-0.23956, 31.31626, 8.73043], "size": [2.04317, 1.025, 2.225], "inflate": -0.4, "pivot": [0.78203, 31.84126, 9.84293], "rotation": [0, 0, -57.75], "uv": [256, 44]},
						{"origin": [0.42101, 31.37209, 8.73043], "size": [1.39317, 1, 2.225], "inflate": -0.4, "pivot": [0.7926, 31.88459, 9.84293], "rotation": [0, 0, -35.5], "uv": [24, 259]},
						{"origin": [-1.80361, 31.31626, 8.73043], "size": [2.04317, 1.025, 2.225], "inflate": -0.4, "pivot": [-0.78203, 31.84126, 9.84293], "rotation": [0, 0, 57.75], "uv": [256, 53]},
						{"origin": [-1.81418, 31.37209, 8.73043], "size": [1.39317, 1, 2.225], "inflate": -0.4, "pivot": [-0.7926, 31.88459, 9.84293], "rotation": [0, 0, 35.5], "uv": [30, 259]},
						{"origin": [-1.79822, 31.72577, 8.73043], "size": [1.34317, 2.05, 2.225], "inflate": -0.4, "uv": [256, 141]},
						{"origin": [0.47678, 32.97577, 8.73043], "size": [1.34317, 1.125, 1.9], "inflate": -0.4, "uv": [142, 261]},
						{"origin": [-1.79822, 32.97577, 8.73043], "size": [1.34317, 1.125, 1.9], "inflate": -0.4, "uv": [146, 261]},
						{"origin": [0.47678, 32.97577, 9.70543], "size": [1.34317, 1.125, 1.25], "inflate": -0.4, "pivot": [0.01087, 33.53827, 10.16793], "rotation": [-45, 0, 0], "uv": [150, 261]},
						{"origin": [-1.79822, 32.97577, 9.70543], "size": [1.34317, 1.125, 1.25], "inflate": -0.4, "pivot": [0.01087, 33.53827, 10.16793], "rotation": [-45, 0, 0], "uv": [154, 261]},
						{"origin": [0.47678, 31.72577, 8.73043], "size": [1.34317, 2.05, 2.225], "inflate": -0.4, "uv": [256, 145]},
						{"origin": [-1.84822, 32.11487, 9.69146], "size": [3.71817, 1, 1], "inflate": -0.4, "pivot": [0.62336, 32.3085, 9.79776], "rotation": [-22.5, 0, 0], "uv": [256, 110]},
						{"origin": [-0.97322, 32.01487, 9.59146], "size": [1.94317, 1.2, 1.2], "inflate": -0.4, "pivot": [0.62336, 32.3085, 9.79776], "rotation": [-22.5, 0, 0], "uv": [158, 261]},
						{"origin": [-0.14822, 32.01487, 9.76646], "size": [1.11817, 1.775, 1.025], "inflate": -0.4, "uv": [162, 261]},
						{"origin": [-0.32322, 32.66487, 9.76646], "size": [1.11817, 1.3, 1.025], "inflate": -0.4, "pivot": [0.23586, 33.55237, 10.19146], "rotation": [0, 0, 90], "uv": [166, 261]},
						{"origin": [-0.44822, 32.31013, 9.76646], "size": [1.11817, 1.125, 1.025], "inflate": -0.4, "pivot": [0.11086, 32.68513, 10.19146], "rotation": [0, 0, 45], "uv": [170, 261]},
						{"origin": [-0.66995, 32.73987, 9.76646], "size": [1.11817, 1.25, 1.025], "inflate": -0.4, "pivot": [-0.11086, 33.61487, 10.19146], "rotation": [0, 0, 45], "uv": [178, 261]},
						{"origin": [-0.96995, 32.01487, 9.76646], "size": [1.11817, 1.775, 1.025], "inflate": -0.4, "uv": [182, 261]},
						{"origin": [-0.66995, 32.31013, 9.76646], "size": [1.11817, 1.125, 1.025], "inflate": -0.4, "pivot": [-0.11086, 32.68513, 10.19146], "rotation": [0, 0, -45], "uv": [186, 261]},
						{"origin": [-0.32322, 32.33513, 9.76646], "size": [1.11817, 1.3, 1.025], "inflate": -0.4, "pivot": [0.23586, 32.74763, 10.19146], "rotation": [0, 0, -90], "uv": [190, 261]},
						{"origin": [-0.44822, 32.73987, 9.76646], "size": [1.11817, 1.25, 1.025], "inflate": -0.4, "pivot": [0.11086, 33.61487, 10.19146], "rotation": [0, 0, -45], "uv": [194, 261]},
						{"origin": [-0.15198, 31.55032, 9.21646], "size": [1.11817, 1.25, 1.025], "inflate": -0.4, "pivot": [0, 32.175, 9.72896], "rotation": [128.0933, 38.203, 25.86455], "uv": [138, 261]},
						{"origin": [-0.96146, 31.52336, 9.21646], "size": [1.11817, 1.3, 1.025], "inflate": -0.4, "pivot": [0, 32.175, 9.72896], "rotation": [180, -61, -90], "uv": [126, 261]},
						{"origin": [-0.96619, 31.55032, 9.21646], "size": [1.11817, 1.25, 1.025], "inflate": -0.4, "pivot": [0, 32.175, 9.72896], "rotation": [128.0933, -38.203, -25.86455], "uv": [122, 261]},
						{"origin": [-0.15198, 31.54968, 9.21646], "size": [1.11817, 1.125, 1.025], "inflate": -0.4, "pivot": [0, 32.175, 9.72896], "rotation": [128.0933, -38.203, -25.86455], "uv": [118, 261]},
						{"origin": [-0.96619, 31.54968, 9.21646], "size": [1.11817, 1.125, 1.025], "inflate": -0.4, "pivot": [0, 32.175, 9.72896], "rotation": [128.0933, 38.203, 25.86455], "uv": [114, 261]},
						{"origin": [-0.96146, 31.52663, 9.21646], "size": [1.11817, 1.3, 1.025], "inflate": -0.4, "pivot": [0, 32.175, 9.72896], "rotation": [180, 61, 90], "uv": [110, 261]},
						{"origin": [-0.96995, 31.03987, 9.21646], "size": [1.11817, 1.775, 1.025], "inflate": -0.4, "pivot": [0, 32.175, 9.72896], "rotation": [119, 0, 0], "uv": [106, 261]},
						{"origin": [-0.14822, 31.03987, 9.21646], "size": [1.11817, 1.775, 1.025], "inflate": -0.4, "pivot": [0, 32.175, 9.72896], "rotation": [119, 0, 0], "uv": [88, 261]}
					]
				},
				{
					"name": "foresight_flipped",
					"parent": "ironsight",
					"pivot": [0.00984, 29.69182, -21.79187],
					"rotation": [-90, 0, 0],
					"cubes": [
						{"origin": [0.34494, 31.71487, -23.05854], "size": [1, 1.475, 2.21261], "inflate": -0.4, "pivot": [0.85744, 32.71487, -21.60224], "rotation": [0, 0, 43], "uv": [138, 258]},
						{"origin": [-1.24494, 33.01013, -23.05854], "size": [1, 1.325, 2.21261], "inflate": -0.4, "pivot": [-0.75744, 33.58513, -21.60224], "rotation": [0, 0, 43], "uv": [258, 138]},
						{"origin": [-1.34494, 32.31487, -23.05854], "size": [1, 1.6, 2.21261], "inflate": -0.4, "uv": [144, 258]},
						{"origin": [-1.31994, 31.71487, -23.05854], "size": [1, 1.475, 2.21261], "inflate": -0.4, "pivot": [-0.83244, 32.71487, -21.60224], "rotation": [0, 0, -43], "uv": [150, 258]},
						{"origin": [0.26994, 33.01013, -23.05854], "size": [1, 1.325, 2.21261], "inflate": -0.4, "pivot": [0.78244, 33.58513, -21.60224], "rotation": [0, 0, -43], "uv": [258, 155]},
						{"origin": [0.36994, 32.31487, -23.05854], "size": [1, 1.6, 2.21261], "inflate": -0.4, "uv": [156, 258]},
						{"origin": [-0.7055, 32.01487, -22.69371], "size": [1.1, 1.75, 1.1], "inflate": -0.5, "pivot": [-0.1555, 32.63362, -21.74371], "rotation": [0, -22.5, 0], "uv": [94, 260]},
						{"origin": [-0.6555, 31.91487, -22.74371], "size": [1.3, 1.425, 1.3], "inflate": -0.5, "uv": [98, 260]},
						{"origin": [-1.22322, 28.88987, -23.10854], "size": [2.46817, 1.7, 2], "inflate": -0.4, "pivot": [1.62336, 29.2835, -22.42724], "rotation": [-22.5, 0, 0], "uv": [0, 256]},
						{"origin": [-1.19822, 29.05077, -23.06957], "size": [2.41817, 1.75, 2.225], "inflate": -0.4, "uv": [256, 0]},
						{"origin": [-1.04822, 31.45077, -23.06957], "size": [2.11817, 1.35, 2.225], "inflate": -0.4, "uv": [256, 3]},
						{"origin": [-0.97322, 30.00077, -23.06957], "size": [1.96817, 2.25, 2.225], "inflate": -0.4, "uv": [256, 92]},
						{"origin": [-1.02322, 29.80077, -23.06957], "size": [1.14317, 1.65, 2.225], "inflate": -0.4, "pivot": [0.01087, 30.92577, -21.80707], "rotation": [0, 0, 16], "uv": [162, 258]},
						{"origin": [-0.24495, 30.79923, -23.06957], "size": [1.14317, 1.65, 2.225], "inflate": -0.4, "pivot": [-0.13587, 31.32423, -21.80707], "rotation": [0, 0, 16], "uv": [192, 258]},
						{"origin": [-0.87322, 30.82423, -23.06957], "size": [1.14317, 1.65, 2.225], "inflate": -0.4, "pivot": [0.16087, 31.34923, -21.80707], "rotation": [0, 0, -16], "uv": [186, 258]},
						{"origin": [-0.09495, 29.80077, -23.06957], "size": [1.14317, 1.65, 2.225], "inflate": -0.4, "pivot": [0.01413, 30.92577, -21.80707], "rotation": [0, 0, -16], "uv": [180, 258]}
					]
				},
				{
					"name": "rearsight_unflipped",
					"parent": "ironsight",
					"pivot": [0.09836, 28.31221, 44.98892],
					"cubes": [
						{"origin": [-1.22322, 28.88987, 8.69146], "size": [2.46817, 1.7, 2], "inflate": -0.4, "pivot": [1.62336, 29.2835, 9.27276], "rotation": [-22.5, 0, 0], "uv": [256, 22]},
						{"origin": [-1.22322, 29.35077, 8.73043], "size": [2.44317, 2.625, 2.225], "inflate": -0.398, "uv": [254, 168]},
						{"origin": [-1.22322, 31.17577, 9.63043], "size": [2.44317, 1.2, 1.325], "inflate": -0.4, "uv": [256, 195]},
						{"origin": [-1.22322, 30.27577, 9.60543], "size": [2.44317, 1.775, 1.325], "inflate": -0.4, "pivot": [-0.00163, 31.78827, 10.26793], "rotation": [-66.5, 0, 0], "uv": [64, 259]},
						{"origin": [-0.23956, 31.24126, 8.73043], "size": [2.04317, 1.025, 2.225], "inflate": -0.4, "pivot": [0.78203, 31.76626, 9.84293], "rotation": [0, 0, -57.75], "uv": [256, 29]},
						{"origin": [0.42101, 31.29709, 8.73043], "size": [1.39317, 1, 2.225], "inflate": -0.4, "pivot": [0.7926, 31.80959, 9.84293], "rotation": [0, 0, -35.5], "uv": [12, 259]},
						{"origin": [-1.80361, 31.24126, 8.73043], "size": [2.04317, 1.025, 2.225], "inflate": -0.4, "pivot": [-0.78203, 31.76626, 9.84293], "rotation": [0, 0, 57.75], "uv": [256, 32]},
						{"origin": [-1.81418, 31.29709, 8.73043], "size": [1.39317, 1, 2.225], "inflate": -0.4, "pivot": [-0.7926, 31.80959, 9.84293], "rotation": [0, 0, 35.5], "uv": [18, 259]},
						{"origin": [-1.79822, 31.65077, 8.73043], "size": [1.34317, 2.05, 2.225], "inflate": -0.398, "uv": [256, 100]},
						{"origin": [0.47678, 32.90077, 8.73043], "size": [1.34317, 1.125, 1.9], "inflate": -0.4, "uv": [174, 260]},
						{"origin": [-1.79822, 32.90077, 8.73043], "size": [1.34317, 1.125, 1.9], "inflate": -0.4, "uv": [134, 260]},
						{"origin": [0.47678, 32.90077, 9.70543], "size": [1.34317, 1.125, 1.25], "inflate": -0.4, "pivot": [0.01087, 33.46327, 10.16793], "rotation": [-45, 0, 0], "uv": [220, 260]},
						{"origin": [-1.79822, 32.90077, 9.70543], "size": [1.34317, 1.125, 1.25], "inflate": -0.4, "pivot": [0.01087, 33.46327, 10.16793], "rotation": [-45, 0, 0], "uv": [216, 260]},
						{"origin": [0.47678, 31.65077, 8.73043], "size": [1.34317, 2.05, 2.225], "inflate": -0.398, "uv": [256, 104]},
						{"origin": [-1.84822, 32.03987, 9.69146], "size": [3.71817, 1, 1], "inflate": -0.4, "pivot": [0.62336, 32.2335, 9.79776], "rotation": [-22.5, 0, 0], "uv": [256, 108]},
						{"origin": [-0.97322, 31.93987, 9.59146], "size": [1.94317, 1.2, 1.2], "inflate": -0.398, "pivot": [0.62336, 32.2335, 9.79776], "rotation": [-22.5, 0, 0], "uv": [224, 260]},
						{"origin": [-0.14822, 31.93987, 9.76646], "size": [1.11817, 1.775, 1.025], "inflate": -0.4, "uv": [228, 260]},
						{"origin": [-0.32322, 32.58987, 9.76646], "size": [1.11817, 1.3, 1.025], "inflate": -0.4, "pivot": [0.23586, 33.47737, 10.19146], "rotation": [0, 0, 90], "uv": [64, 261]},
						{"origin": [-0.44822, 32.23513, 9.76646], "size": [1.11817, 1.125, 1.025], "inflate": -0.4, "pivot": [0.11086, 32.61013, 10.19146], "rotation": [0, 0, 45], "uv": [72, 261]},
						{"origin": [-0.66995, 32.66487, 9.76646], "size": [1.11817, 1.25, 1.025], "inflate": -0.4, "pivot": [-0.11086, 33.53987, 10.19146], "rotation": [0, 0, 45], "uv": [84, 261]},
						{"origin": [-0.96995, 31.93987, 9.76646], "size": [1.11817, 1.775, 1.025], "inflate": -0.4, "uv": [80, 261]},
						{"origin": [-0.66995, 32.23513, 9.76646], "size": [1.11817, 1.125, 1.025], "inflate": -0.4, "pivot": [-0.11086, 32.61013, 10.19146], "rotation": [0, 0, -45], "uv": [76, 261]},
						{"origin": [-0.32322, 32.26013, 9.76646], "size": [1.11817, 1.3, 1.025], "inflate": -0.4, "pivot": [0.23586, 32.67263, 10.19146], "rotation": [0, 0, -90], "uv": [68, 261]},
						{"origin": [-0.44822, 32.66487, 9.76646], "size": [1.11817, 1.25, 1.025], "inflate": -0.4, "pivot": [0.11086, 33.53987, 10.19146], "rotation": [0, 0, -45], "uv": [260, 255]},
						{"origin": [-0.96619, 31.55032, 9.21646], "size": [1.11817, 1.25, 1.025], "inflate": -0.4, "pivot": [0, 32.175, 9.72896], "rotation": [128.0933, -38.203, -25.86455], "uv": [198, 261]},
						{"origin": [-0.96995, 31.03987, 9.21646], "size": [1.11817, 1.775, 1.025], "inflate": -0.4, "pivot": [0, 32.175, 9.72896], "rotation": [119, 0, 0], "uv": [202, 261]},
						{"origin": [-0.96619, 31.54968, 9.21646], "size": [1.11817, 1.125, 1.025], "inflate": -0.4, "pivot": [0, 32.175, 9.72896], "rotation": [128.0933, 38.203, 25.86455], "uv": [206, 261]},
						{"origin": [-0.96146, 31.52663, 9.21646], "size": [1.11817, 1.3, 1.025], "inflate": -0.4, "pivot": [0, 32.175, 9.72896], "rotation": [180, 61, 90], "uv": [210, 261]},
						{"origin": [-0.14822, 31.03987, 9.21646], "size": [1.11817, 1.775, 1.025], "inflate": -0.4, "pivot": [0, 32.175, 9.72896], "rotation": [119, 0, 0], "uv": [232, 261]},
						{"origin": [-0.15198, 31.54968, 9.21646], "size": [1.11817, 1.125, 1.025], "inflate": -0.4, "pivot": [0, 32.175, 9.72896], "rotation": [128.0933, -38.203, -25.86455], "uv": [236, 261]},
						{"origin": [-0.15198, 31.55032, 9.21646], "size": [1.11817, 1.25, 1.025], "inflate": -0.4, "pivot": [0, 32.175, 9.72896], "rotation": [128.0933, 38.203, 25.86455], "uv": [240, 261]},
						{"origin": [-0.96146, 31.52336, 9.21646], "size": [1.11817, 1.3, 1.025], "inflate": -0.4, "pivot": [0, 32.175, 9.72896], "rotation": [180, -61, -90], "uv": [244, 261]}
					]
				},
				{
					"name": "foresight_unflipped",
					"parent": "ironsight",
					"pivot": [0.00964, 29.56723, -21.84783],
					"cubes": [
						{"origin": [0.34494, 31.71487, -22.95854], "size": [1, 1.475, 2.21261], "inflate": -0.4, "pivot": [0.85744, 32.71487, -21.60224], "rotation": [0, 0, 43], "uv": [198, 258]},
						{"origin": [-1.24494, 33.01013, -22.95854], "size": [1, 1.325, 2.21261], "inflate": -0.4, "pivot": [-0.75744, 33.58513, -21.60224], "rotation": [0, 0, 43], "uv": [204, 258]},
						{"origin": [-1.34494, 32.31487, -22.95854], "size": [1, 1.6, 2.21261], "inflate": -0.4, "uv": [210, 258]},
						{"origin": [-1.31994, 31.71487, -22.95854], "size": [1, 1.475, 2.21261], "inflate": -0.4, "pivot": [-0.83244, 32.71487, -21.60224], "rotation": [0, 0, -43], "uv": [234, 258]},
						{"origin": [0.26994, 33.01013, -22.95854], "size": [1, 1.325, 2.21261], "inflate": -0.4, "pivot": [0.78244, 33.58513, -21.60224], "rotation": [0, 0, -43], "uv": [240, 258]},
						{"origin": [0.36994, 32.31487, -22.95854], "size": [1, 1.6, 2.21261], "inflate": -0.4, "uv": [246, 258]},
						{"origin": [-0.56, 32.01487, -22.3361], "size": [1.1, 1.75, 1.1], "inflate": -0.5, "pivot": [0.00777, 32.88987, -21.7861], "rotation": [0, -22.5, 0], "uv": [102, 260]},
						{"origin": [-0.6555, 31.88987, -22.44371], "size": [1.3, 1.45, 1.3], "inflate": -0.5, "uv": [130, 260]},
						{"origin": [-1.22322, 28.88987, -23.00854], "size": [2.46817, 1.7, 2], "inflate": -0.4, "pivot": [1.62336, 29.2835, -22.42724], "rotation": [-22.5, 0, 0], "uv": [256, 13]},
						{"origin": [-1.19822, 29.35077, -22.96957], "size": [2.41817, 1.45, 2.225], "inflate": -0.4, "uv": [256, 16]},
						{"origin": [-1.04822, 31.45077, -22.96957], "size": [2.11817, 1.35, 2.225], "inflate": -0.4, "uv": [256, 19]},
						{"origin": [-0.97322, 30.00077, -22.96957], "size": [1.96817, 2.25, 2.225], "inflate": -0.397, "uv": [256, 96]},
						{"origin": [-1.02322, 29.80077, -22.96957], "size": [1.14317, 1.65, 2.225], "inflate": -0.399, "pivot": [0.01087, 30.92577, -21.80707], "rotation": [0, 0, 16], "uv": [252, 258]},
						{"origin": [-0.24495, 30.79923, -22.96957], "size": [1.14317, 1.65, 2.225], "inflate": -0.399, "pivot": [-0.13587, 31.32423, -21.80707], "rotation": [0, 0, 16], "uv": [258, 258]},
						{"origin": [-0.87322, 30.82423, -22.96957], "size": [1.14317, 1.65, 2.225], "inflate": -0.399, "pivot": [0.16087, 31.34923, -21.80707], "rotation": [0, 0, -16], "uv": [0, 259]},
						{"origin": [-0.09495, 29.80077, -22.96957], "size": [1.14317, 1.65, 2.225], "inflate": -0.399, "pivot": [0.01413, 30.92577, -21.80707], "rotation": [0, 0, -16], "uv": [6, 259]}
					]
				},
				{
					"name": "action2",
					"parent": "gun",
					"pivot": [0, 0, 0],
					"cubes": [
						{"origin": [-1.12322, 22.96487, -26.25854], "size": [2.26817, 1.71226, 10.11261], "inflate": -0.398, "uv": [0, 224]},
						{"origin": [0.27678, 23.16487, -25.25854], "size": [3.66817, 1.31226, 1.41261], "inflate": -0.398, "uv": [256, 179]},
						{"origin": [1.98928, 22.86487, -25.78354], "size": [1.17617, 1.91226, 3.01261], "inflate": -0.398, "uv": [200, 254]},
						{"origin": [2.57228, 22.86487, -24.38354], "size": [1.29417, 1.91226, 1.73761], "inflate": -0.398, "pivot": [3.27837, 23.821, -24.12724], "rotation": [0, -38, 0], "uv": [0, 262]},
						{"origin": [4.55578, 22.86487, -25.70854], "size": [1.02867, 1.91226, 2.46261], "inflate": -0.398, "uv": [42, 259]},
						{"origin": [4.00678, 22.86487, -24.30854], "size": [1.05817, 1.91226, 1.11261], "inflate": -0.398, "pivot": [4.62436, 23.821, -24.37724], "rotation": [0, 40.25, 0], "uv": [256, 261]},
						{"origin": [2.25076, 22.86487, -25.73306], "size": [1.05816, 1.91226, 1.26261], "inflate": -0.398, "pivot": [2.77984, 23.821, -25.17676], "rotation": [0, 40.25, 0], "uv": [4, 262]},
						{"origin": [3.89328, 22.86487, -25.48354], "size": [1.18517, 1.91226, 1.06261], "inflate": -0.398, "pivot": [4.51086, 23.821, -25.55223], "rotation": [0, 40.25, 0], "uv": [260, 261]},
						{"origin": [2.34328, 22.86487, -25.48354], "size": [3.03467, 1.91226, 2.01261], "inflate": -0.398, "uv": [52, 254]}
					]
				},
				{
					"name": "action",
					"parent": "gun",
					"pivot": [-1.09221, 24.25033, 16.10878],
					"cubes": [
						{"origin": [-0.79414, 23.08724, 10.75235], "size": [3.51681, 2.49363, 10.51542], "inflate": -0.4, "pivot": [0.1704, 22.4052, 18.59141], "rotation": [0, 0, -45], "uv": [216, 56]},
						{"origin": [-0.01914, 25.51224, 10.75235], "size": [1.46681, 1.26863, 10.51542], "inflate": -0.4, "pivot": [0.6704, 23.6052, 18.59141], "rotation": [0, 0, -45], "uv": [148, 230]},
						{"origin": [-2.58186, 22.35804, 10.75235], "size": [3.99908, 2.02318, 10.4919], "inflate": -0.4, "uv": [82, 219]},
						{"origin": [-1.90686, 23.63304, 10.75235], "size": [1.49908, 2.12318, 10.4919], "inflate": -0.4, "uv": [226, 68]}
					]
				},
				{
					"name": "muzzlebrake",
					"parent": "gun",
					"pivot": [-0.00506, 22.22737, -34.30224],
					"cubes": [
						{"origin": [-1.93006, 20.48987, -44.33354], "size": [3.4, 3.4, 8.36261], "inflate": -0.4, "pivot": [0.26994, 21.68987, -25.15224], "rotation": [0, 0, 22.5], "uv": [200, 229]},
						{"origin": [-1.68006, 20.28987, -46.08354], "size": [1.825, 1.1, 2.56261], "inflate": -0.4, "pivot": [0.26994, 19.18987, -25.15224], "rotation": [0, 0, 22.5], "uv": [256, 241]},
						{"origin": [-1.93006, 20.48987, -46.63354], "size": [3.4, 3.4, 1.36261], "inflate": -0.4, "pivot": [0.26994, 21.68987, -25.15224], "rotation": [0, 0, 22.5], "uv": [254, 164]},
						{"origin": [-1.20506, 21.18987, -47.45854], "size": [2.4, 2.4, 1.86261], "inflate": -0.4, "pivot": [-0.00506, 22.38987, -30.77724], "rotation": [0, 0, 22.5], "uv": [256, 244]},
						{"origin": [-1.68006, 22.78987, -46.08354], "size": [1.825, 1.1, 2.56261], "inflate": -0.4, "pivot": [0.26994, 21.68987, -25.15224], "rotation": [0, 0, 22.5], "uv": [256, 238]},
						{"origin": [-0.75506, 21.76487, -35.75854], "size": [1.4, 2.325, 4.06261], "inflate": -0.4, "uv": [76, 250]},
						{"origin": [-0.75506, 21.06487, -36.33354], "size": [1.4, 2.325, 1.41261], "inflate": -0.4, "pivot": [-0.00506, 22.22737, -34.30224], "rotation": [-29, 0, 0], "uv": [160, 187]}
					]
				},
				{
					"name": "magazine",
					"parent": "gun",
					"pivot": [0.04836, 9.97939, 13.79806],
					"rotation": [2.5, 0, 0],
					"cubes": [
						{"origin": [-1.79822, 12.08115, 14.59135], "size": [3.69316, 10.28726, 7.1126], "inflate": -0.397, "pivot": [0.04836, 9.72761, 13.81237], "rotation": [-10, 0, 0], "uv": [108, 219]},
						{"origin": [-1.19822, 12.88115, 12.59135], "size": [2.49316, 9.48726, 2.8126], "inflate": -0.397, "pivot": [0.04836, 9.72761, 13.81237], "rotation": [-10, 0, 0], "uv": [74, 110]},
						{"origin": [-1.79822, 4.06045, 13.20752], "size": [3.69316, 11.23726, 7.11261], "inflate": -0.398, "pivot": [0.04836, 9.72761, 13.81237], "rotation": [-30, 0, 0], "uv": [218, 0]},
						{"origin": [-1.19822, 4.56045, 11.20752], "size": [2.49316, 10.63726, 2.81261], "inflate": -0.398, "pivot": [0.04836, 9.72761, 13.81237], "rotation": [-30, 0, 0], "uv": [74, 86]},
						{"origin": [-1.79822, -2.13744, 8.42537], "size": [3.69316, 10.68726, 7.1126], "inflate": -0.399, "pivot": [0.04836, 3.68886, 9.42214], "rotation": [-50.25, 0, 0], "uv": [128, 219]},
						{"origin": [-1.19822, -2.13744, 6.42537], "size": [2.49316, 10.58726, 2.8126], "inflate": -0.399, "pivot": [0.04836, 3.68886, 9.42214], "rotation": [-50.25, 0, 0], "uv": [74, 98]}
					]
				},
				{
					"name": "switch",
					"parent": "gun",
					"pivot": [-2.07457, 21.0059, 33.99965],
					"cubes": [
						{"origin": [-2.80882, 19.76764, 32.75263], "size": [5.56401, 2.46446, 2.46446], "inflate": -0.4, "pivot": [-0.03139, 21.01768, 33.96704], "rotation": [22, 0, 0], "uv": [64, 246]},
						{"origin": [-2.68382, 19.98545, 31.835], "size": [5.36401, 2.06446, 2.46446], "inflate": -0.4, "uv": [248, 67]},
						{"origin": [-2.90882, 20.26045, 30.635], "size": [5.81401, 1.48946, 2.06446], "inflate": -0.4, "uv": [248, 126]},
						{"origin": [-2.90882, 20.31045, 30.485], "size": [5.81401, 1.28946, 1.28946], "inflate": -0.4, "pivot": [-0.00181, 20.86768, 31.01723], "rotation": [45, 0, 0], "uv": [236, 253]},
						{"origin": [-2.68382, 20.61045, 31.685], "size": [5.38901, 1.28946, 1.28946], "inflate": -0.4, "pivot": [-0.00181, 21.16768, 32.21723], "rotation": [45, 0, 0], "uv": [254, 6]},
						{"origin": [-2.68382, 20.03545, 31.685], "size": [5.38901, 1.28946, 1.28946], "inflate": -0.4, "pivot": [-0.00181, 20.59268, 32.21723], "rotation": [45, 0, 0], "uv": [254, 8]},
						{"origin": [-2.90882, 20.31045, 31.735], "size": [5.81401, 1.28946, 1.28946], "inflate": -0.4, "pivot": [-0.00181, 20.86768, 32.26723], "rotation": [45, 0, 0], "uv": [0, 254]},
						{"origin": [-3.02711, 20.1307, 33.04443], "size": [5.9823, 1.80959, 1.80959], "inflate": -0.4, "pivot": [-0.03139, 21.01768, 33.96704], "rotation": [22, 0, 0], "uv": [24, 252]}
					]
				},
				{
					"name": "_cb_scope",
					"parent": "gun",
					"pivot": [0, 29.1, -6.25],
					"cubes": [
						{"origin": [-0.5, 28.6, -6.75], "size": [1, 1, 1], "uv": [224, 242]}
					]
				},
				{
					"name": "_cb_canted",
					"parent": "gun",
					"pivot": [0, 29.1, 23.15],
					"cubes": [
						{"origin": [-0.5, 28.6, 4.45], "size": [1, 1, 1], "uv": [224, 242]}
					]
				},
				{
					"name": "_cb_grip",
					"parent": "gun",
					"pivot": [0, 17.375, -23.85],
					"cubes": [
						{"origin": [-0.5, 16.875, -24.35], "size": [1, 1, 1], "uv": [228, 242]}
					]
				},
				{
					"name": "_cb_suppressor",
					"parent": "gun",
					"pivot": [0, 0, 0],
					"cubes": [
						{"origin": [-0.5, 21.85, -32.05], "size": [1, 1, 1], "uv": [160, 200]}
					]
				},
				{
					"name": "muzzleflash",
					"parent": "main",
					"pivot": [-0.0087, 22.35727, -48.54757],
					"cubes": [
						{"origin": [-0.5087, 21.85727, -49.04757], "size": [1, 1, 1], "inflate": -0.4, "uv": [2, 1]}
					]
				},
				{
					"name": "scope",
					"parent": "main",
					"pivot": [-0.00815, 33.08315, 15.15815],
					"cubes": [
						{"origin": [-0.5163, 32.575, 14.65], "size": [1.0163, 1.0163, 1.0163], "inflate": -0.4, "uv": [160, 190]}
					]
				},
				{
					"name": "rightarm",
					"parent": "main",
					"pivot": [-3.88592, 9.36263, 20.32807],
					"rotation": [-101.81106, -12.40003, -2.46982],
					"cubes": [
						{"origin": [-8.38496, -15.1523, 15.9711], "size": [8, 24, 8], "uv": [96, 187]}
					]
				},
				{
					"name": "leftarm",
					"parent": "main",
					"pivot": [10.7, 6.4, 18.3],
					"rotation": [-131.49345, -3.84346, -37.7519],
					"cubes": [
						{"origin": [4.23644, -32.08379, 27.52142], "size": [8, 24, 8], "uv": [128, 187]}
					]
				},
				{
					"name": "_camera_",
					"pivot": [6.825, 32.725, 61.45],
					"cubes": [
						{"origin": [-2, 0, 0], "size": [2, 2, 2], "uv": [0, 0]}
					]
				}
			]
		}
	]
}