{
	"format_version": "1.12.0",
	"minecraft:geometry": [
		{
			"description": {
				"identifier": "geometry.unknown",
				"texture_width": 256,
				"texture_height": 256,
				"visible_bounds_width": 8,
				"visible_bounds_height": 6,
				"visible_bounds_offset": [0, 0, 0]
			},
			"bones": [
				{
					"name": "bb_main",
					"pivot": [0, 0, 0]
				},
				{
					"name": "main",
					"pivot": [0, 14.1, 0]
				},
				{
					"name": "gun",
					"parent": "main",
					"pivot": [-1.08211, 21.20426, -2.3997],
					"cubes": [
						{"origin": [-3.88457, 21.59782, 9.26141], "size": [5.475, 1.3, 1.3], "inflate": -0.4, "pivot": [-1.28457, 22.19782, 10.06141], "rotation": [45, 0, 0], "uv": [126, 52]},
						{"origin": [-2.00957, 21.39782, 9.06141], "size": [1.725, 1.8, 1.8], "inflate": -0.4, "pivot": [-2.28457, 22.19782, 10.06141], "rotation": [45, 0, 0], "uv": [136, 35]},
						{"origin": [-2.89892, 14.75011, 2.65848], "size": [3.475, 1.7, 9.475], "inflate": -0.395, "pivot": [-1.87392, 13.65011, 5.70848], "rotation": [-70.5, 0, 0], "uv": [88, 108]},
						{"origin": [-3.09892, 14.27098, -4.2258], "size": [2, 7.2, 1.275], "inflate": -0.402, "pivot": [-2.09892, 19.82098, -3.6758], "rotation": [0, 30, 0], "uv": [0, 184]},
						{"origin": [-2.89892, 17.79598, -21.0508], "size": [2, 1.3, 14.4], "inflate": -0.4, "pivot": [-1.89892, 18.77098, -14.3008], "rotation": [0, 0, 30], "uv": [94, 93]},
						{"origin": [-2.94892, 18.17098, -9.2008], "size": [2, 3.3, 1.325], "inflate": -0.4, "pivot": [-1.94892, 19.82098, -8.7758], "rotation": [0, -30, 0], "uv": [114, 131]},
						{"origin": [-3.09892, 18.17098, -21.2758], "size": [2, 3.3, 1.275], "inflate": -0.4, "pivot": [-2.09892, 19.82098, -20.7258], "rotation": [0, 30, 0], "uv": [108, 131]},
						{"origin": [-3.27392, 20.22098, -21.9508], "size": [2, 1.7, 29.4], "inflate": -0.4, "pivot": [-2.27392, 21.12098, -14.6008], "rotation": [0, 0, -36.5], "uv": [62, 63]},
						{"origin": [-3.39892, 20.67098, -21.9508], "size": [4.5, 1.6, 29.4], "inflate": -0.398, "uv": [0, 33]},
						{"origin": [-1.02392, 20.22098, -21.9508], "size": [2, 1.7, 29.4], "inflate": -0.4, "pivot": [-0.02392, 21.12098, -14.6008], "rotation": [0, 0, 36.5], "uv": [0, 63]},
						{"origin": [-3.09892, 17.07098, -21.9508], "size": [3.9, 1.9, 15.3], "inflate": -0.4, "uv": [66, 44]},
						{"origin": [-1.39892, 17.79598, -21.0508], "size": [2, 1.3, 14.4], "inflate": -0.4, "pivot": [-0.39892, 18.77098, -14.3008], "rotation": [0, 0, -30], "uv": [62, 93]},
						{"origin": [-3.09892, 18.17098, -9.0508], "size": [3.9, 3.3, 2.4], "inflate": -0.4, "uv": [126, 17]},
						{"origin": [-3.09892, 18.17098, -21.9508], "size": [3.9, 3.3, 1.8], "inflate": -0.4, "uv": [96, 129]},
						{"origin": [-1.19892, 18.17098, -21.2758], "size": [2, 3.3, 1.275], "inflate": -0.4, "pivot": [-0.19892, 19.82098, -20.7258], "rotation": [0, -30, 0], "uv": [82, 130]},
						{"origin": [-1.19892, 14.27098, -4.2258], "size": [2, 7.2, 1.275], "inflate": -0.402, "pivot": [-0.19892, 19.82098, -3.6758], "rotation": [0, -30, 0], "uv": [0, 176]},
						{"origin": [-1.34892, 18.17098, -9.2008], "size": [2, 3.3, 1.325], "inflate": -0.4, "pivot": [-0.34892, 19.82098, -8.7758], "rotation": [0, 30, 0], "uv": [130, 127]},
						{"origin": [-3.09892, 14.27098, -7.4508], "size": [3.9, 7.2, 4.35], "inflate": -0.4, "uv": [124, 60]},
						{"origin": [-2.49892, 14.27098, -4.0508], "size": [2.7, 1.2, 5], "inflate": -0.398, "uv": [124, 71]},
						{"origin": [-2.22392, 14.42664, -4.37305], "size": [2.7, 1.2, 2.6], "inflate": -0.403, "pivot": [-0.87392, 15.23565, -2.58174], "rotation": [-23, -6.5, 0], "uv": [0, 148]},
						{"origin": [-2.22392, 13.82845, -4.72023], "size": [2.7, 1.575, 2.475], "inflate": -0.402, "pivot": [-0.87392, 15.23565, -2.58174], "rotation": [-54, -6.5, 0], "uv": [0, 173]},
						{"origin": [-0.84892, 14.27098, -4.0508], "size": [1.325, 1.2, 5], "inflate": -0.401, "pivot": [-0.87392, 15.23565, -2.58174], "rotation": [0, -6.5, 0], "uv": [0, 157]},
						{"origin": [-2.80108, 13.82845, -4.72023], "size": [2.7, 1.575, 2.475], "inflate": -0.402, "pivot": [-1.45108, 15.23565, -2.58174], "rotation": [-54, 6.5, 0], "uv": [0, 170], "mirror": true},
						{"origin": [-2.80108, 14.42664, -4.37305], "size": [2.7, 1.2, 2.6], "inflate": -0.403, "pivot": [-1.45108, 15.23565, -2.58174], "rotation": [-23, 6.5, 0], "uv": [0, 142], "mirror": true},
						{"origin": [-2.80108, 14.27098, -4.0508], "size": [1.325, 1.2, 5], "inflate": -0.4, "pivot": [-1.45108, 15.23565, -2.58174], "rotation": [0, 6.5, 0], "uv": [0, 151], "mirror": true},
						{"origin": [-1.84892, 17.27098, -1.9508], "size": [1.4, 1.2, 3.1], "inflate": -0.401, "pivot": [-1.14892, 17.87098, -0.4508], "rotation": [-67.5, 0, 0], "uv": [42, 130]},
						{"origin": [-1.84892, 17.19598, -1.5258], "size": [1.4, 1.275, 2.7], "inflate": -0.4, "pivot": [-1.14892, 17.87098, -0.0258], "rotation": [-76.5, 0, 0], "uv": [50, 133]},
						{"origin": [-2.04892, 17.19598, -0.6258], "size": [1.8, 2.075, 3.1], "inflate": -0.398, "pivot": [-1.14892, 17.87098, 0.8742], "rotation": [-51.5, 0, 0], "uv": [50, 116]},
						{"origin": [-2.04892, 16.37098, 0.9992], "size": [1.8, 1.275, 1.4], "inflate": -0.4, "uv": [136, 31]},
						{"origin": [-1.84892, 16.14598, -0.7508], "size": [1.4, 1.275, 2.125], "inflate": -0.399, "pivot": [-1.14892, 16.82098, 0.0492], "rotation": [-106.5, 0, 0], "uv": [56, 133]},
						{"origin": [-1.84892, 15.09244, -1.54881], "size": [1.4, 1.225, 1.85], "inflate": -0.398, "pivot": [-1.14892, 15.67994, -0.58631], "rotation": [-138.5, 0, 0], "uv": [136, 23]},
						{"origin": [-2.49892, 13.97098, -4.5508], "size": [2.7, 1.2, 2.6], "inflate": -0.402, "pivot": [-1.14892, 14.57098, -1.5508], "rotation": [-23, 0, 0], "uv": [130, 57]},
						{"origin": [-2.49892, 14.26023, -4.94066], "size": [2.7, 1.575, 2.475], "inflate": -0.401, "pivot": [-1.14892, 15.23523, -3.11566], "rotation": [-54, 0, 0], "uv": [130, 124]},
						{"origin": [-2.49892, 12.51281, -6.12517], "size": [2.7, 1.775, 3.275], "inflate": -0.4, "pivot": [-1.14892, 13.70031, -4.48767], "rotation": [-107.5, 0, 0], "uv": [126, 35]},
						{"origin": [-1.99892, 13.28781, -6.00017], "size": [1.7, 1, 3.275], "inflate": -0.4, "pivot": [-1.14892, 13.70031, -4.36267], "rotation": [-81.5, 0, 0], "uv": [88, 127]},
						{"origin": [-2.49892, 14.52098, 0.0492], "size": [2.7, 1.2, 4.1], "inflate": -0.4, "pivot": [-1.14892, 15.12098, 1.6492], "rotation": [12.5, 0, 0], "uv": [10, 125]},
						{"origin": [-2.49892, 14.31838, 1.53853], "size": [2.7, 1.5, 4], "inflate": -0.399, "pivot": [-1.14892, 15.21838, 2.08853], "rotation": [89, 0, 0], "uv": [22, 125]},
						{"origin": [-2.49892, 14.46838, 1.53853], "size": [2.7, 1.5, 4], "inflate": -0.401, "pivot": [-1.14892, 15.36838, 2.08853], "rotation": [-33.5, 0, 0], "uv": [34, 125]},
						{"origin": [-2.89892, 12.07098, -8.4508], "size": [3.5, 7, 4.2], "inflate": -0.4, "uv": [96, 118]},
						{"origin": [-2.87392, 17.77098, -21.0508], "size": [3.45, 3.325, 30], "inflate": -0.4, "uv": [0, 0]},
						{"origin": [-2.22392, 17.47098, -22.8508], "size": [2.15, 3.125, 1.9], "inflate": -0.4, "uv": [126, 131]},
						{"origin": [-2.14892, 19.99598, -22.8508], "size": [1.45, 1.525, 1.9], "inflate": -0.4, "pivot": [-0.92392, 19.95848, -21.9008], "rotation": [0, 0, -45], "uv": [90, 135]},
						{"origin": [-1.59892, 19.99598, -22.8508], "size": [1.45, 1.525, 1.9], "inflate": -0.4, "pivot": [-1.37392, 19.95848, -21.9008], "rotation": [0, 0, 45], "uv": [108, 135]},
						{"origin": [-3.63359, 19.59555, 7.83592], "size": [3.34902, 5.26531, 2.68903], "inflate": -0.401, "pivot": [-1.12779, 22.23523, 9.15947], "rotation": [-45, -90, 0], "uv": [0, 125]},
						{"origin": [-3.65859, 19.59555, 7.82497], "size": [3.34902, 5.25934, 2.68903], "inflate": -0.403, "pivot": [-1.15279, 22.23523, 9.15947], "rotation": [-135, -90, 0], "uv": [120, 124]},
						{"origin": [-3.63359, 19.59782, 7.86141], "size": [3.34902, 5.29031, 2.62112], "inflate": -0.402, "pivot": [-1.12779, 22.23523, 9.15947], "rotation": [-90, -90, 0], "uv": [110, 124]},
						{"origin": [-3.63359, 19.59007, 7.86318], "size": [3.34902, 5.29031, 2.60209], "inflate": -0.4, "pivot": [-1.12779, 22.23523, 9.15947], "rotation": [0, -90, 0], "uv": [124, 84]},
						{"origin": [-3.63359, 19.59555, 10.38592], "size": [1.84902, 1.01531, 1.63903], "inflate": -0.399, "pivot": [-1.12779, 22.23523, 11.70947], "rotation": [-45, -90, 0], "uv": [18, 134]},
						{"origin": [-3.65859, 19.59555, 11.42497], "size": [1.84902, 1.05934, 1.63903], "inflate": -0.399, "pivot": [-1.15279, 22.23523, 11.70947], "rotation": [-135, -90, 0], "uv": [132, 42]},
						{"origin": [-3.63359, 19.59782, 10.41141], "size": [1.84902, 1.56531, 2.62112], "inflate": -0.397, "pivot": [-1.12779, 22.23523, 11.70947], "rotation": [-90, -90, 0], "uv": [51, 121]},
						{"origin": [-0.88826, 19.84782, 9.76141], "size": [1.84902, 1.01531, 3.04612], "inflate": -0.4, "pivot": [-1.14504, 22.23523, 11.30947], "rotation": [-90, 90, 0], "uv": [80, 129]},
						{"origin": [-0.88826, 20.04782, 9.58641], "size": [1.84902, 1.09031, 3.49612], "inflate": -0.4, "pivot": [-1.14504, 22.23523, 11.30947], "rotation": [-90, 90, 0], "uv": [126, 31]},
						{"origin": [-0.88826, 19.59555, 9.98592], "size": [1.84902, 1.01531, 1.63903], "inflate": -0.399, "pivot": [-1.14504, 22.23523, 11.30947], "rotation": [-45, 90, 0], "uv": [30, 134]},
						{"origin": [-0.86326, 19.59555, 11.07497], "size": [1.84902, 1.00934, 1.58903], "inflate": -0.399, "pivot": [-1.12004, 22.23523, 11.30947], "rotation": [-135, 90, 0], "uv": [24, 134]},
						{"origin": [-0.88826, 19.59782, 10.01141], "size": [1.84902, 1.54031, 2.62112], "inflate": -0.397, "pivot": [-1.14504, 22.23523, 11.30947], "rotation": [-90, 90, 0], "uv": [131, 54]},
						{"origin": [-3.63359, 20.04782, 9.98641], "size": [1.84902, 1.11531, 3.49612], "inflate": -0.4, "pivot": [-1.12779, 22.23523, 11.70947], "rotation": [-90, -90, 0], "uv": [126, 27]},
						{"origin": [-3.63359, 19.84782, 10.16141], "size": [1.84902, 1.01531, 3.04612], "inflate": -0.4, "pivot": [-1.12779, 22.23523, 11.70947], "rotation": [-90, -90, 0], "uv": [128, 107]},
						{"origin": [-28.66001, 20.13156, 5.63753], "size": [12.47694, 4.4587, 2.33918], "inflate": -0.4, "pivot": [-1.1442, 22.35645, 6.79004], "rotation": [-45, -90, 0], "uv": [62, 108]},
						{"origin": [-16.98501, 20.13156, 5.63753], "size": [5.42694, 4.4587, 1.13918], "inflate": -0.4, "pivot": [-1.1442, 22.35645, 6.79004], "rotation": [-45, -90, 0], "uv": [126, 0]},
						{"origin": [-20.36157, 22.30389, -1.77002], "size": [28.27694, 4.43347, 2.31418], "inflate": -0.4, "pivot": [-0.62527, 23.41402, -0.98947], "rotation": [-135, -90, 0], "uv": [66, 6]},
						{"origin": [-28.66001, 20.13341, 5.6333], "size": [12.47694, 4.4587, 2.28848], "inflate": -0.4, "pivot": [-1.1442, 22.35645, 6.79004], "rotation": [-90, -90, 0], "uv": [102, 54]},
						{"origin": [-12.36001, 20.13156, 5.63753], "size": [11.97694, 4.4587, 2.33918], "inflate": -0.4, "pivot": [-1.1442, 22.35645, 6.79004], "rotation": [-45, -90, 0], "uv": [112, 108]},
						{"origin": [-12.36001, 20.13341, 5.6333], "size": [11.97694, 4.4587, 2.28848], "inflate": -0.4, "pivot": [-1.1442, 22.35645, 6.79004], "rotation": [-90, -90, 0], "uv": [32, 110]},
						{"origin": [-16.96001, 20.13341, 6.6333], "size": [5.40194, 4.4587, 1.28848], "inflate": -0.4, "pivot": [-1.1442, 22.35645, 6.79004], "rotation": [-90, -90, 0], "uv": [126, 5]},
						{"origin": [-6.76001, 23.18341, 6.8583], "size": [5.60194, 3.4087, 1.68848], "inflate": -0.5, "pivot": [-1.1442, 24.88145, 6.79004], "rotation": [-90, -90, 0], "uv": [126, 13]},
						{"origin": [-0.66001, 23.43341, 2.0583], "size": [1.20194, 3.2087, 1.23848], "inflate": -0.497, "pivot": [-2.25904, 25.28776, 2.65254], "rotation": [-40, 0, 0], "uv": [58, 110]},
						{"origin": [-2.83501, 23.35841, 4.1333], "size": [1.20194, 3.0587, 1.31348], "inflate": -0.5, "pivot": [-2.28404, 25.63776, 4.79004], "rotation": [39.25, 0, 0], "uv": [72, 134]},
						{"origin": [-2.83501, 23.38341, 2.52662], "size": [1.20194, 3.0587, 1.31348], "inflate": -0.5, "pivot": [-2.28404, 25.66276, 3.18336], "rotation": [-39.25, 0, 0], "uv": [68, 134]},
						{"origin": [-2.83501, 25.28341, 3.35162], "size": [1.20194, 1.5587, 1.26348], "inflate": -0.5, "uv": [136, 17]},
						{"origin": [-2.83501, 22.95641, 4.80783], "size": [1.20194, 3.2087, 1.23848], "inflate": -0.497, "pivot": [-4.43404, 24.86901, 4.73119], "rotation": [40, 0, 0], "uv": [44, 134]},
						{"origin": [-2.83501, 24.73723, 3.318], "size": [1.20194, 1.8087, 2.98848], "inflate": -0.5, "pivot": [-4.43404, 24.86901, 4.73119], "rotation": [65, 0, 0], "uv": [132, 114]},
						{"origin": [-2.83501, 24.48341, 2.3083], "size": [1.20194, 1.5837, 3.33848], "inflate": -0.495, "uv": [20, 138]},
						{"origin": [-2.83501, 23.63341, 1.7833], "size": [1.20194, 1.8587, 4.36348], "inflate": -0.495, "uv": [14, 138]},
						{"origin": [-2.83501, 25.2669, 2.7976], "size": [1.20194, 1.8087, 2.98848], "inflate": -0.5, "pivot": [-4.43404, 26.02125, 3.39184], "rotation": [-65, 0, 0], "uv": [132, 39]},
						{"origin": [-2.83501, 23.43341, 2.0583], "size": [1.20194, 3.2087, 1.23848], "inflate": -0.497, "pivot": [-4.43404, 25.28776, 2.65254], "rotation": [-40, 0, 0], "uv": [40, 134]},
						{"origin": [-0.66001, 23.63341, 1.7833], "size": [1.20194, 1.8587, 4.36348], "inflate": -0.495, "uv": [0, 137]},
						{"origin": [-0.66001, 24.48341, 2.3083], "size": [1.20194, 1.5837, 3.38848], "inflate": -0.495, "uv": [10, 138]},
						{"origin": [-0.66001, 25.2669, 2.7976], "size": [1.20194, 1.8087, 2.98848], "inflate": -0.5015, "pivot": [-2.25904, 26.02125, 3.39184], "rotation": [-65, 0, 0], "uv": [118, 60]},
						{"origin": [-0.66001, 22.95641, 4.80783], "size": [1.20194, 3.2087, 1.23848], "inflate": -0.497, "pivot": [-2.25904, 24.86901, 4.73119], "rotation": [40, 0, 0], "uv": [46, 125]},
						{"origin": [-0.66001, 25.28341, 3.35162], "size": [1.20194, 1.5587, 1.26348], "inflate": -0.5, "uv": [120, 135]},
						{"origin": [-1.46001, 24.83341, 3.25162], "size": [1.80194, 1.5087, 1.36348], "inflate": -0.5, "uv": [18, 136]},
						{"origin": [-2.63501, 24.83341, 3.25162], "size": [1.80194, 1.5087, 1.36348], "inflate": -0.5, "uv": [136, 19]},
						{"origin": [-1.83501, 24.83341, 3.25162], "size": [1.37694, 1.2087, 1.36348], "inflate": -0.5, "uv": [136, 21]},
						{"origin": [-2.63501, 23.68341, 3.25162], "size": [2.97694, 2.1587, 1.68848], "inflate": -0.5, "uv": [132, 117]},
						{"origin": [-2.63501, 23.38341, 3.75162], "size": [2.97694, 2.3837, 1.66348], "inflate": -0.5, "pivot": [-1.14654, 24.68776, 4.58336], "rotation": [42, 0, 0], "uv": [132, 120]},
						{"origin": [-0.66001, 23.38341, 2.52662], "size": [1.20194, 3.0587, 1.31348], "inflate": -0.498, "pivot": [-0.10904, 25.66276, 3.18336], "rotation": [-39.25, 0, 0], "uv": [100, 133]},
						{"origin": [-0.66001, 23.35841, 4.1333], "size": [1.20194, 3.0587, 1.31348], "inflate": -0.498, "pivot": [-0.10904, 25.63776, 4.79004], "rotation": [39.25, 0, 0], "uv": [36, 134]},
						{"origin": [-0.66001, 24.73723, 3.318], "size": [1.20194, 1.8087, 2.98848], "inflate": -0.501, "pivot": [-2.25904, 24.86901, 4.73119], "rotation": [65, 0, 0], "uv": [0, 132]},
						{"origin": [-26.96001, 20.13341, 5.4333], "size": [15.67694, 2.9587, 2.38848], "inflate": -0.4, "pivot": [-0.0442, 22.35645, 6.79004], "rotation": [-90, -90, 0], "uv": [98, 40]},
						{"origin": [-27.63501, 21.30841, 0.8333], "size": [2.00194, 1.0087, 3.03848], "inflate": -0.4, "pivot": [-0.7192, 22.45645, 4.99004], "rotation": [-90, -90, 0], "uv": [126, 44]},
						{"origin": [-2.00148, 25.5146, -23.16904], "size": [2.00194, 1.0087, 3.21348], "inflate": -0.397, "pivot": [-1.00051, 24.79395, -21.4748], "rotation": [-180, -67.75, 90], "uv": [126, 95]},
						{"origin": [-2.30148, 23.0646, -23.16904], "size": [2.00194, 1.0087, 3.21348], "inflate": -0.397, "pivot": [-1.30051, 24.79395, -21.4748], "rotation": [-180, -67.75, 90], "uv": [126, 91]},
						{"origin": [-29.78501, 21.30841, 0.8333], "size": [2.00194, 1.0087, 3.03848], "inflate": -0.4, "pivot": [-2.8692, 22.45645, 4.99004], "rotation": [-90, -90, 0], "uv": [126, 48]},
						{"origin": [-28.56001, 21.30841, 3.0583], "size": [2.92694, 3.1587, 4.58848], "inflate": -0.4, "pivot": [-0.7192, 22.45645, 4.99004], "rotation": [-90, -90, 0], "uv": [124, 77]},
						{"origin": [-2.49892, 20.27098, -23.3508], "size": [2.6, 2.6, 3], "inflate": -0.4, "pivot": [-1.09892, 21.47098, -21.8508], "rotation": [0, 0, 22.5], "uv": [126, 22]},
						{"origin": [-1.89892, 20.77098, -25.3508], "size": [1.8, 1.8, 2.8], "inflate": -0.4, "pivot": [-1.29892, 21.97098, -21.8508], "rotation": [0, 0, 22.5], "uv": [132, 131]},
						{"origin": [-2.24892, 23.5896, -21.65654], "size": [1.65, 1.2, 1.65], "inflate": -0.4, "pivot": [-0.59892, 24.0896, -20.78154], "rotation": [0, -45, 0], "uv": [22, 136]},
						{"origin": [-1.72392, 23.8896, -21.65654], "size": [1, 2.35, 1], "inflate": -0.4, "pivot": [-0.72392, 24.0896, -21.08154], "rotation": [0, -25, 0], "uv": [132, 134]},
						{"origin": [-28.66001, 20.1271, 5.63937], "size": [28.27694, 4.4587, 2.31371], "inflate": -0.4, "pivot": [-1.1442, 22.35645, 6.79004], "rotation": [0, -90, 0], "uv": [66, 0]},
						{"origin": [-2.87392, 17.77098, 2.1492], "size": [3.45, 5.6, 12.9], "inflate": -0.397, "pivot": [-0.42392, 19.22098, 2.5992], "rotation": [-75.5, 0, 0], "uv": [32, 93]},
						{"origin": [-2.87392, 16.16033, 4.69743], "size": [3.45, 1.4, 3.775], "inflate": -0.402, "pivot": [-0.42392, 16.71033, 6.73493], "rotation": [-89, 0, 0], "uv": [78, 114]},
						{"origin": [-2.87392, 16.96033, 5.19743], "size": [3.45, 1.4, 2.575], "inflate": -0.401, "pivot": [-0.42392, 17.51033, 6.83493], "rotation": [-121.5, 0, 0], "uv": [126, 99]},
						{"origin": [-2.87392, 17.51033, 5.42243], "size": [3.45, 1.4, 2.575], "inflate": -0.398, "pivot": [-0.42392, 18.06033, 7.05993], "rotation": [-155.5, 0, 0], "uv": [126, 102]}
					]
				},
				{
					"name": "magazine",
					"parent": "gun",
					"pivot": [0.10108, 0.27098, 2.7492],
					"cubes": [
						{"origin": [-2.59892, -0.62902, -8.0508], "size": [2.9, 20.3, 3.6], "inflate": -0.4, "uv": [33, 69]}
					]
				},
				{
					"name": "handle",
					"parent": "gun",
					"pivot": [0, 0, 0],
					"cubes": [
						{"origin": [-26.36001, 20.83341, 5.5333], "size": [18.17694, 2.1587, 1.98848], "inflate": -0.4, "pivot": [-0.0442, 22.25645, 6.79004], "rotation": [-90, -90, 0], "uv": [67, 60]},
						{"origin": [-26.36001, 20.28341, 5.5333], "size": [14.87694, 1.3337, 1.98848], "inflate": -0.4, "pivot": [-0.0442, 22.25645, 6.79004], "rotation": [-90, -90, 0], "uv": [0, 192]},
						{"origin": [-0.67162, 21.4396, -5.51241], "size": [2.5, 2.1587, 1.98848], "inflate": -0.401, "pivot": [0.57838, 22.51895, -4.51817], "rotation": [90, -67.25, 180], "uv": [0, 145]},
						{"origin": [-8.28501, 20.83341, 5.5333], "size": [1.47694, 2.1837, 1.98848], "inflate": -0.4, "pivot": [1.3308, 22.25645, 6.79004], "rotation": [-90, -90, 0], "uv": [0, 167]},
						{"origin": [1.70384, 22.01895, -3.41806], "size": [1, 1, 1.98848], "inflate": -0.401, "pivot": [2.20384, 22.51895, -2.42382], "rotation": [-90, -45, 0], "uv": [0, 163]},
						{"origin": [0.39852, 22.2271, -3.03154], "size": [1.10194, 1.2587, 1.98848], "inflate": -0.401, "pivot": [1.13699, 22.51895, -2.0373], "rotation": [90, -50.25, 180], "uv": [0, 165]}
					]
				},
				{
					"name": "action",
					"parent": "gun",
					"pivot": [0.10108, 0.27098, 2.7492],
					"cubes": [
						{"origin": [-9.76001, 22.93156, -1.56247], "size": [5.77694, 1.5587, 2.33918], "inflate": -0.4, "pivot": [-0.9442, 22.25645, -0.40996], "rotation": [-45, -90, 0], "uv": [104, 60]},
						{"origin": [-9.76001, 22.93341, -1.5667], "size": [5.77694, 1.5587, 2.28848], "inflate": -0.4, "pivot": [-0.9442, 22.25645, -0.40996], "rotation": [-90, -90, 0], "uv": [126, 10]}
					]
				},
				{
					"name": "stock",
					"parent": "gun",
					"pivot": [-1.14531, 22.15972, 9.93843],
					"rotation": [160, 0, 0],
					"cubes": [
						{"origin": [-3.08457, 21.37175, 9.0873], "size": [1.875, 1.8, 1.8], "inflate": -0.4, "pivot": [-1.28457, 22.17175, 10.0873], "rotation": [60, 0, 0], "uv": [136, 25]},
						{"origin": [-1.08457, 21.37175, 9.0873], "size": [1.875, 1.8, 1.8], "inflate": -0.4, "pivot": [-1.28457, 22.17175, 10.0873], "rotation": [60, 0, 0], "uv": [136, 33]},
						{"origin": [-3.03457, 21.37175, 9.2373], "size": [1.075, 3.1, 1.1], "inflate": -0.4, "uv": [82, 134]},
						{"origin": [-0.33457, 14.59675, -21.7627], "size": [1.075, 2.925, 1.1], "inflate": -0.4, "pivot": [0.20293, 16.32175, -21.2127], "rotation": [45, 0, 0], "uv": [86, 135]},
						{"origin": [-0.33457, 16.37175, -22.2877], "size": [1.075, 7.9, 1.1], "inflate": -0.4, "uv": [78, 130]},
						{"origin": [-0.33457, 23.27175, -22.1127], "size": [1.075, 1.925, 1.1], "inflate": -0.4, "pivot": [0.20293, 23.99675, -21.5627], "rotation": [-45, 0, 0], "uv": [30, 136]},
						{"origin": [1.80562, 23.97175, -6.30749], "size": [1.075, 1.1, 2.125], "inflate": -0.4, "pivot": [-0.44045, 24.52175, -8.3374], "rotation": [0, -45, 180], "uv": [12, 134]},
						{"origin": [-0.75957, 23.97175, -12.5127], "size": [1.075, 1.1, 8.35], "inflate": -0.4, "pivot": [-0.44045, 24.52175, -8.3374], "rotation": [0, 0, -180], "uv": [78, 118]},
						{"origin": [-0.43457, 23.97175, -12.5127], "size": [1.5, 1.1, 8.35], "inflate": -0.4, "pivot": [-0.41545, 24.52175, -8.3374], "rotation": [0, 0, -180], "uv": [50, 124]},
						{"origin": [1.80562, 23.97175, -12.49232], "size": [1.075, 1.1, 2.125], "inflate": -0.4, "pivot": [-0.44045, 24.52175, -8.3374], "rotation": [0, 45, 180], "uv": [6, 134]},
						{"origin": [-0.33457, 23.97175, -21.4877], "size": [1.075, 1.1, 9.025], "inflate": -0.4, "uv": [112, 114]},
						{"origin": [-0.33457, 23.54675, 9.2373], "size": [1.075, 1.65, 1.1], "inflate": -0.4, "pivot": [0.20293, 23.99675, 9.7873], "rotation": [45, 0, 0], "uv": [136, 29]},
						{"origin": [-0.33457, 23.97175, -4.1877], "size": [1.075, 1.1, 13.925], "inflate": -0.4, "uv": [98, 26]},
						{"origin": [-0.33457, 21.37175, 9.2373], "size": [1.075, 3.1, 1.1], "inflate": -0.4, "uv": [134, 84]},
						{"origin": [-3.03457, 23.54675, 9.2373], "size": [1.075, 1.65, 1.1], "inflate": -0.4, "pivot": [-2.49707, 23.99675, 9.7873], "rotation": [45, 0, 0], "uv": [26, 136]},
						{"origin": [-3.03457, 23.27175, -22.1127], "size": [1.075, 1.925, 1.1], "inflate": -0.4, "pivot": [-2.49707, 23.99675, -21.5627], "rotation": [-45, 0, 0], "uv": [136, 27]},
						{"origin": [-3.03457, 14.59675, -21.7627], "size": [1.075, 2.925, 1.1], "inflate": -0.4, "pivot": [-2.49707, 16.32175, -21.2127], "rotation": [45, 0, 0], "uv": [0, 135]},
						{"origin": [-3.03457, 16.37175, -22.2877], "size": [1.075, 7.9, 1.1], "inflate": -0.4, "uv": [104, 129]},
						{"origin": [-3.03457, 23.97175, -4.1877], "size": [1.075, 1.1, 13.925], "inflate": -0.4, "uv": [98, 12]},
						{"origin": [-2.15957, 23.97175, -12.5127], "size": [1.075, 1.1, 8.35], "inflate": -0.4, "uv": [32, 116]},
						{"origin": [-3.33457, 23.97175, -4.5877], "size": [1.075, 1.1, 2.125], "inflate": -0.4, "pivot": [-1.63457, 22.17175, -2.9627], "rotation": [0, -45, 0], "uv": [62, 133]},
						{"origin": [-3.33457, 23.97175, -14.21211], "size": [1.075, 1.1, 2.125], "inflate": -0.4, "pivot": [-1.63457, 22.17175, -13.71211], "rotation": [0, 45, 0], "uv": [94, 133]},
						{"origin": [-3.03457, 23.97175, -21.4877], "size": [1.075, 1.1, 9.025], "inflate": -0.4, "uv": [58, 114]}
					]
				},
				{
					"name": "stockfolded",
					"parent": "gun",
					"pivot": [-1.14531, 22.15972, 9.93843],
					"cubes": [
						{"origin": [-3.08457, 21.37175, 9.0873], "size": [1.875, 1.8, 1.8], "inflate": -0.4, "pivot": [-1.28457, 22.17175, 10.0873], "rotation": [60, 0, 0], "uv": [136, 25]},
						{"origin": [-1.08457, 21.37175, 9.0873], "size": [1.875, 1.8, 1.8], "inflate": -0.4, "pivot": [-1.28457, 22.17175, 10.0873], "rotation": [60, 0, 0], "uv": [136, 33]},
						{"origin": [-3.03457, 21.37175, 9.2373], "size": [1.075, 3.1, 1.1], "inflate": -0.4, "uv": [82, 134]},
						{"origin": [-0.33457, 14.59675, -21.7627], "size": [1.075, 2.925, 1.1], "inflate": -0.4, "pivot": [0.20293, 16.32175, -21.2127], "rotation": [45, 0, 0], "uv": [86, 135]},
						{"origin": [-0.33457, 16.37175, -22.2877], "size": [1.075, 7.9, 1.1], "inflate": -0.4, "uv": [78, 130]},
						{"origin": [-0.33457, 23.27175, -22.1127], "size": [1.075, 1.925, 1.1], "inflate": -0.4, "pivot": [0.20293, 23.99675, -21.5627], "rotation": [-45, 0, 0], "uv": [30, 136]},
						{"origin": [1.80562, 23.97175, -6.30749], "size": [1.075, 1.1, 2.125], "inflate": -0.4, "pivot": [-0.44045, 24.52175, -8.3374], "rotation": [0, -45, 180], "uv": [12, 134]},
						{"origin": [-0.75957, 23.97175, -12.5127], "size": [1.075, 1.1, 8.35], "inflate": -0.4, "pivot": [-0.44045, 24.52175, -8.3374], "rotation": [0, 0, -180], "uv": [78, 118]},
						{"origin": [-0.43457, 23.97175, -12.5127], "size": [1.5, 1.1, 8.35], "inflate": -0.4, "pivot": [-0.41545, 24.52175, -8.3374], "rotation": [0, 0, -180], "uv": [50, 124]},
						{"origin": [1.80562, 23.97175, -12.49232], "size": [1.075, 1.1, 2.125], "inflate": -0.4, "pivot": [-0.44045, 24.52175, -8.3374], "rotation": [0, 45, 180], "uv": [6, 134]},
						{"origin": [-0.33457, 23.97175, -21.4877], "size": [1.075, 1.1, 9.025], "inflate": -0.4, "uv": [112, 114]},
						{"origin": [-0.33457, 23.54675, 9.2373], "size": [1.075, 1.65, 1.1], "inflate": -0.4, "pivot": [0.20293, 23.99675, 9.7873], "rotation": [45, 0, 0], "uv": [136, 29]},
						{"origin": [-0.33457, 23.97175, -4.1877], "size": [1.075, 1.1, 13.925], "inflate": -0.4, "uv": [98, 26]},
						{"origin": [-0.33457, 21.37175, 9.2373], "size": [1.075, 3.1, 1.1], "inflate": -0.4, "uv": [134, 84]},
						{"origin": [-3.03457, 23.54675, 9.2373], "size": [1.075, 1.65, 1.1], "inflate": -0.4, "pivot": [-2.49707, 23.99675, 9.7873], "rotation": [45, 0, 0], "uv": [26, 136]},
						{"origin": [-3.03457, 23.27175, -22.1127], "size": [1.075, 1.925, 1.1], "inflate": -0.4, "pivot": [-2.49707, 23.99675, -21.5627], "rotation": [-45, 0, 0], "uv": [136, 27]},
						{"origin": [-3.03457, 14.59675, -21.7627], "size": [1.075, 2.925, 1.1], "inflate": -0.4, "pivot": [-2.49707, 16.32175, -21.2127], "rotation": [45, 0, 0], "uv": [0, 135]},
						{"origin": [-3.03457, 16.37175, -22.2877], "size": [1.075, 7.9, 1.1], "inflate": -0.4, "uv": [104, 129]},
						{"origin": [-3.03457, 23.97175, -4.1877], "size": [1.075, 1.1, 13.925], "inflate": -0.4, "uv": [98, 12]},
						{"origin": [-2.15957, 23.97175, -12.5127], "size": [1.075, 1.1, 8.35], "inflate": -0.4, "uv": [32, 116]},
						{"origin": [-3.33457, 23.97175, -4.5877], "size": [1.075, 1.1, 2.125], "inflate": -0.4, "pivot": [-1.63457, 22.17175, -2.9627], "rotation": [0, -45, 0], "uv": [62, 133]},
						{"origin": [-3.33457, 23.97175, -14.21211], "size": [1.075, 1.1, 2.125], "inflate": -0.4, "pivot": [-1.63457, 22.17175, -13.71211], "rotation": [0, 45, 0], "uv": [94, 133]},
						{"origin": [-3.03457, 23.97175, -21.4877], "size": [1.075, 1.1, 9.025], "inflate": -0.4, "uv": [58, 114]}
					]
				},
				{
					"name": "_cb_suppressor",
					"parent": "main",
					"pivot": [-1.1, 21.575, -23.925],
					"cubes": [
						{"origin": [-1.6, 21.075, -24.425], "size": [1, 1, 1], "uv": [27, 69]}
					]
				},
				{
					"name": "rightarm",
					"parent": "main",
					"pivot": [-6.19892, 9.07098, 24.5492],
					"rotation": [-101.81106, -12.40003, -2.46982],
					"cubes": [
						{"origin": [-10.19892, -14.92902, 20.5492], "size": [8, 24, 8], "uv": [66, 12]}
					]
				},
				{
					"name": "leftarm",
					"parent": "main",
					"pivot": [10.7, 7.4, 2.3],
					"rotation": [-131.49345, -3.84346, -37.7519],
					"cubes": [
						{"origin": [1.9, -18.7, 0.6], "size": [8, 24, 8], "pivot": [5.9, -6.7, 4.6], "rotation": [0, 29, 0], "uv": [0, 0]}
					]
				},
				{
					"name": "muzzleflash",
					"parent": "main",
					"pivot": [-1.1337, 21.55727, -25.54757],
					"cubes": [
						{"origin": [-1.64185, 21.04912, -26.05572], "size": [1.0163, 1.0163, 1.0163], "inflate": -0.4, "uv": [94, 209]}
					]
				},
				{
					"name": "scope",
					"parent": "main",
					"pivot": [-1.14892, 25.69598, 14.6992],
					"cubes": [
						{"origin": [-1.66192, 25.19598, 14.1992], "size": [1, 1, 1], "inflate": -0.4, "uv": [110, 118]}
					]
				},
				{
					"name": "_camera_",
					"pivot": [6, 30, 51]
				}
			]
		}
	]
}