{
	"format_version": "1.12.0",
	"minecraft:geometry": [
		{
			"description": {
				"identifier": "geometry.unknown",
				"texture_width": 256,
				"texture_height": 256,
				"visible_bounds_width": 10,
				"visible_bounds_height": 6,
				"visible_bounds_offset": [0, 2, 0]
			},
			"bones": [
				{
					"name": "bb_main",
					"pivot": [0, 0, 0]
				},
				{
					"name": "main",
					"pivot": [0, 20, 0]
				},
				{
					"name": "gun",
					"parent": "main",
					"pivot": [1.5304, 1.6145, 0.7],
					"cubes": [
						{"origin": [-2.44504, 18.21113, -25.99642], "size": [1.03998, 3.48158, 33.32992], "inflate": -0.4, "pivot": [-2.3696, 19.83431, -2.81663], "rotation": [-2.75, 0, 0], "uv": [82, 40]},
						{"origin": [-2.24504, 18.21113, -25.89642], "size": [4.53998, 1.08158, 33.22992], "inflate": -0.4, "pivot": [-2.3696, 19.83431, -2.81663], "rotation": [-2.75, 0, 0], "uv": [2, 42]},
						{"origin": [-2.22004, 18.38613, -25.89642], "size": [4.48998, 2.30658, 1.12992], "inflate": -0.4, "pivot": [-2.3696, 19.73431, -0.21663], "rotation": [-2.75, 0, 0], "uv": [228, 28]},
						{"origin": [1.45178, 22.31487, -1.63354], "size": [1.21817, 1.4, 1.4], "inflate": -0.4, "pivot": [0.62336, 22.6085, -1.25224], "rotation": [-22.5, 0, 0], "uv": [232, 203]},
						{"origin": [-2.54822, 18.81487, -4.23354], "size": [5.21817, 1.3, 1.3], "inflate": -0.4, "pivot": [0.62336, 19.1085, -3.95224], "rotation": [-22.5, 0, 0], "uv": [152, 74]},
						{"origin": [-2.54822, 19.61487, -8.93354], "size": [5.21817, 1.6, 1.575], "inflate": -0.4, "pivot": [0.62336, 20.0085, -8.55224], "rotation": [-22.5, 0, 0], "uv": [188, 74]},
						{"origin": [-2.54822, 19.66487, -10.68354], "size": [5.21817, 1.3, 1.3], "inflate": -0.4, "pivot": [0.62336, 19.9585, -10.40224], "rotation": [-22.5, 0, 0], "uv": [224, 46]},
						{"origin": [-2.44504, 20.31487, -25.85854], "size": [1.24681, 4.18726, 33.26261], "inflate": -0.395, "uv": [2, 78]},
						{"origin": [-1.99504, 18.06487, 4.29146], "size": [1.84681, 6.43726, 3.11261], "inflate": -0.395, "uv": [136, 224]},
						{"origin": [0.17996, 18.06487, 4.29146], "size": [1.84681, 6.43726, 3.11261], "inflate": -0.395, "uv": [224, 142]},
						{"origin": [1.20178, 20.31487, -25.85854], "size": [1.29317, 4.18726, 33.31261], "inflate": -0.398, "uv": [74, 78]},
						{"origin": [-2.44822, 17.73987, 6.46646], "size": [4.94317, 3.38726, 1.23761], "inflate": -0.399, "uv": [224, 159]},
						{"origin": [-2.44822, 20.31487, 6.61646], "size": [3.51817, 4.18726, 1.08761], "inflate": -0.399, "uv": [228, 20]},
						{"origin": [0.27678, 20.31487, 6.61646], "size": [2.21817, 4.18726, 1.08761], "inflate": -0.399, "uv": [228, 137]},
						{"origin": [-2.54822, 22.41487, -23.03354], "size": [5.21817, 1.5, 1.5], "inflate": -0.4, "pivot": [0.62336, 22.8085, -22.65224], "rotation": [-22.5, 0, 0], "uv": [164, 74]},
						{"origin": [-2.54822, 22.41487, -25.23354], "size": [5.21817, 1.5, 1.5], "inflate": -0.4, "pivot": [0.62336, 22.8085, -24.85224], "rotation": [-22.5, 0, 0], "uv": [176, 74]},
						{"origin": [-2.54822, 22.41487, 4.96646], "size": [5.21817, 1.5, 1.5], "inflate": -0.4, "pivot": [0.62336, 22.8085, 5.34776], "rotation": [-22.5, 0, 0], "uv": [226, 38]},
						{"origin": [-2.54822, 18.51487, 3.26646], "size": [5.21817, 1.5, 1.5], "inflate": -0.4, "pivot": [0.62336, 18.9085, 3.64776], "rotation": [-22.5, 0, 0], "uv": [226, 54]},
						{"origin": [-1.10506, 21.51487, -64.45854], "size": [2.4, 2.4, 14.16261], "inflate": -0.4, "pivot": [-0.00506, 22.81487, -42.57724], "rotation": [0, 0, 22.5], "uv": [192, 105]},
						{"origin": [-1.30506, 21.31487, -54.25854], "size": [2.8, 2.8, 2.86261], "inflate": -0.4, "pivot": [-0.00506, 22.81487, -42.57724], "rotation": [0, 0, 22.5], "uv": [76, 228]},
						{"origin": [-1.30506, 24.61487, -54.25854], "size": [2.8, 2.8, 2.86261], "inflate": -0.4, "pivot": [-0.00506, 26.11487, -42.57724], "rotation": [0, 0, 22.5], "uv": [112, 228]},
						{"origin": [-1.65506, 21.76487, -54.25854], "size": [2.1, 4.075, 2.86261], "inflate": -0.4, "uv": [226, 32]},
						{"origin": [-0.35506, 22.83987, -54.25854], "size": [2.1, 4.075, 2.86261], "inflate": -0.4, "uv": [226, 48]},
						{"origin": [-1.10506, 24.81487, -64.45854], "size": [2.4, 2.4, 38.16261], "inflate": -0.4, "pivot": [-0.00506, 26.11487, -42.57724], "rotation": [0, 0, 22.5], "uv": [0, 0]},
						{"origin": [-2.44822, 23.70213, -24.03447], "size": [4.94317, 2.67318, 1.1], "inflate": -0.4, "uv": [86, 221]},
						{"origin": [-2.44822, 23.70213, -25.75947], "size": [4.94317, 1.1, 2.525], "inflate": -0.4, "uv": [212, 142]},
						{"origin": [-2.24822, 24.00213, -25.73447], "size": [4.54317, 2, 2.5], "inflate": -0.4, "uv": [144, 224]},
						{"origin": [-2.24822, 24.20213, -25.63447], "size": [4.54317, 2, 2.55], "inflate": -0.399, "pivot": [0.04836, 25.20213, -24.35947], "rotation": [12, 0, 0], "uv": [224, 151]},
						{"origin": [-2.44822, 23.70213, -25.23447], "size": [4.94317, 1.1, 2.3], "inflate": -0.402, "pivot": [0.02336, 24.25213, -23.98447], "rotation": [45, 0, 0], "uv": [220, 203]},
						{"origin": [-2.79483, 21.27469, -52.33447], "size": [5.59859, 3.22318, 27.28673], "inflate": -0.4, "uv": [128, 115]},
						{"origin": [-1.49483, 23.69969, -52.33447], "size": [3.02359, 2.12318, 27.28673], "inflate": -0.4, "uv": [128, 145]},
						{"origin": [-1.48921, 19.92469, -52.33447], "size": [3.01235, 2.17318, 27.28673], "inflate": -0.4, "uv": [144, 76]},
						{"origin": [-0.0665, 20.54969, -52.33447], "size": [2.66133, 1.92318, 27.28673], "inflate": -0.4, "pivot": [1.47513, 21.56128, -32.2411], "rotation": [0, 0, -47], "uv": [0, 147]},
						{"origin": [-2.56983, 20.54969, -52.33447], "size": [2.66133, 1.92318, 27.28673], "inflate": -0.4, "pivot": [-1.45013, 21.56128, -32.2411], "rotation": [0, 0, 47], "uv": [58, 147]},
						{"origin": [-0.0665, 23.25213, -52.33447], "size": [2.66133, 1.92318, 27.28673], "inflate": -0.4, "pivot": [1.47513, 24.16372, -32.2411], "rotation": [0, 0, 47], "uv": [152, 28]},
						{"origin": [-2.56983, 23.25213, -52.33447], "size": [2.66133, 1.92318, 27.28673], "inflate": -0.4, "pivot": [-1.45013, 24.16372, -32.2411], "rotation": [0, 0, -47], "uv": [152, 0]},
						{"origin": [-2.04822, 23.70213, -29.75947], "size": [4.14317, 4.57318, 6.83673], "inflate": -0.399, "uv": [60, 207]},
						{"origin": [-2.04822, 27.47713, -25.18447], "size": [1.34317, 1.69818, 2.26173], "inflate": -0.399, "uv": [102, 231]},
						{"origin": [0.75178, 27.47713, -25.18447], "size": [1.34317, 1.69818, 2.26173], "inflate": -0.399, "uv": [126, 231]},
						{"origin": [0.75178, 27.72713, -24.83447], "size": [1.34317, 1.82318, 1.81173], "inflate": -0.399, "pivot": [1.42336, 28.57622, -24.1536], "rotation": [45, 0, 0], "uv": [46, 234]},
						{"origin": [-2.04822, 27.72713, -24.83447], "size": [1.34317, 1.82318, 1.81173], "inflate": -0.399, "pivot": [-1.37664, 28.57622, -24.1536], "rotation": [45, 0, 0], "uv": [234, 48]},
						{"origin": [-0.93959, 24.4902, 4.03998], "size": [1.92909, 1.69534, 2.44511], "inflate": -0.4, "uv": [26, 230]},
						{"origin": [-0.93959, 24.23145, 5.45134], "size": [1.92909, 2.18204, 1.27045], "inflate": -0.4, "pivot": [0.02495, 25.33713, 5.33384], "rotation": [23, 0, 0], "uv": [188, 167]},
						{"origin": [-0.93959, 24.63145, 4.65134], "size": [1.92909, 1.78204, 1.62045], "inflate": -0.4, "pivot": [0.02495, 25.33713, 5.33384], "rotation": [23, 0, 0], "uv": [0, 233]},
						{"origin": [-0.03967, 25.88614, 4.27979], "size": [1.02925, 1.93117, 2.04379], "inflate": -0.399, "pivot": [-0.06914, 24.54303, 5.28691], "rotation": [43, 0, 0], "uv": [230, 80]},
						{"origin": [-0.93967, 25.88614, 4.27979], "size": [1.02925, 1.93117, 2.04379], "inflate": -0.399, "pivot": [-0.06914, 24.54303, 5.28691], "rotation": [43, 0, 0], "uv": [6, 231]},
						{"origin": [-0.71467, 26.78614, 4.27979], "size": [1.47925, 1.03117, 2.04379], "inflate": -0.399, "pivot": [-0.06914, 24.54303, 5.28691], "rotation": [43, 0, 0], "uv": [44, 231]},
						{"origin": [-0.71467, 25.88614, 4.27979], "size": [1.47925, 1.03117, 2.01879], "inflate": -0.399, "pivot": [-0.06914, 24.54303, 5.28691], "rotation": [43, 0, 0], "uv": [50, 231]},
						{"origin": [-0.93967, 22.46114, 4.27979], "size": [1.92925, 4.23117, 2.01879], "inflate": -0.399, "pivot": [-0.06914, 24.54303, 5.28691], "rotation": [43, 0, 0], "uv": [70, 228]},
						{"origin": [-1.23967, 23.96114, 4.77979], "size": [2.52925, 2.58117, 1.51879], "inflate": -0.397, "pivot": [-0.06914, 24.54303, 5.28691], "rotation": [43, 0, 0], "uv": [230, 83]},
						{"origin": [-0.95422, 25.46181, 2.5038], "size": [1.9438, 2.0188, 1.66879], "inflate": -0.395, "uv": [138, 220]},
						{"origin": [-0.75604, 25.66506, -27.9212], "size": [1.5438, 1.5188, 31.21879], "inflate": -0.399, "pivot": [0.01586, 26.42446, -12.31181], "rotation": [0, 0, 45], "uv": [0, 115]},
						{"origin": [-0.93967, 22.88681, 4.2788], "size": [1.92925, 2.18117, 1.99379], "inflate": -0.4, "uv": [138, 217]},
						{"origin": [1.45496, 18.21113, -25.89642], "size": [1.03998, 3.48158, 33.22992], "inflate": -0.4, "pivot": [1.5304, 19.83431, -2.81663], "rotation": [-2.75, 0, 0], "uv": [82, 2]}
					]
				},
				{
					"name": "dovetail",
					"parent": "gun",
					"pivot": [0.91881, 21.64407, 0.54693],
					"cubes": [
						{"origin": [1.50684, 19.0095, -7.82716], "size": [1.27029, 1.85836, 4.75164], "inflate": -0.401, "uv": [34, 225]},
						{"origin": [1.50676, 20.04442, -7.82724], "size": [1.27045, 1.48216, 8.98587], "inflate": -0.4, "uv": [142, 196]},
						{"origin": [1.50668, 20.70297, -11.9673], "size": [1.27062, 1.92925, 13.12602], "inflate": -0.399, "uv": [88, 193]},
						{"origin": [1.50684, 19.38587, -11.4026], "size": [1.27029, 4.37528, 1.1762], "inflate": -0.401, "pivot": [0.73063, 20.35033, -10.8145], "rotation": [-72, 0, 0], "uv": [112, 175]},
						{"origin": [1.50684, 19.47996, -12.15532], "size": [1.27029, 4.093, 1.55256], "inflate": -0.401, "pivot": [0.73063, 20.35033, -10.8145], "rotation": [-72, 0, 0], "uv": [112, 180]},
						{"origin": [1.50676, 19.57397, -11.96722], "size": [1.27045, 1.92909, 1.08227], "inflate": -0.4, "uv": [42, 234]},
						{"origin": [1.37231, 20.53848, -0.08821], "size": [1.40482, 2.07006, 2.07006], "inflate": -0.401, "pivot": [0.91881, 21.64407, 0.54693], "rotation": [-45, 0, 0], "uv": [14, 230]}
					]
				},
				{
					"name": "handle",
					"parent": "gun",
					"pivot": [0.04167, 16.07183, 5.61765],
					"cubes": [
						{"origin": [-2.10833, 13.72183, -0.33235], "size": [1.4, 3.325, 3.75], "inflate": -0.4, "uv": [44, 225]},
						{"origin": [-1.75833, 14.55855, 2.69568], "size": [3.6, 1.45, 3.225], "inflate": -0.0399, "pivot": [0.04167, 15.25855, 4.42068], "rotation": [17, 0, 0], "uv": [224, 155]},
						{"origin": [-1.75833, 15.29683, 4.11765], "size": [3.6, 1.975, 2.35], "inflate": -0.0395, "pivot": [0.04167, 16.07183, 5.61765], "rotation": [-27.5, 0, 0], "uv": [228, 25]},
						{"origin": [-1.75833, 15.22183, 1.59265], "size": [3.6, 2.6, 3.3], "inflate": -0.0402, "uv": [224, 129]},
						{"origin": [-2.13333, 14.74683, -0.30735], "size": [1.425, 2.75, 2.35], "inflate": -0.403, "pivot": [0.04167, 15.92183, 1.54265], "rotation": [-54, 0, 0], "uv": [60, 229]},
						{"origin": [-1.45833, 4.54092, 2.28984], "size": [3, 11, 5.7], "inflate": -0.037, "pivot": [0.04167, 8.64092, 3.28984], "rotation": [9.5, 0, 0], "uv": [0, 207]},
						{"origin": [-1.15833, 4.54092, 2.08984], "size": [2.4, 14.4, 4.9], "inflate": -0.04, "pivot": [0.04167, 8.64092, 3.28984], "rotation": [9.5, 0, 0], "uv": [116, 147]},
						{"origin": [-1.15833, 4.07971, 2.83605], "size": [2.4, 2, 5.65], "inflate": -0.04, "pivot": [0.04167, 11.27971, 6.03605], "rotation": [-0.5, 0, 0], "uv": [128, 160]},
						{"origin": [-1.15833, 14.44092, 0.88984], "size": [2.4, 4.725, 1.3], "inflate": -0.04, "pivot": [0.04167, 8.64092, 3.28984], "rotation": [9.5, 0, 0], "uv": [128, 155]},
						{"origin": [-1.15833, 11.26669, 0.61021], "size": [2.4, 3.525, 1.3], "inflate": -0.04, "pivot": [0.04167, 13.51669, 1.26021], "rotation": [41.5, 0, 0], "uv": [128, 151]},
						{"origin": [-1.35833, 17.04092, 4.18984], "size": [2.85, 2.05, 1.025], "inflate": -0.04, "pivot": [0.04167, 9.14092, 3.88984], "rotation": [9.5, 0, 0], "uv": [96, 231]},
						{"origin": [-1.83333, 12.63491, 0.65709], "size": [1.125, 3.375, 3.35], "inflate": -0.401, "pivot": [0.04167, 13.58491, 2.50709], "rotation": [41.5, 0, 0], "uv": [52, 225]},
						{"origin": [0.79167, 14.74683, -0.30735], "size": [1.425, 2.75, 2.35], "inflate": -0.403, "pivot": [2.96667, 15.92183, 1.54265], "rotation": [-54, 0, 0], "uv": [20, 230]},
						{"origin": [0.81667, 13.72183, -0.33235], "size": [1.4, 3.325, 3.75], "inflate": -0.4, "uv": [228, 6]},
						{"origin": [0.79167, 12.63491, 0.65709], "size": [1.125, 3.375, 3.35], "inflate": -0.401, "pivot": [2.66667, 13.58491, 2.50709], "rotation": [41.5, 0, 0], "uv": [228, 0]},
						{"origin": [-1.45833, 4.23491, 2.98209], "size": [3, 4.375, 5.925], "inflate": -0.0398, "uv": [16, 207]},
						{"origin": [-1.45833, 8.20991, 5.60709], "size": [3, 3.7, 3], "inflate": -0.0398, "pivot": [0.04167, 9.85991, 7.10709], "rotation": [11.5, 0, 0], "uv": [104, 187]},
						{"origin": [-1.45833, 10.54092, 6.68984], "size": [3, 4.1, 3], "inflate": -0.0399, "pivot": [0.04167, 7.74092, 5.18984], "rotation": [23.5, 0, 0], "uv": [130, 210]},
						{"origin": [-1.45833, 15.27183, 4.11765], "size": [3, 2, 2.8], "inflate": -0.0401, "pivot": [0.04167, 16.07183, 5.61765], "rotation": [-27.5, 0, 0], "uv": [60, 225]}
					]
				},
				{
					"name": "return_spring",
					"parent": "gun",
					"pivot": [0.01586, 46.42446, -12.31181],
					"cubes": [
						{"origin": [-0.80604, 25.61506, -27.9212], "size": [1.6438, 1.6188, 31.21879], "inflate": -0.399, "pivot": [0.01586, 26.42446, -12.31181], "rotation": [0, 0, 36.75], "uv": [64, 115]}
					]
				},
				{
					"name": "hammer_axis",
					"parent": "gun",
					"pivot": [0.62336, 20.6085, -8.55224],
					"cubes": [
						{"origin": [-1.84822, 19.41487, -9.13354], "size": [3.71817, 2, 1.975], "inflate": -0.4, "pivot": [0.62336, 20.0085, -8.55224], "rotation": [-22.5, 0, 0], "uv": [144, 228]},
						{"origin": [0.10178, 19.07564, -9.1446], "size": [1.09317, 2.375, 2.275], "inflate": -0.5, "pivot": [0.64836, 20.26314, -8.0071], "rotation": [-22.76637, -8.5404, 3.56629], "uv": [188, 229]},
						{"origin": [-1.79494, 19.07564, -9.1446], "size": [1.09317, 2.375, 2.275], "inflate": -0.5, "pivot": [-1.24836, 20.26314, -8.0071], "rotation": [-22.76637, 8.5404, -3.56629], "uv": [228, 229]},
						{"origin": [-1.49494, 19.07564, -9.1446], "size": [1.09317, 2.375, 2.275], "inflate": -0.5, "pivot": [-0.94836, 20.26314, -8.0071], "rotation": [-22.76637, 8.5404, -3.56629], "uv": [222, 229]},
						{"origin": [-1.19494, 19.07564, -9.1446], "size": [1.09317, 2.375, 2.275], "inflate": -0.5, "pivot": [-0.64836, 20.26314, -8.0071], "rotation": [-22.76637, 8.5404, -3.56629], "uv": [216, 229]},
						{"origin": [1.02678, 19.85064, -8.2946], "size": [1.09317, 1.1, 7.425], "inflate": -0.5, "pivot": [1.57336, 20.26314, -7.4071], "rotation": [-0.41642, -0.09244, -3.5773], "uv": [32, 208]},
						{"origin": [0.07678, 19.85064, -1.9696], "size": [1.96817, 1.1, 1.1], "inflate": -0.5, "pivot": [1.57336, 20.26314, -7.4071], "rotation": [-0.41642, -0.09244, -3.5773], "uv": [4, 234]},
						{"origin": [-0.93747, 18.84883, -1.97391], "size": [1.06817, 1.925, 1.1], "inflate": -0.5, "pivot": [-0.37838, 19.79883, -1.42391], "rotation": [-0.42099, 0.06868, 0.32738], "uv": [8, 234], "mirror": true},
						{"origin": [-1.91994, 19.85064, -8.2946], "size": [1.09317, 1.1, 7.425], "inflate": -0.5, "pivot": [-1.37336, 20.26314, -7.4071], "rotation": [-0.41642, 0.09244, 3.5773], "uv": [32, 208], "mirror": true},
						{"origin": [-1.84494, 19.85064, -1.9696], "size": [1.96817, 1.1, 1.1], "inflate": -0.5, "pivot": [-1.37336, 20.26314, -7.4071], "rotation": [-0.41642, 0.09244, 3.5773], "uv": [4, 234], "mirror": true},
						{"origin": [0.0693, 18.84883, -1.97391], "size": [1.06817, 1.925, 1.1], "inflate": -0.5, "pivot": [0.57838, 19.79883, -1.42391], "rotation": [-0.42099, -0.06868, -0.32738], "uv": [8, 234]},
						{"origin": [0.40178, 19.07564, -9.1446], "size": [1.09317, 2.375, 2.275], "inflate": -0.5, "pivot": [0.94836, 20.26314, -8.0071], "rotation": [-22.76637, -8.5404, 3.56629], "uv": [204, 229]},
						{"origin": [0.70178, 19.07564, -9.1446], "size": [1.09317, 2.375, 2.275], "inflate": -0.5, "pivot": [1.24836, 20.26314, -8.0071], "rotation": [-22.76637, -8.5404, 3.56629], "uv": [210, 229]},
						{"origin": [-0.74822, 19.31487, -9.23354], "size": [1.51817, 2.2, 2.175], "inflate": -0.4, "pivot": [0.62336, 20.0085, -8.55224], "rotation": [-22.5, 0, 0], "uv": [176, 229]}
					]
				},
				{
					"name": "hammer",
					"parent": "gun",
					"pivot": [-0.42336, 20.21314, -8.0071],
					"rotation": [-71, 0, 0],
					"cubes": [
						{"origin": [-0.74822, 20.22849, -8.70895], "size": [1.51817, 3.2, 1.775], "inflate": -0.4, "pivot": [0.01086, 20.22849, -8.02145], "rotation": [2.5, 0, 0], "uv": [188, 105]},
						{"origin": [-0.09822, 19.20064, -9.1446], "size": [1.09317, 3.825, 1.1], "inflate": -0.5, "pivot": [0.44836, 20.38814, -8.0071], "rotation": [-32.75019, -0.23097, 0.09567], "uv": [188, 109]},
						{"origin": [-0.74822, 21.11233, -9.75397], "size": [1.51817, 1.25, 2], "inflate": -0.4, "pivot": [0.01086, 21.83733, -7.85397], "rotation": [50, 0, 0], "uv": [152, 230]},
						{"origin": [-1.04822, 23.82849, -8.13395], "size": [2.11817, 1.9, 1], "inflate": -0.4, "pivot": [0.01086, 20.22849, -8.02145], "rotation": [2.5, 0, 0], "uv": [76, 232]},
						{"origin": [-1.04822, 24.12849, -7.90895], "size": [2.11817, 1.3, 1], "inflate": -0.4, "pivot": [0.01086, 20.22849, -8.02145], "rotation": [2.5, 0, 0], "uv": [232, 94]},
						{"origin": [-1.04822, 24.55415, -8.20807], "size": [2.11817, 1.175, 1], "inflate": -0.4, "pivot": [0.01086, 25.12915, -7.70807], "rotation": [38, 0, 0], "uv": [232, 96]},
						{"origin": [-1.04822, 24.02849, -8.03395], "size": [2.11817, 1.5, 1], "inflate": -0.4, "pivot": [0.01086, 20.22849, -8.02145], "rotation": [2.5, 0, 0], "uv": [232, 100]},
						{"origin": [-1.04822, 23.83228, -8.20137], "size": [2.11817, 1.175, 1], "inflate": -0.4, "pivot": [0.01086, 24.41978, -7.65137], "rotation": [-33, 0, 0], "uv": [232, 98]},
						{"origin": [-0.74822, 23.95349, -9.00895], "size": [1.51817, 1.525, 1.775], "inflate": -0.4, "pivot": [0.01086, 20.22849, -8.02145], "rotation": [2.5, 0, 0], "uv": [176, 233]},
						{"origin": [-0.74822, 23.7867, -9.45769], "size": [1.51817, 1.475, 1.6], "inflate": -0.4, "pivot": [0.01086, 24.5867, -8.65769], "rotation": [-36.5, 0, 0], "uv": [180, 233]},
						{"origin": [-0.74822, 22.51803, -9.71365], "size": [1.51817, 2.3, 2.15], "inflate": -0.4, "pivot": [0.01086, 23.66803, -8.46365], "rotation": [-6.25, 0, 0], "uv": [182, 229]},
						{"origin": [-0.74822, 22.06803, -9.71365], "size": [1.51817, 2.225, 1.475], "inflate": -0.4, "pivot": [0.01086, 23.36803, -8.33865], "rotation": [46.5, 0, 0], "uv": [232, 142]},
						{"origin": [-0.89822, 21.92564, -9.1446], "size": [1.81817, 1.1, 1.1], "inflate": -0.5, "pivot": [0.44836, 20.38814, -8.0071], "rotation": [-32.75019, -0.23097, 0.09567], "uv": [204, 233]},
						{"origin": [-0.96994, 19.20064, -9.1446], "size": [1.09317, 3.825, 1.1], "inflate": -0.5, "pivot": [-0.42336, 20.38814, -8.0071], "rotation": [-32.75019, 0.23097, -0.09567], "uv": [188, 163]}
					]
				},
				{
					"name": "selftimer_sear",
					"parent": "gun",
					"pivot": [0.3909, 20.17291, -9.92296],
					"cubes": [
						{"origin": [0.20178, 19.30064, -10.6946], "size": [1.09317, 1.65, 1.625], "inflate": -0.5, "pivot": [0.74836, 20.26314, -9.8071], "rotation": [-22.41338, -2.08604, -3.7372], "uv": [208, 233]},
						{"origin": [-0.03967, 19.83967, -10.33627], "size": [1.09317, 2.05, 1.1], "inflate": -0.5, "pivot": [0.50691, 20.93967, -9.78627], "rotation": [24.83662, -2.08604, -3.7372], "uv": [112, 232]},
						{"origin": [-0.16467, 20.78967, -10.33627], "size": [1.14317, 1.1, 1.1], "inflate": -0.5, "pivot": [0.50691, 20.93967, -9.78627], "rotation": [24.83662, -2.08604, -3.7372], "uv": [232, 233]},
						{"origin": [0.00178, 19.30064, -10.1696], "size": [1.09317, 1.725, 1.1], "inflate": -0.5, "pivot": [0.54836, 20.26314, -9.8071], "rotation": [-22.41338, -2.08604, -3.7372], "uv": [228, 233]},
						{"origin": [0.40178, 19.30064, -10.6946], "size": [1.09317, 1.65, 1.625], "inflate": -0.5, "pivot": [0.94836, 20.26314, -9.8071], "rotation": [-22.41338, -2.08604, -3.7372], "uv": [212, 233]},
						{"origin": [0.62678, 19.30064, -10.6946], "size": [1.09317, 1.65, 1.625], "inflate": -0.5, "pivot": [1.17336, 20.26314, -9.8071], "rotation": [-22.41338, -2.08604, -3.7372], "uv": [216, 233]},
						{"origin": [0.82678, 19.30064, -10.6946], "size": [1.09317, 1.65, 1.625], "inflate": -0.5, "pivot": [1.37336, 20.26314, -9.8071], "rotation": [-22.41338, -2.08604, -3.7372], "uv": [220, 233]},
						{"origin": [1.02678, 19.30064, -10.6946], "size": [1.09317, 1.65, 1.625], "inflate": -0.5, "pivot": [1.57336, 20.26314, -9.8071], "rotation": [-22.41338, -2.08604, -3.7372], "uv": [224, 233]},
						{"origin": [-0.74822, 18.90861, -10.75587], "size": [1.51817, 2.8, 1.9], "inflate": -0.4, "pivot": [0.01086, 19.88361, -9.95587], "rotation": [-2.5, 0, 0], "uv": [232, 102]},
						{"origin": [-0.74822, 20.90861, -10.23087], "size": [1.51817, 1.125, 1.95], "inflate": -0.4, "pivot": [0.01086, 19.88361, -9.95587], "rotation": [-2.5, 0, 0], "uv": [184, 233]},
						{"origin": [-2.02322, 18.75703, -15.22051], "size": [1.01817, 2.1, 5.8], "inflate": -0.4, "pivot": [-1.52664, 20.14482, -9.91762], "rotation": [-47.5, 0, 0], "uv": [100, 224]},
						{"origin": [-0.74822, 20.88147, -10.68719], "size": [1.51817, 1.125, 1.425], "inflate": -0.4, "pivot": [0.01086, 21.44397, -9.74969], "rotation": [29.25, 0, 0], "uv": [200, 233]},
						{"origin": [-0.74822, 19.08147, -11.71219], "size": [1.51817, 1.125, 1.875], "inflate": -0.4, "pivot": [0.01086, 19.64397, -10.59969], "rotation": [-29.25, 0, 0], "uv": [188, 233]},
						{"origin": [-0.74822, 19.29198, -11.33987], "size": [1.51817, 1.125, 1.875], "inflate": -0.4, "pivot": [0.01086, 19.85448, -10.40237], "rotation": [2.25, 0, 0], "uv": [192, 233]},
						{"origin": [-0.74822, 19.34198, -10.86487], "size": [1.51817, 1.125, 1.4], "inflate": -0.4, "pivot": [0.01086, 19.90448, -10.40237], "rotation": [31.75, 0, 0], "uv": [196, 233]}
					]
				},
				{
					"name": "trigger_mechanism",
					"parent": "gun",
					"pivot": [-0.6304, 19.28431, -3.46663],
					"cubes": [
						{"origin": [-1.02777, 16.51577, -6.17503], "size": [2.10545, 1.32475, 2.7], "inflate": -0.4, "pivot": [0.02495, 16.77291, -3.75735], "rotation": [-86.75, 0, 0], "uv": [228, 134]},
						{"origin": [-1.02777, 15.50467, -4.07403], "size": [2.10545, 2.07475, 1.25], "inflate": -0.4, "pivot": [0.02495, 16.77291, -3.75735], "rotation": [-23.25, 0, 0], "uv": [230, 74]},
						{"origin": [-1.02777, 14.63899, -3.57989], "size": [2.10545, 2.14975, 1.15], "inflate": -0.4, "pivot": [0.02495, 16.77291, -3.75735], "rotation": [-58.75, 0, 0], "uv": [230, 77]},
						{"origin": [-1.02777, 17.56028, -4.77588], "size": [2.10545, 1.87475, 1.975], "inflate": -0.4, "pivot": [0.02495, 18.57265, -3.65088], "rotation": [-140, 0, 0], "uv": [164, 231]},
						{"origin": [0.22996, 18.61113, -4.94642], "size": [1.06498, 1.58158, 4.67992], "inflate": -0.4, "uv": [204, 224]},
						{"origin": [0.22996, 18.83613, -6.02142], "size": [1.06498, 1.65658, 2.50492], "inflate": -0.4, "pivot": [0.78745, 19.40192, -4.78146], "rotation": [-36, 0, 0], "uv": [84, 230]},
						{"origin": [0.22996, 19.36113, -5.94642], "size": [1.06498, 2.70658, 1.77992], "inflate": -0.4, "uv": [56, 231]},
						{"origin": [-1.09504, 18.83613, -6.02142], "size": [1.06498, 1.65658, 2.50492], "inflate": -0.4, "pivot": [-0.53755, 19.40192, -4.78146], "rotation": [-36, 0, 0], "uv": [194, 230]},
						{"origin": [-1.09504, 21.08613, -4.97142], "size": [1.06498, 1.25658, 1.32992], "inflate": -0.4, "uv": [16, 234]},
						{"origin": [-1.09504, 21.26113, -5.94642], "size": [1.06498, 1.08158, 1.77992], "inflate": -0.4, "uv": [12, 234]},
						{"origin": [-1.09504, 19.36113, -5.94642], "size": [1.06498, 2.70658, 1.77992], "inflate": -0.4, "uv": [116, 232]},
						{"origin": [0.22996, 21.26113, -5.94642], "size": [1.06498, 1.08158, 1.77992], "inflate": -0.4, "uv": [34, 233]},
						{"origin": [0.22996, 21.08613, -4.97142], "size": [1.06498, 1.25658, 1.32992], "inflate": -0.4, "uv": [30, 233]},
						{"origin": [-1.09494, 18.61113, -5.29642], "size": [1.06498, 1.58158, 5.02992], "inflate": -0.4, "uv": [224, 105]}
					]
				},
				{
					"name": "sear",
					"parent": "trigger_mechanism",
					"pivot": [9.88745, 19.1121, -2.33783],
					"cubes": [
						{"origin": [-0.77486, 18.0745, -3.80107], "size": [1.73899, 2.58895, 1.80795], "inflate": -0.4, "pivot": [-0.26537, 20.11897, -2.6421], "rotation": [79, 0, 0], "uv": [132, 231]},
						{"origin": [-0.77486, 18.8845, -2.79607], "size": [1.73899, 1.77895, 1.40295], "inflate": -0.4, "pivot": [-0.26537, 20.11897, -2.6421], "rotation": [79, 0, 0], "uv": [82, 233]},
						{"origin": [-0.77486, 19.25111, -2.66044], "size": [1.73899, 1.05895, 1.29795], "inflate": -0.4, "pivot": [-0.26537, 20.14058, -2.03397], "rotation": [115.5, 0, 0], "uv": [144, 233]},
						{"origin": [-0.77486, 19.8595, -2.42107], "size": [1.73899, 1.20895, 1.13295], "inflate": -0.4, "pivot": [-0.26537, 20.11897, -2.6421], "rotation": [79, 0, 0], "uv": [86, 233]},
						{"origin": [-0.77486, 20.48836, -3.30697], "size": [1.73899, 1.20895, 1.26795], "inflate": -0.4, "pivot": [-0.26537, 21.09283, -2.7405], "rotation": [35.25, 0, 0], "uv": [90, 233]},
						{"origin": [-0.77486, 20.46497, -3.00364], "size": [1.73899, 1.37395, 1.34295], "inflate": -0.4, "pivot": [-0.26537, 21.17981, -2.33794], "rotation": [1, 0, 0], "uv": [136, 233]},
						{"origin": [-0.77486, 20.60449, -2.65245], "size": [1.73899, 1.20895, 1.16295], "inflate": -0.4, "pivot": [-0.26537, 21.17981, -2.12794], "rotation": [-42.75, 0, 0], "uv": [120, 233]},
						{"origin": [-0.77486, 20.34808, -2.4528], "size": [1.73899, 1.14895, 1.22295], "inflate": -0.4, "pivot": [-0.26537, 20.96756, -1.85632], "rotation": [-70.5, 0, 0], "uv": [140, 233]},
						{"origin": [-0.77486, 17.3995, -3.80107], "size": [1.73899, 1.47895, 1.37295], "inflate": -0.4, "pivot": [-0.26537, 20.11897, -2.6421], "rotation": [79, 0, 0], "uv": [60, 233]},
						{"origin": [-0.77486, 19.3204, -3.94344], "size": [1.73899, 1.11895, 2.00295], "inflate": -0.4, "pivot": [-0.4946, 19.35931, -2.88337], "rotation": [18, 0, 0], "uv": [90, 230]},
						{"origin": [-0.77486, 19.08145, -3.57876], "size": [1.73899, 1.31395, 1.38795], "inflate": -0.4, "pivot": [-0.26537, 19.63342, -3.10228], "rotation": [-62.5, 0, 0], "uv": [148, 233]},
						{"origin": [-0.77486, 18.58645, -4.34376], "size": [1.73899, 1.29895, 1.31295], "inflate": -0.4, "pivot": [-0.26537, 19.39342, -3.88228], "rotation": [-62.5, 0, 0], "uv": [152, 233]},
						{"origin": [-0.77486, 18.7345, -5.10607], "size": [1.73899, 1.13395, 1.98795], "inflate": -0.4, "pivot": [-0.26537, 19.29397, -4.1871], "rotation": [33.25, 0, 0], "uv": [38, 233]},
						{"origin": [-0.77486, 17.82651, -5.02712], "size": [1.73899, 2.46895, 1.05795], "inflate": -0.4, "pivot": [-0.26537, 19.33098, -4.13065], "rotation": [83.75, 0, 0], "uv": [108, 231]},
						{"origin": [-0.77486, 17.68689, -3.08287], "size": [1.73899, 2.07895, 1.14795], "inflate": -0.4, "pivot": [-0.26537, 18.92136, -2.70389], "rotation": [122, 0, 0], "uv": [66, 232]},
						{"origin": [-0.77486, 18.70559, -3.51584], "size": [1.73899, 1.16395, 1.14795], "inflate": -0.4, "pivot": [-0.26537, 18.93506, -2.94186], "rotation": [107, 0, 0], "uv": [156, 233]},
						{"origin": [-0.77486, 18.25003, -4.10793], "size": [1.73899, 1.07395, 1.13295], "inflate": -0.4, "pivot": [-0.26537, 18.832, -3.53396], "rotation": [73.5, 0, 0], "uv": [160, 233]},
						{"origin": [-0.77486, 18.38006, -4.20942], "size": [1.73899, 1.02895, 1.05795], "inflate": -0.4, "pivot": [-0.26537, 18.87203, -3.64294], "rotation": [54.75, 0, 0], "uv": [164, 233]}
					]
				},
				{
					"name": "bone",
					"parent": "gun",
					"pivot": [0.02495, 14.85424, -10.03958],
					"cubes": [
						{"origin": [-1.02777, 14.21796, -2.17916], "size": [2.10545, 2.14975, 1], "inflate": -0.4, "pivot": [1.5304, 19.60931, 5.78337], "rotation": [-2, 0, 0], "uv": [38, 230]},
						{"origin": [-1.02777, 15.34296, -1.97916], "size": [2.10545, 1.02475, 2.1], "inflate": -0.4, "pivot": [1.5304, 19.60931, 5.78337], "rotation": [-2, 0, 0], "uv": [228, 206]},
						{"origin": [-1.02777, 13.02497, -3.21802], "size": [2.10545, 1.77475, 1], "inflate": -0.4, "pivot": [0.02495, 14.28735, -2.71802], "rotation": [-81.25, 0, 0], "uv": [144, 231]},
						{"origin": [-1.02777, 13.66194, -2.66511], "size": [2.10545, 1.84975, 1], "inflate": -0.4, "pivot": [0.02495, 14.67432, -2.16511], "rotation": [-51.25, 0, 0], "uv": [158, 231]},
						{"origin": [-1.02777, 13.37518, -7.1851], "size": [2.10545, 5.12475, 1], "inflate": -0.4, "pivot": [0.02495, 14.65956, -6.97435], "rotation": [-93.75, 0, 0], "uv": [156, 224]},
						{"origin": [-1.02777, 14.79806, -8.16108], "size": [2.10545, 1.42475, 1], "inflate": -0.4, "pivot": [0.02495, 14.65956, -6.97435], "rotation": [55, 0, 0], "uv": [230, 86]},
						{"origin": [-1.02777, 14.69683, -8.70041], "size": [2.10545, 1.49975, 1], "inflate": -0.4, "pivot": [0.02495, 14.65956, -6.97435], "rotation": [17.5, 0, 0], "uv": [176, 223]},
						{"origin": [-1.12777, 14.69296, -11.07916], "size": [2.30545, 4.44975, 3.05817], "inflate": -0.4, "pivot": [1.5304, 19.60931, -3.11663], "rotation": [-2, 0, 0], "uv": [126, 224]},
						{"origin": [-1.02777, 14.61796, -8.82916], "size": [2.10545, 4.44975, 1], "inflate": -0.4, "pivot": [1.5304, 19.60931, -0.86663], "rotation": [-2, 0, 0], "uv": [120, 228]},
						{"origin": [-0.93959, 14.29011, -11.51768], "size": [1.92909, 1.97613, 1.71738], "inflate": -0.4, "pivot": [0.02495, 14.5725, -9.85922], "rotation": [-59.5, 0, 0], "uv": [112, 185]},
						{"origin": [-0.93959, 13.20754, -10.51015], "size": [1.92909, 2.63476, 1.05875], "inflate": -0.4, "pivot": [0.02495, 14.85424, -10.03958], "rotation": [22.5, 0, 0], "uv": [188, 170]}
					]
				},
				{
					"name": "magazine",
					"parent": "gun",
					"pivot": [0.04836, 10.97939, -21.70194],
					"cubes": [
						{"origin": [-1.79822, 11.68115, -19.50865], "size": [3.69317, 12.28726, 7.11261], "inflate": -0.397, "pivot": [0.04836, 9.32761, -20.28763], "rotation": [-10, 0, 0], "uv": [177, 84]},
						{"origin": [-1.19822, 12.48115, -21.50865], "size": [2.49317, 11.58726, 2.81261], "inflate": -0.397, "pivot": [0.04836, 9.32761, -20.28763], "rotation": [-10, 0, 0], "uv": [210, 105]},
						{"origin": [-1.79822, 2.35044, -21.84973], "size": [3.69317, 11.23726, 7.11261], "inflate": -0.398, "pivot": [0.04836, 4.22032, -20.80739], "rotation": [-20, 0, 0], "uv": [142, 206]},
						{"origin": [-1.19822, 2.85044, -23.84973], "size": [2.49317, 10.63726, 2.81261], "inflate": -0.398, "pivot": [0.04836, 4.22032, -20.80739], "rotation": [-20, 0, 0], "uv": [104, 175]},
						{"origin": [-1.79822, -6.39361, -22.54516], "size": [3.69317, 10.68726, 7.11261], "inflate": -0.399, "pivot": [0.04836, 2.72032, -21.55739], "rotation": [-29.25, 0, 0], "uv": [162, 206]},
						{"origin": [-1.19822, -6.39361, -24.54516], "size": [2.49317, 10.58726, 2.81261], "inflate": -0.399, "pivot": [0.04836, 2.72032, -21.55739], "rotation": [-29.25, 0, 0], "uv": [196, 218]}
					]
				},
				{
					"name": "switch",
					"parent": "gun",
					"pivot": [-0.15141, 22.69077, -0.77602],
					"rotation": [12.5, 0, 0],
					"cubes": [
						{"origin": [-2.62156, 23.4256, -12.93193], "size": [1.15896, 1.64123, 9.9862], "inflate": -0.395, "uv": [192, 135]},
						{"origin": [-2.62148, 22.60069, -4.0929], "size": [1.1588, 2.46607, 2.38652], "inflate": -0.399, "pivot": [-1.79799, 24.24327, -3.50464], "rotation": [-46.5, 0, 0], "uv": [228, 209]},
						{"origin": [-2.6214, 22.29077, -13.11995], "size": [1.15863, 1.71, 11.21496], "inflate": -0.398, "pivot": [-1.79799, 23.20827, -7.19769], "rotation": [-12, 0, 0], "uv": [182, 206]},
						{"origin": [-2.6214, 21.44077, -7.06995], "size": [1.15863, 1.635, 2.56496], "inflate": -0.4, "pivot": [-1.79799, 22.20827, -7.19769], "rotation": [-12, 0, 0], "uv": [195, 214]},
						{"origin": [-3.09185, 22.29077, -13.11995], "size": [1.62909, 1.0163, 2.56272], "inflate": -0.4, "pivot": [-1.79799, 23.20827, -7.19769], "rotation": [-12, 0, 0], "uv": [32, 230]},
						{"origin": [-3.09185, 19.99077, -7.21995], "size": [1.62909, 1.0163, 2.56272], "inflate": -0.4, "pivot": [-1.79799, 20.90827, -1.29769], "rotation": [-12, 0, 0], "uv": [32, 230]},
						{"origin": [-2.6214, 23.12577, -8.94178], "size": [1.15863, 1.6909, 7.0368], "inflate": -0.4, "pivot": [-1.79799, 23.20827, -7.19769], "rotation": [-12, 0, 0], "uv": [98, 207]},
						{"origin": [-2.62148, 21.27922, -2.96382], "size": [1.1588, 2.84663, 2.75254], "inflate": -0.399, "uv": [228, 213]},
						{"origin": [-1.97148, 20.82922, -1.51382], "size": [1.8588, 2.82163, 1.40254], "inflate": -0.399, "pivot": [1.25792, 22.84003, -0.71255], "rotation": [-2.75, 0, 0], "uv": [66, 229]},
						{"origin": [0.42852, 21.22922, -1.51382], "size": [1.7588, 2.42163, 1.40254], "inflate": -0.399, "pivot": [1.25792, 22.84003, -0.71255], "rotation": [-2.75, 0, 0], "uv": [200, 230]},
						{"origin": [-0.92148, 19.72922, -1.51382], "size": [2.1588, 3.22163, 1.40254], "inflate": -0.399, "pivot": [1.25792, 22.84003, -0.71255], "rotation": [-2.75, 0, 0], "uv": [170, 229]},
						{"origin": [-0.48144, 21.50032, -1.51054], "size": [1.9838, 1.92163, 1.40254], "inflate": -0.401, "pivot": [1.25792, 22.84003, -0.71255], "rotation": [-2.30687, -1.49735, -32.96985], "uv": [26, 233]},
						{"origin": [-2.6214, 21.32634, -1.83465], "size": [1.15863, 2.23488, 2.23488], "inflate": -0.4, "pivot": [-1.79799, 22.70253, -0.97596], "rotation": [45, 0, 0], "uv": [0, 229]},
						{"origin": [-2.80958, 21.32634, -1.83465], "size": [1.64681, 1.67034, 1.67034], "inflate": -0.4, "pivot": [-1.79799, 22.70253, -1.5405], "rotation": [45, 0, 0], "uv": [188, 113]}
					]
				},
				{
					"name": "action",
					"parent": "gun",
					"pivot": [-0.66721, 31.40033, -18.39122],
					"cubes": [
						{"origin": [-1.00506, 24.91487, -37.45854], "size": [2.2, 2.2, 11.16261], "inflate": -0.4, "pivot": [-0.00506, 26.11487, -42.57724], "rotation": [0, 0, 22.5], "uv": [42, 25]},
						{"origin": [-0.95604, 22.56506, -12.9212], "size": [1.7438, 1.7188, 3.91879], "inflate": -0.399, "pivot": [0.01586, 23.32446, -12.31181], "rotation": [0, 0, 45], "uv": [72, 217]},
						{"origin": [-0.36914, 24.23724, -24.34765], "size": [1.79181, 2.49363, 13.19042], "inflate": -0.4, "pivot": [0.5954, 23.5552, -16.50859], "rotation": [0, 0, -45], "uv": [192, 191]},
						{"origin": [-0.41722, 25.14404, -13.58123], "size": [1.44908, 1.99818, 1.6919], "inflate": -0.405, "pivot": [0.05732, 26.63063, -12.73528], "rotation": [30.80868, 22.52621, -32.71851], "uv": [234, 35]},
						{"origin": [-0.10743, 26.22977, -13.3308], "size": [1.71681, 1.09363, 1.31542], "inflate": -0.4, "pivot": [0.70097, 26.77659, -12.76059], "rotation": [0, -28.75, 45], "uv": [234, 33]},
						{"origin": [0.58264, 26.2397, -13.04765], "size": [1.04181, 1.09363, 1.24042], "inflate": -0.4, "pivot": [0.69104, 26.78652, -18.63994], "rotation": [0, 0, 45], "uv": [234, 31]},
						{"origin": [-1.32267, 24.23724, -24.34765], "size": [1.79181, 2.49363, 13.19042], "inflate": -0.4, "pivot": [-0.4954, 23.5552, -16.50859], "rotation": [0, 0, 45], "uv": [32, 193]},
						{"origin": [-1.50937, 26.22977, -13.3308], "size": [1.71681, 1.09363, 1.31542], "inflate": -0.4, "pivot": [-0.60097, 26.77659, -12.76059], "rotation": [0, 28.75, -45], "uv": [152, 228]},
						{"origin": [-1.52444, 26.2397, -29.64765], "size": [1.86681, 1.09363, 17.39042], "inflate": -0.4, "pivot": [-0.59104, 26.78652, -18.63994], "rotation": [0, 0, -45], "uv": [152, 56]},
						{"origin": [-1.52444, 26.2397, -13.04765], "size": [1.04181, 1.09363, 1.24042], "inflate": -0.4, "pivot": [-0.59104, 26.78652, -18.63994], "rotation": [0, 0, -45], "uv": [20, 234]},
						{"origin": [-0.72444, 26.5647, -29.64765], "size": [1.54181, 1.09363, 17.39042], "inflate": -0.4, "uv": [188, 145]},
						{"origin": [-0.82444, 22.3897, -21.34765], "size": [1.64181, 1.11863, 10.19042], "inflate": -0.4, "uv": [206, 206]},
						{"origin": [-0.82444, 21.6647, -17.34765], "size": [1.64181, 1.84363, 4.09042], "inflate": -0.4, "uv": [224, 224]},
						{"origin": [-0.82444, 24.3397, -12.09765], "size": [1.64181, 2.96863, 1.79042], "inflate": -0.4, "pivot": [-0.00354, 25.26152, -13.85244], "rotation": [-77, 0, 0], "uv": [232, 145]},
						{"origin": [-0.82444, 24.3397, -20.26777], "size": [1.64181, 2.96863, 1.79042], "inflate": -0.4, "pivot": [-0.00354, 25.26152, -16.72256], "rotation": [77, 0, 0], "uv": [232, 148]},
						{"origin": [0.38278, 24.78304, -24.34765], "size": [1.19908, 2.12318, 12.6419], "inflate": -0.4, "uv": [204, 74]},
						{"origin": [-1.48186, 25.38304, -29.64765], "size": [1.19908, 1.52318, 6.1419], "inflate": -0.4, "uv": [124, 217]},
						{"origin": [0.38278, 25.38304, -29.64765], "size": [1.19908, 1.52318, 6.1419], "inflate": -0.4, "uv": [110, 217]},
						{"origin": [-0.44222, 23.70804, -20.84765], "size": [2.69908, 1.82318, 9.6919], "inflate": -0.4, "uv": [144, 105]},
						{"origin": [-1.44222, 23.70804, -24.34765], "size": [2.69908, 1.92318, 13.1919], "inflate": -0.405, "pivot": [-0.99375, 24.61963, -17.7517], "rotation": [0, 0, 57], "uv": [192, 177]},
						{"origin": [-1.25686, 23.70804, -20.84765], "size": [2.69908, 1.92318, 9.6919], "inflate": -0.405, "pivot": [0.99375, 24.61963, -17.7517], "rotation": [0, 0, -57], "uv": [166, 105]},
						{"origin": [-2.17267, 26.83724, -29.64765], "size": [1.86681, 1.09363, 17.39042], "inflate": -0.4, "pivot": [-0.9954, 24.7552, -16.50859], "rotation": [0, 0, 45], "uv": [188, 56]},
						{"origin": [-0.72444, 24.64167, -29.34765], "size": [1.54181, 1.09363, 17.09042], "inflate": -0.4, "uv": [120, 178]},
						{"origin": [-1.52444, 24.96667, -29.64765], "size": [1.86681, 1.09363, 17.39042], "inflate": -0.4, "pivot": [-0.59104, 25.51348, -18.63994], "rotation": [0, 0, 45], "uv": [68, 175]},
						{"origin": [-2.17267, 24.36913, -29.64765], "size": [1.86681, 1.09363, 17.39042], "inflate": -0.4, "pivot": [-0.9954, 27.5448, -16.50859], "rotation": [0, 0, -45], "uv": [32, 175]},
						{"origin": [-2.15686, 23.70804, -24.34765], "size": [2.52408, 1.82318, 13.1919], "inflate": -0.4, "uv": [192, 163]},
						{"origin": [-1.48186, 24.73304, -24.34765], "size": [3.04908, 1.47318, 13.1919], "inflate": -0.4, "uv": [192, 121]},
						{"origin": [-0.65686, 23.70804, -14.14765], "size": [1.42408, 1.82318, 4.5919], "inflate": -0.4, "uv": [214, 224]},
						{"origin": [-0.65686, 24.18304, -14.99765], "size": [1.42408, 1.82318, 5.3919], "inflate": -0.4, "pivot": [0.05518, 25.09463, -12.7017], "rotation": [-10, 0, 0], "uv": [224, 111]},
						{"origin": [-1.48186, 24.78304, -24.34765], "size": [1.19908, 2.12318, 12.6419], "inflate": -0.4, "uv": [116, 196]},
						{"origin": [-1.48186, 25.15834, -12.72897], "size": [3.04908, 1.69818, 1.6919], "inflate": -0.4, "pivot": [-0.88232, 25.51993, -11.88302], "rotation": [37.5, 0, 0], "uv": [162, 229]},
						{"origin": [-0.73186, 26.05834, -12.72897], "size": [1.54908, 1.72318, 1.6919], "inflate": -0.405, "pivot": [-0.88232, 25.51993, -11.88302], "rotation": [37.5, 0, 0], "uv": [168, 233]},
						{"origin": [-0.93186, 25.14404, -13.58123], "size": [1.44908, 1.99818, 1.6919], "inflate": -0.405, "pivot": [0.04268, 26.63063, -12.73528], "rotation": [30.80868, -22.52621, 32.71851], "uv": [172, 233]},
						{"origin": [-3.07957, 23.71619, -23.39631], "size": [1.82179, 1.51503, 1.44693], "inflate": -0.4, "uv": [200, 74]},
						{"origin": [-5.32957, 23.71619, -23.12131], "size": [3.12179, 1.81503, 1.04693], "inflate": -0.4, "pivot": [-3.36868, 24.6237, -22.79784], "rotation": [0, -10, 0], "uv": [6, 229]}
					]
				},
				{
					"name": "stock",
					"parent": "gun",
					"pivot": [0.07336, 20.7835, 10.21026],
					"cubes": [
						{"origin": [-1.05406, 18.60653, 11.82434], "size": [2.25485, 4.35393, 4.37184], "inflate": -0.399, "uv": [116, 165]},
						{"origin": [-1.05406, 18.60653, 6.82434], "size": [2.25485, 4.35393, 5.79684], "inflate": -0.399, "pivot": [0.07336, 20.7835, 6.61026], "rotation": [0, 0, -45], "uv": [44, 216]},
						{"origin": [-1.05406, 18.60653, 6.82434], "size": [2.25485, 4.35393, 5.79684], "inflate": -0.399, "pivot": [0.07336, 20.7835, 6.61026], "rotation": [0, 0, 45], "uv": [30, 216]},
						{"origin": [-1.05406, 18.60653, 6.82434], "size": [2.25485, 4.35393, 5.79684], "inflate": -0.399, "pivot": [0.07336, 20.7835, 6.61026], "rotation": [0, 0, -90], "uv": [16, 216]},
						{"origin": [-1.05406, 18.60653, 6.82434], "size": [2.25485, 4.35393, 5.79684], "inflate": -0.399, "uv": [96, 215]},
						{"origin": [-1.05406, 22.20653, 15.19934], "size": [2.25485, 1.95393, 5.87184], "inflate": -0.399, "pivot": [0.07336, 21.9835, 20.06026], "rotation": [12.19872, 11.93126, -43.72048], "uv": [162, 223]},
						{"origin": [-1.05406, 22.20653, 15.19934], "size": [2.25485, 1.95393, 5.87184], "inflate": -0.399, "pivot": [0.07336, 21.9835, 20.06026], "rotation": [12.19872, -11.93126, 43.72048], "uv": [0, 223]},
						{"origin": [-1.05406, 21.50653, 15.17434], "size": [2.25485, 2.65393, 5.89684], "inflate": -0.399, "pivot": [0.07336, 21.9835, 20.06026], "rotation": [17, 0, 0], "uv": [182, 218]},
						{"origin": [-2.10406, 14.20044, 26.03067], "size": [4.35485, 1.60393, 4.04684], "inflate": -0.399, "pivot": [0.07336, 14.73722, 26.93769], "rotation": [0.75, 0, 0], "uv": [222, 163]},
						{"origin": [-2.10406, 22.45152, 29.45225], "size": [4.35485, 4.85393, 3.09684], "inflate": -0.399, "pivot": [0.07336, 20.75349, 31.00067], "rotation": [2.5, 0, 0], "uv": [222, 168]},
						{"origin": [-2.10406, 14.29455, 29.47725], "size": [4.35485, 5.02893, 3.09684], "inflate": -0.399, "pivot": [0.07336, 21.02151, 31.02567], "rotation": [-2.5, 0, 0], "uv": [58, 217]},
						{"origin": [-2.10406, 18.45152, 29.37725], "size": [4.35485, 4.85393, 3.09684], "inflate": -0.399, "uv": [222, 175]},
						{"origin": [-1.47139, 12.97758, 26.03067], "size": [2.25485, 1.95393, 6.24684], "inflate": -0.399, "pivot": [0.07336, 14.73722, 26.93769], "rotation": [0.53035, -0.53032, 44.99755], "uv": [80, 214]},
						{"origin": [-0.63674, 12.97758, 26.03067], "size": [2.25485, 1.95393, 6.24684], "inflate": -0.399, "pivot": [0.07336, 14.73722, 26.93769], "rotation": [0.53035, 0.53032, -44.99755], "uv": [212, 135]},
						{"origin": [-1.05406, 13.15044, 26.00567], "size": [2.25485, 2.65393, 6.27184], "inflate": -0.395, "pivot": [0.07336, 14.73722, 26.93769], "rotation": [0.75, 0, 0], "uv": [210, 32]},
						{"origin": [-2.10406, 15.00044, 23.55567], "size": [4.35485, 1.60393, 3.84684], "inflate": -0.399, "pivot": [0.07336, 15.53722, 24.46269], "rotation": [-20.25, 0, 0], "uv": [224, 117]},
						{"origin": [-1.47139, 13.77758, 23.55567], "size": [2.25485, 1.95393, 3.84684], "inflate": -0.399, "pivot": [0.07336, 15.53722, 24.46269], "rotation": [-14.62065, 14.16657, 43.17346], "uv": [226, 16]},
						{"origin": [-0.63674, 13.77758, 23.55567], "size": [2.25485, 1.95393, 3.84684], "inflate": -0.399, "pivot": [0.07336, 15.53722, 24.46269], "rotation": [-14.62065, -14.16657, -43.17346], "uv": [226, 12]},
						{"origin": [-1.05406, 13.95044, 23.53067], "size": [2.25485, 2.65393, 3.87184], "inflate": -0.395, "pivot": [0.07336, 15.53722, 24.46269], "rotation": [-20.25, 0, 0], "uv": [24, 225]},
						{"origin": [-2.10406, 18.80706, 15.52955], "size": [4.35485, 1.60393, 5.82184], "inflate": -0.399, "pivot": [0.07336, 19.60903, 18.61547], "rotation": [-17, 0, 0], "uv": [210, 26]},
						{"origin": [-2.10406, 19.65823, 15.66219], "size": [4.35485, 2.12893, 5.69684], "inflate": -0.395, "uv": [80, 207]},
						{"origin": [-2.10406, 20.98323, 17.98719], "size": [4.35485, 1.65393, 3.37184], "inflate": -0.395, "uv": [224, 121]},
						{"origin": [-2.10406, 18.83323, 17.98719], "size": [4.35485, 1.62893, 3.37184], "inflate": -0.395, "uv": [224, 125]},
						{"origin": [-2.10406, 16.69129, 19.33543], "size": [4.35485, 1.60393, 5.87184], "inflate": -0.399, "pivot": [0.07336, 16.96899, 22.2651], "rotation": [-41.25, 0, 0], "uv": [210, 20]},
						{"origin": [-1.65458, 15.39254, 19.33543], "size": [2.25485, 1.95393, 5.87184], "inflate": -0.399, "pivot": [0.07336, 16.96899, 22.2651], "rotation": [-31.80371, 27.78972, 36.9373], "uv": [224, 88]},
						{"origin": [-0.45354, 15.39254, 19.33543], "size": [2.25485, 1.95393, 5.87184], "inflate": -0.399, "pivot": [0.07336, 16.96899, 22.2651], "rotation": [-31.80371, -27.78972, -36.9373], "uv": [86, 224]},
						{"origin": [-1.05406, 15.64129, 19.31043], "size": [2.25485, 2.65393, 5.89684], "inflate": -0.395, "pivot": [0.07336, 16.96899, 22.2651], "rotation": [-41.25, 0, 0], "uv": [72, 221]},
						{"origin": [-1.05406, 17.33953, 15.19934], "size": [2.25485, 1.95393, 5.87184], "inflate": -0.399, "pivot": [0.07336, 19.5165, 20.06026], "rotation": [-12.19872, 11.93126, 43.72048], "uv": [224, 68]},
						{"origin": [-1.05406, 17.33953, 15.19934], "size": [2.25485, 1.95393, 5.87184], "inflate": -0.399, "pivot": [0.07336, 19.5165, 20.06026], "rotation": [-12.19872, -11.93126, -43.72048], "uv": [224, 62]},
						{"origin": [-1.05406, 17.33953, 15.17434], "size": [2.25485, 2.65393, 5.89684], "inflate": -0.399, "pivot": [0.07336, 19.5165, 20.06026], "rotation": [-17, 0, 0], "uv": [220, 217]},
						{"origin": [-1.65458, 24.15353, 19.33543], "size": [2.25485, 1.95393, 5.87184], "inflate": -0.399, "pivot": [0.07336, 24.53101, 22.2651], "rotation": [31.80371, 27.78972, -36.9373], "uv": [224, 56]},
						{"origin": [-0.45354, 24.15353, 19.33543], "size": [2.25485, 1.95393, 5.87184], "inflate": -0.399, "pivot": [0.07336, 24.53101, 22.2651], "rotation": [31.80371, -27.78972, 36.9373], "uv": [224, 40]},
						{"origin": [-1.05406, 23.20478, 19.31043], "size": [2.25485, 2.65393, 5.89684], "inflate": -0.395, "pivot": [0.07336, 24.53101, 22.2651], "rotation": [41.25, 0, 0], "uv": [220, 191]},
						{"origin": [-2.10406, 24.89563, 23.55567], "size": [4.35485, 1.60393, 3.84684], "inflate": -0.399, "pivot": [0.07336, 25.96278, 24.46269], "rotation": [20.25, 0, 0], "uv": [112, 224]},
						{"origin": [-1.47139, 25.76849, 23.55567], "size": [2.25485, 1.95393, 3.84684], "inflate": -0.399, "pivot": [0.07336, 25.96278, 24.46269], "rotation": [14.62065, 14.16657, -43.17346], "uv": [186, 225]},
						{"origin": [-0.63674, 25.76849, 23.55567], "size": [2.25485, 1.95393, 3.84684], "inflate": -0.399, "pivot": [0.07336, 25.96278, 24.46269], "rotation": [14.62065, -14.16657, 43.17346], "uv": [176, 225]},
						{"origin": [-1.05406, 24.89563, 23.53067], "size": [2.25485, 2.65393, 3.87184], "inflate": -0.395, "pivot": [0.07336, 25.96278, 24.46269], "rotation": [20.25, 0, 0], "uv": [14, 225]},
						{"origin": [-2.10406, 25.69563, 26.03067], "size": [4.35485, 1.60393, 4.04684], "inflate": -0.399, "pivot": [0.07336, 26.76278, 26.93769], "rotation": [-0.75, 0, 0], "uv": [220, 198]},
						{"origin": [-1.47139, 26.56849, 26.03067], "size": [2.25485, 1.95393, 6.24684], "inflate": -0.399, "pivot": [0.07336, 26.76278, 26.93769], "rotation": [-0.53035, -0.53032, -44.99755], "uv": [114, 210]},
						{"origin": [-0.63674, 26.56849, 26.03067], "size": [2.25485, 1.95393, 6.24684], "inflate": -0.399, "pivot": [0.07336, 26.76278, 26.93769], "rotation": [-0.53035, 0.53032, 44.99755], "uv": [210, 49]},
						{"origin": [-1.05406, 25.69563, 26.00567], "size": [2.25485, 2.65393, 6.27184], "inflate": -0.395, "pivot": [0.07336, 26.76278, 26.93769], "rotation": [-0.75, 0, 0], "uv": [210, 12]},
						{"origin": [-2.10406, 23.20478, 19.33543], "size": [4.35485, 1.60393, 5.87184], "inflate": -0.399, "pivot": [0.07336, 24.53101, 22.2651], "rotation": [41.25, 0, 0], "uv": [210, 0]},
						{"origin": [-2.10406, 21.08901, 15.52955], "size": [4.35485, 1.60393, 5.82184], "inflate": -0.399, "pivot": [0.07336, 21.89097, 18.61547], "rotation": [17, 0, 0], "uv": [210, 6]},
						{"origin": [-1.05406, 18.60653, 11.82434], "size": [2.25485, 4.35393, 5.47184], "inflate": -0.399, "pivot": [0.07336, 20.7835, 10.21026], "rotation": [0, 0, -90], "uv": [210, 40]},
						{"origin": [-1.05406, 18.60653, 11.82434], "size": [2.25485, 4.35393, 4.37184], "inflate": -0.399, "pivot": [0.07336, 20.7835, 10.21026], "rotation": [0, 0, 45], "uv": [48, 208]},
						{"origin": [-1.05406, 18.60653, 11.82434], "size": [2.25485, 4.35393, 4.37184], "inflate": -0.399, "pivot": [0.07336, 20.7835, 10.21026], "rotation": [0, 0, -45], "uv": [222, 182]}
					]
				},
				{
					"name": "bullet",
					"parent": "gun",
					"pivot": [0.04836, 23.64978, -17.00235],
					"cubes": [
						{"origin": [-1.2839, 19.48182, -18.9321], "size": [2.29317, 2.28726, 5.71261], "inflate": -0.397, "pivot": [-0.13732, 20.62545, -17.62579], "rotation": [0, 0, 0], "uv": [206, 217]}
					]
				},
				{
					"name": "muzzleflash",
					"parent": "main",
					"pivot": [0.04185, 22.65815, -66.99185],
					"cubes": [
						{"origin": [-0.4663, 22.15, -64.9], "size": [1.0163, 1.0163, 1.0163], "inflate": -0.4, "uv": [50, 234]}
					]
				},
				{
					"name": "scope",
					"parent": "main",
					"pivot": [0.04185, 28.75815, 6.80815],
					"cubes": [
						{"origin": [-0.4663, 28.25, 6.3], "size": [1.0163, 1.0163, 1.0163], "inflate": -0.4, "uv": [110, 215]}
					]
				},
				{
					"name": "rightarm",
					"parent": "main",
					"pivot": [-4.3, 8.8, 21.8],
					"rotation": [-101.81106, -12.40003, -2.46982],
					"cubes": [
						{"origin": [-8.3, -15.2, 17.8], "size": [8, 24, 8], "uv": [160, 174]}
					]
				},
				{
					"name": "leftarm",
					"parent": "main",
					"pivot": [10.7, 7.4, -16.7],
					"rotation": [-131.49345, -3.84346, -37.7519],
					"cubes": [
						{"origin": [6.7, -16.6, -20.7], "size": [8, 24, 8], "uv": [0, 175]}
					]
				},
				{
					"name": "_camera_",
					"pivot": [6.825, 33.725, 26.45]
				}
			]
		}
	]
}