{
	"format_version": "1.12.0",
	"minecraft:geometry": [
		{
			"description": {
				"identifier": "geometry.unknown",
				"texture_width": 64,
				"texture_height": 64,
				"visible_bounds_width": 8,
				"visible_bounds_height": 3.5,
				"visible_bounds_offset": [0, 1.25, 0]
			},
			"bones": [
				{
					"name": "main",
					"pivot": [-0.00031, 18.00296, -33.55779],
					"cubes": [
						{"origin": [-1.49987, 19.77429, -25.75], "size": [3, 3, 2.5], "inflate": -0.15, "pivot": [-0.00196, 21.27429, -26.75118], "rotation": [0, 0, 45], "uv": [12, 32]},
						{"origin": [-1.29987, 19.97429, -40.45], "size": [2.6, 2.6, 16.6], "inflate": -0.15, "pivot": [-0.00196, 21.27429, -30.35118], "rotation": [0, 0, 45], "uv": [0, 0]},
						{"origin": [-0.79987, 20.47429, -40.45], "size": [1.6, 1.6, 1], "inflate": -0.14, "pivot": [-0.00196, 21.27429, -30.35118], "rotation": [0, 0, 45], "uv": [0, 0]},
						{"origin": [-1.80048, 19.77281, -40.15], "size": [3.6, 2.3, 12.7], "inflate": -0.15, "uv": [0, 18]},
						{"origin": [-1.15048, 11.47281, -34.275], "size": [2.3, 3.6, 4.275], "inflate": -0.15, "uv": [0, 32]},
						{"origin": [-1.15048, 6.97281, -34.325], "size": [2.3, 4.9, 2.275], "inflate": -0.15, "pivot": [-0.00048, 13.27281, -32.1875], "rotation": [2.5, 0, 0], "uv": [44, 0]},
						{"origin": [-1.15048, 6.97281, -32.2], "size": [2.3, 4.9, 2.275], "inflate": -0.15, "pivot": [-0.00048, 13.27281, -32.0625], "rotation": [-2.5, 0, 0], "uv": [36, 0]},
						{"origin": [-0.88933, 14.61692, -33.75], "size": [2.3, 5.5, 2.3], "inflate": -0.145, "pivot": [0, 17.42404, -32.6], "rotation": [-90, 84, -90], "uv": [22, 32]},
						{"origin": [-0.88933, 14.61692, -32.85], "size": [2.3, 5.5, 2.3], "inflate": -0.15, "pivot": [0, 17.42404, -31.7], "rotation": [90, -84, -90], "uv": [22, 39]},
						{"origin": [0.15, 19.04448, -32.58479], "size": [1, 1.7, 2.3], "inflate": -0.155, "pivot": [0, 18.99448, -31.43479], "rotation": [-90, -46, 90], "uv": [36, 15]},
						{"origin": [0.15, 19.04448, -34.01521], "size": [1, 1.7, 2.3], "inflate": -0.155, "pivot": [0, 18.99448, -32.86521], "rotation": [90, 46, 90], "uv": [36, 15]},
						{"origin": [-1.80048, 16.47281, -40.15], "size": [3.6, 3.6, 1.25], "inflate": -0.14, "uv": [36, 11]},
						{"origin": [-1.80048, 16.51384, -39.69049], "size": [3.6, 4.025, 1.3], "inflate": -0.155, "pivot": [-0.00048, 18.52634, -39.04049], "rotation": [-15, 0, 0], "uv": [36, 6]},
						{"origin": [-1.80048, 17.61384, -39.29049], "size": [3.6, 3.425, 1.3], "inflate": -0.159, "pivot": [-0.00048, 18.72634, -38.64049], "rotation": [-37, 0, 0], "uv": [12, 37]},
						{"origin": [-1.12548, 19.09781, -38.05], "size": [2.25, 1.075, 10.6], "inflate": -0.15, "uv": [30, 29]},
						{"origin": [-0.35048, 19.59781, -38.05], "size": [2.1, 1.25, 10.6], "inflate": -0.15, "pivot": [0.69952, 20.24781, -33.8], "rotation": [0, 0, 46], "uv": [30, 18]},
						{"origin": [-1.74952, 19.59781, -38.05], "size": [2.1, 1.25, 10.6], "inflate": -0.15, "pivot": [-0.69952, 20.24781, -33.8], "rotation": [0, 0, -46], "uv": [30, 40], "mirror": true}
					]
				},
				{
					"name": "_ca_suppressor",
					"pivot": [0, 21.275, -23.525],
					"cubes": [
						{"origin": [-0.5, 20.775, -24.025], "size": [1, 1, 1], "uv": [0, 39]}
					]
				},
				{
					"name": "muzzleflash",
					"pivot": [0, 22.25, -37.25],
					"cubes": [
						{"origin": [-0.5, 20.75, -41.05], "size": [1, 1, 1], "inflate": -0.4, "uv": [4, 39]}
					]
				}
			]
		}
	]
}