{
	"format_version": "1.12.0",
	"minecraft:geometry": [
		{
			"description": {
				"identifier": "geometry.unknown",
				"texture_width": 64,
				"texture_height": 64,
				"visible_bounds_width": 8,
				"visible_bounds_height": 3.5,
				"visible_bounds_offset": [0, 1.25, 0]
			},
			"bones": [
				{
					"name": "main",
					"pivot": [-0.00048, 21.27281, -32.79],
					"cubes": [
						{"origin": [-1.49987, 19.77429, -25.75], "size": [3, 3, 2.5], "inflate": -0.15, "pivot": [-0.00196, 21.27429, -26.75118], "rotation": [0, 0, 45], "uv": [42, 35]},
						{"origin": [-1.89987, 19.37429, -26.55], "size": [3.8, 3.8, 2.7], "inflate": -0.15, "pivot": [-0.00196, 21.27429, -27.35118], "rotation": [0, 0, 45], "uv": [42, 40]},
						{"origin": [-2.29987, 18.97429, -27.25], "size": [4.6, 4.6, 2], "inflate": -0.15, "pivot": [-0.00196, 21.27429, -28.75118], "rotation": [0, 0, 45], "uv": [42, 29]},
						{"origin": [-2.59987, 18.67429, -41.75], "size": [5.2, 5.2, 16], "inflate": -0.15, "pivot": [-0.00196, 21.27429, -29.25118], "rotation": [0, 0, 45], "uv": [0, 29]},
						{"origin": [-2.19987, 19.07429, -67.05], "size": [4.4, 4.4, 25.6], "inflate": -0.15, "pivot": [-0.00196, 21.27429, -29.25118], "rotation": [0, 0, 45], "uv": [0, 0]}
					]
				},
				{
					"name": "muzzleflash",
					"pivot": [0, 22.25, -63.95],
					"cubes": [
						{"origin": [-0.5, 20.75, -67.75], "size": [1, 1, 1], "inflate": -0.4, "uv": [42, 45]}
					]
				},
				{
					"name": "_ca_suppressor",
					"pivot": [0, 21.275, -23.525],
					"cubes": [
						{"origin": [-0.5, 20.775, -24.025], "size": [1, 1, 1], "uv": [46, 45]}
					]
				}
			]
		}
	]
}