{
	"format_version": "1.12.0",
	"minecraft:geometry": [
		{
			"description": {
				"identifier": "geometry.unknown",
				"texture_width": 256,
				"texture_height": 256,
				"visible_bounds_width": 8,
				"visible_bounds_height": 5,
				"visible_bounds_offset": [0, 0.5, 0]
			},
			"bones": [
				{
					"name": "_camera_",
					"pivot": [0, 0, 0]
				},
				{
					"name": "main",
					"pivot": [1, 15, 3]
				},
				{
					"name": "rightarm",
					"parent": "main",
					"pivot": [-1.88592, 11.36263, 10.32807],
					"rotation": [-101.81106, -12.40003, -2.46982],
					"cubes": [
						{"origin": [-5.88592, -0.63737, 6.32807], "size": [8, 24, 8], "uv": [0, 192]}
					]
				},
				{
					"name": "leftarm",
					"parent": "main",
					"pivot": [10.7, 11.3, -8.6],
					"rotation": [-119.61483, 1.67666, -38.31282],
					"cubes": [
						{"origin": [3.1, -1.3, -13.6], "size": [8, 24, 8], "pivot": [10.1, 10.7, -12.6], "rotation": [1.21229, -21.82703, 8.4953], "uv": [0, 224]}
					]
				},
				{
					"name": "muzzleflash",
					"parent": "main",
					"pivot": [0, 24.35, -68.25],
					"cubes": [
						{"origin": [-0.515, 19.85, -21.25], "size": [1, 1, 1], "inflate": -0.4, "uv": [116, 112]}
					]
				},
				{
					"name": "scope",
					"parent": "main",
					"pivot": [0, 32.55, 4.75],
					"cubes": [
						{"origin": [-0.513, 23.8, 11.45], "size": [1, 1, 1], "inflate": -0.4, "uv": [124, 78]}
					]
				},
				{
					"name": "gun",
					"parent": "main",
					"pivot": [0, 39.5, 16.3]
				},
				{
					"name": "magazine",
					"parent": "gun",
					"pivot": [0, 8.55, 2],
					"cubes": [
						{"origin": [-1.692, -0.7, -0.2], "size": [3.384, 18.5, 4.4], "inflate": -0.4, "uv": [0, 63]}
					]
				},
				{
					"name": "stock",
					"parent": "gun",
					"pivot": [0, 20.65, 15.125],
					"cubes": [
						{"origin": [1.592, 16.3, 17.15], "size": [1, 2.8, 15.45], "inflate": -0.4, "uv": [44, 42]},
						{"origin": [-2.24141, 16.5731, 31.35197], "size": [1.175, 1, 3.7], "inflate": -0.4, "pivot": [0.94609, 17.0731, 33.60197], "rotation": [9.9455, 8.4274, 1.74558], "uv": [110, 117]},
						{"origin": [-2.1414, 16.57366, 31.75072], "size": [4.175, 1, 3.7], "inflate": -0.4, "pivot": [0.7836, 17.07366, 33.60072], "rotation": [9.83733, -0.43936, 0.19733], "uv": [104, 36]},
						{"origin": [-2.192, 16.8, 34.625], "size": [1, 2.3, 6.425], "inflate": -0.4, "uv": [104, 28]},
						{"origin": [-2.067, 20.10184, 14.02853], "size": [1, 1.7, 1.65], "inflate": -0.401, "pivot": [-1.567, 21.02684, 14.85353], "rotation": [-60, 0, 0], "uv": [126, 14]},
						{"origin": [-2.067, 19.97684, 13.80353], "size": [1, 1.55, 1.65], "inflate": -0.4, "uv": [126, 12]},
						{"origin": [-1.917, 17, 16.975], "size": [1, 3.925, 1.625], "inflate": -0.4, "pivot": [-1.417, 18.8625, 17.3], "rotation": [0, -66, 0], "uv": [88, 122]},
						{"origin": [-2.217, 16.79755, 31.59232], "size": [1, 2.3, 3.7], "inflate": -0.399, "pivot": [-1.717, 17.81939, 34.92127], "rotation": [10, 10, 0], "uv": [74, 115]},
						{"origin": [-2.217, 16.8, 31.725], "size": [1, 2.3, 3.725], "inflate": -0.398, "pivot": [-1.717, 17.81939, 34.92127], "rotation": [0, 10, 0], "uv": [66, 115]},
						{"origin": [-2.067, 19.6, 14.3], "size": [1, 2, 3.375], "inflate": -0.399, "pivot": [-1.5875, 20.6, 15.95], "rotation": [-19.5, 0, 0], "uv": [58, 115]},
						{"origin": [-2.692, 19.2, 16.9], "size": [1, 1.325, 3.575], "inflate": -0.398, "pivot": [-2.2125, 19.525, 18.125], "rotation": [-43.5, 0, 0], "uv": [116, 108]},
						{"origin": [-2.067, 17.25, 14.55], "size": [1, 4.125, 2.5], "inflate": -0.398, "pivot": [-1.5875, 19.1, 15.8], "rotation": [27, 0, 0], "uv": [116, 81]},
						{"origin": [-2.067, 17, 15.3], "size": [1, 4.125, 2.5], "inflate": -0.4, "uv": [116, 55]},
						{"origin": [-2.692, 19.5, 17.15], "size": [1, 1.425, 1.2], "inflate": -0.4, "uv": [126, 10]},
						{"origin": [-2.692, 18.3, 17.15], "size": [1, 1.55, 2.35], "inflate": -0.4, "uv": [10, 121]},
						{"origin": [-2.692, 19.05, 17.15], "size": [1, 1.35, 1.65], "inflate": -0.4, "uv": [126, 16]},
						{"origin": [-2.692, 16.3, 17.15], "size": [1, 2.8, 15.45], "inflate": -0.4, "uv": [0, 46]},
						{"origin": [1.117, 16.8, 31.725], "size": [1, 2.3, 3.725], "inflate": -0.398, "pivot": [1.617, 17.81939, 34.92127], "rotation": [0, -10, 0], "uv": [94, 114]},
						{"origin": [1.092, 16.8, 34.625], "size": [1, 2.3, 6.425], "inflate": -0.4, "uv": [104, 20]},
						{"origin": [1.092, 17.1, 39.175], "size": [1.2, 1.7, 1.725], "inflate": -0.4, "pivot": [1.592, 17.95, 40.0375], "rotation": [-22.5, 0, 0], "uv": [126, 22]},
						{"origin": [-1.808, 17.35, 39.475], "size": [3.5, 1.15, 1.175], "inflate": -0.4, "pivot": [-1.308, 17.95, 40.0375], "rotation": [-22.5, 0, 0], "uv": [116, 87]},
						{"origin": [-2.408, 17.1, 39.175], "size": [1.2, 1.7, 1.725], "inflate": -0.4, "pivot": [-1.908, 17.95, 40.0375], "rotation": [-22.5, 0, 0], "uv": [126, 24]},
						{"origin": [-2.033, 16.825, 34.625], "size": [1.325, 1, 5.375], "inflate": -0.4, "uv": [14, 79]},
						{"origin": [-1.508, 16.825, 34.625], "size": [2.875, 1, 4.875], "inflate": -0.4, "uv": [108, 50]},
						{"origin": [-1.308, 16.825, 38.7], "size": [2.475, 1, 1.3], "inflate": -0.4, "uv": [122, 96]},
						{"origin": [-1.308, 16.825, 39], "size": [2.475, 2, 1], "inflate": -0.399, "uv": [110, 121]},
						{"origin": [-1.308, 17.825, 39.2], "size": [2.475, 1, 1.3], "inflate": -0.4, "uv": [24, 123]},
						{"origin": [0.567, 16.825, 34.625], "size": [1.325, 1, 5.375], "inflate": -0.4, "uv": [106, 0]},
						{"origin": [1.117, 16.79755, 31.59232], "size": [1, 2.3, 3.7], "inflate": -0.399, "pivot": [1.617, 17.81939, 34.92127], "rotation": [10, -10, 0], "uv": [102, 114]},
						{"origin": [0.96641, 16.5731, 31.37697], "size": [1.175, 1, 3.675], "inflate": -0.4, "pivot": [-1.04609, 17.0731, 33.60197], "rotation": [9.9455, -8.4274, -1.74558], "uv": [116, 46]},
						{"origin": [0.967, 17, 15.3], "size": [1, 4.125, 2.5], "inflate": -0.4, "uv": [26, 79]},
						{"origin": [-1.883, 17, 15.3], "size": [3.65, 1, 2.5], "inflate": -0.4, "uv": [110, 114]},
						{"origin": [0.817, 17, 16.975], "size": [1, 3.925, 1.625], "inflate": -0.4, "pivot": [1.317, 18.8625, 17.3], "rotation": [0, 66, 0], "uv": [122, 82]},
						{"origin": [0.967, 17.25, 14.55], "size": [1, 4.125, 2.5], "inflate": -0.398, "pivot": [1.4875, 19.1, 15.8], "rotation": [27, 0, 0], "uv": [48, 116]},
						{"origin": [0.967, 19.97684, 13.80353], "size": [1, 1.55, 1.65], "inflate": -0.4, "uv": [126, 6]},
						{"origin": [0.967, 20.10184, 14.02853], "size": [1, 1.7, 1.65], "inflate": -0.401, "pivot": [1.467, 21.02684, 14.85353], "rotation": [-60, 0, 0], "uv": [126, 8]},
						{"origin": [1.592, 18.3, 17.15], "size": [1, 2, 2.95], "inflate": -0.4, "uv": [118, 117]},
						{"origin": [1.592, 18.675, 17.3], "size": [1, 2, 6.6], "inflate": -0.398, "pivot": [2.1125, 19.675, 18.55], "rotation": [-19.5, 0, 0], "uv": [0, 104]},
						{"origin": [0.967, 19.6, 14.3], "size": [1, 2, 3.375], "inflate": -0.399, "pivot": [1.4875, 20.6, 15.95], "rotation": [-19.5, 0, 0], "uv": [112, 103]},
						{"origin": [1.592, 19.5, 17.15], "size": [1, 1.425, 1.2], "inflate": -0.4, "uv": [126, 4]}
					]
				},
				{
					"name": "stock2",
					"parent": "stock",
					"pivot": [0, 18.1, 40.3],
					"cubes": [
						{"origin": [0.892, 16.09846, 39.4543], "size": [1, 5.225, 2.1], "inflate": -0.4, "pivot": [1.392, 18.44285, 35.15057], "rotation": [1, 0, 0], "uv": [82, 115]},
						{"origin": [0.892, 13.39846, 39.9543], "size": [1, 3.525, 1.6], "inflate": -0.4, "pivot": [1.392, 18.44285, 35.15057], "rotation": [1, 0, 0], "uv": [122, 92]},
						{"origin": [0.892, 10.89846, 40.3543], "size": [1, 3.325, 1.2], "inflate": -0.4, "pivot": [1.392, 18.44285, 35.15057], "rotation": [1, 0, 0], "uv": [122, 121]},
						{"origin": [0.892, 11.69676, 39.73573], "size": [1, 5.375, 1.325], "inflate": -0.398, "pivot": [1.392, 15.30926, 40.43573], "rotation": [10.75, 0, 0], "uv": [94, 119]},
						{"origin": [0.892, 10.99676, 39.73573], "size": [1, 1.5, 1.175], "inflate": -0.398, "pivot": [1.392, 15.30926, 40.43573], "rotation": [10.75, 0, 0], "uv": [126, 18]},
						{"origin": [1.092, 10.89846, 40.5543], "size": [1, 10.425, 1], "inflate": -0.4, "pivot": [1.392, 18.44285, 35.15057], "rotation": [1, 0, 0], "uv": [44, 111]},
						{"origin": [-1.992, 16.09846, 39.4543], "size": [1, 5.225, 2.1], "inflate": -0.4, "pivot": [-1.492, 18.44285, 35.15057], "rotation": [1, 0, 0], "uv": [88, 115]},
						{"origin": [-1.992, 13.39846, 39.9543], "size": [1, 3.525, 1.6], "inflate": -0.4, "pivot": [-1.492, 18.44285, 35.15057], "rotation": [1, 0, 0], "uv": [0, 123]},
						{"origin": [-1.992, 10.89846, 40.3543], "size": [1, 3.325, 1.2], "inflate": -0.4, "pivot": [-1.492, 18.44285, 35.15057], "rotation": [1, 0, 0], "uv": [20, 123]},
						{"origin": [-1.992, 11.69676, 39.73573], "size": [1, 5.375, 1.325], "inflate": -0.398, "pivot": [-1.492, 15.30926, 40.43573], "rotation": [10.75, 0, 0], "uv": [98, 119]},
						{"origin": [-1.992, 10.99676, 39.73573], "size": [1, 1.5, 1.175], "inflate": -0.398, "pivot": [-1.492, 15.30926, 40.43573], "rotation": [10.75, 0, 0], "uv": [126, 20]},
						{"origin": [-2.192, 10.89846, 40.5543], "size": [1, 10.425, 1], "inflate": -0.4, "pivot": [-1.492, 18.44285, 35.15057], "rotation": [1, 0, 0], "uv": [0, 112]},
						{"origin": [-1.617, 19.97346, 39.4543], "size": [3.125, 1.35, 1], "inflate": -0.4, "pivot": [-1.492, 18.44285, 35.15057], "rotation": [1, 0, 0], "uv": [54, 80]},
						{"origin": [-1.617, 16.17346, 39.5043], "size": [3.125, 2.35, 1], "inflate": -0.4, "pivot": [-1.492, 15.04285, 35.20057], "rotation": [1, 0, 0], "uv": [118, 32]},
						{"origin": [-1.792, 16.09846, 39.4543], "size": [1, 5.225, 1], "inflate": -0.4, "pivot": [-1.492, 18.44285, 35.15057], "rotation": [1, 0, 0], "uv": [102, 119]},
						{"origin": [0.717, 10.97176, 39.73573], "size": [1, 6.1, 1], "inflate": -0.4, "pivot": [1.217, 15.30926, 40.43573], "rotation": [10.75, 0, 0], "uv": [14, 104]},
						{"origin": [-1.808, 10.97176, 39.73573], "size": [1, 6.1, 1], "inflate": -0.4, "pivot": [-1.308, 15.30926, 40.43573], "rotation": [10.75, 0, 0], "uv": [54, 116]},
						{"origin": [-1.308, 16.04846, 39.4793], "size": [2.475, 1, 1.6], "inflate": -0.4, "uv": [30, 123]},
						{"origin": [0.517, 10.97176, 39.73573], "size": [1, 2.6, 1], "inflate": -0.4, "pivot": [1.217, 15.30926, 40.43573], "rotation": [10.75, 0, 0], "uv": [124, 46]},
						{"origin": [-1.608, 10.97176, 39.73573], "size": [1, 2.6, 1], "inflate": -0.4, "pivot": [-0.908, 15.30926, 40.43573], "rotation": [10.75, 0, 0], "uv": [124, 63]},
						{"origin": [-1.408, 11.99676, 39.73573], "size": [2.725, 1.575, 1], "inflate": -0.4, "pivot": [1.017, 15.30926, 40.43573], "rotation": [10.75, 0, 0], "uv": [36, 123]},
						{"origin": [-0.908, 11.47176, 39.73573], "size": [1.725, 1.325, 1], "inflate": -0.4, "pivot": [1.017, 15.30926, 40.43573], "rotation": [10.75, 0, 0], "uv": [126, 26]},
						{"origin": [0.708, 16.09846, 39.4543], "size": [1, 5.225, 1], "inflate": -0.4, "pivot": [1.008, 18.44285, 35.15057], "rotation": [1, 0, 0], "uv": [106, 119]}
					]
				},
				{
					"name": "action",
					"parent": "gun",
					"pivot": [-1.28795, 20.4555, 1.6002],
					"cubes": [
						{"origin": [-1.40925, 19.85, -0.4], "size": [2.079, 2.6, 6.1], "inflate": -0.4, "pivot": [-0.46975, 21.6, 2.55], "rotation": [0, 0, 15], "uv": [64, 102]},
						{"origin": [-1.742, 19.5, -0.4], "size": [2.009, 1.4, 6.1], "inflate": -0.4, "uv": [96, 102]},
						{"origin": [-1.267, 19.1, -0.25], "size": [1.209, 1.2, 1.625], "inflate": -0.4, "pivot": [-0.425, 21, 3.675], "rotation": [0, 0, 45], "uv": [126, 28]},
						{"origin": [-3.767, 19.975, 0.075], "size": [2.709, 1.1, 1.1], "inflate": -0.4, "pivot": [-1.6625, 20.575, -0.075], "rotation": [-25, 0, 0], "uv": [54, 123]}
					]
				},
				{
					"name": "switch",
					"parent": "gun",
					"pivot": [10, 21.6, 15.9],
					"cubes": [
						{"origin": [-2.492, 17.525, 2.775], "size": [2.584, 1, 2.325], "inflate": -0.4, "uv": [108, 69]},
						{"origin": [-2.042, 17.625, 2.8], "size": [1.609, 1.2, 7.5], "inflate": -0.399, "uv": [80, 102]},
						{"origin": [-0.092, 17.525, 2.775], "size": [2.584, 1, 2.325], "inflate": -0.4, "uv": [108, 69]},
						{"origin": [0.358, 18.225, 4.6], "size": [1.609, 1.2, 3.2], "inflate": -0.402, "pivot": [1.1625, 19.225, 6.45], "rotation": [17, 0, 0], "uv": [118, 4]},
						{"origin": [0.358, 18.525, 2.7], "size": [1.609, 1.3, 5.1], "inflate": -0.4, "pivot": [1.1625, 19.225, 6.45], "rotation": [17, 0, 0], "uv": [106, 6]},
						{"origin": [0.358, 18.025, 4.325], "size": [1.609, 1.25, 5.975], "inflate": -0.401, "uv": [106, 12]},
						{"origin": [0.358, 17.7, 9.1], "size": [1.609, 1.425, 1.4], "inflate": -0.4, "pivot": [1.1625, 18.3, 9.9], "rotation": [-45, 0, 0], "uv": [126, 30]},
						{"origin": [0.358, 17.77415, 6.72743], "size": [1.609, 1.7, 3.55], "inflate": -0.4, "pivot": [1.1625, 18.87415, 9.27743], "rotation": [-17, 0, 0], "uv": [118, 0]},
						{"origin": [0.358, 17.625, 2.8], "size": [1.609, 1.2, 7.5], "inflate": -0.399, "uv": [80, 102]},
						{"origin": [-2.042, 17.7, 9.1], "size": [1.609, 1.425, 1.4], "inflate": -0.4, "pivot": [-1.2375, 18.3, 9.9], "rotation": [-45, 0, 0], "uv": [126, 30]},
						{"origin": [-2.042, 18.025, 4.325], "size": [1.609, 1.25, 5.975], "inflate": -0.401, "uv": [106, 12]},
						{"origin": [-2.042, 18.525, 2.7], "size": [1.609, 1.3, 5.1], "inflate": -0.4, "pivot": [-1.2375, 19.225, 6.45], "rotation": [17, 0, 0], "uv": [106, 6]},
						{"origin": [-2.042, 18.225, 4.6], "size": [1.609, 1.2, 3.2], "inflate": -0.402, "pivot": [-1.2375, 19.225, 6.45], "rotation": [17, 0, 0], "uv": [118, 4]},
						{"origin": [-2.042, 17.77415, 6.72743], "size": [1.609, 1.7, 3.55], "inflate": -0.4, "pivot": [-1.2375, 18.87415, 9.27743], "rotation": [-17, 0, 0], "uv": [118, 0]}
					]
				},
				{
					"name": "grip",
					"parent": "gun",
					"pivot": [0, 17.425, -15.475],
					"cubes": [
						{"origin": [-1.425, 8.575, -17], "size": [3, 7.1, 3], "inflate": -0.4, "pivot": [0, 13.475, -15.5], "rotation": [0, -45, 0], "uv": [32, 46]},
						{"origin": [-1.175, 9.975, -16.675], "size": [2.475, 7.1, 2.375], "inflate": -0.4, "pivot": [0, 14.875, -15.5], "rotation": [0, -22.5, 0], "uv": [108, 55]},
						{"origin": [0.375, 16.275, -17], "size": [1.2, 2.5, 3], "inflate": -0.4, "uv": [4, 116]},
						{"origin": [-1.575, 16.275, -17], "size": [1.2, 2.5, 3], "inflate": -0.4, "uv": [12, 116]},
						{"origin": [-1.175, 16.275, -17], "size": [2.35, 1.4, 3], "inflate": -0.4, "uv": [48, 112]}
					]
				},
				{
					"name": "body",
					"parent": "gun",
					"pivot": [0, 24, 0],
					"cubes": [
						{"origin": [-0.71975, 19.85, 2], "size": [2.279, 3.7, 2], "inflate": -0.485, "pivot": [0.41975, 21.6, 13.55], "rotation": [0, 0, -15], "uv": [0, 127]},
						{"origin": [-1.21125, 20.1, 10.9], "size": [2.3725, 3.575, 2], "inflate": -0.485, "uv": [0, 132]},
						{"origin": [-1.60925, 19.85, 10.9], "size": [2.279, 3.7, 2], "inflate": -0.485, "pivot": [-0.46975, 21.6, 22.45], "rotation": [0, 0, 15], "uv": [0, 137]},
						{"origin": [-0.71975, 19.85, 10.9], "size": [2.279, 3.7, 2], "inflate": -0.485, "pivot": [0.41975, 21.6, 22.45], "rotation": [0, 0, -15], "uv": [0, 127]},
						{"origin": [-1.21125, 20.1, 6.5], "size": [2.3725, 3.575, 2], "inflate": -0.485, "uv": [0, 132]},
						{"origin": [-1.60925, 19.85, 6.5], "size": [2.279, 3.7, 2], "inflate": -0.485, "pivot": [-0.46975, 21.6, 18.05], "rotation": [0, 0, 15], "uv": [0, 137]},
						{"origin": [-0.71975, 19.85, 6.5], "size": [2.279, 3.7, 2], "inflate": -0.485, "pivot": [0.41975, 21.6, 18.05], "rotation": [0, 0, -15], "uv": [0, 127]},
						{"origin": [-1.60925, 21.6, 2], "size": [2.279, 1.95, 2], "inflate": -0.485, "pivot": [-0.46975, 21.6, 13.55], "rotation": [0, 0, 15], "uv": [0, 137]},
						{"origin": [-1.21125, 20.1, 2], "size": [2.3725, 3.575, 2], "inflate": -0.485, "uv": [0, 132]},
						{"origin": [-2.258, 19.9, 14.375], "size": [4.45, 1.5, 1.525], "inflate": -0.4, "pivot": [1.592, 20.65, 15.1375], "rotation": [-22.5, 0, 0], "uv": [116, 61]},
						{"origin": [-1.842, 17.5, 10.7], "size": [2.209, 3.4, 6.2], "inflate": -0.4, "uv": [18, 102]},
						{"origin": [-1.842, 17.5, -1.5], "size": [2.209, 2.9, 13], "inflate": -0.4, "uv": [32, 59]},
						{"origin": [-0.442, 17.5, -1.6], "size": [2.234, 3.4, 18.5], "inflate": -0.4, "uv": [44, 21]},
						{"origin": [-2.292, 6.4, -0.6], "size": [4.584, 11.9, 5.5], "inflate": -0.397, "uv": [14, 63]},
						{"origin": [-2.492, 17.325, -1.575], "size": [4.984, 1, 6.675], "inflate": -0.4, "uv": [18, 95]},
						{"origin": [-1.292, 15.2, 4.1], "size": [2.584, 3.1, 2.2], "inflate": -0.4, "uv": [112, 98]},
						{"origin": [-2.292, 6.7, -1], "size": [4.584, 1.3, 1.2], "inflate": -0.4, "uv": [98, 50]},
						{"origin": [-2.292, 6.45, -0.875], "size": [4.584, 1.325, 1.2], "inflate": -0.4, "pivot": [0, 7.1, -0.275], "rotation": [55.25, 0, 0], "uv": [106, 18]},
						{"origin": [-2.292, 12.775, -0.975], "size": [4.584, 2.025, 1.2], "inflate": -0.398, "pivot": [0, 13.925, -0.375], "rotation": [41.25, 0, 0], "uv": [112, 95]},
						{"origin": [-2.292, 7.1, -0.9], "size": [4.584, 2.1, 1.2], "inflate": -0.4, "pivot": [0, 7.8, -0.3], "rotation": [-21, 0, 0], "uv": [112, 92]},
						{"origin": [-2.292, 6.4, 4.1], "size": [4.584, 2.9, 1.2], "inflate": -0.4, "uv": [110, 89]},
						{"origin": [-2.292, 8, 2], "size": [4.584, 7.1, 3.3], "inflate": -0.401, "pivot": [0, 12.35, 2.55], "rotation": [13, 0, 0], "uv": [50, 102]},
						{"origin": [-2.292, 7.53394, 3.9225], "size": [4.584, 1.9, 2.2], "inflate": -0.402, "pivot": [0, 8.38394, 5.0225], "rotation": [-0.5, 0, 0], "uv": [32, 56]},
						{"origin": [-2.292, 6.68394, 3.5975], "size": [4.584, 2.2, 2.175], "inflate": -0.403, "pivot": [0, 7.65894, 4.6975], "rotation": [-36.5, 0, 0], "uv": [106, 77]},
						{"origin": [-2.292, 13.6, -1.1], "size": [4.584, 4.7, 1.3], "inflate": -0.4, "uv": [24, 111]},
						{"origin": [-1.042, 13.7, -7.1], "size": [2.084, 1.375, 7.3], "inflate": -0.398, "uv": [98, 81]},
						{"origin": [-1.042, 13.95, -2.9], "size": [2.084, 1.25, 2.325], "inflate": -0.4, "pivot": [0, 14.7875, -1.925], "rotation": [25.75, 0, 0], "uv": [118, 14]},
						{"origin": [-1.042, 14.15, -6.4], "size": [2.084, 1.325, 2.125], "inflate": -0.399, "pivot": [0, 15.0625, -5.425], "rotation": [-34.25, 0, 0], "uv": [118, 20]},
						{"origin": [-1.042, 15.15, -6.6], "size": [2.084, 1.35, 1.825], "inflate": -0.401, "pivot": [0, 16.0875, -6.125], "rotation": [-66.25, 0, 0], "uv": [120, 53]},
						{"origin": [-1.042, 15.7, -7.175], "size": [2.084, 1.35, 1.6], "inflate": -0.402, "pivot": [0, 16.6375, -6.7], "rotation": [-41.25, 0, 0], "uv": [122, 57]},
						{"origin": [-1.042, 14.425, -7.5], "size": [2.084, 2.975, 1.65], "inflate": -0.399, "pivot": [0, 16.6375, -6.675], "rotation": [180, 0, 0], "uv": [120, 98]},
						{"origin": [-1.042, 14.325, -6.1], "size": [2.084, 1.8, 1.65], "inflate": -0.4, "pivot": [0, 15.2625, -5.8], "rotation": [-115.25, 0, 0], "uv": [122, 55]},
						{"origin": [-1.042, 16.825, -6.275], "size": [2.084, 1.275, 1.825], "inflate": -0.4, "pivot": [0, 17.6875, -5.8], "rotation": [-117.25, 0, 0], "uv": [120, 70]},
						{"origin": [-1.042, 16.925, -5.975], "size": [2.084, 1.325, 1.375], "inflate": -0.401, "pivot": [0, 17.8375, -5.5], "rotation": [-141.25, 0, 0], "uv": [44, 122]},
						{"origin": [-1.042, 16.825, -5.975], "size": [2.084, 1.425, 3.275], "inflate": -0.4, "pivot": [0, 17.8375, -5.5], "rotation": [180, 0, 0], "uv": [4, 112]},
						{"origin": [-1.042, 16.1, -6.625], "size": [2.084, 1.3, 1.925], "inflate": -0.4, "pivot": [0, 16.9875, -6.15], "rotation": [-90.25, 0, 0], "uv": [120, 106]},
						{"origin": [-2.292, 13.775, -2.225], "size": [4.584, 1.675, 2.9], "inflate": -0.399, "pivot": [0, 15.0375, -1.225], "rotation": [61.75, 0, 0], "uv": [98, 89]},
						{"origin": [-2.292, 16.60716, -1.17762], "size": [4.584, 1.625, 1.225], "inflate": -0.401, "pivot": [0, 17.18216, -0.67762], "rotation": [29, 0, 0], "uv": [116, 18]},
						{"origin": [-1.792, 18.025, -9.1], "size": [3.584, 1.375, 8.3], "inflate": -0.4, "uv": [76, 43]},
						{"origin": [-1.792, 17.77344, -3.47535], "size": [3.584, 2.075, 3.3], "inflate": -0.401, "pivot": [0, 19.21094, -1.97535], "rotation": [-15.25, 0, 0], "uv": [106, 72]},
						{"origin": [-1.11125, 20.1, -4], "size": [2.1725, 3.475, 20.9], "inflate": -0.398, "uv": [0, 23]},
						{"origin": [-0.85303, 21.21731, 15.8], "size": [1.675, 1.675, 1.2], "inflate": -0.398, "pivot": [-0.01553, 22.05481, 6.55], "rotation": [0, 0, -45], "uv": [24, 41]},
						{"origin": [-1.21125, 22.775, -0.35], "size": [2.3725, 1.2, 2.15], "inflate": -0.402, "uv": [118, 29]},
						{"origin": [-0.91125, 22.775, 1], "size": [1.7725, 1.2, 10.3], "inflate": -0.4, "uv": [32, 74]},
						{"origin": [-0.93625, 22.775, -1.4], "size": [1.7975, 1.5, 2], "inflate": -0.4, "uv": [4, 121]},
						{"origin": [-0.41125, 23.275, -0.98], "size": [1.3475, 1.625, 1.05], "inflate": -0.5, "uv": [92, 125]},
						{"origin": [-0.63625, 23.275, -0.98], "size": [1.2475, 1.45, 1.05], "inflate": -0.5, "uv": [126, 2]},
						{"origin": [-1.01125, 23.275, -0.98], "size": [1.3975, 1.625, 1.05], "inflate": -0.5, "uv": [126, 0]},
						{"origin": [-0.23625, 23.025, -1.3], "size": [1.1725, 1.65, 1.075], "inflate": -0.5, "pivot": [-0.05, 23.775, -0.3], "rotation": [-35, 0, 0], "uv": [54, 125]},
						{"origin": [-0.23625, 23.025, -1.25], "size": [1.1725, 1.575, 1.2], "inflate": -0.5, "pivot": [-0.05, 23.775, -0.3], "rotation": [-35, 0, 0], "uv": [100, 125]},
						{"origin": [-0.23625, 23.025, -0.725], "size": [1.1725, 1.625, 1.1], "inflate": -0.5, "pivot": [-0.05, 23.775, -0.625], "rotation": [35, 0, 0], "uv": [122, 125]},
						{"origin": [-1.01125, 23.025, -1], "size": [1.1725, 1.525, 1.325], "inflate": -0.5, "pivot": [-0.825, 23.775, -0.625], "rotation": [35, 0, 0], "uv": [50, 126]},
						{"origin": [-1.01125, 23.025, -1.25], "size": [1.1725, 1.575, 1.2], "inflate": -0.5, "pivot": [-0.825, 23.775, -0.3], "rotation": [-35, 0, 0], "uv": [126, 49]},
						{"origin": [-1.01125, 23.025, -1.3], "size": [1.1725, 1.65, 1.075], "inflate": -0.5, "pivot": [-0.825, 23.775, -0.3], "rotation": [-35, 0, 0], "uv": [126, 44]},
						{"origin": [-1.01125, 23.025, -0.725], "size": [1.1725, 1.625, 1.1], "inflate": -0.5, "pivot": [-0.825, 23.775, -0.625], "rotation": [35, 0, 0], "uv": [126, 32]},
						{"origin": [-0.23625, 23.025, -1], "size": [1.1725, 1.525, 1.325], "inflate": -0.5, "pivot": [-0.05, 23.775, -0.625], "rotation": [35, 0, 0], "uv": [104, 125]},
						{"origin": [-1.21125, 22.625, -0.8], "size": [2.3725, 1.45, 1.45], "inflate": -0.4, "pivot": [-0.025, 23.35, -0.075], "rotation": [-15, 0, 0], "uv": [82, 122]},
						{"origin": [-0.94275, 20, -9.1], "size": [1.892, 3.85, 8.95], "inflate": -0.4, "uv": [90, 52]},
						{"origin": [1.01775, 19.7, -17.3], "size": [1.48225, 1.875, 9], "inflate": -0.4, "uv": [84, 21]},
						{"origin": [0.01775, 18.925, -17.3], "size": [1.80725, 2.875, 1.4], "inflate": -0.4, "uv": [124, 75]},
						{"origin": [-1.83225, 18.925, -17.3], "size": [1.80725, 2.875, 1.4], "inflate": -0.4, "uv": [46, 124]},
						{"origin": [-1.05, 19.5, -20.8], "size": [1.9, 1.9, 20.2], "inflate": -0.397, "pivot": [0, 20.35, -16.3], "rotation": [0, 0, 45], "uv": [44, 0]},
						{"origin": [-0.45, 16.6, -20.8], "size": [1.3, 1.4, 1.1], "inflate": -0.4, "pivot": [0, 16.95, -16.3], "rotation": [0, 0, 45], "uv": [124, 110]},
						{"origin": [-0.88661, 18.74268, -20.8], "size": [1.1, 1.4, 1.1], "inflate": -0.4, "pivot": [-0.08661, 19.76768, -20.25], "rotation": [0, 0, -135], "uv": [124, 114]},
						{"origin": [-0.88661, 19.34268, -20.8], "size": [1.7, 1.1, 1.1], "inflate": -0.4, "pivot": [-0.08661, 19.76768, -20.25], "rotation": [0, 0, -135], "uv": [114, 124]},
						{"origin": [-1.05, 16.1, -20.8], "size": [1.9, 1.3, 1.1], "inflate": -0.4, "pivot": [0, 16.95, -16.3], "rotation": [0, 0, 45], "uv": [124, 112]},
						{"origin": [-1.175, 18, -18.225], "size": [2.35, 2.9, 3.425], "inflate": -0.4, "uv": [34, 111]},
						{"origin": [-1.175, 18, -18.825], "size": [1.15, 2.9, 1.425], "inflate": -0.4, "uv": [12, 124]},
						{"origin": [0.025, 16.7, -20.8], "size": [1.15, 4.2, 1.1], "inflate": -0.398, "uv": [120, 112]},
						{"origin": [0.025, 17.3, -20.5], "size": [1.15, 3.6, 1.2], "inflate": -0.4, "uv": [50, 122]},
						{"origin": [0.025, 17.975, -20.1], "size": [1.15, 2.925, 2.1], "inflate": -0.4, "uv": [118, 76]},
						{"origin": [0.025, 18, -18.825], "size": [1.15, 2.9, 1.425], "inflate": -0.401, "uv": [124, 35]},
						{"origin": [-1.175, 17.3, -20.5], "size": [1.15, 3.6, 1.2], "inflate": -0.4, "uv": [16, 121]},
						{"origin": [-1.175, 17.975, -20.1], "size": [1.15, 2.925, 2.1], "inflate": -0.4, "uv": [118, 72]},
						{"origin": [-1.175, 16.7, -20.8], "size": [1.15, 4.2, 1.1], "inflate": -0.4, "uv": [120, 101]},
						{"origin": [0.025, 16.525, -19.925], "size": [1.15, 2, 1.1], "inflate": -0.4, "pivot": [0, 18.625, -19.375], "rotation": [-30, 0, 0], "uv": [76, 123]},
						{"origin": [0.025, 16.97237, -20.425], "size": [1.15, 2, 1.4], "inflate": -0.399, "pivot": [0, 17.97237, -19.575], "rotation": [-51, 0, 0], "uv": [8, 124]},
						{"origin": [-1.175, 16.91747, -19.275], "size": [1.15, 2.35, 1.1], "inflate": -0.4, "pivot": [0, 18.41747, -18.725], "rotation": [-70, 0, 0], "uv": [42, 124]},
						{"origin": [-1.175, 16.525, -19.925], "size": [1.15, 2, 1.1], "inflate": -0.4, "pivot": [-1.2, 18.625, -19.375], "rotation": [-30, 0, 0], "uv": [124, 41]},
						{"origin": [-1.175, 16.97237, -20.425], "size": [1.15, 2, 1.4], "inflate": -0.4, "pivot": [-1.2, 17.97237, -19.575], "rotation": [-51, 0, 0], "uv": [124, 38]},
						{"origin": [0.025, 16.91747, -19.275], "size": [1.15, 2.35, 1.1], "inflate": -0.402, "pivot": [1.2, 18.41747, -18.725], "rotation": [-70, 0, 0], "uv": [4, 124]},
						{"origin": [-1.175, 16.875, -16.7], "size": [2.35, 2.9, 2.4], "inflate": -0.398, "uv": [116, 40]},
						{"origin": [-1.175, 17.6, -17.8], "size": [2.35, 1.9, 2], "inflate": -0.401, "pivot": [0, 19.05, -16.8], "rotation": [-29, 0, 0], "uv": [118, 23]},
						{"origin": [-1.175, 17, -17], "size": [2.35, 1.9, 2], "inflate": -0.402, "pivot": [0, 18.45, -16], "rotation": [-44, 0, 0], "uv": [118, 26]},
						{"origin": [1.01775, 18.5, -17.3], "size": [1.48225, 2, 1.5], "inflate": -0.4, "uv": [60, 123]},
						{"origin": [1.01775, 18.5, -16.6], "size": [1.20725, 2.1, 8.3], "inflate": -0.4, "uv": [76, 92]},
						{"origin": [1.01775, 17.925, -17.3], "size": [1.48225, 1.375, 9], "inflate": -0.4, "uv": [0, 85]},
						{"origin": [1.01775, 16.85, -10.6], "size": [1.48225, 1.95, 2.3], "inflate": -0.402, "uv": [58, 112]},
						{"origin": [1.01775, 17.425, -12.725], "size": [1.48225, 1.375, 2.925], "inflate": -0.402, "uv": [38, 120]},
						{"origin": [0.83775, 16.55, -9.175], "size": [1.48225, 2.75, 2.85], "inflate": -0.402, "pivot": [1.58387, 17.90936, -7.55913], "rotation": [0, -8.75, 0], "uv": [118, 35]},
						{"origin": [0.84275, 19.7, -9.175], "size": [1.48225, 1.3, 2.875], "inflate": -0.4, "pivot": [1.58387, 17.90936, -7.53413], "rotation": [0, -8.75, 0], "uv": [120, 50]},
						{"origin": [0.8627, 19.85, -9.37395], "size": [1.45725, 1.325, 2.725], "inflate": -0.4, "pivot": [1.60383, 20.2, -7.57395], "rotation": [-15.33337, -8.41152, 0.66453], "uv": [32, 120]},
						{"origin": [0.9127, 20.575, -9.19895], "size": [1.43225, 1.825, 4.4], "inflate": -0.4, "pivot": [1.65383, 21.275, -8.32395], "rotation": [-0.46997, -12.52411, -18.91449], "uv": [108, 64]},
						{"origin": [0.9127, 20.475, -9.12395], "size": [1.43225, 1.925, 4.325], "inflate": -0.398, "pivot": [1.65383, 21.275, -8.32395], "rotation": [-11.46997, -12.52411, -18.91449], "uv": [106, 109]},
						{"origin": [0.5771, 21.20207, -9.05925], "size": [1.43225, 1.5, 4.225], "inflate": -0.401, "pivot": [1.29322, 21.36457, -7.03425], "rotation": [13.28003, -12.52411, -18.91449], "uv": [96, 109]},
						{"origin": [0.9127, 20.35, -8.07395], "size": [1.43225, 1.025, 3.275], "inflate": -0.4, "pivot": [1.65383, 21.275, -8.32395], "rotation": [-0.46997, -12.52411, -18.91449], "uv": [28, 116]},
						{"origin": [0.83775, 16.3, -8.35], "size": [1.48225, 1.075, 2.025], "inflate": -0.4, "pivot": [1.58387, 17.90936, -7.55913], "rotation": [0, -8.75, 0], "uv": [26, 120]},
						{"origin": [1.01775, 17.6, -14.2], "size": [1.48225, 1.4, 6.225], "inflate": -0.401, "pivot": [1.75887, 19.75, -12.8], "rotation": [-15, 0, 0], "uv": [76, 52]},
						{"origin": [-1.56566, 21.20551, -9.35], "size": [1.45725, 1.875, 4.275], "inflate": -0.4, "pivot": [-0.83703, 22.26801, -8.125], "rotation": [17.75, 0, 60.25], "uv": [14, 111]},
						{"origin": [-2.00935, 21.00207, -9.05925], "size": [1.43225, 1.7, 4.225], "inflate": -0.402, "pivot": [-1.29322, 21.36457, -7.03425], "rotation": [13.28003, 12.52411, 18.91449], "uv": [84, 110]},
						{"origin": [-2.34495, 20.475, -9.12395], "size": [1.43225, 1.925, 4.325], "inflate": -0.401, "pivot": [-1.65383, 21.275, -8.32395], "rotation": [-11.46997, 12.52411, 18.91449], "uv": [74, 110]},
						{"origin": [-2.325, 19.7, -9.175], "size": [1.48225, 1.3, 2.875], "inflate": -0.4, "pivot": [-1.58387, 17.90936, -7.53413], "rotation": [0, 8.75, 0], "uv": [120, 89]},
						{"origin": [-2.31995, 19.85, -9.37395], "size": [1.45725, 1.325, 2.725], "inflate": -0.4, "pivot": [-1.60383, 20.2, -7.57395], "rotation": [-15.33337, 8.41152, -0.66453], "uv": [76, 120]},
						{"origin": [-2.34495, 20.575, -9.19895], "size": [1.43225, 1.825, 4.4], "inflate": -0.4, "pivot": [-1.65383, 21.275, -8.32395], "rotation": [-0.46997, 12.52411, 18.91449], "uv": [64, 110]},
						{"origin": [-1.02975, 21.725, -16.7], "size": [2.0725, 1.425, 8.4], "inflate": -0.4, "uv": [86, 72]},
						{"origin": [-1.07975, 20.025, -18.3], "size": [2.1725, 4.225, 2.4], "inflate": -0.4, "uv": [54, 74]},
						{"origin": [-0.59, 23.225, -17.925], "size": [1.15, 1.675, 1.15], "inflate": -0.5, "uv": [96, 125]},
						{"origin": [-1.07975, 23.425, -17.95], "size": [1.0225, 1.625, 1.35], "inflate": -0.4, "uv": [124, 116]},
						{"origin": [-1.07975, 23.1, -17.625], "size": [1.0225, 1.875, 1.35], "inflate": -0.4, "pivot": [0.0065, 24.1625, -16.95], "rotation": [40.75, 0, 0], "uv": [124, 118]},
						{"origin": [0.07025, 23.425, -17.95], "size": [1.0225, 1.625, 1.35], "inflate": -0.4, "uv": [36, 125]},
						{"origin": [0.07025, 23.425, -18.3], "size": [1.0225, 1.225, 1.15], "inflate": -0.4, "uv": [32, 125]},
						{"origin": [0.07025, 23.65, -18.15], "size": [1.0225, 1.35, 1.15], "inflate": -0.4, "pivot": [1.1565, 24.3625, -17.575], "rotation": [-41, 0, 0], "uv": [28, 125]},
						{"origin": [0.07025, 23.1, -17.625], "size": [1.0225, 1.875, 1.35], "inflate": -0.401, "pivot": [1.1565, 24.1625, -16.95], "rotation": [40.75, 0, 0], "uv": [24, 125]},
						{"origin": [-1.07975, 23.425, -18.3], "size": [1.0225, 1.225, 1.15], "inflate": -0.4, "uv": [118, 124]},
						{"origin": [-1.07975, 23.65, -18.15], "size": [1.0225, 1.35, 1.15], "inflate": -0.4, "pivot": [0.0065, 24.3625, -17.575], "rotation": [-41, 0, 0], "uv": [16, 125]},
						{"origin": [-2.5, 17.425, -12.725], "size": [1.48225, 1.375, 2.925], "inflate": -0.4, "uv": [70, 120]},
						{"origin": [-2.225, 18.5, -16.6], "size": [1.20725, 2.1, 8.3], "inflate": -0.4, "uv": [94, 92]},
						{"origin": [-2.5, 18.5, -17.3], "size": [1.48225, 2, 1.5], "inflate": -0.4, "uv": [64, 123]},
						{"origin": [-2.5, 17.925, -17.3], "size": [1.48225, 1.375, 9], "inflate": -0.399, "uv": [86, 10]},
						{"origin": [-2.32741, 20.60289, -16.7], "size": [1.50725, 1.8, 8.4], "inflate": -0.4, "pivot": [-1.54225, 21.5804, -11.01409], "rotation": [0, 0, 20.5], "uv": [0, 95]},
						{"origin": [-2.18422, 20.90918, -16.7], "size": [2.45725, 2.075, 8.4], "inflate": -0.4, "pivot": [-1.05559, 21.67168, -12.8], "rotation": [0, 0, 60.25], "uv": [86, 0]},
						{"origin": [-2.5, 19.7, -17.3], "size": [1.48225, 1.875, 9], "inflate": -0.4, "uv": [20, 85]},
						{"origin": [-2.32, 16.3, -8.35], "size": [1.48225, 1.075, 2.025], "inflate": -0.4, "pivot": [-1.58387, 17.90936, -7.55913], "rotation": [0, 8.75, 0], "uv": [120, 67]},
						{"origin": [-2.32, 16.55, -9.175], "size": [1.48225, 2.75, 2.85], "inflate": -0.4, "pivot": [-1.58387, 17.90936, -7.55913], "rotation": [0, 8.75, 0], "uv": [118, 63]},
						{"origin": [-2.32, 16.17437, -8.97196], "size": [1.48225, 1.2, 2.925], "inflate": -0.399, "pivot": [-1.58387, 17.90936, -7.55913], "rotation": [-15, 8.75, 0], "uv": [64, 120]},
						{"origin": [-2.5, 16.85, -10.6], "size": [1.48225, 1.95, 2.3], "inflate": -0.402, "uv": [58, 120]},
						{"origin": [-2.5, 17.6, -9.075], "size": [1.48225, 1.2, 1.275], "inflate": -0.4, "pivot": [-1.75887, 19.75, -12.8], "rotation": [-15, 0, 0], "uv": [124, 86]},
						{"origin": [-2.5, 17.6, -14.2], "size": [1.48225, 1.4, 6.225], "inflate": -0.4, "pivot": [-1.75887, 19.75, -12.8], "rotation": [-15, 0, 0], "uv": [40, 85]},
						{"origin": [1.01775, 17.6, -9.075], "size": [1.48225, 1.2, 1.275], "inflate": -0.4, "pivot": [1.75887, 19.75, -12.8], "rotation": [-15, 0, 0], "uv": [84, 124]},
						{"origin": [0.83775, 16.17437, -8.97196], "size": [1.48225, 1.2, 2.925], "inflate": -0.4, "pivot": [1.58387, 17.90936, -7.55913], "rotation": [-15, -8.75, 0], "uv": [20, 120]},
						{"origin": [0.12697, 20.90918, -16.7], "size": [2.05725, 2.075, 8.4], "inflate": -0.4, "pivot": [1.05559, 21.67168, -12.8], "rotation": [0, 0, -60.25], "uv": [84, 31]},
						{"origin": [0.10841, 21.20551, -9.35], "size": [1.45725, 1.875, 3.375], "inflate": -0.4, "pivot": [0.83703, 22.26801, -8.125], "rotation": [17.75, 0, -60.25], "uv": [20, 116]},
						{"origin": [0.82016, 20.60289, -16.7], "size": [1.50725, 1.8, 8.4], "inflate": -0.4, "pivot": [1.54225, 21.5804, -11.01409], "rotation": [0, 0, -20.5], "uv": [90, 63]},
						{"origin": [-2.32741, 20.60289, -17.3], "size": [2.30725, 1.8, 1.4], "inflate": -0.4, "pivot": [-1.54225, 21.5804, -11.01409], "rotation": [0, 0, 20.5], "uv": [122, 80]},
						{"origin": [-2.15241, 20.70289, -17.3], "size": [4.30725, 1.8, 1.4], "inflate": -0.4, "uv": [116, 44]},
						{"origin": [-0.00484, 20.60289, -17.3], "size": [2.33225, 1.8, 1.4], "inflate": -0.4, "pivot": [1.54225, 21.5804, -11.01409], "rotation": [0, 0, -20.5], "uv": [122, 59]},
						{"origin": [-0.85687, 20.8994, -9.1], "size": [1.4165, 2.725, 8.95], "inflate": -0.4, "pivot": [0.27638, 22.2869, -4.85], "rotation": [0, 0, 51.25], "uv": [40, 92]},
						{"origin": [-2.227, 18.5, -9.1], "size": [4.4475, 2.4, 8.6], "inflate": -0.4, "uv": [62, 72]},
						{"origin": [-0.727, 17.2, -3.3], "size": [1.4475, 1.9, 1.325], "inflate": -0.4, "uv": [126, 51]},
						{"origin": [-0.727, 16.55, -3.1], "size": [1.4475, 1.625, 1.3], "inflate": -0.4, "pivot": [-0.00325, 17.225, -2.45], "rotation": [24, 0, 0], "uv": [126, 53]},
						{"origin": [-0.727, 15.88811, -3.03093], "size": [1.4475, 1.625, 1.3], "inflate": -0.401, "pivot": [-0.00325, 16.70061, -2.38093], "rotation": [-2, 0, 0], "uv": [58, 126]},
						{"origin": [-0.727, 15.26311, -3.23093], "size": [1.4475, 1.625, 1.3], "inflate": -0.4, "pivot": [-0.00325, 16.07561, -2.58093], "rotation": [-33, 0, 0], "uv": [126, 61]},
						{"origin": [-0.727, 14.31311, -3.70593], "size": [1.4475, 2.025, 1.3], "inflate": -0.401, "pivot": [-0.00325, 15.52561, -3.05593], "rotation": [-50, 0, 0], "uv": [80, 124]},
						{"origin": [0.873, 19.9, -1.7], "size": [1.3475, 1, 1.65], "inflate": -0.402, "uv": [124, 103]},
						{"origin": [0.273, 18.425, -1.675], "size": [1.9475, 2.4, 1.425], "inflate": -0.401, "pivot": [-0.00325, 19.625, -0.925], "rotation": [-13, 0, 0], "uv": [68, 123]},
						{"origin": [0.273, 19.925, -1.25], "size": [1.9475, 1, 1], "inflate": -0.402, "pivot": [-0.00325, 19.625, -0.925], "rotation": [-13, 0, 0], "uv": [124, 101]},
						{"origin": [-0.50963, 20.8994, -9.1], "size": [1.3915, 2.775, 8.95], "inflate": -0.4, "pivot": [-0.22638, 22.2869, -4.85], "rotation": [0, 0, -51.25], "uv": [58, 92]},
						{"origin": [-0.86029, 21.78755, -9.1], "size": [3.4675, 2, 8.975], "inflate": -0.4, "pivot": [-0.05791, 22.20005, -4.85], "rotation": [0, 0, 70.25], "uv": [54, 82]},
						{"origin": [-0.92399, 20.52198, -1.225], "size": [3.4175, 2, 1.45], "inflate": -0.401, "pivot": [0.80976, 21.52198, -0.5], "rotation": [0, 12, 70.25], "uv": [118, 8]},
						{"origin": [-2.2205, 19.9, -1.7], "size": [1.3475, 1, 1.65], "inflate": -0.4, "uv": [110, 124]},
						{"origin": [-2.2205, 18.425, -1.675], "size": [1.9475, 2.4, 1.425], "inflate": -0.4, "pivot": [0.00325, 19.625, -0.925], "rotation": [-13, 0, 0], "uv": [72, 123]},
						{"origin": [-2.2205, 19.925, -1.25], "size": [1.9475, 1, 1], "inflate": -0.4, "pivot": [0.00325, 19.625, -0.925], "rotation": [-13, 0, 0], "uv": [124, 108]},
						{"origin": [-2.49351, 20.52198, -1.225], "size": [3.4175, 2, 1.45], "inflate": -0.4, "pivot": [-0.80976, 21.52198, -0.5], "rotation": [0, -12, -70.25], "uv": [118, 11]},
						{"origin": [-2.60721, 21.78755, -9.1], "size": [3.4675, 2, 8.95], "inflate": -0.4, "pivot": [0.05791, 22.20005, -4.85], "rotation": [0, 0, -70.25], "uv": [76, 82]},
						{"origin": [-0.81975, 19.85, -4], "size": [2.279, 3.575, 20.9], "inflate": -0.402, "pivot": [0.31975, 21.6, 7.55], "rotation": [0, 0, -15], "uv": [0, 0]},
						{"origin": [-1.50925, 19.85, 10.7], "size": [2.279, 3.575, 6.2], "inflate": -0.401, "pivot": [-0.36975, 21.6, 7.55], "rotation": [0, 0, 15], "uv": [34, 102]},
						{"origin": [-1.50925, 19.85, 4.2], "size": [2.279, 2.6, 7.3], "inflate": -0.4, "pivot": [-0.36975, 21.6, 7.55], "rotation": [0, 0, 15], "uv": [98, 41]},
						{"origin": [-1.842, 17.5, -1.05], "size": [2.209, 3.4, 1.5], "inflate": -0.4, "uv": [127, 72]},
						{"origin": [-1.50925, 19.85, -0.85], "size": [2.279, 2.6, 1.3], "inflate": -0.4, "pivot": [-0.36975, 21.6, 7.5], "rotation": [0, 0, 15], "uv": [116, 121]},
						{"origin": [-1.50925, 21.65, -1.3], "size": [2.279, 1.775, 12.8], "inflate": -0.4, "pivot": [-0.36975, 21.6, 7.55], "rotation": [0, 0, 15], "uv": [62, 59]}
					]
				},
				{
					"name": "bb_main",
					"pivot": [0, 0, 0]
				}
			]
		}
	]
}