{
	"format_version": "1.12.0",
	"minecraft:geometry": [
		{
			"description": {
				"identifier": "geometry.unknown",
				"texture_width": 256,
				"texture_height": 256,
				"visible_bounds_width": 8,
				"visible_bounds_height": 4,
				"visible_bounds_offset": [0, 1, 0]
			},
			"bones": [
				{
					"name": "main",
					"pivot": [0, 20, 0]
				},
				{
					"name": "magazine",
					"parent": "main",
					"pivot": [-0.05, 2.08879, -19.17742],
					"rotation": [-74, 0, 0],
					"cubes": [
						{"origin": [-1.25, 0.08879, -21.17742], "size": [2.4, 3.1, 4], "inflate": -0.4, "uv": [88, 114]},
						{"origin": [-1.35, -0.31121, -21.37742], "size": [2.6, 1.2, 4.3], "inflate": -0.4, "uv": [26, 121]},
						{"origin": [-1.25, 13.33064, -24.83309], "size": [2.4, 3.1, 4], "inflate": -0.4, "pivot": [-0.05, 11.85659, -23.43237], "rotation": [52.75, 0, 0], "uv": [118, 66]},
						{"origin": [-1.25, 11.37621, -25.14437], "size": [2.4, 3.1, 4], "inflate": -0.4, "pivot": [-0.05, 11.85659, -23.43237], "rotation": [43.75, 0, 0], "uv": [116, 96]},
						{"origin": [-1.25, 9.24004, -25.13477], "size": [2.4, 3.1, 4], "inflate": -0.4, "pivot": [-0.05, 11.85659, -23.43237], "rotation": [38.75, 0, 0], "uv": [116, 89]},
						{"origin": [-1.25, 7.28879, -24.80242], "size": [2.4, 3.1, 4], "inflate": -0.4, "pivot": [-0.05, 11.85659, -23.43237], "rotation": [29.75, 0, 0], "uv": [116, 82]},
						{"origin": [-1.15, 17.85564, -31.43309], "size": [2.2, 3.4, 4], "inflate": -0.56, "pivot": [-0.05, 16.68159, -30.03237], "rotation": [77.75, 0, 0], "uv": [17, 121]},
						{"origin": [-1.25, 16.17621, -31.74437], "size": [2.4, 3.1, 4], "inflate": -0.4, "pivot": [-0.05, 16.65659, -30.03237], "rotation": [68.75, 0, 0], "uv": [120, 113]},
						{"origin": [-1.25, 14.04004, -31.73477], "size": [2.4, 3.1, 4], "inflate": -0.4, "pivot": [-0.05, 16.65659, -30.03237], "rotation": [63.75, 0, 0], "uv": [112, 120]},
						{"origin": [-1.25, 12.08879, -31.40242], "size": [2.4, 3.1, 4], "inflate": -0.4, "pivot": [-0.05, 16.65659, -30.03237], "rotation": [54.75, 0, 0], "uv": [100, 120]},
						{"origin": [-1.25, 6.17558, -22.03825], "size": [2.4, 3.1, 4], "inflate": -0.4, "pivot": [-0.05, 6.71926, -20.112], "rotation": [23, 0, 0], "uv": [116, 75]},
						{"origin": [-1.25, 4.16379, -22.02742], "size": [2.4, 3.1, 4], "inflate": -0.4, "pivot": [-0.05, 6.71926, -20.112], "rotation": [14, 0, 0], "uv": [56, 115]},
						{"origin": [-1.25, 1.96379, -21.80242], "size": [2.4, 3.1, 4], "inflate": -0.4, "pivot": [-0.05, 6.47771, -20.43815], "rotation": [9, 0, 0], "uv": [44, 115]}
					]
				},
				{
					"name": "magazine2",
					"parent": "main",
					"pivot": [-0.05, 2.08879, -19.17742],
					"rotation": [-74, 0, 0],
					"cubes": [
						{"origin": [-1.25, 0.08879, -21.17742], "size": [2.4, 3.1, 4], "inflate": -0.4, "uv": [88, 114]},
						{"origin": [-1.35, -0.31121, -21.37742], "size": [2.6, 1.2, 4.3], "inflate": -0.4, "uv": [26, 121]},
						{"origin": [-1.25, 13.33064, -24.83309], "size": [2.4, 3.1, 4], "inflate": -0.4, "pivot": [-0.05, 11.85659, -23.43237], "rotation": [52.75, 0, 0], "uv": [118, 66]},
						{"origin": [-1.25, 11.37621, -25.14437], "size": [2.4, 3.1, 4], "inflate": -0.4, "pivot": [-0.05, 11.85659, -23.43237], "rotation": [43.75, 0, 0], "uv": [116, 96]},
						{"origin": [-1.25, 9.24004, -25.13477], "size": [2.4, 3.1, 4], "inflate": -0.4, "pivot": [-0.05, 11.85659, -23.43237], "rotation": [38.75, 0, 0], "uv": [116, 89]},
						{"origin": [-1.25, 7.28879, -24.80242], "size": [2.4, 3.1, 4], "inflate": -0.4, "pivot": [-0.05, 11.85659, -23.43237], "rotation": [29.75, 0, 0], "uv": [116, 82]},
						{"origin": [-1.15, 17.85564, -31.43309], "size": [2.2, 3.4, 4], "inflate": -0.56, "pivot": [-0.05, 16.68159, -30.03237], "rotation": [77.75, 0, 0], "uv": [17, 121]},
						{"origin": [-1.25, 16.17621, -31.74437], "size": [2.4, 3.1, 4], "inflate": -0.4, "pivot": [-0.05, 16.65659, -30.03237], "rotation": [68.75, 0, 0], "uv": [120, 113]},
						{"origin": [-1.25, 14.04004, -31.73477], "size": [2.4, 3.1, 4], "inflate": -0.4, "pivot": [-0.05, 16.65659, -30.03237], "rotation": [63.75, 0, 0], "uv": [112, 120]},
						{"origin": [-1.25, 12.08879, -31.40242], "size": [2.4, 3.1, 4], "inflate": -0.4, "pivot": [-0.05, 16.65659, -30.03237], "rotation": [54.75, 0, 0], "uv": [100, 120]},
						{"origin": [-1.25, 6.17558, -22.03825], "size": [2.4, 3.1, 4], "inflate": -0.4, "pivot": [-0.05, 6.71926, -20.112], "rotation": [23, 0, 0], "uv": [116, 75]},
						{"origin": [-1.25, 4.16379, -22.02742], "size": [2.4, 3.1, 4], "inflate": -0.4, "pivot": [-0.05, 6.71926, -20.112], "rotation": [14, 0, 0], "uv": [56, 115]},
						{"origin": [-1.25, 1.96379, -21.80242], "size": [2.4, 3.1, 4], "inflate": -0.4, "pivot": [-0.05, 6.47771, -20.43815], "rotation": [9, 0, 0], "uv": [44, 115]}
					]
				},
				{
					"name": "gun",
					"parent": "main",
					"pivot": [0, 0, 0],
					"cubes": [
						{"origin": [-0.95, 19.8, -8.7], "size": [1.8, 3.9, 17.9], "inflate": -0.4, "uv": [70, 55]},
						{"origin": [-1.688, 22.208, 7.24], "size": [3.17475, 1.469, 2.788], "inflate": -0.4, "pivot": [-0.0805, 20.9425, -16.013], "rotation": [0, 0, 45], "uv": [124, 126]},
						{"origin": [-1.2855, 22.467, 7.24], "size": [2.41, 1.371, 2.788], "inflate": -0.4, "pivot": [-0.0805, 20.9425, -16.013], "rotation": [0, 0, 90], "uv": [76, 127]},
						{"origin": [-1.2855, 18.617, 7.24], "size": [2.41, 4.646, 2.288], "inflate": -0.403, "pivot": [-0.0805, 20.9425, -16.013], "rotation": [0, 0, 90], "uv": [124, 120]},
						{"origin": [-1.2855, 18.047, 7.24], "size": [2.41, 1.371, 2.788], "inflate": -0.4, "pivot": [-0.0805, 20.9425, 16.026], "rotation": [0, 0, 90], "uv": [74, 111]},
						{"origin": [-1.688, 18.208, 7.24], "size": [3.17475, 1.469, 2.788], "inflate": -0.4, "pivot": [-0.0805, 20.9425, -16.013], "rotation": [0, 0, 135], "uv": [88, 126]},
						{"origin": [-0.39631, 19.11803, 7.24], "size": [3.17475, 1.469, 2.788], "inflate": -0.4, "pivot": [-0.0805, 19.14422, 8.634], "rotation": [0, 0, -135], "uv": [34, 127]},
						{"origin": [-0.39631, 15.79303, 7.24], "size": [3.17475, 4.119, 2.288], "inflate": -0.399, "pivot": [-0.0805, 19.14422, 8.634], "rotation": [0, 0, -135], "uv": [68, 121]},
						{"origin": [-1.2855, 18.872, 7.24], "size": [2.41, 1.341, 2.788], "inflate": -0.4, "pivot": [-0.0805, 19.14422, 8.634], "rotation": [0, 0, -180], "uv": [98, 127]},
						{"origin": [-1.2855, 14.872, 7.24], "size": [2.41, 4.841, 2.288], "inflate": -0.401, "pivot": [-0.0805, 19.14422, 8.634], "rotation": [0, 0, -180], "uv": [26, 126]},
						{"origin": [-0.39631, 17.70141, 7.24], "size": [3.17475, 1.469, 2.788], "inflate": -0.4, "pivot": [-0.0805, 19.14422, 8.634], "rotation": [0, 0, -45], "uv": [0, 127]},
						{"origin": [-0.39631, 18.35141, 7.24], "size": [3.17475, 4.169, 2.288], "inflate": -0.4, "pivot": [-0.0805, 19.14422, 8.634], "rotation": [0, 0, -45], "uv": [78, 121]},
						{"origin": [-1.2855, 22.497, 7.24], "size": [2.41, 1.341, 2.788], "inflate": -0.4, "uv": [62, 72]},
						{"origin": [-0.8185, 20.844, 8.192], "size": [1.47, 1.537, 1.604], "inflate": -0.4, "pivot": [-0.0835, 20.9425, -1.391], "rotation": [0, 0, 90], "uv": [76, 130]},
						{
							"origin": [-0.8185, 19.504, 8.192],
							"size": [1.47, 1.537, 1.604],
							"inflate": -0.403,
							"pivot": [-0.0835, 20.9425, 11.942],
							"rotation": [0, 0, 90],
							"uv": {
								"north": {"uv": [98, 123], "uv_size": [1, 2]},
								"east": {"uv": [24, 112], "uv_size": [2, 2]},
								"south": {"uv": [99, 123], "uv_size": [1, 2]},
								"west": {"uv": [98, 121], "uv_size": [2, 2]},
								"up": {"uv": [124, 40], "uv_size": [1, 2]},
								"down": {"uv": [125, 42], "uv_size": [1, -2]}
							}
						},
						{"origin": [-0.986, 19.571, 8.192], "size": [1.78825, 2.743, 1.604], "inflate": -0.402, "pivot": [-0.0835, 20.9425, -1.391], "rotation": [0, 0, 135], "uv": [122, 129]},
						{"origin": [-0.986, 19.571, 8.192], "size": [1.78825, 2.743, 1.604], "inflate": -0.404, "pivot": [-0.0835, 20.9425, -1.391], "rotation": [0, 0, 45], "uv": [92, 129]},
						{"origin": [-0.8185, 19.504, 8.192], "size": [1.47, 2.877, 1.604], "inflate": -0.401, "uv": [88, 129]},
						{"origin": [-0.95, 19.8, -23.8], "size": [1.8, 3.9, 13.2], "inflate": -0.4, "uv": [62, 75]},
						{"origin": [-1.7, 19.15, -23.8], "size": [3.3, 1.5, 13.6], "inflate": -0.4, "uv": [0, 72]},
						{"origin": [-1.7, 18.15, -23.8], "size": [3.3, 1.8, 2.6], "inflate": -0.4, "uv": [126, 60]},
						{"origin": [-1.7, 18.15, -12.8], "size": [3.3, 1.8, 2.6], "inflate": -0.4, "uv": [126, 63]},
						{"origin": [-1.45, 18.15, -22], "size": [2.8, 1.8, 10], "inflate": -0.4, "uv": [82, 103]},
						{"origin": [-1.4, 18.35, -11.2], "size": [2.7, 2.3, 19.7], "inflate": -0.399, "uv": [70, 34]},
						{"origin": [-0.65, 17.275, -2.6], "size": [1.2, 1.875, 1.2], "inflate": -0.4, "uv": [108, 130]},
						{"origin": [-0.65, 16.5, -2.85], "size": [1.2, 1.7, 1.2], "inflate": -0.4, "pivot": [-0.05, 17, -2.25], "rotation": [-19, 0, 0], "uv": [130, 129]},
						{"origin": [-0.65, 16.05, -3.35], "size": [1.2, 1.5, 1.2], "inflate": -0.4, "pivot": [-0.05, 16.35, -2.75], "rotation": [-38, 0, 0], "uv": [20, 131]},
						{"origin": [-0.65, 15.775, -3.925], "size": [1.2, 1.5, 1.2], "inflate": -0.4, "pivot": [-0.05, 16.075, -3.325], "rotation": [-60, 0, 0], "uv": [42, 131]},
						{"origin": [-1.5, 18.75, 6.025], "size": [2.95, 1.475, 1.475], "inflate": -0.4, "pivot": [-0.05, 19.55, 6.7], "rotation": [-27.5, 0, 0], "uv": [68, 119]},
						{"origin": [-1.6, 18.5, -10.5], "size": [3.05, 1.575, 1.575], "inflate": -0.4, "pivot": [-0.05, 19.3, -9.725], "rotation": [-27.5, 0, 0], "uv": [16, 112]},
						{"origin": [-1.5, 17.225, -1.1], "size": [2.95, 1.175, 1.175], "inflate": -0.4, "pivot": [-0.05, 17.625, -0.325], "rotation": [-27.5, 0, 0], "uv": [128, 84]},
						{"origin": [-1.5, 17.225, 1.8], "size": [2.95, 1.175, 1.175], "inflate": -0.4, "pivot": [-0.05, 17.625, 2.575], "rotation": [-27.5, 0, 0], "uv": [128, 86]},
						{"origin": [-1.6, 18.375, -13.825], "size": [3.1, 1.175, 1.175], "inflate": -0.4, "pivot": [-0.05, 18.775, -13.05], "rotation": [-27.5, 0, 0], "uv": [118, 73]},
						{"origin": [-1.6, 18.375, -21.625], "size": [3.1, 1.175, 1.175], "inflate": -0.4, "pivot": [-0.05, 18.775, -20.85], "rotation": [-27.5, 0, 0], "uv": [126, 73]},
						{"origin": [-0.575, 21.3, -34], "size": [1, 3.7, 1.9], "inflate": -0.399, "uv": [52, 101]},
						{"origin": [-0.575, 21.4, -33.3], "size": [1, 2.5, 1.3], "inflate": -0.4, "pivot": [-0.05, 23.25, -32.95], "rotation": [20, 0, 0], "uv": [128, 92]},
						{"origin": [-0.575, 21.1, -33.3], "size": [1, 2.5, 1.4], "inflate": -0.4, "pivot": [-0.05, 22.95, -32.85], "rotation": [35, 0, 0], "uv": [128, 95]},
						{"origin": [-0.575, 20.85, -33.2], "size": [1, 2.6, 1.3], "inflate": -0.4, "pivot": [-0.05, 22.7, -32.85], "rotation": [49, 0, 0], "uv": [128, 98]},
						{"origin": [-0.575, 21.1, -34], "size": [1, 1.5, 1.3], "inflate": -0.4, "pivot": [-0.05, 22.35, -33.05], "rotation": [-40, 0, 0], "uv": [130, 70]},
						{"origin": [-0.65, 14.95, -5.2], "size": [1.45, 1, 4.3], "inflate": -0.4, "uv": [58, 122]},
						{"origin": [-1.175, 22.45, -5.2], "size": [2.2, 1.4, 4.5], "inflate": -0.4, "uv": [112, 50]},
						{"origin": [0.025, 24.2, -3.55], "size": [1, 1.1, 1.225], "inflate": -0.4, "uv": [130, 66]},
						{"origin": [-1.175, 24.2, -3.55], "size": [1, 1.1, 1.225], "inflate": -0.4, "uv": [130, 68]},
						{"origin": [0.025, 20.45, -3.85], "size": [1, 3.4, 3.075], "inflate": -0.399, "pivot": [-0.1, 23.3, -1.325], "rotation": [-45, 0, 0], "uv": [82, 91]},
						{"origin": [-1.175, 20.45, -4.275], "size": [1, 3.4, 3.075], "inflate": -0.4, "pivot": [-1.25, 23.3, -1.75], "rotation": [-45, 0, 0], "uv": [124, 34]},
						{"origin": [0.025, 20.45, -4.275], "size": [1, 3.4, 3.075], "inflate": -0.4, "pivot": [-0.1, 23.3, -1.75], "rotation": [-45, 0, 0], "uv": [74, 105]},
						{"origin": [-1.175, 20.45, -3.85], "size": [1, 3.4, 3.075], "inflate": -0.399, "pivot": [-1.25, 23.3, -1.325], "rotation": [-45, 0, 0], "uv": [82, 97]},
						{"origin": [-0.975, 22.65, -3.45], "size": [1.8, 1.875, 1.025], "inflate": -0.4, "uv": [12, 130]},
						{"origin": [-0.3, 23.725, -3.45], "size": [1.125, 1.275, 1], "inflate": -0.4, "uv": [34, 130]},
						{"origin": [-0.975, 23.725, -3.45], "size": [1.125, 1.275, 1], "inflate": -0.4, "uv": [38, 130]},
						{"origin": [-0.65, 17.2, -7.7], "size": [1.45, 1, 4.3], "inflate": -0.4, "pivot": [-0.05, 17.7, -5.55], "rotation": [-90, 0, 0], "uv": [122, 103]},
						{"origin": [-0.65, 15.45, -6], "size": [1.45, 1, 1.25], "inflate": -0.4, "pivot": [-0.05, 15.95, -5.525], "rotation": [-56, 0, 0], "uv": [0, 130]},
						{"origin": [-0.65, 15.125, -5.75], "size": [1.45, 1, 1.025], "inflate": -0.4, "pivot": [-0.05, 15.625, -5.3], "rotation": [-39, 0, 0], "uv": [8, 130]},
						{"origin": [-0.65, 15.025, -5.6], "size": [1.45, 1, 1.25], "inflate": -0.4, "pivot": [-0.05, 15.525, -5.125], "rotation": [-12, 0, 0], "uv": [4, 130]},
						{"origin": [-1.4, 18.15, -11.5], "size": [2.7, 2.3, 2.8], "inflate": -0.4, "pivot": [-0.05, 19.3, -10.15], "rotation": [11, 0, 0], "uv": [44, 127]},
						{"origin": [-1.4, 17.9, -12], "size": [2.7, 2.3, 2.7], "inflate": -0.4, "pivot": [-0.05, 19.05, -10.65], "rotation": [40, 0, 0], "uv": [52, 127]},
						{"origin": [-1.4, 16.3, 1.8], "size": [2.7, 2.3, 3.7], "inflate": -0.401, "pivot": [-0.05, 17.45, 2.55], "rotation": [63, 0, 0], "uv": [88, 121]},
						{"origin": [-1.4, 13.9, 2.2], "size": [2.7, 2.3, 3.7], "inflate": -0.402, "pivot": [-0.05, 15.05, 2.95], "rotation": [98, 0, 0], "uv": [38, 122]},
						{"origin": [-1.4, 12.3, -5.15], "size": [2.7, 2.3, 11.65], "inflate": -0.406, "pivot": [-0.05, 13.45, 3.55], "rotation": [110, 0, 0], "uv": [26, 101]},
						{"origin": [-1.4, 12.1, -2.125], "size": [2.7, 5.825, 4.525], "inflate": -0.4, "pivot": [-0.05, 16.65, -0.55], "rotation": [90, 0, 0], "uv": [106, 66]},
						{"origin": [-1.4, 10.4, -3], "size": [2.7, 4.2, 6.2], "inflate": -0.401, "pivot": [-0.05, 13.45, 0.25], "rotation": [113, 0, 0], "uv": [106, 103]},
						{"origin": [-1.4, 7.2, -2.1], "size": [2.7, 4.5, 6.2], "inflate": -0.402, "pivot": [-0.05, 10.55, 1.15], "rotation": [102, 0, 0], "uv": [0, 112]},
						{"origin": [-1.4, 6.2, -4], "size": [2.7, 5.5, 4.9], "inflate": -0.403, "pivot": [-0.05, 10.55, 1.35], "rotation": [94, 0, 0], "uv": [112, 34]},
						{"origin": [-1.4, 3.4637, 1.42627], "size": [2.7, 2.3, 1.8], "inflate": -0.4, "pivot": [-0.05, 4.9137, 1.82627], "rotation": [119, 0, 0], "uv": [20, 128]},
						{"origin": [-1.4, 12.3, -5.425], "size": [2.7, 3, 1.1], "inflate": -0.4, "pivot": [-0.05, 13.45, 3.55], "rotation": [110, 0, 0], "uv": [10, 126]},
						{"origin": [-1.4, 5.3387, 3.15127], "size": [2.7, 1.075, 2.65], "inflate": -0.4, "pivot": [-0.05, 5.3137, 4.25127], "rotation": [-158, 0, 0], "uv": [106, 127]},
						{"origin": [-1.4, 4.9637, 2.85127], "size": [2.7, 1.025, 1.875], "inflate": -0.4, "pivot": [-0.05, 4.9137, 3.32627], "rotation": [-175, 0, 0], "uv": [128, 90]},
						{"origin": [-1.4, 4.8637, 2.05127], "size": [2.7, 1, 1.875], "inflate": -0.4, "pivot": [-0.05, 4.8137, 2.52627], "rotation": [162, 0, 0], "uv": [128, 88]},
						{"origin": [-1.4, 4.8887, 1.27627], "size": [2.7, 1.025, 1.95], "inflate": -0.399, "pivot": [-0.05, 4.9137, 1.82627], "rotation": [119, 0, 0], "uv": [44, 114]},
						{"origin": [-1.4, 3.9637, 2.12627], "size": [2.7, 1.7, 1.8], "inflate": -0.4, "pivot": [-0.05, 4.8137, 2.52627], "rotation": [162, 0, 0], "uv": [100, 118]},
						{"origin": [-1.4, 3.4637, 2.92627], "size": [2.7, 2.3, 1.8], "inflate": -0.4, "pivot": [-0.05, 4.9137, 3.32627], "rotation": [-175, 0, 0], "uv": [128, 75]},
						{"origin": [-1.4, 4.0637, 2.45127], "size": [2.7, 2.1, 3.35], "inflate": -0.4, "pivot": [-0.05, 5.3137, 4.25127], "rotation": [-158, 0, 0], "uv": [48, 122]},
						{"origin": [-1.4, 11.2637, 2.47627], "size": [2.7, 2.1, 5.55], "inflate": -0.399, "pivot": [-0.05, 12.5137, 4.27627], "rotation": [-65.25, 0, 0], "uv": [112, 43]},
						{"origin": [-1.4, 7.58847, 4.51754], "size": [2.7, 2.1, 2.25], "inflate": -0.4, "pivot": [-0.05, 8.63847, 5.79254], "rotation": [-68.25, 0, 0], "uv": [60, 127]},
						{"origin": [-1.4, 7.61347, 5.96754], "size": [2.7, 2.1, 1.95], "inflate": -0.4, "pivot": [-0.05, 8.66347, 5.84254], "rotation": [-73.25, 0, 0], "uv": [128, 78]},
						{"origin": [-1.4, 6.63847, 6.34254], "size": [2.7, 2.1, 2.125], "inflate": -0.4, "pivot": [-0.05, 7.68847, 6.24254], "rotation": [-84.25, 0, 0], "uv": [68, 127]},
						{"origin": [-1.4, 17, 1.8], "size": [2.7, 2.3, 3.5], "inflate": -0.404, "pivot": [-0.05, 18.15, 2.55], "rotation": [37, 0, 0], "uv": [0, 122]},
						{"origin": [-1.7, 17.35, -22.8], "size": [3.3, 1.6, 12.6], "inflate": -0.4, "uv": [0, 86]},
						{"origin": [-1.7, 17.5, -23.7], "size": [3.3, 2.075, 2], "inflate": -0.402, "pivot": [-0.05, 18.775, -22.7], "rotation": [52, 0, 0], "uv": [122, 108]},
						{"origin": [-0.78592, 20.21172, -35.0088], "size": [1.51154, 2.19896, 12.93328], "inflate": -0.4, "pivot": [-0.02412, 21.3112, -26.84216], "rotation": [0, 0, 135], "uv": [56, 91]},
						{"origin": [-0.78592, 20.21172, -35.0088], "size": [1.51154, 2.19896, 12.93328], "inflate": -0.4, "pivot": [-0.02412, 21.3112, -26.84216], "rotation": [0, 0, 45], "uv": [90, 89]},
						{"origin": [-0.66532, 20.16348, -35.0088], "size": [1.2824, 2.29544, 12.93328], "inflate": -0.4, "pivot": [-0.02412, 21.3112, -26.84216], "rotation": [0, 0, 90], "uv": [90, 75]},
						{"origin": [-0.66532, 20.16348, -35.0088], "size": [1.2824, 2.29544, 12.93328], "inflate": -0.4, "uv": [30, 87]},
						{"origin": [-0.56595, 22.06304, -26.98178], "size": [1.10596, 1.40155, 6.01731], "inflate": -0.4, "pivot": [-0.01037, 22.76382, -23.24213], "rotation": [0, 0, 135], "uv": [74, 114]},
						{"origin": [-0.56595, 22.06304, -26.98178], "size": [1.10596, 1.40155, 6.01731], "inflate": -0.4, "pivot": [-0.01037, 22.76382, -23.24213], "rotation": [0, 0, 45], "uv": [30, 114]},
						{"origin": [-0.51409, 22.0423, -26.98178], "size": [1.00743, 1.44304, 6.01731], "inflate": -0.4, "pivot": [-0.01037, 22.76382, -23.24213], "rotation": [0, 0, 90], "uv": [16, 114]},
						{"origin": [-0.73189, 22.0101, -26.98178], "size": [1.5, 1.5, 2.21731], "inflate": -0.4, "pivot": [0.01811, 22.7601, -26.07313], "rotation": [0, 0, 130], "uv": [128, 81]},
						{"origin": [-0.51409, 22.0423, -26.98178], "size": [1.00743, 1.44304, 6.01731], "inflate": -0.4, "uv": [106, 113]},
						{"origin": [-0.83609, 20.11624, -34.50794], "size": [1.60404, 2.38082, 3.89761], "inflate": -0.4, "pivot": [-0.02726, 21.30666, -25.33164], "rotation": [0, 0, 135], "uv": [126, 55]},
						{"origin": [-0.83609, 20.11624, -34.50794], "size": [1.60404, 2.38082, 3.89761], "inflate": -0.4, "pivot": [-0.02726, 21.30666, -25.33164], "rotation": [0, 0, 45], "uv": [126, 45]},
						{"origin": [-0.69981, 20.06173, -34.50794], "size": [1.34511, 2.48985, 3.89761], "inflate": -0.4, "pivot": [-0.02726, 21.30666, -25.33164], "rotation": [0, 0, 90], "uv": [126, 40]},
						{"origin": [-0.69981, 20.06173, -34.50794], "size": [1.34511, 2.48985, 3.89761], "inflate": -0.4, "uv": [124, 50]},
						{"origin": [-0.95, 19.8, -23.8], "size": [1.8, 1.9, 12], "inflate": -0.4, "pivot": [-0.05, 21.75, -7.3], "rotation": [0, 0, 90], "uv": [0, 99]},
						{"origin": [-0.95, 19.8, -4.9], "size": [1.8, 1.9, 14.1], "inflate": -0.4, "pivot": [-0.05, 21.75, 12.6], "rotation": [0, 0, 90], "uv": [32, 72]},
						{"origin": [-0.95, 21.8, -23.8], "size": [1.8, 1.9, 33], "inflate": -0.4, "pivot": [-0.05, 21.75, -7.3], "rotation": [0, 0, 90], "uv": [70, 0]},
						{"origin": [-1.2, 19.9, -23.8], "size": [2.275, 3.7, 33], "inflate": -0.402, "pivot": [-0.05, 21.75, -7.3], "rotation": [0, 0, 45], "uv": [0, 0]},
						{"origin": [-0.994, 19.616, -23.672], "size": [1.88, 4.148, 1.248], "inflate": -0.4, "uv": [114, 127]},
						{"origin": [-1.264, 19.724, -23.672], "size": [2.393, 3.932, 1.248], "inflate": -0.4, "pivot": [-0.054, 21.69, -5.884], "rotation": [0, 0, 135], "uv": [100, 114]},
						{"origin": [-0.994, 19.616, -23.672], "size": [1.88, 4.148, 1.248], "inflate": -0.4, "pivot": [-0.054, 21.69, -5.884], "rotation": [0, 0, 90], "uv": [84, 127]},
						{"origin": [-1.264, 19.724, -23.672], "size": [2.393, 3.932, 1.248], "inflate": -0.4, "pivot": [-0.054, 21.69, -5.884], "rotation": [0, 0, 45], "uv": [56, 87]},
						{"origin": [-0.994, 19.616, -21.972], "size": [1.88, 4.148, 1.248], "inflate": -0.4, "uv": [16, 128]},
						{"origin": [-1.264, 19.724, -21.972], "size": [2.393, 3.932, 1.248], "inflate": -0.4, "pivot": [-0.054, 21.69, -4.184], "rotation": [0, 0, 135], "uv": [10, 122]},
						{"origin": [-0.994, 19.616, -21.972], "size": [1.88, 4.148, 1.248], "inflate": -0.4, "pivot": [-0.054, 21.69, -4.184], "rotation": [0, 0, 90], "uv": [118, 127]},
						{"origin": [-1.264, 19.724, -21.972], "size": [2.393, 3.932, 1.248], "inflate": -0.4, "pivot": [-0.054, 21.69, -4.184], "rotation": [0, 0, 45], "uv": [68, 115]},
						{"origin": [-1.2, 19.9, -23.8], "size": [2.275, 3.7, 33], "inflate": -0.401, "pivot": [-0.05, 21.75, -7.3], "rotation": [0, 0, 135], "uv": [0, 36]}
					]
				},
				{
					"name": "action",
					"parent": "gun",
					"pivot": [0, 0, 0],
					"cubes": [
						{"origin": [-0.8, 21.2, -13], "size": [1.4, 2.2, 9.4], "inflate": -0.2, "uv": [106, 55]},
						{"origin": [-3.3, 19.025, -12.6], "size": [1.2, 2.65, 1.7], "inflate": -0.4, "pivot": [-2.7, 21.80623, -11.58398], "rotation": [0, 0, -90], "uv": [126, 129]},
						{"origin": [-3.3, 20.5974, -12.00647], "size": [1.2, 1.675, 1.475], "inflate": -0.401, "pivot": [-2.7, 21.80623, -11.58398], "rotation": [-47, 0, -90], "uv": [80, 130]},
						{"origin": [-3.3, 20.99632, -12.03229], "size": [1.2, 1.875, 1.375], "inflate": -0.4, "pivot": [-2.7, 21.80623, -11.58398], "rotation": [-4, 0, -90], "uv": [96, 130]},
						{"origin": [-3.3, 21.76626, -11.75494], "size": [1.2, 1.675, 1.325], "inflate": -0.401, "pivot": [-2.7, 21.80623, -11.58398], "rotation": [22, 0, -90], "uv": [100, 130]},
						{"origin": [-3.3, 21.87869, -11.04282], "size": [1.2, 1.7, 1.225], "inflate": -0.4, "pivot": [-2.7, 21.80623, -11.58398], "rotation": [61, 0, -90], "uv": [104, 130]},
						{"origin": [-1.7, 21, -13], "size": [2.3, 1.5, 9.4], "inflate": -0.2, "uv": [52, 105]}
					]
				},
				{
					"name": "rightarm",
					"parent": "main",
					"pivot": [-4.3, 8.8, 21.8],
					"rotation": [-101.81106, -12.40003, -2.46982],
					"cubes": [
						{"origin": [-8.3, -16.2, 17.8], "size": [8, 24, 8], "uv": [70, 34]}
					]
				},
				{
					"name": "leftarm",
					"parent": "main",
					"pivot": [10.7, 11.3, -8.6],
					"rotation": [-119.61483, 1.67666, -38.31282],
					"cubes": [
						{"origin": [3.4, -6.6, -13.8], "size": [8, 24, 8], "uv": [70, 66]}
					]
				},
				{
					"name": "muzzleflash",
					"parent": "main",
					"pivot": [0, 21.325, -35.25],
					"cubes": [
						{"origin": [-0.575, 20.825, -35.55], "size": [1, 1, 1], "inflate": -0.4, "uv": [26, 99]}
					]
				},
				{
					"name": "scope",
					"parent": "main",
					"pivot": [-0.075, 49.45, 7.75],
					"cubes": [
						{"origin": [-0.575, 23.95, 7.45], "size": [1, 1, 1], "inflate": -0.4, "uv": [128, 101]}
					]
				}
			]
		}
	]
}