{
	"format_version": "1.12.0",
	"minecraft:geometry": [
		{
			"description": {
				"identifier": "geometry.unknown",
				"texture_width": 256,
				"texture_height": 256,
				"visible_bounds_width": 10,
				"visible_bounds_height": 6,
				"visible_bounds_offset": [0, 2, 0]
			},
			"bones": [
				{
					"name": "bb_main",
					"pivot": [0, 0, 0]
				},
				{
					"name": "main",
					"pivot": [0, 20, 0]
				},
				{
					"name": "gun",
					"parent": "main",
					"pivot": [1.5304, 1.6145, 0.7],
					"cubes": [
						{"origin": [-0.99987, 21.29929, -53.3], "size": [2, 2, 13.4], "inflate": -0.3, "pivot": [-0.00196, 22.29929, -48.90118], "rotation": [0, 0, 22.5], "uv": [72, 166]},
						{"origin": [-0.75, 27.2, -28.3], "size": [1.2, 1.2, 1.9], "inflate": -0.4, "pivot": [0.25, 28.2, -21], "rotation": [0, 0, -20], "uv": [160, 198]},
						{"origin": [-1.12471, 24.61479, -45.9], "size": [2.25, 2.25, 6], "inflate": -0.3, "pivot": [0.00029, 25.73979, -42.9], "rotation": [0, 0, 22.5], "uv": [110, 181]},
						{"origin": [-0.99987, 21.29929, -44.2], "size": [2, 2, 1.7], "inflate": -0.15, "pivot": [-0.00196, 22.29929, -48.90118], "rotation": [0, 0, 22.5], "uv": [196, 168]},
						{"origin": [-0.67471, 24.01479, -45.45], "size": [1.7, 1.9, 4], "inflate": -0.3, "pivot": [0.00029, 25.13979, -44.45], "rotation": [-90, 45, 0], "uv": [176, 189]},
						{"origin": [-0.7, 25.65, -45.8], "size": [1.4, 3.425, 2.1], "inflate": -0.3, "uv": [118, 194]},
						{"origin": [-0.7, 25.65, -45.55], "size": [1.4, 3.3, 2.3], "inflate": -0.301, "pivot": [-0.125, 27.475, -44.35], "rotation": [14, 0, 0], "uv": [124, 194]},
						{"origin": [0.12876, 28.03761, -45.9], "size": [1, 1.525, 2.5], "inflate": -0.4, "pivot": [0.62876, 28.95011, -44.75], "rotation": [0, 0, 41], "uv": [196, 171]},
						{"origin": [0.22876, 28.63761, -45.9], "size": [1, 1.225, 2.5], "inflate": -0.4, "uv": [196, 174]},
						{"origin": [-0.07124, 28.86261, -45.9], "size": [1, 1.525, 2.5], "inflate": -0.4, "pivot": [0.42876, 29.77511, -44.75], "rotation": [0, 0, -41], "uv": [196, 177]},
						{"origin": [-1.22876, 28.63761, -45.9], "size": [1, 1.225, 2.5], "inflate": -0.4, "uv": [196, 180]},
						{"origin": [-0.92876, 28.86261, -45.9], "size": [1, 1.525, 2.5], "inflate": -0.4, "pivot": [-0.42876, 29.77511, -44.75], "rotation": [0, 0, 41], "uv": [196, 183]},
						{"origin": [-1.12876, 28.03761, -45.9], "size": [1, 1.525, 2.5], "inflate": -0.4, "pivot": [-0.62876, 28.95011, -44.75], "rotation": [0, 0, -41], "uv": [186, 196]},
						{"origin": [-0.55, 28.15, -45.3], "size": [1.1, 1.75, 1], "inflate": -0.5, "uv": [144, 198]},
						{"origin": [-0.2182, 28.2, -15.025], "size": [1.31648, 1, 2.6], "inflate": -0.4, "pivot": [1.31335, 28.5, -13.725], "rotation": [90, 0, 0], "uv": [196, 141]},
						{"origin": [-1.09828, 28.2, -15.025], "size": [1.31648, 1, 2.6], "inflate": -0.4, "pivot": [-1.31335, 28.5, -13.725], "rotation": [90, 0, 0], "uv": [196, 144]},
						{"origin": [-0.58321, 28.2, -15.025], "size": [1.16642, 1, 2.3], "inflate": -0.4, "pivot": [-0.28327, 28.5, -13.725], "rotation": [90, 0, 0], "uv": [196, 150]},
						{"origin": [0.2611, 27.26627, -13.84382], "size": [1.06593, 1.775, 2.2], "inflate": -0.4003, "pivot": [0.82406, 28.16627, -12.74382], "rotation": [-66.75, 0, 0], "uv": [196, 153]},
						{"origin": [0.26107, 28.59127, -15.09382], "size": [1.066, 1.55, 1.725], "inflate": -0.4003, "uv": [198, 115]},
						{"origin": [0.26106, 27.34127, -16.84382], "size": [1.06601, 1.7, 2.2], "inflate": -0.4001, "pivot": [0.82406, 28.16627, -15.74382], "rotation": [66.75, 0, 0], "uv": [154, 196]},
						{"origin": [0.26106, 27.06627, -14.51882], "size": [1.066, 2.775, 2.2], "inflate": -0.4002, "pivot": [0.82406, 28.96627, -13.41882], "rotation": [-31.75, 0, 0], "uv": [8, 195]},
						{"origin": [0.26106, 26.81627, -16.09382], "size": [1.06602, 2.75, 2.225], "inflate": -0.4, "pivot": [0.82406, 28.69127, -15.49382], "rotation": [31.75, 0, 0], "uv": [14, 195]},
						{"origin": [-1.32174, 27.21627, -16.39382], "size": [1.06602, 1.25, 1.325], "inflate": -0.4, "pivot": [-0.81874, 28.69127, -15.49382], "rotation": [31.75, 0, 0], "uv": [168, 198]},
						{"origin": [0.26106, 27.21627, -16.39382], "size": [1.06602, 1.25, 1.325], "inflate": -0.401, "pivot": [0.82406, 28.69127, -15.49382], "rotation": [31.75, 0, 0], "uv": [164, 198]},
						{"origin": [-1.32174, 27.21627, -14.39382], "size": [1.06602, 1.25, 1.325], "inflate": -0.4, "pivot": [-0.81874, 28.69127, -13.49382], "rotation": [31.75, 0, 0], "uv": [168, 198]},
						{"origin": [0.26106, 27.21627, -14.39382], "size": [1.06602, 1.25, 1.325], "inflate": -0.401, "pivot": [0.82406, 28.69127, -13.49382], "rotation": [31.75, 0, 0], "uv": [164, 198]},
						{"origin": [-1.32174, 27.34127, -16.84382], "size": [1.06601, 1.7, 2.2], "inflate": -0.4001, "pivot": [-0.81874, 28.16627, -15.74382], "rotation": [66.75, 0, 0], "uv": [196, 156]},
						{"origin": [-1.32174, 26.81627, -16.09382], "size": [1.06602, 2.75, 2.225], "inflate": -0.4, "pivot": [-0.81874, 28.69127, -15.49382], "rotation": [31.75, 0, 0], "uv": [34, 195]},
						{"origin": [-1.32174, 27.06627, -14.51882], "size": [1.066, 2.775, 2.2], "inflate": -0.4002, "pivot": [-0.81874, 28.96627, -13.41882], "rotation": [-31.75, 0, 0], "uv": [50, 195]},
						{"origin": [-1.32173, 28.59127, -15.09382], "size": [1.066, 1.55, 1.725], "inflate": -0.4003, "uv": [198, 117]},
						{"origin": [-1.32174, 27.26627, -13.84382], "size": [1.06601, 1.775, 2.2], "inflate": -0.4001, "pivot": [-0.81874, 28.16627, -12.74382], "rotation": [-66.75, 0, 0], "uv": [196, 159]},
						{"origin": [0.26107, 27.31627, -23.34382], "size": [1.066, 1.05, 7.475], "inflate": -0.4003, "uv": [154, 94]},
						{"origin": [0.26106, 27.24127, -24.34382], "size": [1.06601, 1.725, 2.35], "inflate": -0.4001, "pivot": [0.82406, 28.09127, -23.04382], "rotation": [-45, 0, 0], "uv": [196, 162]},
						{"origin": [-1.22707, 27.025, -23.225], "size": [2.45414, 1, 11.5], "inflate": -0.3, "uv": [170, 0]},
						{"origin": [0.17876, 27.98473, -24.34871], "size": [1.04026, 1.725, 1.125], "inflate": -0.4001, "pivot": [0.71601, 28.82223, -23.73621], "rotation": [129, 25, -28.25], "uv": [130, 198]},
						{"origin": [-1.32706, 27.31627, -23.34382], "size": [1.066, 1.05, 7.4], "inflate": -0.4003, "uv": [94, 181]},
						{"origin": [-1.32707, 27.24127, -24.34382], "size": [1.06601, 1.725, 2.35], "inflate": -0.4001, "pivot": [-0.82406, 28.09127, -23.04382], "rotation": [-45, 0, 0], "uv": [196, 165]},
						{"origin": [-1.021, 29.25, -25.125], "size": [2.06419, 1.275, 1.3], "inflate": -0.302, "pivot": [-0.28327, 29.7, -23.025], "rotation": [90, 0, 0], "uv": [198, 80]},
						{"origin": [-1.20336, 27.95973, -24.27371], "size": [1.04026, 1.725, 1.125], "inflate": -0.4001, "pivot": [-0.7261, 28.82223, -23.76121], "rotation": [-52.5, -25, 28.25], "uv": [140, 198]},
						{"origin": [-2.44504, 20.31487, -23.73354], "size": [1.64681, 4.18726, 31.13761], "inflate": -0.395, "uv": [70, 37]},
						{"origin": [-1.59822, 20.31487, -23.75854], "size": [4.09317, 4.18726, 31.16261], "inflate": -0.399, "uv": [0, 37]},
						{"origin": [-2.44822, 20.73987, -25.73354], "size": [4.94317, 3.13726, 2.78761], "inflate": -0.399, "uv": [188, 99]},
						{"origin": [-0.59822, 20.41487, 3.66646], "size": [4.09317, 2, 2], "inflate": -0.4, "pivot": [1.44836, 21.4085, 4.64776], "rotation": [-22.5, 0, 0], "uv": [22, 189]},
						{"origin": [-2.54822, 22.51487, 4.66646], "size": [5.21817, 1.3, 1.3], "inflate": -0.4, "pivot": [0.62336, 22.8085, 4.94776], "rotation": [-22.5, 0, 0], "uv": [166, 148]},
						{"origin": [-2.54822, 18.91487, 3.56646], "size": [5.21817, 1.4, 1.4], "inflate": -0.4, "pivot": [0.62336, 19.2085, 3.94776], "rotation": [-22.5, 0, 0], "uv": [178, 148]},
						{"origin": [-2.54822, 20.31487, -19.63354], "size": [5.21817, 1.4, 1.4], "inflate": -0.4, "pivot": [0.62336, 20.6085, -19.25224], "rotation": [-22.5, 0, 0], "uv": [188, 127]},
						{"origin": [-2.54822, 22.31487, -22.73354], "size": [5.21817, 1.5, 1.5], "inflate": -0.4, "pivot": [0.62336, 22.7085, -22.35224], "rotation": [-22.5, 0, 0], "uv": [54, 190]},
						{"origin": [-2.54822, 22.31487, -24.93354], "size": [5.21817, 1.5, 1.5], "inflate": -0.4, "pivot": [0.62336, 22.7085, -24.55224], "rotation": [-22.5, 0, 0], "uv": [66, 190]},
						{"origin": [1.50668, 20.50297, -11.3673], "size": [1.27062, 1.92925, 13.12602], "inflate": -0.399, "uv": [132, 167]},
						{"origin": [-1.12769, 20.33848, 0.51179], "size": [3.90482, 2.07006, 2.07006], "inflate": -0.401, "pivot": [0.91881, 21.44407, 1.14693], "rotation": [-45, 0, 0], "uv": [190, 24]},
						{"origin": [1.50676, 19.37397, -11.36722], "size": [1.27045, 1.92909, 1.08227], "inflate": -0.4, "uv": [162, 192]},
						{"origin": [1.50684, 19.18587, -10.8026], "size": [1.27029, 4.37528, 1.1762], "inflate": -0.401, "pivot": [0.73063, 20.15033, -10.2145], "rotation": [-72, 0, 0], "uv": [32, 154]},
						{"origin": [1.50684, 19.27996, -11.55532], "size": [1.27029, 4.093, 1.55256], "inflate": -0.401, "pivot": [0.73063, 20.15033, -10.2145], "rotation": [-72, 0, 0], "uv": [32, 159]},
						{"origin": [1.50676, 19.84442, -7.22724], "size": [1.27045, 1.48216, 8.98587], "inflate": -0.4, "uv": [160, 180]},
						{"origin": [1.50684, 18.8095, -7.22716], "size": [1.27029, 1.85836, 4.75164], "inflate": -0.401, "uv": [44, 189]},
						{"origin": [-2.46413, 18.35829, 5.53952], "size": [4.58271, 6.05566, 2.02772], "inflate": -0.4, "pivot": [0.44836, 22.43646, 6.69224], "rotation": [-3, 0, 0], "uv": [201, 105]},
						{"origin": [-2.53913, 17.73329, 5.83952], "size": [4.65771, 1.45566, 1.72772], "inflate": -0.4, "pivot": [0.44836, 22.43646, 6.69224], "rotation": [-3, 0, 0], "uv": [190, 148]},
						{"origin": [1.31858, 22.13055, 5.8277], "size": [1.74091, 2.2584, 1.7409], "inflate": -0.4, "pivot": [4.30607, 22.43646, 6.98043], "rotation": [-3, 0, 0], "uv": [166, 102]},
						{"origin": [1.31858, 17.70829, 5.8277], "size": [1.74091, 1.4584, 1.7409], "inflate": -0.4, "pivot": [4.30607, 22.43646, 6.98043], "rotation": [-3, 0, 0], "uv": [198, 93]},
						{"origin": [-1.59822, 23.70213, -23.73447], "size": [4.09317, 2.02318, 20.18673], "inflate": -0.4, "uv": [132, 72]},
						{"origin": [1.86994, 24.77713, -17.13447], "size": [1.2, 1.2, 22.88673], "inflate": -0.4, "pivot": [1.02336, 25.33872, -5.6911], "rotation": [0, 0, 45], "uv": [134, 32]},
						{"origin": [-2.23006, 24.77713, -2.63447], "size": [1.2, 1.2, 8.38673], "inflate": -0.4, "pivot": [-3.07664, 25.33872, -5.6911], "rotation": [0, 0, 45], "uv": [76, 181]},
						{"origin": [-2.44822, 23.07713, -24.03447], "size": [4.94317, 2.67318, 1.1], "inflate": -0.4, "uv": [54, 192]},
						{"origin": [-1.19787, 25.55213, -25.43447], "size": [2.3918, 2.97318, 2.5], "inflate": -0.4, "uv": [110, 192]},
						{"origin": [-1.04822, 25.55213, -27.73447], "size": [2.06817, 2.585, 3.1], "inflate": -0.4, "uv": [10, 190]},
						{"origin": [-0.72287, 27.12713, -27.73447], "size": [1.4168, 1.32318, 3.1], "inflate": -0.4, "uv": [154, 192]},
						{"origin": [-0.22287, 27.35213, -27.73447], "size": [1.2418, 1.09818, 3.1], "inflate": -0.401, "pivot": [0.24803, 27.90122, -26.58447], "rotation": [0, 0, 45], "uv": [186, 192]},
						{"origin": [-1.84822, 25.35213, -27.53447], "size": [3.66817, 1.485, 4.3], "inflate": -0.4, "uv": [92, 32]},
						{"origin": [-1.28358, 26.28748, -27.53447], "size": [1.2668, 1.09818, 4.3], "inflate": -0.4, "uv": [190, 19], "mirror": true},
						{"origin": [-1.93358, 25.28748, -27.53447], "size": [1.5668, 2.09818, 4.3], "inflate": -0.4, "pivot": [-0.81268, 26.83657, -25.38447], "rotation": [0, 0, -45], "uv": [34, 189], "mirror": true},
						{"origin": [0.01678, 26.28748, -27.53447], "size": [1.2668, 1.09818, 4.3], "inflate": -0.4, "uv": [190, 19]},
						{"origin": [-0.75822, 26.66248, -28.58447], "size": [1.5668, 1.11, 1.65], "inflate": -0.4, "uv": [148, 198]},
						{"origin": [0.36678, 25.28748, -27.53447], "size": [1.5668, 2.09818, 4.3], "inflate": -0.4, "pivot": [0.81268, 26.83657, -25.38447], "rotation": [0, 0, 45], "uv": [34, 189]},
						{"origin": [-1.04393, 27.35213, -27.73447], "size": [1.2418, 1.09818, 3.1], "inflate": -0.401, "pivot": [-0.27303, 27.90122, -26.58447], "rotation": [0, 0, -45], "uv": [186, 192], "mirror": true},
						{"origin": [-2.02322, 23.57713, -28.63447], "size": [4.09317, 2.77318, 5.7], "inflate": -0.4, "uv": [170, 12]},
						{"origin": [-2.02322, 25.55213, -28.63447], "size": [4.09317, 1.44818, 2], "inflate": -0.4, "uv": [186, 189]},
						{"origin": [-0.14822, 26.15213, -28.63447], "size": [2.29317, 1.74818, 2], "inflate": -0.4, "pivot": [0.09836, 27.17622, -27.58447], "rotation": [0, 0, 31.25], "uv": [194, 63]},
						{"origin": [-0.14822, 26.15213, -24.03447], "size": [2.29317, 1.74818, 1.1], "inflate": -0.4, "pivot": [0.09836, 27.17622, -23.88447], "rotation": [0, 0, 31.25], "uv": [198, 82]},
						{"origin": [-2.09494, 26.15213, -28.63447], "size": [2.29317, 1.74818, 2], "inflate": -0.4, "pivot": [-0.04836, 27.17622, -27.58447], "rotation": [0, 0, -31.25], "uv": [202, 63], "mirror": true},
						{"origin": [-2.09494, 26.15213, -24.03447], "size": [2.29317, 1.74818, 1.1], "inflate": -0.4, "pivot": [-0.04836, 27.17622, -23.88447], "rotation": [0, 0, -31.25], "uv": [198, 82], "mirror": true},
						{"origin": [-2.02322, 25.55213, -24.03447], "size": [4.09317, 1.44818, 1.1], "inflate": -0.4, "uv": [126, 192]},
						{"origin": [-2.44822, 23.07713, -25.75947], "size": [4.94317, 1.1, 2.525], "inflate": -0.4, "uv": [94, 189]},
						{"origin": [-2.24822, 23.37713, -25.73447], "size": [4.54317, 2, 2.5], "inflate": -0.4, "uv": [188, 123]},
						{"origin": [-2.24822, 23.57713, -25.63447], "size": [4.54317, 2, 2.55], "inflate": -0.399, "pivot": [0.04836, 24.57713, -24.35947], "rotation": [12, 0, 0], "uv": [126, 188]},
						{"origin": [-2.44822, 23.07713, -25.23447], "size": [4.94317, 1.1, 2.3], "inflate": -0.402, "pivot": [0.02336, 23.62713, -23.98447], "rotation": [45, 0, 0], "uv": [106, 189]},
						{"origin": [-2.29483, 24.55213, -42.83447], "size": [4.59859, 2.52318, 14.38673], "inflate": -0.4, "uv": [36, 152]},
						{"origin": [-2.29483, 22.35213, -42.83447], "size": [4.59859, 1.92318, 15.11173], "inflate": -0.4, "uv": [128, 134]},
						{"origin": [-1.97134, 25.95577, -29.39774], "size": [2.56826, 1.81702, 1.60739], "inflate": -0.4, "pivot": [-0.88763, 26.79178, -22.34405], "rotation": [0, 0, -47], "uv": [198, 74]},
						{"origin": [-0.59318, 25.95577, -29.39774], "size": [2.56826, 1.81702, 1.60739], "inflate": -0.4, "pivot": [0.89138, 26.79178, -22.34405], "rotation": [0, 0, 47], "uv": [198, 72]},
						{"origin": [-0.96975, 26.28702, -29.39774], "size": [1.95173, 2.10452, 1.60739], "inflate": -0.399, "uv": [198, 90]},
						{"origin": [-2.18509, 24.15702, -29.39774], "size": [4.35866, 2.92702, 1.60739], "inflate": -0.399, "uv": [64, 192]},
						{"origin": [-1.97134, 25.95577, -43.59774], "size": [2.56826, 1.81702, 1.60739], "inflate": -0.4, "pivot": [-0.88763, 26.79178, -36.54405], "rotation": [0, 0, -47], "uv": [198, 74]},
						{"origin": [-0.96975, 26.28702, -43.59774], "size": [1.95173, 2.10452, 1.60739], "inflate": -0.399, "uv": [198, 90]},
						{"origin": [-0.59318, 25.95577, -43.59774], "size": [2.56826, 1.81702, 1.60739], "inflate": -0.4, "pivot": [0.89138, 26.79178, -36.54405], "rotation": [0, 0, 47], "uv": [198, 72]},
						{"origin": [-2.18509, 24.15702, -43.59774], "size": [4.35866, 2.92702, 1.60739], "inflate": -0.399, "uv": [64, 192]},
						{"origin": [-2.47134, 19.87721, -43.59774], "size": [2.56826, 1.71702, 1.80739], "inflate": -0.4, "pivot": [-1.38763, 20.85822, -36.34405], "rotation": [0, 0, 47], "uv": [72, 198]},
						{"origin": [-0.09318, 19.87721, -43.59774], "size": [2.56826, 1.71702, 1.80739], "inflate": -0.4, "pivot": [1.39138, 20.85822, -36.34405], "rotation": [0, 0, -47], "uv": [198, 70]},
						{"origin": [-1.46975, 19.25846, -43.59774], "size": [2.95173, 2.12952, 1.80739], "inflate": -0.399, "uv": [196, 3]},
						{"origin": [-2.68509, 20.56596, -43.59774], "size": [5.35866, 4.25202, 1.58239], "inflate": -0.399, "uv": [184, 129]},
						{"origin": [-2.79483, 20.50213, -42.83447], "size": [5.59859, 4.32318, 3.23673], "inflate": -0.398, "uv": [126, 181]},
						{"origin": [-2.79483, 20.50213, -40.55947], "size": [5.59859, 2.67318, 15.63673], "inflate": -0.397, "uv": [134, 55]},
						{"origin": [-2.79483, 19.65213, -40.85947], "size": [5.59859, 1.77318, 13.68673], "inflate": -0.399, "pivot": [2.1603, -2.0855, -16.3], "rotation": [-2, 0, 0], "uv": [72, 152]},
						{"origin": [-2.79483, 22.37713, -28.53447], "size": [5.59859, 2.44818, 3.61173], "inflate": -0.398, "uv": [76, 32]},
						{"origin": [-2.79483, 21.50213, -29.38447], "size": [5.59859, 2.49818, 1.68673], "inflate": -0.399, "pivot": [0.00446, 22.75122, -28.0911], "rotation": [-45, 0, 0], "uv": [154, 189]},
						{"origin": [-2.79483, 21.50213, -40.57726], "size": [5.59859, 2.49818, 1.68673], "inflate": -0.399, "pivot": [0.00446, 22.75122, -40.1839], "rotation": [45, 0, 0], "uv": [154, 189]},
						{"origin": [-1.01421, 26.25213, -42.83447], "size": [2.06235, 2.19818, 14.38673], "inflate": -0.4, "uv": [0, 154]},
						{"origin": [-2.53921, 18.32119, -42.83447], "size": [2.84, 1.724, 16.88673], "inflate": -0.4, "pivot": [0, 20.01353, -34.3911], "rotation": [-1.36429, 1.46257, 46.98259], "uv": [29, 115]},
						{"origin": [-2.78921, 18.13233, -32.35977], "size": [5.58735, 3.07318, 5.56173], "inflate": -0.399, "pivot": [0, 19.93673, -28.2281], "rotation": [-31, 0, 0], "uv": [180, 47]},
						{"origin": [-2.78921, 17.80733, -28.48477], "size": [5.58735, 3.49818, 3.56173], "inflate": -0.4, "uv": [26, 183]},
						{"origin": [-0.30079, 18.32119, -42.83447], "size": [2.815, 1.724, 16.88673], "inflate": -0.4, "pivot": [0, 20.01353, -34.3911], "rotation": [-1.36429, -1.46257, -46.98259], "uv": [0, 137], "mirror": true},
						{"origin": [-1.41421, 18.79969, -42.83447], "size": [2.81235, 1.92318, 16.88673], "inflate": -0.4, "pivot": [0, 20.01353, -34.3911], "rotation": [-2, 0, 0], "uv": [128, 150]},
						{"origin": [-0.5665, 25.87713, -42.83447], "size": [2.66133, 1.92318, 14.38673], "inflate": -0.4, "pivot": [0.97513, 26.78872, -35.6411], "rotation": [0, 0, 47], "uv": [164, 150]},
						{"origin": [-2.06983, 25.87713, -42.83447], "size": [2.66133, 1.92318, 14.38673], "inflate": -0.4, "pivot": [-0.95013, 26.78872, -35.6411], "rotation": [0, 0, -47], "uv": [164, 165]},
						{"origin": [-2.29483, 24.15213, -42.83447], "size": [4.59859, 1.22318, 3.23673], "inflate": -0.4, "uv": [106, 32]},
						{"origin": [-2.29483, 24.15213, -37.43447], "size": [4.59859, 1.22318, 3.98673], "inflate": -0.4, "uv": [120, 32]},
						{"origin": [-2.29483, 23.45213, -31.23447], "size": [4.59859, 1.37318, 3.51173], "inflate": -0.4, "uv": [58, 176]},
						{"origin": [-2.29483, 23.45213, -37.43447], "size": [4.59859, 1.37318, 3.98673], "inflate": -0.4, "uv": [170, 129]},
						{"origin": [-2.29483, 24.15213, -31.23447], "size": [4.59859, 1.22318, 2.78673], "inflate": -0.4, "uv": [154, 102]},
						{"origin": [-0.93959, 24.4902, 4.03998], "size": [1.92909, 1.99534, 2.44511], "inflate": -0.4, "uv": [56, 195]},
						{"origin": [-0.93959, 24.23145, 5.45134], "size": [1.92909, 2.18204, 1.27045], "inflate": -0.4, "pivot": [0.02495, 25.33713, 5.33384], "rotation": [23, 0, 0], "uv": [198, 84]},
						{"origin": [-2.44512, 23.70205, -4.34782], "size": [4.94015, 2.02334, 10.59936], "inflate": -0.399, "uv": [136, 19]},
						{"origin": [-2.44504, 24.26076, -12.02041], "size": [1.36454, 1.46454, 8.49619], "inflate": -0.4, "uv": [178, 180]},
						{"origin": [-0.93967, 22.76114, 3.80479], "size": [1.92925, 5.48117, 2.49379], "inflate": -0.399, "pivot": [-0.06914, 25.04303, 5.28691], "rotation": [43, 0, 0], "uv": [26, 170]},
						{"origin": [0.18941, 22.76114, 3.80479], "size": [1.59993, 4.39912, 2.49379], "inflate": -0.399, "pivot": [-0.06914, 25.04303, 5.28691], "rotation": [43, 0, 0], "uv": [174, 66]},
						{"origin": [-0.01099, 25.31305, 2.45754], "size": [1.45863, 2.16431, 2.49363], "inflate": -0.4, "pivot": [0.71833, 26.39521, 3.70436], "rotation": [36.85554, 23.933, -28.42107], "uv": [130, 194]},
						{"origin": [-0.66962, 23.36068, 2.45754], "size": [1.55272, 1.99965, 2.49363], "inflate": -0.4, "pivot": [0.71833, 26.39521, 3.70436], "rotation": [36.85554, 23.933, -28.42107], "uv": [62, 195]},
						{"origin": [0.98926, 22.76122, 3.80487], "size": [1.50568, 2.49363, 2.49363], "inflate": -0.398, "pivot": [-0.06914, 25.04303, 5.28691], "rotation": [43, 0, 0], "uv": [162, 194]},
						{"origin": [-0.93959, 22.50248, -23.72946], "size": [1.92909, 5.41043, 27.93444], "inflate": -0.4, "uv": [0, 105]},
						{"origin": [-0.98959, 26.67748, -1.17946], "size": [2.00409, 1.56043, 4.25944], "inflate": -0.7, "uv": [188, 104]},
						{"origin": [-0.98959, 26.67748, -9.57946], "size": [2.00409, 1.56043, 5.95944], "inflate": -0.7, "uv": [42, 183]},
						{"origin": [-2.44504, 17.87015, -26.90528], "size": [4.93998, 3.48158, 34.02992], "inflate": -0.4, "pivot": [0.03748, 10.847, -7.81659], "rotation": [-0.75, 0, 0], "uv": [0, 0]},
						{"origin": [-1.02777, 14.24158, -9.51801], "size": [2.10545, 4.44975, 1], "inflate": -0.4, "uv": [136, 192]},
						{"origin": [-1.02777, 9.7938, -11.26195], "size": [2.10545, 5.12475, 1], "inflate": -0.4, "pivot": [0.03748, 10.847, -7.81659], "rotation": [-91.75, 0, 0], "uv": [96, 192]},
						{"origin": [-1.02777, 13.4938, -15.76195], "size": [2.10545, 1.32475, 2.7], "inflate": -0.4, "pivot": [0.03748, 10.847, -7.81659], "rotation": [-91.75, 0, 0], "uv": [194, 60]},
						{"origin": [-1.02777, 16.96028, -5.17588], "size": [2.10545, 1.87475, 1.975], "inflate": -0.4, "pivot": [0.02495, 17.97265, -4.05088], "rotation": [-138, 0, 0], "uv": [78, 198]},
						{"origin": [-1.02777, 14.6606, -10.40911], "size": [2.10545, 1.77475, 1], "inflate": -0.4, "pivot": [0.03748, 10.847, -7.81659], "rotation": [-79.25, 0, 0], "uv": [196, 186]},
						{"origin": [-1.02777, 15.95023, -7.5465], "size": [2.10545, 1.84975, 1], "inflate": -0.4, "pivot": [0.03748, 10.847, -7.81659], "rotation": [-49.25, 0, 0], "uv": [198, 16]},
						{"origin": [-1.02777, 14.27218, -11.15646], "size": [2.10545, 1.74975, 1.15], "inflate": -0.4, "pivot": [0.03748, 10.847, -7.81659], "rotation": [-63.75, 0, 0], "uv": [198, 76]},
						{"origin": [-1.02777, 15.82139, -8.00088], "size": [2.10545, 2.07475, 1.25], "inflate": -0.4, "pivot": [0.03748, 10.847, -7.81659], "rotation": [-28.25, 0, 0], "uv": [196, 138]},
						{"origin": [-1.02777, 13.81516, -8.15484], "size": [2.10545, 1.49975, 1], "inflate": -0.4, "pivot": [0.03748, 10.847, -7.81659], "rotation": [19.5, 0, 0], "uv": [154, 187]},
						{"origin": [-1.02777, 12.46589, -6.11809], "size": [2.10545, 1.42475, 1], "inflate": -0.4, "pivot": [0.03748, 10.847, -7.81659], "rotation": [57, 0, 0], "uv": [88, 190]},
						{"origin": [-1.02777, 14.07366, -2.87206], "size": [2.10545, 4.54975, 1], "inflate": -0.4, "uv": [194, 55]},
						{"origin": [-1.12777, 14.23806, -11.76664], "size": [2.30545, 6.77475, 3.05817], "inflate": -0.4, "uv": [0, 184]},
						{"origin": [-0.93959, 13.35196, -9.40659], "size": [1.92909, 2.63476, 1.05875], "inflate": -0.4, "pivot": [0.03748, 10.847, -7.81659], "rotation": [24.5, 0, 0], "uv": [198, 87]},
						{"origin": [-0.93959, 10.04628, -13.4078], "size": [1.92909, 1.97613, 1.71738], "inflate": -0.4, "pivot": [0.03748, 10.847, -7.81659], "rotation": [-57.5, 0, 0], "uv": [94, 198]},
						{"origin": [-1.97467, 14.39849, -2.62422], "size": [3.99924, 4.44038, 7.90423], "inflate": -0.395, "pivot": [0.03748, 10.847, -7.81659], "rotation": [1, 0, 0], "uv": [174, 55]},
						{"origin": [-1.97451, 15.89228, 4.48], "size": [3.99891, 2.44642, 1.36438], "inflate": -0.401, "pivot": [0.03748, 10.847, -7.81659], "rotation": [1, 0, 0], "uv": [0, 193]},
						{"origin": [-1.97459, 21.46249, -1.0411], "size": [3.99908, 1.85852, 1.36454], "inflate": -0.4, "pivot": [0.03748, 10.847, -7.81659], "rotation": [-34, 0, 0], "uv": [180, 92]},
						{"origin": [-1.97459, 5.64952, -1.97079], "size": [3.99908, 2.25852, 1.36454], "inflate": -0.4, "pivot": [0.03748, 10.847, -7.81659], "rotation": [63, 0, 0], "uv": [20, 193]},
						{"origin": [-1.97459, 1.85721, -0.4322], "size": [3.99908, 13.07881, 6.39271], "inflate": -0.399, "pivot": [0.03748, 10.847, -7.81659], "rotation": [20, 0, 0], "uv": [170, 94]},
						{"origin": [-1.97459, 0.72813, -0.4322], "size": [3.99908, 1.97613, 5.33419], "inflate": -0.4, "pivot": [0.03748, 10.847, -7.81659], "rotation": [20, 0, 0], "uv": [142, 181]},
						{"origin": [-1.97451, 9.07172, 2.31332], "size": [3.99891, 2.69642, 2.62142], "inflate": -0.401, "pivot": [0.03748, 10.847, -7.81659], "rotation": [-25, 0, 0], "uv": [190, 28]},
						{"origin": [-1.97467, -5.18619, -6.91889], "size": [3.99924, 1.97629, 2.35266], "inflate": -0.399, "pivot": [0.03748, 10.847, -7.81659], "rotation": [67, 0, 0], "uv": [78, 190]},
						{"origin": [-0.14923, 25.41928, -23.72946], "size": [1.9385, 1.67034, 28.68717], "inflate": -0.4, "uv": [56, 105]},
						{"origin": [-1.92754, 25.96917, -23.72946], "size": [1.92909, 2.34363, 27.93444], "inflate": -0.4, "pivot": [-0.963, 25.13713, -10.30859], "rotation": [0, 0, 45], "uv": [114, 105]},
						{"origin": [-0.65732, 23.86679, 4.69873], "size": [1.24693, 3.05817, 1.27045], "inflate": -0.4, "pivot": [0.30722, 23.74929, -9.01484], "rotation": [0, 0, -45], "uv": [32, 164]},
						{"origin": [-1.80854, 23.18186, 4.08123], "size": [1.39988, 3.16408, 2.10556], "inflate": -0.5, "pivot": [-1.07332, 24.7639, 5.47509], "rotation": [0, -56.75, -45], "uv": [28, 193]},
						{"origin": [-1.62036, 23.18186, 5.1868], "size": [1.2117, 3.16408, 1.11761], "inflate": -0.5, "pivot": [-1.07332, 24.7639, 5.47509], "rotation": [0, -56.75, -45], "uv": [160, 167]},
						{"origin": [-1.47923, 23.18186, 5.1868], "size": [1.07057, 3.16408, 1.2117], "inflate": -0.5, "pivot": [-1.07332, 24.7639, 5.47509], "rotation": [0, -56.75, -45], "uv": [160, 171]},
						{"origin": [-0.75732, 23.86088, 5.06918], "size": [1.09409, 3.16408, 1.23523], "inflate": -0.5, "pivot": [0.30722, 23.74929, -9.01484], "rotation": [0, 0, -45], "uv": [160, 175]},
						{"origin": [-0.75732, 23.86088, 5.30441], "size": [1.04705, 3.16408, 1.04705], "inflate": -0.5, "pivot": [0.30722, 23.74929, -9.01484], "rotation": [0, 0, -45], "uv": [22, 184]},
						{"origin": [-0.05164, 25.24871, 4.01067], "size": [1.04705, 3.16408, 1.04705], "inflate": -0.5, "pivot": [1.0129, 25.13713, -10.30859], "rotation": [0, 0, -45], "uv": [138, 188]},
						{"origin": [-0.77355, 24.5697, 3.89305], "size": [1.07057, 3.16408, 1.2117], "inflate": -0.5, "pivot": [-0.36764, 26.15174, 4.18135], "rotation": [0, -56.75, -45], "uv": [40, 195]},
						{"origin": [-0.05164, 25.24871, 3.77544], "size": [1.09409, 3.16408, 1.23523], "inflate": -0.5, "pivot": [1.0129, 25.13713, -10.30859], "rotation": [0, 0, -45], "uv": [114, 196]},
						{"origin": [-0.91468, 24.5697, 3.89305], "size": [1.2117, 3.16408, 1.11761], "inflate": -0.5, "pivot": [-0.36764, 26.15174, 4.18135], "rotation": [0, -56.75, -45], "uv": [192, 196]},
						{"origin": [-1.10286, 24.5697, 2.78749], "size": [1.39988, 3.16408, 2.10556], "inflate": -0.5, "pivot": [-0.36764, 26.15174, 4.18135], "rotation": [0, -56.75, -45], "uv": [74, 193]},
						{"origin": [0.04836, 25.25462, 3.40499], "size": [1.24693, 3.05817, 1.27045], "inflate": -0.4, "pivot": [1.0129, 25.13713, -10.30859], "rotation": [0, 0, -45], "uv": [196, 196]},
						{"origin": [-0.8332, 23.36068, 2.45754], "size": [1.55272, 1.99965, 2.49363], "inflate": -0.4, "pivot": [-0.66843, 26.39521, 3.70436], "rotation": [36.85554, -23.933, 28.42107], "uv": [68, 195]},
						{"origin": [-1.39774, 25.31305, 2.45754], "size": [1.45863, 2.16431, 2.49363], "inflate": -0.4, "pivot": [-0.66843, 26.39521, 3.70436], "rotation": [36.85554, -23.933, 28.42107], "uv": [168, 194]},
						{"origin": [-2.44504, 22.76122, 3.80487], "size": [1.50568, 2.49363, 2.49363], "inflate": -0.398, "pivot": [0.11904, 25.04303, 5.28691], "rotation": [43, 0, 0], "uv": [174, 194]},
						{"origin": [-1.73944, 22.76114, 3.80479], "size": [1.59993, 4.39912, 2.49379], "inflate": -0.399, "pivot": [0.11904, 25.04303, 5.28691], "rotation": [43, 0, 0], "uv": [26, 177]},
						{"origin": [-0.65732, 25.56042, -12.02041], "size": [1.835, 1.36454, 17.54266], "inflate": -0.4, "pivot": [0.30722, 23.74929, -10.30859], "rotation": [0, 0, -45], "uv": [56, 134]},
						{"origin": [0.75077, 25.91928, -3.37946], "size": [1.0385, 1.17034, 2.16217], "inflate": -0.375, "uv": [196, 35]},
						{"origin": [-1.92754, 27.29417, -3.37946], "size": [1.90409, 1.01863, 2.15944], "inflate": -0.375, "pivot": [-0.963, 25.13713, -1.90859], "rotation": [0, 0, 45], "uv": [196, 32]},
						{"origin": [-0.91459, 26.90248, -3.37946], "size": [1.87909, 1.01043, 2.15944], "inflate": -0.375, "uv": [20, 196]},
						{"origin": [0.07336, 27.30462, -3.37946], "size": [1.90409, 1.00817, 2.15944], "inflate": -0.375, "pivot": [1.0129, 25.13713, -1.90859], "rotation": [0, 0, -45], "uv": [196, 9]},
						{"origin": [-1.73936, 26.00746, -3.37904], "size": [1.0135, 1.08216, 2.16175], "inflate": -0.375, "uv": [196, 6]},
						{"origin": [0.75077, 25.91928, -11.87946], "size": [1.0385, 1.17034, 2.16217], "inflate": -0.375, "uv": [102, 196]},
						{"origin": [-1.92754, 27.29417, -11.87946], "size": [1.90409, 1.01863, 2.15944], "inflate": -0.375, "pivot": [-0.963, 25.13713, -10.40859], "rotation": [0, 0, 45], "uv": [196, 44]},
						{"origin": [-0.91459, 26.90248, -11.87946], "size": [1.87909, 1.01043, 2.15944], "inflate": -0.375, "uv": [196, 41]},
						{"origin": [0.59836, 27.30462, -11.87946], "size": [1.37909, 1.00817, 2.15944], "inflate": -0.375, "pivot": [1.0129, 25.13713, -10.40859], "rotation": [0, 0, -45], "uv": [196, 38]},
						{"origin": [-0.91459, 26.90248, -21.57946], "size": [1.87909, 1.01043, 2.15944], "inflate": -0.375, "uv": [196, 129]},
						{"origin": [-2.23164, 24.79685, -12.22041], "size": [1.66, 1.36454, 1.94266], "inflate": -0.4, "pivot": [-1.48914, 25.47912, -11.29908], "rotation": [0, 25, -45], "uv": [198, 113]},
						{"origin": [0.10131, 25.56042, -12.38447], "size": [1.07636, 1.36454, 1.16406], "inflate": -0.4, "pivot": [0.30722, 23.74929, -10.30859], "rotation": [0, 0, -45], "uv": [198, 95]},
						{"origin": [-1.73936, 25.50746, -12.37904], "size": [1.9385, 1.58216, 17.33675], "inflate": -0.4, "uv": [92, 134]},
						{"origin": [0.54836, 25.25462, -23.72946], "size": [1.42909, 3.05817, 12.15944], "inflate": -0.4, "pivot": [1.0129, 25.13713, -10.30859], "rotation": [0, 0, -45], "uv": [32, 168]},
						{"origin": [0.04836, 25.25462, -12.37946], "size": [1.92909, 3.05817, 16.58444], "inflate": -0.4, "pivot": [1.0129, 25.13713, -10.30859], "rotation": [0, 0, -45], "uv": [136, 0]},
						{"origin": [-1.04095, 24.77235, -12.60446], "size": [1.42909, 3.05817, 1.40944], "inflate": -0.4, "pivot": [-0.15141, 26.30144, -11.92474], "rotation": [0, 25, -45], "uv": [68, 198]},
						{"origin": [-1.24539, 25.25462, 3.40499], "size": [1.24693, 3.05817, 1.27045], "inflate": -0.4, "pivot": [-0.963, 25.13713, -10.30859], "rotation": [0, 0, 45], "uv": [86, 197]},
						{"origin": [-0.99255, 25.24871, 3.77544], "size": [1.09409, 3.16408, 1.23523], "inflate": -0.5, "pivot": [-0.963, 25.13713, -10.30859], "rotation": [0, 0, 45], "uv": [90, 197]},
						{"origin": [-0.9455, 25.24871, 4.01067], "size": [1.04705, 3.16408, 1.04705], "inflate": -0.5, "pivot": [-0.963, 25.13713, -10.30859], "rotation": [0, 0, 45], "uv": [136, 197]},
						{"origin": [-0.53971, 23.86679, 4.69873], "size": [1.24693, 3.05817, 1.27045], "inflate": -0.4, "pivot": [-0.25732, 23.74929, -9.01484], "rotation": [0, 0, 45], "uv": [198, 12]},
						{"origin": [0.45856, 23.18186, 4.08123], "size": [1.39988, 3.16408, 2.10556], "inflate": -0.5, "pivot": [1.12322, 24.7639, 5.47509], "rotation": [0, 56.75, 45], "uv": [80, 193]},
						{"origin": [0.45856, 23.18186, 5.1868], "size": [1.2117, 3.16408, 1.11761], "inflate": -0.5, "pivot": [1.12322, 24.7639, 5.47509], "rotation": [0, 56.75, 45], "uv": [26, 198]},
						{"origin": [0.45856, 23.18186, 5.1868], "size": [1.07057, 3.16408, 1.2117], "inflate": -0.5, "pivot": [1.12322, 24.7639, 5.47509], "rotation": [0, 56.75, 45], "uv": [30, 198]},
						{"origin": [-0.28687, 23.86088, 5.06918], "size": [1.09409, 3.16408, 1.23523], "inflate": -0.5, "pivot": [-0.25732, 23.74929, -9.01484], "rotation": [0, 0, 45], "uv": [56, 198]},
						{"origin": [-0.23982, 23.86088, 5.30441], "size": [1.04705, 3.16408, 1.04705], "inflate": -0.5, "pivot": [-0.25732, 23.74929, -9.01484], "rotation": [0, 0, 45], "uv": [60, 198]},
						{"origin": [-0.24712, 24.5697, 2.78749], "size": [1.39988, 3.16408, 2.10556], "inflate": -0.5, "pivot": [0.41754, 26.15174, 4.18135], "rotation": [0, 56.75, 45], "uv": [142, 193]},
						{"origin": [-0.24712, 24.5697, 3.89305], "size": [1.2117, 3.16408, 1.11761], "inflate": -0.5, "pivot": [0.41754, 26.15174, 4.18135], "rotation": [0, 56.75, 45], "uv": [64, 198]},
						{"origin": [-0.24712, 24.5697, 3.89305], "size": [1.07057, 3.16408, 1.2117], "inflate": -0.5, "pivot": [0.41754, 26.15174, 4.18135], "rotation": [0, 56.75, 45], "uv": [198, 66]},
						{"origin": [-1.22186, 23.86679, -23.72946], "size": [1.92909, 3.05817, 29.25171], "inflate": -0.4, "pivot": [-0.25732, 23.74929, -10.30859], "rotation": [0, 0, 45], "uv": [76, 0]}
					]
				},
				{
					"name": "_cb_suppressor",
					"parent": "gun",
					"pivot": [0, 22.775, -53.825],
					"cubes": [
						{"origin": [-0.5, 21.875, -46.95], "size": [1, 1, 1], "uv": [34, 7]}
					]
				},
				{
					"name": "muzzlebrake",
					"parent": "gun",
					"pivot": [-0.00196, 22.29929, -48.90118],
					"cubes": [
						{"origin": [-1.49987, 20.79929, -47.9], "size": [3, 3, 2.5], "inflate": -0.15, "pivot": [-0.00196, 22.29929, -48.90118], "rotation": [0, 0, 22.5], "uv": [166, 189]},
						{"origin": [-1.29987, 20.99929, -51.8], "size": [2.6, 2.6, 4.2], "inflate": -0.15, "pivot": [-0.00196, 22.29929, -48.90118], "rotation": [0, 0, 22.5], "uv": [142, 187]},
						{"origin": [-1.39987, 20.89929, -52.5], "size": [2.8, 2.8, 2.5], "inflate": -0.15, "pivot": [-0.00196, 22.29929, -48.90118], "rotation": [0, 0, 22.5], "uv": [102, 192]},
						{"origin": [-0.9497, 21.29929, -56.32973], "size": [1.3, 2, 3.7], "inflate": -0.4, "pivot": [-0.00196, 22.29929, -48.90118], "rotation": [0, -9.5, 22.5], "uv": [118, 189]},
						{"origin": [-0.93514, 21.29929, -56.3174], "size": [1.275, 2, 3.7], "inflate": -0.4, "pivot": [-0.00196, 22.29929, -48.90118], "rotation": [0, -9.5, -67.5], "uv": [88, 192]},
						{"origin": [-0.9497, 21.29929, -56.32973], "size": [1.3, 2, 3.7], "inflate": -0.4, "pivot": [-0.00196, 22.29929, -48.90118], "rotation": [0, -9.5, 112.5], "uv": [118, 189]},
						{"origin": [-0.93514, 21.29929, -56.3174], "size": [1.275, 2, 3.7], "inflate": -0.4, "pivot": [-0.00196, 22.29929, -48.90118], "rotation": [0, -9.5, -157.5], "uv": [88, 192]}
					]
				},
				{
					"name": "stock",
					"parent": "gun",
					"pivot": [2.14199, 20.79714, 6.60406],
					"cubes": [
						{"origin": [-1.54686, 17.99056, 6.20406], "size": [3.14658, 5.92793, 3.34044], "inflate": -0.4, "uv": [58, 168]},
						{"origin": [0.31858, 17.59586, 5.57177], "size": [2.74091, 4.57613, 1.7409], "inflate": -0.4, "pivot": [1.09523, 17.16416, 21.47693], "rotation": [-3, 0, 0], "uv": [148, 193]},
						{"origin": [-1.40573, 20.32259, 5.94146], "size": [2.91136, 2.54067, 31.09714], "inflate": -0.4, "pivot": [1.47023, 16.76416, 21.47693], "rotation": [-3, 0, 0], "uv": [0, 72]},
						{"origin": [-1.59391, 19.2141, 34.7712], "size": [3.28772, 5.03975, 2.81727], "inflate": -0.4, "pivot": [1.47023, 17.16416, 21.47693], "rotation": [-8, 0, 0], "uv": [188, 12]},
						{"origin": [-1.59391, 14.02848, 34.99893], "size": [3.28772, 4.14021, 2.81727], "inflate": -0.4, "uv": [188, 113]},
						{"origin": [0.89381, 14.32848, 34.99893], "size": [1.47772, 3.54021, 2.84227], "inflate": -0.4, "uv": [44, 194]},
						{"origin": [-1.59391, 9.16327, 34.85618], "size": [3.28772, 5.08112, 2.81727], "inflate": -0.4, "pivot": [1.47023, 17.16416, 21.47693], "rotation": [2.5, 0, 0], "uv": [188, 92]},
						{"origin": [-1.40573, 14.16068, 6.61426], "size": [2.91136, 2.54067, 31.09714], "inflate": -0.4, "pivot": [1.47023, 17.16416, 21.47693], "rotation": [-16, 0, 0], "uv": [66, 72]},
						{"origin": [-1.54686, 15.4884, 6.16331], "size": [3.14658, 1.34102, 3.34044], "inflate": -0.4, "pivot": [1.47023, 17.16416, 21.47693], "rotation": [-9, 0, 0], "uv": [188, 119]}
					]
				},
				{
					"name": "stockfolded",
					"parent": "gun",
					"pivot": [1.24199, 20.79714, 6.60406],
					"rotation": [-174.24995, 0.24874, -179.97495],
					"cubes": [
						{"origin": [-2.44686, 17.99056, 6.20406], "size": [3.14658, 5.92793, 3.34044], "inflate": -0.4, "uv": [58, 168]},
						{"origin": [-0.58142, 17.59586, 5.57177], "size": [2.74091, 4.57613, 1.7409], "inflate": -0.4, "pivot": [0.19523, 17.16416, 21.47693], "rotation": [-3, 0, 0], "uv": [148, 193]},
						{"origin": [-2.30573, 20.32259, 5.94146], "size": [2.91136, 2.54067, 31.09714], "inflate": -0.4, "pivot": [0.57023, 16.76416, 21.47693], "rotation": [-3, 0, 0], "uv": [0, 72]},
						{"origin": [-2.49391, 19.2141, 34.7712], "size": [3.28772, 5.03975, 2.81727], "inflate": -0.4, "pivot": [0.57023, 17.16416, 21.47693], "rotation": [-8, 0, 0], "uv": [188, 12]},
						{"origin": [-2.49391, 14.02848, 34.99893], "size": [3.28772, 4.14021, 2.81727], "inflate": -0.4, "uv": [188, 113]},
						{"origin": [-0.00619, 14.32848, 34.99893], "size": [1.47772, 3.54021, 2.84227], "inflate": -0.4, "uv": [44, 194]},
						{"origin": [-2.49391, 9.16327, 34.85618], "size": [3.28772, 5.08112, 2.81727], "inflate": -0.4, "pivot": [0.57023, 17.16416, 21.47693], "rotation": [2.5, 0, 0], "uv": [188, 92]},
						{"origin": [-2.30573, 14.16068, 6.61426], "size": [2.91136, 2.54067, 31.09714], "inflate": -0.4, "pivot": [0.57023, 17.16416, 21.47693], "rotation": [-16, 0, 0], "uv": [66, 72]},
						{"origin": [-2.44686, 15.4884, 6.16331], "size": [3.14658, 1.34102, 3.34044], "inflate": -0.4, "pivot": [0.57023, 17.16416, 21.47693], "rotation": [-9, 0, 0], "uv": [188, 119]}
					]
				},
				{
					"name": "magazine",
					"parent": "gun",
					"pivot": [0.05, 8.59029, -18.76339],
					"cubes": [
						{"origin": [-1.85, 8.49076, -19.64633], "size": [3.8, 10.5, 6.8], "inflate": -0.401, "pivot": [0.03748, 10.847, -7.81659], "rotation": [-10.75, 0, 0], "uv": [170, 113]},
						{"origin": [-1.45, 0.90578, -21.04194], "size": [3, 7.575, 6.95], "inflate": -0.4, "pivot": [0.03748, 10.847, -7.81659], "rotation": [-20.75, 0, 0], "uv": [180, 79]},
						{"origin": [-1.85, 0.78976, -19.2186], "size": [3.8, 7.575, 6.8], "inflate": -0.4, "pivot": [0.03748, 10.847, -7.81659], "rotation": [-20.75, 0, 0], "uv": [180, 66]},
						{"origin": [-1.45, -8.07261, -19.31159], "size": [3, 9.125, 6.95], "inflate": -0.399, "pivot": [0.03748, 10.847, -7.81659], "rotation": [-30.75, 0, 0], "uv": [108, 152]},
						{"origin": [-1.85, -8.2349, -17.4639], "size": [3.8, 9.125, 6.8], "inflate": -0.399, "pivot": [0.03748, 10.847, -7.81659], "rotation": [-30.75, 0, 0], "uv": [36, 137]},
						{"origin": [-1.45, 8.55697, -21.45372], "size": [3, 10.5, 5.975], "inflate": -0.401, "pivot": [0.03748, 10.847, -7.81659], "rotation": [-10.75, 0, 0], "uv": [180, 32]}
					]
				},
				{
					"name": "switch",
					"parent": "gun",
					"pivot": [-0.35141, 22.69077, -0.87602],
					"rotation": [22.5, 0, 0],
					"cubes": [
						{"origin": [-2.82156, 23.3256, -11.93193], "size": [1.45896, 1.74123, 8.9862], "inflate": -0.398, "uv": [58, 181]},
						{"origin": [-2.82148, 23.32569, -4.1929], "size": [1.4588, 1.74107, 2.21152], "inflate": -0.399, "pivot": [-1.99799, 24.24327, -3.60464], "rotation": [-46.5, 0, 0], "uv": [0, 196]},
						{"origin": [-2.8214, 22.29077, -12.11995], "size": [1.45863, 1.835, 10.11496], "inflate": -0.4, "pivot": [-1.99799, 23.20827, -7.29769], "rotation": [-12, 0, 0], "uv": [132, 94]},
						{"origin": [-3.29185, 22.29077, -12.11995], "size": [1.92909, 1.0163, 2.58772], "inflate": -0.4, "pivot": [-1.99799, 23.20827, -7.29769], "rotation": [-12, 0, 0], "uv": [196, 0]},
						{"origin": [-2.8214, 23.32577, -7.79178], "size": [1.45863, 1.7409, 5.7868], "inflate": -0.4, "pivot": [-1.99799, 23.20827, -7.29769], "rotation": [-12, 0, 0], "uv": [10, 184]},
						{"origin": [-2.82148, 21.27922, -3.06382], "size": [1.4588, 2.84663, 2.75254], "inflate": -0.399, "uv": [180, 194]},
						{"origin": [-2.8214, 21.32634, -1.93465], "size": [1.45863, 2.23488, 2.23488], "inflate": -0.4, "pivot": [-1.99799, 22.70253, -1.07596], "rotation": [45, 0, 0], "uv": [194, 192]},
						{"origin": [-3.00958, 21.32634, -1.93465], "size": [1.64681, 1.67034, 1.67034], "inflate": -0.4, "pivot": [-1.99799, 22.70253, -1.6405], "rotation": [45, 0, 0], "uv": [198, 97]}
					]
				},
				{
					"name": "action",
					"parent": "gun",
					"pivot": [-0.66721, 25.40033, -18.39122],
					"cubes": [
						{"origin": [-0.36914, 24.23724, -23.74765], "size": [3.51681, 2.49363, 12.81542], "inflate": -0.4, "pivot": [0.5954, 23.5552, -15.90859], "rotation": [0, 0, -45], "uv": [166, 134]},
						{"origin": [0.40586, 26.66224, -23.74765], "size": [1.46681, 1.26863, 12.81542], "inflate": -0.4, "pivot": [1.0954, 24.7552, -15.90859], "rotation": [0, 0, -45], "uv": [164, 19]},
						{"origin": [-2.15686, 23.50804, -23.74765], "size": [3.99908, 2.02318, 12.7919], "inflate": -0.4, "uv": [102, 167]},
						{"origin": [-1.48186, 24.78304, -23.74765], "size": [1.49908, 2.12318, 12.7919], "inflate": -0.4, "uv": [0, 170]},
						{"origin": [-3.07957, 23.71619, -23.39631], "size": [1.82179, 1.51503, 1.44693], "inflate": -0.4, "uv": [98, 198]},
						{"origin": [-4.82957, 23.71619, -23.12131], "size": [2.62179, 1.81503, 1.04693], "inflate": -0.4, "pivot": [-3.36868, 24.6237, -22.79784], "rotation": [0, -10, 0], "uv": [198, 78]}
					]
				},
				{
					"name": "muzzleflash",
					"parent": "main",
					"pivot": [0.2163, 22.75727, -85.34757],
					"cubes": [
						{"origin": [-0.51685, 21.77412, -56.45572], "size": [1.0163, 1.0163, 1.0163], "inflate": -0.4, "uv": [94, 209]}
					]
				},
				{
					"name": "scope",
					"parent": "main",
					"pivot": [-0.00815, 29.25815, 4.80815],
					"cubes": [
						{"origin": [-0.5163, 28.75, 4.3], "size": [1.0163, 1.0163, 1.0163], "inflate": -0.4, "uv": [98, 209]}
					]
				},
				{
					"name": "rightarm",
					"parent": "main",
					"pivot": [-4.3, 8.8, 21.8],
					"rotation": [-101.81106, -12.40003, -2.46982],
					"cubes": [
						{"origin": [-8.3, -15.2, 17.8], "size": [8, 24, 8], "uv": [42, 115]}
					]
				},
				{
					"name": "leftarm",
					"parent": "main",
					"pivot": [10.7, 7.4, -16.7],
					"rotation": [-131.49345, -3.84346, -37.7519],
					"cubes": [
						{"origin": [8.9, -17.7, -19.3], "size": [8, 24, 8], "pivot": [12.9, -5.7, -15.3], "rotation": [0, 29, 0], "uv": [0, 0]}
					]
				},
				{
					"name": "_camera_",
					"pivot": [6.825, 33.725, 26.45]
				}
			]
		}
	]
}