{
	"format_version": "1.12.0",
	"minecraft:geometry": [
		{
			"description": {
				"identifier": "geometry.unknown",
				"texture_width": 64,
				"texture_height": 64,
				"visible_bounds_width": 4,
				"visible_bounds_height": 3.5,
				"visible_bounds_offset": [0, 1.25, 0]
			},
			"bones": [
				{
					"name": "Main",
					"pivot": [0, 0, 0]
				},
				{
					"name": "scopepip",
					"parent": "Main",
					"pivot": [0.8412, 26.0052, 22.5942],
					"cubes": [
						{"origin": [-1.2516, 28.7408, 10.9964], "size": [3.625, 3.675, 1.3956], "inflate": -0.4, "uv": [47, 12]}
					]
				},
				{
					"name": "scope",
					"parent": "Main",
					"pivot": [0, 0, 0],
					"cubes": [
						{"origin": [0.05, 30.1, 15.7], "size": [1, 1, 1], "inflate": -0.4, "uv": [0, 15]}
					]
				},
				{
					"name": "pso",
					"parent": "Main",
					"pivot": [0, -0.3, 0.6],
					"cubes": [
						{"origin": [-1.4766, 31.8408, 4.0964], "size": [4.05, 1.1, 4.2956], "inflate": -0.4, "uv": [31, 59]},
						{"origin": [-1.4766, 28.5408, 4.0964], "size": [4.05, 4.1, 1.0956], "inflate": -0.4, "uv": [13, 15]},
						{"origin": [-1.4766, 31.5408, 7.5964], "size": [4.05, 1.1, 7.2956], "inflate": -0.4, "uv": [10, 56]},
						{"origin": [-1.4766, 28.5408, 7.5964], "size": [4.05, 1.1, 7.2956], "inflate": -0.4, "uv": [29, 15]},
						{"origin": [-1.4766, 28.2408, 4.0964], "size": [4.05, 1.1, 4.2956], "inflate": -0.4, "uv": [0, 55]},
						{"origin": [-1.7766, 28.2408, 4.0964], "size": [1.1, 4.7, 4.2956], "inflate": -0.4, "uv": [54, 46]},
						{"origin": [1.7734, 28.2408, 4.0964], "size": [1.1, 4.7, 4.2956], "inflate": -0.4, "uv": [54, 38]},
						{"origin": [-1.4766, 28.8408, 7.5964], "size": [1.1, 3.5, 7.2956], "inflate": -0.4, "uv": [18, 0]},
						{"origin": [1.4734, 28.8408, 7.5964], "size": [1.1, 3.5, 7.2956], "inflate": -0.4, "uv": [48, 54]},
						{"origin": [-1.2516, 28.7408, 10.8964], "size": [3.625, 3.675, 1.3956], "inflate": -0.4, "uv": [48, 12]},
						{"origin": [1.159, 20.0446, -15.3216], "size": [1.8644, 2.217, 11.8608], "inflate": -0.399, "uv": [0, 15]},
						{"origin": [1.159, 19.6696, -15.3216], "size": [1.8644, 1.292, 2.1608], "inflate": -0.4, "uv": [58, 23]},
						{"origin": [1.159, 18.8408, -10.4036], "size": [1.8644, 2.3288, 5.1956], "inflate": -0.4, "uv": [12, 34]},
						{"origin": [1.484, 19.6408, -14.7536], "size": [1.7644, 7.0288, 2.5956], "inflate": -0.4, "uv": [26, 40]},
						{"origin": [2.059, 19.4908, -6.6286], "size": [1.1144, 2.1038, 1.0956], "inflate": -0.4, "uv": [42, 12]},
						{"origin": [2.17455, 22.07703, -6.6286], "size": [1.4894, 5.1788, 1.0956], "inflate": -0.4, "pivot": [3.09073, 22.6719, -6.0808], "rotation": [0, 0, 15], "uv": [42, 49]},
						{"origin": [2.034, 21.2908, -6.6286], "size": [1.5644, 3.9038, 1.0956], "inflate": -0.401, "uv": [0, 54]},
						{"origin": [2.034, 20.4408, -6.6286], "size": [1.3644, 1.9538, 1.0956], "inflate": -0.4, "uv": [48, 1]},
						{"origin": [1.934, 19.7158, -5.1036], "size": [1.1144, 1.9788, 1.0956], "inflate": -0.4, "pivot": [2.9088, 22.69277, -4.5558], "rotation": [0, 0, 2], "uv": [52, 16]},
						{"origin": [2.02713, 22.18907, -5.1036], "size": [1.4894, 5.1788, 1.0956], "inflate": -0.4, "pivot": [2.9088, 22.69277, -4.5558], "rotation": [0, 0, 17], "uv": [52, 5]},
						{"origin": [1.909, 21.3908, -5.1036], "size": [1.5644, 3.9038, 1.0956], "inflate": -0.4, "pivot": [2.9088, 22.69277, -4.5558], "rotation": [0, 0, 2], "uv": [8, 35]},
						{"origin": [2.70911, 19.71339, -5.1036], "size": [1.0644, 7.9038, 1.0956], "inflate": -0.4, "pivot": [2.9088, 22.69277, -4.5558], "rotation": [0, 0, 17], "uv": [10, 45]},
						{"origin": [1.909, 20.5408, -5.1036], "size": [1.3644, 1.9538, 1.0956], "inflate": -0.4, "pivot": [2.9088, 22.69277, -4.5558], "rotation": [0, 0, 2], "uv": [60, 0]},
						{"origin": [2.26013, 19.61132, -14.9536], "size": [1.1894, 4.6038, 1.0956], "inflate": -0.4, "pivot": [2.91733, 21.77572, -14.4058], "rotation": [0, 0, 6.5], "uv": [46, 52]},
						{"origin": [1.76013, 19.61132, -13.0536], "size": [1.6894, 4.6038, 1.0956], "inflate": -0.4, "pivot": [2.91733, 21.77572, -12.5058], "rotation": [0, 0, 6.5], "uv": [50, 52]},
						{"origin": [0.284, 26.4408, -15.4536], "size": [1.7644, 4.2788, 3.6956], "inflate": -0.4, "pivot": [1.5162, 29.2052, -12.3058], "rotation": [0, 0, -40], "uv": [14, 41]},
						{"origin": [0.284, 25.8408, -6.4286], "size": [1.7644, 4.8788, 2.2206], "inflate": -0.4, "pivot": [1.5162, 29.2052, -3.4558], "rotation": [0, 0, -40], "uv": [14, 48]},
						{"origin": [0.084, 25.8408, -5.1286], "size": [2.1644, 4.8788, 1.1206], "inflate": -0.4, "pivot": [1.5162, 29.2052, -3.4558], "rotation": [0, 0, -40], "uv": [20, 50]},
						{"origin": [0.084, 26.4408, -14.3786], "size": [2.1644, 4.2788, 1.1206], "inflate": -0.4, "pivot": [1.5162, 29.2052, -12.7058], "rotation": [0, 0, -40], "uv": [58, 12]},
						{"origin": [0.084, 26.4408, -12.8786], "size": [2.1644, 4.2788, 1.1206], "inflate": -0.399, "pivot": [1.5162, 29.2052, -11.2058], "rotation": [0, 0, -40], "uv": [58, 26]},
						{"origin": [0.084, 25.8408, -6.6286], "size": [2.1644, 4.8788, 1.1206], "inflate": -0.4, "pivot": [1.5162, 29.2052, -4.9558], "rotation": [0, 0, -40], "uv": [52, 0]},
						{"origin": [0.384, 27.7408, -12.5786], "size": [1.5644, 2.9788, 6.7956], "inflate": -0.4, "pivot": [1.5162, 29.2052, -3.5308], "rotation": [0, 0, -40], "uv": [24, 26]},
						{"origin": [2.85653, 18.80135, -6.6286], "size": [1.0644, 8.7038, 1.0956], "inflate": -0.4, "pivot": [3.09073, 22.6719, -6.0808], "rotation": [0, 0, 15], "uv": [22, 41]},
						{"origin": [1.084, 23.3408, -15.6036], "size": [2.6144, 4.9288, 4.0956], "inflate": -0.4, "uv": [30, 7]},
						{"origin": [-0.9016, 30.6408, -10.3036], "size": [2.7, 3.0288, 2.7], "inflate": -0.4, "pivot": [0.5484, 32.1552, -9.0536], "rotation": [0, -25.5, 0], "uv": [36, 0]},
						{"origin": [-3.0016, 29.1408, -9.9536], "size": [2.7, 2.2, 2.2], "inflate": -0.4, "pivot": [-1.6516, 30.4908, -8.6036], "rotation": [-25, 0, 0], "uv": [26, 49]},
						{"origin": [1.084, 28.2408, -9.1036], "size": [2.1144, 3.2288, 2.5956], "inflate": -0.4, "uv": [46, 47]},
						{"origin": [-0.841, 27.4408, -10.8036], "size": [2.3144, 2.4288, 2.2956], "inflate": -0.4, "uv": [34, 49]},
						{"origin": [-0.4516, 26.6408, -10.4286], "size": [1.6, 3.2288, 1.6], "inflate": -0.4, "pivot": [0.3412, 28.6552, -9.7058], "rotation": [0, -25, 0], "uv": [7, 22]},
						{"origin": [1.184, 24.3908, -6.6286], "size": [3.4144, 3.6788, 2.6206], "inflate": -0.399, "pivot": [2.8412, 26.1802, -4.9058], "rotation": [0, 0, 25], "uv": [0, 0]},
						{"origin": [1.384, 24.5908, -4.9036], "size": [3.2144, 3.2788, 2.7956], "inflate": -0.4, "pivot": [2.8412, 26.1802, -2.8058], "rotation": [0, 0, 25], "uv": [42, 7]},
						{"origin": [1.284, 24.4908, -2.9036], "size": [3.4144, 3.4788, 1.4956], "inflate": -0.4, "pivot": [2.8412, 26.1802, -1.1058], "rotation": [0, 0, 25], "uv": [0, 50]},
						{"origin": [-1.716, 28.3908, -12.2036], "size": [3.8144, 3.8788, 8.5956], "inflate": -0.4, "pivot": [0.8412, 29.6802, -9.5058], "rotation": [0, 0, 25], "uv": [15, 15]},
						{"origin": [-1.316, 28.7908, -23.9036], "size": [3.0144, 3.0788, 12.4956], "inflate": -0.4, "pivot": [0.8412, 29.6802, -9.5058], "rotation": [0, 0, 25], "uv": [0, 0]},
						{"origin": [-1.016, 29.0908, -4.9036], "size": [2.4144, 2.4788, 5.9956], "inflate": -0.4, "pivot": [0.8412, 29.6802, 9.4942], "rotation": [0, 0, 25], "uv": [0, 28]},
						{"origin": [-0.67504, 29.6695, 0.1684], "size": [2.4144, 2.4538, 5.0206], "inflate": -0.4, "pivot": [0.53216, 30.5555, 2.69175], "rotation": [10, 0, 25], "uv": [27, 0]},
						{"origin": [-0.67504, 28.96271, 0.44781], "size": [2.4144, 2.5538, 4.7456], "inflate": -0.4, "pivot": [0.53216, 30.5555, 2.69175], "rotation": [-10, 0, 25], "uv": [24, 34]},
						{"origin": [-0.67504, 29.6695, 0.4684], "size": [2.4144, 2.3788, 4.9206], "inflate": -0.4, "pivot": [0.53216, 30.5555, 2.89175], "rotation": [9, 0, 115], "uv": [0, 35]},
						{"origin": [-0.67504, 29.08771, 0.94781], "size": [2.4144, 2.4288, 4.4456], "inflate": -0.4, "pivot": [0.53216, 30.5555, 2.89175], "rotation": [-11, 0, 115], "uv": [52, 17]},
						{"origin": [-1.616, 28.4908, 3.4964], "size": [3.6144, 3.7788, 1.7956], "inflate": -0.4, "pivot": [0.8412, 29.6802, 20.4942], "rotation": [0, 0, 25], "uv": [56, 8]},
						{"origin": [-2.3766, 31.5408, 14.0714], "size": [5.85, 2, 1.0206], "inflate": -0.4, "uv": [0, 9]},
						{"origin": [-2.3766, 27.6408, 14.0714], "size": [5.85, 2, 1.0206], "inflate": -0.4, "uv": [0, 6]},
						{"origin": [-2.3766, 28.8408, 14.0714], "size": [2, 3.5, 1.0206], "inflate": -0.4, "uv": [0, 18]},
						{"origin": [1.4734, 28.8408, 14.0714], "size": [2, 3.5, 1.0206], "inflate": -0.4, "uv": [0, 22]},
						{"origin": [1.784, 19.7658, -6.6286], "size": [1.0644, 6.9038, 2.6206], "inflate": -0.4, "uv": [32, 40]},
						{"origin": [1.159, 21.0408, -13.0286], "size": [1.6894, 4.4288, 1.0206], "inflate": -0.4, "uv": [13, 34]},
						{"origin": [1.134, 21.4408, -6.6286], "size": [1.7144, 4.4288, 1.0206], "inflate": -0.404, "uv": [26, 53]},
						{"origin": [1.359, 21.1408, -5.0286], "size": [1.7144, 4.8538, 1.0206], "inflate": -0.399, "pivot": [1.9412, 23.2552, -4.5183], "rotation": [0, 0, -16], "uv": [30, 53]},
						{"origin": [1.909, 18.8408, -10.4036], "size": [1.8144, 3.4288, 3.8956], "inflate": -0.4, "uv": [56, 2]},
						{"origin": [1.159, 19.30905, -6.54467], "size": [1.8644, 1.9489, 2.9728], "inflate": -0.4, "pivot": [1.9412, 20.271, -5.12077], "rotation": [35, 0, 0], "uv": [34, 53]},
						{"origin": [1.159, 19.19572, -15.27334], "size": [1.8644, 1.9966, 5.7956], "inflate": -0.4, "pivot": [1.9412, 20.16902, -12.16304], "rotation": [-9, 0, 0], "uv": [38, 36]}
					]
				},
				{
					"name": "_ca_scope",
					"parent": "Main",
					"pivot": [1.2, 20.175, -8.825],
					"cubes": [
						{
							"origin": [1.2, 20.175, -9.825],
							"size": [1, 1, 1],
							"uv": {
								"north": {"uv": [15, 23], "uv_size": [1, 1]},
								"east": {"uv": [25, 13], "uv_size": [1, 1]},
								"south": {"uv": [14, 25], "uv_size": [1, 1]},
								"west": {"uv": [15, 25], "uv_size": [1, 1]},
								"up": {"uv": [16, 25], "uv_size": [1, 1]},
								"down": {"uv": [24, 14], "uv_size": [1, -1]}
							}
						}
					]
				}
			]
		}
	]
}