{
	"format_version": "1.12.0",
	"minecraft:geometry": [
		{
			"description": {
				"identifier": "geometry.unknown",
				"texture_width": 250,
				"texture_height": 250,
				"visible_bounds_width": 9,
				"visible_bounds_height": 8,
				"visible_bounds_offset": [0, 1, 0]
			},
			"bones": [
				{
					"name": "bb_main",
					"pivot": [0, 0, 0]
				},
				{
					"name": "main",
					"pivot": [0, 20, 0]
				},
				{
					"name": "gun",
					"parent": "main",
					"pivot": [1, 11, -1],
					"cubes": [
						{"origin": [-1.8, 15.425, 3.875], "size": [3.6, 1, 2.5], "inflate": -0.002, "pivot": [-0.8, 15.425, 3.875], "rotation": [40.25, 0, 0], "uv": [43, 62]},
						{"origin": [-2.15, 17.25, -1.75], "size": [4.3, 1, 7.5], "inflate": -0.001, "pivot": [-0.8, 15.25, -1.75], "rotation": [-1.5, 0, 0], "uv": [66, 61]},
						{"origin": [-1.5, 15.25, -1.75], "size": [3, 3, 4.5], "inflate": -0.002, "pivot": [0.8, 15.25, -1.75], "rotation": [-38.25, 0, 0], "uv": [57, 0]},
						{"origin": [-1.8, 15.25, -1.75], "size": [3.6, 3, 6.5], "inflate": -0.001, "pivot": [0.8, 15.25, -1.75], "rotation": [-1.5, 0, 0], "uv": [101, 9]},
						{"origin": [-1.5, 4, -0.375], "size": [3, 11, 5.225], "inflate": 0.001, "pivot": [0.8, 14, -0.375], "rotation": [16.5, 0, 0], "uv": [1, 97]},
						{"origin": [-1.5, 4.1, 1.525], "size": [3, 2, 4.225], "pivot": [0.8, 6.1, 1.525], "rotation": [9.75, 0, 0], "uv": [51, 41]},
						{"origin": [-1.5, 4.85, 6.025], "size": [3, 1, 1.775], "inflate": -0.001, "pivot": [0.8, 4.85, 6.025], "rotation": [36, 0, 0], "uv": [25, 6]},
						{"origin": [-1.5, 5.1, 1.525], "size": [3, 1, 1.225], "inflate": -0.001, "pivot": [0.8, 6.1, 1.525], "rotation": [55.25, 0, 0], "uv": [1, 63]},
						{"origin": [-1.21, 14.9, -11.35], "size": [2.46, 4, 2.5], "inflate": -0.15, "uv": [56, 19]},
						{"origin": [-0.92, 13.1, -10.775], "size": [1.88, 2.75, 1], "inflate": -0.2, "pivot": [0.92, 14.85, -11.275], "rotation": [9.5, 0, 0], "uv": [66, 65]},
						{"origin": [-2.56514, 19.65, -25.85], "size": [5.13028, 1, 34.5], "inflate": 0.001, "pivot": [2.565, 19.65, -25.85], "rotation": [-3.5, 0, 0], "uv": [172, 98]},
						{"origin": [-2.56472, 20.15, 1.15], "size": [5.12944, 1, 7.5], "inflate": -0.002, "pivot": [2.565, 19.65, -25.85], "rotation": [-3.5, 0, 0], "uv": [61, 88]},
						{"origin": [-2.56486, 20.05, -25.85], "size": [5.12972, 3.1, 10], "inflate": -0.001, "uv": [220, 134]},
						{"origin": [-1.36486, 23.95, -25.85], "size": [2.72972, 3.1, 30], "inflate": -0.001, "uv": [186, 65]},
						{"origin": [-2.565, 19.9, -15.85], "size": [5.13, 3.25, 24.5], "uv": [-1, 94]},
						{"origin": [-2.565, 20.9, -26.75], "size": [5.13, 2.25, 1.9], "uv": [24, 134]},
						{"origin": [-2.56486, 18.975, -13.85], "size": [5.12972, 1.25, 22.5], "inflate": -0.001, "uv": [96, 27]},
						{"origin": [1.1, 19.35, 7.85], "size": [1, 4.25, 31.5], "inflate": 0.001, "pivot": [2.1, 23.6, 7.85], "rotation": [-12.25, 0, 0], "uv": [33, 38]},
						{"origin": [-2, 18.15, 8.95], "size": [4, 4.75, 4.5], "inflate": 0.5, "pivot": [2, 23, 8.95], "rotation": [-12.25, 0, 0], "uv": [231, 105]},
						{"origin": [-2.18014, 19.35, 7.85], "size": [1.14028, 4.25, 31.5], "inflate": 0.001, "pivot": [2.38, 23.6, 7.85], "rotation": [-12.25, 0, 0], "uv": [0, 34]},
						{"origin": [-1.05, 19.35, 7.85], "size": [2.15, 4.25, 31.5], "pivot": [2.1, 23.6, 7.85], "rotation": [-12.25, 0, 0], "uv": [62, 26]},
						{"origin": [-2.175, -12.55, 6.9], "size": [4.275, 31.25, 2.25], "pivot": [2.1, 18.7, 7.65], "rotation": [76.25, 0, 0], "uv": [1, 121]},
						{"origin": [-2.2, 16.85, 19.35], "size": [4.3, 6.25, 19.5], "uv": [99, 61]},
						{"origin": [-2.2, 10.6, 37.35], "size": [4.3, 6.5, 1.5], "inflate": -0.001, "uv": [41, 14]},
						{"origin": [-2.2, 19.85, 19.35], "size": [4.3, 3.25, 2.5], "inflate": -0.001, "pivot": [2.1, 23.1, 19.35], "rotation": [-62, 0, 0], "uv": [41, 21]},
						{"origin": [1.45, 18.875, -3.375], "size": [1, 1, 1], "inflate": -0.1, "pivot": [1.45, 19.825, -3.375], "rotation": [-13, 0, 0], "uv": [8, 51]},
						{"origin": [0.875, 19.3, -8.75], "size": [2, 2, 2], "inflate": -0.5, "pivot": [1.875, 20.25, -8.75], "rotation": [-13, 0, 0], "uv": [47, 73]},
						{"origin": [0.875, 18.9, -10.45], "size": [2, 2, 2], "inflate": -0.5, "pivot": [1.875, 19.85, -10.45], "rotation": [-13, 0, 0], "uv": [31, 73]},
						{"origin": [1.667, 21.75, 5.75], "size": [1.112, 1, 1], "inflate": -0.1, "pivot": [1.653, 22.7, 5.75], "rotation": [-13, 0, 0], "uv": [56, 0]},
						{"origin": [-2.779, 21.75, 5.75], "size": [1.112, 1, 1], "inflate": -0.1, "pivot": [-1.653, 22.7, 5.75], "rotation": [-13, 0, 0], "uv": [51, 30]},
						{"origin": [1.311, 23.15, -26.85], "size": [1.14, 1.5, 14.5], "uv": [40, 13]},
						{"origin": [-2.5585, 23.15, -26.85], "size": [1.19, 1.5, 3.35], "uv": [71, -1]},
						{"origin": [1.197, 23.9, -25.95], "size": [1.14, 1.25, 2.25], "pivot": [2.337, 25.15, -25.95], "rotation": [13.25, 0, 0], "uv": [72, 17]},
						{"origin": [-2.337, 23.9, -25.95], "size": [1.14, 1.25, 2.25], "pivot": [-2.337, 25.15, -25.95], "rotation": [13.25, 0, 0], "uv": [72, 3]},
						{"origin": [1.4535, 22.85, -12.85], "size": [1.14, 2.25, 18.85], "uv": [101, 0]},
						{"origin": [1.45364, 22.85, -12.85], "size": [1.13972, 1.975, 1], "inflate": -0.001, "pivot": [2.5935, 22.85, -12.85], "rotation": [36, 0, 0], "uv": [50, 43]},
						{"origin": [-2.59364, 22.575, 5.4], "size": [5.18728, 1.075, 2.025], "inflate": 0.001, "pivot": [2.5935, 23.65, 7.425], "rotation": [-45.5, 0, 0], "uv": [41, 30]},
						{"origin": [2.42264, 22.575, 4.6], "size": [1.76672, 1.075, 1.275], "inflate": -0.001, "pivot": [2.5935, 23.65, 7.425], "rotation": [-54.74377, 29.13654, -34.55821], "uv": [60, 43]},
						{"origin": [-2.69336, 22.75, 5.05], "size": [5.38672, 1, 3.7], "inflate": -0.101, "uv": [52, 29]},
						{"origin": [1.4535, 24.1, -23.6], "size": [1.14, 1, 10.75], "uv": [90, 89]},
						{"origin": [-2.5935, 22.85, -3.85], "size": [1.14, 2.25, 9.875], "uv": [97, 28]},
						{"origin": [-2.8785, 22.85, -3.85], "size": [1.14, 2, 1], "pivot": [-2.8785, 22.85, -3.85], "rotation": [23, 0, 0], "uv": [10, 43]},
						{"origin": [1.4535, 24.1, -23.6], "size": [1.14, 1, 29.05], "pivot": [2.5935, 25.1, -23.6], "rotation": [0, 0, 35.75], "uv": [41, 0]},
						{"origin": [1.08264, 24.3, 5.075], "size": [1.36872, 1, 1.05], "inflate": -0.201, "pivot": [2.5935, 25.1, 6], "rotation": [0, -25.75, 35.75], "uv": [60, 56]},
						{"origin": [-4.18936, 22.575, 4.6], "size": [1.76672, 1.075, 1.275], "inflate": -0.001, "pivot": [-2.5935, 23.65, 7.425], "rotation": [-54.74377, -29.13654, 34.55821], "uv": [27, 59]},
						{"origin": [-2.45136, 24.3, 5.075], "size": [1.36872, 1, 1.05], "inflate": -0.201, "pivot": [-2.5935, 25.1, 6], "rotation": [0, 25.75, -35.75], "uv": [60, 41]},
						{"origin": [-2.5935, 24.1, -10.6], "size": [1.14, 1, 16.05], "pivot": [-2.5935, 25.1, -10.6], "rotation": [0, 0, -35.75], "uv": [108, 117]},
						{"origin": [-2.7785, 24.175, -10.625], "size": [1.14, 1, 6.8], "pivot": [-2.4935, 25.1, -10.6], "rotation": [0, 0, -35.75], "uv": [50, 34]},
						{"origin": [-1.368, 26.5, 4.25], "size": [2.736, 1, 4.9], "pivot": [1.368, 27.5, 3.65], "rotation": [-45.5, 0, 0], "uv": [0, 49]},
						{"origin": [-1.098, 26.15, 5.625], "size": [2.196, 1, 1.9], "inflate": -0.3, "pivot": [1.14, 27.15, 5.025], "rotation": [-51, 0, 0], "uv": [50, 38]},
						{"origin": [-1.995, 24.75, -31.1], "size": [3.99, 3.1, 7.5], "uv": [126, 30]},
						{"origin": [-2.60325, 25.15, -46.061], "size": [5.2065, 2.1, 14.7075], "uv": [212, 30]},
						{"origin": [-2.57185, 24.15, -46.039], "size": [5.1437, 2.1, 14.6635], "inflate": -0.2, "uv": [60, 73]},
						{"origin": [0.92576, 25.65, -46.06089], "size": [1.67734, 1.6, 14.70728], "inflate": -0.001, "pivot": [2.60325, 27.25, -46.061], "rotation": [0, 0, 44], "uv": [220, 15]},
						{"origin": [-2.60309, 25.65, -46.06089], "size": [1.67734, 1.6, 14.70728], "inflate": -0.001, "pivot": [-2.60325, 27.25, -46.061], "rotation": [0, 0, -44], "uv": [220, 15]},
						{"origin": [-1.3884, 26.65, -46.061], "size": [2.7768, 1.775, 14.7075], "uv": [218, 0]},
						{"origin": [1.36786, 26.075, -23.6], "size": [2.56528, 1, 27.6], "inflate": 0.001, "pivot": [1.368, 27.075, -23.6], "rotation": [0, 0, 77.75], "uv": [0, 69]},
						{"origin": [1.6815, 26.075, 4.175], "size": [1.425, 1, 2], "pivot": [1.368, 27.075, 4.4], "rotation": [0, 44.25, 77.75], "uv": [71, 53]},
						{"origin": [-3.1065, 26.075, 4.175], "size": [1.425, 1, 2], "pivot": [-1.368, 27.075, 4.4], "rotation": [0, -44.25, -77.75], "uv": [69, 30]},
						{"origin": [-3.93314, 26.075, -10.6], "size": [2.56528, 1, 14.6], "inflate": 0.001, "pivot": [-1.368, 27.075, -10.6], "rotation": [0, 0, -77.75], "uv": [29, 99]},
						{"origin": [-2.793, 26.075, -23.6], "size": [1.425, 1, 13], "pivot": [-1.368, 27.075, -23.6], "rotation": [0, 0, -77.75], "uv": [41, 0]},
						{"origin": [-0.8, 15.05, -5.55], "size": [1.64, 4, 1], "inflate": -0.1, "pivot": [0.82, 15.05, -4.55], "rotation": [-21, 0, 0], "uv": [40, 40]},
						{"origin": [-1.1996, 14.65, -9.1], "size": [2.4392, 5, 1], "inflate": -0.098, "uv": [24, 0]},
						{"origin": [-1.1996, 14.9, -2.1], "size": [2.4392, 4, 1], "inflate": -0.098, "uv": [0, 69]},
						{"origin": [-1.1998, 15.15, -8.375], "size": [2.4396, 5.75, 1], "inflate": -0.099, "pivot": [1.22, 15.15, -8.375], "rotation": [-96.75, 0, 0], "uv": [0, 0]},
						{"origin": [-1.2, 15.525, -8.5], "size": [2.44, 1, 1], "inflate": -0.1, "pivot": [1.22, 15.525, -8.5], "rotation": [-129.5, 0, 0], "uv": [63, 30]},
						{"origin": [-1.2, 15.9, -2], "size": [2.44, 1, 2.375], "inflate": -0.1, "pivot": [1.22, 15.9, -2], "rotation": [-132, 0, 0], "uv": [53, 62]},
						{"origin": [-2, 22.425, -71.67], "size": [2, 2, 26.574], "inflate": -0.3, "pivot": [-1, 23.425, -71.703], "rotation": [0, 0, -20], "uv": [88, 89]},
						{"origin": [-0.1413, 22.425, -47.937], "size": [2.2826, 2, 2.198], "inflate": -0.1, "pivot": [1, 23.425, -47.948], "rotation": [0, 0, -20], "uv": [62, 73]},
						{"origin": [0.25, 25.675, -52.1055], "size": [1.5, 1.5, 26.64], "pivot": [1, 26.425, -52.1055], "rotation": [0, 0, -20], "uv": [63, 89]},
						{"origin": [0.25, 23.925, -52.7495], "size": [1.5, 3, 3.0085], "inflate": -0.2, "pivot": [1.25, 24.925, -52.7715], "rotation": [-12.75, 0, 0], "uv": [40, 34]},
						{"origin": [0, 22.425, -54.5865], "size": [2, 2, 4.962], "inflate": -0.15, "pivot": [1, 23.425, -54.603], "rotation": [0, 0, -20], "uv": [41, 0]},
						{"origin": [-0.1, 22.425, -70.7865], "size": [2.1, 2, 3.762], "inflate": -0.15, "pivot": [1, 23.425, -70.603], "rotation": [0, 0, -20], "uv": [172, 0]},
						{"origin": [-2, 22.425, -70.7865], "size": [2.1, 2, 3.762], "inflate": -0.15, "pivot": [-1, 23.425, -70.603], "rotation": [0, 0, -20], "uv": [172, 0]},
						{"origin": [0, 22.425, -71.67], "size": [2, 2, 26.574], "inflate": -0.3, "pivot": [1, 23.425, -71.703], "rotation": [0, 0, -20], "uv": [88, 89]},
						{"origin": [-2.1413, 22.425, -47.937], "size": [2.2826, 2, 2.198], "inflate": -0.1, "pivot": [-1, 23.425, -47.948], "rotation": [0, 0, -20], "uv": [62, 73]},
						{"origin": [-2, 22.425, -54.5865], "size": [2, 2, 4.962], "inflate": -0.15, "pivot": [-1, 23.425, -54.603], "rotation": [0, 0, -20], "uv": [41, 0]},
						{"origin": [-1.75, 23.925, -52.7495], "size": [1.5, 3, 3.0085], "inflate": -0.2, "pivot": [-0.75, 24.925, -52.7715], "rotation": [-12.75, 0, 0], "uv": [40, 34]},
						{"origin": [-0.75, 23.675, -69.1835], "size": [1.5, 2, 1.8985], "inflate": -0.2, "uv": [10, 40]},
						{"origin": [-1.75, 25.675, -52.1055], "size": [1.5, 1.5, 26.64], "pivot": [-1, 26.425, -52.1055], "rotation": [0, 0, -20], "uv": [63, 89]},
						{"origin": [-2.38361, 21.72822, -47.11561], "size": [4.76722, 5.71656, 1.11022], "inflate": 0.001, "uv": [0, 54]},
						{"origin": [1.1919, 27.44478, -47.11539], "size": [1.19133, 1.05569, 1.10978], "inflate": -0.001, "pivot": [2.38342, 27.44475, -47.1155], "rotation": [0, 0, -47], "uv": [15, 59]},
						{"origin": [-2.38323, 27.44478, -47.11539], "size": [1.19133, 1.05569, 1.10978], "inflate": -0.001, "pivot": [-2.38342, 27.44475, -47.1155], "rotation": [0, 0, 47], "uv": [9, 59]},
						{"origin": [-2.38323, 20.67253, -47.11539], "size": [1.19133, 1.05569, 1.10978], "inflate": -0.001, "pivot": [-2.38342, 21.72825, -47.1155], "rotation": [0, 0, -47], "uv": [48, 58]},
						{"origin": [1.1919, 20.67253, -47.11539], "size": [1.19133, 1.05569, 1.10978], "inflate": -0.001, "pivot": [2.38342, 21.72825, -47.1155], "rotation": [0, 0, 47], "uv": [27, 57]},
						{"origin": [-1.48964, 21.00725, -47.1155], "size": [2.97928, 7.1585, 1.11], "uv": [15, 49]},
						{"origin": [-0.9, 27.475, -70.67089], "size": [1, 1.7, 2.15378], "inflate": -0.301, "pivot": [-0.6, 27.975, -70.371], "rotation": [0, 0, -28], "uv": [57, 52]},
						{"origin": [-1.32, 28.465, -70.67078], "size": [1, 1.5, 2.15356], "inflate": -0.302, "pivot": [-1, 28.775, -70.371], "rotation": [0, 0, 15], "uv": [24, 53]},
						{"origin": [-0.1, 27.475, -70.67089], "size": [1, 1.7, 2.15378], "inflate": -0.301, "pivot": [0.6, 27.975, -70.371], "rotation": [0, 0, 28], "uv": [58, 37]},
						{"origin": [0.32, 28.465, -70.67078], "size": [1, 1.5, 2.15356], "inflate": -0.302, "pivot": [1, 28.775, -70.371], "rotation": [0, 0, -15], "uv": [66, 37]},
						{"origin": [-0.5, 27.575, -70.388], "size": [1, 2, 1.3105], "inflate": -0.35, "uv": [27, 34]},
						{"origin": [-0.75, 24.55, -69.71064], "size": [1.5, 3.675, 1.89828], "inflate": -0.201, "pivot": [0.25, 26.3, -69.73275], "rotation": [22.25, 0, 0], "uv": [33, 34]},
						{"origin": [-0.75, 23.675, -70.571], "size": [1.5, 5, 1.8985], "inflate": -0.2, "uv": [10, 34]},
						{"origin": [-1.75, 27.1, -31.1], "size": [3.5, 1.1, 5.5], "inflate": -0.001, "uv": [97, 50]},
						{"origin": [0.5, 28.1, -29.95], "size": [1, 1.1, 3.5], "inflate": -0.001, "pivot": [1.5, 29.2, -29.95], "rotation": [-16.75, 0, 0], "uv": [13, 69]},
						{"origin": [-1.5, 28.1, -29.95], "size": [1, 1.1, 3.5], "inflate": -0.001, "pivot": [-1.5, 29.2, -29.95], "rotation": [-16.75, 0, 0], "uv": [66, 53]},
						{"origin": [0.35, 28.025, -24.925], "size": [1.9, 1, 1], "inflate": -0.001, "pivot": [1.75, 29.125, -24.925], "rotation": [-24.25, 0, 0], "uv": [8, 49]},
						{"origin": [-0.075, 28.15, -30.725], "size": [1.65, 1, 7.6], "inflate": -0.3, "uv": [15, 49]},
						{"origin": [-0.075, 28.15, -23.725], "size": [1.65, 1, 1.3], "inflate": -0.301, "pivot": [1.275, 28.45, -23.425], "rotation": [73.75, 0, 0], "uv": [49, 2]},
						{"origin": [-1.575, 28.15, -23.725], "size": [1.65, 1, 1.3], "inflate": -0.301, "pivot": [-1.275, 28.45, -23.425], "rotation": [73.75, 0, 0], "uv": [49, 0]},
						{"origin": [-0.575, 28.15, -23.725], "size": [1.15, 1, 1], "inflate": -0.302, "pivot": [-0.275, 28.45, -23.425], "rotation": [73.75, 0, 0], "uv": [10, 46]},
						{"origin": [-1.575, 28.15, -30.725], "size": [1.65, 1, 7.6], "inflate": -0.3, "uv": [48, 48]},
						{"origin": [-2.25, 28.025, -24.925], "size": [1.9, 1, 1], "inflate": -0.001, "pivot": [-1.75, 29.125, -24.925], "rotation": [-24.25, 0, 0], "uv": [49, 6]},
						{"origin": [-0.45, 27.85, -24.925], "size": [1, 1, 1], "inflate": -0.002, "pivot": [-1.75, 29.125, -24.925], "rotation": [-24.25, 0, 0], "uv": [33, 43]},
						{"origin": [-1.75, 27.6, -31.1], "size": [3.5, 1.1, 1.5], "inflate": -0.002, "uv": [8, 63]},
						{"origin": [-1.75, 27.1, -25.6], "size": [3.5, 1.1, 1], "inflate": -0.002, "pivot": [1.25, 28.2, -25.6], "rotation": [-25.5, 0, 0], "uv": [16, 63]}
					]
				},
				{
					"name": "action",
					"parent": "gun",
					"pivot": [-2, 24.65, -23.6],
					"cubes": [
						{"origin": [-2.166, 22.95, -23.6], "size": [1.14, 1.5, 8.5], "uv": [67, 99]},
						{"origin": [-4.475, 23.15, -23.775], "size": [3.5, 1, 1], "pivot": [-4.475, 24.15, -23.775], "rotation": [0, -12.75, 0], "uv": [0, 6]},
						{"origin": [-1.6245, 24.45, -23.6], "size": [1.14, 1.55, 14.5], "pivot": [-1.9095, 24.45, -23.6], "rotation": [0, 0, 18], "uv": [0, 34]},
						{"origin": [-2.16586, 23.45, -23.6], "size": [1.13972, 1, 8.5], "inflate": -0.001, "pivot": [-2.166, 24.45, -23.6], "rotation": [0, 0, -39], "uv": [99, 61]},
						{"origin": [-1.881, 22.95, -15.1], "size": [1.14, 1.5, 5.5], "uv": [33, 34]}
					]
				},
				{
					"name": "switch",
					"parent": "gun",
					"pivot": [-2.8, 19.7, 1.1],
					"rotation": [33.25, 0, 0],
					"cubes": [
						{"origin": [-3.1785, 16.98131, -1.8975], "size": [1.14, 1.25, 3], "pivot": [-2.6085, 17.60631, 3.1025], "rotation": [-32.5, 0, 0], "uv": [38, 91]}
					]
				},
				{
					"name": "ak_guard",
					"parent": "gun",
					"pivot": [2.4, 25, -33.1],
					"cubes": [
						{"origin": [-2.7768, 21.9, -32.841], "size": [5.5536, 3.1, 6.1475], "uv": [202, 35]},
						{"origin": [-2.7768, 21.9, -26.691], "size": [5.5536, 1.1, 1.9975], "uv": [207, 40]},
						{"origin": [-2.7768, 22.95, -27.366], "size": [5.5536, 1.5, 2.8225], "inflate": 0.001, "pivot": [0, 23.9, -26.36725], "rotation": [-44.5, 0, 0], "uv": [215, 62]},
						{"origin": [-2.77696, 19.525, -25.80361], "size": [5.55391, 2.475, 1.11022], "inflate": 0.001, "uv": [238, 41]},
						{"origin": [-2.7768, 21.9, -46.061], "size": [5.5536, 3.1, 13.22], "uv": [214, 46]},
						{"origin": [-2.77664, 1.5, -46.06089], "size": [5.55329, 20.4, 1.38728], "inflate": -0.001, "pivot": [2.7768, 21.9, -46.061], "rotation": [86.5, 0, 0], "uv": [234, 62]},
						{"origin": [1.6198, 1.4, -47.837], "size": [1.157, 20.475, 1.776], "pivot": [2.7768, 21.9, -46.061], "rotation": [87.80761, 2.72893, 51.19777], "uv": [192, 0]},
						{"origin": [-1.33055, 0.4, -46.161], "size": [2.6611, 20.5, 2.5975], "pivot": [1.33055, 20.9, -46.061], "rotation": [86.5, 0, 0], "uv": [210, 0]},
						{"origin": [-2.7768, 1.4, -47.837], "size": [1.157, 20.475, 1.776], "pivot": [-2.7768, 21.9, -46.061], "rotation": [87.80761, -2.72893, -51.19777], "uv": [192, 0]}
					]
				},
				{
					"name": "rightarm",
					"parent": "main",
					"pivot": [-4.3, 8.8, 21.8],
					"rotation": [-101.81106, -12.40003, -2.46982],
					"cubes": [
						{"origin": [-8.3, -15.2, 17.8], "size": [8, 24, 8], "uv": [42, 115]}
					]
				},
				{
					"name": "leftarm",
					"parent": "main",
					"pivot": [10.7, 7.4, -16.7],
					"rotation": [-131.49345, -3.84346, -37.7519],
					"cubes": [
						{"origin": [6.7, -16.6, -20.7], "size": [8, 24, 8], "uv": [0, 0]}
					]
				},
				{
					"name": "scope",
					"parent": "main",
					"pivot": [0, 29.225, -1.25],
					"cubes": [
						{"origin": [-0.5, 28.725, -1.55], "size": [1, 1, 1], "inflate": -0.4, "uv": [64, 19]}
					]
				},
				{
					"name": "magazine",
					"parent": "main",
					"pivot": [-0.011, 12.50793, -18.37746],
					"cubes": [
						{"origin": [-2.31, 8.5, -17.75], "size": [4.598, 11, 6], "pivot": [-1.1, 19.5, -11.75], "rotation": [-12.75, 0, 0], "uv": [72, 0]},
						{"origin": [-1.70479, 8.5, -19.75], "size": [3.38758, 11, 3], "inflate": -0.001, "pivot": [-0.495, 19.5, -11.75], "rotation": [-12.75, 0, 0], "uv": [0, 34]},
						{"origin": [-1.4025, 16.8, -12.675], "size": [2.783, 2.325, 1.25], "pivot": [0.4125, 18.8, -11.425], "rotation": [-21, 0, 0], "uv": [48, 48]},
						{"origin": [-2.31021, -4.2, -20.2], "size": [4.59842, 13, 6], "inflate": 0.001, "pivot": [-1.1, 8.8, -14.2], "rotation": [-39.5, 0, 0], "uv": [66, 34]},
						{"origin": [-1.70521, -4.2, -22.2], "size": [3.38842, 13, 2], "inflate": 0.001, "pivot": [-0.495, 8.8, -14.2], "rotation": [-39.5, 0, 0], "uv": [90, 0]}
					]
				},
				{
					"name": "bullet",
					"parent": "magazine",
					"pivot": [0.325, -0.175, -17.9],
					"rotation": [-12.5, 0, 0],
					"cubes": [
						{"origin": [-1.00469, 19.50333, -22.4], "size": [1.53116, 1, 6], "inflate": 0.2, "pivot": [-0.0524, 20.075, -22.4], "rotation": [0, 0, 21], "uv": [83, 138]}
					]
				},
				{
					"name": "magazine2",
					"parent": "main",
					"pivot": [-0.011, 12.50793, -18.37746],
					"cubes": [
						{"origin": [-2.31, 8.5, -17.75], "size": [4.598, 11, 6], "pivot": [-1.1, 19.5, -11.75], "rotation": [-12.75, 0, 0], "uv": [72, 0]},
						{"origin": [-1.70479, 8.5, -19.75], "size": [3.38758, 11, 3], "inflate": -0.001, "pivot": [-0.495, 19.5, -11.75], "rotation": [-12.75, 0, 0], "uv": [0, 34]},
						{"origin": [-1.4025, 16.8, -12.675], "size": [2.783, 2.325, 1.25], "pivot": [0.4125, 18.8, -11.425], "rotation": [-21, 0, 0], "uv": [48, 48]},
						{"origin": [-2.31021, -4.2, -20.2], "size": [4.59842, 13, 6], "inflate": 0.001, "pivot": [-1.1, 8.8, -14.2], "rotation": [-39.5, 0, 0], "uv": [66, 34]},
						{"origin": [-1.70521, -4.2, -22.2], "size": [3.38842, 13, 2], "inflate": 0.001, "pivot": [-0.495, 8.8, -14.2], "rotation": [-39.5, 0, 0], "uv": [90, 0]}
					]
				},
				{
					"name": "bullet2",
					"parent": "magazine2",
					"pivot": [16.58225, -0.175, -17.9],
					"rotation": [-12.5, 0, 0],
					"cubes": [
						{"origin": [0.31124, 13.76944, -22.4], "size": [1.02906, 1, 6], "inflate": 0.2, "pivot": [15.90123, 20.075, -22.4], "rotation": [0, 0, 21], "uv": [83, 138]}
					]
				},
				{
					"name": "muzzleflash",
					"parent": "main",
					"pivot": [0, 23.425, -67.525],
					"cubes": [
						{"origin": [-0.5, 22.925, -72.24175], "size": [1, 1, 1.022], "inflate": -0.4, "uv": [27, 69]}
					]
				},
				{
					"name": "_cb_scope",
					"parent": "main",
					"pivot": [0, 27.85, -10.65]
				},
				{
					"name": "_cb_canted",
					"parent": "main",
					"pivot": [0, 27.85, -3.9]
				},
				{
					"name": "_camera_",
					"pivot": [6.825, 33.725, 26.45]
				}
			]
		}
	]
}