{
	"format_version": "1.12.0",
	"minecraft:geometry": [
		{
			"description": {
				"identifier": "geometry.unknown",
				"texture_width": 128,
				"texture_height": 128,
				"visible_bounds_width": 8,
				"visible_bounds_height": 4,
				"visible_bounds_offset": [0, 1, 0]
			},
			"bones": [
				{
					"name": "bb_main",
					"pivot": [0, 0, 0]
				},
				{
					"name": "main",
					"pivot": [0, 0, 0]
				},
				{
					"name": "muzzleflash",
					"parent": "main",
					"pivot": [0, 22.4, -19.875],
					"cubes": [
						{"origin": [-0.6, 23.2, -17.675], "size": [1.3, 1.3, 1.3], "inflate": -0.5, "uv": [1, 1]}
					]
				},
				{
					"name": "scope",
					"parent": "main",
					"pivot": [0, 25.4, 20.75],
					"cubes": [
						{"origin": [-0.5, 24.9, 20.45], "size": [1, 1, 1], "inflate": -0.4, "uv": [96, 38]}
					]
				},
				{
					"name": "rightarm",
					"parent": "main",
					"pivot": [-4.8, 10.525, 20.9],
					"rotation": [-104.56106, -12.40003, -2.46982],
					"cubes": [
						{"origin": [-8.8, -13.475, 17.6], "size": [8, 24, 8], "uv": [96, 96]}
					]
				},
				{
					"name": "leftarm",
					"parent": "main",
					"pivot": [10.2, 3, 19.4],
					"rotation": [-118.95832, 6.70101, -29.35181],
					"cubes": [
						{"origin": [6.5, -21, 13.3], "size": [8, 24, 8], "uv": [96, 96]}
					]
				},
				{
					"name": "gun",
					"parent": "main",
					"pivot": [0.02729, 16.98557, -1.55605],
					"cubes": [
						{"origin": [-0.78787, 22.92869, -16.92691], "size": [1.775, 1.775, 12], "inflate": -0.2, "pivot": [0.11213, 23.75369, -10.92691], "rotation": [0, 0, -25], "uv": [48, 33]},
						{"origin": [-0.59024, 23.495, -9.5441], "size": [1.3824, 1.7316, 9.10852], "inflate": -0.3, "uv": [94, 0]},
						{"origin": [-2.12906, 22.73803, -9.6441], "size": [1.7332, 1.78536, 9.3085], "inflate": -0.4, "pivot": [0.02633, 22.66919, -12.76442], "rotation": [0, 0, 42.5], "uv": [76, 32]},
						{"origin": [-1.45833, 7.14092, 0.78984], "size": [3, 10.4, 6.5], "inflate": -0.034, "pivot": [0.04167, 10.64092, 2.58984], "rotation": [9.5, 0, 0], "uv": [42, 99]},
						{"origin": [-2.38333, 11.95991, 3.45709], "size": [1.375, 3.925, 3.35], "inflate": -0.4, "pivot": [-1.70833, 14.35991, 4.95709], "rotation": [48.5, 0, 0], "uv": [111, 86]},
						{"origin": [-2.40833, 8.83435, -2.55054], "size": [1.425, 5.525, 9.85], "inflate": -0.395, "pivot": [-1.70833, 11.90935, 2.89946], "rotation": [97, 0, 0], "uv": [108, 71]},
						{"origin": [-2.40833, 6.23491, 1.08209], "size": [1.425, 4.725, 7.475], "inflate": -0.402, "uv": [112, 85]},
						{"origin": [-2.38333, 9.80991, 1.90709], "size": [1.375, 4.475, 6.35], "inflate": -0.401, "pivot": [-2.85833, 11.85991, 6.40709], "rotation": [11.5, 0, 0], "uv": [103, 70]},
						{"origin": [1.09167, 8.83435, -2.55054], "size": [1.425, 5.525, 9.85], "inflate": -0.395, "pivot": [1.79167, 11.90935, 2.89946], "rotation": [97, 0, 0], "uv": [108, 71]},
						{"origin": [1.11667, 11.95991, 3.45709], "size": [1.375, 3.925, 3.35], "inflate": -0.4, "pivot": [1.79167, 14.35991, 4.95709], "rotation": [48.5, 0, 0], "uv": [111, 86]},
						{"origin": [1.09167, 6.23491, 1.08209], "size": [1.425, 4.725, 7.475], "inflate": -0.402, "uv": [112, 85]},
						{"origin": [1.11667, 9.80991, 1.90709], "size": [1.375, 4.475, 6.35], "inflate": -0.401, "pivot": [0.64167, 11.85991, 6.40709], "rotation": [11.5, 0, 0], "uv": [103, 70]},
						{"origin": [-1.45833, 12.54092, 5.98984], "size": [3, 4.1, 3], "inflate": -0.0399, "pivot": [0.04167, 9.74092, 4.48984], "rotation": [23.5, 0, 0], "uv": [82, 20]},
						{"origin": [-1.45833, 14.63491, 0.30709], "size": [3, 3, 3], "inflate": -0.0401, "pivot": [0.04167, 15.58491, 1.80709], "rotation": [41.5, 0, 0], "uv": [36, 90]},
						{"origin": [-1.45833, 16.09683, -0.65735], "size": [3, 2.6, 1.3], "inflate": -0.035, "uv": [92, 44]},
						{"origin": [-1.45833, 17.22183, 0.49265], "size": [3, 2.6, 3.7], "inflate": -0.035, "uv": [90, 47]},
						{"origin": [-1.45833, 17.12183, 2.69265], "size": [3, 2, 2.8], "inflate": -0.0401, "pivot": [0.04167, 17.92183, 4.19265], "rotation": [-50.5, 0, 0], "uv": [90, 74]},
						{"origin": [-1.45833, 17.12183, 2.89265], "size": [3, 2, 2.8], "inflate": -0.0401, "pivot": [0.04167, 17.92183, 4.39265], "rotation": [-35.5, 0, 0], "uv": [90, 74]},
						{"origin": [-1.45833, 16.92183, 4.59265], "size": [3, 1.8, 1.8], "inflate": -0.0401, "pivot": [0.04167, 17.72183, 5.09265], "rotation": [-13.5, 0, 0], "uv": [92, 76]},
						{"origin": [-1.45833, 10.20991, 4.90709], "size": [3, 3.7, 3], "inflate": -0.0398, "pivot": [0.04167, 11.85991, 6.40709], "rotation": [11.5, 0, 0], "uv": [24, 89]},
						{"origin": [-1.45833, 6.23491, 2.28209], "size": [3, 4.375, 5.925], "inflate": -0.0398, "uv": [1, 81]},
						{"origin": [-1.57404, 19.85539, -4.94458], "size": [3.20928, 1.95296, 14.03296], "inflate": -0.295, "uv": [48, 17]},
						{"origin": [-1.57404, 15.65539, -2.14458], "size": [3.20928, 5.95296, 8.13296], "inflate": -0.299, "pivot": [0.0306, 18.83187, 1.3219], "rotation": [13, 0, 0], "uv": [0, 67]},
						{"origin": [-1.57404, 6.88348, -0.0427], "size": [3.20928, 8.95296, 7.53296], "inflate": -0.3, "pivot": [0.0306, 11.05996, 3.72378], "rotation": [8, 0, 0], "uv": [22, 74]},
						{"origin": [-1.57404, 6.43445, 0.54622], "size": [3.20928, 1.70296, 6.20796], "inflate": -0.3001, "uv": [76, 78]},
						{"origin": [-1.57404, 5.63445, 0.54622], "size": [3.20928, 1.90296, 6.40796], "inflate": -0.3, "uv": [81, 7]},
						{"origin": [-1.57404, 18.75539, 3.25542], "size": [3.20928, 3.45296, 3.43296], "inflate": -0.3001, "pivot": [0.0306, 19.43187, 2.0219], "rotation": [-26, 0, 0], "uv": [88, 85]},
						{"origin": [-1.57404, 18.95593, 5.14215], "size": [3.20928, 3.45296, 3.43296], "inflate": -0.3, "pivot": [0.0306, 20.68241, 6.85863], "rotation": [-61, 0, 0], "uv": [0, 89]},
						{"origin": [-1.57404, 18.55593, -3.05785], "size": [3.20928, 3.45296, 3.43296], "inflate": -0.3002, "pivot": [0.0306, 20.28241, -1.34137], "rotation": [-52, 0, 0], "uv": [12, 89]},
						{"origin": [-1.57404, 13.75593, -0.83285], "size": [3.20928, 2.05296, 1.93296], "inflate": -0.3001, "pivot": [0.0306, 15.48241, 0.88363], "rotation": [-41, 0, 0], "uv": [94, 28]},
						{"origin": [-1.57084, 19.65699, -11.48823], "size": [3.20608, 1.75968, 10.46144], "inflate": -0.3, "pivot": [0.02633, 22.76919, -2.56442], "rotation": [-6, 0, 0], "uv": [64, 46]},
						{"origin": [-0.57084, 15.23217, -10.08792], "size": [1.20608, 1.05968, 6.01144], "inflate": -0.3, "pivot": [0.0322, 15.76201, -6.5072], "rotation": [-6, 0, 0], "uv": [28, 0]},
						{"origin": [-0.57084, 18.23217, -11.43792], "size": [1.20608, 1.05968, 3.58644], "inflate": -0.3, "pivot": [0.0322, 18.76201, -9.2072], "rotation": [-90, 0, 0], "uv": [55, 0]},
						{"origin": [-0.57084, 15.45717, -10.83792], "size": [1.20608, 1.05968, 1.36144], "inflate": -0.3, "pivot": [0.0322, 15.98701, -8.6572], "rotation": [-73, 0, 0], "uv": [49, 0]},
						{"origin": [-0.57084, 16.36663, -9.82648], "size": [1.20608, 1.05968, 1.81144], "inflate": -0.3, "pivot": [0.0322, 16.89647, -9.14576], "rotation": [-120, 0, 0], "uv": [53, 0]},
						{"origin": [-0.57084, 18.45717, -11.33792], "size": [1.20608, 1.05968, 2.78644], "inflate": -0.3, "pivot": [0.0322, 18.98701, -9.1072], "rotation": [-120, 0, 0], "uv": [12, 95]},
						{"origin": [-0.57084, 15.15717, -5.13792], "size": [1.20608, 1.13468, 2.71144], "inflate": -0.3, "pivot": [0.0322, 15.68701, -2.9072], "rotation": [-144, 0, 0], "uv": [24, 95]},
						{"origin": [-0.57084, 17.65717, -7.33792], "size": [1.20608, 1.23468, 2.91144], "inflate": -0.3, "pivot": [0.0322, 18.28701, -4.9072], "rotation": [-106.5, 0, 0], "uv": [48, 95]},
						{"origin": [-0.57084, 18.80807, -6.29799], "size": [1.20608, 1.23468, 2.91144], "inflate": -0.3, "pivot": [0.0322, 19.42541, -4.84227], "rotation": [-93.5, 0, 0], "uv": [96, 14]},
						{"origin": [-0.57084, 16.58217, -9.08792], "size": [1.20608, 1.23468, 2.91144], "inflate": -0.3, "pivot": [0.0322, 17.21201, -6.6572], "rotation": [-149.5, 0, 0], "uv": [82, 95]},
						{"origin": [-0.57084, 14.45717, -3.83792], "size": [1.20608, 1.83468, 2.78644], "inflate": -0.3, "pivot": [0.0322, 15.68701, -1.6072], "rotation": [-121, 0, 0], "uv": [18, 95]},
						{"origin": [-0.57084, 18.45717, -11.03792], "size": [1.20608, 1.75968, 2.68644], "inflate": -0.3, "pivot": [0.0322, 19.68701, -8.8072], "rotation": [-148, 0, 0], "uv": [30, 95]},
						{"origin": [-0.57084, 15.009, -4.74176], "size": [1.20608, 1.05968, 4.06144], "inflate": -0.3, "uv": [48, 90]},
						{"origin": [-1.57084, 19.65699, -12.45463], "size": [3.20608, 1.0832, 1.5664], "inflate": -0.3, "pivot": [0.02633, 22.76919, -2.56442], "rotation": [-6, 0, 0], "uv": [48, 46]}
					]
				},
				{
					"name": "magazine",
					"parent": "gun",
					"pivot": [0.025, 0, 0],
					"cubes": [
						{"origin": [-1.275, 5.5763, 0.68356], "size": [2.6, 15.2, 6], "inflate": -0.3, "pivot": [0.025, 6.7763, 1.68356], "rotation": [8.5, 0, 0], "uv": [64, 57]},
						{"origin": [-1.275, 5.1763, -0.11644], "size": [2.6, 1.3, 6.875], "inflate": -0.3, "uv": [23, 68]},
						{"origin": [-1.275, 5.1763, 3.28356], "size": [2.6, 1.7, 3.475], "inflate": -0.3, "uv": [18, 69]},
						{"origin": [-1.275, 5.5513, 0.00856], "size": [2.6, 1.3, 1.6], "inflate": -0.3, "pivot": [0.025, 6.2013, 0.80856], "rotation": [38, 0, 0], "uv": [96, 33]}
					]
				},
				{
					"name": "button",
					"parent": "gun",
					"pivot": [10.64167, 21.00446, -6.42691],
					"cubes": [
						{"origin": [-1.95833, 18.80446, -1.72691], "size": [4, 2, 2.1], "inflate": -0.4, "pivot": [0.04167, 19.80446, -0.67691], "rotation": [-27.5, 0, 0], "uv": [64, 74]}
					]
				},
				{
					"name": "trigger",
					"parent": "gun",
					"pivot": [0.04167, 22.3941, 7.3088],
					"rotation": [-70, 0, 0],
					"cubes": [
						{"origin": [-0.73333, 22.86076, 6.12547], "size": [1.55, 2.5, 2.525], "inflate": -0.4, "uv": [59, 74]},
						{"origin": [-0.73333, 20.96076, 6.12547], "size": [1.55, 2.7, 2.05], "inflate": -0.4, "uv": [1, 61]},
						{"origin": [-0.75833, 20.96076, 7.40047], "size": [1.6, 2.35, 1.2], "inflate": -0.4, "uv": [0, 57]},
						{"origin": [-0.73333, 21.66076, 6.55047], "size": [1.55, 2.375, 1.5], "inflate": -0.4, "pivot": [0.04167, 23.06076, 7.05047], "rotation": [52.5, 0, 0], "uv": [18, 81]}
					]
				},
				{
					"name": "slide",
					"parent": "gun",
					"pivot": [1.525, 23.47715, 4.90067],
					"cubes": [
						{"origin": [-1.46732, 21.31507, -11.38522], "size": [2.99584, 2.416, 7.62064], "uv": [10, 58]},
						{"origin": [-5.47148, 17.31507, -7.78522], "size": [11, 10.4, 18], "inflate": -4, "uv": [1, 100]},
						{"origin": [0.38268, 21.31507, 6.21478], "size": [1.14584, 2.416, 1.22064], "uv": [66, 93]},
						{"origin": [-1.46732, 21.31507, 6.21478], "size": [1.14584, 2.416, 1.22064], "uv": [54, 95]},
						{"origin": [-0.86524, 22.73107, -16.2441], "size": [1.7824, 1.4316, 1.08352], "uv": [98, 0]},
						{"origin": [0.6991, 22.87897, -16.6441], "size": [1.2792, 1.47448, 23.956], "inflate": -0.4, "pivot": [0.02633, 22.76919, -2.56442], "rotation": [0, 0, -17.5], "uv": [0, 0]},
						{"origin": [-1.8782, 21.59083, -16.56826], "size": [1.75968, 1.51808, 5.48304], "inflate": -0.3, "pivot": [0.02633, 22.76919, -2.56442], "rotation": [0, 0, -22.5], "uv": [58, 87]},
						{"origin": [-1.4359, 19.98794, 5.80284], "size": [1.90064, 1.99544, 1.95112], "inflate": -0.9, "pivot": [0.02633, 22.76919, -2.56442], "rotation": [-0.13401, 0.19473, 132.09162], "uv": [96, 69]},
						{"origin": [0.74274, 13.51621, 0.69637], "size": [1.97928, 1.98528, 2.0576], "inflate": -0.9, "pivot": [0.02633, 22.76919, -2.56442], "rotation": [58.83073, 0.63316, -138.27788], "uv": [92, 94]},
						{"origin": [-1.15024, 20.48729, 5.8198], "size": [1.11408, 1.40732, 1.3012], "inflate": -0.4, "pivot": [0.02633, 22.76919, -2.56442], "rotation": [-0.13401, 0.19473, 132.09162], "uv": [96, 67]},
						{"origin": [-2.21515, 18.03005, 4.72465], "size": [0.84128, 1.71392, 1.36384], "inflate": -0.4, "pivot": [0.02633, 22.76919, -2.56442], "rotation": [32.26105, -0.40703, 42.41922], "uv": [98, 2]},
						{"origin": [1.49448, 17.74138, 4.62593], "size": [1.456, 1.08064, 1.49864], "inflate": -0.4, "pivot": [0.02633, 22.76919, -2.56442], "rotation": [34.44741, -21.62526, 28.29851], "uv": [96, 35]},
						{"origin": [-1.87664, 16.56168, 4.36993], "size": [0.89064, 1.65896, 1.6456], "inflate": -0.4, "pivot": [0.02633, 22.76919, -2.56442], "rotation": [38.29045, -0.28911, 17.50472], "uv": [88, 44]},
						{"origin": [-0.30671, 16.47544, 4.62085], "size": [1.36984, 1.70592, 1.50464], "inflate": -0.4, "pivot": [0.02633, 22.76919, -2.56442], "rotation": [39.12939, -8.79468, 10.69436], "uv": [66, 96]},
						{"origin": [-1.38929, 16.77833, 4.37474], "size": [1.35428, 1.42144, 1.6456], "inflate": -0.3, "pivot": [0.02633, 22.76919, -2.56442], "rotation": [40, 0, 0], "uv": [96, 65]},
						{"origin": [-1.23929, 17.20333, 3.94974], "size": [1.20428, 1.04644, 1.5456], "inflate": -0.3, "pivot": [0.02633, 23.39419, -3.08942], "rotation": [40, 0, 0], "uv": [98, 65]},
						{"origin": [-2.27906, 22.78803, -1.1441], "size": [1.8832, 1.88536, 7.77152], "inflate": -0.4, "pivot": [0.02633, 22.76919, -2.56442], "rotation": [0, 0, 42.5], "uv": [80, 66]},
						{"origin": [-1.92563, 22.87897, -16.6441], "size": [1.2792, 1.47448, 16.306], "inflate": -0.4, "pivot": [0.02633, 22.76919, -18.56442], "rotation": [0, 0, 17.5], "uv": [48, 0]},
						{"origin": [-0.66524, 23.73107, -16.5441], "size": [1.3824, 1.7316, 12.10852], "inflate": -0.3, "uv": [38, 61]},
						{"origin": [-0.66524, 23.40607, -1.0441], "size": [1.3824, 2.0566, 7.58352], "inflate": -0.3, "uv": [24, 14]},
						{"origin": [-2.27906, 22.78803, -16.6441], "size": [1.8832, 1.88536, 12.3085], "inflate": -0.4, "pivot": [0.02633, 22.76919, -17.76442], "rotation": [0, 0, 42.5], "uv": [38, 48]},
						{"origin": [-1.92563, 22.87897, -1.1441], "size": [1.2792, 1.47448, 8.456], "inflate": -0.4, "pivot": [0.02633, 22.76919, -2.56442], "rotation": [0, 0, 17.5], "uv": [58, 78]},
						{"origin": [0.84852, 22.78803, -16.6441], "size": [1.4832, 1.88536, 23.27152], "inflate": -0.4, "pivot": [0.02633, 22.76919, -2.56442], "rotation": [0, 0, -42.5], "uv": [0, 13]},
						{"origin": [-1.01046, 16.47544, 4.62085], "size": [1.36984, 1.70592, 1.50464], "inflate": -0.4, "pivot": [0.02633, 22.76919, -2.56442], "rotation": [39.12939, 8.79468, -10.69436], "uv": [96, 59]},
						{"origin": [-2.84781, 17.74138, 4.62593], "size": [1.406, 1.18064, 1.49864], "inflate": -0.4, "pivot": [0.02633, 22.76919, -2.56442], "rotation": [34.44741, 21.62526, -28.29851], "uv": [88, 95]},
						{"origin": [0.14596, 23.82818, 5.65924], "size": [1.106, 1.23064, 1.49], "inflate": -0.4, "pivot": [0.69896, 24.431, 6.40174], "rotation": [35.19741, 21.62526, -28.29851], "uv": [90, 96]},
						{"origin": [0.029, 24.03279, 5.39823], "size": [1.081, 1.43064, 1.592], "inflate": -0.5, "pivot": [0.55843, 24.74811, 6.19423], "rotation": [35.51598, 21.04658, -27.42293], "uv": [97, 100]},
						{"origin": [-0.08858, 24.37753, 5.27306], "size": [1.056, 1.03064, 1.592], "inflate": -0.5, "pivot": [0.43942, 24.89285, 6.06906], "rotation": [35.43734, 21.19168, -27.64118], "uv": [98, 100]},
						{"origin": [1.03866, 16.56168, 4.36993], "size": [0.89064, 1.65896, 1.6456], "inflate": -0.4, "pivot": [0.02633, 22.76919, -2.56442], "rotation": [38.29045, 0.28911, -17.50472], "uv": [62, 46]},
						{"origin": [1.42654, 18.03005, 4.72465], "size": [0.84128, 1.71392, 1.36384], "inflate": -0.4, "pivot": [0.02633, 22.76919, -2.56442], "rotation": [32.26105, 0.40703, -42.41922], "uv": [89, 42]},
						{"origin": [0.08882, 20.48729, 5.8198], "size": [1.11408, 1.35732, 1.3012], "inflate": -0.4, "pivot": [0.02633, 22.76919, -2.56442], "rotation": [-0.13401, -0.19473, -132.09162], "uv": [96, 61]},
						{"origin": [-0.41208, 19.98794, 5.80284], "size": [1.90064, 1.99544, 1.95112], "inflate": -0.9, "pivot": [0.02633, 22.76919, -2.56442], "rotation": [-0.13401, -0.19473, -132.09162], "uv": [96, 63]},
						{"origin": [-2.66936, 13.51621, 0.69637], "size": [1.97928, 1.98528, 2.0576], "inflate": -0.9, "pivot": [0.02633, 22.76919, -2.56442], "rotation": [58.83073, -0.63316, 138.27788], "uv": [94, 81]},
						{"origin": [0.08268, 15.81193, 4.57474], "size": [1.74584, 1.5664, 1.4456], "inflate": -0.3, "pivot": [0.02633, 22.76919, -2.56442], "rotation": [40, 0, 0], "uv": [40, 96]},
						{"origin": [-1.76732, 14.71193, 5.82474], "size": [1.74584, 1.1664, 1.0456], "inflate": -0.3, "pivot": [-1.74867, 21.46919, -1.71442], "rotation": [40, 0, 0], "uv": [18, 88]},
						{"origin": [0.08268, 14.71193, 5.82474], "size": [1.74584, 1.1664, 1.0456], "inflate": -0.3, "pivot": [0.02633, 21.46919, -1.71442], "rotation": [40, 0, 0], "uv": [18, 86]},
						{"origin": [-1.76732, 15.81193, 4.57474], "size": [1.74584, 1.5664, 1.4456], "inflate": -0.3, "pivot": [-1.74867, 22.76919, -2.56442], "rotation": [40, 0, 0], "uv": [74, 96]},
						{"origin": [0.08768, 16.77833, 4.47474], "size": [1.35428, 1.42144, 1.5456], "inflate": -0.3, "pivot": [0.02633, 22.76919, -2.56442], "rotation": [40, 0, 0], "uv": [96, 57]},
						{"origin": [0.08768, 17.27833, 4.04974], "size": [1.15428, 1.07144, 1.55], "inflate": -0.3, "pivot": [0.02633, 23.26919, -2.98942], "rotation": [40, 0, 0], "uv": [96, 57]},
						{"origin": [-0.11232, 17.42833, 3.84974], "size": [1.30428, 1.36, 1.65], "inflate": -0.5, "pivot": [0.02633, 23.61919, -3.28942], "rotation": [40, 0, 0], "uv": [98, 58]},
						{"origin": [-0.96696, 17.72833, 3.62474], "size": [1.07928, 1.235, 1.643], "inflate": -0.5, "pivot": [0.02367, 23.89419, -3.51442], "rotation": [40, 0, 0], "uv": [100, 60], "mirror": true},
						{"origin": [-1.07696, 23.85318, 5.45924], "size": [1.081, 1.48064, 1.592], "inflate": -0.5, "pivot": [-0.42396, 24.656, 6.20174], "rotation": [35.19741, -21.62526, 28.29851], "uv": [97, 100], "mirror": true},
						{"origin": [-1.04196, 17.60333, 3.62474], "size": [1.20428, 1.235, 1.643], "inflate": -0.5, "pivot": [0.02367, 23.89419, -3.51442], "rotation": [40, 0, 0], "uv": [100, 60], "mirror": true},
						{"origin": [-1.20196, 23.72818, 5.65924], "size": [1.106, 1.33064, 1.49], "inflate": -0.4, "pivot": [-0.64896, 24.431, 6.40174], "rotation": [35.19741, -21.62526, 28.29851], "uv": [90, 96], "mirror": true},
						{"origin": [-1.14196, 17.32833, 3.74974], "size": [1.30428, 1.46, 1.75], "inflate": -0.5, "pivot": [0.02367, 23.61919, -3.28942], "rotation": [40, 0, 0], "uv": [98, 58], "mirror": true},
						{"origin": [-0.11232, 17.70333, 3.62474], "size": [1.20428, 1.135, 1.643], "inflate": -0.5, "pivot": [0.02633, 23.89419, -3.51442], "rotation": [40, 0, 0], "uv": [100, 60]},
						{"origin": [-0.11232, 17.82833, 3.62474], "size": [1.12928, 1.135, 1.643], "inflate": -0.5, "pivot": [0.02633, 23.89419, -3.51442], "rotation": [40, 0, 0], "uv": [100, 60]},
						{"origin": [-0.11232, 17.95333, 3.62474], "size": [1.05428, 1.11, 1.643], "inflate": -0.5, "pivot": [0.02633, 23.89419, -3.51442], "rotation": [40, 0, 0], "uv": [100, 60]},
						{"origin": [-0.96696, 17.82833, 3.62474], "size": [1.12928, 1.135, 1.643], "inflate": -0.5, "pivot": [0.02367, 23.89419, -3.51442], "rotation": [40, 0, 0], "uv": [100, 60], "mirror": true},
						{"origin": [-1.07696, 24.32818, 5.45924], "size": [1.056, 1.05564, 1.592], "inflate": -0.5, "pivot": [-0.42396, 24.656, 6.20174], "rotation": [35.19741, -21.62526, 28.29851], "uv": [98, 100], "mirror": true},
						{"origin": [-0.89196, 17.95333, 3.62474], "size": [1.05428, 1.11, 1.643], "inflate": -0.5, "pivot": [0.02367, 23.89419, -3.51442], "rotation": [40, 0, 0], "uv": [100, 60], "mirror": true},
						{"origin": [0.08268, 16.92242, 5.49185], "size": [1.74584, 1.35712, 1.73152], "inflate": -0.3001, "pivot": [0.02633, 22.76919, -2.56442], "rotation": [28, 0, 0], "uv": [96, 40]},
						{"origin": [-1.76732, 16.92242, 5.49185], "size": [1.74584, 1.35712, 1.73152], "inflate": -0.3001, "pivot": [-1.74867, 22.76919, -2.56442], "rotation": [28, 0, 0], "uv": [78, 96]},
						{"origin": [0.08268, 18.63848, 6.48877], "size": [1.74584, 1.34176, 1.79816], "inflate": -0.3, "pivot": [0.02633, 22.76919, -2.56442], "rotation": [14, 0, 0], "uv": [44, 96]},
						{"origin": [-1.76732, 18.63848, 6.48877], "size": [1.72084, 1.34176, 1.79816], "inflate": -0.3, "pivot": [-1.97367, 22.76919, -2.56442], "rotation": [14, 0, 0], "uv": [58, 97]},
						{"origin": [0.07596, 21.01822, 7.12234], "size": [1.75928, 1.1332, 2.09104], "inflate": -0.3, "uv": [70, 87]},
						{"origin": [-1.765, 21.01822, 7.12234], "size": [1.75, 1.1332, 2.09104], "inflate": -0.3, "uv": [6, 95]},
						{"origin": [-1.46732, 22.18483, -16.26826], "size": [2.99584, 1.54624, 4.88304], "uv": [82, 27]},
						{"origin": [-1.41772, 21.03923, -16.56826], "size": [2.88384, 1.4456, 5.19312], "inflate": -0.3, "uv": [82, 14]},
						{"origin": [0.17119, 21.59083, -16.56826], "size": [1.75968, 1.51808, 5.48304], "inflate": -0.3, "pivot": [0.02633, 22.76919, -2.56442], "rotation": [0, 0, 22.5], "uv": [76, 85]},
						{"origin": [-1.46732, 18.63614, -12.36238], "size": [2.99584, 1.54624, 1.9328], "inflate": -0.001, "pivot": [0.02633, 22.76919, -2.56442], "rotation": [-20, 0, 0], "uv": [56, 46]},
						{"origin": [-0.98788, 24.23075, 4.55906], "size": [2, 1.525, 1.8], "inflate": -0.5, "uv": [96, 31]},
						{"origin": [-0.33788, 24.75575, 4.85906], "size": [1.35, 1.225, 1.25], "inflate": -0.5, "uv": [70, 96]},
						{"origin": [-0.58788, 24.65575, -16.14094], "size": [1.2, 1.325, 2.15], "inflate": -0.5, "uv": [0, 95]},
						{"origin": [-0.98788, 24.75575, 4.85906], "size": [1.35, 1.225, 1.25], "inflate": -0.5, "uv": [96, 71]},
						{"origin": [0.62596, 22.83445, 2.14622], "size": [1.40928, 1.30296, 3.10796], "inflate": -0.3, "pivot": [1.2806, 23.38593, 4.7002], "rotation": [50, 0, 0], "uv": [94, 24]}
					]
				},
				{
					"name": "_camera_",
					"pivot": [16.05043, 28.19767, 67.1025]
				}
			]
		}
	]
}