{
	"format_version": "1.12.0",
	"minecraft:geometry": [
		{
			"description": {
				"identifier": "geometry.unknown",
				"texture_width": 256,
				"texture_height": 256,
				"visible_bounds_width": 8,
				"visible_bounds_height": 5,
				"visible_bounds_offset": [0, 0.5, 0]
			},
			"bones": [
				{
					"name": "bb_main",
					"pivot": [0, 0, 0]
				},
				{
					"name": "main",
					"pivot": [0, 20, 0]
				},
				{
					"name": "gun",
					"parent": "main",
					"pivot": [0.8, 0, 0],
					"cubes": [
						{"origin": [0.7325, 20.4945, -6.84], "size": [1.602, 1.9675, 1.258], "inflate": -0.5, "pivot": [0.5445, 21.5105, -6.211], "rotation": [0, 0, 27], "uv": [223, 253]},
						{"origin": [0.539, 20.817, -14.94], "size": [1.86, 1.258, 3.124], "inflate": -0.5, "uv": [246, 118]},
						{"origin": [0.7325, 19.517, -15.615], "size": [1.652, 2.5675, 1.683], "inflate": -0.5, "uv": [177, 253]},
						{"origin": [0.539, 19.617, -3.24], "size": [1.86, 1.258, 3.524], "inflate": -0.5, "pivot": [1.44003, 20.03938, -5.378], "rotation": [180, 0, 0], "uv": [245, 125]},
						{"origin": [0.539, 19.617, -10.54], "size": [1.86, 1.258, 4.024], "inflate": -0.5, "pivot": [1.44003, 20.03938, -4.378], "rotation": [180, 0, 0], "uv": [245, 129]},
						{"origin": [0.70702, 18.85839, -7.774], "size": [1.602, 1.9675, 1.258], "inflate": -0.5, "pivot": [1.44003, 20.03938, -4.378], "rotation": [-180, 0, -27], "uv": [227, 253]},
						{"origin": [0.70702, 18.85839, -9.54], "size": [1.602, 1.9675, 1.258], "inflate": -0.5, "pivot": [1.44003, 20.03938, -3.878], "rotation": [-180, 0, -27], "uv": [249, 231]},
						{"origin": [0.539, 20.817, 2.11], "size": [1.86, 1.258, 3.824], "inflate": -0.5, "uv": [248, 124]},
						{"origin": [0.7325, 20.4945, 2.11], "size": [1.602, 1.9675, 1.258], "inflate": -0.5, "pivot": [0.5445, 21.5105, 2.539], "rotation": [0, 0, 27], "uv": [197, 253]},
						{"origin": [0.7325, 20.4945, 4.676], "size": [1.602, 1.9675, 1.258], "inflate": -0.5, "pivot": [0.5445, 21.5105, 5.505], "rotation": [0, 0, 27], "uv": [193, 253]},
						{"origin": [0.539, 20.817, -6.84], "size": [1.86, 1.258, 3.924], "inflate": -0.5, "uv": [123, 251]},
						{"origin": [0.7325, 20.4945, -4.174], "size": [1.602, 1.9675, 1.258], "inflate": -0.5, "pivot": [0.5445, 21.5105, -3.545], "rotation": [0, 0, 27], "uv": [219, 253]},
						{"origin": [0.70702, 18.85839, -3.24], "size": [1.602, 1.9675, 1.258], "inflate": -0.5, "pivot": [1.44003, 20.03938, -5.378], "rotation": [-180, 0, -27], "uv": [231, 253]},
						{"origin": [0.68202, 18.85839, -1.574], "size": [1.602, 1.9675, 1.858], "inflate": -0.5, "pivot": [1.41503, 20.03938, -5.378], "rotation": [-180, 0, -27], "uv": [249, 233]},
						{"origin": [0.7325, 20.4945, -13.074], "size": [1.602, 1.9675, 1.258], "inflate": -0.5, "pivot": [0.5445, 21.5105, -12.445], "rotation": [0, 0, 27], "uv": [189, 253]},
						{"origin": [-1.8, 19.05, -15.8], "size": [3.6, 3.1, 21.7], "inflate": -0.3, "uv": [0, 98]},
						{"origin": [-2.4, 19.525, -2.225], "size": [3.4, 1.2, 1.2], "inflate": -0.3, "pivot": [-0.8, 20.125, -1.625], "rotation": [-35, 0, 0], "uv": [152, 84]},
						{"origin": [-2.2, 18.975, -25.075], "size": [4.4, 3.5, 9.625], "inflate": -0.299, "pivot": [0, 20.8625, -20.2625], "rotation": [-15, 0, 0], "uv": [0, 122]},
						{"origin": [-2.2, 18.975, -16.075], "size": [4.4, 1.525, 1.225], "inflate": -0.3, "pivot": [0, 20.8625, -20.2625], "rotation": [-15, 0, 0], "uv": [152, 48]},
						{"origin": [-0.1, 21.85, -25.325], "size": [2.3, 2.375, 10.125], "inflate": -0.299, "pivot": [0, 22.7375, -20.2625], "rotation": [0, 0, -35], "uv": [128, 13]},
						{"origin": [-0.45056, 24.05867, -25.325], "size": [2.275, 1.425, 10.125], "inflate": -0.299, "pivot": [0.68694, 24.39617, -20.2625], "rotation": [0, 0, -46.5], "uv": [130, 90]},
						{"origin": [-2.2, 18.42933, -15.74475], "size": [4.4, 1.525, 1.225], "inflate": -0.299, "pivot": [-0.425, 21.8439, -18.025], "rotation": [-15, 0, 0], "uv": [152, 50]},
						{"origin": [-2.2, 17.8, -16.375], "size": [4.4, 3.175, 1.175], "inflate": -0.3, "uv": [148, 148]},
						{"origin": [-2.2, 20.2, -25.325], "size": [4.4, 3.45, 10.125], "inflate": -0.3, "uv": [118, 121]},
						{"origin": [-3.0762, 21.84174, -25.325], "size": [2.3, 2.375, 10.125], "inflate": -0.3, "pivot": [-0.425, 21.3439, -18.025], "rotation": [0, 0, 35], "uv": [128, 25]},
						{"origin": [-1.6, 22.075, -25.325], "size": [1.5, 3.2, 10.125], "inflate": -0.299, "uv": [0, 134]},
						{"origin": [-3.95684, 22.91743, -25.325], "size": [2.275, 1.425, 10.125], "inflate": -0.3, "pivot": [-0.425, 21.3439, -18.025], "rotation": [0, 0, 46.5], "uv": [130, 101]},
						{"origin": [-1, 22.075, -25.325], "size": [2, 3.775, 10.125], "inflate": -0.3, "uv": [128, 0]},
						{"origin": [0.1, 22.075, -25.325], "size": [1.5, 3.2, 10.125], "inflate": -0.3, "uv": [26, 122]},
						{"origin": [-2.2, 17.7, -16.375], "size": [4.4, 3.275, 1.175], "inflate": -0.298, "uv": [148, 117]},
						{"origin": [-0.7, 22.65, 3.975], "size": [1.4, 1.3, 1.9], "inflate": -0.299, "pivot": [0, 23.3, 2.425], "rotation": [29.5, 0, 0], "uv": [76, 156]},
						{"origin": [-0.7, 24.15606, 3.40089], "size": [1.4, 1.3, 1.9], "inflate": -0.3, "uv": [80, 156]},
						{"origin": [-1.6, 16.625, -16.2], "size": [3.2, 4.425, 7.9], "inflate": -0.3, "pivot": [0, 18.4, -12.35], "rotation": [-16, 0, 0], "uv": [136, 37]},
						{"origin": [-1.8, 16.525, -16.3], "size": [3.6, 1.125, 8.1], "inflate": -0.401, "pivot": [0, 18.4, -12.35], "rotation": [-16, 0, 0], "uv": [74, 28]},
						{"origin": [-1.5, 18.35, -1.2], "size": [3, 4.1, 7.8], "inflate": -0.3, "uv": [22, 135]},
						{"origin": [-0.8, 20.75, 5.7], "size": [1.6, 2, 1.5], "inflate": -0.3, "uv": [154, 104]},
						{"origin": [-1.5, 21.55, 4.825], "size": [3.025, 1.7, 1.075], "inflate": -0.299, "uv": [152, 66]},
						{"origin": [-1.275, 21.25, 4.825], "size": [3, 1.75, 1.075], "inflate": -0.3, "pivot": [0.225, 22, 5.5625], "rotation": [0, 0, -13.5], "uv": [152, 68]},
						{"origin": [-1.725, 21.25, 4.825], "size": [3, 1.75, 1.075], "inflate": -0.3, "pivot": [-0.225, 22, 5.5625], "rotation": [0, 0, 13.5], "uv": [70, 152]},
						{"origin": [-1.1, 15.65, -9.5], "size": [2.2, 4.2, 2.5], "inflate": -0.3, "uv": [80, 148]},
						{"origin": [-1.2, 15.55, -7.7], "size": [2.4, 1, 5.85], "inflate": -0.4, "uv": [22, 146]},
						{"origin": [-1.2, 14.25, -8.6], "size": [2.4, 2.3, 1.05], "inflate": -0.4, "uv": [110, 152]},
						{"origin": [-1.5, 15.65, -2.55], "size": [3, 4, 1.3], "inflate": -0.3, "uv": [96, 151]},
						{"origin": [-1.5, 18.05, -4.55], "size": [3, 2.1, 1.2], "inflate": -0.4, "pivot": [0, 18.15, -4], "rotation": [19, 0, 0], "uv": [152, 60]},
						{"origin": [-1.5, 17.21452, -4.66201], "size": [3, 1.7, 1.2], "inflate": -0.4, "uv": [152, 70]},
						{"origin": [-1.5, 16.01452, -4.98701], "size": [3, 2.2, 1.2], "inflate": -0.4, "pivot": [0, 17.16452, -4.38701], "rotation": [-32, 0, 0], "uv": [62, 152]},
						{"origin": [-1.5, 15.65, -1.8], "size": [3, 4.4, 1.3], "inflate": -0.299, "pivot": [0, 17.65, -1.15], "rotation": [-24.25, 0, 0], "uv": [152, 0]},
						{"origin": [-1.5, 17.35, -1.825], "size": [3, 4.4, 1.325], "inflate": -0.3, "pivot": [0, 19.35, -1.15], "rotation": [-24.25, 0, 0], "uv": [152, 5]},
						{"origin": [-0.875, 21.55, -15.8], "size": [1.75, 4.15, 19.725], "inflate": -0.3, "uv": [90, 98]},
						{"origin": [-1.375, 21.55, 3.3], "size": [2.725, 2.85, 2.425], "inflate": -0.3, "uv": [20, 152]},
						{"origin": [0.125, 21.45, -15.8], "size": [1.5, 3.55, 20.825], "inflate": -0.3, "pivot": [1.025, 22.875, -5.0375], "rotation": [0, 0, -9], "uv": [48, 98]},
						{"origin": [-1.125, 22.925, -32.4], "size": [2.25, 2.875, 3.325], "inflate": -0.499, "uv": [52, 148]},
						{"origin": [-1.125, 24.825, -31.975], "size": [2.25, 1.225, 6.9], "inflate": -0.5, "uv": [52, 141]},
						{"origin": [-1.125, 25.05, -28.975], "size": [2.25, 1.175, 2.25], "inflate": -0.5, "pivot": [0, 25.6375, -27.85], "rotation": [0, -27.5, 0], "uv": [152, 63]},
						{"origin": [-0.775, 24.05, -28.625], "size": [1.55, 2.075, 1.55], "inflate": -0.5, "pivot": [0, 25.6375, -27.85], "rotation": [0, -27.5, 0], "uv": [154, 95]},
						{"origin": [-1.375, 24.825, -26.075], "size": [2.75, 1.425, 1.2], "inflate": -0.5, "uv": [154, 90]},
						{"origin": [-0.35, 25.25, -26.075], "size": [1.725, 1.225, 1.2], "inflate": -0.5, "uv": [142, 156]},
						{"origin": [-1.375, 25.25, -26.075], "size": [1.725, 1.225, 1.2], "inflate": -0.5, "uv": [152, 156]},
						{"origin": [-0.125, 24.35, -31.525], "size": [1.25, 1.95, 1.575], "inflate": -0.501, "uv": [156, 138]},
						{"origin": [-1.325, 23.3, -58.825], "size": [2.65, 2.35, 2.875], "inflate": -0.501, "uv": [152, 52]},
						{"origin": [-1.325, 24.65, -58.025], "size": [1.25, 1.825, 2.075], "inflate": -0.501, "uv": [6, 154]},
						{"origin": [-0.575, 24.625, -57.425], "size": [1.15, 1.85, 1.175], "inflate": -0.501, "uv": [154, 98]},
						{"origin": [0.075, 24.65, -58.025], "size": [1.25, 1.825, 2.075], "inflate": -0.501, "uv": [0, 154]},
						{"origin": [-1.125, 23.8, -31.925], "size": [1.25, 2.05, 2.025], "inflate": -0.501, "pivot": [-0.7, 24.425, -31.5625], "rotation": [30, 0, 0], "uv": [152, 80]},
						{"origin": [-1.125, 24.45, -31.4], "size": [1.25, 2.05, 2.025], "inflate": -0.501, "pivot": [-0.7, 25.075, -31.0375], "rotation": [-30, 0, 0], "uv": [152, 76]},
						{"origin": [-1.125, 24.35, -31.525], "size": [1.25, 1.95, 1.575], "inflate": -0.501, "uv": [156, 140]},
						{"origin": [-1.125, 22.925, -32.4], "size": [2.25, 2.85, 3.325], "inflate": -0.5, "uv": [148, 143]},
						{"origin": [-0.125, 23.8, -31.925], "size": [1.25, 2.05, 2.025], "inflate": -0.501, "pivot": [0, 24.425, -31.5625], "rotation": [30, 0, 0], "uv": [36, 151]},
						{"origin": [-0.125, 24.45, -31.4], "size": [1.25, 2.05, 2.025], "inflate": -0.501, "pivot": [0, 25.075, -31.0375], "rotation": [-30, 0, 0], "uv": [152, 72]},
						{"origin": [-1.125, 23.025, -30.1], "size": [2.25, 2.6, 3.625], "inflate": -0.5, "uv": [148, 112]},
						{"origin": [-1.125, 23.025, -27.2], "size": [2.25, 2.3, 1.575], "inflate": -0.5, "uv": [122, 152]},
						{"origin": [-1.125, 22.65, -27.825], "size": [2.25, 2.6, 1.925], "inflate": -0.5, "pivot": [-0.025, 23.95, -26.0125], "rotation": [-19, 0, 0], "uv": [116, 152]},
						{"origin": [-1.65137, 21.62038, -59.1], "size": [3.2, 3.2, 34.4], "inflate": -0.3, "pivot": [0.04863, 23.12038, -41.9], "rotation": [0, 0, 25], "uv": [0, 0]},
						{"origin": [-1.59817, 23.38215, 4.25], "size": [1.5, 1.9, 1.35], "inflate": -0.5, "pivot": [-0.79817, 24.30715, 5.0375], "rotation": [48.75, 0, 9], "uv": [56, 156]},
						{"origin": [-1.485, 23.32865, 4.18242], "size": [1.025, 1.725, 1.4], "inflate": -0.4, "pivot": [-0.8591, 24.19115, 4.88242], "rotation": [48.60668, -4.31992, 3.79844], "uv": [52, 156]},
						{"origin": [-1.4716, 24.46528, 4.125], "size": [1.5, 1.05, 1.05], "inflate": -0.5, "pivot": [-0.6216, 24.70278, 3.925], "rotation": [-36.25, 0, 33.5], "uv": [156, 46]},
						{"origin": [-1.74586, 24.06287, 4.05], "size": [1.2, 1.075, 1.1], "inflate": -0.5, "pivot": [-0.89586, 24.28787, -5.1875], "rotation": [0, 0, 33.5], "uv": [156, 44]},
						{"origin": [-1.84586, 23.96287, 3.975], "size": [1.5, 1.275, 1.275], "inflate": -0.6, "pivot": [-0.89586, 24.28787, -5.1875], "rotation": [0, 0, 33.5], "uv": [156, 42]},
						{"origin": [-1.725, 23.7, 4.5], "size": [1.4, 1.05, 1.025], "inflate": -0.4, "pivot": [-1.025, 22.875, -4.8625], "rotation": [0, 0, 9], "uv": [156, 40]},
						{"origin": [-1.725, 23.7, 4.225], "size": [1.4, 1.25, 1.075], "inflate": -0.4, "pivot": [-1.025, 22.875, -5.0375], "rotation": [0, 0, 9], "uv": [156, 38]},
						{"origin": [-1.4716, 24.46528, 3.95], "size": [1.5, 1.05, 1.175], "inflate": -0.5, "pivot": [-0.6216, 24.70278, 3.925], "rotation": [-36.25, 0, 33.5], "uv": [156, 36]},
						{"origin": [-1.3466, 23.61606, 3.09945], "size": [1.175, 1, 1.5], "inflate": -0.4, "pivot": [-0.6841, 24.85356, 3.84945], "rotation": [58.75, 0, 0], "uv": [30, 156]},
						{"origin": [-1.4216, 23.76606, 3.69945], "size": [1.125, 1.125, 1.454], "inflate": -0.5, "pivot": [-0.6841, 24.60356, 4.34945], "rotation": [57.38114, -16.19111, 9.91709], "uv": [26, 156]},
						{"origin": [-1.74586, 24.06287, 3.925], "size": [1.5, 1.125, 1.15], "inflate": -0.5, "pivot": [-0.89586, 24.28787, -5.1875], "rotation": [0, 0, 33.5], "uv": [22, 156]},
						{"origin": [-1.3716, 24.41528, 3.825], "size": [1.4, 1, 1.025], "inflate": -0.4, "pivot": [-0.6216, 24.70278, 3.925], "rotation": [-36.25, 0, 33.5], "uv": [18, 156]},
						{"origin": [-1.64586, 24.16287, 3.825], "size": [1.4, 1.025, 1], "inflate": -0.4, "pivot": [-0.89586, 24.28787, -5.1875], "rotation": [0, 0, 33.5], "uv": [148, 155]},
						{"origin": [-1.64586, 24.16287, 3.225], "size": [1.4, 1.175, 1.4], "inflate": -0.4, "pivot": [-0.89586, 24.28787, -5.1875], "rotation": [0, 0, 33.5], "uv": [122, 155]},
						{"origin": [-1.3716, 24.24028, 2.925], "size": [1.4, 1.175, 1.7], "inflate": -0.401, "pivot": [-0.6216, 24.70278, 3.925], "rotation": [-36.25, 0, 33.5], "uv": [118, 155]},
						{"origin": [-1.3216, 23.99106, 3.59945], "size": [1.3, 2.025, 1.454], "inflate": -0.4, "pivot": [-0.6841, 24.60356, 4.34945], "rotation": [57.38114, -16.19111, 9.91709], "uv": [154, 92]},
						{"origin": [-1.3216, 23.49325, 4.425], "size": [2.2, 1.525, 1.3], "inflate": -0.3, "pivot": [-0.8216, 23.95575, 5.075], "rotation": [48.75, 0, 0], "uv": [82, 154]},
						{"origin": [-1.625, 21.45, 4.425], "size": [1.6, 2.95, 1.3], "inflate": -0.3, "pivot": [-1.025, 22.875, 15.1625], "rotation": [0, 0, 9], "uv": [58, 153]},
						{"origin": [-1.625, 21.45, -4], "size": [1.5, 3.55, 9.025], "inflate": -0.3, "pivot": [-1.025, 22.875, -5.0375], "rotation": [0, 0, 9], "uv": [118, 134]},
						{"origin": [-1.625, 22.125, -9], "size": [1.5, 2.875, 5.625], "inflate": -0.3, "pivot": [-1.025, 22.875, -12.2375], "rotation": [0, 0, 9], "uv": [146, 121]},
						{"origin": [0.325, 23.7, 4.225], "size": [1.4, 1.25, 1.075], "inflate": -0.4, "pivot": [1.025, 22.875, -5.0375], "rotation": [0, 0, -9], "uv": [36, 155]},
						{"origin": [0.09817, 23.38215, 4.25], "size": [1.5, 1.9, 1.35], "inflate": -0.5001, "pivot": [0.79817, 24.30715, 5.0375], "rotation": [48.75, 0, -9], "uv": [114, 155]},
						{"origin": [0.325, 23.7, 4.5], "size": [1.4, 1.05, 1.025], "inflate": -0.4, "pivot": [1.025, 22.875, -4.8625], "rotation": [0, 0, -9], "uv": [40, 155]},
						{"origin": [0.325, 23.5, 4.725], "size": [1.4, 1.075, 1], "inflate": -0.5, "pivot": [1.025, 22.875, -4.8625], "rotation": [0, 0, -9], "uv": [44, 155]},
						{"origin": [0.025, 21.45, 4.425], "size": [1.6, 2.95, 1.3], "inflate": -0.3, "pivot": [1.025, 22.875, 15.1625], "rotation": [0, 0, -9], "uv": [114, 138]},
						{"origin": [-0.8784, 23.49325, 4.425], "size": [2.2, 1.525, 1.3], "inflate": -0.299, "pivot": [0.8216, 23.95575, 5.075], "rotation": [48.75, 0, 0], "uv": [76, 154]},
						{"origin": [0.46, 23.32865, 4.18242], "size": [1.025, 1.725, 1.4], "inflate": -0.4, "pivot": [0.8591, 24.19115, 4.88242], "rotation": [48.60668, 4.31992, -3.79844], "uv": [110, 155]},
						{"origin": [0.0216, 23.99106, 3.59945], "size": [1.3, 2.025, 1.454], "inflate": -0.399, "pivot": [0.6841, 24.60356, 4.34945], "rotation": [57.38114, 16.19111, -9.91709], "uv": [114, 141]},
						{"origin": [0.2966, 23.76606, 3.69945], "size": [1.125, 1.125, 1.454], "inflate": -0.5, "pivot": [0.6841, 24.60356, 4.34945], "rotation": [57.38114, 16.19111, -9.91709], "uv": [144, 154]},
						{"origin": [-0.9784, 23.61606, 2.09945], "size": [1.95, 2.125, 2.5], "inflate": -0.402, "pivot": [0.6841, 24.85356, 3.84945], "rotation": [58.75, 0, 0], "uv": [62, 148]},
						{"origin": [0.1716, 23.61606, 3.09945], "size": [1.175, 1, 1.5], "inflate": -0.4, "pivot": [0.6841, 24.85356, 3.84945], "rotation": [58.75, 0, 0], "uv": [154, 152]},
						{"origin": [0.24586, 24.26287, -15.8], "size": [1.3, 1.425, 19.725], "inflate": -0.3, "pivot": [0.89586, 24.28787, -5.1875], "rotation": [0, 0, -33.5], "uv": [112, 70]},
						{"origin": [-1.54586, 24.26287, -15.8], "size": [1.3, 1.425, 19.725], "inflate": -0.3, "pivot": [-0.89586, 24.28787, -5.1875], "rotation": [0, 0, 33.5], "uv": [48, 121]},
						{"origin": [0.24586, 24.16287, 3.225], "size": [1.4, 1.175, 1.4], "inflate": -0.4, "pivot": [0.89586, 24.28787, -5.1875], "rotation": [0, 0, -33.5], "uv": [128, 154]},
						{"origin": [0.24586, 24.16287, 3.825], "size": [1.4, 1.025, 1], "inflate": -0.4, "pivot": [0.89586, 24.28787, -5.1875], "rotation": [0, 0, -33.5], "uv": [132, 154]},
						{"origin": [0.24586, 24.06287, 3.925], "size": [1.5, 1.125, 1.15], "inflate": -0.5, "pivot": [0.89586, 24.28787, -5.1875], "rotation": [0, 0, -33.5], "uv": [140, 154]},
						{"origin": [0.34586, 23.96287, 3.975], "size": [1.5, 1.275, 1.275], "inflate": -0.6, "pivot": [0.89586, 24.28787, -5.1875], "rotation": [0, 0, -33.5], "uv": [48, 155]},
						{"origin": [0.54586, 24.06287, 4.05], "size": [1.2, 1.075, 1.1], "inflate": -0.5, "pivot": [0.89586, 24.28787, -5.1875], "rotation": [0, 0, -33.5], "uv": [62, 155]},
						{"origin": [-0.0284, 24.24028, 2.925], "size": [1.4, 1.175, 1.7], "inflate": -0.401, "pivot": [0.6216, 24.70278, 3.925], "rotation": [-36.25, 0, -33.5], "uv": [154, 109]},
						{"origin": [-0.0284, 24.41528, 3.825], "size": [1.4, 1, 1.025], "inflate": -0.4, "pivot": [0.6216, 24.70278, 3.925], "rotation": [-36.25, 0, -33.5], "uv": [136, 154]},
						{"origin": [-0.0284, 24.46528, 3.95], "size": [1.5, 1.05, 1.175], "inflate": -0.5, "pivot": [0.6216, 24.70278, 3.925], "rotation": [-36.25, 0, -33.5], "uv": [154, 154]},
						{"origin": [-0.0284, 24.46528, 4.125], "size": [1.5, 1.05, 1.05], "inflate": -0.5, "pivot": [0.6216, 24.70278, 3.925], "rotation": [-36.25, 0, -33.5], "uv": [66, 155]}
					]
				},
				{
					"name": "stock",
					"parent": "gun",
					"pivot": [0.00926, 15.06139, 16.0717],
					"cubes": [
						{"origin": [-1.5, 15.425, -1.5], "size": [3, 3.575, 5.7], "inflate": -0.299, "pivot": [0, 16.6, -0.85], "rotation": [-24.25, 0, 0], "uv": [136, 62]},
						{"origin": [-1.6, 16.85, 5.9], "size": [3.2, 2.7, 26], "inflate": -0.395, "uv": [0, 70]},
						{"origin": [-0.3, 18.025, 5.9], "size": [1.85, 2.125, 26], "inflate": -0.4, "pivot": [0.6, 18.825, 18.9], "rotation": [0, 0, -65], "uv": [58, 70]},
						{"origin": [-1.24102, 17.86001, 5.9], "size": [1.85, 2.125, 26], "inflate": -0.4, "pivot": [-0.31602, 18.98501, 18.9], "rotation": [0, 0, 65], "uv": [74, 0]},
						{"origin": [-0.075, 18.15, 31.1], "size": [1.8, 2.325, 2.8], "inflate": -0.401, "pivot": [0.825, 18.95, 44.1], "rotation": [0, 0, -65], "uv": [104, 152]},
						{"origin": [-1.41602, 17.98501, 31.1], "size": [1.8, 2.35, 2.8], "inflate": -0.402, "pivot": [-0.54102, 19.11001, 44.1], "rotation": [0, 0, 65], "uv": [152, 86]},
						{"origin": [-1.6, 16.85, -0.7], "size": [3.2, 2.2, 7.4], "inflate": -0.4, "uv": [105, 0]},
						{"origin": [-1.6, 15.15, 2.4], "size": [3.2, 2.2, 4.1], "inflate": -0.401, "pivot": [0, 16.15, 2.75], "rotation": [33, 0, 0], "uv": [114, 146]},
						{"origin": [-1.6, 18.75, 5.9], "size": [3.2, 3.7, 3.6], "inflate": -0.4, "uv": [146, 128]},
						{"origin": [-1.6, 16.7, 7.925], "size": [3.2, 5.3, 3.6], "inflate": -0.399, "pivot": [0, 20.15, 9.725], "rotation": [63, 0, 0], "uv": [116, 28]},
						{"origin": [-1.6, 13.2, 9.725], "size": [3.2, 4.3, 1.8], "inflate": -0.399, "pivot": [0, 20.15, 9.725], "rotation": [63, 0, 0], "uv": [152, 10]},
						{"origin": [-1.6, 9.65, 28], "size": [3.2, 8.2, 3.9], "inflate": -0.399, "uv": [68, 141]},
						{"origin": [-1.8, 6.95, 31.1], "size": [3.6, 12.675, 2.8], "inflate": -0.4, "uv": [42, 141]},
						{"origin": [-1.6, 8.25, 27.8], "size": [3.2, 9.6, 2.8], "inflate": -0.403, "pivot": [0, 13.75, 29.75], "rotation": [-20, 0, 0], "uv": [138, 143]},
						{"origin": [-1.6, 13.45, 27.8], "size": [3.2, 5.4, 2.8], "inflate": -0.401, "pivot": [0, 15.65, 29.75], "rotation": [21, 0, 0], "uv": [0, 147]},
						{"origin": [-1.6, 14.85, 27.4], "size": [3.2, 5, 2.8], "inflate": -0.401, "pivot": [0, 17.05, 29.35], "rotation": [45, 0, 0], "uv": [10, 147]},
						{"origin": [-1.6, 7.55, 3.3], "size": [3.2, 6, 2.8], "inflate": -0.399, "pivot": [0, 10.35, 5.25], "rotation": [53, 0, 0], "uv": [128, 146]},
						{"origin": [-1.6, 6.5, 0.9], "size": [3.2, 6.85, 1.6], "inflate": -0.401, "pivot": [0, 10.15, 2.85], "rotation": [-29.5, 0, 0], "uv": [80, 141]},
						{"origin": [-0.9, 8.75, 13.2], "size": [1.9, 10.4, 4.6], "inflate": -0.395, "pivot": [0, 14.25, 16.95], "rotation": [15, 0, 0], "uv": [104, 138]},
						{"origin": [-0.9, 16.78493, 13.42705], "size": [1.9, 3.8, 2.3], "inflate": -0.4, "pivot": [0.05, 15.38493, 15.62705], "rotation": [39, 0, 0], "uv": [42, 135]},
						{"origin": [-0.9, 15.38873, 14.78429], "size": [1.9, 3.8, 3.4], "inflate": -0.4, "pivot": [0.05, 17.28873, 16.53429], "rotation": [52, 0, 0], "uv": [88, 151]},
						{"origin": [-0.9, 9.48873, 13.08429], "size": [1.9, 2.6, 3.2], "inflate": -0.399, "pivot": [0.05, 10.18873, 14.83429], "rotation": [52, 0, 0], "uv": [152, 15]},
						{"origin": [-0.9, 10.18493, 19.52705], "size": [1.9, 3.8, 2.3], "inflate": -0.399, "pivot": [0.05, 8.78493, 21.72705], "rotation": [52, 0, 0], "uv": [36, 146]},
						{"origin": [-1.6, 9.275, -1], "size": [3.2, 8.5, 5.6], "inflate": -0.397, "pivot": [0, 14.175, 3.75], "rotation": [15, 0, 0], "uv": [88, 138]},
						{"origin": [-1.6, 8.35, 0.7], "size": [3.2, 2.1, 31.2], "inflate": -0.4, "uv": [0, 37]},
						{"origin": [-1.6, 7.275, 0.2], "size": [3.2, 3.175, 6.425], "inflate": -0.4, "uv": [138, 134]},
						{"origin": [-1.6, 7.85, 0.7], "size": [3.2, 2.1, 31.2], "inflate": -0.398, "pivot": [0, 8.9, 16.3], "rotation": [-2.5, 0, 0], "uv": [68, 37]}
					]
				},
				{
					"name": "action",
					"parent": "gun",
					"pivot": [0, 0, 0],
					"cubes": [
						{"origin": [-1.375, 21.45, -15.8], "size": [1.5, 3.55, 14.425], "inflate": -0.3, "pivot": [-0.475, 22.875, -5.0375], "rotation": [0, 0, 9], "uv": [88, 121]},
						{"origin": [-1.95775, 21.6345, -15.65], "size": [1.285, 1.0165, 1.70525], "inflate": -0.299, "uv": [156, 156]},
						{"origin": [-1.54675, 21.6345, -15.5815], "size": [1.696, 1.0165, 2.14125], "inflate": -0.3, "pivot": [-0.83575, 22.24275, -14.51087], "rotation": [0, -44, 0], "uv": [70, 154]},
						{"origin": [-2.93725, 21.6345, -14.965], "size": [1.7795, 1.2165, 1.011], "inflate": -0.3, "uv": [0, 157]},
						{"origin": [-2.23725, 21.6345, -15.64], "size": [1.0795, 1.2165, 1.286], "inflate": -0.3, "uv": [8, 157]},
						{"origin": [-3.77672, 21.6345, -15.22016], "size": [1.59325, 1.2165, 1.07675], "inflate": -0.3, "pivot": [-2.98009, 22.24275, -14.63179], "rotation": [0, -25, 0], "uv": [4, 157]}
					]
				},
				{
					"name": "switch",
					"parent": "gun",
					"pivot": [-1.615, 20.12087, -1.62014],
					"cubes": [
						{"origin": [-2.10475, 19.23887, -9.41048], "size": [1.0795, 1.39063, 8.696], "inflate": -0.301, "uv": [130, 112]},
						{"origin": [-2.77975, 19.13887, -9.51048], "size": [1.3795, 1.09063, 2.796], "inflate": -0.4, "uv": [12, 154]},
						{"origin": [-2.10475, 20.09275, -9.37885], "size": [1.0795, 1.42225, 7.24125], "inflate": -0.299, "pivot": [-1.615, 20.64575, -5.03085], "rotation": [12.5, 0, 0], "uv": [112, 90]},
						{"origin": [-2.10475, 19.46025, -5.71035], "size": [1.0795, 1.2325, 3.57275], "inflate": -0.302, "pivot": [-1.615, 20.64575, -5.03085], "rotation": [12.5, 0, 0], "uv": [152, 56]},
						{"origin": [-2.10475, 17.51862, -1.51671], "size": [1.0795, 2.7505, 1.612], "inflate": -0.3, "pivot": [-1.615, 18.22974, -3.33559], "rotation": [49.5, 0, 0], "uv": [154, 101]}
					]
				},
				{
					"name": "magazine",
					"parent": "gun",
					"pivot": [0, 14.99882, -13.12241],
					"cubes": [
						{"origin": [-1.3, 10.625, -16.3], "size": [2.6, 8.525, 6.9], "inflate": -0.3, "pivot": [0, 16.5, -12.35], "rotation": [-10, 0, 0], "uv": [136, 48]}
					]
				},
				{
					"name": "rightarm",
					"parent": "main",
					"pivot": [3.82569, 10.06145, -3.90651],
					"rotation": [-101.81106, -12.40003, -2.46982],
					"cubes": [
						{"origin": [-4.78963, 9.53891, -13.00226], "size": [8, 24, 8], "pivot": [-0.78963, 21.53891, -9.00226], "rotation": [0, 0, -2.5], "uv": [198, 187]}
					]
				},
				{
					"name": "leftarm",
					"parent": "main",
					"pivot": [5.43202, 14.25647, -11.44652],
					"rotation": [-119.61483, 1.67666, -38.31282],
					"cubes": [
						{"origin": [-0.13598, 2.72253, -17.95746], "size": [8, 24, 8], "pivot": [-6.83598, 15.42253, -5.35746], "rotation": [-0.55404, -12.48791, 2.56062], "uv": [200, 155]}
					]
				},
				{
					"name": "muzzleflash",
					"parent": "main",
					"pivot": [0, 24.35, -68.25],
					"cubes": [
						{"origin": [-1.275, 22.75, -59.75], "size": [1, 1, 1], "inflate": -0.4, "uv": [114, 144]}
					]
				},
				{
					"name": "scope",
					"parent": "main",
					"pivot": [0, 32.3, 4.75],
					"cubes": [
						{"origin": [-0.5, 25.35, 3.45], "size": [1, 1, 1], "inflate": -0.4, "uv": [154, 107]}
					]
				},
				{
					"name": "_cb_scope",
					"parent": "main",
					"pivot": [1.2, 20.175, -8.825],
					"cubes": [
						{
							"origin": [1.2, 20.175, -9.825],
							"size": [1, 1, 1],
							"uv": {
								"north": {"uv": [15, 23], "uv_size": [1, 1]},
								"east": {"uv": [25, 13], "uv_size": [1, 1]},
								"south": {"uv": [14, 25], "uv_size": [1, 1]},
								"west": {"uv": [15, 25], "uv_size": [1, 1]},
								"up": {"uv": [16, 25], "uv_size": [1, 1]},
								"down": {"uv": [25, 17], "uv_size": [1, -1]}
							}
						}
					]
				},
				{
					"name": "_camera_",
					"pivot": [6, 27.8, 40]
				}
			]
		}
	]
}