{
	"format_version": "1.12.0",
	"minecraft:geometry": [
		{
			"description": {
				"identifier": "geometry.unknown",
				"texture_width": 256,
				"texture_height": 256,
				"visible_bounds_width": 8,
				"visible_bounds_height": 4,
				"visible_bounds_offset": [0, 1, 0]
			},
			"bones": [
				{
					"name": "bb_main",
					"pivot": [0, 0, 0]
				},
				{
					"name": "main",
					"pivot": [0, 14, 2]
				},
				{
					"name": "gun",
					"parent": "main",
					"pivot": [0.8, 0, 0],
					"cubes": [
						{"origin": [-1.3, 18.35, 5.1], "size": [2.4, 4.925, 1.6], "inflate": -0.3, "uv": [0, 226]},
						{"origin": [-1.8, 19.05, -15.8], "size": [3.6, 3.1, 21.525], "inflate": -0.3, "uv": [0, 98]},
						{"origin": [-0.875, 21.55, -35.5], "size": [1.75, 4.525, 2.05], "inflate": -0.4, "uv": [33, 0]},
						{"origin": [-0.875, 19.75, -34.25], "size": [1.75, 3.175, 2.8], "inflate": -0.4, "uv": [27, 0]},
						{"origin": [-1.025, 21.325, -37.1], "size": [2, 2, 22.65], "inflate": -0.4, "pivot": [-0.025, 22.425, -35.975], "rotation": [0, 0, 22.5], "uv": [17, 0]},
						{"origin": [-1.025, 23.325, -24.5], "size": [2, 2, 10.05], "inflate": -0.4, "pivot": [-0.025, 24.425, -35.975], "rotation": [0, 0, 22.5], "uv": [43, 0]},
						{"origin": [-2.325, 22.225, -24.6], "size": [1.6, 2.6, 1.65], "inflate": -0.4, "pivot": [-1.525, 23.225, -19.775], "rotation": [0, -22.5, 0], "uv": [0, 7]},
						{"origin": [-1.35, 21, -37.075], "size": [2.65, 2.65, 2.25], "inflate": -0.4, "pivot": [-0.025, 22.425, -36.95], "rotation": [0, 0, 22.5], "uv": [4, 7]},
						{"origin": [-1.5, 20.85, -39.675], "size": [3.05, 3.05, 3.8], "inflate": -0.75, "pivot": [-0.025, 22.525, -36.55], "rotation": [0, 0, 22.5], "uv": [12, 0]},
						{"origin": [-1.35, 18.9, -35.5], "size": [2.7, 3.825, 4.05], "inflate": -0.4, "uv": [0, 0]},
						{"origin": [-0.175, 21.325, -35.5], "size": [1.525, 1.65, 4.05], "inflate": -0.4, "pivot": [0, 22.0375, -34.475], "rotation": [0, 0, -35], "uv": [12, 6], "mirror": true},
						{"origin": [-1.35, 21.325, -35.5], "size": [1.525, 1.65, 4.05], "inflate": -0.4, "pivot": [0, 22.0375, -34.475], "rotation": [0, 0, 35], "uv": [22, 6]},
						{"origin": [-0.875, 25.25, -35.5], "size": [1.75, 1.5, 1.85], "inflate": -0.4, "uv": [11, 11]},
						{"origin": [-0.1, 25.75, -35.5], "size": [1.275, 1, 1.85], "inflate": -0.4, "pivot": [0.375, 26, -34.575], "rotation": [0, 0, -49], "uv": [3, 11]},
						{"origin": [-0.275, 26.675, -35.5], "size": [1.075, 1, 1.85], "inflate": -0.4, "pivot": [0, 26.925, -34.575], "rotation": [0, 0, 49], "uv": [2, 23]},
						{"origin": [-0.075, 26, -35.5], "size": [1, 1.25, 1.85], "inflate": -0.401, "uv": [8, 17]},
						{"origin": [-0.54, 25.825, -35.15], "size": [1.075, 1.4, 1.075], "inflate": -0.5, "uv": [7, 11]},
						{"origin": [0.5, 22.5, 5.1], "size": [1.7, 1.25, 1.6], "inflate": -0.3, "uv": [4, 192]},
						{"origin": [-1.3, 22.65, 4.9], "size": [2.4, 1.1, 1], "inflate": -0.3, "uv": [0, 194]},
						{"origin": [0.5, 18.325, 5.1], "size": [1.7, 1.25, 1.6], "inflate": -0.3, "uv": [0, 192]},
						{"origin": [0.5, 18.975, 5.1], "size": [1.7, 4.125, 1], "inflate": -0.3, "uv": [0, 187]},
						{"origin": [-2.4, 19.525, -2.225], "size": [3.4, 1.2, 1.2], "inflate": -0.3, "pivot": [-0.8, 20.125, -1.625], "rotation": [-35, 0, 0], "uv": [152, 84]},
						{"origin": [0.6, 17.225, -16.575], "size": [1.7, 2.8, 1.475], "inflate": -0.4, "pivot": [0, 19.4875, -15.8375], "rotation": [-45, 0, 0], "uv": [11, 85]},
						{"origin": [0.6, 14.4, -19.05], "size": [1.7, 4.425, 1.475], "inflate": -0.4, "pivot": [0, 18.2875, -18.3125], "rotation": [-114.25, 0, 0], "uv": [21, 85]},
						{"origin": [0.6, 17.525, -18.725], "size": [1.7, 1.4, 2.2], "inflate": -0.4, "uv": [15, 91]},
						{"origin": [0.6, 18.125, -34.25], "size": [1.3, 2.8, 3.1], "inflate": -0.401, "uv": [0, 96]},
						{"origin": [0.67797, 18.18318, -34.25], "size": [1.55, 4.425, 1.475], "inflate": -0.399, "pivot": [1.29577, 21.94536, -33.51251], "rotation": [0, 0, 5.5], "uv": [33, 111]},
						{"origin": [0.47797, 21.53318, -34.25], "size": [1.25, 2.15, 1.475], "inflate": -0.401, "pivot": [0.79577, 23.92036, -33.51251], "rotation": [0, 0, -16], "uv": [6, 112]},
						{"origin": [0.6, 18.525, -31.1], "size": [1.3, 2.55, 1.4], "inflate": -0.402, "pivot": [0, 21.1875, -30.8875], "rotation": [-47.5, 0, 0], "uv": [5, 91]},
						{"origin": [0.6, 19.325, -31.5], "size": [1.3, 1.4, 10.625], "inflate": -0.401, "pivot": [0, 21.2875, -25.7125], "rotation": [-4, 0, 0], "uv": [27, 95]},
						{"origin": [0.6, 19.9, -34.25], "size": [1.3, 4.575, 18.475], "inflate": -0.4, "uv": [0, 24]},
						{"origin": [-6.525, 14.4, -35.65], "size": [13.05, 14.575, 18.475], "inflate": -5, "uv": [24, 32]},
						{"origin": [-1.475, 23.2, -33.55], "size": [2.95, 2, 9.075], "inflate": -0.4, "uv": [33, 64]},
						{"origin": [0.6, 18.275, -20.05], "size": [1.3, 2.425, 4.275], "inflate": -0.4, "uv": [11, 113]},
						{"origin": [0.6, 19.375, -25.75], "size": [1.3, 1.325, 6.5], "inflate": -0.4, "uv": [0, 29]},
						{"origin": [0.6, 18.775, -21.35], "size": [1.3, 1.425, 2.1], "inflate": -0.401, "uv": [6, 61]},
						{"origin": [0.6, 17.975, -18.75], "size": [1.3, 1.425, 2.1], "inflate": -0.402, "uv": [0, 61]},
						{"origin": [-1, 23.775, -16.575], "size": [2, 2.31, 1.475], "inflate": -0.4, "uv": [0, 108]},
						{"origin": [-1, 24.775, -34.25], "size": [2, 1.31, 18.475], "inflate": -0.4, "uv": [0, 46]},
						{"origin": [-0.15, 25.175, -19.75], "size": [1.15, 1.285, 4.725], "inflate": -0.5, "uv": [39, 100]},
						{"origin": [-0.85, 25.175, -19.15], "size": [1.7, 1.16, 3.825], "inflate": -0.5, "uv": [11, 97]},
						{"origin": [-0.425, 25.175, -17.325], "size": [1.275, 2.06, 1.3], "inflate": -0.5, "uv": [11, 91]},
						{"origin": [-0.85, 25.175, -17.325], "size": [1.275, 2.06, 1.3], "inflate": -0.5, "uv": [0, 71]},
						{"origin": [-0.575, 25.175, -17.325], "size": [1.15, 1.885, 1.3], "inflate": -0.5, "uv": [11, 89]},
						{"origin": [-0.15, 25.575, -17.275], "size": [1.15, 1.885, 2.275], "inflate": -0.501, "pivot": [0.425, 26.3675, -16.1125], "rotation": [120, 0, 0], "uv": [11, 101]},
						{"origin": [-0.15, 25.425, -20], "size": [1.15, 2.285, 2.825], "inflate": -0.501, "pivot": [0.425, 26.9675, -17.4375], "rotation": [35.5, 0, 0], "uv": [0, 111]},
						{"origin": [-1, 25.175, -19.75], "size": [1.15, 1.285, 4.725], "inflate": -0.5, "uv": [51, 109]},
						{"origin": [-1, 25.45, -18.275], "size": [1.15, 2.085, 2.6], "inflate": -0.5, "uv": [11, 70]},
						{"origin": [-1, 25.575, -17.275], "size": [1.15, 1.885, 2.275], "inflate": -0.501, "pivot": [-0.425, 26.3675, -16.1125], "rotation": [120, 0, 0], "uv": [27, 113]},
						{"origin": [-1, 25.425, -20], "size": [1.15, 2.285, 2.825], "inflate": -0.501, "pivot": [-0.425, 26.9675, -17.4375], "rotation": [35.5, 0, 0], "uv": [0, 115]},
						{"origin": [-0.15, 25.45, -18.275], "size": [1.15, 2.085, 2.6], "inflate": -0.5, "uv": [11, 80]},
						{"origin": [0.189, 23.675, -25.25], "size": [1.25, 2.625, 10.15], "inflate": -0.4, "pivot": [1.25, 24.95, -15.8375], "rotation": [0, 0, -28.5], "uv": [39, 104]},
						{"origin": [-2.3, 18.95, -16.575], "size": [4.6, 5.525, 1.475], "inflate": -0.4, "uv": [0, 53], "mirror": true},
						{"origin": [-1.4, 20.625, -34.25], "size": [2.8, 4.725, 1.55], "inflate": -0.4, "uv": [10, 54], "mirror": true},
						{"origin": [-1.439, 24.5, -28.3], "size": [1.25, 1.35, 1.85], "inflate": -0.4, "pivot": [-1.25, 24.95, -19.1375], "rotation": [0, 0, 28.5], "uv": [0, 106], "mirror": true},
						{"origin": [-1.439, 24.5, -31.5], "size": [1.25, 1.35, 1.85], "inflate": -0.4, "pivot": [-1.25, 24.95, -22.3375], "rotation": [0, 0, 28.5], "uv": [0, 92], "mirror": true},
						{"origin": [-1.439, 23.675, -34.25], "size": [1.25, 1.625, 9.8], "inflate": -0.401, "pivot": [-1.25, 24.95, -24.0875], "rotation": [0, 0, 28.5], "uv": [11, 66], "mirror": true},
						{"origin": [-1.439, 25.05, -33.5], "size": [1.25, 1.25, 9.05], "inflate": -0.4, "pivot": [-1.25, 24.95, -24.0875], "rotation": [0, 0, 28.5], "uv": [0, 85], "mirror": true},
						{"origin": [-0.8, 26.675, -35.5], "size": [1.075, 1, 1.85], "inflate": -0.4, "pivot": [0, 26.925, -34.575], "rotation": [0, 0, -49], "uv": [2, 23], "mirror": true},
						{"origin": [-0.925, 26, -35.5], "size": [1, 1.25, 1.85], "inflate": -0.401, "uv": [4, 21], "mirror": true},
						{"origin": [-1.175, 25.75, -35.5], "size": [1.275, 1, 1.85], "inflate": -0.4, "pivot": [-0.375, 26, -34.575], "rotation": [0, 0, 49], "uv": [0, 10], "mirror": true},
						{"origin": [-1.439, 24.5, -34.25], "size": [1.25, 1.8, 1.55], "inflate": -0.399, "pivot": [-1.25, 24.95, -24.8375], "rotation": [0, 0, 28.5], "uv": [0, 82], "mirror": true},
						{"origin": [-1.72797, 21.53318, -34.25], "size": [1.25, 2.15, 1.475], "inflate": -0.401, "pivot": [-0.79577, 23.92036, -33.51251], "rotation": [0, 0, 16], "uv": [0, 101], "mirror": true},
						{"origin": [-2.22797, 18.18318, -34.25], "size": [1.55, 4.425, 1.475], "inflate": -0.399, "pivot": [-1.29577, 21.94536, -33.51251], "rotation": [0, 0, -5.5], "uv": [39, 109], "mirror": true},
						{"origin": [-1.9, 17.975, -18.75], "size": [1.3, 1.425, 2.1], "inflate": -0.402, "uv": [0, 89], "mirror": true},
						{"origin": [-1.9, 18.775, -21.35], "size": [1.3, 1.425, 2.1], "inflate": -0.401, "uv": [0, 79], "mirror": true},
						{"origin": [-1.9, 19.375, -25.75], "size": [1.3, 1.325, 6.5], "inflate": -0.4, "uv": [0, 46], "mirror": true},
						{"origin": [-1.9, 18.275, -20.05], "size": [1.3, 2.425, 4.275], "inflate": -0.4, "uv": [0, 36], "mirror": true},
						{"origin": [-1.9, 18.525, -31.1], "size": [1.3, 2.55, 1.4], "inflate": -0.4, "pivot": [0, 21.1875, -30.8875], "rotation": [-47.5, 0, 0], "uv": [6, 109], "mirror": true},
						{"origin": [-1.9, 18.125, -34.25], "size": [1.3, 2.8, 3.1], "inflate": -0.4, "uv": [13, 108], "mirror": true},
						{"origin": [-1.9, 19.325, -31.5], "size": [1.3, 1.4, 10.625], "inflate": -0.401, "pivot": [0, 21.2875, -25.7125], "rotation": [-4, 0, 0], "uv": [21, 66], "mirror": true},
						{"origin": [-2.3, 14.4, -19.05], "size": [1.7, 4.425, 1.475], "inflate": -0.4, "pivot": [0, 18.2875, -18.3125], "rotation": [-114.25, 0, 0], "uv": [21, 93], "mirror": true},
						{"origin": [-2.3, 17.525, -18.725], "size": [1.7, 1.4, 2.2], "inflate": -0.4, "uv": [0, 68], "mirror": true},
						{"origin": [-2.3, 17.225, -16.575], "size": [1.7, 2.8, 1.475], "inflate": -0.4, "pivot": [0, 19.4875, -15.8375], "rotation": [-45, 0, 0], "uv": [21, 90], "mirror": true},
						{"origin": [-1.9, 19.9, -34.25], "size": [1.3, 4.575, 18.475], "inflate": -0.4, "uv": [37, 64], "mirror": true},
						{"origin": [-1.439, 23.675, -25.25], "size": [1.25, 2.625, 10.15], "inflate": -0.4, "pivot": [-1.25, 24.95, -15.8375], "rotation": [0, 0, 28.5], "uv": [27, 106], "mirror": true},
						{"origin": [0.189, 24.5, -31.5], "size": [1.25, 1.35, 1.85], "inflate": -0.4, "pivot": [1.25, 24.95, -22.3375], "rotation": [0, 0, -28.5], "uv": [6, 115]},
						{"origin": [0.189, 24.5, -28.3], "size": [1.25, 1.35, 1.85], "inflate": -0.4, "pivot": [1.25, 24.95, -19.1375], "rotation": [0, 0, -28.5], "uv": [6, 117]},
						{"origin": [0.189, 24.5, -34.25], "size": [1.25, 1.8, 1.55], "inflate": -0.399, "pivot": [1.25, 24.95, -24.8375], "rotation": [0, 0, -28.5], "uv": [5, 72]},
						{"origin": [0.189, 25.05, -33.5], "size": [1.25, 1.25, 9.05], "inflate": -0.4, "pivot": [1.25, 24.95, -24.0875], "rotation": [0, 0, -28.5], "uv": [0, 75]},
						{"origin": [0.189, 23.675, -34.25], "size": [1.25, 1.625, 9.8], "inflate": -0.401, "pivot": [1.25, 24.95, -24.0875], "rotation": [0, 0, -28.5], "uv": [0, 95]},
						{"origin": [0.539, 20.817, -14.94], "size": [1.86, 1.258, 3.124], "inflate": -0.5, "uv": [246, 118]},
						{"origin": [0.7325, 20.4945, 2.11], "size": [1.602, 1.9675, 1.258], "inflate": -0.5, "pivot": [0.5445, 21.5105, 2.539], "rotation": [0, 0, 27], "uv": [197, 253]},
						{"origin": [0.7325, 20.4945, 4.676], "size": [1.602, 1.9675, 1.258], "inflate": -0.5, "pivot": [0.5445, 21.5105, 5.505], "rotation": [0, 0, 27], "uv": [193, 253]},
						{"origin": [0.539, 20.817, 2.11], "size": [1.86, 1.258, 3.824], "inflate": -0.5, "uv": [248, 124]},
						{"origin": [0.70702, 18.85839, -3.24], "size": [1.602, 1.9675, 1.258], "inflate": -0.5, "pivot": [1.44003, 20.03938, -5.378], "rotation": [-180, 0, -27], "uv": [231, 253]},
						{"origin": [0.68202, 18.85839, -1.574], "size": [1.602, 1.9675, 1.858], "inflate": -0.5, "pivot": [1.41503, 20.03938, -5.378], "rotation": [-180, 0, -27], "uv": [249, 233]},
						{"origin": [0.70702, 18.85839, -9.54], "size": [1.602, 1.9675, 1.258], "inflate": -0.5, "pivot": [1.44003, 20.03938, -3.878], "rotation": [-180, 0, -27], "uv": [249, 231]},
						{"origin": [0.539, 19.617, -10.54], "size": [1.86, 1.258, 4.024], "inflate": -0.5, "pivot": [1.44003, 20.03938, -4.378], "rotation": [180, 0, 0], "uv": [245, 129]},
						{"origin": [0.70702, 18.85839, -7.774], "size": [1.602, 1.9675, 1.258], "inflate": -0.5, "pivot": [1.44003, 20.03938, -4.378], "rotation": [-180, 0, -27], "uv": [227, 253]},
						{"origin": [0.539, 19.617, -3.24], "size": [1.86, 1.258, 3.524], "inflate": -0.5, "pivot": [1.44003, 20.03938, -5.378], "rotation": [180, 0, 0], "uv": [245, 125]},
						{"origin": [0.7325, 20.4945, -6.84], "size": [1.602, 1.9675, 1.258], "inflate": -0.5, "pivot": [0.5445, 21.5105, -6.211], "rotation": [0, 0, 27], "uv": [223, 253]},
						{"origin": [0.7325, 20.4945, -4.174], "size": [1.602, 1.9675, 1.258], "inflate": -0.5, "pivot": [0.5445, 21.5105, -3.545], "rotation": [0, 0, 27], "uv": [219, 253]},
						{"origin": [0.539, 20.817, -6.84], "size": [1.86, 1.258, 3.924], "inflate": -0.5, "uv": [123, 251]},
						{"origin": [0.7325, 19.517, -15.615], "size": [1.652, 2.5675, 1.683], "inflate": -0.5, "uv": [177, 253]},
						{"origin": [0.7325, 20.4945, -13.074], "size": [1.602, 1.9675, 1.258], "inflate": -0.5, "pivot": [0.5445, 21.5105, -12.445], "rotation": [0, 0, 27], "uv": [189, 253]},
						{"origin": [-0.7, 22.65, 3.975], "size": [1.4, 1.3, 1.9], "inflate": -0.299, "pivot": [0, 23.3, 2.425], "rotation": [29.5, 0, 0], "uv": [76, 156]},
						{"origin": [-0.7, 24.15606, 3.40089], "size": [1.4, 1.3, 1.9], "inflate": -0.3, "uv": [80, 156]},
						{"origin": [-1.6, 16.625, -16.2], "size": [3.2, 4.425, 7.9], "inflate": -0.3, "pivot": [0, 18.4, -12.35], "rotation": [-16, 0, 0], "uv": [136, 37]},
						{"origin": [-1.8, 16.525, -16.3], "size": [3.6, 1.125, 8.1], "inflate": -0.401, "pivot": [0, 18.4, -12.35], "rotation": [-16, 0, 0], "uv": [74, 28]},
						{"origin": [-1.5, 18.35, -1.2], "size": [3, 4.1, 6.925], "inflate": -0.3, "uv": [23, 136]},
						{"origin": [-1.1, 15.65, -9.5], "size": [2.2, 4.2, 2.5], "inflate": -0.3, "uv": [80, 148]},
						{"origin": [-1.2, 15.55, -7.7], "size": [2.4, 1, 5.85], "inflate": -0.4, "uv": [22, 146]},
						{"origin": [-1.2, 14.25, -8.6], "size": [2.4, 2.3, 1.05], "inflate": -0.4, "uv": [110, 152]},
						{"origin": [-1.5, 15.65, -2.55], "size": [3, 4, 1.3], "inflate": -0.3, "uv": [96, 151]},
						{"origin": [-1.5, 18.05, -4.55], "size": [3, 2.1, 1.2], "inflate": -0.4, "pivot": [0, 18.15, -4], "rotation": [19, 0, 0], "uv": [152, 60]},
						{"origin": [-1.5, 17.21452, -4.66201], "size": [3, 1.7, 1.2], "inflate": -0.4, "uv": [152, 70]},
						{"origin": [-1.5, 16.01452, -4.98701], "size": [3, 2.2, 1.2], "inflate": -0.4, "pivot": [0, 17.16452, -4.38701], "rotation": [-32, 0, 0], "uv": [62, 152]},
						{"origin": [-1.5, 15.65, -1.8], "size": [3, 4.4, 1.3], "inflate": -0.299, "pivot": [0, 17.65, -1.15], "rotation": [-24.25, 0, 0], "uv": [152, 0]},
						{"origin": [-1.425, 15.35, -1.2], "size": [2.9, 3.575, 1.3], "inflate": -0.298, "pivot": [-0.1, 17.35, -0.55], "rotation": [-24.25, 0, 0], "uv": [250, 0]},
						{"origin": [-1.5, 17.35, -1.825], "size": [3, 4.4, 1.325], "inflate": -0.3, "pivot": [0, 19.35, -1.15], "rotation": [-24.25, 0, 0], "uv": [152, 5]},
						{"origin": [-0.875, 21.55, -15.8], "size": [1.75, 4.15, 19.725], "inflate": -0.3, "uv": [90, 98]},
						{"origin": [-1.375, 21.55, 3.3], "size": [2.725, 2.85, 2.425], "inflate": -0.3, "uv": [20, 152]},
						{"origin": [0.125, 21.45, -15.8], "size": [1.5, 3.55, 20.825], "inflate": -0.3, "pivot": [1.025, 22.875, -5.0375], "rotation": [0, 0, -9], "uv": [48, 98]},
						{"origin": [-1.42791, 8.62223, -1.3], "size": [2.9, 8.45, 4.725], "inflate": -0.295, "pivot": [0.72209, 15.49723, 0.1125], "rotation": [15, 0, 0], "uv": [244, 4]},
						{"origin": [-1.42791, 15.32223, -1.2], "size": [2.9, 3.65, 5.625], "inflate": -0.299, "uv": [225, 8]},
						{"origin": [-1.42791, 9.22223, 0.575], "size": [2.9, 2.3, 5.025], "inflate": -0.302, "uv": [242, 22]},
						{"origin": [-1.42791, 8.49723, -0.625], "size": [2.9, 2.35, 3.725], "inflate": -0.3, "uv": [238, 0]},
						{"origin": [-1.42791, 10.19723, 0.275], "size": [2.9, 3.65, 5], "inflate": -0.3, "pivot": [0.72209, 12.27223, 1.6875], "rotation": [12, 0, 0], "uv": [224, 0]},
						{"origin": [-1.42791, 17.62223, 3.6], "size": [2.9, 2.45, 2.425], "inflate": -0.301, "pivot": [0.72209, 19.69723, 4.2125], "rotation": [-42, 0, 0], "uv": [237, 14]},
						{"origin": [-1.42791, 8.29723, 3.9], "size": [2.9, 3.25, 2.425], "inflate": -0.301, "pivot": [0.72209, 10.87223, 4.5125], "rotation": [-74, 0, 0], "uv": [231, 16]},
						{"origin": [-1.42791, 15.03907, 1.37713], "size": [2.9, 2.75, 4.125], "inflate": -0.301, "pivot": [0.72209, 16.26407, 2.58963], "rotation": [-70, 0, 0], "uv": [244, 16]},
						{"origin": [-1.59817, 23.38215, 4.25], "size": [1.5, 1.9, 1.35], "inflate": -0.5, "pivot": [-0.79817, 24.30715, 5.0375], "rotation": [48.75, 0, 9], "uv": [56, 156]},
						{"origin": [-1.485, 23.32865, 4.18242], "size": [1.025, 1.725, 1.4], "inflate": -0.4, "pivot": [-0.8591, 24.19115, 4.88242], "rotation": [48.60668, -4.31992, 3.79844], "uv": [52, 156]},
						{"origin": [-1.4716, 24.46528, 4.125], "size": [1.5, 1.05, 1.05], "inflate": -0.5, "pivot": [-0.6216, 24.70278, 3.925], "rotation": [-36.25, 0, 33.5], "uv": [156, 46]},
						{"origin": [-1.74586, 24.06287, 4.05], "size": [1.2, 1.075, 1.1], "inflate": -0.5, "pivot": [-0.89586, 24.28787, -5.1875], "rotation": [0, 0, 33.5], "uv": [156, 44]},
						{"origin": [-1.84586, 23.96287, 3.975], "size": [1.5, 1.275, 1.275], "inflate": -0.6, "pivot": [-0.89586, 24.28787, -5.1875], "rotation": [0, 0, 33.5], "uv": [156, 42]},
						{"origin": [-1.725, 23.7, 4.5], "size": [1.4, 1.05, 1.025], "inflate": -0.4, "pivot": [-1.025, 22.875, -4.8625], "rotation": [0, 0, 9], "uv": [156, 40]},
						{"origin": [-1.725, 23.7, 4.225], "size": [1.4, 1.25, 1.075], "inflate": -0.4, "pivot": [-1.025, 22.875, -5.0375], "rotation": [0, 0, 9], "uv": [156, 38]},
						{"origin": [-1.4716, 24.46528, 3.95], "size": [1.5, 1.05, 1.175], "inflate": -0.5, "pivot": [-0.6216, 24.70278, 3.925], "rotation": [-36.25, 0, 33.5], "uv": [156, 36]},
						{"origin": [-1.3466, 23.61606, 3.09945], "size": [1.175, 1, 1.5], "inflate": -0.4, "pivot": [-0.6841, 24.85356, 3.84945], "rotation": [58.75, 0, 0], "uv": [30, 156]},
						{"origin": [-1.4216, 23.76606, 3.69945], "size": [1.125, 1.125, 1.454], "inflate": -0.5, "pivot": [-0.6841, 24.60356, 4.34945], "rotation": [57.38114, -16.19111, 9.91709], "uv": [26, 156]},
						{"origin": [-1.74586, 24.06287, 3.925], "size": [1.5, 1.125, 1.15], "inflate": -0.5, "pivot": [-0.89586, 24.28787, -5.1875], "rotation": [0, 0, 33.5], "uv": [22, 156]},
						{"origin": [-1.3716, 24.41528, 3.825], "size": [1.4, 1, 1.025], "inflate": -0.4, "pivot": [-0.6216, 24.70278, 3.925], "rotation": [-36.25, 0, 33.5], "uv": [18, 156]},
						{"origin": [-1.64586, 24.16287, 3.825], "size": [1.4, 1.025, 1], "inflate": -0.4, "pivot": [-0.89586, 24.28787, -5.1875], "rotation": [0, 0, 33.5], "uv": [148, 155]},
						{"origin": [-1.64586, 24.16287, 3.225], "size": [1.4, 1.175, 1.4], "inflate": -0.4, "pivot": [-0.89586, 24.28787, -5.1875], "rotation": [0, 0, 33.5], "uv": [122, 155]},
						{"origin": [-1.3716, 24.24028, 2.925], "size": [1.4, 1.175, 1.7], "inflate": -0.401, "pivot": [-0.6216, 24.70278, 3.925], "rotation": [-36.25, 0, 33.5], "uv": [118, 155]},
						{"origin": [-1.3216, 23.99106, 3.59945], "size": [1.3, 2.025, 1.454], "inflate": -0.4, "pivot": [-0.6841, 24.60356, 4.34945], "rotation": [57.38114, -16.19111, 9.91709], "uv": [154, 92]},
						{"origin": [-1.3216, 23.49325, 4.425], "size": [2.2, 1.525, 1.3], "inflate": -0.3, "pivot": [-0.8216, 23.95575, 5.075], "rotation": [48.75, 0, 0], "uv": [82, 154]},
						{"origin": [-1.625, 21.45, 4.425], "size": [1.6, 2.95, 1.3], "inflate": -0.3, "pivot": [-1.025, 22.875, 15.1625], "rotation": [0, 0, 9], "uv": [58, 153]},
						{"origin": [-1.625, 21.45, -4], "size": [1.5, 3.55, 9.025], "inflate": -0.3, "pivot": [-1.025, 22.875, -5.0375], "rotation": [0, 0, 9], "uv": [118, 134]},
						{"origin": [-1.625, 22.125, -9], "size": [1.5, 2.875, 5.625], "inflate": -0.3, "pivot": [-1.025, 22.875, -12.2375], "rotation": [0, 0, 9], "uv": [146, 121]},
						{"origin": [0.325, 23.7, 4.225], "size": [1.4, 1.25, 1.075], "inflate": -0.4, "pivot": [1.025, 22.875, -5.0375], "rotation": [0, 0, -9], "uv": [36, 155]},
						{"origin": [0.09817, 23.38215, 4.25], "size": [1.5, 1.9, 1.35], "inflate": -0.5001, "pivot": [0.79817, 24.30715, 5.0375], "rotation": [48.75, 0, -9], "uv": [114, 155]},
						{"origin": [0.325, 23.7, 4.5], "size": [1.4, 1.05, 1.025], "inflate": -0.4, "pivot": [1.025, 22.875, -4.8625], "rotation": [0, 0, -9], "uv": [40, 155]},
						{"origin": [0.325, 23.5, 4.725], "size": [1.4, 1.075, 1], "inflate": -0.5, "pivot": [1.025, 22.875, -4.8625], "rotation": [0, 0, -9], "uv": [44, 155]},
						{"origin": [0.025, 21.45, 4.425], "size": [1.6, 2.95, 1.3], "inflate": -0.3, "pivot": [1.025, 22.875, 15.1625], "rotation": [0, 0, -9], "uv": [114, 138]},
						{"origin": [-0.8784, 23.49325, 4.425], "size": [2.2, 1.525, 1.3], "inflate": -0.299, "pivot": [0.8216, 23.95575, 5.075], "rotation": [48.75, 0, 0], "uv": [76, 154]},
						{"origin": [0.46, 23.32865, 4.18242], "size": [1.025, 1.725, 1.4], "inflate": -0.4, "pivot": [0.8591, 24.19115, 4.88242], "rotation": [48.60668, 4.31992, -3.79844], "uv": [110, 155]},
						{"origin": [0.0216, 23.99106, 3.59945], "size": [1.3, 2.025, 1.454], "inflate": -0.399, "pivot": [0.6841, 24.60356, 4.34945], "rotation": [57.38114, 16.19111, -9.91709], "uv": [114, 141]},
						{"origin": [0.2966, 23.76606, 3.69945], "size": [1.125, 1.125, 1.454], "inflate": -0.5, "pivot": [0.6841, 24.60356, 4.34945], "rotation": [57.38114, 16.19111, -9.91709], "uv": [144, 154]},
						{"origin": [-0.9784, 23.61606, 2.09945], "size": [1.95, 2.125, 2.5], "inflate": -0.402, "pivot": [0.6841, 24.85356, 3.84945], "rotation": [58.75, 0, 0], "uv": [62, 148]},
						{"origin": [0.1716, 23.61606, 3.09945], "size": [1.175, 1, 1.5], "inflate": -0.4, "pivot": [0.6841, 24.85356, 3.84945], "rotation": [58.75, 0, 0], "uv": [154, 152]},
						{"origin": [0.24586, 24.26287, -15.8], "size": [1.3, 1.425, 19.725], "inflate": -0.3, "pivot": [0.89586, 24.28787, -5.1875], "rotation": [0, 0, -33.5], "uv": [112, 70]},
						{"origin": [-1.54586, 24.26287, -15.8], "size": [1.3, 1.425, 19.725], "inflate": -0.3, "pivot": [-0.89586, 24.28787, -5.1875], "rotation": [0, 0, 33.5], "uv": [48, 121]},
						{"origin": [0.24586, 24.16287, 3.225], "size": [1.4, 1.175, 1.4], "inflate": -0.4, "pivot": [0.89586, 24.28787, -5.1875], "rotation": [0, 0, -33.5], "uv": [128, 154]},
						{"origin": [0.24586, 24.16287, 3.825], "size": [1.4, 1.025, 1], "inflate": -0.4, "pivot": [0.89586, 24.28787, -5.1875], "rotation": [0, 0, -33.5], "uv": [132, 154]},
						{"origin": [0.24586, 24.06287, 3.925], "size": [1.5, 1.125, 1.15], "inflate": -0.5, "pivot": [0.89586, 24.28787, -5.1875], "rotation": [0, 0, -33.5], "uv": [140, 154]},
						{"origin": [0.34586, 23.96287, 3.975], "size": [1.5, 1.275, 1.275], "inflate": -0.6, "pivot": [0.89586, 24.28787, -5.1875], "rotation": [0, 0, -33.5], "uv": [48, 155]},
						{"origin": [0.54586, 24.06287, 4.05], "size": [1.2, 1.075, 1.1], "inflate": -0.5, "pivot": [0.89586, 24.28787, -5.1875], "rotation": [0, 0, -33.5], "uv": [62, 155]},
						{"origin": [-0.0284, 24.24028, 2.925], "size": [1.4, 1.175, 1.7], "inflate": -0.401, "pivot": [0.6216, 24.70278, 3.925], "rotation": [-36.25, 0, -33.5], "uv": [154, 109]},
						{"origin": [-0.0284, 24.41528, 3.825], "size": [1.4, 1, 1.025], "inflate": -0.4, "pivot": [0.6216, 24.70278, 3.925], "rotation": [-36.25, 0, -33.5], "uv": [136, 154]},
						{"origin": [-0.0284, 24.46528, 3.95], "size": [1.5, 1.05, 1.175], "inflate": -0.5, "pivot": [0.6216, 24.70278, 3.925], "rotation": [-36.25, 0, -33.5], "uv": [154, 154]},
						{"origin": [-0.0284, 24.46528, 4.125], "size": [1.5, 1.05, 1.05], "inflate": -0.5, "pivot": [0.6216, 24.70278, 3.925], "rotation": [-36.25, 0, -33.5], "uv": [66, 155]}
					]
				},
				{
					"name": "stock",
					"parent": "gun",
					"pivot": [1.34808, 20.90455, 5.93262],
					"rotation": [-177.5, 180, -180],
					"cubes": [
						{"origin": [-0.7, 21.38332, 5.86235], "size": [1.7, 1.7, 27], "inflate": -0.4, "pivot": [0, 22.38332, 19.36235], "rotation": [0, 0, 45], "uv": [0, 228]},
						{"origin": [-0.825, 21.45832, 18.08735], "size": [1.725, 1.725, 2.775], "inflate": -0.4, "pivot": [0, 22.38332, 19.36235], "rotation": [0, 0, 45], "uv": [12, 223]},
						{"origin": [-0.7432, 21.85581, 17.93735], "size": [1, 1.65, 1.15], "inflate": -0.4, "pivot": [-0.3182, 22.63081, 18.29985], "rotation": [-19, 0, 45], "uv": [34, 254]},
						{"origin": [-0.7, 12.68332, 28.38735], "size": [1.7, 1.7, 4.6], "inflate": -0.4, "pivot": [0, 13.68332, 41.88735], "rotation": [0, 0, 45], "uv": [17, 228]},
						{"origin": [-0.7, 18.88332, 5.86235], "size": [1.7, 1.7, 7.1], "inflate": -0.4, "pivot": [0, 19.88332, 19.36235], "rotation": [0, 0, 45], "uv": [11, 219]},
						{"origin": [-0.7, 16.28332, 11.53735], "size": [1.7, 1.7, 18.625], "inflate": -0.4, "pivot": [0, 17.28332, 19.36235], "rotation": [-14.5, 15, 45], "uv": [9, 209]},
						{"origin": [0.5, 18.95832, 5.31235], "size": [1.6, 4.125, 1.4], "inflate": -0.3, "pivot": [1.05, 20.78332, 5.28735], "rotation": [2, 0, 0], "uv": [0, 214]},
						{"origin": [-1.1, 18.53332, 4.56235], "size": [2.3, 4.6, 6.625], "inflate": -0.3, "uv": [0, 245]},
						{"origin": [-1.1, 12.23332, 30.56235], "size": [2.3, 11.2, 3.125], "inflate": -0.3, "pivot": [0.05, 17.83332, 32.12485], "rotation": [2, 0, 0], "uv": [0, 231]},
						{"origin": [-0.775, 19.13332, 17.36235], "size": [1.725, 1, 3.425], "inflate": -0.3, "pivot": [0.1, 19.53332, 19.12485], "rotation": [1, 0, 0], "uv": [19, 245]},
						{"origin": [0.05, 20.30832, 17.96235], "size": [1, 2.3, 2.75], "inflate": -0.4, "pivot": [-0.3, 20.83332, 19.67485], "rotation": [-5, 0, 0], "uv": [0, 210]},
						{"origin": [0.05, 16.83332, 17.96235], "size": [1, 2.175, 2.75], "inflate": -0.4, "pivot": [-0.3, 20.83332, 19.67485], "rotation": [-5, 0, 0], "uv": [0, 206]},
						{"origin": [0.25, 18.40832, 17.96235], "size": [1, 2.475, 2.75], "inflate": -0.4, "pivot": [-0.3, 20.83332, 19.67485], "rotation": [-5, 0, 0], "uv": [0, 202]},
						{"origin": [0.11451, 20.01963, 17.94335], "size": [1, 1.2, 2.75], "inflate": -0.4, "pivot": [0.61451, 20.66963, 19.30585], "rotation": [-4.12399, -2.82959, -34.3981], "uv": [0, 196]},
						{"origin": [0.18951, 18.11963, 17.76835], "size": [1, 1.2, 2.775], "inflate": -0.4, "pivot": [0.68951, 18.76963, 19.30585], "rotation": [-4.12399, 2.82959, 34.3981], "uv": [17, 251]},
						{"origin": [-1.075, 16.80129, 17.30314], "size": [1, 1.25, 2.625], "inflate": -0.401, "pivot": [-0.575, 17.28879, 18.65314], "rotation": [-20.75, 0, 0], "uv": [21, 252]},
						{"origin": [-1.075, 21.68322, 17.74213], "size": [1, 1.025, 3.125], "inflate": -0.402, "pivot": [-0.575, 22.12072, 19.06713], "rotation": [-0.25, 0, 0], "uv": [19, 233]},
						{"origin": [-1.075, 16.95832, 17.61235], "size": [1, 5.65, 2.7], "inflate": -0.4, "pivot": [-1.425, 20.83332, 19.27485], "rotation": [-5, 0, 0], "uv": [0, 219]},
						{"origin": [-1.075, 20.78332, 19.01235], "size": [1, 2.125, 1.35], "inflate": -0.401, "pivot": [-1.425, 21.15832, 19.27485], "rotation": [-25.5, 0, 0], "uv": [23, 249]},
						{"origin": [0.05, 21.70822, 18.09213], "size": [1, 1, 2.75], "inflate": -0.4, "pivot": [0.55, 22.12072, 19.46713], "rotation": [-0.25, 0, 0], "uv": [21, 223]},
						{"origin": [0.05, 16.75537, 17.66438], "size": [1, 1.075, 2.725], "inflate": -0.4, "pivot": [0.55, 17.22397, 19.02645], "rotation": [-11.75, 0, 0], "uv": [0, 199]}
					]
				},
				{
					"name": "action",
					"parent": "gun",
					"pivot": [0, 0, 0],
					"cubes": [
						{"origin": [-1.375, 21.45, -15.8], "size": [1.5, 3.55, 14.425], "inflate": -0.3, "pivot": [-0.475, 22.875, -5.0375], "rotation": [0, 0, 9], "uv": [88, 121]},
						{"origin": [-1.95775, 21.6345, -15.65], "size": [1.285, 1.0165, 1.70525], "inflate": -0.299, "uv": [156, 156]},
						{"origin": [-1.54675, 21.6345, -15.5815], "size": [1.696, 1.0165, 2.14125], "inflate": -0.3, "pivot": [-0.83575, 22.24275, -14.51087], "rotation": [0, -44, 0], "uv": [70, 154]},
						{"origin": [-2.93725, 21.6345, -14.965], "size": [1.7795, 1.2165, 1.011], "inflate": -0.3, "uv": [0, 157]},
						{"origin": [-2.23725, 21.6345, -15.64], "size": [1.0795, 1.2165, 1.286], "inflate": -0.3, "uv": [8, 157]},
						{"origin": [-3.77672, 21.6345, -15.22016], "size": [1.59325, 1.2165, 1.07675], "inflate": -0.3, "pivot": [-2.98009, 22.24275, -14.63179], "rotation": [0, -25, 0], "uv": [4, 157]}
					]
				},
				{
					"name": "switch",
					"parent": "gun",
					"pivot": [-1.615, 20.12087, -1.62014],
					"cubes": [
						{"origin": [-2.10475, 19.23887, -9.41048], "size": [1.0795, 1.39063, 8.696], "inflate": -0.301, "uv": [130, 112]},
						{"origin": [-2.77975, 19.13887, -9.51048], "size": [1.3795, 1.09063, 2.796], "inflate": -0.4, "uv": [12, 154]},
						{"origin": [-2.10475, 20.09275, -9.37885], "size": [1.0795, 1.42225, 7.24125], "inflate": -0.299, "pivot": [-1.615, 20.64575, -5.03085], "rotation": [12.5, 0, 0], "uv": [112, 90]},
						{"origin": [-2.10475, 19.46025, -5.71035], "size": [1.0795, 1.2325, 3.57275], "inflate": -0.302, "pivot": [-1.615, 20.64575, -5.03085], "rotation": [12.5, 0, 0], "uv": [152, 56]},
						{"origin": [-2.10475, 17.51862, -1.51671], "size": [1.0795, 2.7505, 1.612], "inflate": -0.3, "pivot": [-1.615, 18.22974, -3.33559], "rotation": [49.5, 0, 0], "uv": [154, 101]}
					]
				},
				{
					"name": "magazine",
					"parent": "gun",
					"pivot": [0, 16.89299, -12.13328],
					"cubes": [
						{"origin": [-1.3, 13.16115, -16.9249], "size": [2.6, 6.525, 6.9], "inflate": -0.298, "pivot": [0, 11.86467, -13.69075], "rotation": [-9.5, 0, 0], "uv": [168, 0]},
						{"origin": [-1.3, 6.44547, -17.16521], "size": [2.6, 7.825, 6.9], "inflate": -0.299, "pivot": [0, 11.91467, -13.96575], "rotation": [-17, 0, 0], "uv": [168, 25]},
						{"origin": [-1.3, 0.09547, -19.36521], "size": [2.6, 7.825, 6.9], "inflate": -0.3, "pivot": [0, 5.56467, -16.16575], "rotation": [-24.5, 0, 0], "uv": [168, 12]}
					]
				},
				{
					"name": "rightarm",
					"parent": "main",
					"pivot": [-4.3, 8.8, 21.8],
					"rotation": [-101.81106, -12.40003, -2.46982],
					"cubes": [
						{"origin": [-10, -15.2, 17.8], "size": [8, 24, 8], "pivot": [-6, -3.2, 21.8], "rotation": [0, 0, -2.5], "uv": [85, 129]}
					]
				},
				{
					"name": "leftarm",
					"parent": "main",
					"pivot": [8.5, 5.4, -10.7],
					"rotation": [-131.49345, -3.84346, -37.7519],
					"cubes": [
						{"origin": [6.7, -19.7, -13.3], "size": [8, 24, 8], "pivot": [10.7, -7.7, -9.3], "rotation": [0, 29, 0], "uv": [0, 0]}
					]
				},
				{
					"name": "muzzleflash",
					"parent": "main",
					"pivot": [0, 24.35, -68.25],
					"cubes": [
						{"origin": [-0.5, 21.85, -42.25], "size": [1, 1, 1], "inflate": -0.2, "uv": [1, 1]}
					]
				},
				{
					"name": "scope",
					"parent": "main",
					"pivot": [0, 31.2, -0.25],
					"cubes": [
						{"origin": [-0.5, 26.05, 3.45], "size": [1, 1, 1], "inflate": -0.4, "uv": [16, 248]}
					]
				},
				{
					"name": "_cb_scope",
					"parent": "main",
					"pivot": [1.2, 20.175, -8.825],
					"cubes": [
						{
							"origin": [1.2, 20.175, -9.825],
							"size": [1, 1, 1],
							"uv": {
								"north": {"uv": [15, 23], "uv_size": [1, 1]},
								"east": {"uv": [25, 13], "uv_size": [1, 1]},
								"south": {"uv": [14, 25], "uv_size": [1, 1]},
								"west": {"uv": [15, 25], "uv_size": [1, 1]},
								"up": {"uv": [16, 25], "uv_size": [1, 1]},
								"down": {"uv": [25, 17], "uv_size": [1, -1]}
							}
						}
					]
				},
				{
					"name": "_camera_",
					"pivot": [6.825, 33.725, 26.45]
				}
			]
		}
	]
}