{
	"format_version": "1.12.0",
	"minecraft:geometry": [
		{
			"description": {
				"identifier": "geometry.unknown",
				"texture_width": 128,
				"texture_height": 128,
				"visible_bounds_width": 8,
				"visible_bounds_height": 4,
				"visible_bounds_offset": [0, 1, 0]
			},
			"bones": [
				{
					"name": "main",
					"pivot": [0, 13, 1]
				},
				{
					"name": "gun",
					"parent": "main",
					"pivot": [0, 20, 0],
					"cubes": [
						{"origin": [-1.3, 23, -16.6], "size": [2.2, 2.1, 24.5], "inflate": -0.3, "uv": [55, 0]},
						{"origin": [-1.4, 19.3, -16.7], "size": [2.4, 3.9, 24.7], "inflate": -0.4, "uv": [0, 56]},
						{"origin": [-3, 19.3, -6.1], "size": [2.4, 5.9, 14.1], "inflate": -0.4, "uv": [0, 83]},
						{"origin": [-3, 19.3, -16.7], "size": [2.4, 5.9, 4.8], "inflate": -0.4, "uv": [84, 102]},
						{"origin": [-3, 19.3, -12.7], "size": [2.4, 3.8, 7.4], "inflate": -0.4, "uv": [88, 70]},
						{"origin": [-1.4, 22.375, -16.7], "size": [2.4, 1.325, 11.4], "inflate": -0.4, "uv": [84, 81]},
						{"origin": [-1.4, 22.375, 6.6], "size": [2.4, 1.325, 1.4], "inflate": -0.4, "uv": [8, 115]},
						{"origin": [-0.55, 19.3, 7.2], "size": [1.2, 5.9, 1.2], "inflate": -0.402, "uv": [106, 111]},
						{"origin": [-0.55, 19.25, 8.025], "size": [1.2, 5.525, 1.2], "inflate": -0.401, "pivot": [-1.45, 22.275, 8.625], "rotation": [-18, 0, 0], "uv": [110, 111]},
						{"origin": [-0.55, 23.525, 7.3], "size": [1.2, 1.881, 1.6], "inflate": -0.4, "pivot": [-1.45, 24.825, 8.4], "rotation": [-35, 0, 0], "uv": [30, 116]},
						{"origin": [-2.675, 21.625, 7.95], "size": [1.2, 1.6, 1.1], "inflate": -0.4, "uv": [116, 40]},
						{"origin": [-2.675, 20.425, 7.525], "size": [1.2, 2.8, 1.225], "inflate": -0.4, "uv": [114, 115]},
						{"origin": [-2.675, 22.425, 7.525], "size": [1.2, 3.35, 1.85], "inflate": -0.399, "uv": [114, 98]},
						{"origin": [-2.675, 19.25, 8.025], "size": [1.2, 5.525, 1.2], "inflate": -0.399, "pivot": [-0.675, 22.275, 8.625], "rotation": [-18, 0, 0], "uv": [4, 112]},
						{"origin": [-2.675, 19.3, 7.2], "size": [1.2, 5.9, 1.2], "inflate": -0.402, "uv": [0, 112]},
						{"origin": [-2.675, 23.45, 7.9], "size": [1.2, 2.06, 1.6], "inflate": -0.4, "pivot": [-0.675, 24.925, 8.4], "rotation": [23, 0, 0], "uv": [100, 115]},
						{"origin": [-2.675, 23.525, 7.3], "size": [1.2, 1.881, 1.6], "inflate": -0.401, "pivot": [-0.675, 24.825, 8.4], "rotation": [-35, 0, 0], "uv": [116, 38]},
						{"origin": [-0.55, 22.425, 7.525], "size": [1.2, 3.35, 1.85], "inflate": -0.399, "uv": [114, 84]},
						{"origin": [-1.05, 24.625, 7.925], "size": [1.2, 2.45, 1.05], "inflate": -0.4, "uv": [116, 9]},
						{"origin": [-3.15, 21.325, -13.575], "size": [4.3, 1.45, 1.45], "inflate": -0.4, "pivot": [-0.45, 22.05, -12.85], "rotation": [-22.5, 0, 0], "uv": [106, 47]},
						{"origin": [-3.15, 20.325, -12.875], "size": [4.3, 1.45, 1.45], "inflate": -0.4, "pivot": [-0.45, 21.05, -12.15], "rotation": [-22.5, 0, 0], "uv": [108, 23]},
						{"origin": [-3.15, 20.325, -9.975], "size": [4.3, 1.45, 1.45], "inflate": -0.4, "pivot": [-0.45, 21.05, -9.25], "rotation": [-22.5, 0, 0], "uv": [110, 59]},
						{"origin": [-3.15, 19.625, -7.075], "size": [4.3, 1.15, 1.15], "inflate": -0.4, "pivot": [-0.45, 20.25, -6.45], "rotation": [-22.5, 0, 0], "uv": [112, 63]},
						{"origin": [-3.25, 18.625, -7.775], "size": [1.1, 3.15, 3.05], "inflate": -0.4, "pivot": [0.25, 19.55, -6.15], "rotation": [-22.5, 0, 0], "uv": [71, 5]},
						{"origin": [-3.25, 18.28261, -3.88963], "size": [1.1, 1.85, 3.45], "inflate": -0.4, "pivot": [-2.7, 19.80761, -2.51463], "rotation": [-60, 0, 0], "uv": [71, 16]},
						{"origin": [-3.25, 19.65761, -7.01463], "size": [1.1, 1.85, 4.45], "inflate": -0.399, "pivot": [-2.7, 21.18261, -4.63963], "rotation": [-17, 0, 0], "uv": [69, 11]},
						{"origin": [-3.25, 18.28261, -5.83963], "size": [1.1, 2.65, 3.2], "inflate": -0.401, "uv": [71, 0]},
						{"origin": [-3.15, 19.825, 5.625], "size": [4.3, 1.45, 1.45], "inflate": -0.4, "pivot": [-0.45, 20.55, 6.35], "rotation": [-22.5, 0, 0], "uv": [110, 63]},
						{"origin": [-3.15, 21.025, 5.625], "size": [4.3, 1.45, 1.45], "inflate": -0.4, "pivot": [-0.45, 21.75, 6.35], "rotation": [-22.5, 0, 0], "uv": [110, 65]},
						{"origin": [-3.15, 19.225, 1.025], "size": [4.3, 1.85, 1.85], "inflate": -0.4, "pivot": [-0.45, 20.25, 2.05], "rotation": [-22.5, 0, 0], "uv": [110, 67]},
						{"origin": [-1.75, 24.725, 7.925], "size": [1.5, 1.85, 1.05], "inflate": -0.4, "uv": [116, 42]},
						{"origin": [-2.15, 24.625, 7.925], "size": [1.2, 2.45, 1.05], "inflate": -0.4, "uv": [14, 116]},
						{"origin": [-2.275, 24.1, 7.2], "size": [2.525, 1.1, 2.415], "inflate": -0.4, "uv": [110, 90]},
						{"origin": [-0.55, 20.425, 7.525], "size": [1.2, 2.8, 1.225], "inflate": -0.4, "uv": [44, 115]},
						{"origin": [-0.55, 21.625, 7.95], "size": [1.2, 1.6, 1.1], "inflate": -0.4, "uv": [116, 31]},
						{"origin": [-0.55, 23.45, 7.9], "size": [1.2, 2.06, 1.6], "inflate": -0.4, "pivot": [-1.45, 24.925, 8.4], "rotation": [23, 0, 0], "uv": [40, 115]},
						{"origin": [-2.275, 24.35, 7.8], "size": [2.525, 1.2, 1.2], "inflate": -0.4, "pivot": [-1.0125, 24.88, 8.6], "rotation": [-22.5, 0, 0], "uv": [114, 113]},
						{"origin": [-2.375, 23.7, 8.475], "size": [2.725, 1.285, 1.125], "inflate": -0.5, "pivot": [-1.625, 24.925, 8.4], "rotation": [23, 0, 0], "uv": [114, 111]},
						{"origin": [-3, 18.2, -6.7], "size": [4, 1.9, 9.85], "inflate": -0.4, "uv": [88, 49]},
						{"origin": [-2.4, 15.4, -2], "size": [2.8, 4.7, 6.95], "inflate": -0.399, "uv": [0, 102]},
						{"origin": [-2.4, 18.05, 3.65], "size": [2.8, 4.35, 2.45], "inflate": -0.401, "uv": [44, 92]},
						{"origin": [-2.4, 18.6, 2.3], "size": [2.8, 2.8, 3.25], "inflate": -0.4, "pivot": [-1, 19.05, 2.275], "rotation": [-44, 0, 0], "uv": [106, 75]},
						{"origin": [-2.4, 15.625, -1.9], "size": [2.8, 2.8, 3.25], "inflate": -0.4, "pivot": [-1, 16.075, -1.925], "rotation": [-32, 0, 0], "uv": [96, 106]},
						{"origin": [-2.4, 15.325, 0.2], "size": [2.8, 2.8, 3.25], "inflate": -0.402, "pivot": [-1, 15.775, 0.175], "rotation": [-101, 0, 0], "uv": [106, 106]},
						{"origin": [-2.4, 12.925, 1], "size": [2.8, 3, 3.25], "inflate": -0.401, "pivot": [-1, 13.375, 0.975], "rotation": [-106, 0, 0], "uv": [106, 38]},
						{"origin": [-2.4, 7.225, -0.85], "size": [2.8, 7.075, 2.975], "inflate": -0.4, "pivot": [-1, 15.35, 0.825], "rotation": [16.5, 0, 0], "uv": [44, 83]},
						{"origin": [-2.4, 7.04189, 0.22346], "size": [2.8, 1.875, 1.9], "inflate": -0.4, "pivot": [-1, 8.17939, 0.78596], "rotation": [8.5, 0, 0], "uv": [110, 104]},
						{"origin": [-2.4, 7.77636, 0.54876], "size": [2.8, 2.525, 1.9], "inflate": -0.401, "pivot": [-1, 8.71386, 1.49876], "rotation": [-11.5, 0, 0], "uv": [8, 112]},
						{"origin": [-2.4, 7.7, 1.05], "size": [2.8, 10, 4.85], "inflate": -0.398, "pivot": [-1, 13.75, 2.425], "rotation": [24.5, 0, 0], "uv": [16, 102]},
						{"origin": [-2.7, 18.2, 2.325], "size": [3.4, 1.9, 1.875], "inflate": -0.4, "uv": [110, 102]},
						{"origin": [-2.5, 16.3, -12.175], "size": [3, 3.9, 5.8], "inflate": -0.4, "uv": [28, 102]},
						{"origin": [-0.4, 17.3, -8.675], "size": [1.1, 1.4, 1.9], "inflate": -0.4, "uv": [116, 69]},
						{"origin": [-2.5, 17.75, -12.825], "size": [3, 3.6, 2.275], "inflate": -0.399, "pivot": [-0.95, 19.2, -11.6875], "rotation": [44, 0, 0], "uv": [106, 70]},
						{"origin": [-2.5, 18.175, -13.525], "size": [3, 5.2, 2.275], "inflate": -0.402, "pivot": [-0.95, 19.625, -12.3875], "rotation": [74, 0, 0], "uv": [106, 26]},
						{"origin": [-1.6, 19.74198, -17.13045], "size": [1.2, 4.2, 2.175], "inflate": -0.4, "pivot": [-1, 20.94198, -15.99295], "rotation": [50, 0, 0], "uv": [28, 110]},
						{"origin": [-1.9, 22.38219, -18.40203], "size": [1.8, 3.7, 1.275], "inflate": -0.402, "pivot": [-1, 24.48219, -17.31453], "rotation": [-17, 0, 0], "uv": [80, 113]},
						{"origin": [-1.9, 22.38219, -18.40203], "size": [1.8, 1.6, 2.875], "inflate": -0.4, "uv": [112, 14]},
						{"origin": [-1.9, 23.78219, -18.40203], "size": [1.8, 1.2, 2.875], "inflate": -0.401, "uv": [112, 17]},
						{"origin": [-1.9, 23.78219, -18.00203], "size": [1.8, 2.5, 2.275], "inflate": -0.4, "uv": [100, 111]},
						{"origin": [-1.5, 25.48219, -17.37703], "size": [1, 1.5, 1.025], "inflate": -0.4, "uv": [116, 47]},
						{"origin": [-1.09975, 25.29255, -18.00203], "size": [1.1, 1.4, 2.275], "inflate": -0.4, "pivot": [-0.54975, 25.99255, -16.86453], "rotation": [0, 0, 28], "uv": [112, 20]},
						{"origin": [-1.09975, 26.04255, -18.00203], "size": [1.1, 1.3, 2.275], "inflate": -0.4, "pivot": [-0.54975, 26.74255, -16.86453], "rotation": [0, 0, -31], "uv": [48, 113]},
						{"origin": [-2.12525, 25.79255, -18.00203], "size": [1.1, 1.175, 2.275], "inflate": -0.4, "uv": [66, 113]},
						{"origin": [-2.00025, 25.29255, -18.00203], "size": [1.1, 1.4, 2.275], "inflate": -0.4, "pivot": [-1.45025, 25.99255, -16.86453], "rotation": [0, 0, -28], "uv": [60, 113]},
						{"origin": [-2.00025, 26.04255, -18.00203], "size": [1.1, 1.3, 2.275], "inflate": -0.4, "pivot": [-1.45025, 26.74255, -16.86453], "rotation": [0, 0, 31], "uv": [54, 113]},
						{"origin": [-0.97475, 25.79255, -18.00203], "size": [1.1, 1.175, 2.275], "inflate": -0.4, "uv": [42, 112]},
						{"origin": [-1.9, 22.15719, -16.00203], "size": [1.8, 3.7, 1.275], "inflate": -0.4, "pivot": [-1, 24.25719, -14.91453], "rotation": [17, 0, 0], "uv": [114, 55]},
						{"origin": [-1.9, 22.65719, -16.65203], "size": [1.8, 3.7, 1.275], "inflate": -0.402, "pivot": [-1, 24.75719, -15.56453], "rotation": [17, 0, 0], "uv": [114, 80]},
						{"origin": [-2.5, 18.2, -8.8], "size": [3, 2.4, 2.7], "inflate": -0.401, "pivot": [-0.95, 18.65, -9.0125], "rotation": [-26, 0, 0], "uv": [108, 5]},
						{"origin": [-1.725, 15.525, -7.175], "size": [1.4, 2.375, 1.125], "inflate": -0.4, "uv": [22, 116]},
						{"origin": [-1.725, 15.825, -3.675], "size": [1.4, 2.375, 1.225], "inflate": -0.402, "uv": [116, 25]},
						{"origin": [-1.725, 15.025, -3.5], "size": [1.4, 1.675, 1.025], "inflate": -0.401, "pivot": [-1, 16.2125, -3.0375], "rotation": [-22, 0, 0], "uv": [64, 116]},
						{"origin": [-1.725, 15.03176, -3.73475], "size": [1.4, 1.675, 1.025], "inflate": -0.4, "pivot": [-1, 15.86926, -3.22225], "rotation": [-9, 0, 0], "uv": [68, 116]},
						{"origin": [-1.725, 17.275, -4.075], "size": [1.4, 2.175, 1.4], "inflate": -0.4, "pivot": [-1, 18.2625, -3.2375], "rotation": [24, 0, 0], "uv": [26, 116]},
						{"origin": [-1.725, 16.675, -4.2], "size": [1.4, 2.775, 1.225], "inflate": -0.401, "pivot": [-1, 17.9625, -3.6375], "rotation": [40, 0, 0], "uv": [116, 28]},
						{"origin": [-1.725, 14.6, -5.85], "size": [1.4, 1.125, 3.625], "inflate": -0.401, "uv": [34, 110]},
						{"origin": [-1.725, 14.8, -3.1], "size": [1.4, 1.125, 1.725], "inflate": -0.4, "pivot": [-1, 15.3625, -2.0375], "rotation": [18, 0, 0], "uv": [56, 116]},
						{"origin": [-1.725, 15.075, -2.3], "size": [1.4, 1.125, 1.4], "inflate": -0.401, "pivot": [-1, 15.6125, -1.5625], "rotation": [39, 0, 0], "uv": [60, 116]},
						{"origin": [-1.725, 14.7, -7.175], "size": [1.4, 1.75, 1.125], "inflate": -0.401, "pivot": [-1, 16, -6.6125], "rotation": [42, 0, 0], "uv": [48, 116]},
						{"origin": [-1.725, 14.55916, -6.21562], "size": [1.4, 1.55, 1.125], "inflate": -0.4, "pivot": [-1, 15.23416, -5.65312], "rotation": [72, 0, 0], "uv": [52, 116]},
						{"origin": [-1.725, 18.2, -6.9], "size": [1.4, 2.4, 1.175], "inflate": -0.401, "pivot": [-0.95, 18.65, -9.0125], "rotation": [-26, 0, 0], "uv": [18, 116]},
						{"origin": [-2.7, 18.3, 3.225], "size": [3.4, 1.925, 4.725], "inflate": -0.4, "pivot": [-0.3, 19.275, 4.075], "rotation": [16, 0, 0], "uv": [102, 93]},
						{"origin": [-3, 17.70002, -9.34179], "size": [4, 1.9, 3.65], "inflate": -0.399, "pivot": [0, 18.65002, -4.94179], "rotation": [-23, 0, 0], "uv": [96, 102]},
						{"origin": [-1.95, 21.6, -25.9], "size": [1.8, 1.8, 10.1], "inflate": -0.4, "pivot": [-0.9, 22.35, -20.85], "rotation": [0, 0, 22.5], "uv": [88, 59]},
						{"origin": [-2.175, 21.425, -18.9], "size": [2.1, 2.1, 3.5], "inflate": -0.4, "pivot": [-0.825, 22.175, -20.85], "rotation": [0, 0, 22.5], "uv": [108, 0]},
						{"origin": [-3, 20.25002, 1.15821], "size": [4, 1.9, 2.925], "inflate": -0.399, "pivot": [0, 21.20002, 4.83321], "rotation": [42, 0, 0], "uv": [106, 44]},
						{"origin": [-3.175, 23.1, 7.7], "size": [4.325, 1.6, 1.615], "inflate": -0.4, "pivot": [-0.9625, 23.9, 8.5075], "rotation": [-22.5, 0, 0], "uv": [110, 88]}
					]
				},
				{
					"name": "action2",
					"parent": "gun",
					"pivot": [0.4, 23.05, -3.5],
					"cubes": [
						{"origin": [0.07553, 22.4, -4.4258], "size": [1.5, 1.3, 2.1], "inflate": -0.401, "pivot": [0.82553, 23.05, -3.8258], "rotation": [0, -111, 0], "uv": [34, 114]},
						{"origin": [0.17553, 22.4, -4.7258], "size": [1.4, 1.3, 2.6], "inflate": -0.401, "pivot": [0.82553, 23.05, -3.6258], "rotation": [0, -54, 0], "uv": [114, 49]},
						{"origin": [0.19312, 22.4, -5.3428], "size": [1.2, 1.3, 2.8], "inflate": -0.4, "pivot": [0.69312, 23.05, -3.8428], "rotation": [0, -62, 0], "uv": [114, 52]},
						{"origin": [1.07553, 22.4, -5.1758], "size": [1.15, 1.3, 1.7], "inflate": -0.402, "pivot": [1.47553, 23.05, -4.2258], "rotation": [0, -31, 0], "uv": [116, 93]},
						{"origin": [-1.1, 22.4, -5.9], "size": [2, 1.3, 4.1], "inflate": -0.4, "uv": [106, 33]}
					]
				},
				{
					"name": "action",
					"parent": "gun",
					"pivot": [-1.75, 23.7, -9],
					"cubes": [
						{"origin": [-2.9, 22.3, -12.7], "size": [2.3, 2.8, 7.4], "inflate": -0.4, "uv": [84, 93]}
					]
				},
				{
					"name": "stockfolded",
					"parent": "gun",
					"pivot": [0, 23.825, 8.525],
					"rotation": [-164, 0, 0],
					"cubes": [
						{"origin": [-0.15, 23.325, 7.7], "size": [1.15, 1.681, 1.6], "inflate": -0.401, "pivot": [-1.1, 24.625, 8.8], "rotation": [-35, 0, 0], "uv": [116, 71]},
						{"origin": [-0.15, 23.55, 7.7], "size": [1.15, 1.706, 1.6], "inflate": -0.4, "pivot": [-1.1, 24.875, 8.8], "rotation": [35, 0, 0], "uv": [116, 73]},
						{"origin": [-0.15, 17.8, 7.1], "size": [1.15, 1.4, 27.5], "inflate": -0.4, "pivot": [-0.2, 19.75, 21.65], "rotation": [-14.5, 0, 0], "uv": [0, 0]},
						{"origin": [-3.575, 15.15, 35.9], "size": [1.45, 8.425, 1.1], "inflate": -0.4, "pivot": [-2.575, 18.72722, 35.28742], "rotation": [0, 0, 3], "uv": [108, 14]},
						{"origin": [-2.975, 15.45289, 35.0783], "size": [1.35, 4.8, 1.6], "inflate": -0.4, "pivot": [-2.575, 18.72722, 35.28742], "rotation": [-14.5, 0, 3], "uv": [76, 113]},
						{"origin": [-2.975, 15.025, 35.1], "size": [1.35, 8.55, 1.9], "inflate": -0.401, "pivot": [-2.575, 18.72722, 35.28742], "rotation": [0, 0, 3], "uv": [48, 103]},
						{"origin": [-2.975, 15.45289, 33.9783], "size": [1.35, 8.025, 1.9], "inflate": -0.402, "pivot": [-2.575, 18.72722, 35.28742], "rotation": [-14.5, 0, 3], "uv": [84, 111]},
						{"origin": [-3.125, 17.7, 33.8], "size": [1.35, 2, 3.8], "inflate": -0.4, "pivot": [-1.825, 19.75, 21.65], "rotation": [-14.5, 0, 0], "uv": [108, 9]},
						{"origin": [-3.025, 24.06538, 7.7899], "size": [1.15, 1.3, 1.475], "inflate": -0.4, "pivot": [-1.825, 24.71538, 8.5399], "rotation": [-7.75, 0, 0], "uv": [92, 116]},
						{"origin": [-3.025, 23.55, 7.7], "size": [1.15, 1.706, 1.6], "inflate": -0.4, "pivot": [-0.925, 24.875, 8.8], "rotation": [35, 0, 0], "uv": [88, 116]},
						{"origin": [-3.025, 23.325, 7.7], "size": [1.15, 1.681, 1.6], "inflate": -0.4, "pivot": [-0.925, 24.625, 8.8], "rotation": [-35, 0, 0], "uv": [116, 77]},
						{"origin": [-3.025, 21.35106, 7.19052], "size": [1.15, 3.3, 2.5], "inflate": -0.401, "pivot": [-1.825, 22.25106, 8.29052], "rotation": [-3.5, 0, 0], "uv": [94, 111]},
						{"origin": [-3.025, 17.8, 7.1], "size": [1.15, 1.4, 27.5], "inflate": -0.4, "pivot": [-1.825, 19.75, 21.65], "rotation": [-14.5, 0, 0], "uv": [0, 28]},
						{"origin": [-0.25, 17.7, 33.8], "size": [1.35, 2, 3.8], "inflate": -0.4, "pivot": [-0.2, 19.75, 21.65], "rotation": [-14.5, 0, 0], "uv": [44, 98]},
						{"origin": [-2.55, 17.7, 33.8], "size": [3.15, 1.7, 3.8], "inflate": -0.4, "pivot": [-0.2, 19.75, 21.65], "rotation": [-14.5, 0, 0], "uv": [102, 98]},
						{"origin": [-2.675, 17.825, 8.2], "size": [3.325, 1, 22.8], "inflate": -0.4, "pivot": [-0.2, 19.75, 21.65], "rotation": [-14.5, 0, 0], "uv": [56, 26]},
						{"origin": [-0.4, 15.45289, 33.9783], "size": [1.35, 8.025, 1.9], "inflate": -0.402, "pivot": [0.55, 18.72722, 35.28742], "rotation": [-14.5, 0, -3], "uv": [110, 80]},
						{"origin": [-0.4, 15.45289, 35.0783], "size": [1.35, 4.8, 1.6], "inflate": -0.4, "pivot": [0.55, 18.72722, 35.28742], "rotation": [-14.5, 0, -3], "uv": [72, 113]},
						{"origin": [-0.4, 15.025, 35.1], "size": [1.35, 8.55, 1.9], "inflate": -0.401, "pivot": [0.55, 18.72722, 35.28742], "rotation": [0, 0, -3], "uv": [52, 70]},
						{"origin": [0.1, 15.15, 35.9], "size": [1.45, 8.425, 1.1], "inflate": -0.4, "pivot": [0.55, 18.72722, 35.28742], "rotation": [0, 0, -3], "uv": [44, 103]},
						{"origin": [-0.15, 21.35106, 7.19052], "size": [1.15, 3.3, 2.5], "inflate": -0.401, "pivot": [-0.2, 22.25106, 8.29052], "rotation": [-3.5, 0, 0], "uv": [88, 111]},
						{"origin": [-0.15, 24.06538, 7.7899], "size": [1.15, 1.3, 1.475], "inflate": -0.4, "pivot": [-0.2, 24.71538, 8.5399], "rotation": [-7.75, 0, 0], "uv": [116, 75]}
					]
				},
				{
					"name": "stock",
					"parent": "gun",
					"pivot": [0, 23.825, 8.525],
					"cubes": [
						{"origin": [-0.15, 23.325, 7.7], "size": [1.15, 1.681, 1.6], "inflate": -0.401, "pivot": [-1.1, 24.625, 8.8], "rotation": [-35, 0, 0], "uv": [116, 71]},
						{"origin": [-0.15, 23.55, 7.7], "size": [1.15, 1.706, 1.6], "inflate": -0.4, "pivot": [-1.1, 24.875, 8.8], "rotation": [35, 0, 0], "uv": [116, 73]},
						{"origin": [-0.15, 17.8, 7.1], "size": [1.15, 1.4, 27.5], "inflate": -0.4, "pivot": [-0.2, 19.75, 21.65], "rotation": [-14.5, 0, 0], "uv": [0, 0]},
						{"origin": [-3.575, 15.15, 35.9], "size": [1.45, 8.425, 1.1], "inflate": -0.4, "pivot": [-2.575, 18.72722, 35.28742], "rotation": [0, 0, 3], "uv": [108, 14]},
						{"origin": [-2.975, 15.45289, 35.0783], "size": [1.35, 4.8, 1.6], "inflate": -0.4, "pivot": [-2.575, 18.72722, 35.28742], "rotation": [-14.5, 0, 3], "uv": [76, 113]},
						{"origin": [-2.975, 15.025, 35.1], "size": [1.35, 8.55, 1.9], "inflate": -0.401, "pivot": [-2.575, 18.72722, 35.28742], "rotation": [0, 0, 3], "uv": [48, 103]},
						{"origin": [-2.975, 15.45289, 33.9783], "size": [1.35, 8.025, 1.9], "inflate": -0.402, "pivot": [-2.575, 18.72722, 35.28742], "rotation": [-14.5, 0, 3], "uv": [84, 111]},
						{"origin": [-3.125, 17.7, 33.8], "size": [1.35, 2, 3.8], "inflate": -0.4, "pivot": [-1.825, 19.75, 21.65], "rotation": [-14.5, 0, 0], "uv": [108, 9]},
						{"origin": [-3.025, 24.06538, 7.7899], "size": [1.15, 1.3, 1.475], "inflate": -0.4, "pivot": [-1.825, 24.71538, 8.5399], "rotation": [-7.75, 0, 0], "uv": [92, 116]},
						{"origin": [-3.025, 23.55, 7.7], "size": [1.15, 1.706, 1.6], "inflate": -0.4, "pivot": [-0.925, 24.875, 8.8], "rotation": [35, 0, 0], "uv": [88, 116]},
						{"origin": [-3.025, 23.325, 7.7], "size": [1.15, 1.681, 1.6], "inflate": -0.4, "pivot": [-0.925, 24.625, 8.8], "rotation": [-35, 0, 0], "uv": [116, 77]},
						{"origin": [-3.025, 21.35106, 7.19052], "size": [1.15, 3.3, 2.5], "inflate": -0.401, "pivot": [-1.825, 22.25106, 8.29052], "rotation": [-3.5, 0, 0], "uv": [94, 111]},
						{"origin": [-3.025, 17.8, 7.1], "size": [1.15, 1.4, 27.5], "inflate": -0.4, "pivot": [-1.825, 19.75, 21.65], "rotation": [-14.5, 0, 0], "uv": [0, 28]},
						{"origin": [-0.25, 17.7, 33.8], "size": [1.35, 2, 3.8], "inflate": -0.4, "pivot": [-0.2, 19.75, 21.65], "rotation": [-14.5, 0, 0], "uv": [44, 98]},
						{"origin": [-2.55, 17.7, 33.8], "size": [3.15, 1.7, 3.8], "inflate": -0.4, "pivot": [-0.2, 19.75, 21.65], "rotation": [-14.5, 0, 0], "uv": [102, 98]},
						{"origin": [-2.675, 17.825, 8.2], "size": [3.325, 1, 22.8], "inflate": -0.4, "pivot": [-0.2, 19.75, 21.65], "rotation": [-14.5, 0, 0], "uv": [56, 26]},
						{"origin": [-0.4, 15.45289, 33.9783], "size": [1.35, 8.025, 1.9], "inflate": -0.402, "pivot": [0.55, 18.72722, 35.28742], "rotation": [-14.5, 0, -3], "uv": [110, 80]},
						{"origin": [-0.4, 15.45289, 35.0783], "size": [1.35, 4.8, 1.6], "inflate": -0.4, "pivot": [0.55, 18.72722, 35.28742], "rotation": [-14.5, 0, -3], "uv": [72, 113]},
						{"origin": [-0.4, 15.025, 35.1], "size": [1.35, 8.55, 1.9], "inflate": -0.401, "pivot": [0.55, 18.72722, 35.28742], "rotation": [0, 0, -3], "uv": [52, 70]},
						{"origin": [0.1, 15.15, 35.9], "size": [1.45, 8.425, 1.1], "inflate": -0.4, "pivot": [0.55, 18.72722, 35.28742], "rotation": [0, 0, -3], "uv": [44, 103]},
						{"origin": [-0.15, 21.35106, 7.19052], "size": [1.15, 3.3, 2.5], "inflate": -0.401, "pivot": [-0.2, 22.25106, 8.29052], "rotation": [-3.5, 0, 0], "uv": [88, 111]},
						{"origin": [-0.15, 24.06538, 7.7899], "size": [1.15, 1.3, 1.475], "inflate": -0.4, "pivot": [-0.2, 24.71538, 8.5399], "rotation": [-7.75, 0, 0], "uv": [116, 75]}
					]
				},
				{
					"name": "magazine",
					"parent": "gun",
					"pivot": [0, 20, 0],
					"cubes": [
						{"origin": [-2.2, 4.9, -11.8], "size": [2.4, 15.2, 4], "inflate": -0.4, "uv": [32, 83]},
						{"origin": [-1.9, 4.9, -8.6], "size": [1.7, 13.5, 1.6], "inflate": -0.4, "uv": [52, 56]}
					]
				},
				{
					"name": "rightarm",
					"parent": "main",
					"pivot": [-4.3, 8.8, 21.8],
					"rotation": [-101.81106, -12.40003, -2.46982],
					"cubes": [
						{"origin": [-8.3, -16.6, 17.8], "size": [8, 24, 8], "uv": [56, 49]}
					]
				},
				{
					"name": "leftarm",
					"parent": "main",
					"pivot": [4.94904, 12.38348, -3.09977],
					"rotation": [-119.61483, 1.67666, -38.31282],
					"cubes": [
						{"origin": [0.94904, 0.38348, -7.09977], "size": [8, 24, 8], "uv": [52, 81]}
					]
				},
				{
					"name": "muzzleflash",
					"parent": "main",
					"pivot": [-1, 22.55, -26.25],
					"cubes": [
						{"origin": [-1.5, 22.05, -26.55], "size": [1, 1, 1], "inflate": -0.4, "uv": [52, 79]}
					]
				},
				{
					"name": "scope",
					"parent": "main",
					"pivot": [0, 52.55, 13.75],
					"cubes": [
						{"origin": [-1.5, 25.95, 20.45], "size": [1, 1, 1], "inflate": -0.4, "uv": [116, 12]}
					]
				},
				{
					"name": "_camera_",
					"pivot": [0, 0, 0]
				}
			]
		}
	]
}