{
	"format_version": "1.12.0",
	"minecraft:geometry": [
		{
			"description": {
				"identifier": "geometry.unknown",
				"texture_width": 128,
				"texture_height": 128,
				"visible_bounds_width": 8,
				"visible_bounds_height": 4,
				"visible_bounds_offset": [0, 1, 0]
			},
			"bones": [
				{
					"name": "bb_main",
					"pivot": [0, 0, 0]
				},
				{
					"name": "main",
					"pivot": [0, 0, 0]
				},
				{
					"name": "muzzleflash",
					"parent": "main",
					"pivot": [0, 22.4, -19.875],
					"cubes": [
						{"origin": [-0.45, 23.3, -17.575], "size": [1, 1, 1], "inflate": -0.4, "uv": [72, 100]}
					]
				},
				{
					"name": "scope",
					"parent": "main",
					"pivot": [0, 25.4, 20.75],
					"cubes": [
						{"origin": [-0.5, 24.9, 20.45], "size": [1, 1, 1], "inflate": -0.4, "uv": [84, 100]}
					]
				},
				{
					"name": "rightarm",
					"parent": "main",
					"pivot": [-4.8, 10.525, 20.9],
					"rotation": [-104.56106, -12.40003, -2.46982],
					"cubes": [
						{"origin": [-8.8, -13.475, 17.6], "size": [8, 24, 8], "uv": [56, 26]}
					]
				},
				{
					"name": "leftarm",
					"parent": "main",
					"pivot": [10.2, 3, 19.4],
					"rotation": [-118.95832, 6.70101, -29.35181],
					"cubes": [
						{"origin": [6.5, -21, 13.3], "size": [8, 24, 8], "uv": [0, 58]}
					]
				},
				{
					"name": "gun",
					"parent": "main",
					"pivot": [0.02729, 16.98557, -1.55605],
					"cubes": [
						{"origin": [-1.57404, 6.98348, -0.0427], "size": [3.20928, 8.95296, 7.53296], "inflate": -0.3, "pivot": [0.0306, 11.15996, 3.72378], "rotation": [8, 0, 0], "uv": [69, 103]},
						{"origin": [-1.45833, 14.63491, 0.30709], "size": [3, 3, 3], "inflate": -0.0401, "pivot": [0.04167, 15.58491, 1.80709], "rotation": [41.5, 0, 0], "uv": [90, 69]},
						{"origin": [-1.45833, 16.09683, -0.65735], "size": [3, 2.6, 1.3], "inflate": -0.035, "uv": [78, 95]},
						{"origin": [-1.45833, 17.22183, 0.49265], "size": [3, 2.6, 3.7], "inflate": -0.035, "uv": [12, 94]},
						{"origin": [-1.45833, 17.12183, 2.69265], "size": [3, 2, 2.8], "inflate": -0.0405, "pivot": [0.04167, 17.92183, 4.19265], "rotation": [-50.5, 0, 0], "uv": [24, 94]},
						{"origin": [-1.45833, 17.12183, 2.89265], "size": [3, 2, 2.8], "inflate": -0.0401, "pivot": [0.04167, 17.92183, 4.39265], "rotation": [-35.5, 0, 0], "uv": [54, 94]},
						{"origin": [-1.45833, 16.92183, 4.59265], "size": [3, 1.8, 1.8], "inflate": -0.0402, "pivot": [0.04167, 17.72183, 5.09265], "rotation": [-13.5, 0, 0], "uv": [92, 96]},
						{"origin": [-1.45833, 10.20991, 4.90709], "size": [3, 3.7, 3], "inflate": -0.0398, "pivot": [0.04167, 11.85991, 6.40709], "rotation": [11.5, 0, 0], "uv": [0, 94]},
						{"origin": [-1.45833, 6.23491, 2.28209], "size": [3, 4.375, 5.925], "inflate": -0.0398, "uv": [88, 80]},
						{"origin": [-1.45833, 7.14092, 0.78984], "size": [3, 10.4, 6.5], "inflate": -0.034, "pivot": [0.04167, 10.64092, 2.58984], "rotation": [9.5, 0, 0], "uv": [0, 71]},
						{"origin": [-0.78787, 22.92869, -16.92691], "size": [1.775, 1.775, 12], "inflate": -0.2, "pivot": [0.11213, 23.75369, -10.92691], "rotation": [0, 0, -25], "uv": [0, 58]},
						{"origin": [-0.69024, 23.495, -9.5441], "size": [1.4824, 1.8316, 9.10852], "inflate": -0.3, "uv": [68, 80]},
						{"origin": [-1.45833, 12.54092, 5.98984], "size": [3, 4.1, 3], "inflate": -0.0399, "pivot": [0.04167, 9.74092, 4.48984], "rotation": [23.5, 0, 0], "uv": [38, 71]},
						{"origin": [-2.42906, 22.63803, -9.6441], "size": [1.7332, 2.06036, 9.3085], "inflate": -0.4, "pivot": [-0.27367, 22.56919, -12.76442], "rotation": [0, 0, 42.5], "uv": [18, 71]},
						{"origin": [-1.57404, 19.85539, -4.94458], "size": [3.20928, 1.95296, 14.03296], "inflate": -0.3001, "uv": [56, 26]},
						{"origin": [-1.57404, 15.65539, -2.14458], "size": [3.20928, 5.95296, 8.13296], "inflate": -0.299, "pivot": [0.0306, 18.83187, 1.3219], "rotation": [13, 0, 0], "uv": [68, 67]},
						{"origin": [-1.57404, 6.08348, 1.2323], "size": [3.20928, 2.15296, 1.53296], "inflate": -0.3, "pivot": [0.0306, 10.45996, 4.99878], "rotation": [8, 0, 0], "uv": [84, 50]},
						{"origin": [-1.57404, 6.43445, 0.54622], "size": [3.20928, 1.70296, 6.20796], "inflate": -0.3001, "uv": [0, 87]},
						{"origin": [-1.57404, 5.75945, 1.79622], "size": [3.20928, 1.90296, 6.70796], "inflate": -0.3, "pivot": [0.0306, 6.71093, 4.3502], "rotation": [3, 0, 0], "uv": [36, 88]},
						{"origin": [-1.57404, 18.75539, 3.25542], "size": [3.20928, 3.45296, 3.43296], "inflate": -0.3001, "pivot": [0.0306, 19.43187, 2.0219], "rotation": [-26, 0, 0], "uv": [54, 88]},
						{"origin": [-1.57404, 18.95593, 5.14215], "size": [3.20928, 3.45296, 3.43296], "inflate": -0.3, "pivot": [0.0306, 20.68241, 6.85863], "rotation": [-61, 0, 0], "uv": [90, 26]},
						{"origin": [-1.57404, 18.55593, -3.05785], "size": [3.20928, 3.45296, 3.43296], "inflate": -0.3002, "pivot": [0.0306, 20.28241, -1.34137], "rotation": [-52, 0, 0], "uv": [90, 32]},
						{"origin": [-1.57404, 13.75593, -0.83285], "size": [3.20928, 2.05296, 1.93296], "inflate": -0.3001, "pivot": [0.0306, 15.48241, 0.88363], "rotation": [-41, 0, 0], "uv": [90, 38]},
						{"origin": [-1.57084, 19.65699, -12.48823], "size": [3.20608, 1.93468, 11.46144], "inflate": -0.299, "pivot": [0.02633, 22.76919, -2.56442], "rotation": [-6, 0, 0], "uv": [56, 41]},
						{"origin": [-0.57084, 15.23217, -7.93792], "size": [1.20608, 1.05968, 3.86144], "inflate": -0.3, "pivot": [0.0322, 15.76201, -6.5072], "rotation": [-6, 0, 0], "uv": [82, 63]},
						{"origin": [-0.57084, 15.73217, -8.83792], "size": [1.20608, 1.05968, 1.73644], "inflate": -0.3, "pivot": [0.0322, 16.26201, -8.2072], "rotation": [-32, 0, 0], "uv": [88, 100]},
						{"origin": [-0.57084, 16.53217, -9.48792], "size": [1.20608, 1.05968, 1.76144], "inflate": -0.3, "pivot": [0.0322, 17.06201, -8.8572], "rotation": [-57, 0, 0], "uv": [100, 96]},
						{"origin": [-0.57084, 17.53217, -9.46292], "size": [1.20608, 1.05968, 1.36144], "inflate": -0.3, "pivot": [0.0322, 18.06201, -9.2322], "rotation": [-74, 0, 0], "uv": [24, 101]},
						{"origin": [-0.57084, 18.23217, -11.43792], "size": [1.20608, 1.05968, 3.36144], "inflate": -0.3, "pivot": [0.0322, 18.76201, -9.2072], "rotation": [-90, 0, 0], "uv": [34, 95]},
						{"origin": [-0.57084, 18.45717, -11.33792], "size": [1.20608, 1.05968, 2.78644], "inflate": -0.3, "pivot": [0.0322, 18.98701, -9.1072], "rotation": [-120, 0, 0], "uv": [24, 98]},
						{"origin": [-0.57084, 15.15717, -5.13792], "size": [1.20608, 1.13468, 2.71144], "inflate": -0.3, "pivot": [0.0322, 15.68701, -2.9072], "rotation": [-144, 0, 0], "uv": [98, 38]},
						{"origin": [-0.57084, 17.65717, -7.33792], "size": [1.20608, 1.23468, 2.91144], "inflate": -0.3, "pivot": [0.0322, 18.28701, -4.9072], "rotation": [-106.5, 0, 0], "uv": [42, 98]},
						{"origin": [-0.57084, 18.80807, -6.29799], "size": [1.20608, 1.23468, 2.91144], "inflate": -0.3, "pivot": [0.0322, 19.42541, -4.84227], "rotation": [-93.5, 0, 0], "uv": [48, 98]},
						{"origin": [-0.57084, 16.58217, -9.08792], "size": [1.20608, 1.23468, 2.91144], "inflate": -0.3, "pivot": [0.0322, 17.21201, -6.6572], "rotation": [-149.5, 0, 0], "uv": [54, 98]},
						{"origin": [-0.57084, 14.45717, -3.83792], "size": [1.20608, 1.83468, 2.78644], "inflate": -0.3, "pivot": [0.0322, 15.68701, -1.6072], "rotation": [-121, 0, 0], "uv": [60, 98]},
						{"origin": [-0.57084, 18.45717, -11.03792], "size": [1.20608, 1.75968, 2.68644], "inflate": -0.3, "pivot": [0.0322, 19.68701, -8.8072], "rotation": [-148, 0, 0], "uv": [66, 98]},
						{"origin": [-0.57084, 15.009, -4.74176], "size": [1.20608, 1.05968, 4.06144], "inflate": -0.3, "uv": [78, 90]},
						{"origin": [-1.57084, 19.65699, -12.45463], "size": [3.20608, 1.0832, 1.5664], "inflate": -0.3, "pivot": [0.02633, 22.76919, -2.56442], "rotation": [-6, 0, 0], "uv": [64, 96]}
					]
				},
				{
					"name": "magazine2",
					"parent": "gun",
					"pivot": [0.025, -14, 0.2],
					"cubes": [
						{"origin": [-1.55, 5.5763, 0.88356], "size": [3.175, 15.2, 6], "inflate": -0.3, "pivot": [0.025, 6.7763, 1.88356], "rotation": [8.5, 0, 0], "uv": [51, 103]},
						{"origin": [-1.275, 5.1763, 0.08356], "size": [2.6, 1.3, 6.875], "inflate": -0.3, "uv": [88, 89]},
						{"origin": [-1.275, 5.1763, 3.48356], "size": [2.6, 1.7, 3.475], "inflate": -0.3, "uv": [38, 78]},
						{"origin": [-1.275, 5.5513, 0.20856], "size": [2.6, 1.3, 1.6], "inflate": -0.3, "pivot": [0.025, 6.2013, 1.00856], "rotation": [38, 0, 0], "uv": [100, 50]}
					]
				},
				{
					"name": "button",
					"parent": "gun",
					"pivot": [10.64167, 21.00446, -6.42691]
				},
				{
					"name": "trigger",
					"parent": "gun",
					"pivot": [0.04167, 22.3941, 7.3088],
					"rotation": [-70, 0, 0],
					"cubes": [
						{"origin": [-0.73333, 22.86076, 6.12547], "size": [1.55, 2.5, 2.525], "inflate": -0.4, "uv": [72, 96]},
						{"origin": [-0.73333, 20.96076, 6.12547], "size": [1.55, 2.7, 2.05], "inflate": -0.4, "uv": [86, 96]},
						{"origin": [-0.75833, 20.96076, 7.40047], "size": [1.6, 2.35, 1.2], "inflate": -0.4, "uv": [52, 58]},
						{"origin": [-0.73333, 21.66076, 6.55047], "size": [1.55, 2.375, 1.5], "inflate": -0.4, "pivot": [0.04167, 23.06076, 7.05047], "rotation": [52.5, 0, 0], "uv": [52, 61]}
					]
				},
				{
					"name": "slide",
					"parent": "gun",
					"pivot": [1.525, 23.47715, 4.90067],
					"cubes": [
						{"origin": [0.10768, 23.29007, -16.66022], "size": [1.44584, 2.341, 24.02064], "inflate": -0.4, "pivot": [0.8056, 24.38557, 3.2251], "rotation": [0, 0, -43.25], "uv": [56, 0]},
						{"origin": [0.71254, 23.36137, 6.83978], "size": [1.02084, 2.366, 1.02064], "inflate": -0.4, "pivot": [0.98546, 24.19437, 7.3126], "rotation": [25.5, 0, -43.25], "uv": [50, 95]},
						{"origin": [0.15768, 23.19007, 6.43978], "size": [1.49584, 1.866, 1.32064], "inflate": -0.5, "pivot": [0.8056, 24.38557, 21.6251], "rotation": [0, 0, -43.25], "uv": [12, 102]},
						{"origin": [0.45768, 24.14007, 6.43978], "size": [1.09584, 1.141, 1.07064], "inflate": -0.4, "pivot": [0.8056, 24.38557, 21.6251], "rotation": [0, 0, -43.25], "uv": [102, 26]},
						{"origin": [-0.04232, 23.19007, 6.73978], "size": [1.69584, 1.391, 1.24564], "inflate": -0.5, "pivot": [0.8056, 24.38557, 21.9501], "rotation": [0, 0, -43.25], "uv": [100, 101]},
						{"origin": [0.15768, 23.19007, 6.96478], "size": [1.49584, 1.066, 1.17064], "inflate": -0.5, "pivot": [0.8056, 24.38557, 21.9501], "rotation": [0, 0, -43.25], "uv": [16, 102]},
						{"origin": [0.55768, 23.19007, 7.01478], "size": [1.09584, 1.116, 1.12064], "inflate": -0.5, "pivot": [0.8056, 24.38557, 21.9501], "rotation": [0, 0, -43.25], "uv": [20, 102]},
						{"origin": [-3.58648, 17.49007, -7.78522], "size": [9.115, 10.625, 19.45], "inflate": -4.003, "uv": [0, 0]},
						{"origin": [-5.48648, 17.49007, -7.78522], "size": [9.115, 10.625, 19.45], "inflate": -4, "uv": [0, 29]},
						{"origin": [-1.46732, 22.18483, -16.26826], "size": [2.99584, 1.92124, 4.88304], "inflate": 0.001, "uv": [90, 75]},
						{"origin": [-1.46732, 18.56114, -12.38738], "size": [2.99584, 1.54624, 1.9328], "inflate": -0.001, "pivot": [0.02633, 22.69419, -2.58942], "rotation": [-20, 0, 0], "uv": [56, 46]},
						{"origin": [-1.46732, 21.49007, -11.38522], "size": [2.99584, 2.616, 7.62064], "uv": [84, 41]},
						{"origin": [-0.11732, 20.99007, 7.16478], "size": [2.14584, 1.941, 2.12064], "inflate": -0.5, "uv": [92, 50]},
						{"origin": [0.38268, 21.86507, 6.86478], "size": [1.14584, 2.016, 1.36], "inflate": 0.001, "pivot": [0.9556, 23.08557, 7.5501], "rotation": [33, 0, 0], "uv": [52, 64]},
						{"origin": [-0.11732, 23.36507, 6.36478], "size": [1.57084, 1.741, 2.35], "inflate": -0.5, "pivot": [0.9556, 23.08557, 7.5501], "rotation": [33, 0, 0], "uv": [98, 98]},
						{"origin": [-0.11732, 24.06507, 6.36478], "size": [1.29584, 1.391, 2.35], "inflate": -0.5, "pivot": [0.9556, 23.08557, 7.5501], "rotation": [33, 0, 0], "uv": [12, 99]},
						{"origin": [0.38268, 23.34007, 6.36478], "size": [1.37084, 1.416, 2.35], "inflate": -0.5, "pivot": [0.9556, 23.08557, 7.5501], "rotation": [33, 0, 0], "uv": [18, 99]},
						{"origin": [0.30768, 23.23408, 6.77], "size": [1.22084, 2.666, 1.09564], "inflate": -0.5, "pivot": [0.9056, 24.57958, 7.31154], "rotation": [27.10065, 19.59159, -33.23447], "uv": [48, 78]},
						{"origin": [-1.50352, 23.29007, -1.16022], "size": [1.44584, 2.341, 8.52064], "inflate": -0.4, "pivot": [-0.7556, 24.38557, 3.2251], "rotation": [0, 0, 43.25], "uv": [82, 53]},
						{"origin": [-1.50352, 23.29007, -16.66022], "size": [1.44584, 2.341, 12.32064], "inflate": -0.4, "pivot": [-0.7556, 24.38557, -12.2749], "rotation": [0, 0, 43.25], "uv": [56, 53]},
						{"origin": [-1.97852, 20.99007, 7.16478], "size": [2.14584, 1.941, 2.12064], "inflate": -0.501, "uv": [42, 95]},
						{"origin": [-1.47852, 21.86507, 6.86478], "size": [1.14584, 2.016, 1.36], "pivot": [-0.9056, 23.08557, 7.5501], "rotation": [33, 0, 0], "uv": [100, 60]},
						{"origin": [-1.60352, 23.19007, 7.08978], "size": [1.1, 1.041, 1.07064], "inflate": -0.5, "pivot": [-0.7556, 24.38557, 21.9501], "rotation": [0, 0, 43.25], "uv": [102, 32]},
						{"origin": [-1.60352, 23.19007, 6.96478], "size": [1.49584, 1.066, 1.19564], "inflate": -0.5, "pivot": [-0.7556, 24.38557, 21.9501], "rotation": [0, 0, 43.25], "uv": [32, 102]},
						{"origin": [-1.72852, 23.34007, 6.36478], "size": [1.39584, 1.366, 2.35], "inflate": -0.5, "pivot": [-0.9056, 23.08557, 7.5501], "rotation": [33, 0, 0], "uv": [0, 100]},
						{"origin": [-1.40352, 24.11507, 6.33978], "size": [1.09584, 1.066, 1.07064], "inflate": -0.3, "pivot": [-0.7556, 24.38557, 21.6251], "rotation": [0, 0, 43.25], "uv": [102, 30]},
						{"origin": [-1.60352, 23.19007, 6.43978], "size": [1.49584, 1.841, 1.34564], "inflate": -0.5, "pivot": [-0.7556, 24.38557, 21.6251], "rotation": [0, 0, 43.25], "uv": [102, 28]},
						{"origin": [-1.60352, 23.19007, 6.73978], "size": [1.69584, 1.416, 1.24564], "inflate": -0.5, "pivot": [-0.7556, 24.38557, 21.9501], "rotation": [0, 0, 43.25], "uv": [28, 102]},
						{"origin": [-1.68338, 23.33637, 6.83978], "size": [1.02084, 2.391, 1.02064], "inflate": -0.4, "pivot": [-0.93546, 24.19437, 7.3126], "rotation": [25.5, 0, 43.25], "uv": [100, 57]},
						{"origin": [-1.10352, 24.09007, 6.36478], "size": [1.27084, 1.366, 2.35], "inflate": -0.5, "pivot": [-0.9056, 23.08557, 7.5501], "rotation": [33, 0, 0], "uv": [36, 99]},
						{"origin": [-1.40352, 23.36507, 6.36478], "size": [1.57084, 1.741, 2.35], "inflate": -0.5, "pivot": [-0.9056, 23.08557, 7.5501], "rotation": [33, 0, 0], "uv": [30, 99]},
						{"origin": [-0.95352, 24.44007, 6.36478], "size": [1.94584, 1.266, 2.35], "inflate": -0.5, "pivot": [-0.9056, 23.08557, 7.5501], "rotation": [33, 0, 0], "uv": [6, 100]},
						{"origin": [-1.47852, 23.23408, 6.77], "size": [1.24584, 2.666, 1.09564], "inflate": -0.5, "pivot": [-0.8556, 24.57958, 7.31154], "rotation": [27.10065, -19.59159, 33.23447], "uv": [100, 54]},
						{"origin": [-0.86524, 22.73107, -16.2441], "size": [1.7824, 1.4316, 1.08352], "uv": [42, 101]},
						{"origin": [-0.74024, 23.73107, -16.5441], "size": [1.5324, 1.8066, 12.10852], "inflate": -0.3, "uv": [26, 58]},
						{"origin": [-0.74024, 21.40607, -1.0441], "size": [1.5324, 4.125, 8.29], "inflate": -0.3, "uv": [18, 82]},
						{"origin": [-0.08858, 24.37753, 5.27306], "size": [1.056, 1.03064, 1.592], "inflate": -0.5, "pivot": [0.43942, 24.89285, 6.06906], "rotation": [35.43734, 21.19168, -27.64118], "uv": [46, 101]},
						{"origin": [-0.96696, 17.72833, 3.62474], "size": [1.07928, 1.235, 1.643], "inflate": -0.5, "pivot": [0.02367, 23.89419, -3.51442], "rotation": [40, 0, 0], "uv": [50, 101]},
						{"origin": [-0.11232, 17.70333, 3.62474], "size": [1.20428, 1.135, 1.643], "inflate": -0.5, "pivot": [0.02633, 23.89419, -3.51442], "rotation": [40, 0, 0], "uv": [54, 101]},
						{"origin": [-0.11232, 17.82833, 3.62474], "size": [1.12928, 1.135, 1.643], "inflate": -0.5, "pivot": [0.02633, 23.89419, -3.51442], "rotation": [40, 0, 0], "uv": [58, 101]},
						{"origin": [-0.11232, 17.95333, 3.62474], "size": [1.05428, 1.11, 1.643], "inflate": -0.5, "pivot": [0.02633, 23.89419, -3.51442], "rotation": [40, 0, 0], "uv": [62, 101]},
						{"origin": [-0.96696, 17.82833, 3.62474], "size": [1.12928, 1.135, 1.643], "inflate": -0.5, "pivot": [0.02367, 23.89419, -3.51442], "rotation": [40, 0, 0], "uv": [66, 101]},
						{"origin": [-1.07696, 24.32818, 5.45924], "size": [1.056, 1.05564, 1.592], "inflate": -0.5, "pivot": [-0.42396, 24.656, 6.20174], "rotation": [35.19741, -21.62526, 28.29851], "uv": [76, 101]},
						{"origin": [-0.89196, 17.95333, 3.62474], "size": [1.05428, 1.11, 1.643], "inflate": -0.5, "pivot": [0.02367, 23.89419, -3.51442], "rotation": [40, 0, 0], "uv": [80, 101]},
						{"origin": [-1.46772, 21.18923, -16.56826], "size": [3.00884, 1.4456, 5.19312], "inflate": -0.3, "uv": [36, 82]},
						{"origin": [0.24619, 21.74083, -16.56826], "size": [1.75968, 1.34308, 5.48304], "inflate": -0.301, "pivot": [0.10133, 22.91919, -2.56442], "rotation": [0, 0, 22.5], "uv": [90, 63]},
						{"origin": [-1.77881, 20.96583, -16.56826], "size": [1.75968, 1.34308, 5.48304], "inflate": -0.301, "pivot": [-1.92367, 22.14419, -2.56442], "rotation": [0, 0, -22.5], "uv": [66, 90]},
						{"origin": [-0.98788, 24.33075, 5.40906], "size": [2, 1.525, 1.8], "inflate": -0.5, "uv": [100, 52]},
						{"origin": [-0.33788, 24.85575, 5.70906], "size": [1.35, 1.225, 1.25], "inflate": -0.5, "uv": [92, 101]},
						{"origin": [-0.58788, 24.75575, -16.69094], "size": [1.2, 1.325, 2.15], "inflate": -0.5, "uv": [78, 98]},
						{"origin": [-0.98788, 24.85575, 5.70906], "size": [1.35, 1.225, 1.25], "inflate": -0.5, "uv": [96, 101]},
						{"origin": [0.62596, 22.83445, 5.74622], "size": [1.40928, 1.30296, 2.30796], "inflate": -0.3, "pivot": [1.2806, 23.38593, 7.5002], "rotation": [50, 0, 0], "uv": [92, 98]}
					]
				},
				{
					"name": "_camera_",
					"pivot": [16.05043, 28.19767, 67.1025]
				}
			]
		}
	]
}