{
	"format_version": "1.12.0",
	"minecraft:geometry": [
		{
			"description": {
				"identifier": "geometry.unknown",
				"texture_width": 256,
				"texture_height": 256,
				"visible_bounds_width": 10,
				"visible_bounds_height": 6,
				"visible_bounds_offset": [0, 2, 0]
			},
			"bones": [
				{
					"name": "bb_main",
					"pivot": [0, 0, 0]
				},
				{
					"name": "main",
					"pivot": [0, 20, 0]
				},
				{
					"name": "gun",
					"parent": "main",
					"pivot": [1.5304, 1.6145, 0.7],
					"cubes": [
						{"origin": [-1.14822, 26.80608, -21.96739], "size": [2.34317, 1.63726, 20.06261], "inflate": -0.398, "uv": [54, 219]},
						{"origin": [-1.17322, 18.80608, -48.51739], "size": [2.39317, 1.33726, 15.91261], "inflate": -0.398, "pivot": [0.025, 19.28735, -39.23862], "rotation": [180, 0, 0], "uv": [91, 239]},
						{"origin": [-1.26012, 18.27754, -48.50854], "size": [1.6, 1.175, 15.91261], "inflate": -0.398, "pivot": [0.025, 19.28735, -39.23862], "rotation": [180, 0, -45], "uv": [74, 240]},
						{"origin": [-0.28988, 18.27754, -48.50854], "size": [1.6, 1.175, 15.91261], "inflate": -0.398, "pivot": [0.025, 19.28735, -39.23862], "rotation": [180, 0, 45], "uv": [128, 239]},
						{"origin": [-1.14822, 17.98108, -48.51739], "size": [2.34317, 1.63726, 15.91261], "inflate": -0.398, "pivot": [0.025, 19.28735, -39.23862], "rotation": [180, 0, 0], "uv": [78, 223]},
						{"origin": [-0.38005, 27.83987, -21.95854], "size": [1.6, 1.175, 20.06261], "inflate": -0.398, "pivot": [0.86995, 28.58987, -12.51473], "rotation": [0, 0, -45], "uv": [106, 235]},
						{"origin": [-1.16995, 27.83987, -21.95854], "size": [1.6, 1.175, 20.06261], "inflate": -0.398, "pivot": [-0.81995, 28.58987, -12.51473], "rotation": [0, 0, 45], "uv": [32, 235]},
						{"origin": [-1.17322, 27.63108, -21.96739], "size": [2.39317, 1.33726, 20.06261], "inflate": -0.398, "uv": [148, 235]},
						{"origin": [-1.17322, 26.45608, -3.15478], "size": [2.39317, 1.83726, 3], "inflate": -0.398, "pivot": [0.02337, 27.62471, -1.65478], "rotation": [-43, 0, 0], "uv": [128, 250]},
						{"origin": [-0.59822, 20.41487, -0.23354], "size": [4.09317, 2, 2], "inflate": -0.4, "pivot": [1.44836, 21.4085, 0.74776], "rotation": [-22.5, 0, 0], "uv": [24, 185]},
						{"origin": [1.31858, 22.13055, 1.9277], "size": [1.74091, 2.2584, 1.7409], "inflate": -0.4, "pivot": [4.30607, 22.43646, 3.08043], "rotation": [-3, 0, 0], "uv": [196, 142]},
						{"origin": [-2.46413, 18.35829, 1.63952], "size": [4.58271, 6.05566, 2.02772], "inflate": -0.4, "pivot": [0.44836, 22.43646, 2.79224], "rotation": [-3, 0, 0], "uv": [182, 39]},
						{"origin": [1.31858, 17.70829, 1.9277], "size": [1.74091, 1.4584, 1.7409], "inflate": -0.4, "pivot": [4.30607, 22.43646, 3.08043], "rotation": [-3, 0, 0], "uv": [70, 197]},
						{"origin": [-2.44504, 20.41487, -25.95854], "size": [1.64682, 4.18726, 29.2626], "inflate": -0.395, "uv": [66, 79]},
						{"origin": [-1.59822, 20.41487, -25.95854], "size": [4.09316, 4.18726, 29.3126], "inflate": -0.399, "uv": [0, 47]},
						{"origin": [-2.54822, 22.61487, 0.56646], "size": [5.21816, 1.3, 1.3], "inflate": -0.4, "pivot": [0.62336, 22.9085, 0.84776], "rotation": [-22.5, 0, 0], "uv": [52, 110]},
						{"origin": [-2.54822, 19.21487, -0.13354], "size": [5.21816, 1.4, 1.4], "inflate": -0.4, "pivot": [0.62336, 19.5085, 0.24776], "rotation": [-22.5, 0, 0], "uv": [150, 135]},
						{"origin": [-2.54822, 20.61487, -24.63354], "size": [5.21816, 1.4, 1.4], "inflate": -0.4, "pivot": [0.62336, 20.9085, -24.25224], "rotation": [-22.5, 0, 0], "uv": [162, 135]},
						{"origin": [-2.54822, 22.41487, -24.93354], "size": [5.21816, 1.5, 1.5], "inflate": -0.4, "pivot": [0.62336, 22.8085, -24.55224], "rotation": [-22.5, 0, 0], "uv": [180, 77]},
						{"origin": [-2.54822, 22.29036, -22.31763], "size": [5.21816, 1.5, 1.5], "inflate": -0.4, "pivot": [0.06086, 23.04036, -21.56763], "rotation": [22.5, 0, 0], "uv": [182, 151]},
						{"origin": [-2.14822, 27.24036, -20.14263], "size": [4.41816, 1.2, 1.2], "inflate": -0.4, "pivot": [0.06086, 23.16536, -21.44263], "rotation": [22.5, 0, 0], "uv": [178, 153]},
						{"origin": [-1.59822, 23.80213, -23.73447], "size": [4.09316, 2.02318, 16.08673], "inflate": -0.4, "uv": [44, 140]},
						{"origin": [-2.44822, 23.70213, -24.03447], "size": [4.94316, 2.67318, 1.1], "inflate": -0.4, "uv": [190, 101]},
						{"origin": [-2.44822, 23.70213, -25.75947], "size": [4.94316, 1.1, 2.525], "inflate": -0.4, "uv": [182, 51]},
						{"origin": [-2.24822, 24.00213, -25.73447], "size": [4.54316, 2, 2.5], "inflate": -0.4, "uv": [184, 122]},
						{"origin": [-2.24822, 24.20213, -25.63447], "size": [4.54316, 2, 2.55], "inflate": -0.399, "pivot": [0.04836, 25.20213, -24.35947], "rotation": [12, 0, 0], "uv": [184, 126]},
						{"origin": [-2.44822, 23.70213, -25.23447], "size": [4.94316, 1.1, 2.3], "inflate": -0.402, "pivot": [0.02336, 24.25213, -23.98447], "rotation": [45, 0, 0], "uv": [10, 187]},
						{"origin": [-2.04822, 23.90213, -30.78447], "size": [4.14316, 4.74818, 5.43673], "inflate": -0.398, "uv": [130, 181]},
						{"origin": [-1.09822, 28.25213, -30.40947], "size": [2.24316, 1.07318, 8.61173], "inflate": -0.4, "pivot": [0.03586, 28.78872, -25.9536], "rotation": [-1.5, 0, 0], "uv": [180, 54]},
						{"origin": [-2.27322, 28.25213, -22.60947], "size": [2.51816, 2.02318, 1.11173], "inflate": -0.4, "pivot": [0.03586, 28.78872, -25.9536], "rotation": [-1.5, 0, 0], "uv": [64, 194]},
						{"origin": [-0.19822, 28.25213, -22.60947], "size": [2.54316, 2.02318, 1.11173], "inflate": -0.4, "pivot": [0.03586, 28.78872, -25.9536], "rotation": [-1.5, 0, 0], "uv": [194, 66]},
						{"origin": [-0.57322, 28.25213, -22.60947], "size": [1.19316, 1.62318, 1.11173], "inflate": -0.4, "pivot": [0.03586, 28.78872, -25.9536], "rotation": [-1.5, 0, 0], "uv": [66, 197]},
						{"origin": [0.35178, 27.20213, -30.00947], "size": [1.14316, 2.27318, 2.58673], "inflate": -0.399, "uv": [26, 194]},
						{"origin": [0.35178, 28.37713, -28.90947], "size": [1.14316, 1.37318, 1.38673], "inflate": -0.4, "pivot": [0.92336, 29.06372, -28.2161], "rotation": [45, 0, 0], "uv": [58, 197]},
						{"origin": [-1.44822, 28.37713, -28.90947], "size": [1.14316, 1.37318, 1.38673], "inflate": -0.4, "pivot": [-0.87664, 29.06372, -28.2161], "rotation": [45, 0, 0], "uv": [62, 197]},
						{"origin": [0.35178, 27.40213, -28.23447], "size": [1.14316, 1.67318, 1.46173], "inflate": -0.399, "uv": [196, 164]},
						{"origin": [-1.44822, 27.968, -28.28447], "size": [1.14316, 1.14818, 1.36173], "inflate": -0.4, "pivot": [-0.17664, 28.81372, -27.4286], "rotation": [-45, 0, 0], "uv": [196, 196]},
						{"origin": [0.35178, 27.968, -28.28447], "size": [1.14316, 1.14818, 1.36173], "inflate": -0.4, "pivot": [0.22336, 28.81372, -27.4286], "rotation": [-45, 0, 0], "uv": [196, 194]},
						{"origin": [0.35178, 27.10213, -26.78447], "size": [1.14316, 1.32318, 4.56173], "inflate": -0.399, "uv": [108, 188]},
						{"origin": [0.10178, 27.80213, -24.28447], "size": [2.44316, 2, 2], "inflate": -0.4, "pivot": [0.87336, 28.70213, -23.18447], "rotation": [-45, 0, 0], "uv": [92, 159]},
						{"origin": [1.60178, 28.00213, -24.08447], "size": [1.24316, 1.6, 1.6], "inflate": -0.4, "pivot": [1.17336, 28.70213, -23.18447], "rotation": [-45, 0, 0], "uv": [44, 197]},
						{"origin": [-2.89822, 28.00213, -24.08447], "size": [1.24316, 1.6, 1.6], "inflate": -0.4, "pivot": [-2.02664, 28.70213, -23.18447], "rotation": [-45, 0, 0], "uv": [48, 197]},
						{"origin": [-2.49822, 27.80213, -24.28447], "size": [2.44316, 2, 2], "inflate": -0.4, "pivot": [-1.62664, 28.70213, -23.18447], "rotation": [-45, 0, 0], "uv": [24, 181]},
						{"origin": [-1.44822, 27.40213, -27.65947], "size": [1.14316, 1.32318, 4.91173], "inflate": -0.4, "pivot": [-0.17664, 28.06372, -25.2036], "rotation": [-10, 0, 0], "uv": [32, 189]},
						{"origin": [0.35178, 27.40213, -27.65947], "size": [1.14316, 1.32318, 4.91173], "inflate": -0.4, "pivot": [0.22336, 28.06372, -25.2036], "rotation": [-10, 0, 0], "uv": [22, 189]},
						{"origin": [-1.44822, 27.20213, -30.00947], "size": [1.14316, 2.27318, 2.58673], "inflate": -0.399, "uv": [32, 194]},
						{"origin": [-1.44822, 27.40213, -28.23447], "size": [1.14316, 1.67318, 1.46173], "inflate": -0.399, "uv": [196, 166]},
						{"origin": [-1.44822, 27.10213, -26.78447], "size": [1.14316, 1.32318, 4.56173], "inflate": -0.399, "uv": [118, 188]},
						{"origin": [-2.79483, 24.22713, -45.13447], "size": [5.59859, 3.62318, 14.38673], "inflate": -0.4, "uv": [86, 30]},
						{"origin": [-2.47134, 26.65577, -45.89774], "size": [2.56827, 1.81702, 1.80739], "inflate": -0.4, "pivot": [-1.38763, 27.49178, -38.64405], "rotation": [0, 0, -47], "uv": [196, 15]},
						{"origin": [-0.09318, 26.65577, -45.89774], "size": [2.56827, 1.81702, 1.80739], "inflate": -0.4, "pivot": [1.39138, 27.49178, -38.64405], "rotation": [0, 0, 47], "uv": [194, 151]},
						{"origin": [-1.44475, 27.01202, -45.89774], "size": [2.90173, 2.05452, 1.80739], "inflate": -0.399, "uv": [194, 51]},
						{"origin": [-2.68509, 24.23202, -45.89774], "size": [5.35866, 3.55202, 1.58239], "inflate": -0.399, "uv": [182, 147]},
						{"origin": [-2.47134, 26.65577, -31.59774], "size": [2.56827, 1.81702, 1.60739], "inflate": -0.4, "pivot": [-1.38763, 27.49178, -24.54405], "rotation": [0, 0, -47], "uv": [196, 120]},
						{"origin": [-0.09318, 26.65577, -31.59774], "size": [2.56827, 1.81702, 1.60739], "inflate": -0.4, "pivot": [1.39138, 27.49178, -24.54405], "rotation": [0, 0, 47], "uv": [196, 118]},
						{"origin": [-1.44475, 27.01202, -31.59774], "size": [2.90173, 2.05452, 1.60739], "inflate": -0.399, "uv": [194, 63]},
						{"origin": [-2.68509, 24.23202, -31.59774], "size": [5.35866, 3.55202, 1.60739], "inflate": -0.399, "uv": [184, 118]},
						{"origin": [-2.47134, 20.07721, -45.89774], "size": [2.56827, 1.81702, 1.80739], "inflate": -0.4, "pivot": [-1.38763, 21.05822, -38.64405], "rotation": [0, 0, 47], "uv": [100, 196]},
						{"origin": [-0.09318, 20.07721, -45.89774], "size": [2.56827, 1.81702, 1.80739], "inflate": -0.4, "pivot": [1.39138, 21.05822, -38.64405], "rotation": [0, 0, -47], "uv": [196, 32]},
						{"origin": [-1.44475, 19.48346, -45.89774], "size": [2.90173, 2.07952, 1.80739], "inflate": -0.399, "uv": [58, 194]},
						{"origin": [-2.68509, 20.76596, -45.89774], "size": [5.35866, 4.00202, 1.58239], "inflate": -0.399, "uv": [136, 163]},
						{"origin": [-2.79483, 20.70213, -45.13447], "size": [5.59859, 4.07318, 20.18673], "inflate": -0.399, "uv": [132, 30]},
						{"origin": [0.70376, 21.27713, -44.03447], "size": [2.9, 2.15, 11.48673], "inflate": -0.4, "pivot": [2.10446, 22.36372, -37.1911], "rotation": [0, 0, 45], "uv": [164, 168]},
						{"origin": [-3.07124, 20.50213, -43.73447], "size": [2.3, 2.7, 10.98673], "inflate": -0.4, "pivot": [-1.67054, 22.13872, -37.1911], "rotation": [0, 0, 45], "uv": [0, 175]},
						{"origin": [-2.79483, 18.37713, -30.73447], "size": [5.59859, 3.34818, 4.48673], "inflate": -0.4, "uv": [126, 104]},
						{"origin": [-2.79483, 19.40213, -27.05947], "size": [5.59859, 2.32318, 2.11173], "inflate": -0.4, "uv": [182, 47]},
						{"origin": [-2.79483, 20.37713, -38.33447], "size": [5.59859, 4.07318, 9.23673], "inflate": -0.401, "pivot": [0.00446, 22.41372, -36.4411], "rotation": [-17.5, 0, 0], "uv": [136, 168]},
						{"origin": [-2.79483, 19.41044, -28.55679], "size": [5.59859, 1.67318, 2.43673], "inflate": -0.401, "pivot": [0.00446, 21.44703, -25.93843], "rotation": [39, 0, 0], "uv": [182, 15]},
						{"origin": [-1.48921, 27.02713, -45.13447], "size": [3.01235, 2.17318, 14.38673], "inflate": -0.4, "uv": [148, 137]},
						{"origin": [-2.3741, 18.80585, -45.13447], "size": [2.665, 1.924, 14.38673], "inflate": -0.4, "pivot": [0.00895, 20.62449, -37.9411], "rotation": [0, 0, 47], "uv": [76, 163]},
						{"origin": [-0.26815, 18.80065, -45.13447], "size": [2.66133, 1.94, 14.38673], "inflate": -0.4, "pivot": [0.00895, 20.62449, -37.9411], "rotation": [0, 0, -47], "uv": [0, 160]},
						{"origin": [-1.48921, 19.34969, -45.13447], "size": [3.01235, 2.17318, 14.38673], "inflate": -0.4, "uv": [150, 104]},
						{"origin": [-0.0665, 26.65213, -45.13447], "size": [2.66133, 1.92318, 14.38673], "inflate": -0.4, "pivot": [1.47513, 27.56372, -37.9411], "rotation": [0, 0, 47], "uv": [148, 153]},
						{"origin": [-2.56983, 26.65213, -45.13447], "size": [2.66133, 1.92318, 14.38673], "inflate": -0.4, "pivot": [-1.45013, 27.56372, -37.9411], "rotation": [0, 0, -47], "uv": [44, 158]},
						{"origin": [-2.04822, 27.85213, -30.78447], "size": [4.14316, 1.77318, 2.48673], "inflate": -0.398, "uv": [32, 170]},
						{"origin": [-2.04822, 26.75213, -30.25947], "size": [4.14316, 2.49818, 2.48673], "inflate": -0.4, "pivot": [0.02336, 28.18872, -29.0161], "rotation": [35, 0, 0], "uv": [184, 130]},
						{"origin": [-2.04822, 26.10213, -26.38447], "size": [4.14316, 2.14818, 1.96173], "inflate": -0.4, "pivot": [0.02336, 27.18872, -25.6661], "rotation": [57, 0, 0], "uv": [190, 176]},
						{"origin": [-2.04822, 23.70213, -26.15947], "size": [4.14316, 4.27318, 3.23673], "inflate": -0.399, "uv": [182, 28]},
						{"origin": [-2.04822, 26.20213, -23.75947], "size": [4.14316, 1.77318, 1.53673], "inflate": -0.4, "uv": [190, 188]},
						{"origin": [-2.04822, 26.27713, -24.95947], "size": [4.14316, 1.77318, 4.16173], "inflate": -0.402, "pivot": [0.02336, 27.46372, -22.6911], "rotation": [42.5, 0, 0], "uv": [168, 142]},
						{"origin": [-2.04822, 27.4991, -22.14578], "size": [4.14316, 1.49817, 1.48672], "inflate": -0.398, "pivot": [0.02336, 28.24818, -21.40242], "rotation": [-2, 0, 0], "uv": [52, 191]},
						{"origin": [-0.93959, 24.5902, -0.06002], "size": [1.92908, 1.99533, 2.44511], "inflate": -0.4, "uv": [144, 109]},
						{"origin": [-0.93959, 24.33145, 1.35134], "size": [1.92908, 2.18204, 1.27045], "inflate": -0.4, "pivot": [0.02495, 25.43713, 1.23384], "rotation": [23, 0, 0], "uv": [196, 126]},
						{"origin": [-2.44512, 23.80205, -8.44782], "size": [4.94014, 2.02334, 10.59936], "inflate": -0.399, "uv": [146, 18]},
						{"origin": [-2.44504, 24.36076, -16.12041], "size": [1.36454, 1.46455, 8.4962], "inflate": -0.4, "uv": [180, 153]},
						{"origin": [-0.93967, 22.86114, -0.29521], "size": [1.92925, 5.48117, 2.49379], "inflate": -0.399, "pivot": [-0.06914, 25.14303, 1.18691], "rotation": [43, 0, 0], "uv": [60, 80]},
						{"origin": [0.18941, 22.86114, -0.29521], "size": [1.59994, 4.39913, 2.49379], "inflate": -0.399, "pivot": [-0.06914, 25.14303, 1.18691], "rotation": [43, 0, 0], "uv": [60, 87]},
						{"origin": [-0.01099, 25.41305, -1.64246], "size": [1.45864, 2.16432, 2.49363], "inflate": -0.4, "pivot": [0.71833, 26.49521, -0.39564], "rotation": [36.85554, 23.933, -28.42107], "uv": [130, 177]},
						{"origin": [-0.66962, 23.46068, -1.64246], "size": [1.55272, 1.99965, 2.49363], "inflate": -0.4, "pivot": [0.71833, 26.49521, -0.39564], "rotation": [36.85554, 23.933, -28.42107], "uv": [194, 43]},
						{"origin": [0.98926, 22.86122, -0.29513], "size": [1.50568, 2.49363, 2.49363], "inflate": -0.398, "pivot": [-0.06914, 25.14303, 1.18691], "rotation": [43, 0, 0], "uv": [120, 193]},
						{"origin": [-0.93959, 22.60248, -23.72946], "size": [1.92908, 5.41043, 23.83445], "inflate": -0.4, "uv": [52, 112]},
						{"origin": [-2.44504, 18.31113, -25.99642], "size": [4.93998, 3.48158, 29.22992], "inflate": -0.4, "pivot": [1.5304, 19.93431, -6.91663], "rotation": [-2.75, 0, 0], "uv": [66, 47]},
						{"origin": [-1.02777, 14.81796, -13.02916], "size": [2.10545, 4.44975, 1], "inflate": -0.4, "pivot": [1.5304, 19.80931, -5.06663], "rotation": [-2, 0, 0], "uv": [60, 105]},
						{"origin": [-1.02777, 13.37518, -11.1851], "size": [2.10545, 5.32474, 1], "inflate": -0.4, "pivot": [0.02495, 14.85956, -10.97435], "rotation": [-93.75, 0, 0], "uv": [60, 99]},
						{"origin": [-1.02777, 16.71577, -10.67503], "size": [2.10545, 1.32475, 2.7], "inflate": -0.4, "pivot": [0.02495, 16.97291, -8.25735], "rotation": [-86.75, 0, 0], "uv": [0, 193]},
						{"origin": [-1.02777, 17.76028, -9.27588], "size": [2.10545, 1.87475, 1.975], "inflate": -0.4, "pivot": [0.02495, 18.77265, -8.15088], "rotation": [-140, 0, 0], "uv": [196, 122]},
						{"origin": [-1.02777, 13.22497, -7.21802], "size": [2.10545, 1.77475, 1], "inflate": -0.4, "pivot": [0.02495, 14.48735, -6.71802], "rotation": [-81.25, 0, 0], "uv": [174, 135]},
						{"origin": [-1.02777, 13.86194, -6.66511], "size": [2.10545, 1.84975, 1], "inflate": -0.4, "pivot": [0.02495, 14.87432, -6.16511], "rotation": [-51.25, 0, 0], "uv": [194, 116]},
						{"origin": [-1.02777, 14.83899, -8.07989], "size": [2.10545, 2.14975, 1.15], "inflate": -0.4, "pivot": [0.02495, 16.97291, -8.25735], "rotation": [-58.75, 0, 0], "uv": [70, 194]},
						{"origin": [-1.02777, 15.70467, -8.57403], "size": [2.10545, 2.07474, 1.25], "inflate": -0.4, "pivot": [0.02495, 16.97291, -8.25735], "rotation": [-23.25, 0, 0], "uv": [194, 69]},
						{"origin": [-1.02777, 14.89683, -12.90041], "size": [2.10545, 1.49975, 1], "inflate": -0.4, "pivot": [0.02495, 14.85956, -11.17435], "rotation": [17.5, 0, 0], "uv": [44, 138]},
						{"origin": [-1.02777, 14.99806, -12.36108], "size": [2.10545, 1.42475, 1], "inflate": -0.4, "pivot": [0.02495, 14.85956, -11.17435], "rotation": [55, 0, 0], "uv": [174, 28]},
						{"origin": [-1.02777, 14.41796, -6.17916], "size": [2.10545, 4.54975, 1], "inflate": -0.4, "pivot": [1.5304, 19.80931, 1.78337], "rotation": [-2, 0, 0], "uv": [102, 191]},
						{"origin": [-1.12777, 14.89296, -17.07916], "size": [2.30545, 6.77475, 4.95818], "inflate": -0.4, "pivot": [1.5304, 19.80931, -9.11663], "rotation": [-2, 0, 0], "uv": [32, 160]},
						{"origin": [-1.62777, 14.59296, -22.17916], "size": [3.30545, 7.07475, 6.45818], "inflate": -0.4, "pivot": [1.5304, 19.80931, -9.11663], "rotation": [-2, 0, 0], "uv": [90, 178]},
						{"origin": [-1.12777, 18.13717, -22.33176], "size": [2.30545, 2.87475, 2.35817], "inflate": -0.4, "pivot": [0.02495, 18.47454, -19.00268], "rotation": [25.5, 0, 0], "uv": [190, 190]},
						{"origin": [-1.62777, 18.19296, -23.87916], "size": [3.30545, 1.27475, 2.50818], "inflate": -0.4, "pivot": [1.5304, 19.80931, -9.11663], "rotation": [-2, 0, 0], "uv": [190, 179]},
						{"origin": [-1.72777, 14.49296, -22.27916], "size": [3.50545, 1.17475, 6.65818], "inflate": -0.4, "pivot": [1.5304, 19.80931, -9.11663], "rotation": [-2, 0, 0], "uv": [182, 0]},
						{"origin": [-0.93959, 13.40754, -16.51015], "size": [1.92908, 2.63477, 1.05875], "inflate": -0.4, "pivot": [0.02495, 15.05424, -16.03958], "rotation": [22.5, 0, 0], "uv": [196, 129]},
						{"origin": [-0.93959, 14.49011, -17.51768], "size": [1.92908, 1.97613, 1.71738], "inflate": -0.4, "pivot": [0.02495, 14.7725, -15.85922], "rotation": [-59.5, 0, 0], "uv": [52, 189]},
						{"origin": [-1.97467, 14.98753, -6.10593], "size": [3.99924, 4.44037, 7.00423], "inflate": -0.395, "pivot": [0.02495, 18.26907, -4.99994], "rotation": [-1, 0, 0], "uv": [70, 178]},
						{"origin": [-1.97451, 16.76481, 0.06243], "size": [3.99892, 2.44643, 1.93938], "inflate": -0.401, "pivot": [0.02495, 17.98802, 1.31962], "rotation": [-51, 0, 0], "uv": [124, 44]},
						{"origin": [-1.97459, 15.81792, -0.80675], "size": [3.99908, 2.35852, 2.06455], "inflate": -0.4, "pivot": [0.02495, 17.14121, 0.57553], "rotation": [-25, 0, 0], "uv": [128, 190]},
						{"origin": [-1.97459, 14.10656, -5.45808], "size": [3.99908, 2.25852, 1.36454], "inflate": -0.401, "pivot": [0.02495, 15.32985, -4.77581], "rotation": [61, 0, 0], "uv": [62, 191]},
						{"origin": [-1.97459, 4.09257, -4.58416], "size": [3.99908, 14.77881, 4.89271], "inflate": -0.399, "pivot": [0.02495, 16.80128, -1.77894], "rotation": [18, 0, 0], "uv": [56, 173]},
						{"origin": [-1.97459, 5.04578, -3.85014], "size": [3.99908, 13.17881, 1.7927], "inflate": -0.4, "pivot": [0.02495, 11.63518, -3.05379], "rotation": [20, 0, 0], "uv": [124, 30]},
						{"origin": [-1.97459, 4.24202, -0.32284], "size": [3.99908, 3.37881, 2.9927], "inflate": -0.4, "pivot": [0.02495, 11.63143, 0.22351], "rotation": [-19.5, 0, 0], "uv": [80, 189]},
						{"origin": [-1.97459, 3.83271, -0.29582], "size": [3.99908, 15.05382, 2.4177], "inflate": -0.4, "pivot": [0.02495, 12.34712, -1.02447], "rotation": [26.75, 0, 0], "uv": [148, 181]},
						{"origin": [-0.14923, 25.51928, -23.72946], "size": [1.93849, 1.67034, 24.58717], "inflate": -0.4, "uv": [100, 112]},
						{"origin": [-1.92754, 26.06917, -23.72946], "size": [1.92908, 2.34362, 23.83445], "inflate": -0.4, "pivot": [-0.963, 25.23713, -14.40859], "rotation": [0, 0, 45], "uv": [132, 54]},
						{"origin": [-0.65732, 23.96679, 0.59873], "size": [1.24693, 3.05817, 1.27045], "inflate": -0.4, "pivot": [0.30722, 23.84929, -13.11484], "rotation": [0, 0, -45], "uv": [134, 194]},
						{"origin": [-1.80854, 23.28186, -0.01877], "size": [1.39988, 3.16408, 2.10557], "inflate": -0.5, "pivot": [-1.07332, 24.8639, 1.37509], "rotation": [0, -56.75, -45], "uv": [144, 104]},
						{"origin": [-1.62036, 23.28186, 1.0868], "size": [1.2117, 3.16408, 1.11761], "inflate": -0.5, "pivot": [-1.07332, 24.8639, 1.37509], "rotation": [0, -56.75, -45], "uv": [194, 134]},
						{"origin": [-1.47923, 23.28186, 1.0868], "size": [1.07057, 3.16408, 1.2117], "inflate": -0.5, "pivot": [-1.07332, 24.8639, 1.37509], "rotation": [0, -56.75, -45], "uv": [138, 194]},
						{"origin": [-0.75732, 23.96088, 0.96918], "size": [1.09409, 3.16408, 1.23523], "inflate": -0.5, "pivot": [0.30722, 23.84929, -13.11484], "rotation": [0, 0, -45], "uv": [194, 138]},
						{"origin": [-0.75732, 23.96088, 1.20441], "size": [1.04705, 3.16408, 1.04704], "inflate": -0.5, "pivot": [0.30722, 23.84929, -13.11484], "rotation": [0, 0, -45], "uv": [142, 194]},
						{"origin": [-0.05164, 25.34871, -0.08933], "size": [1.04704, 3.16408, 1.04704], "inflate": -0.5, "pivot": [1.0129, 25.23713, -14.40859], "rotation": [0, 0, -45], "uv": [194, 147]},
						{"origin": [-0.77355, 24.6697, -0.20695], "size": [1.07057, 3.16408, 1.21171], "inflate": -0.5, "pivot": [-0.36764, 26.25174, 0.08135], "rotation": [0, -56.75, -45], "uv": [166, 194]},
						{"origin": [-0.05164, 25.34871, -0.32456], "size": [1.09409, 3.16408, 1.23523], "inflate": -0.5, "pivot": [1.0129, 25.23713, -14.40859], "rotation": [0, 0, -45], "uv": [170, 194]},
						{"origin": [-0.91468, 24.6697, -0.20695], "size": [1.2117, 3.16408, 1.11762], "inflate": -0.5, "pivot": [-0.36764, 26.25174, 0.08135], "rotation": [0, -56.75, -45], "uv": [188, 194]},
						{"origin": [-1.10286, 24.6697, -1.31251], "size": [1.39988, 3.16408, 2.10556], "inflate": -0.5, "pivot": [-0.36764, 26.25174, 0.08135], "rotation": [0, -56.75, -45], "uv": [70, 173]},
						{"origin": [0.04836, 25.35462, -0.69501], "size": [1.24693, 3.05817, 1.27045], "inflate": -0.4, "pivot": [1.0129, 25.23713, -14.40859], "rotation": [0, 0, -45], "uv": [192, 194]},
						{"origin": [-0.8332, 23.46068, -1.64246], "size": [1.55272, 1.99965, 2.49363], "inflate": -0.4, "pivot": [-0.66843, 26.49521, -0.39564], "rotation": [36.85554, -23.933, 28.42107], "uv": [44, 194]},
						{"origin": [-1.39774, 25.41305, -1.64246], "size": [1.45863, 2.16432, 2.49363], "inflate": -0.4, "pivot": [-0.66843, 26.49521, -0.39564], "rotation": [36.85554, -23.933, 28.42107], "uv": [176, 193]},
						{"origin": [-2.44504, 22.86122, -0.29513], "size": [1.50568, 2.49363, 2.49363], "inflate": -0.398, "pivot": [0.11904, 25.14303, 1.18691], "rotation": [43, 0, 0], "uv": [182, 193]},
						{"origin": [-1.73944, 22.86114, -0.29521], "size": [1.59993, 4.39913, 2.49379], "inflate": -0.399, "pivot": [0.11904, 25.14303, 1.18691], "rotation": [43, 0, 0], "uv": [60, 93]},
						{"origin": [-0.65732, 25.66042, -16.12041], "size": [1.835, 1.36454, 17.54266], "inflate": -0.4, "pivot": [0.30722, 23.84929, -14.40859], "rotation": [0, 0, -45], "uv": [146, 0]},
						{"origin": [-2.23164, 24.89685, -16.32041], "size": [1.66, 1.36454, 1.94266], "inflate": -0.4, "pivot": [-1.48914, 25.57912, -15.39908], "rotation": [0, 25, -45], "uv": [196, 162]},
						{"origin": [0.10131, 25.66042, -16.48447], "size": [1.07637, 1.36454, 1.16406], "inflate": -0.4, "pivot": [0.30722, 23.84929, -14.40859], "rotation": [0, 0, -45], "uv": [174, 197]},
						{"origin": [-1.73936, 25.60746, -23.77904], "size": [1.93849, 1.58216, 24.63675], "inflate": -0.4, "uv": [126, 79]},
						{"origin": [0.04836, 25.35462, -23.87946], "size": [1.92909, 3.05817, 23.98445], "inflate": -0.4, "pivot": [1.0129, 25.23713, -14.40859], "rotation": [0, 0, -45], "uv": [100, 137]},
						{"origin": [-1.24539, 25.35462, -0.69501], "size": [1.24693, 3.05817, 1.27045], "inflate": -0.4, "pivot": [-0.963, 25.23713, -14.40859], "rotation": [0, 0, 45], "uv": [8, 195]},
						{"origin": [-0.99255, 25.34871, -0.32456], "size": [1.09409, 3.16408, 1.23523], "inflate": -0.5, "pivot": [-0.963, 25.23713, -14.40859], "rotation": [0, 0, 45], "uv": [12, 195]},
						{"origin": [-0.9455, 25.34871, -0.08933], "size": [1.04704, 3.16408, 1.04704], "inflate": -0.5, "pivot": [-0.963, 25.23713, -14.40859], "rotation": [0, 0, 45], "uv": [16, 195]},
						{"origin": [-0.53971, 23.96679, 0.59873], "size": [1.24693, 3.05817, 1.27045], "inflate": -0.4, "pivot": [-0.25732, 23.84929, -13.11484], "rotation": [0, 0, 45], "uv": [0, 196]},
						{"origin": [0.45856, 23.28186, -0.01877], "size": [1.39989, 3.16408, 2.10557], "inflate": -0.5, "pivot": [1.12322, 24.8639, 1.37509], "rotation": [0, 56.75, 45], "uv": [90, 191]},
						{"origin": [0.45856, 23.28186, 1.0868], "size": [1.21171, 3.16408, 1.11761], "inflate": -0.5, "pivot": [1.12322, 24.8639, 1.37509], "rotation": [0, 56.75, 45], "uv": [4, 196]},
						{"origin": [0.45856, 23.28186, 1.0868], "size": [1.07057, 3.16408, 1.2117], "inflate": -0.5, "pivot": [1.12322, 24.8639, 1.37509], "rotation": [0, 56.75, 45], "uv": [196, 28]},
						{"origin": [-0.28687, 23.96088, 0.96918], "size": [1.09409, 3.16408, 1.23523], "inflate": -0.5, "pivot": [-0.25732, 23.84929, -13.11484], "rotation": [0, 0, 45], "uv": [196, 46]},
						{"origin": [-0.23982, 23.96088, 1.20441], "size": [1.04704, 3.16408, 1.04704], "inflate": -0.5, "pivot": [-0.25732, 23.84929, -13.11484], "rotation": [0, 0, 45], "uv": [88, 196]},
						{"origin": [-0.24712, 24.6697, -1.31251], "size": [1.39989, 3.16408, 2.10556], "inflate": -0.5, "pivot": [0.41754, 26.25174, 0.08135], "rotation": [0, 56.75, 45], "uv": [96, 191]},
						{"origin": [-0.24712, 24.6697, -0.20695], "size": [1.21171, 3.16408, 1.11762], "inflate": -0.5, "pivot": [0.41754, 26.25174, 0.08135], "rotation": [0, 56.75, 45], "uv": [92, 196]},
						{"origin": [-0.24712, 24.6697, -0.20695], "size": [1.07057, 3.16408, 1.21171], "inflate": -0.5, "pivot": [0.41754, 26.25174, 0.08135], "rotation": [0, 56.75, 45], "uv": [96, 196]},
						{"origin": [-1.22186, 23.96679, -23.72946], "size": [1.92908, 3.05817, 25.15171], "inflate": -0.4, "pivot": [-0.25732, 23.84929, -14.40859], "rotation": [0, 0, 45], "uv": [0, 110]},
						{"origin": [-7.39624, 14.12531, -49.74774], "size": [14.8, 15.55, 29.375], "inflate": -4.98, "uv": [0, 0]},
						{"origin": [-0.97487, 21.69929, -53.2], "size": [2, 2, 9.3], "inflate": -0.3, "pivot": [0.02304, 22.69929, -52.90118], "rotation": [0, 0, 22.5], "uv": [108, 177]},
						{"origin": [-1.09971, 25.01479, -47.65], "size": [2.25, 2.25, 3.75], "inflate": -0.3, "pivot": [0.02529, 26.13979, -46.9], "rotation": [0, 0, 22.5], "uv": [42, 189]},
						{"origin": [-1.42487, 21.24929, -53.5], "size": [2.9, 2.9, 2.3], "inflate": -0.4, "pivot": [0.02304, 22.69929, -54.90118], "rotation": [0, 0, 22.5], "uv": [48, 185]},
						{"origin": [-1.42487, 21.54929, -54.4], "size": [2.9, 2.3, 1.4], "inflate": -0.4, "pivot": [0.02304, 22.69929, -54.90118], "rotation": [0, 0, 22.5], "uv": [194, 107]},
						{"origin": [-1.42487, 21.54929, -55.3], "size": [2.9, 2.3, 1.4], "inflate": -0.4, "pivot": [0.02304, 22.69929, -55.80118], "rotation": [0, 0, 22.5], "uv": [194, 110]},
						{"origin": [-1.42487, 21.54929, -56.2], "size": [2.9, 2.3, 1.4], "inflate": -0.4, "pivot": [0.02304, 22.69929, -56.70118], "rotation": [0, 0, 22.5], "uv": [194, 113]},
						{"origin": [-0.92487, 21.74929, -56.2], "size": [1.9, 1.9, 1.4], "inflate": -0.399, "pivot": [0.02304, 22.69929, -56.70118], "rotation": [0, 0, 22.5], "uv": [200, 114]},
						{"origin": [-1.42487, 23.04929, -56.2], "size": [2.9, 1.1, 3.5], "inflate": -0.4, "pivot": [0.02304, 22.69929, -56.70118], "rotation": [0, 0, 22.5], "uv": [166, 190]},
						{"origin": [-1.42487, 21.24929, -56.2], "size": [2.9, 1.1, 3.5], "inflate": -0.4, "pivot": [0.02304, 22.69929, -56.70118], "rotation": [0, 0, 22.5], "uv": [190, 168]},
						{"origin": [-0.97487, 21.69929, -46.5], "size": [2, 2, 1.7], "inflate": -0.15, "pivot": [0.02304, 22.69929, -51.20118], "rotation": [0, 0, 22.5], "uv": [194, 72]},
						{"origin": [-1.22487, 21.44929, -52], "size": [2.5, 2.5, 2.4], "inflate": -0.4, "pivot": [0.02304, 22.69929, -50.90118], "rotation": [0, 0, 22.5], "uv": [190, 184]},
						{"origin": [-0.775, 25.85, -50], "size": [1.6, 3.025, 2.3], "inflate": -0.3, "uv": [114, 193]},
						{"origin": [-0.775, 25.85, -48.3], "size": [1.6, 1.65, 1.25], "inflate": -0.3, "uv": [78, 197]},
						{"origin": [-0.775, 22.95, -50], "size": [1.6, 2.625, 2.95], "inflate": -0.3, "uv": [194, 39]},
						{"origin": [-0.775, 24.65, -50], "size": [1.6, 1.825, 1], "inflate": -0.301, "uv": [82, 197]},
						{"origin": [-0.775, 24.65, -48.05], "size": [1.6, 1.825, 1], "inflate": -0.301, "uv": [120, 197]},
						{"origin": [-0.775, 26.65, -49.75], "size": [1.6, 2.1, 2.5], "inflate": -0.301, "pivot": [-0.1, 27.875, -48.35], "rotation": [14, 0, 0], "uv": [38, 194]},
						{"origin": [0.15376, 27.93761, -50.1], "size": [1.05, 1.625, 2.7], "inflate": -0.4, "pivot": [0.65376, 28.95011, -48.75], "rotation": [0, 0, 41], "uv": [194, 75]},
						{"origin": [0.25376, 28.61261, -50.1], "size": [1.05, 1.45, 2.7], "inflate": -0.4, "uv": [76, 194]},
						{"origin": [-1.25376, 28.61261, -50.1], "size": [1.05, 1.45, 2.7], "inflate": -0.4, "uv": [82, 194]},
						{"origin": [-1.15376, 27.93761, -50.1], "size": [1.05, 1.625, 2.7], "inflate": -0.4, "pivot": [-0.60376, 28.95011, -48.75], "rotation": [0, 0, -41], "uv": [194, 104]},
						{"origin": [-0.55, 28.05, -49.5], "size": [1.125, 2.15, 1.2], "inflate": -0.5, "uv": [158, 196]}
					]
				},
				{
					"name": "stock",
					"parent": "gun",
					"pivot": [0, 0, -3.9],
					"cubes": [
						{"origin": [0.31858, 17.59586, 1.67177], "size": [2.74091, 4.57613, 1.7409], "inflate": -0.4, "pivot": [1.09523, 17.16416, 17.57693], "rotation": [-3, 0, 0], "uv": [52, 193]},
						{"origin": [-1.54686, 17.99056, 2.30406], "size": [3.14658, 5.92793, 3.34044], "inflate": -0.4, "uv": [182, 135]},
						{"origin": [-1.54686, 15.4884, 2.26331], "size": [3.14658, 1.34102, 3.34044], "inflate": -0.4, "pivot": [1.47023, 17.16416, 17.57693], "rotation": [-9, 0, 0], "uv": [36, 185]},
						{"origin": [-1.40573, 20.32259, 2.04146], "size": [2.91136, 2.54067, 28.09714], "inflate": -0.4, "pivot": [1.47023, 16.76416, 17.57693], "rotation": [-3, 0, 0], "uv": [0, 80]},
						{"origin": [-1.40573, 14.16068, 2.71426], "size": [2.91136, 2.54067, 28.09714], "inflate": -0.4, "pivot": [1.47023, 17.16416, 17.57693], "rotation": [-16, 0, 0], "uv": [86, 0]},
						{"origin": [0.89381, 14.62848, 28.29893], "size": [1.47772, 3.54021, 2.84227], "inflate": -0.4, "uv": [108, 193]},
						{"origin": [-1.59391, 19.5141, 28.0712], "size": [3.28772, 5.03975, 2.81727], "inflate": -0.4, "pivot": [1.47023, 17.46416, 14.77693], "rotation": [-8, 0, 0], "uv": [184, 104]},
						{"origin": [-1.59391, 9.46327, 28.15618], "size": [3.28772, 5.08112, 2.81727], "inflate": -0.4, "pivot": [1.47023, 17.46416, 14.77693], "rotation": [2.5, 0, 0], "uv": [184, 111]},
						{"origin": [-1.59391, 14.32848, 28.29893], "size": [3.28772, 4.14021, 2.81727], "inflate": -0.4, "uv": [0, 187]}
					]
				},
				{
					"name": "stockfolded",
					"parent": "gun",
					"pivot": [2.0027, 20.7787, 2.72771],
					"rotation": [-175.25, -1.25, 180],
					"cubes": [
						{"origin": [0.31858, 17.59586, 1.67177], "size": [2.74091, 4.57613, 1.7409], "inflate": -0.4, "pivot": [1.09523, 17.16416, 17.57693], "rotation": [-3, 0, 0], "uv": [52, 193]},
						{"origin": [-1.54686, 17.99056, 2.30406], "size": [3.14658, 5.92793, 3.34044], "inflate": -0.4, "uv": [182, 135]},
						{"origin": [-1.54686, 15.4884, 2.26331], "size": [3.14658, 1.34102, 3.34044], "inflate": -0.4, "pivot": [1.47023, 17.16416, 17.57693], "rotation": [-9, 0, 0], "uv": [36, 185]},
						{"origin": [-1.40573, 20.32259, 2.04146], "size": [2.91136, 2.54067, 28.09714], "inflate": -0.4, "pivot": [1.47023, 16.76416, 17.57693], "rotation": [-3, 0, 0], "uv": [0, 80]},
						{"origin": [-1.40573, 14.16068, 2.71426], "size": [2.91136, 2.54067, 28.09714], "inflate": -0.4, "pivot": [1.47023, 17.16416, 17.57693], "rotation": [-16, 0, 0], "uv": [86, 0]},
						{"origin": [0.89381, 14.62848, 28.29893], "size": [1.47772, 3.54021, 2.84227], "inflate": -0.4, "uv": [108, 193]},
						{"origin": [-1.59391, 19.5141, 28.0712], "size": [3.28772, 5.03975, 2.81727], "inflate": -0.4, "pivot": [1.47023, 17.46416, 14.77693], "rotation": [-8, 0, 0], "uv": [184, 104]},
						{"origin": [-1.59391, 9.46327, 28.15618], "size": [3.28772, 5.08112, 2.81727], "inflate": -0.4, "pivot": [1.47023, 17.46416, 14.77693], "rotation": [2.5, 0, 0], "uv": [184, 111]},
						{"origin": [-1.59391, 14.32848, 28.29893], "size": [3.28772, 4.14021, 2.81727], "inflate": -0.4, "uv": [0, 187]}
					]
				},
				{
					"name": "magazine",
					"parent": "gun",
					"pivot": [0.02495, 5.5388, -22.84317],
					"cubes": [
						{"origin": [-1.37777, 10.33717, -21.53176], "size": [2.80545, 10.67475, 5.05817], "inflate": -0.401, "pivot": [0.02495, 18.47454, -19.00268], "rotation": [-10.5, 0, 0], "uv": [84, 140]},
						{"origin": [-1.37777, 4.02557, -23.92755], "size": [2.80545, 7.77474, 5.05817], "inflate": -0.4, "pivot": [0.02495, 8.06294, -21.39846], "rotation": [-18.5, 0, 0], "uv": [176, 181]},
						{"origin": [-1.37777, -3.23994, -27.15508], "size": [2.80545, 9.07475, 5.05817], "inflate": -0.399, "pivot": [0.02495, 0.44744, -24.62599], "rotation": [-26, 0, 0], "uv": [180, 63]},
						{"origin": [-1.47777, -3.73994, -27.25508], "size": [3.00545, 1.37475, 5.25817], "inflate": -0.4, "pivot": [0.02495, 0.44744, -24.62599], "rotation": [-26, 0, 0], "uv": [180, 162]}
					]
				},
				{
					"name": "dovetail",
					"parent": "gun",
					"pivot": [2.44784, 21.5572, -10.36157],
					"cubes": [
						{"origin": [1.70178, 21.53987, -2.83354], "size": [1.11817, 1.375, 1.375], "inflate": -0.4, "pivot": [0.77336, 21.9085, -2.55224], "rotation": [-22.5, 0, 0], "uv": [237, 253]},
						{"origin": [1.70178, 20.53987, -17.33354], "size": [1.11817, 1.375, 1.375], "inflate": -0.4, "pivot": [0.77336, 20.9085, -17.05224], "rotation": [-22.5, 0, 0], "uv": [218, 249]},
						{"origin": [1.58561, 21.413, -15.95299], "size": [1.373, 1.98582, 13.74242], "inflate": -0.399, "uv": [228, 242]},
						{"origin": [1.58561, 20.713, -3.00299], "size": [1.073, 2.68582, 1.31742], "inflate": -0.399, "uv": [224, 248]},
						{"origin": [1.58561, 21.338, -3.20299], "size": [1.073, 2.16082, 2.11742], "inflate": -0.399, "pivot": [2.12211, 22.15591, -2.54428], "rotation": [-45, 0, 0], "uv": [228, 247]},
						{"origin": [1.58574, 20.25385, -15.95286], "size": [1.71398, 2.0643, 1.09638], "inflate": -0.4, "uv": [208, 253]},
						{"origin": [1.58588, 15.47671, -11.2373], "size": [1.7137, 4.55394, 1.22116], "inflate": -0.401, "pivot": [2.4271, 21.6013, -9.55442], "rotation": [-72, 0, 0], "uv": [212, 251]},
						{"origin": [1.58588, 15.57551, -11.97516], "size": [1.7137, 2.52505, 1.56384], "inflate": -0.401, "pivot": [2.4271, 21.6013, -9.55442], "rotation": [-72, 0, 0], "uv": [247, 252]},
						{"origin": [2.05824, 20.17033, -11.60588], "size": [1.24148, 2.06751, 2.51766], "inflate": -0.4, "uv": [242, 234]},
						{"origin": [2.16311, 21.413, -15.06049], "size": [1.13675, 1.35582, 5.97242], "inflate": -0.399, "uv": [229, 246]},
						{"origin": [1.58588, 19.52996, -11.60575], "size": [1.2937, 2.69868, 4.94912], "inflate": -0.401, "uv": [229, 239]},
						{"origin": [1.87436, 21.518, -8.89174], "size": [1.4255, 1.25082, 5.78867], "inflate": -0.399, "uv": [217, 246]},
						{"origin": [1.87449, 20.72158, -8.87588], "size": [1.42523, 1.62126, 6.66516], "inflate": -0.4, "uv": [242, 235]},
						{"origin": [2.05838, 20.15996, -8.87575], "size": [1.2412, 1.38618, 2.21912], "inflate": -0.401, "uv": [234, 240]},
						{"origin": [1.58588, 20.71121, -7.45825], "size": [1.37245, 1.51743, 5.23912], "inflate": -0.401, "uv": [222, 240]},
						{"origin": [1.87436, 24.07009, -4.8404], "size": [1.4255, 1.25081, 1.79867], "inflate": -0.399, "pivot": [2.4271, 21.6013, -9.55442], "rotation": [-25.75, 0, 0], "uv": [228, 253]},
						{"origin": [1.86972, 20.17033, -9.89963], "size": [1.22, 2.59251, 1.88766], "inflate": -0.4, "uv": [250, 238]},
						{"origin": [2.20988, 20.17033, -10.23575], "size": [1.01, 2.59251, 1.12641], "inflate": -0.4, "pivot": [2.4271, 21.6013, -9.55442], "rotation": [0, -43.75, 0], "uv": [250, 235]},
						{"origin": [1.42292, 20.17033, -9.17742], "size": [1.01, 2.59251, 1.12641], "inflate": -0.4, "pivot": [2.4271, 21.6013, -9.55442], "rotation": [0, 43.75, 0], "uv": [242, 238]},
						{"origin": [1.58588, 13.87546, -11.7623], "size": [1.0837, 2.40144, 1.74616], "inflate": -0.401, "pivot": [2.4271, 21.6013, -9.55442], "rotation": [-72, 0, 0], "uv": [220, 253]},
						{"origin": [1.58588, 15.36443, -15.02513], "size": [1.0837, 3.13645, 1.87741], "inflate": -0.401, "pivot": [2.4271, 21.6013, -9.55442], "rotation": [-47.75, 0, 0], "uv": [216, 252]},
						{"origin": [1.58588, 19.7666, -17.67674], "size": [1.0837, 2.06019, 1.29991], "inflate": -0.401, "uv": [224, 253]},
						{"origin": [1.58588, 17.28176, -11.60766], "size": [1.7137, 1.52755, 1.17009], "inflate": -0.401, "pivot": [2.4271, 21.6013, -9.55442], "rotation": [-72, 0, 0], "uv": [243, 253]},
						{"origin": [1.87436, 23.65551, -15.20759], "size": [1.4255, 1.25081, 1.79867], "inflate": -0.399, "pivot": [2.4271, 21.6013, -9.55442], "rotation": [25.75, 0, 0], "uv": [232, 253]},
						{"origin": [-2.54822, 20.51487, -12.63354], "size": [5.21817, 1.4, 1.4], "inflate": -0.4, "pivot": [0.62336, 20.8085, -12.25224], "rotation": [-22.5, 0, 0], "uv": [215, 239]},
						{"origin": [-2.54822, 20.01487, -14.53354], "size": [5.21817, 1.4, 1.4], "inflate": -0.4, "pivot": [0.62336, 20.3085, -14.15224], "rotation": [-22.5, 0, 0], "uv": [215, 241]},
						{"origin": [-2.54822, 19.76198, -6.80229], "size": [5.21817, 1.4, 1.4], "inflate": -0.4, "pivot": [0.06086, 20.46198, -6.10229], "rotation": [-22.5, 0, 0], "uv": [215, 243]}
					]
				},
				{
					"name": "switch",
					"parent": "gun",
					"pivot": [-1.95083, 21.9783, -4.7519],
					"rotation": [22.5, 0, 0],
					"cubes": [
						{"origin": [-2.67689, 23.3926, -17.58264], "size": [1.54515, 1.76411, 10.82593], "inflate": -0.398, "uv": [176, 79]},
						{"origin": [-2.67667, 22.09282, -8.08741], "size": [1.5447, 3.06367, 3.54528], "inflate": -0.401, "pivot": [-1.79799, 24.27781, -7.42454], "rotation": [-59, 0, 0], "uv": [24, 175]},
						{"origin": [-2.67644, 22.01927, -17.65782], "size": [1.54425, 1.76954, 11.72591], "inflate": -0.4, "pivot": [-2.03722, 23.11978, -12.45372], "rotation": [-16, 0, 0], "uv": [32, 173]},
						{"origin": [-3.20806, 22.01927, -17.65782], "size": [2.07587, 1.04442, 3.22013], "inflate": -0.4, "pivot": [-2.03722, 23.11978, -12.45372], "rotation": [-16, 0, 0], "uv": [138, 190]},
						{"origin": [-2.67644, 22.98881, -15.46699], "size": [1.54425, 1.46323, 7.73508], "inflate": -0.4, "pivot": [-2.03722, 23.11978, -12.45372], "rotation": [-16, 0, 0], "uv": [182, 7]},
						{"origin": [-2.67644, 23.58881, -12.06699], "size": [1.54425, 1.66323, 4.83508], "inflate": -0.4, "pivot": [-2.03722, 23.11978, -12.45372], "rotation": [-16, 0, 0], "uv": [10, 190]},
						{"origin": [-2.67667, 20.38031, -7.16154], "size": [1.5447, 3.11295, 3.00663], "inflate": -0.399, "uv": [158, 190]},
						{"origin": [-2.67644, 20.43369, -5.88545], "size": [1.54425, 2.42142, 2.42141], "inflate": -0.4, "pivot": [-1.79799, 21.93679, -4.96713], "rotation": [45, 0, 0], "uv": [20, 194]},
						{"origin": [-2.88909, 20.43369, -5.88545], "size": [1.7569, 1.78349, 1.78348], "inflate": -0.4, "pivot": [-1.79799, 21.93679, -5.60507], "rotation": [45, 0, 0], "uv": [196, 132]}
					]
				},
				{
					"name": "action",
					"parent": "gun",
					"pivot": [-0.66721, 25.40033, -18.39122],
					"cubes": [
						{"origin": [-0.46914, 24.53724, -23.74765], "size": [2.51681, 2.39363, 9.81542], "inflate": -0.4, "pivot": [0.4954, 23.7552, -15.90859], "rotation": [0, 0, -45], "uv": [176, 90]},
						{"origin": [-2.28186, 23.70804, -23.74765], "size": [4.02408, 1.99818, 9.7919], "inflate": -0.4, "uv": [174, 18]},
						{"origin": [-3.17957, 23.91619, -23.39631], "size": [1.82179, 1.41503, 1.44693], "inflate": -0.4, "uv": [196, 145]},
						{"origin": [-4.92957, 23.91619, -23.12131], "size": [2.62179, 1.71503, 1.04693], "inflate": -0.4, "pivot": [-3.46868, 24.7237, -22.79784], "rotation": [0, -10, 0], "uv": [196, 124]}
					]
				},
				{
					"name": "muzzleflash",
					"parent": "main",
					"pivot": [0.16223, 24.70452, -52.56387],
					"cubes": [
						{"origin": [-0.47474, 22.15871, -56.60958], "size": [1, 1, 1], "inflate": -0.4, "uv": [178, 197]}
					]
				},
				{
					"name": "scope",
					"parent": "main",
					"pivot": [-0.2, 33.57282, 5.83713],
					"cubes": [
						{"origin": [-0.4663, 29.1, -2], "size": [1.0163, 1.0163, 1.0163], "inflate": -0.4, "uv": [162, 196]}
					]
				},
				{
					"name": "rightarm",
					"parent": "main",
					"pivot": [-4.3, 8.8, 15.8],
					"rotation": [-101.81106, -12.40003, -2.46982],
					"cubes": [
						{"origin": [-8.3, -15.2, 11.8], "size": [8, 24, 8], "uv": [0, 224]}
					]
				},
				{
					"name": "leftarm",
					"parent": "main",
					"pivot": [6.30879, 14.05502, -27.66816],
					"rotation": [-131.49345, -3.84346, -37.7519],
					"cubes": [
						{"origin": [2.30879, 2.05502, -31.66816], "size": [8, 24, 8], "uv": [0, 224]}
					]
				},
				{
					"name": "_cb_suppressor",
					"parent": "main",
					"pivot": [-0.025, 22.7, -53.025],
					"cubes": [
						{"origin": [-0.525, 22.2, -52.125], "size": [1, 1, 1], "uv": [0, 254]}
					]
				},
				{
					"name": "_cb_grip",
					"parent": "main",
					"pivot": [0, 18.8, -38.55],
					"cubes": [
						{"origin": [-0.5, 18.3, -39.05], "size": [1, 1, 1], "uv": [228, 242]}
					]
				},
				{
					"name": "_cb_canted",
					"parent": "main",
					"pivot": [0, 27.85, -3.9],
					"cubes": [
						{"origin": [-0.5, 28.1, -5.75], "size": [1, 1, 1], "uv": [224, 242]}
					]
				},
				{
					"name": "_cb_scope",
					"parent": "main",
					"pivot": [0, 28.6, -13.45],
					"cubes": [
						{"origin": [-0.5, 28.1, -13.95], "size": [1, 1, 1], "uv": [224, 242]}
					]
				},
				{
					"name": "_camera_",
					"pivot": [6.825, 33.725, 26.45]
				}
			]
		}
	]
}