{
	"format_version": "1.12.0",
	"minecraft:geometry": [
		{
			"description": {
				"identifier": "geometry.unknown",
				"texture_width": 128,
				"texture_height": 128,
				"visible_bounds_width": 8,
				"visible_bounds_height": 2.5,
				"visible_bounds_offset": [0, 0.75, 0]
			},
			"bones": [
				{
					"name": "main",
					"pivot": [-0.77155, 10.24022, 34.33244],
					"cubes": [
						{"origin": [-1.65, 6.175, 6.4], "size": [3.325, 6.7, 1.975], "inflate": -0.401, "pivot": [0.0375, 18.7125, 7.15], "rotation": [8, 0, 0], "uv": [84, 110]},
						{"origin": [-1.05, 11.42247, 8.42634], "size": [2.125, 1.625, 4.2], "inflate": -0.401, "uv": [78, 101]},
						{"origin": [-0.65, 5.075, 7.65], "size": [1.325, 2.5, 1.475], "inflate": -0.401, "pivot": [0.0375, 17.6125, 8.25], "rotation": [8, 0, 0], "uv": [84, 107]},
						{"origin": [-0.65, 5.5179, 8.56861], "size": [1.325, 2.5, 1.575], "inflate": -0.4, "pivot": [0.0125, 6.7679, 9.35611], "rotation": [46, 0, 0], "uv": [88, 107]},
						{"origin": [-2.85, 6.29747, 21.97634], "size": [5.725, 6.475, 26.275], "inflate": -0.4, "pivot": [0.0125, 9.64747, 10.66384], "rotation": [-6.25, 0, 0], "uv": [66, 96]},
						{"origin": [-2.85, 6.29747, 47.45134], "size": [5.725, 14.2, 3.3], "inflate": -0.398, "pivot": [0.0125, 9.64747, 10.66384], "rotation": [-6.25, 0, 0], "uv": [67, 46]},
						{"origin": [-2.975, 8.22247, 47.45134], "size": [1.025, 10.275, 2.8], "inflate": -0.398, "pivot": [0.1125, 9.64747, 10.66384], "rotation": [-6.25, 0, 0], "uv": [122, 59]},
						{"origin": [-3.1, 12.10346, 48.60359], "size": [1.025, 1.75, 1.75], "inflate": -0.398, "pivot": [-2.5875, 12.90346, 49.55359], "rotation": [22.25, 0, 0], "uv": [114, 69]},
						{"origin": [-3.1, 12.40346, 46.40359], "size": [1.025, 1.75, 1.75], "inflate": -0.398, "pivot": [-2.5875, 13.20346, 47.35359], "rotation": [22.25, 0, 0], "uv": [114, 69]},
						{"origin": [-3.1, 4.60346, 47.80359], "size": [1.025, 1.75, 1.75], "inflate": -0.398, "pivot": [-2.5875, 5.40346, 48.75359], "rotation": [22.25, 0, 0], "uv": [114, 69]},
						{"origin": [-3.1, 4.90346, 45.60359], "size": [1.025, 1.75, 1.75], "inflate": -0.398, "pivot": [-2.5875, 5.70346, 46.55359], "rotation": [22.25, 0, 0], "uv": [114, 69]},
						{"origin": [-3.1, 8.60346, 43.70359], "size": [1.025, 1.75, 1.75], "inflate": -0.398, "pivot": [-2.5875, 9.40346, 44.65359], "rotation": [22.25, 0, 0], "uv": [114, 69]},
						{"origin": [-2.975, 8.22247, 42.95134], "size": [1.025, 10.275, 5.3], "inflate": -0.398, "pivot": [0.1125, 9.64747, 10.66384], "rotation": [-6.25, 0, 0], "uv": [116, 97]},
						{"origin": [2.025, 6.36724, 44.42721], "size": [1.025, 2.4, 2.4], "inflate": -0.398, "pivot": [2.5375, 7.56724, 45.62721], "rotation": [-22.5, 0, 0], "uv": [102, 115]},
						{"origin": [-3.1, 4.14324, 47.46037], "size": [1.1, 10.325, 1.1], "inflate": -0.398, "pivot": [-2.55, 9.30574, 48.01037], "rotation": [-6.76036, 22.35901, -2.58195], "uv": [78, 106]},
						{"origin": [-3.075, 11.62247, 34.02634], "size": [1, 3.475, 9.825], "inflate": -0.397, "pivot": [0.0125, 9.64747, 10.66384], "rotation": [-6.25, 0, 0], "uv": [74, 54]},
						{"origin": [-2.95, 11.62247, 33.50134], "size": [1.075, 3.475, 1.175], "inflate": -0.398, "pivot": [0.0125, 9.64747, 10.66384], "rotation": [-6.25, 0, 0], "uv": [124, 45]},
						{"origin": [-2.85, 9.04475, 33.76598], "size": [1.075, 3.475, 1.425], "inflate": -0.398, "pivot": [-2.4125, 10.78225, 34.40348], "rotation": [-7.80833, -36.74381, 4.68988], "uv": [120, 45]},
						{"origin": [-3.075, 10.79583, 34.43738], "size": [1, 1.575, 9.75], "inflate": -0.398, "pivot": [-2.575, 10.63333, 39.31238], "rotation": [-1.5, 0, 0], "uv": [93, 39]},
						{"origin": [-3.075, 8.22083, 33.98738], "size": [1, 1.575, 9.75], "inflate": -0.398, "pivot": [-2.575, 8.05833, 38.86238], "rotation": [-10.5, 0, 0], "uv": [82, 38]},
						{"origin": [-2.85, 2.53925, 47.65606], "size": [5.725, 2.175, 3.175], "inflate": -0.4, "pivot": [0.0125, 3.58925, 49.29356], "rotation": [-37.25, 0, 0], "uv": [54, 68]},
						{"origin": [-2.85, 8.23848, 48.70981], "size": [5.725, 6.975, 3.175], "inflate": -0.399, "pivot": [0.0125, 13.17565, 50.22122], "rotation": [-13, 0, 0], "uv": [94, 81]},
						{"origin": [-2.85, 13.28457, 49.45586], "size": [5.725, 2.175, 3.175], "inflate": -0.4, "pivot": [0.0125, 13.17565, 50.22122], "rotation": [24.5, 0, 0], "uv": [94, 76]},
						{"origin": [-2.85, 3.06186, 47.83896], "size": [5.725, 6.975, 3.175], "inflate": -0.399, "pivot": [0.0125, 4.14936, 49.42646], "rotation": [0.25, 0, 0], "uv": [62, 81]},
						{"origin": [-1.125, 6.29747, 13.20134], "size": [2.25, 5.775, 9.6], "inflate": -0.4, "pivot": [0.0125, 9.64747, 10.66384], "rotation": [-6.25, 0, 0], "uv": [69, 32]},
						{"origin": [-0.2369, 5.74663, 8.39007], "size": [2.55, 6.475, 14.65], "inflate": -0.4, "pivot": [0.5381, 9.03413, 15.71507], "rotation": [-6.26743, 4.70986, -0.73566], "uv": [96, 76]},
						{"origin": [1.55, 7.31969, 21.97807], "size": [1.325, 5.875, 14.35], "inflate": -0.395, "pivot": [1.24857, 10.00855, 25.98017], "rotation": [0.75, 0, 0], "uv": [30, 103]},
						{"origin": [-2.325, 9.91969, 21.97807], "size": [4.675, 3.275, 7.95], "inflate": -0.4, "pivot": [0.72357, 10.00855, 25.98017], "rotation": [0.75, 0, 0], "uv": [106, 112]},
						{"origin": [-1.225, 9.91969, 13.27807], "size": [2.475, 3.275, 9.5], "inflate": -0.4, "pivot": [0.72357, 10.00855, 25.98017], "rotation": [0.75, 0, 0], "uv": [61, 64]},
						{"origin": [-2.85, 7.31969, 21.97807], "size": [1.325, 5.875, 14.35], "inflate": -0.395, "pivot": [-3.15143, 10.00855, 25.98017], "rotation": [0.75, 0, 0], "uv": [80, 52]},
						{"origin": [1.55, 9.24039, 35.47402], "size": [1.325, 8.575, 13.525], "inflate": -0.4, "pivot": [-1.7125, 14.87789, 35.69902], "rotation": [-6.25, 0, 0], "uv": [46, 96]},
						{"origin": [-2.325, 16.44039, 35.47402], "size": [4.675, 1.375, 4.55], "inflate": -0.4, "pivot": [-1.7125, 14.87789, 35.69902], "rotation": [-6.25, 0, 0], "uv": [54, 63]},
						{"origin": [-2.85, 9.24039, 35.47402], "size": [1.325, 8.575, 13.525], "inflate": -0.4, "pivot": [-5.7875, 14.87789, 35.69902], "rotation": [-6.25, 0, 0], "uv": [100, 36]},
						{"origin": [-2.85, 12.31132, 33.84507], "size": [5.725, 5.55, 2.675], "inflate": -0.401, "pivot": [0, 14.32382, 34.19507], "rotation": [-2.25, 0, 0], "uv": [53, 56]},
						{"origin": [-2.85, 12.12197, 32.29924], "size": [5.725, 5.55, 3.45], "inflate": -0.402, "pivot": [0, 14.89697, 34.41174], "rotation": [22.5, 0, 0], "uv": [49, 76]},
						{"origin": [-2.85, 12.57368, 29.25374], "size": [5.725, 4.15, 5.45], "inflate": -0.403, "pivot": [0, 13.94868, 32.97874], "rotation": [52.25, 0, 0], "uv": [39, 94]},
						{"origin": [-0.24037, 7.88642, 8.26279], "size": [2.55, 5.175, 14.65], "inflate": -0.4, "pivot": [1.03463, 10.47392, 15.58779], "rotation": [0.75213, 4.74942, 0.08845], "uv": [96, 57]},
						{"origin": [-2.2881, 5.74663, 8.39007], "size": [2.55, 6.475, 14.65], "inflate": -0.4, "pivot": [-0.5131, 9.03413, 15.71507], "rotation": [-6.26743, -4.70986, 0.73566], "uv": [64, 76]},
						{"origin": [-2.28463, 7.88642, 8.26279], "size": [2.55, 5.175, 14.65], "inflate": -0.401, "pivot": [-1.00963, 10.47392, 15.58779], "rotation": [0.75213, -4.74942, -0.08845], "uv": [60, 103]}
					]
				}
			]
		}
	]
}