{
	"format_version": "1.12.0",
	"minecraft:geometry": [
		{
			"description": {
				"identifier": "geometry.unknown",
				"texture_width": 256,
				"texture_height": 256,
				"visible_bounds_width": 10,
				"visible_bounds_height": 6,
				"visible_bounds_offset": [0, 2, 0]
			},
			"bones": [
				{
					"name": "bb_main",
					"pivot": [0, 0, 0]
				},
				{
					"name": "main",
					"pivot": [0, 20, -7]
				},
				{
					"name": "gun",
					"parent": "main",
					"pivot": [-0.24041, 19.01549, -14.58243],
					"cubes": [
						{"origin": [0.51671, 18.91487, -1.73354], "size": [1.9376, 4.88726, 1.9376], "inflate": -0.399, "pivot": [0.82572, 19.5335, -0.36474], "rotation": [0, -45, 0], "uv": [52, 59]},
						{"origin": [-2.50287, 18.53987, -24.05854], "size": [4.50718, 3.76226, 24.1126], "inflate": -0.398, "uv": [0, 32]},
						{"origin": [-1.70287, 21.51487, -17.15854], "size": [3.70718, 3.68726, 9.5126], "inflate": -0.399, "uv": [76, 107]},
						{"origin": [-2.50287, 21.48987, -24.05854], "size": [4.50718, 4.41226, 7.7126], "inflate": -0.399, "uv": [108, 44]},
						{"origin": [-2.50287, 21.48987, -8.45854], "size": [4.50718, 4.41226, 8.5126], "inflate": -0.399, "uv": [52, 107]},
						{"origin": [-3.05287, 23.38987, -8.45854], "size": [1.35718, 1.56226, 1.1126], "inflate": -0.399, "uv": [138, 30]},
						{"origin": [-2.95287, 23.58987, -17.15854], "size": [1.15718, 1.16226, 9.5126], "inflate": -0.399, "pivot": [-2.37428, 24.171, -8.20224], "rotation": [0, 0, 22.5], "uv": [16, 123]},
						{"origin": [-3.05287, 23.38987, -17.45854], "size": [1.35718, 1.56226, 1.1126], "inflate": -0.399, "uv": [32, 138]},
						{"origin": [-2.40287, 22.98987, -0.75854], "size": [4.40718, 2.18726, 1.4876], "inflate": -0.399, "uv": [74, 29]},
						{"origin": [-1.30287, 18.76487, -0.78354], "size": [2.00718, 1.38726, 1.2876], "inflate": -0.399, "uv": [88, 137]},
						{"origin": [0.36671, 22.98987, -1.88354], "size": [2.2376, 2.18726, 2.2376], "inflate": -0.398, "pivot": [0.82572, 24.1835, -0.36474], "rotation": [0, -45, 0], "uv": [36, 131]},
						{"origin": [0.11671, 18.33987, -1.88354], "size": [2.4876, 1.58726, 2.2376], "inflate": -0.398, "pivot": [0.82572, 19.5335, -0.36474], "rotation": [0, -45, 0], "uv": [74, 135]},
						{"origin": [-2.66087, 20.03987, -37.25854], "size": [4.82318, 5.26226, 14.4126], "inflate": -0.397, "uv": [64, 0]},
						{"origin": [-1.58587, 25.01487, -38.15854], "size": [2.27318, 2.2732, 2.3126], "inflate": -0.399, "pivot": [-0.52428, 25.646, -30.05224], "rotation": [0, 0, 22.5], "uv": [74, 129]},
						{"origin": [-2.18587, 20.76487, -40.55854], "size": [3.47318, 3.4732, 2.0126], "inflate": -0.399, "pivot": [-0.52428, 21.996, -32.75224], "rotation": [0, 0, 22.5], "uv": [0, 127]},
						{"origin": [-2.18587, 20.76487, -40.98354], "size": [3.47318, 1.05, 1.2376], "inflate": -0.399, "pivot": [-0.52428, 21.996, -32.75224], "rotation": [0, 0, 22.5], "uv": [136, 11]},
						{"origin": [-1.7478, 23.12262, -40.98354], "size": [2.97318, 1.05, 1.2376], "inflate": -0.399, "pivot": [-0.26121, 22.43512, -40.40224], "rotation": [0, 0, 112.5], "uv": [60, 137]},
						{"origin": [-1.7478, 20.69762, -40.98354], "size": [2.97318, 1.05, 1.2376], "inflate": -0.399, "pivot": [-0.26121, 22.43512, -40.40224], "rotation": [0, 0, 112.5], "uv": [136, 135]},
						{"origin": [-2.18587, 23.18987, -40.98354], "size": [3.47318, 1.05, 1.2376], "inflate": -0.399, "pivot": [-0.52428, 21.996, -32.75224], "rotation": [0, 0, 22.5], "uv": [136, 13]},
						{"origin": [-1.28587, 21.66487, -40.58354], "size": [1.67318, 1.6732, 1.8376], "inflate": -0.399, "pivot": [-0.52428, 21.996, -32.75224], "rotation": [0, 0, 22.5], "uv": [138, 26]},
						{"origin": [-0.28587, 22.66487, -40.58354], "size": [1.09818, 1.0982, 1.0376], "inflate": -0.399, "pivot": [-0.52428, 21.996, -32.75224], "rotation": [0, 0, 22.5], "uv": [28, 138]},
						{"origin": [-2.18587, 21.86487, -40.58354], "size": [1.09818, 1.0982, 1.0376], "inflate": -0.399, "pivot": [-2.42428, 21.196, -32.75224], "rotation": [0, 0, 22.5], "uv": [138, 28]},
						{"origin": [-1.98587, 20.96487, -39.33354], "size": [3.07318, 3.0732, 2.6376], "inflate": -0.399, "pivot": [-0.52428, 21.996, -32.75224], "rotation": [0, 0, 22.5], "uv": [128, 55]},
						{"origin": [-2.18587, 20.76487, -38.85854], "size": [3.47318, 3.4732, 1.6126], "inflate": -0.399, "pivot": [-0.52428, 21.996, -30.75224], "rotation": [0, 0, 22.5], "uv": [52, 130]},
						{"origin": [-2.18587, 20.76487, -37.50854], "size": [3.47318, 3.4732, 1.0626], "inflate": -0.399, "pivot": [-0.52428, 21.996, -29.35224], "rotation": [0, 0, 22.5], "uv": [60, 130]},
						{"origin": [-1.91287, 24.48987, -36.95854], "size": [3.32718, 2.41226, 14.5126], "inflate": -0.399, "uv": [0, 77]},
						{"origin": [-0.05662, 25.41487, -36.95854], "size": [1.66318, 1.63726, 14.5126], "inflate": -0.399, "pivot": [0.14297, 25.896, -30.30224], "rotation": [0, 0, -40], "uv": [68, 77]},
						{"origin": [-1.57987, 26.31929, -36.95854], "size": [1.64343, 1.31226, 14.5126], "inflate": -0.399, "pivot": [-0.76803, 26.78792, -30.30224], "rotation": [0, 0, 70.5], "uv": [94, 92]},
						{"origin": [-2.10656, 25.41487, -36.95854], "size": [1.66318, 1.63726, 14.5126], "inflate": -0.399, "pivot": [-0.64297, 25.896, -30.30224], "rotation": [0, 0, 40], "uv": [0, 93]},
						{"origin": [-0.56356, 26.31929, -36.95854], "size": [1.64343, 1.31226, 14.5126], "inflate": -0.399, "pivot": [0.26803, 26.78792, -30.30224], "rotation": [0, 0, -70.5], "uv": [34, 91]},
						{"origin": [-0.87956, 26.09429, -36.95854], "size": [1.26818, 1.63726, 14.5126], "inflate": -0.399, "uv": [64, 92]},
						{"origin": [-2.66087, 18.41487, -26.85854], "size": [4.82318, 2.68726, 5.3376], "inflate": -0.395, "uv": [98, 85]},
						{"origin": [-2.66087, 18.66487, -22.65854], "size": [4.82318, 5.96226, 1.2876], "inflate": -0.399, "pivot": [-0.24928, 19.9835, -23.87724], "rotation": [-7, 0, 0], "uv": [90, 26]},
						{"origin": [-2.66087, 19.63843, -29.0544], "size": [4.82318, 2.86226, 4.2126], "inflate": -0.394, "pivot": [-0.24928, 23.01956, -25.5481], "rotation": [34, 0, 0], "uv": [122, 26]},
						{"origin": [-2.66087, 20.23987, -23.65854], "size": [4.82318, 4.16226, 2.3126], "inflate": -0.397, "uv": [16, 115]},
						{"origin": [-2.42387, 24.78987, -8.45854], "size": [4.42418, 2.63726, 7.4376], "inflate": -0.399, "uv": [122, 17]},
						{"origin": [-2.42387, 25.08987, -23.25854], "size": [4.42418, 2.33726, 2.6376], "inflate": -0.399, "uv": [124, 103]},
						{"origin": [-2.42387, 25.08987, -21.43354], "size": [2.62418, 1.41226, 13.8126], "inflate": -0.399, "uv": [98, 71]},
						{"origin": [-2.42387, 25.68987, -21.43354], "size": [4.42418, 1.73726, 13.7876], "inflate": -0.399, "uv": [34, 77]},
						{"origin": [-1.74887, 26.58987, -22.03354], "size": [2.97418, 1.48726, 6.0626], "inflate": -0.399, "uv": [126, 0]},
						{"origin": [-0.44887, 27.26487, -17.83354], "size": [1.67418, 2.11226, 1.0626], "inflate": -0.399, "uv": [30, 101]},
						{"origin": [-0.77387, 26.61487, -36.83354], "size": [1.02418, 2.76226, 1.0626], "inflate": -0.399, "uv": [100, 137]},
						{"origin": [-0.87387, 27.26487, -17.83354], "size": [1.22418, 1.71226, 1.0626], "inflate": -0.399, "uv": [24, 138]},
						{"origin": [-1.74887, 27.26487, -17.83354], "size": [1.67418, 2.11226, 1.0626], "inflate": -0.399, "uv": [48, 135]},
						{"origin": [-1.74887, 27.26487, -20.83354], "size": [2.97418, 1.11226, 3.8126], "inflate": -0.399, "uv": [128, 64]},
						{"origin": [-1.74887, 24.13987, -23.15854], "size": [2.97418, 2.08726, 1.3626], "inflate": -0.399, "pivot": [-0.26178, 25.4835, -20.12724], "rotation": [-48.25, 0, 0], "uv": [136, 80]},
						{"origin": [0.42613, 26.61487, -21.15854], "size": [1.04918, 3.11226, 4.5126], "inflate": -0.399, "uv": [90, 19]},
						{"origin": [0.27613, 27.11487, -19.75854], "size": [1.39918, 2.0126, 2.0126], "inflate": -0.399, "pivot": [0.95072, 28.171, -18.90224], "rotation": [-22.5, 0, 0], "uv": [82, 135]},
						{"origin": [-2.22387, 27.11487, -19.75854], "size": [1.39918, 2.0126, 2.0126], "inflate": -0.399, "pivot": [-1.54928, 28.171, -18.90224], "rotation": [-22.5, 0, 0], "uv": [136, 68]},
						{"origin": [0.02613, 26.06487, -37.35854], "size": [1.04918, 3.66226, 2.5126], "inflate": -0.399, "uv": [68, 135]},
						{"origin": [-1.32387, 26.06487, -37.35854], "size": [2.14918, 2.01226, 2.5126], "inflate": -0.399, "uv": [82, 129]},
						{"origin": [-1.57387, 25.33987, -37.35854], "size": [1.04918, 4.38726, 2.5126], "inflate": -0.399, "uv": [10, 127]},
						{"origin": [-2.00031, 27.37404, -23.0986], "size": [1.04918, 1.11226, 1.3376], "inflate": -0.399, "pivot": [-1.47572, 27.93017, -22.3798], "rotation": [43.75, 0, 0], "uv": [20, 138]},
						{"origin": [-2.00031, 28.61182, -21.40923], "size": [1.04918, 1.11226, 1.2376], "inflate": -0.399, "pivot": [-1.47572, 29.01795, -20.67793], "rotation": [33.75, 0, 0], "uv": [16, 138]},
						{"origin": [-2.00031, 25.86487, -21.92906], "size": [1.04918, 3.11226, 1.8376], "inflate": -0.397, "pivot": [-1.47572, 27.421, -19.61026], "rotation": [-16.5, 0, 0], "uv": [30, 93]},
						{"origin": [-2.00031, 28.61182, -17.62837], "size": [1.04918, 1.11226, 1.2376], "inflate": -0.399, "pivot": [-1.47572, 29.01795, -17.12207], "rotation": [-33.75, 0, 0], "uv": [12, 138]},
						{"origin": [-2.00031, 25.86487, -17.70854], "size": [1.04918, 3.11226, 1.8376], "inflate": -0.397, "pivot": [-1.47572, 27.421, -18.18974], "rotation": [16.5, 0, 0], "uv": [52, 72]},
						{"origin": [-2.00031, 27.41487, -22.73354], "size": [1.04918, 1.16226, 2.2626], "inflate": -0.399, "uv": [136, 77]},
						{"origin": [-2.00031, 26.61487, -23.10854], "size": [1.04918, 1.61226, 2.6376], "inflate": -0.399, "uv": [136, 74]},
						{"origin": [-2.00031, 26.61487, -21.15854], "size": [1.04918, 3.11226, 4.5126], "inflate": -0.399, "uv": [126, 7]},
						{"origin": [0.42613, 28.61182, -17.62837], "size": [1.04918, 1.11226, 1.2376], "inflate": -0.399, "pivot": [0.95072, 29.01795, -17.12207], "rotation": [-33.75, 0, 0], "uv": [0, 138]},
						{"origin": [0.42613, 25.86487, -17.70854], "size": [1.04918, 3.11226, 1.8376], "inflate": -0.397, "pivot": [0.95072, 27.421, -18.18974], "rotation": [16.5, 0, 0], "uv": [52, 64]},
						{"origin": [0.42613, 28.61182, -21.40923], "size": [1.04918, 1.11226, 1.2376], "inflate": -0.399, "pivot": [0.95072, 29.01795, -20.67793], "rotation": [33.75, 0, 0], "uv": [4, 138]},
						{"origin": [0.42613, 27.37404, -23.0986], "size": [1.04918, 1.11226, 1.3376], "inflate": -0.399, "pivot": [0.95072, 27.93017, -22.3798], "rotation": [43.75, 0, 0], "uv": [8, 138]},
						{"origin": [0.42613, 25.86487, -21.92906], "size": [1.04918, 3.11226, 1.8376], "inflate": -0.397, "pivot": [0.95072, 27.421, -19.61026], "rotation": [-16.5, 0, 0], "uv": [52, 68]},
						{"origin": [0.42613, 26.61487, -23.10854], "size": [1.04918, 1.61226, 2.6376], "inflate": -0.399, "uv": [90, 129]},
						{"origin": [0.42613, 27.41487, -22.73354], "size": [1.04918, 1.16226, 2.2626], "inflate": -0.399, "uv": [68, 130]},
						{"origin": [-0.22387, 24.38987, -17.15854], "size": [2.22418, 1.51226, 9.5126], "inflate": -0.399, "uv": [74, 119]},
						{"origin": [-1.00187, 25.28987, -2.05854], "size": [1.50518, 1.43726, 2.0376], "inflate": -0.399, "uv": [84, 29]},
						{"origin": [-1.00187, 25.46487, -1.08354], "size": [1.50518, 1.26226, 1.2626], "inflate": -0.398, "pivot": [-0.24928, 26.0085, -0.53974], "rotation": [-45, 0, 0], "uv": [136, 137]},
						{"origin": [-2.42387, 21.08987, -1.75854], "size": [4.44918, 2.63726, 2.0126], "inflate": -0.397, "pivot": [-0.24928, 22.4085, -10.63974], "rotation": [20, 0, 0], "uv": [122, 116]},
						{"origin": [-2.42387, 25.92159, -1.45483], "size": [4.44918, 1.16226, 1.1126], "inflate": -0.399, "pivot": [-0.24928, 26.31522, -1.34853], "rotation": [64.25, 0, 0], "uv": [126, 14]},
						{"origin": [-0.21187, 24.38987, -8.65854], "size": [2.37418, 1.53726, 8.7376], "inflate": -0.399, "uv": [124, 85]},
						{"origin": [-2.66087, 24.38987, -23.30854], "size": [3.24318, 1.51226, 23.3876], "inflate": -0.395, "uv": [56, 32]},
						{"origin": [-2.66087, 23.46487, -0.63354], "size": [4.82318, 1.43726, 1.1876], "inflate": -0.399, "pivot": [-1.03928, 24.1835, -1.86474], "rotation": [32.25, 0, 0], "uv": [128, 83]},
						{"origin": [-2.50287, 16.23987, -23.85854], "size": [4.50718, 2.91226, 1.7126], "inflate": -0.399, "uv": [64, 29]},
						{"origin": [-2.50287, 15.91487, -23.85854], "size": [4.50718, 1.48726, 1.2376], "inflate": -0.397, "pivot": [0.30372, 16.821, -23.00224], "rotation": [42, 0, 0], "uv": [16, 121]},
						{"origin": [-2.50287, 16.21487, -18.98354], "size": [4.50718, 4.18726, 17.7876], "inflate": -0.399, "pivot": [0.30372, 19.3585, -12.35224], "rotation": [11, 0, 0], "uv": [56, 56]},
						{"origin": [-2.10787, 15.71487, -18.98354], "size": [3.71718, 1.31226, 17.7876], "inflate": -0.397, "pivot": [0.30372, 19.3585, -12.35224], "rotation": [11, 0, 0], "uv": [0, 59]},
						{"origin": [-1.31787, 11.51487, -16.03354], "size": [2.13718, 1.21226, 3.7876], "inflate": -0.399, "pivot": [0.30372, 15.0585, -12.35224], "rotation": [11, 0, 0], "uv": [128, 60]},
						{"origin": [-1.31787, 11.22777, -12.4652], "size": [2.13718, 1.21226, 1.7376], "inflate": -0.399, "pivot": [-0.24928, 11.8339, -12.4714], "rotation": [35.5, 0, 0], "uv": [136, 131]},
						{"origin": [-1.31787, 12.75274, -13.50804], "size": [2.13718, 1.21226, 1.8626], "inflate": -0.399, "pivot": [-0.24928, 13.44247, -13.02071], "rotation": [83, 0, 0], "uv": [130, 137]},
						{"origin": [-1.31787, 12.75334, -14.33359], "size": [2.13718, 1.21226, 1.7376], "inflate": -0.399, "pivot": [-0.24928, 13.44247, -13.02071], "rotation": [61.75, 0, 0], "uv": [124, 137]},
						{"origin": [-1.31787, 11.60277, -11.6402], "size": [2.13718, 1.21226, 1.8626], "inflate": -0.399, "pivot": [-0.24928, 12.2089, -11.6464], "rotation": [56.75, 0, 0], "uv": [136, 133]},
						{"origin": [-1.31787, 14.32834, -14.15859], "size": [2.13718, 1.21226, 1.5376], "inflate": -0.399, "pivot": [-0.24928, 15.01747, -13.04571], "rotation": [101, 0, 0], "uv": [118, 137]},
						{"origin": [-1.31787, 14.32774, -13.53304], "size": [2.13718, 1.21226, 1.9376], "inflate": -0.399, "pivot": [-0.24928, 15.01747, -13.04571], "rotation": [122.25, 0, 0], "uv": [94, 137]},
						{"origin": [-1.31787, 12.58679, -9.51367], "size": [2.13718, 1.26226, 2.5376], "inflate": -0.399, "pivot": [-0.24928, 13.19292, -8.58237], "rotation": [-35.25, 0, 0], "uv": [40, 135]},
						{"origin": [-1.31787, 14.93679, -12.41367], "size": [2.13718, 3.08726, 2.5376], "inflate": -0.399, "pivot": [-0.24928, 15.54292, -11.48237], "rotation": [-61.25, 0, 0], "uv": [128, 68]},
						{"origin": [-1.31787, 15.05432, -12.94191], "size": [2.13718, 3.08726, 2.5376], "inflate": -0.398, "pivot": [-0.24928, 16.59795, -11.67311], "rotation": [-25.5, 0, 0], "uv": [128, 73]},
						{"origin": [-1.31787, 10.63679, -11.76367], "size": [2.13718, 3.73726, 4.2626], "inflate": -0.398, "pivot": [-0.24928, 13.76792, -10.90737], "rotation": [87.75, 0, 0], "uv": [16, 108]},
						{"origin": [-1.31787, 10.97901, -16.99272], "size": [2.13718, 1.18726, 2.4626], "inflate": -0.399, "pivot": [-0.24928, 11.56014, -15.21142], "rotation": [-8.25, 0, 0], "uv": [16, 135]},
						{"origin": [-1.31787, 11.7328, -17.93524], "size": [2.13718, 1.18726, 2.1876], "inflate": -0.399, "pivot": [-0.24928, 12.32643, -16.97894], "rotation": [-49, 0, 0], "uv": [24, 135]},
						{"origin": [-1.31787, 12.72902, -18.45753], "size": [2.13718, 1.18726, 2.1376], "inflate": -0.399, "pivot": [-0.24928, 13.32265, -17.41373], "rotation": [-80, 0, 0], "uv": [32, 135]},
						{"origin": [-1.31787, 14.11823, -17.79973], "size": [2.13718, 1.18726, 1.8126], "inflate": -0.399, "pivot": [-0.24928, 14.71186, -17.26843], "rotation": [-107, 0, 0], "uv": [30, 133]},
						{"origin": [-1.31787, 14.46823, -17.89973], "size": [2.13718, 1.18726, 1.5876], "inflate": -0.399, "pivot": [-0.24928, 15.06186, -17.06843], "rotation": [-122.75, 0, 0], "uv": [136, 129]},
						{"origin": [-2.10787, 4.53529, -7.40692], "size": [3.71718, 14.58726, 5.0126], "inflate": -0.395, "pivot": [-0.24928, 11.21642, -4.58812], "rotation": [25.25, 0, 0], "uv": [0, 108]},
						{"origin": [-2.10787, 4.53529, -7.80692], "size": [3.71718, 1.88726, 1.2126], "inflate": -0.399, "pivot": [-0.24928, 11.21642, -4.58812], "rotation": [25.25, 0, 0], "uv": [136, 7]},
						{"origin": [-2.10787, 4.2425, -5.36432], "size": [3.71718, 2.53726, 1.2126], "inflate": -0.398, "pivot": [-0.24928, 5.83613, -4.75802], "rotation": [0.25, 0, 0], "uv": [8, 135]},
						{"origin": [-2.10787, 3.8925, -5.36291], "size": [3.71718, 1.38726, 1.2126], "inflate": -0.399, "pivot": [-0.24928, 4.76113, -4.75661], "rotation": [59, 0, 0], "uv": [136, 9]},
						{"origin": [-2.10787, 15.44347, -6.03833], "size": [3.71718, 2.58726, 1.6126], "inflate": -0.4, "pivot": [-0.24928, 11.6371, -6.93203], "rotation": [-0.75, 0, 0], "uv": [60, 134]},
						{"origin": [-2.10787, 14.82078, -10.22172], "size": [3.71718, 2.58726, 1.6126], "inflate": -0.399, "pivot": [-0.24928, 16.11441, -9.41542], "rotation": [45.25, 0, 0], "uv": [96, 134]},
						{"origin": [-2.10787, 15.12078, -11.09672], "size": [3.71718, 2.58726, 1.6126], "inflate": -0.399, "pivot": [-0.24928, 16.41441, -10.29042], "rotation": [71.25, 0, 0], "uv": [134, 116]},
						{"origin": [-2.10787, 16.04578, -5.72172], "size": [3.71718, 2.58726, 1.6126], "inflate": -0.402, "pivot": [-0.24928, 17.33941, -4.91542], "rotation": [-27.75, 0, 0], "uv": [88, 134]},
						{"origin": [-2.50287, 14.62158, -23.12511], "size": [4.50718, 4.36226, 5.9126], "inflate": -0.395, "pivot": [0.30372, 17.74021, -14.53131], "rotation": [-7.75, 0, 0], "uv": [124, 94]},
						{"origin": [-2.34487, 13.31515, -26.51868], "size": [4.19118, 8.96226, 9.1126], "inflate": -0.399, "pivot": [0.30372, 17.54628, -21.91238], "rotation": [-5.75, 0, 0], "uv": [100, 0]},
						{"origin": [-2.50287, 13.11515, -26.71868], "size": [4.50718, 1.06226, 9.5126], "inflate": -0.399, "pivot": [0.30372, 17.54628, -21.91238], "rotation": [-5.75, 0, 0], "uv": [64, 19]},
						{"origin": [-2.94822, 16.92772, -16.72872], "size": [1.21816, 3.3, 1.25], "inflate": -0.4, "pivot": [-4.63914, 18.17772, -16.10372], "rotation": [-54.5, 0, 0], "uv": [30, 97]},
						{"origin": [-2.69822, 22.71487, -35.48354], "size": [4.89316, 1.575, 1.575], "inflate": -0.4, "pivot": [0.62336, 23.3835, -35.15224], "rotation": [-22.5, 0, 0], "uv": [130, 46]},
						{"origin": [-2.69822, 22.71487, -25.98354], "size": [4.89316, 1.575, 1.575], "inflate": -0.4, "pivot": [0.62336, 23.3835, -25.65224], "rotation": [-22.5, 0, 0], "uv": [130, 44]},
						{"origin": [-2.54822, 17.96487, -9.68354], "size": [4.64316, 1.325, 1.325], "inflate": -0.4, "pivot": [0.62336, 18.3835, -9.60224], "rotation": [-22.5, 0, 0], "uv": [130, 42]},
						{"origin": [-2.52322, 17.71487, -8.43354], "size": [4.54316, 1.325, 1.325], "inflate": -0.405, "pivot": [0.62336, 18.1335, -8.35224], "rotation": [-22.5, 0, 0], "uv": [10, 133]},
						{"origin": [-2.52322, 17.36487, -9.13354], "size": [4.54316, 1.325, 1.325], "inflate": -0.405, "pivot": [0.62336, 17.7835, -9.05224], "rotation": [-22.5, 0, 0], "uv": [100, 132]},
						{"origin": [-2.52322, 17.36487, -10.38354], "size": [4.54316, 1.325, 1.325], "inflate": -0.405, "pivot": [0.62336, 17.7835, -10.30224], "rotation": [-22.5, 0, 0], "uv": [90, 132]},
						{"origin": [-2.52322, 17.08987, -11.65854], "size": [4.54316, 1.325, 1.325], "inflate": -0.405, "pivot": [0.62336, 17.5085, -11.57724], "rotation": [-22.5, 0, 0], "uv": [0, 132]},
						{"origin": [-2.52322, 16.73987, -13.30854], "size": [4.54316, 1.325, 1.325], "inflate": -0.405, "pivot": [0.62336, 17.1585, -13.22724], "rotation": [-22.5, 0, 0], "uv": [126, 131]},
						{"origin": [-2.52322, 18.58987, -10.83354], "size": [4.54316, 1.1, 1.1], "inflate": -0.405, "pivot": [0.62336, 18.9335, -10.87724], "rotation": [-22.5, 0, 0], "uv": [110, 133]},
						{"origin": [-2.52322, 18.61487, -8.15854], "size": [4.54316, 1.075, 1.075], "inflate": -0.405, "pivot": [0.62336, 18.9335, -8.20224], "rotation": [-22.5, 0, 0], "uv": [78, 133]},
						{"origin": [-2.52322, 18.51487, -13.38354], "size": [4.54316, 1.075, 1.075], "inflate": -0.405, "pivot": [0.62336, 18.8335, -13.42724], "rotation": [-22.5, 0, 0], "uv": [68, 133]},
						{"origin": [-2.52322, 16.73987, -15.95854], "size": [4.54316, 1.075, 1.075], "inflate": -0.405, "pivot": [0.62336, 17.0585, -16.00224], "rotation": [-22.5, 0, 0], "uv": [20, 133]},
						{"origin": [-2.52322, 16.63987, -14.43354], "size": [4.54316, 1.325, 1.325], "inflate": -0.405, "pivot": [0.62336, 17.0585, -14.35224], "rotation": [-22.5, 0, 0], "uv": [116, 131]},
						{"origin": [-2.52322, 16.16487, -16.73354], "size": [4.54316, 1.325, 1.325], "inflate": -0.405, "pivot": [0.62336, 16.5835, -16.65224], "rotation": [-22.5, 0, 0], "uv": [130, 52]},
						{"origin": [0.75178, 15.78987, -19.15854], "size": [1.64316, 1.8, 1.525], "inflate": -0.4, "uv": [44, 138]},
						{"origin": [0.75178, 15.78987, -21.93354], "size": [1.44316, 1.8, 3.575], "inflate": -0.4, "uv": [44, 131]},
						{"origin": [0.75178, 16.36487, -22.38354], "size": [1.44316, 1.525, 1.525], "inflate": -0.405, "pivot": [0.62336, 16.7835, -22.10224], "rotation": [-45, 0, 0], "uv": [40, 138]},
						{"origin": [0.75178, 16.36487, -18.88354], "size": [1.64316, 1.525, 1.525], "inflate": -0.405, "pivot": [0.62336, 16.7835, -18.60224], "rotation": [-45, 0, 0], "uv": [36, 138]},
						{"origin": [-2.54822, 16.76487, -15.08354], "size": [4.64316, 1.325, 1.325], "inflate": -0.4, "pivot": [0.62336, 17.1835, -15.00224], "rotation": [-22.5, 0, 0], "uv": [130, 50]},
						{"origin": [-2.54822, 18.26487, -15.08354], "size": [4.64316, 1.325, 1.325], "inflate": -0.4, "pivot": [0.62336, 18.6835, -15.00224], "rotation": [-22.5, 0, 0], "uv": [130, 48]},
						{"origin": [-2.54822, 20.01487, -10.13354], "size": [4.64316, 1.325, 1.325], "inflate": -0.4, "pivot": [0.62336, 20.4335, -10.05224], "rotation": [-22.5, 0, 0], "uv": [130, 40]},
						{"origin": [-2.54822, 18.81487, -3.78354], "size": [4.64316, 1.325, 1.325], "inflate": -0.4, "pivot": [0.62336, 19.2335, -3.70224], "rotation": [-22.5, 0, 0], "uv": [130, 38]},
						{"origin": [-2.54822, 23.11487, -3.68354], "size": [4.64316, 1.325, 1.325], "inflate": -0.4, "pivot": [0.62336, 23.5335, -3.60224], "rotation": [-22.5, 0, 0], "uv": [130, 36]},
						{"origin": [-2.54822, 24.01487, -3.68354], "size": [4.64316, 1.325, 1.325], "inflate": -0.4, "pivot": [0.62336, 24.4335, -3.60224], "rotation": [-22.5, 0, 0], "uv": [130, 34]},
						{"origin": [-2.54822, 24.18987, -23.25854], "size": [4.61816, 1.325, 1.325], "inflate": -0.4, "pivot": [0.62336, 24.6085, -23.17724], "rotation": [-22.5, 0, 0], "uv": [130, 32]},
						{"origin": [-2.54822, 24.18987, -22.05854], "size": [4.61816, 1.325, 1.325], "inflate": -0.4, "pivot": [0.62336, 24.6085, -21.97724], "rotation": [-22.5, 0, 0], "uv": [126, 129]},
						{"origin": [-2.74822, 17.41487, -17.05854], "size": [4.96816, 1.9, 1.9], "inflate": -0.4, "pivot": [0.62336, 18.1085, -16.67724], "rotation": [-22.5, 0, 0], "uv": [116, 129]}
					]
				},
				{
					"name": "action",
					"parent": "gun",
					"pivot": [0, 4.1, -7],
					"cubes": [
						{"origin": [0.79713, 25.11487, -21.35854], "size": [1.40718, 1.06226, 2.1876], "inflate": -0.399, "uv": [136, 103]},
						{"origin": [1.39713, 25.11487, -21.35854], "size": [2.60718, 1.58726, 2.1876], "inflate": -0.399, "uv": [110, 135]},
						{"origin": [-1.50287, 25.08987, -21.45854], "size": [3.10718, 1.38726, 8.8126], "inflate": -0.399, "uv": [122, 107]}
					]
				},
				{
					"name": "action2",
					"parent": "gun",
					"pivot": [-2.44928, 24.1085, -12.40224],
					"cubes": [
						{"origin": [-2.70287, 21.51487, -17.15854], "size": [1.00718, 3.66226, 9.5126], "inflate": -0.399, "uv": [96, 120]},
						{"origin": [-3.05287, 23.48987, -11.75854], "size": [1.35718, 1.36226, 3.7126], "inflate": -0.399, "pivot": [-2.37428, 24.171, -8.60224], "rotation": [0, 0, 22.5], "uv": [0, 134]},
						{"origin": [-3.05287, 23.48987, -16.75854], "size": [1.35718, 1.36226, 3.7126], "inflate": -0.399, "pivot": [-2.37428, 24.171, -13.60224], "rotation": [0, 0, 22.5], "uv": [52, 134]}
					]
				},
				{
					"name": "magazine",
					"parent": "gun",
					"pivot": [0.75072, 2.64615, -26.74006],
					"cubes": [
						{"origin": [-2.18687, 10.33896, -26.85311], "size": [3.87518, 6.58726, 8.4126], "inflate": -0.396, "pivot": [0.30372, 12.88259, -22.09681], "rotation": [-15.5, 0, 0], "uv": [30, 109]},
						{"origin": [-2.18687, 7.36002, -28.43397], "size": [3.87518, 4.68726, 8.4126], "inflate": -0.397, "pivot": [-0.24928, 8.55365, -24.22767], "rotation": [-22.25, 0, 0], "uv": [108, 32]},
						{"origin": [-2.18687, 2.02916, -31.44808], "size": [3.87518, 7.66226, 8.4126], "inflate": -0.398, "pivot": [-0.24928, 3.47334, -27.34745], "rotation": [-31.5, 0, 0], "uv": [100, 17]},
						{"origin": [-2.18687, -1.51485, -31.31491], "size": [3.87518, 5.01226, 8.3876], "inflate": -0.399, "pivot": [-0.24928, 3.42334, -27.29745], "rotation": [-41.75, 0, 0], "uv": [100, 107]},
						{"origin": [-2.18687, -1.26467, -33.05415], "size": [3.87518, 1.26226, 8.3876], "inflate": -0.4, "pivot": [-0.24928, 1.24146, -28.86035], "rotation": [-45, 0, 0], "uv": [116, 120]}
					]
				},
				{
					"name": "stock",
					"parent": "gun",
					"pivot": [1.61647, 21.24077, -0.17904],
					"cubes": [
						{"origin": [0.31671, 19.11487, -1.83354], "size": [2.2376, 4.58726, 2.1376], "inflate": -0.399, "pivot": [0.82572, 19.5335, -0.36474], "rotation": [0, -45, 0], "uv": [116, 85]},
						{"origin": [-1.77322, 15.31487, 31.04146], "size": [3.06816, 1.9, 1.9], "inflate": -0.4, "pivot": [0.39836, 16.0085, 31.42276], "rotation": [-22.5, 0, 0], "uv": [136, 15]},
						{"origin": [-1.77322, 10.31487, 31.04146], "size": [3.06816, 1.9, 1.9], "inflate": -0.4, "pivot": [0.39836, 11.0085, 31.42276], "rotation": [-22.5, 0, 0], "uv": [136, 72]},
						{"origin": [-1.02314, 21.04906, -0.68467], "size": [1.57317, 1.5732, 31.6126], "inflate": -0.399, "pivot": [-0.23656, 21.83566, 3.77163], "rotation": [-4.1946, 4.29398, 45.59268], "uv": [0, 0]},
						{"origin": [-1.62314, 6.34906, 29.41533], "size": [2.77317, 14.2732, 4.9126], "inflate": -0.399, "uv": [40, 59]},
						{"origin": [-0.52448, 19.06747, -0.64273], "size": [1.57318, 1.5732, 10.9626], "inflate": -0.399, "pivot": [-0.23656, 20.33985, 9.4404], "rotation": [-4.1946, 4.29398, 45.59268], "uv": [52, 119]},
						{"origin": [-0.52448, 7.24247, 22.98227], "size": [1.57318, 1.5732, 7.7876], "inflate": -0.399, "pivot": [-0.23656, 8.51485, 29.4404], "rotation": [0, 0, 45], "uv": [36, 123]},
						{"origin": [-5.52276, 9.23051, 3.26534], "size": [1.57318, 1.5732, 14.6126], "inflate": -0.399, "pivot": [-0.232, 5.6357, 15.49041], "rotation": [-36.56703, 31.44861, 35.12102], "uv": [98, 56]},
						{"origin": [0.0669, 6.5016, 21.02794], "size": [1.57318, 1.5732, 3.3376], "inflate": -0.399, "pivot": [-0.232, 8.352, 26.48815], "rotation": [-14.06495, 14.00759, 44.0135], "uv": [128, 133]},
						{"origin": [-3.50276, 14.57513, 6.88683], "size": [1.57318, 1.5732, 3.5626], "inflate": -0.399, "pivot": [-0.23656, 12.9462, 15.50955], "rotation": [-18.79524, 18.30082, 42.69581], "uv": [120, 133]},
						{"origin": [-1.78329, 19.21487, -1.13354], "size": [3.8376, 4.38726, 1.7376], "inflate": -0.399, "uv": [128, 78]}
					]
				},
				{
					"name": "stockfolded",
					"parent": "gun",
					"pivot": [1.61647, 21.24077, -0.17904],
					"rotation": [0, 180, 0],
					"cubes": [
						{"origin": [0.31671, 19.11487, -1.83354], "size": [2.2376, 4.58726, 2.1376], "inflate": -0.399, "pivot": [0.82572, 19.5335, -0.36474], "rotation": [0, -45, 0], "uv": [116, 85]},
						{"origin": [-1.77322, 15.31487, 31.04146], "size": [3.06816, 1.9, 1.9], "inflate": -0.4, "pivot": [0.39836, 16.0085, 31.42276], "rotation": [-22.5, 0, 0], "uv": [136, 15]},
						{"origin": [-1.77322, 10.31487, 31.04146], "size": [3.06816, 1.9, 1.9], "inflate": -0.4, "pivot": [0.39836, 11.0085, 31.42276], "rotation": [-22.5, 0, 0], "uv": [136, 72]},
						{"origin": [-1.02314, 21.04906, -0.68467], "size": [1.57317, 1.5732, 31.6126], "inflate": -0.399, "pivot": [-0.23656, 21.83566, 3.77163], "rotation": [-4.1946, 4.29398, 45.59268], "uv": [0, 0]},
						{"origin": [-1.62314, 6.34906, 29.41533], "size": [2.77317, 14.2732, 4.9126], "inflate": -0.399, "uv": [40, 59]},
						{"origin": [-0.52448, 19.06747, -0.64273], "size": [1.57318, 1.5732, 10.9626], "inflate": -0.399, "pivot": [-0.23656, 20.33985, 9.4404], "rotation": [-4.1946, 4.29398, 45.59268], "uv": [52, 119]},
						{"origin": [-0.52448, 7.24247, 22.98227], "size": [1.57318, 1.5732, 7.7876], "inflate": -0.399, "pivot": [-0.23656, 8.51485, 29.4404], "rotation": [0, 0, 45], "uv": [36, 123]},
						{"origin": [-5.52276, 9.23051, 3.26534], "size": [1.57318, 1.5732, 14.6126], "inflate": -0.399, "pivot": [-0.232, 5.6357, 15.49041], "rotation": [-36.56703, 31.44861, 35.12102], "uv": [98, 56]},
						{"origin": [0.0669, 6.5016, 21.02794], "size": [1.57318, 1.5732, 3.3376], "inflate": -0.399, "pivot": [-0.232, 8.352, 26.48815], "rotation": [-14.06495, 14.00759, 44.0135], "uv": [128, 133]},
						{"origin": [-3.50276, 14.57513, 6.88683], "size": [1.57318, 1.5732, 3.5626], "inflate": -0.399, "pivot": [-0.23656, 12.9462, 15.50955], "rotation": [-18.79524, 18.30082, 42.69581], "uv": [120, 133]},
						{"origin": [-1.78329, 19.21487, -1.13354], "size": [3.8376, 4.38726, 1.7376], "inflate": -0.399, "uv": [128, 78]}
					]
				},
				{
					"name": "muzzleflash",
					"parent": "main",
					"pivot": [-0.2587, 22.43227, -41.14757],
					"cubes": [
						{"origin": [-0.76685, 21.92412, -41.65572], "size": [1.0163, 1.0163, 1.0163], "inflate": -0.4, "uv": [30, 104]}
					]
				},
				{
					"name": "scope",
					"parent": "main",
					"pivot": [-0.2, 33.57282, -1.16287],
					"cubes": [
						{"origin": [-0.7663, 28.275, -2.7], "size": [1.0163, 1.0163, 1.0163], "inflate": -0.4, "uv": [26, 121]}
					]
				},
				{
					"name": "rightarm",
					"parent": "main",
					"pivot": [-4.3, 8.8, 10.8],
					"rotation": [-101.81106, -12.40003, -2.46982],
					"cubes": [
						{"origin": [-8.3, -15.2, 6.8], "size": [8, 24, 8], "uv": [0, 224]}
					]
				},
				{
					"name": "leftarm",
					"parent": "main",
					"pivot": [10.7, 11.4, -14.7],
					"rotation": [-117.0967, -8.19769, -50.54965],
					"cubes": [
						{"origin": [6.7, -12.6, -18.7], "size": [8, 24, 8], "uv": [32, 224]}
					]
				},
				{
					"name": "_camera_",
					"pivot": [6.825, 33.725, 26.45]
				}
			]
		}
	]
}