{
	"format_version": "1.12.0",
	"minecraft:geometry": [
		{
			"description": {
				"identifier": "geometry.unknown",
				"texture_width": 256,
				"texture_height": 256,
				"visible_bounds_width": 12,
				"visible_bounds_height": 5,
				"visible_bounds_offset": [0, 1.5, 0]
			},
			"bones": [
				{
					"name": "main",
					"pivot": [0, 20, 0]
				},
				{
					"name": "rightarm",
					"parent": "main",
					"pivot": [-4.3, 8.8, 21.8],
					"rotation": [-101.81106, -12.40003, -2.46982],
					"cubes": [
						{"origin": [-8.3, -15.2, 17.8], "size": [8, 24, 8], "uv": [166, 0]}
					]
				},
				{
					"name": "leftarm",
					"parent": "main",
					"pivot": [10.7, 7.4, -16.7],
					"rotation": [-131.49345, -3.84346, -37.7519],
					"cubes": [
						{"origin": [9.5791, -16.76234, -12.43737], "size": [8, 24, 8], "pivot": [13.5791, -4.76234, -8.43737], "rotation": [-11.25169, 36.83588, 5.24241], "uv": [32, 224]}
					]
				},
				{
					"name": "muzzleflash",
					"parent": "main",
					"pivot": [0.15, 24.35, -96.25],
					"cubes": [
						{"origin": [-0.1, 23.325, -96.55], "size": [1, 1, 1], "inflate": -0.4, "uv": [166, 32]}
					]
				},
				{
					"name": "scope",
					"parent": "main",
					"pivot": [0, 36.55, 4.75],
					"cubes": [
						{"origin": [-0.138, 29.6, -2.55], "size": [1, 1, 1], "inflate": -0.4, "uv": [200, 26]}
					]
				},
				{
					"name": "gun",
					"parent": "main",
					"pivot": [2, 0, 0],
					"cubes": [
						{"origin": [-2.1, 22.6, -34], "size": [1.4, 2.3, 40.5], "inflate": -0.399, "uv": [88, 49]},
						{"origin": [-2.8, 20.9, -26.7], "size": [1, 4.1, 7.9], "inflate": -0.4, "pivot": [-2.3, 22.95, -23.9], "rotation": [0, 0, 25], "uv": [70, 112]},
						{"origin": [-2.05, 19.6, -34], "size": [1.35, 2.3, 40.5], "inflate": -0.399, "uv": [88, 91]},
						{"origin": [-2.05, 21.1, -34], "size": [1.35, 2.3, 5.5], "inflate": -0.4, "uv": [20, 231]},
						{"origin": [-2.05, 21.1, 3.2], "size": [1.35, 2.3, 3.3], "inflate": -0.399, "uv": [213, 241]},
						{"origin": [-1.5, 19.6, -34], "size": [4.5, 5.3, 40.5], "inflate": -0.4, "uv": [0, 49]},
						{"origin": [-1.9, 24, 2.7], "size": [4.8, 2.2, 3.7], "inflate": -0.4, "uv": [32, 231]},
						{"origin": [2.2, 23.9, -29.1], "size": [4.075, 1, 10.3], "inflate": -0.4, "uv": [158, 199]},
						{"origin": [-1.55, 18.5, -11.2], "size": [3.9, 1.9, 16.7], "inflate": -0.4, "uv": [172, 182]},
						{"origin": [-1.05, 14.5, -7.125], "size": [2.9, 1.1, 5.625], "inflate": -0.4, "uv": [228, 38]},
						{"origin": [-1.05, 14.5, -8.725], "size": [2.9, 1.1, 2.525], "inflate": -0.4, "pivot": [0.4, 15.05, -6.675], "rotation": [-40, 0, 0], "uv": [240, 77]},
						{"origin": [-0.55, 17.6312, -4.04076], "size": [1.9, 1.5, 2.65], "inflate": -0.4, "pivot": [0.4, 18.5812, -2.77826], "rotation": [-74, 0, 0], "uv": [160, 243]},
						{"origin": [-1.05, 15.575, -8.425], "size": [2.9, 3.825, 1.1], "inflate": -0.4, "uv": [94, 202]},
						{"origin": [-1.05, 17.775, -1.6], "size": [2.9, 2, 2], "inflate": -0.4, "pivot": [0.4, 18.6875, -0.85], "rotation": [45, 0, 0], "uv": [152, 239]},
						{"origin": [-1.25, 16.375, -1.4], "size": [3.3, 2.2, 2.2], "inflate": -0.4, "pivot": [0.4, 18.6875, -0.85], "rotation": [45, 0, 0], "uv": [238, 146]},
						{"origin": [-1.05, 14.5, -2.4], "size": [2.9, 1.1, 2.525], "inflate": -0.4, "pivot": [0.4, 15.05, -1.925], "rotation": [40, 0, 0], "uv": [240, 225]},
						{"origin": [-0.55, 15.7062, -4.68424], "size": [1.9, 1.15, 1.675], "inflate": -0.4, "pivot": [0.4, 16.2562, -3.42174], "rotation": [17, 0, 0], "uv": [244, 243]},
						{"origin": [-0.55, 16.5062, -4.38424], "size": [1.9, 1.275, 2.675], "inflate": -0.4, "pivot": [0.4, 17.0562, -2.94674], "rotation": [57.5, 0, 0], "uv": [166, 243]},
						{"origin": [-1.25, 13.5, -1.5], "size": [3.3, 1.8, 2.725], "inflate": -0.4, "pivot": [0.4, 15.05, -1.925], "rotation": [40, 0, 0], "uv": [238, 238]},
						{"origin": [-1.25, 5.83678, -1.22699], "size": [3.3, 10.3, 6.175], "inflate": -0.398, "pivot": [0.4, 15.63678, 0.08551], "rotation": [14.5, 0, 0], "uv": [68, 94]},
						{"origin": [-1.25, 5.87931, 1.88074], "size": [3.3, 2.7, 2.675], "inflate": -0.4, "pivot": [0.4, 11.02931, 2.96824], "rotation": [-30.5, 0, 0], "uv": [238, 150]},
						{"origin": [-1.25, 15.33678, 0.97301], "size": [3.3, 3.7, 3.975], "inflate": -0.398, "pivot": [0.4, 15.63678, 0.08551], "rotation": [14.5, 0, 0], "uv": [232, 206]},
						{"origin": [-1.05, 15.575, -1.275], "size": [2.9, 3.825, 1.1], "inflate": -0.4, "uv": [208, 231]},
						{"origin": [-1.25, 15.575, -0.975], "size": [3.3, 3.025, 2.8], "inflate": -0.399, "uv": [236, 220]},
						{"origin": [-1.05, 17.775, -9], "size": [2.9, 2, 2], "inflate": -0.4, "pivot": [0.4, 18.6875, -7.75], "rotation": [-45, 0, 0], "uv": [60, 239]},
						{"origin": [-0.65, 14.4, 3], "size": [2.2, 5.8, 10.2], "inflate": -0.4, "pivot": [0.45, 17.08404, 24.95], "rotation": [-12.5, 0, 0], "uv": [0, 198]},
						{"origin": [1.09352, 15.26868, 10.66355], "size": [1.5, 2.425, 13.5], "inflate": -0.4, "pivot": [0.45, 17.09798, 16.26355], "rotation": [15.79549, 25.24256, 123.5583], "uv": [186, 135]},
						{"origin": [-1.69352, 15.26868, 10.66355], "size": [1.5, 2.425, 13.5], "inflate": -0.4, "pivot": [0.45, 17.09798, 16.26355], "rotation": [15.79549, -25.24256, -123.5583], "uv": [130, 34]},
						{"origin": [-2.05, 15.8964, 10.66355], "size": [2.2, 3.8, 13.5], "inflate": -0.397, "pivot": [0.45, 17.09798, 16.26355], "rotation": [-29.5, 0, 0], "uv": [186, 119]},
						{"origin": [0.75, 15.8964, 10.66355], "size": [2.2, 3.8, 13.5], "inflate": -0.397, "pivot": [0.45, 17.09798, 16.26355], "rotation": [-29.5, 0, 0], "uv": [70, 186]},
						{"origin": [-0.65, 15.0964, 10.66355], "size": [2.2, 5.8, 13.5], "inflate": -0.4, "pivot": [0.45, 17.09798, 16.26355], "rotation": [-29.5, 0, 0], "uv": [40, 186]},
						{"origin": [1.09352, 11.90239, 19.81446], "size": [1.5, 2.425, 8], "inflate": -0.4, "pivot": [0.45, 13.73169, 21.06446], "rotation": [46.35004, 51.41298, 143.28932], "uv": [178, 223]},
						{"origin": [-1.69352, 11.90239, 19.81446], "size": [1.5, 2.425, 8], "inflate": -0.4, "pivot": [0.45, 13.73169, 21.06446], "rotation": [46.35004, -51.41298, -143.28932], "uv": [100, 217]},
						{"origin": [-2.05, 12.53012, 19.81446], "size": [2.2, 3.8, 8], "inflate": -0.398, "pivot": [0.45, 13.73169, 21.06446], "rotation": [-64.5, 0, 0], "uv": [176, 212]},
						{"origin": [0.75, 12.53012, 19.81446], "size": [2.2, 3.8, 8], "inflate": -0.398, "pivot": [0.45, 13.73169, 21.06446], "rotation": [-64.5, 0, 0], "uv": [50, 204]},
						{"origin": [-0.65, 11.73012, 19.81446], "size": [2.2, 2.8, 8], "inflate": -0.4, "pivot": [0.45, 13.73169, 21.06446], "rotation": [-64.5, 0, 0], "uv": [68, 123]},
						{"origin": [0.75, 18.95523, 3.61126], "size": [2.2, 3.8, 10], "inflate": -0.396, "pivot": [1.62448, 20.83927, 8.01126], "rotation": [-12.5, 0, 0], "uv": [186, 199]},
						{"origin": [1.58014, 20.71247, 3.41126], "size": [2.2, 2.65, 10.2], "inflate": -0.4, "pivot": [1.62448, 20.83927, 8.01126], "rotation": [-8.19309, -9.47295, -48.82], "uv": [204, 26]},
						{"origin": [-2.05, 18.81257, 3.77155], "size": [2.2, 3.8, 5.4], "inflate": -0.4, "pivot": [0.45, 21.49973, 8.74268], "rotation": [-32.5, 0, 0], "uv": [74, 227]},
						{"origin": [-1.85773, 19.95827, 3.77155], "size": [2.2, 2.65, 5.4], "inflate": -0.4, "pivot": [0.45, 21.49973, 8.74268], "rotation": [-22.47703, 24.11477, 44.6392], "uv": [100, 227]},
						{"origin": [-0.65, 18.01257, 3.57155], "size": [2.2, 5.8, 5.6], "inflate": -0.4, "pivot": [0.45, 21.49973, 8.74268], "rotation": [-32.5, 0, 0], "uv": [214, 225]},
						{"origin": [0.75, 18.81257, 3.77155], "size": [2.2, 3.8, 5.4], "inflate": -0.4, "pivot": [0.45, 21.49973, 8.74268], "rotation": [-32.5, 0, 0], "uv": [118, 226]},
						{"origin": [0.55773, 19.95827, 3.57155], "size": [2.2, 2.65, 5.6], "inflate": -0.4, "pivot": [0.45, 21.49973, 8.74268], "rotation": [-22.47703, -24.11477, -44.6392], "uv": [158, 192]},
						{"origin": [-0.52284, 19.76834, 4.91126], "size": [1.5, 2.425, 11.2], "inflate": -0.4, "pivot": [1.62448, 20.23927, 10.51126], "rotation": [6.32526, -10.80355, -120.59871], "uv": [200, 13]},
						{"origin": [1.68456, 15.47098, 4.5], "size": [1.75, 2.35, 11.2], "inflate": -0.4, "pivot": [0.45, 16.78404, 27.45], "rotation": [6.32526, 10.80355, 120.59871], "uv": [70, 202]},
						{"origin": [-2.46843, 16.06416, 3.2], "size": [2.2, 2.65, 10], "inflate": -0.4, "pivot": [0.45, 17.08404, 24.95], "rotation": [-8.19309, 9.47295, 48.82], "uv": [204, 38]},
						{"origin": [-0.23713, 18.79441, 8.15542], "size": [2.2, 2.65, 29.2], "inflate": -0.4, "pivot": [0.45, 21.01475, 24.95542], "rotation": [-2.60023, -3.04058, -49.43098], "uv": [124, 133]},
						{"origin": [-0.65, 20.28227, 8.15542], "size": [2.2, 2, 29.2], "inflate": -0.4, "pivot": [0.45, 21.01475, 24.95542], "rotation": [-4, 0, 0], "uv": [62, 133]},
						{"origin": [-2.05, 7.05893, 22.90572], "size": [5, 14.5, 14.4], "inflate": -0.399, "pivot": [0.45, 20.5414, 18.10572], "rotation": [-4, 0, 0], "uv": [100, 164]},
						{"origin": [-2.05, 14.85893, 17.90572], "size": [5, 6.7, 5.8], "inflate": -0.4, "pivot": [0.45, 20.5414, 18.10572], "rotation": [-4, 0, 0], "uv": [0, 213]},
						{"origin": [-2.05, 18.25893, 11.00572], "size": [5, 3.3, 7.7], "inflate": -0.399, "pivot": [0.45, 20.5414, 18.10572], "rotation": [-4, 0, 0], "uv": [204, 74]},
						{"origin": [-1.06287, 18.79441, 8.15542], "size": [2.2, 2.65, 29.2], "inflate": -0.4, "pivot": [0.45, 21.01475, 24.95542], "rotation": [-2.60023, 3.04058, 49.43098], "uv": [0, 128]},
						{"origin": [-2.05, 7.05893, 36.50572], "size": [5, 14.5, 1.6], "inflate": -0.4, "pivot": [0.45, 20.5414, 18.10572], "rotation": [-4, 0, 0], "uv": [158, 34]},
						{"origin": [-0.23713, 18.79441, 36.55542], "size": [2.2, 2.65, 1.6], "inflate": -0.399, "pivot": [0.45, 21.01475, 24.95542], "rotation": [-2.60023, -3.04058, -49.43098], "uv": [82, 242]},
						{"origin": [-0.65, 20.28227, 36.55542], "size": [2.2, 2, 1.6], "inflate": -0.398, "pivot": [0.45, 21.01475, 24.95542], "rotation": [-4, 0, 0], "uv": [242, 80]},
						{"origin": [-1.06287, 18.79441, 36.55542], "size": [2.2, 2.65, 1.6], "inflate": -0.399, "pivot": [0.45, 21.01475, 24.95542], "rotation": [-2.60023, 3.04058, 49.43098], "uv": [242, 68]},
						{"origin": [-2.05, 15.2, 3.2], "size": [2.2, 3.8, 10], "inflate": -0.398, "pivot": [0.45, 17.08404, 24.95], "rotation": [-12.5, 0, 0], "uv": [200, 0]},
						{"origin": [-2.7, 18.3, -49], "size": [6.2, 2.425, 15.9], "inflate": -0.4, "uv": [170, 102]},
						{"origin": [-2.7, 22.4, -49], "size": [6.2, 3.9, 15.9], "inflate": -0.4, "uv": [170, 84]},
						{"origin": [-2.7, 19.925, -49], "size": [6.2, 3.275, 1.9], "inflate": -0.4, "uv": [228, 80]},
						{"origin": [-2.7, 19.9, -37.2], "size": [6.2, 3.3, 4.1], "inflate": -0.4, "uv": [224, 0]},
						{"origin": [-2.7, 22.575, -37.8], "size": [6.2, 2.275, 1.525], "inflate": -0.401, "pivot": [0.4, 23.1, -35.65], "rotation": [45, 0, 0], "uv": [196, 212]},
						{"origin": [-2.7, 18.275, -37.8], "size": [6.2, 2.275, 1.525], "inflate": -0.401, "pivot": [0.4, 20.025, -35.65], "rotation": [-45, 0, 0], "uv": [138, 216]},
						{"origin": [-2.7, 22.575, -48.025], "size": [6.2, 2.275, 1.525], "inflate": -0.401, "pivot": [0.4, 23.1, -48.65], "rotation": [-45, 0, 0], "uv": [234, 114]},
						{"origin": [-2.7, 18.275, -48.025], "size": [6.2, 2.275, 1.525], "inflate": -0.401, "pivot": [0.4, 20.025, -48.65], "rotation": [45, 0, 0], "uv": [232, 212]},
						{"origin": [-2.1, 19.9, -47.9], "size": [5.1, 3.3, 11.5], "inflate": -0.4, "uv": [98, 34]},
						{"origin": [1.65, 18.8, -36], "size": [2.5, 7.1, 2.5], "inflate": -0.4, "pivot": [2.9, 22.3, -34.75], "rotation": [0, -45, 0], "uv": [118, 206]},
						{"origin": [-3.35, 18.8, -36], "size": [2.5, 7.1, 2.5], "inflate": -0.4, "pivot": [-2.1, 22.3, -34.75], "rotation": [0, -45, 0], "uv": [12, 234]},
						{"origin": [-0.9, 22.6, -94.9], "size": [2.4, 2.4, 47.1], "inflate": -0.4, "pivot": [0.5, 23.6, -71.35], "rotation": [0, 0, 22.5], "uv": [0, 0]},
						{"origin": [-1.3, 22.2, -51.3], "size": [3.1, 3.1, 3.1], "inflate": -0.4, "pivot": [0.6, 23.4, -71.75], "rotation": [0, 0, 22.5], "uv": [196, 231]},
						{"origin": [-1.1, 22.4, -68.6], "size": [2.7, 2.7, 4.3], "inflate": -0.4, "pivot": [0.6, 23.4, -89.05], "rotation": [0, 0, 22.5], "uv": [232, 194]},
						{"origin": [-1.1, 22.4, -91.175], "size": [2.7, 2.7, 4.7], "inflate": -0.4, "pivot": [0.6, 23.4, -111.625], "rotation": [0, 0, 22.5], "uv": [232, 200]},
						{"origin": [-1.3, 18.7, -51.3], "size": [3.1, 3.1, 3.1], "inflate": -0.4, "pivot": [0.6, 19.9, -71.75], "rotation": [0, 0, 22.5], "uv": [232, 182]},
						{"origin": [-1.2, 19.85, -60.1], "size": [3.175, 6.125, 3.1], "inflate": -0.402, "uv": [88, 227]},
						{"origin": [-1, 20.35, -68.6], "size": [2.775, 3.825, 4.3], "inflate": -0.4, "uv": [132, 229]},
						{"origin": [-0.8, 20.95, -91.175], "size": [2.375, 3.5, 4.7], "inflate": -0.4, "uv": [144, 229]},
						{"origin": [-0.8, 23.45, -91.575], "size": [2.375, 5.5, 1.2], "inflate": -0.4, "uv": [152, 203]},
						{"origin": [-0.8, 23.45, -93.775], "size": [2.375, 5.5, 1.2], "inflate": -0.4, "uv": [202, 237]},
						{"origin": [-0.3, 26.325, -94.075], "size": [1.375, 1.4, 4.025], "inflate": -0.4, "pivot": [0.3875, 27.025, -92.025], "rotation": [0, 0, -22.5], "uv": [132, 236]},
						{"origin": [-0.8, 27.7, -93.375], "size": [2.375, 1.25, 2.6], "inflate": -0.4, "uv": [240, 228]},
						{"origin": [-0.725, 28.15, -93.775], "size": [2.2, 1.05, 3.4], "inflate": -0.4, "uv": [238, 126]},
						{"origin": [-0.725, 28.4, -93.375], "size": [2.2, 1.55, 2.575], "inflate": -0.4, "uv": [240, 231]},
						{"origin": [-0.125, 29.1, -92.575], "size": [1, 1.55, 1], "inflate": -0.4, "pivot": [0.3375, 29.875, -92.0375], "rotation": [0, 22.5, 0], "uv": [8, 240]},
						{"origin": [-0.25, 29.1, -92.7], "size": [1.225, 1.15, 1.225], "inflate": -0.4, "uv": [28, 240]},
						{"origin": [-0.025, 29.3, -93.375], "size": [1.525, 1, 2.575], "inflate": -0.401, "pivot": [1.075, 30.075, -92.0875], "rotation": [0, 0, -45], "uv": [28, 242]},
						{"origin": [0.05, 30.45, -93.375], "size": [1.525, 1, 2.575], "inflate": -0.401, "pivot": [0.85, 30.675, -92.0875], "rotation": [0, 0, 45], "uv": [242, 38]},
						{"origin": [-1, 29.425, -93.375], "size": [1, 1.675, 2.575], "inflate": -0.4, "uv": [242, 44]},
						{"origin": [-0.75, 29.3, -93.375], "size": [1.525, 1, 2.575], "inflate": -0.401, "pivot": [-0.325, 30.075, -92.0875], "rotation": [0, 0, 45], "uv": [242, 41]},
						{"origin": [-0.825, 30.45, -93.375], "size": [1.525, 1, 2.575], "inflate": -0.401, "pivot": [-0.1, 30.675, -92.0875], "rotation": [0, 0, -45], "uv": [40, 242]},
						{"origin": [0.75, 29.425, -93.375], "size": [1, 1.675, 2.575], "inflate": -0.4, "uv": [34, 242]},
						{"origin": [-0.8, 27.45, -93.375], "size": [2.375, 1.05, 1.225], "inflate": -0.4, "uv": [238, 243]},
						{"origin": [-0.8, 27.45, -92], "size": [2.375, 1.05, 1.225], "inflate": -0.4, "uv": [0, 244]},
						{"origin": [-0.8, 23.5, -93.375], "size": [2.375, 2.8, 2.6], "inflate": -0.4, "uv": [160, 239]},
						{"origin": [-0.8, 24.925, -93.875], "size": [2.375, 1.375, 1.4], "inflate": -0.402, "pivot": [0.3875, 25.5, -92.725], "rotation": [-45, 0, 0], "uv": [242, 71]},
						{"origin": [-0.8, 24.925, -91.675], "size": [2.375, 1.375, 1.4], "inflate": -0.402, "pivot": [0.3875, 25.5, -91.425], "rotation": [45, 0, 0], "uv": [220, 243]},
						{"origin": [-0.8, 27.45, -93.875], "size": [2.375, 1.375, 1.4], "inflate": -0.402, "pivot": [0.3875, 28.25, -92.725], "rotation": [45, 0, 0], "uv": [232, 243]},
						{"origin": [-0.725, 28.4, -91.675], "size": [2.2, 1.375, 1.4], "inflate": -0.399, "pivot": [0.3875, 29.2, -91.425], "rotation": [-45, 0, 0], "uv": [226, 243]},
						{"origin": [-0.725, 28.4, -93.45], "size": [2.2, 1.375, 1.4], "inflate": -0.399, "pivot": [0.3875, 29.2, -93.2], "rotation": [-45, 0, 0], "uv": [244, 2]},
						{"origin": [-0.8, 27.45, -91.675], "size": [2.375, 1.375, 1.4], "inflate": -0.402, "pivot": [0.3875, 28.25, -91.425], "rotation": [-45, 0, 0], "uv": [244, 0]},
						{"origin": [-0.3, 19.05, -91.175], "size": [1.375, 2.6, 4.7], "inflate": -0.402, "uv": [82, 236]},
						{"origin": [-0.325, 20.5, -91.175], "size": [1.925, 1.925, 4.7], "inflate": -0.401, "pivot": [0.3875, 21.7, -88.825], "rotation": [0, 0, 45], "uv": [236, 121]},
						{"origin": [-1, 23.95, -68.6], "size": [2.775, 1.725, 1.6], "inflate": -0.4, "uv": [74, 225]},
						{"origin": [-1, 23.95, -65.9], "size": [2.775, 1.725, 1.6], "inflate": -0.4, "uv": [64, 237]},
						{"origin": [-1, 19.3, -67.575], "size": [2.775, 3.325, 3.275], "inflate": -0.399, "pivot": [0.3875, 21.4875, -66.45], "rotation": [-45, 0, 0], "uv": [32, 236]},
						{"origin": [1.175, 19.5, -58.125], "size": [1.925, 6.475, 1.125], "inflate": -0.403, "uv": [114, 227]},
						{"origin": [-1.3, 18.9, -60.1], "size": [3.1, 3.1, 3.1], "inflate": -0.4, "pivot": [0.6, 20.1, -80.55], "rotation": [0, 0, 22.5], "uv": [232, 188]},
						{"origin": [-2.05, 18.45, -60.1], "size": [4.3, 4.3, 1.35], "inflate": -0.401, "pivot": [0.6, 20.1, -80.55], "rotation": [0, 0, 22.5], "uv": [52, 159]},
						{"origin": [0.35, 19.85, -59.6], "size": [2.2, 1.3, 2.6], "inflate": -0.4, "pivot": [0.6, 20.1, -80.55], "rotation": [0, 0, 22.5], "uv": [204, 161]},
						{"origin": [-1.5, 19.35, -51.3], "size": [3.3, 4.325, 3.1], "inflate": -0.4, "uv": [228, 73]},
						{"origin": [-0.975, 20.55, -51.3], "size": [3.3, 4.325, 3.1], "inflate": -0.4, "uv": [228, 225]},
						{"origin": [-2.875, 25.75, -48.5], "size": [6.6, 1.7, 1.7], "inflate": -0.4, "pivot": [2.075, 26.2, -47.75], "rotation": [-22.5, 0, 0], "uv": [24, 202]},
						{"origin": [-1.375, 12.15, 1.5], "size": [3.6, 1.7, 1.7], "inflate": -0.4, "pivot": [2.075, 12.6, 2.25], "rotation": [-22.5, 0, 0], "uv": [236, 241]},
						{"origin": [-1.375, 19.5, -89.6], "size": [3.5, 1.4, 1.4], "inflate": -0.4, "pivot": [2.075, 20.05, -89.05], "rotation": [-22.5, 0, 0], "uv": [228, 241]},
						{"origin": [-2.875, 17.55, -48.3], "size": [6.6, 1.7, 1.7], "inflate": -0.4, "pivot": [2.075, 18.3, -47.85], "rotation": [-22.5, 0, 0], "uv": [80, 215]},
						{"origin": [-2.875, 25.85, -35.5], "size": [6.6, 1.7, 1.7], "inflate": -0.4, "pivot": [2.075, 26.3, -35.05], "rotation": [-22.5, 0, 0], "uv": [236, 119]},
						{"origin": [-2.875, 17.55, -35.5], "size": [6.6, 1.7, 1.7], "inflate": -0.4, "pivot": [2.075, 18.3, -35.05], "rotation": [-22.5, 0, 0], "uv": [236, 117]},
						{"origin": [-0.975, 24.05, -51.3], "size": [2.7, 1.925, 3.1], "inflate": -0.4, "uv": [192, 237]},
						{"origin": [-0.9, 19.3, -60.1], "size": [2.4, 2.4, 12.3], "inflate": -0.399, "pivot": [0.5, 20.3, -71.35], "rotation": [0, 0, 22.5], "uv": [100, 192]},
						{"origin": [-0.7, 19.6, -67.5], "size": [2, 2, 6.5], "inflate": -0.4, "pivot": [0.5, 20.4, -79.05], "rotation": [0, 0, 22.5], "uv": [170, 119]},
						{"origin": [-2.7, 25.5, -40.5], "size": [6.2, 1.6, 4.8], "inflate": -0.4, "uv": [218, 156]},
						{"origin": [-2.7, 16.825, -49], "size": [6.2, 2.275, 2.4], "inflate": -0.4, "uv": [158, 219]},
						{"origin": [-2.7, 17.275, -36.525], "size": [6.2, 3, 3], "inflate": -0.398, "pivot": [1.4, 18.775, -35.025], "rotation": [42.5, 0, 0], "uv": [20, 225]},
						{"origin": [-2.7, 16.825, -35.5], "size": [6.2, 2.275, 2.4], "inflate": -0.4, "uv": [224, 22]},
						{"origin": [-2.7, 25.475, -49], "size": [6.2, 2.4, 2.4], "inflate": -0.4, "uv": [228, 26]},
						{"origin": [-2.7, 24.05, -36.875], "size": [6.2, 3.4, 3], "inflate": -0.398, "pivot": [1.4, 25.95, -35.375], "rotation": [-52.5, 0, 0], "uv": [56, 225]},
						{"origin": [-2.7, 23.325, -42.075], "size": [6.2, 3.4, 3], "inflate": -0.401, "pivot": [1.4, 25.225, -40.575], "rotation": [-62.5, 0, 0], "uv": [196, 225]},
						{"origin": [-2.7, 25.475, -35.6], "size": [6.2, 2.4, 2.5], "inflate": -0.4, "uv": [228, 30]},
						{"origin": [-2.7, 24.05, -48.325], "size": [6.2, 3.4, 3], "inflate": -0.398, "pivot": [1.4, 25.95, -46.825], "rotation": [52.5, 0, 0], "uv": [38, 225]},
						{"origin": [-2.7, 17.275, -48.575], "size": [6.2, 3, 3], "inflate": -0.398, "pivot": [1.4, 18.775, -47.075], "rotation": [-42.5, 0, 0], "uv": [224, 16]},
						{"origin": [-2.1, 24.1, -29.1], "size": [6.2, 4.1, 1.2], "inflate": -0.398, "pivot": [1.72351, 25.85816, -29.175], "rotation": [0, 0, 0], "uv": [228, 68]},
						{"origin": [-2.1, 24.1, -28.7], "size": [1.2, 2.7, 3.2], "inflate": -0.399, "pivot": [1.72351, 25.85816, -29.175], "rotation": [0, 0, 0], "uv": [217, 66]},
						{"origin": [-1.7, 24.1, -26.7], "size": [1.2, 2.7, 1.2], "inflate": -0.399, "pivot": [2.12351, 25.85816, -27.175], "rotation": [0, 0, 0], "uv": [217, 62]},
						{"origin": [-1.3, 25.425, -26.7], "size": [3.1, 1.375, 1.2], "inflate": -0.398, "pivot": [2.12351, 25.45816, -27.175], "rotation": [0, 0, 0], "uv": [221, 62]},
						{"origin": [-1.3, 24.7, -26.7], "size": [2.05, 1.6, 1.2], "inflate": -0.398, "pivot": [2.12351, 24.95816, -27.175], "rotation": [0, 0, 0], "uv": [227, 59]},
						{"origin": [-1.6, 24.5, -26.7], "size": [3.775, 1.425, 1.2], "inflate": -0.399, "pivot": [-0.05, 25.15, -26.1], "rotation": [0, 0, -30], "uv": [225, 65]},
						{"origin": [-1.8, 24.1, -20.1], "size": [7.2, 3.3, 1.3], "inflate": -0.399, "uv": [228, 34]},
						{"origin": [3.91719, 22.85454, -20.1], "size": [1.675, 3.375, 1.3], "inflate": -0.4, "pivot": [1.72351, 25.85816, -29.175], "rotation": [0, 0, -20], "uv": [166, 28]},
						{"origin": [2.47398, 23.80709, -29.1], "size": [2.7, 2.475, 1.2], "inflate": -0.4, "pivot": [1.72351, 25.85816, -29.175], "rotation": [0, 0, -48], "uv": [242, 19]},
						{"origin": [2.7, 24.1, -29.1], "size": [2.7, 3.3, 1.2], "inflate": -0.399, "uv": [62, 128]},
						{"origin": [3.91719, 22.85454, -29.1], "size": [1.675, 3.375, 1.2], "inflate": -0.4, "pivot": [1.72351, 25.85816, -29.175], "rotation": [0, 0, -20], "uv": [214, 146]},
						{"origin": [4.45, 22.925, -29.1], "size": [1.325, 1.65, 10.3], "inflate": -0.4, "pivot": [4.425, 25.8, -18.4], "rotation": [0, 0, -20], "uv": [210, 193]},
						{"origin": [5.00365, 21.89297, -29.1], "size": [1.325, 1.65, 10.3], "inflate": -0.4, "pivot": [5.76615, 22.71797, -23.45], "rotation": [0, 0, 37.5], "uv": [212, 84]},
						{"origin": [5.28827, 21.73214, -29.1], "size": [1.05, 1.05, 10.3], "inflate": -0.4, "pivot": [5.81327, 22.25714, -23.95], "rotation": [0, 0, 10], "uv": [212, 161]},
						{"origin": [5.22865, 22.56797, -29.1], "size": [1.325, 1.65, 10.3], "inflate": -0.4, "uv": [210, 204]},
						{"origin": [2.20365, 17.66797, -28.6], "size": [1.425, 2.85, 9.8], "inflate": -0.399, "uv": [214, 135]},
						{"origin": [0.15365, 17.66797, -28.6], "size": [2.85, 1.075, 9.8], "inflate": -0.4, "uv": [212, 172]},
						{"origin": [1.47865, 17.94297, -28.6], "size": [1.525, 1.3, 9.8], "inflate": -0.4, "uv": [40, 215]},
						{"origin": [1.12865, 17.94297, -28.6], "size": [1.15, 1.075, 9.8], "inflate": -0.4, "uv": [196, 215]},
						{"origin": [1.82865, 18.44297, -28.6], "size": [1.175, 1.05, 9.8], "inflate": -0.4, "uv": [60, 215]},
						{"origin": [2.00365, 18.81797, -28.6], "size": [1.1, 1.7, 11.1], "inflate": -0.4, "pivot": [2.50365, 19.09297, -22.3], "rotation": [0, 0, 14], "uv": [204, 50]},
						{"origin": [1.67765, 17.73081, -28.6], "size": [1.075, 2.15, 11.1], "inflate": -0.4, "pivot": [2.22765, 18.95581, -22.3], "rotation": [0, 0, 53.5], "uv": [128, 203]},
						{"origin": [0.55476, 17.52266, -28.6], "size": [1.1, 1.975, 11.1], "inflate": -0.4, "pivot": [0.98417, 18.46964, -22.3], "rotation": [0, 0, 74.5], "uv": [204, 62]},
						{"origin": [2.20365, 19.66797, -25.475], "size": [1.425, 4.35, 3.55], "inflate": -0.4, "uv": [92, 236]},
						{"origin": [2.20365, 17.59297, -22.575], "size": [1.425, 5.5, 3.225], "inflate": -0.402, "pivot": [2.91615, 19.76797, -22.25], "rotation": [41.75, 0, 0], "uv": [124, 234]},
						{"origin": [2.20365, 17.59297, -28.05], "size": [1.425, 5.5, 3.225], "inflate": -0.403, "pivot": [2.91615, 19.76797, -25.15], "rotation": [-41.75, 0, 0], "uv": [220, 235]},
						{"origin": [2.80365, 17.66797, -28.6], "size": [1.125, 1.1, 9.8], "inflate": -0.4, "uv": [20, 215]},
						{"origin": [3.10365, 17.66797, -28.6], "size": [1.125, 1.1, 1.3], "inflate": -0.4, "uv": [152, 236]},
						{"origin": [-2.1, 24.1, -34], "size": [5.1, 2.4, 3], "inflate": -0.4, "uv": [170, 127]},
						{"origin": [-1.325, 24.8, -30.75], "size": [3.525, 2.25, 2.45], "inflate": -0.4, "uv": [238, 130]},
						{"origin": [-2.1, 24.575, -32.125], "size": [5.1, 1.675, 1.55], "inflate": -0.401, "pivot": [0.45, 25.3, -31.575], "rotation": [35, 0, 0], "uv": [52, 237]},
						{"origin": [-2.4, 25.175, -30.925], "size": [5.7, 1.55, 1.55], "inflate": -0.4, "pivot": [0.45, 25.9, -30.375], "rotation": [35, 0, 0], "uv": [20, 238]},
						{"origin": [-1.3, 25.075, -31.625], "size": [3.5, 1.65, 2.05], "inflate": -0.4, "pivot": [-2.25, 25.9, -30.675], "rotation": [35, 0, 0], "uv": [228, 238]},
						{"origin": [-2.1, 24.1, -31.8], "size": [5.1, 1.7, 3.5], "inflate": -0.4, "uv": [24, 198]}
					]
				},
				{
					"name": "switch",
					"parent": "gun",
					"pivot": [-2.4125, 19.50981, -4.80316],
					"cubes": [
						{"origin": [-1.9, 18.875, -4.375], "size": [1.2, 1.2, 3.575], "inflate": -0.4, "pivot": [-1.4, 19.475, -2.6], "rotation": [8, 0, 0], "uv": [116, 240]},
						{"origin": [-1.9, 18.675, -5.4], "size": [1.15, 1.625, 1.9], "inflate": -0.4, "uv": [30, 245]},
						{"origin": [-2.35, 19.275, -2.5], "size": [1.3, 1.025, 1.725], "inflate": -0.4, "uv": [34, 245]},
						{"origin": [-1.9, 19.075, -4.3], "size": [1.15, 1.225, 3.525], "inflate": -0.399, "uv": [108, 240]},
						{"origin": [-1.775, 18.575, -2.1], "size": [1.025, 1.325, 1.325], "inflate": -0.4, "uv": [38, 245]},
						{"origin": [-1.775, 18.675, -2.45], "size": [1.025, 1.725, 1.325], "inflate": -0.4, "pivot": [-1.225, 19.3375, -1.7875], "rotation": [57.5, 0, 0], "uv": [42, 245]}
					]
				},
				{
					"name": "cover",
					"parent": "gun",
					"pivot": [1.36405, 26.05816, -30.22278],
					"cubes": [
						{"origin": [-2.1, 24.1, -19.6], "size": [7.05, 4.1, 5.8], "inflate": -0.4, "pivot": [1.36405, 26.05816, -30.22278], "rotation": [0, 0, 0], "uv": [152, 210]},
						{"origin": [-2.1, 25.6, -28.7], "size": [6.6, 2.6, 9.9], "inflate": -0.4, "pivot": [1.36405, 26.05816, -30.22278], "rotation": [0, 0, 0], "uv": [128, 192]},
						{"origin": [-1.7, 27.4, -29.1], "size": [5.6, 1.1, 15.3], "inflate": -0.4, "pivot": [1.36405, 26.05816, -30.22278], "rotation": [0, 0, 0], "uv": [0, 182]},
						{"origin": [2.20641, 23.60613, -20.1], "size": [2.7, 2.475, 1.3], "inflate": -0.4, "pivot": [1.36405, 26.05816, -30.22278], "rotation": [0, 0, -48], "uv": [132, 226]},
						{"origin": [3.1, 27.375, -29.1], "size": [1.075, 1.15, 10.3], "inflate": -0.4, "pivot": [1.36405, 26.05816, -30.22278], "rotation": [0, 0, 0], "uv": [210, 182]},
						{"origin": [2.80641, 23.60613, -28.7], "size": [2.1, 2.475, 4.9], "inflate": -0.402, "pivot": [1.36405, 26.05816, -30.22278], "rotation": [0, 0, -48], "uv": [46, 231]},
						{"origin": [3.90641, 24.50613, -24.6], "size": [1, 1.575, 5.3], "inflate": -0.4, "pivot": [1.36405, 26.05816, -30.22278], "rotation": [0, 0, -48], "uv": [58, 231]},
						{"origin": [3.90641, 28.67797, -25.82195], "size": [1, 1.775, 1.5], "inflate": -0.403, "pivot": [1.36405, 26.05816, -30.22278], "rotation": [-45.5, 0, -48], "uv": [212, 117]},
						{"origin": [3.90641, 16.87684, -24.52667], "size": [1, 1.775, 1.5], "inflate": -0.402, "pivot": [1.36405, 26.05816, -30.22278], "rotation": [45.5, 0, -48], "uv": [20, 213]},
						{"origin": [3.90641, 23.60613, -28.7], "size": [1, 2.475, 3.8], "inflate": -0.4, "pivot": [1.36405, 26.05816, -30.22278], "rotation": [0, 0, -48], "uv": [238, 156]},
						{"origin": [-1.325, 27.7, -25.9], "size": [3.5, 1.05, 10.1], "inflate": -0.4, "pivot": [1.36405, 26.05816, -30.22278], "rotation": [0, 0, 0], "uv": [24, 204]},
						{"origin": [0.775, 27.95, -24.6], "size": [1.4, 1.55, 1.9], "inflate": -0.399, "pivot": [1.36405, 26.05816, -30.22278], "rotation": [0, 0, 0], "uv": [148, 241]},
						{"origin": [0.775, 32.07262, -28.51693], "size": [1.4, 1.575, 1.575], "inflate": -0.4, "pivot": [1.36405, 26.05816, -30.22278], "rotation": [-45, 0, 0], "uv": [198, 241]},
						{"origin": [-1.325, 32.07262, -28.51693], "size": [1.4, 1.575, 1.575], "inflate": -0.4, "pivot": [1.36405, 26.05816, -30.22278], "rotation": [-45, 0, 0], "uv": [140, 244]},
						{"origin": [-1.325, 27.95, -24.6], "size": [1.4, 1.55, 1.9], "inflate": -0.4, "pivot": [1.36405, 26.05816, -30.22278], "rotation": [0, 0, 0], "uv": [144, 244]},
						{"origin": [-3.39553, 27.95, -27.05378], "size": [1.2, 1.55, 1.8], "inflate": -0.4, "pivot": [1.36405, 26.05816, -30.22278], "rotation": [0, 45, 0], "uv": [244, 182]},
						{"origin": [3.61329, 27.95, -25.74344], "size": [1.2, 1.55, 1.8], "inflate": -0.4, "pivot": [1.36405, 26.05816, -30.22278], "rotation": [0, -45, 0], "uv": [244, 184]},
						{"origin": [-0.625, 27.95, -25.3], "size": [2.125, 1.55, 1.25], "inflate": -0.4, "pivot": [1.36405, 26.05816, -30.22278], "rotation": [0, 0, 0], "uv": [244, 4]},
						{"origin": [1.075, 26.40056, -23.32142], "size": [1.1, 1.25, 2.2], "inflate": -0.4, "pivot": [1.36405, 26.05816, -30.22278], "rotation": [10, 0, 0], "uv": [46, 242]},
						{"origin": [1.075, 27.9, -22.275], "size": [1.1, 1.25, 2.2], "inflate": -0.4, "pivot": [1.36405, 26.05816, -30.22278], "rotation": [0, 0, 0], "uv": [242, 47]},
						{"origin": [1.075, 29.35667, -21.40052], "size": [1.1, 1.25, 4.8], "inflate": -0.4, "pivot": [1.36405, 26.05816, -30.22278], "rotation": [-8.75, 0, 0], "uv": [142, 236]},
						{"origin": [-1.325, 29.35667, -21.40052], "size": [1.1, 1.25, 4.8], "inflate": -0.4, "pivot": [1.36405, 26.05816, -30.22278], "rotation": [-8.75, 0, 0], "uv": [236, 215]},
						{"origin": [-1.325, 27.9, -22.275], "size": [1.1, 1.25, 2.2], "inflate": -0.4, "pivot": [1.36405, 26.05816, -30.22278], "rotation": [0, 0, 0], "uv": [242, 50]},
						{"origin": [-1.325, 26.40056, -23.32142], "size": [1.1, 1.25, 2.2], "inflate": -0.4, "pivot": [1.36405, 26.05816, -30.22278], "rotation": [10, 0, 0], "uv": [242, 53]},
						{"origin": [0.775, 35.70427, -24.23407], "size": [1.9, 2, 2], "inflate": -0.4, "pivot": [1.36405, 26.05816, -30.22278], "rotation": [-42.5, 0, 0], "uv": [76, 241]},
						{"origin": [-1.825, 35.70427, -24.23407], "size": [1.9, 2, 2], "inflate": -0.4, "pivot": [1.36405, 26.05816, -30.22278], "rotation": [-42.5, 0, 0], "uv": [192, 241]},
						{"origin": [-1.925, 37.27838, -22.74343], "size": [4.9, 1.5, 1.5], "inflate": -0.4, "pivot": [1.36405, 26.05816, -30.22278], "rotation": [-42.5, 0, 0], "uv": [176, 210]},
						{"origin": [2.175, 37.00338, -23.01843], "size": [1, 2.05, 2.05], "inflate": -0.4, "pivot": [1.36405, 26.05816, -30.22278], "rotation": [-42.5, 0, 0], "uv": [208, 241]},
						{"origin": [-0.725, 28.1219, -25.72415], "size": [2.3, 1.05, 10.1], "inflate": -0.4, "pivot": [1.36405, 26.05816, -30.22278], "rotation": [3.5, 0, 0], "uv": [94, 206]},
						{"origin": [0.02531, 35.29818, -19.7817], "size": [2.25, 1.5, 1], "inflate": -0.4, "pivot": [1.36405, 26.05816, -30.22278], "rotation": [-27.51882, 0.7599, 0.10473], "uv": [20, 244]},
						{"origin": [-1.94969, 35.29818, -19.7817], "size": [2.25, 1.5, 1], "inflate": -0.4, "pivot": [1.36405, 26.05816, -30.22278], "rotation": [-27.51882, 0.7599, 0.10473], "uv": [244, 26]},
						{"origin": [-0.49973, 35.30225, -19.77597], "size": [1.325, 1.175, 1], "inflate": -0.4, "pivot": [1.36405, 26.05816, -30.22278], "rotation": [-27.51882, 0.7599, 0.10473], "uv": [244, 186]},
						{"origin": [-2.125, 35.95427, -23.98407], "size": [1.1, 1.5, 1.5], "inflate": -0.4, "pivot": [1.36405, 26.05816, -30.22278], "rotation": [-42.5, 0, 0], "uv": [244, 188]},
						{"origin": [1.875, 35.95427, -23.98407], "size": [1.1, 1.5, 1.5], "inflate": -0.4, "pivot": [1.36405, 26.05816, -30.22278], "rotation": [-42.5, 0, 0], "uv": [244, 190]},
						{"origin": [2.525, 27.75, -16.7], "size": [1.15, 2.7, 2.25], "inflate": -0.5, "pivot": [1.36405, 26.05816, -30.22278], "rotation": [0, 0, 0], "uv": [242, 15]},
						{"origin": [-2.15, 27.75, -15.45], "size": [5.825, 2.2, 1.15], "inflate": -0.5, "pivot": [1.36405, 26.05816, -30.22278], "rotation": [0, 0, 0], "uv": [40, 182]},
						{"origin": [-2.15, 27.6, -16.7], "size": [5.825, 1.15, 2.4], "inflate": -0.5, "pivot": [1.36405, 26.05816, -30.22278], "rotation": [0, 0, 0], "uv": [234, 179]},
						{"origin": [-2.15, 27.75, -16.7], "size": [1.15, 1.7, 2.25], "inflate": -0.5, "pivot": [1.36405, 26.05816, -30.22278], "rotation": [0, 0, 0], "uv": [172, 243]},
						{"origin": [1.75, 28.95, -15.45], "size": [1.925, 1.5, 1.15], "inflate": -0.5, "pivot": [1.36405, 26.05816, -30.22278], "rotation": [0, 0, 0], "uv": [26, 245]},
						{"origin": [-1.95538, 26.3, -29.23432], "size": [2.5, 2.5, 2.5], "inflate": -0.4, "pivot": [1.36405, 26.05816, -30.22278], "rotation": [0, 22.5, 0], "uv": [168, 239]},
						{"origin": [1.4, 25.19091, -31.08819], "size": [1.6, 1.75, 2.35], "inflate": -0.399, "pivot": [1.36405, 26.05816, -30.22278], "rotation": [35, 0, 0], "uv": [242, 62]},
						{"origin": [1.4, 26.2438, -31.674], "size": [1.6, 1.1, 3.85], "inflate": -0.4, "pivot": [1.36405, 26.05816, -30.22278], "rotation": [-22.5, 0, 0], "uv": [20, 240]},
						{"origin": [1.4, 26.6, -31.4], "size": [1.6, 1.1, 3.6], "inflate": -0.398, "pivot": [1.36405, 26.05816, -30.22278], "rotation": [0, 0, 0], "uv": [184, 239]},
						{"origin": [1.4, 26.5438, -30.999], "size": [1.6, 1.075, 3], "inflate": -0.4, "pivot": [1.36405, 26.05816, -30.22278], "rotation": [-22.5, 0, 0], "uv": [240, 73]},
						{"origin": [1.4, 26.8188, -30.274], "size": [1.6, 1.125, 2.2], "inflate": -0.4, "pivot": [1.36405, 26.05816, -30.22278], "rotation": [-22.5, 0, 0], "uv": [242, 59]},
						{"origin": [-2.1, 26.5438, -30.999], "size": [1.6, 1.075, 3], "inflate": -0.4, "pivot": [1.36405, 26.05816, -30.22278], "rotation": [-22.5, 0, 0], "uv": [240, 22]},
						{"origin": [-2.1, 26.6, -31.4], "size": [1.6, 1.1, 3.6], "inflate": -0.398, "pivot": [1.36405, 26.05816, -30.22278], "rotation": [0, 0, 0], "uv": [176, 239]},
						{"origin": [-2.1, 26.8188, -30.274], "size": [1.6, 1.125, 2.2], "inflate": -0.4, "pivot": [1.36405, 26.05816, -30.22278], "rotation": [-22.5, 0, 0], "uv": [242, 56]},
						{"origin": [-2.1, 26.2438, -31.674], "size": [1.6, 1.1, 3.85], "inflate": -0.4, "pivot": [1.36405, 26.05816, -30.22278], "rotation": [-22.5, 0, 0], "uv": [0, 240]},
						{"origin": [-2.1, 25.19091, -31.08819], "size": [1.6, 1.75, 2.35], "inflate": -0.399, "pivot": [1.36405, 26.05816, -30.22278], "rotation": [35, 0, 0], "uv": [242, 65]},
						{"origin": [-2.1, 24.1, -14.6], "size": [5.1, 2.7, 21.1], "inflate": -0.4, "pivot": [1.36405, 26.05816, -30.22278], "rotation": [0, 0, 0], "uv": [0, 159]},
						{"origin": [-5.7, 20.475, -4], "size": [12.3, 9.925, 14], "inflate": -3.98, "pivot": [1.36405, 24.45816, -26.72278], "rotation": [0, 0, 0], "uv": [51, 0]},
						{"origin": [2.78136, 24.1, -15.22182], "size": [4.3, 2.7, 20.5], "inflate": -0.401, "pivot": [1.36405, 26.05816, -30.22278], "rotation": [0, -7.75, 0], "uv": [52, 164]},
						{"origin": [23.78733, 26, -7.44653], "size": [1.5, 1, 1.5], "inflate": -0.4, "pivot": [1.36405, 26.05816, -30.12278], "rotation": [0, -45, 0], "uv": [244, 208]},
						{"origin": [11.66887, 26, -1.62616], "size": [2, 1.1, 2], "inflate": -0.4, "pivot": [1.36405, 26.05816, -30.12278], "rotation": [0, -22.5, 0], "uv": [140, 241]},
						{"origin": [22.79738, 26, -6.45658], "size": [1.5, 1, 1.5], "inflate": -0.4, "pivot": [1.36405, 26.05816, -30.12278], "rotation": [0, -45, 0], "uv": [244, 210]},
						{"origin": [24.07017, 26, -6.17374], "size": [1.5, 1, 1.5], "inflate": -0.4, "pivot": [1.36405, 26.05816, -30.12278], "rotation": [0, -45, 0], "uv": [244, 241]}
					]
				},
				{
					"name": "bipodfolded",
					"parent": "gun",
					"pivot": [0.40065, 20.14043, -88.86112],
					"rotation": [-5, 0, 0],
					"cubes": [
						{"origin": [0.45, 20.15, -91.175], "size": [2.075, 1.125, 5.5], "inflate": -0.4, "uv": [228, 44]},
						{"origin": [0.45, 19.225, -91.175], "size": [2.075, 1.125, 5.5], "inflate": -0.4, "uv": [228, 50]},
						{"origin": [0.45, 19.55, -88.575], "size": [2.075, 1.4, 2.9], "inflate": -0.4, "uv": [240, 234]},
						{"origin": [0.61036, 19.375, -86.475], "size": [1.775, 1.75, 33.3], "inflate": -0.4, "pivot": [1.49786, 20.25, -85.425], "rotation": [0, 0, 22.5], "uv": [0, 94]},
						{"origin": [0.05, 18.25, -53.975], "size": [1.3, 3.3, 1.1], "inflate": -0.4, "uv": [70, 231]},
						{"origin": [0.55, 18.25, -53.975], "size": [1.875, 3.8, 1.1], "inflate": -0.4, "uv": [192, 233]},
						{"origin": [1.625, 18.25, -53.975], "size": [1.3, 3.3, 1.1], "inflate": -0.4, "uv": [204, 243]},
						{"origin": [1.625, 20.55, -53.975], "size": [1.3, 1.5, 1.1], "inflate": -0.402, "pivot": [2.275, 21.05, -53.425], "rotation": [0, 0, -45], "uv": [244, 192]},
						{"origin": [0.05, 20.55, -53.975], "size": [1.3, 1.5, 1.1], "inflate": -0.402, "pivot": [0.7, 21.05, -53.425], "rotation": [0, 0, 45], "uv": [244, 194]},
						{"origin": [1.625, 15.8, -54.275], "size": [1.3, 3.3, 1.1], "inflate": -0.4, "pivot": [1.4875, 16.78661, -53.725], "rotation": [-8.75, 0, 0], "uv": [244, 28]},
						{"origin": [0.55, 15.3, -54.275], "size": [1.875, 3.8, 1.1], "inflate": -0.4, "pivot": [1.4875, 16.78661, -53.725], "rotation": [-8.75, 0, 0], "uv": [244, 32]},
						{"origin": [1.73843, 15.99937, -54.275], "size": [1.3, 1.5, 1.1], "inflate": -0.402, "pivot": [1.4875, 16.78661, -53.725], "rotation": [-6.21129, 6.17511, 44.66463], "uv": [244, 196]},
						{"origin": [-0.06343, 15.99937, -54.275], "size": [1.3, 1.5, 1.1], "inflate": -0.402, "pivot": [1.4875, 16.78661, -53.725], "rotation": [-6.21129, -6.17511, -44.66463], "uv": [244, 198]},
						{"origin": [0.05, 15.8, -54.275], "size": [1.3, 3.3, 1.1], "inflate": -0.4, "pivot": [1.4875, 16.78661, -53.725], "rotation": [-8.75, 0, 0], "uv": [52, 244]},
						{"origin": [0.95, 18.825, -53.675], "size": [1.075, 3.925, 1.7], "inflate": -0.4, "pivot": [1.425, 20.55, -76.625], "rotation": [-8.75, 0, 0], "uv": [56, 244]},
						{"origin": [0.95, 18.225, -53.675], "size": [1.075, 3.825, 1.7], "inflate": -0.4, "uv": [66, 244]},
						{"origin": [-1.725, 20.15, -91.175], "size": [2.075, 1.125, 5.5], "inflate": -0.4, "uv": [228, 56]},
						{"origin": [-1.725, 19.225, -91.175], "size": [2.075, 1.125, 5.5], "inflate": -0.4, "uv": [228, 62]},
						{"origin": [-1.725, 19.55, -88.575], "size": [2.075, 1.4, 2.9], "inflate": -0.4, "uv": [68, 241]},
						{"origin": [-1.56464, 19.375, -86.475], "size": [1.775, 1.75, 33.3], "inflate": -0.4, "pivot": [-0.67714, 20.25, -85.425], "rotation": [0, 0, 22.5], "uv": [98, 0]},
						{"origin": [-1.76464, 19.175, -62.575], "size": [2.175, 2.15, 2.1], "inflate": -0.4, "pivot": [-0.67714, 20.25, -85.425], "rotation": [0, 0, 22.5], "uv": [100, 240]},
						{"origin": [-0.71464, 18.975, -62.575], "size": [2.975, 1.05, 2.1], "inflate": -0.4, "uv": [132, 241]},
						{"origin": [0.61036, 19.175, -62.575], "size": [1.975, 1.95, 2.1], "inflate": -0.399, "pivot": [1.49786, 20.25, -85.425], "rotation": [0, 0, 22.5], "uv": [124, 242]},
						{"origin": [1.48505, 19.93167, -62.575], "size": [1, 1.6, 2.1], "inflate": -0.4, "pivot": [1.98505, 20.85667, -61.525], "rotation": [0, 0, -27.5], "uv": [8, 243]},
						{"origin": [1.68505, 20.53167, -62.575], "size": [1.1, 1, 2.1], "inflate": -0.4, "pivot": [1.98505, 20.85667, -61.525], "rotation": [0, 0, -27.5], "uv": [14, 243]},
						{"origin": [1.98505, 20.33167, -62.575], "size": [1, 1.2, 2.1], "inflate": -0.4, "pivot": [1.98505, 20.85667, -61.525], "rotation": [0, 0, -27.5], "uv": [60, 243]},
						{"origin": [-2.125, 18.25, -53.975], "size": [1.3, 3.3, 1.1], "inflate": -0.4, "uv": [70, 244]},
						{"origin": [-1.625, 18.25, -53.975], "size": [1.875, 3.8, 1.1], "inflate": -0.4, "uv": [100, 244]},
						{"origin": [-0.55, 18.25, -53.975], "size": [1.3, 3.3, 1.1], "inflate": -0.4, "uv": [104, 244]},
						{"origin": [-0.55, 20.55, -53.975], "size": [1.3, 1.5, 1.1], "inflate": -0.402, "pivot": [0.1, 21.05, -53.425], "rotation": [0, 0, -45], "uv": [244, 200]},
						{"origin": [-2.125, 20.55, -53.975], "size": [1.3, 1.5, 1.1], "inflate": -0.402, "pivot": [-1.475, 21.05, -53.425], "rotation": [0, 0, 45], "uv": [244, 202]},
						{"origin": [-0.55, 15.8, -54.275], "size": [1.3, 3.3, 1.1], "inflate": -0.4, "pivot": [-0.6875, 16.78661, -53.725], "rotation": [-8.75, 0, 0], "uv": [108, 244]},
						{"origin": [-1.625, 15.3, -54.275], "size": [1.875, 3.8, 1.1], "inflate": -0.4, "pivot": [-0.6875, 16.78661, -53.725], "rotation": [-8.75, 0, 0], "uv": [112, 244]},
						{"origin": [-0.43657, 15.99937, -54.275], "size": [1.3, 1.5, 1.1], "inflate": -0.402, "pivot": [-0.6875, 16.78661, -53.725], "rotation": [-6.21129, 6.17511, 44.66463], "uv": [244, 204]},
						{"origin": [-2.23843, 15.99937, -54.275], "size": [1.3, 1.5, 1.1], "inflate": -0.402, "pivot": [-0.6875, 16.78661, -53.725], "rotation": [-6.21129, -6.17511, -44.66463], "uv": [244, 206]},
						{"origin": [-2.125, 15.8, -54.275], "size": [1.3, 3.3, 1.1], "inflate": -0.4, "pivot": [-0.6875, 16.78661, -53.725], "rotation": [-8.75, 0, 0], "uv": [116, 244]},
						{"origin": [-1.225, 18.825, -53.675], "size": [1.075, 3.925, 1.7], "inflate": -0.4, "pivot": [-0.75, 20.55, -76.625], "rotation": [-8.75, 0, 0], "uv": [120, 244]},
						{"origin": [-1.225, 18.225, -53.675], "size": [1.075, 3.825, 1.7], "inflate": -0.4, "uv": [130, 244]}
					]
				},
				{
					"name": "bipod",
					"parent": "gun",
					"pivot": [0.40065, 20.14043, -88.86112],
					"rotation": [-90, 0, 0],
					"cubes": [
						{"origin": [0.45, 20.15, -91.175], "size": [2.075, 1.125, 5.5], "inflate": -0.4, "pivot": [1.49786, 20.175, -88.825], "rotation": [0, 30, 0], "uv": [228, 44]},
						{"origin": [-0.55, 19.5, -88.075], "size": [1.875, 1.5, 1.5], "inflate": -0.4, "pivot": [1.49786, 19.925, -88.825], "rotation": [0, 30, 0], "uv": [252, 52]},
						{"origin": [-0.47624, 19.5, -87.49578], "size": [1.9, 1.5, 1.5], "inflate": -0.4, "uv": [252, 48]},
						{"origin": [-0.425, 19.5, -88.075], "size": [1.875, 1.5, 1.5], "inflate": -0.4, "pivot": [-0.59786, 19.925, -88.825], "rotation": [0, -30, 0], "uv": [252, 50], "mirror": true},
						{"origin": [0.45, 19.225, -91.175], "size": [2.075, 1.125, 5.5], "inflate": -0.4, "pivot": [1.49786, 20.175, -88.825], "rotation": [0, 30, 0], "uv": [228, 50]},
						{"origin": [0.45, 19.55, -88.575], "size": [2.075, 1.4, 2.9], "inflate": -0.4, "pivot": [1.49786, 20.175, -88.825], "rotation": [0, 30, 0], "uv": [240, 234]},
						{"origin": [0.58165, 19.36929, -86.475], "size": [1.775, 1.75, 33.3], "inflate": -0.4, "pivot": [1.49786, 20.175, -88.825], "rotation": [12.45891, 27.51235, 25.56145], "uv": [0, 94]},
						{"origin": [0.05, 18.25, -53.975], "size": [1.3, 3.3, 1.1], "inflate": -0.4, "pivot": [1.49786, 20.175, -88.825], "rotation": [0, 30, 0], "uv": [70, 231]},
						{"origin": [0.55, 18.25, -53.975], "size": [1.875, 3.8, 1.1], "inflate": -0.4, "pivot": [1.49786, 20.175, -88.825], "rotation": [0, 30, 0], "uv": [192, 233]},
						{"origin": [1.625, 18.25, -53.975], "size": [1.3, 3.3, 1.1], "inflate": -0.4, "pivot": [1.49786, 20.175, -88.825], "rotation": [0, 30, 0], "uv": [204, 243]},
						{"origin": [2.0161, 19.74419, -53.975], "size": [1.3, 1.5, 1.1], "inflate": -0.402, "pivot": [1.49786, 20.175, -88.825], "rotation": [-22.20765, 20.70481, -49.10661], "uv": [244, 192]},
						{"origin": [-0.33503, 19.72955, -53.975], "size": [1.3, 1.5, 1.1], "inflate": -0.402, "pivot": [1.49786, 20.175, -88.825], "rotation": [22.20765, 20.70481, 49.10661], "uv": [244, 194]},
						{"origin": [1.625, 21.17897, -54.16806], "size": [1.3, 3.3, 1.1], "inflate": -0.4, "pivot": [1.49786, 20.175, -88.825], "rotation": [-8.75, 30, 0], "uv": [244, 28]},
						{"origin": [0.55, 20.67897, -54.16806], "size": [1.875, 3.8, 1.1], "inflate": -0.4, "pivot": [1.49786, 20.175, -88.825], "rotation": [-8.75, 30, 0], "uv": [244, 32]},
						{"origin": [0.33391, 20.78799, -54.16806], "size": [1.3, 1.5, 1.1], "inflate": -0.402, "pivot": [1.49786, 20.175, -88.825], "rotation": [16.92089, 26.53277, 51.36585], "uv": [244, 196]},
						{"origin": [1.34715, 20.80263, -54.16806], "size": [1.3, 1.5, 1.1], "inflate": -0.402, "pivot": [1.49786, 20.175, -88.825], "rotation": [-27.5596, 15.09363, -46.37316], "uv": [244, 198]},
						{"origin": [0.05, 21.17897, -54.16806], "size": [1.3, 3.3, 1.1], "inflate": -0.4, "pivot": [1.49786, 20.175, -88.825], "rotation": [-8.75, 30, 0], "uv": [52, 244]},
						{"origin": [0.95, 20.67654, -53.87404], "size": [1.075, 3.925, 1.7], "inflate": -0.4, "pivot": [1.49786, 20.175, -88.825], "rotation": [-8.75, 30, 0], "uv": [56, 244]},
						{"origin": [0.95, 18.225, -53.675], "size": [1.075, 3.825, 1.7], "inflate": -0.4, "pivot": [1.49786, 20.175, -88.825], "rotation": [0, 30, 0], "uv": [66, 244]},
						{"origin": [-1.725, 20.15, -91.175], "size": [2.075, 1.125, 5.5], "inflate": -0.4, "pivot": [-0.6, 20.15, -88.725], "rotation": [0, -30, 0], "uv": [228, 56]},
						{"origin": [-1.725, 19.225, -91.175], "size": [2.075, 1.125, 5.5], "inflate": -0.4, "pivot": [-0.6, 20.15, -88.725], "rotation": [0, -30, 0], "uv": [228, 62]},
						{"origin": [-1.725, 19.55, -88.575], "size": [2.075, 1.4, 2.9], "inflate": -0.4, "pivot": [-0.6, 20.15, -88.725], "rotation": [0, -30, 0], "uv": [68, 241]},
						{"origin": [-1.59704, 19.33787, -86.475], "size": [1.775, 1.75, 33.3], "inflate": -0.4, "pivot": [-0.6, 20.15, -88.725], "rotation": [-12.45891, -27.51235, 25.56145], "uv": [98, 0]},
						{"origin": [-1.79704, 19.13787, -62.575], "size": [2.175, 2.15, 2.1], "inflate": -0.4, "pivot": [-0.6, 20.15, -88.725], "rotation": [-12.45891, -27.51235, 25.56145], "uv": [100, 240]},
						{"origin": [-0.71464, 18.975, -62.575], "size": [2.975, 1.05, 2.1], "inflate": -0.4, "pivot": [-0.6, 20.15, -88.725], "rotation": [0, -30, 0], "uv": [132, 241]},
						{"origin": [1.3124, 19.9702, -62.575], "size": [1.075, 1.95, 2.1], "inflate": -0.399, "pivot": [-0.6, 20.15, -88.725], "rotation": [-12.45891, -27.51235, 25.56145], "uv": [125, 242]},
						{"origin": [1.51927, 18.65818, -62.575], "size": [1, 1.6, 2.1], "inflate": -0.4, "pivot": [-0.6, 20.15, -88.725], "rotation": [14.92735, -26.32776, -31.01004], "uv": [8, 243]},
						{"origin": [1.71927, 19.25818, -62.575], "size": [1.1, 1, 2.1], "inflate": -0.4, "pivot": [-0.6, 20.15, -88.725], "rotation": [14.92735, -26.32776, -31.01004], "uv": [14, 243]},
						{"origin": [2.01927, 19.05818, -62.575], "size": [1, 1.2, 2.1], "inflate": -0.4, "pivot": [-0.6, 20.15, -88.725], "rotation": [14.92735, -26.32776, -31.01004], "uv": [60, 243]},
						{"origin": [-2.125, 18.25, -53.975], "size": [1.3, 3.3, 1.1], "inflate": -0.4, "pivot": [-0.6, 20.15, -88.725], "rotation": [0, -30, 0], "uv": [70, 244]},
						{"origin": [-1.625, 18.25, -53.975], "size": [1.875, 3.8, 1.1], "inflate": -0.4, "pivot": [-0.6, 20.15, -88.725], "rotation": [0, -30, 0], "uv": [100, 244]},
						{"origin": [-0.55, 18.25, -53.975], "size": [1.3, 3.3, 1.1], "inflate": -0.4, "pivot": [-0.6, 20.15, -88.725], "rotation": [0, -30, 0], "uv": [104, 244]},
						{"origin": [-0.11863, 19.79142, -53.975], "size": [1.3, 1.5, 1.1], "inflate": -0.402, "pivot": [-0.6, 20.15, -88.725], "rotation": [22.20765, -20.70481, -49.10661], "uv": [244, 200]},
						{"origin": [-2.50511, 19.66768, -53.975], "size": [1.3, 1.5, 1.1], "inflate": -0.402, "pivot": [-0.6, 20.15, -88.725], "rotation": [-22.20765, -20.70481, 49.10661], "uv": [244, 202]},
						{"origin": [-0.55, 21.16346, -54.1707], "size": [1.3, 3.3, 1.1], "inflate": -0.4, "pivot": [-0.6, 20.15, -88.725], "rotation": [-8.75, -30, 0], "uv": [108, 244]},
						{"origin": [-1.625, 20.66346, -54.1707], "size": [1.875, 3.8, 1.1], "inflate": -0.4, "pivot": [-0.6, 20.15, -88.725], "rotation": [-8.75, -30, 0], "uv": [112, 244]},
						{"origin": [-1.82521, 20.71515, -54.1707], "size": [1.3, 1.5, 1.1], "inflate": -0.402, "pivot": [-0.6, 20.15, -88.725], "rotation": [-27.5596, -15.09363, 46.37316], "uv": [244, 204]},
						{"origin": [-0.79854, 20.8389, -54.1707], "size": [1.3, 1.5, 1.1], "inflate": -0.402, "pivot": [-0.6, 20.15, -88.725], "rotation": [16.92089, -26.53277, -51.36585], "uv": [244, 206]},
						{"origin": [-2.125, 21.16346, -54.1707], "size": [1.3, 3.3, 1.1], "inflate": -0.4, "pivot": [-0.6, 20.15, -88.725], "rotation": [-8.75, -30, 0], "uv": [116, 244]},
						{"origin": [-1.225, 20.66104, -53.87668], "size": [1.075, 3.925, 1.7], "inflate": -0.4, "pivot": [-0.6, 20.15, -88.725], "rotation": [-8.75, -30, 0], "uv": [120, 244]},
						{"origin": [-1.225, 18.225, -53.675], "size": [1.075, 3.825, 1.7], "inflate": -0.4, "pivot": [-0.6, 20.15, -88.725], "rotation": [0, -30, 0], "uv": [130, 244]}
					]
				},
				{
					"name": "action",
					"parent": "gun",
					"pivot": [0, 0, -17],
					"cubes": [
						{"origin": [-2.5, 20.9, -30.3], "size": [4.5, 2.7, 16.7], "inflate": -0.4, "uv": [172, 164]},
						{"origin": [-2.5, 19.075, -31.55], "size": [1.3, 1.7, 2.2], "inflate": -0.4, "uv": [94, 243]},
						{"origin": [-2, 19.075, -40.1], "size": [1.5, 1.325, 10.725], "inflate": -0.4, "uv": [212, 95]},
						{"origin": [-2.5, 21.15, -32.075], "size": [1.3, 2.45, 3.375], "inflate": -0.401, "pivot": [-0.25, 22.25, -28.85], "rotation": [58, 0, 0], "uv": [52, 239]},
						{"origin": [-2.8, 20.1, -14.4], "size": [2.1, 2.7, 3.4], "inflate": -0.4, "uv": [42, 237]},
						{"origin": [-4.1, 20.4, -13.1], "size": [2.1, 2.4, 1.7], "inflate": -0.4, "uv": [88, 243]},
						{"origin": [-2.8, 20.95, -14.9], "size": [2.1, 1.95, 1.55], "inflate": -0.4, "pivot": [-1.75, 21.55, -13.2], "rotation": [45, 0, 0], "uv": [244, 36]},
						{"origin": [-2.8, 21.75, -13.575], "size": [2.1, 1.95, 1.375], "inflate": -0.4, "pivot": [-1.75, 21.55, -13.2], "rotation": [45, 0, 0], "uv": [134, 244]},
						{"origin": [-2.8, 20.9, -16.5], "size": [1.1, 2.7, 2.9], "inflate": -0.399, "uv": [242, 7]}
					]
				},
				{
					"name": "handle",
					"parent": "action",
					"pivot": [-3.1875, 21.69864, -12.25367],
					"rotation": [0, 0, 90],
					"cubes": [
						{"origin": [-4.1, 20.4, -12.2], "size": [2.1, 2.4, 1.1], "inflate": -0.4, "uv": [148, 243]},
						{"origin": [-4.1, 20.4, -13.4], "size": [2.1, 2.4, 1.1], "inflate": -0.4, "uv": [154, 243]},
						{"origin": [-4.4, 20.4, -13.4], "size": [1.1, 2.4, 2.3], "inflate": -0.4, "uv": [242, 11]},
						{"origin": [-9.2, 20.725, -13.175], "size": [5.6, 1.8, 1.8], "inflate": -0.4, "pivot": [-4.15, 21.625, -12.225], "rotation": [37.5, 0, 0], "uv": [238, 154]}
					]
				},
				{
					"name": "magazine",
					"parent": "gun",
					"pivot": [2.62464, 13.7828, -15.57222],
					"cubes": [
						{"origin": [-2.59635, 0.36797, -28.9], "size": [7.925, 18.1, 10.1], "inflate": -0.401, "pivot": [1.36615, 9.41797, -23.35], "rotation": [0, 0, 90], "uv": [138, 164]},
						{"origin": [9.40365, 12.36797, -29], "size": [1.325, 1.3, 10.3], "inflate": -0.4, "pivot": [10.06615, 13.01797, -23.85], "rotation": [0, 0, 125], "uv": [212, 106]},
						{"origin": [-2.59635, 0.36797, -28.9], "size": [7.925, 18.1, 10.1], "inflate": -0.403, "pivot": [1.36615, 9.41797, -23.35], "rotation": [0, 0, 45], "uv": [170, 56]},
						{"origin": [-2.59635, 0.36797, -28.9], "size": [7.925, 18.1, 10.1], "inflate": -0.402, "pivot": [1.36615, 9.41797, -23.35], "rotation": [0, 0, 135], "uv": [170, 28]},
						{"origin": [0.25476, 17.17266, -26.7], "size": [1.1, 1.725, 5.6], "inflate": -0.4, "pivot": [0.98417, 18.46964, -22.3], "rotation": [0, 0, 74.5], "uv": [228, 232]},
						{"origin": [-2.59635, 0.36797, -28.9], "size": [7.925, 18.1, 10.1], "inflate": -0.4, "uv": [166, 0]},
						{"origin": [-0.37135, 17.46797, -26.7], "size": [1.225, 1.475, 5.6], "inflate": -0.4, "uv": [156, 233]},
						{"origin": [3.12865, 17.46797, -26.7], "size": [1.225, 1.3, 5.6], "inflate": -0.4, "uv": [168, 233]},
						{"origin": [2.82865, 17.96797, -26.7], "size": [1.525, 1.075, 5.6], "inflate": -0.4, "uv": [180, 233]}
					]
				},
				{
					"name": "Lid",
					"parent": "magazine",
					"pivot": [10.06473, 13.01876, -23.85],
					"rotation": [0, 0, 22.5],
					"cubes": [
						{"origin": [5.12723, 14.46876, -28.9], "size": [6.125, 1, 10.1], "inflate": -0.4, "pivot": [8.18973, 14.96876, -23.85], "rotation": [0, 0, 45], "uv": [186, 150]}
					]
				},
				{
					"name": "thing",
					"parent": "magazine",
					"pivot": [0.848, 14.00483, -22.8],
					"cubes": [
						{"origin": [-5.775, 13.775, -24], "size": [7.1, 1, 2.4], "inflate": -0.4, "pivot": [1.325, 14.275, -23.75], "rotation": [0, 0, -20], "uv": [186, 161]},
						{"origin": [-5.775, 12.975, -24], "size": [1, 1.6, 2.4], "inflate": -0.4, "pivot": [1.325, 14.275, -23.75], "rotation": [0, 0, -20], "uv": [178, 243]},
						{"origin": [-4.775, 12.775, -24], "size": [1, 1.8, 2.4], "inflate": -0.4, "pivot": [1.325, 14.275, -23.75], "rotation": [0, 0, -20], "uv": [184, 243]},
						{"origin": [-5.775, 12.775, -24], "size": [1.8, 1, 2.4], "inflate": -0.4, "pivot": [1.325, 14.275, -23.75], "rotation": [0, 0, -20], "uv": [198, 243]}
					]
				},
				{
					"name": "b1",
					"parent": "magazine",
					"pivot": [0.30833, 25.23333, -23.08333],
					"cubes": [
						{"origin": [-0.725, 24.1, -28.1], "size": [2.1, 2.1, 8.7], "inflate": -0.4, "uv": [216, 117]},
						{"origin": [0.475, 24.775, -25.5], "size": [1.6, 1, 5.5], "inflate": -0.4, "pivot": [1.275, 25.275, -23.75], "rotation": [0, 0, 20], "uv": [0, 234]},
						{"origin": [-1.475, 24.775, -25.5], "size": [1.6, 1, 5.5], "inflate": -0.4, "pivot": [-0.675, 25.275, -23.75], "rotation": [0, 0, -20], "uv": [234, 84]}
					]
				},
				{
					"name": "b2",
					"parent": "magazine",
					"pivot": [2.90833, 25.23333, -23.08333],
					"cubes": [
						{"origin": [1.875, 24.1, -28.1], "size": [2.1, 2.1, 8.7], "inflate": -0.4, "uv": [118, 216]},
						{"origin": [3.075, 24.775, -25.5], "size": [1.6, 1, 5.5], "inflate": -0.4, "pivot": [3.875, 25.275, -23.75], "rotation": [0, 0, 20], "uv": [234, 90]},
						{"origin": [1.125, 24.775, -25.5], "size": [1.6, 1, 5.5], "inflate": -0.4, "pivot": [1.925, 25.275, -23.75], "rotation": [0, 0, -20], "uv": [234, 96]}
					]
				},
				{
					"name": "b3",
					"parent": "magazine",
					"pivot": [4.20833, 25.23333, -23.08333],
					"cubes": [
						{"origin": [4.475, 24.1, -28.1], "size": [2.1, 2.1, 8.7], "inflate": -0.4, "uv": [216, 215]},
						{"origin": [5.675, 24.775, -25.5], "size": [1.6, 1, 5.5], "inflate": -0.4, "pivot": [6.475, 25.275, -23.75], "rotation": [0, 0, 20], "uv": [100, 234]},
						{"origin": [3.725, 24.775, -25.5], "size": [1.6, 1, 5.5], "inflate": -0.4, "pivot": [4.525, 25.275, -23.75], "rotation": [0, 0, -20], "uv": [234, 102]}
					]
				},
				{
					"name": "b4",
					"parent": "magazine",
					"pivot": [6.78333, 25.15833, -23.75],
					"rotation": [0, 0, 82.5],
					"cubes": [
						{"origin": [7.0741, 24.11005, -28.1], "size": [2.1, 2.1, 8.7], "inflate": -0.4, "uv": [80, 217]},
						{"origin": [8.2741, 24.78505, -25.5], "size": [1.6, 1, 5.5], "inflate": -0.4, "pivot": [9.0741, 25.28505, -23.75], "rotation": [0, 0, 20], "uv": [234, 108]},
						{"origin": [6.3241, 24.78505, -25.5], "size": [1.6, 1, 5.5], "inflate": -0.4, "pivot": [7.1241, 25.28505, -23.75], "rotation": [0, 0, -20], "uv": [112, 234]}
					]
				},
				{
					"name": "b5",
					"parent": "magazine",
					"pivot": [7.13333, 22.55833, -23.75],
					"rotation": [0, 0, 82.5],
					"cubes": [
						{"origin": [7.4241, 21.51005, -28.1], "size": [2.1, 2.1, 8.7], "inflate": -0.4, "uv": [218, 146]},
						{"origin": [8.6241, 22.18505, -25.5], "size": [1.6, 1, 5.5], "inflate": -0.4, "pivot": [9.4241, 22.68505, -23.75], "rotation": [0, 0, 20], "uv": [234, 134]},
						{"origin": [6.6741, 22.18505, -25.5], "size": [1.6, 1, 5.5], "inflate": -0.4, "pivot": [7.4741, 22.68505, -23.75], "rotation": [0, 0, -20], "uv": [234, 140]}
					]
				},
				{
					"name": "b6",
					"parent": "magazine",
					"pivot": [7.48333, 19.93333, -23.75],
					"rotation": [0, 0, 96.5],
					"cubes": [
						{"origin": [7.7741, 18.88505, -28.1], "size": [2.1, 2.1, 8.7], "inflate": -0.4, "uv": [138, 219]},
						{"origin": [8.9741, 19.56005, -25.5], "size": [1.6, 1, 5.5], "inflate": -0.4, "pivot": [9.7741, 20.06005, -23.75], "rotation": [0, 0, 20], "uv": [234, 161]},
						{"origin": [7.0241, 19.56005, -25.5], "size": [1.6, 1, 5.5], "inflate": -0.4, "pivot": [7.8241, 20.06005, -23.75], "rotation": [0, 0, -20], "uv": [234, 167]}
					]
				},
				{
					"name": "b7",
					"parent": "magazine",
					"pivot": [7.18333, 17.38333, -23.75],
					"rotation": [0, 0, 59.5],
					"cubes": [
						{"origin": [7.4741, 16.33505, -28.1], "size": [2.1, 2.1, 8.7], "inflate": -0.4, "uv": [158, 223]},
						{"origin": [8.6741, 17.01005, -25.5], "size": [1.6, 1, 5.5], "inflate": -0.4, "pivot": [9.4741, 17.51005, -23.75], "rotation": [0, 0, 20], "uv": [234, 173]},
						{"origin": [6.7241, 17.01005, -25.5], "size": [1.6, 1, 5.5], "inflate": -0.4, "pivot": [7.5241, 17.51005, -23.75], "rotation": [0, 0, -20], "uv": [70, 235]}
					]
				},
				{
					"name": "b8",
					"parent": "magazine",
					"pivot": [8.50833, 15.08333, -23.75],
					"rotation": [0, 0, 82],
					"cubes": [
						{"origin": [8.7991, 14.03505, -28.1], "size": [2.1, 2.1, 8.7], "inflate": -0.4, "uv": [0, 224]},
						{"origin": [9.9991, 14.71005, -28.1], "size": [1.6, 1, 8.7], "inflate": -0.4, "pivot": [10.7991, 15.21005, -23.75], "rotation": [0, 0, 20], "uv": [224, 7]},
						{"origin": [8.0491, 14.71005, -25.5], "size": [1.6, 1, 5.5], "inflate": -0.4, "pivot": [8.8491, 15.21005, -23.75], "rotation": [0, 0, -20], "uv": [208, 235]}
					]
				},
				{
					"name": "_camera_",
					"pivot": [6.825, 33.725, 26.45]
				}
			]
		}
	]
}