{
	"format_version": "1.12.0",
	"minecraft:geometry": [
		{
			"description": {
				"identifier": "geometry.unknown",
				"texture_width": 256,
				"texture_height": 256,
				"visible_bounds_width": 12,
				"visible_bounds_height": 4,
				"visible_bounds_offset": [0, 1, 0]
			},
			"bones": [
				{
					"name": "main",
					"pivot": [-2, 15, 3]
				},
				{
					"name": "gun",
					"parent": "main",
					"pivot": [-3, 23, -12]
				},
				{
					"name": "fore-end",
					"parent": "gun",
					"pivot": [-1.64888, -0.041, -0.64487],
					"cubes": [
						{"origin": [-3.34888, 22.759, -26.54487], "size": [2.55, 3.7, 2.3], "inflate": -0.4, "uv": [78, 229]},
						{"origin": [-5.06247, 20.43234, -33.03547], "size": [3.125, 4.1, 7.225], "inflate": -0.4, "pivot": [0.72888, 19.79911, -26.0655], "rotation": [-7.36373, 1.42713, 10.90816], "uv": [120, 214]},
						{"origin": [-4.77388, 20.59968, -33.03547], "size": [3.15, 1.65, 7.225], "inflate": -0.401, "pivot": [0.72888, 19.79911, -26.0655], "rotation": [-7.5, 0, 0], "uv": [216, 66]},
						{"origin": [-2.81006, 22.54408, -33.03547], "size": [3.15, 1.85, 7.225], "inflate": -0.4, "pivot": [0.72888, 19.79911, -26.0655], "rotation": [-5.7589, -4.81281, -39.75778], "uv": [216, 58]},
						{"origin": [-6.50751, 20.44576, -33.03547], "size": [3.125, 2.025, 7.225], "inflate": -0.4, "pivot": [0.72888, 19.79911, -26.0655], "rotation": [-5.67425, 4.91242, 40.7564], "uv": [212, 15]},
						{"origin": [-4.09888, 19.79968, -33.03547], "size": [3.3, 1.7, 7.225], "inflate": -0.399, "pivot": [0.72888, 19.79911, -26.0655], "rotation": [-7.5, 0, 0], "uv": [216, 50]},
						{"origin": [-3.32388, 19.79968, -33.03547], "size": [3.3, 1.7, 7.225], "inflate": -0.4, "pivot": [0.72888, 19.79911, -26.0655], "rotation": [-7.5, 0, 0], "uv": [216, 42]},
						{"origin": [-3.1571, 18.95699, -33.03547], "size": [3.15, 1.85, 7.225], "inflate": -0.4, "pivot": [0.72888, 19.79911, -26.0655], "rotation": [-5.7589, 4.81281, 39.75778], "uv": [216, 34]},
						{"origin": [-2.49888, 20.59968, -33.03547], "size": [3.15, 1.65, 7.225], "inflate": -0.401, "pivot": [0.72888, 19.79911, -26.0655], "rotation": [-7.5, 0, 0], "uv": [144, 24]},
						{"origin": [0.6286, 24.10691, -33.03547], "size": [3.125, 2.025, 7.225], "inflate": -0.4, "pivot": [0.72888, 19.79911, -26.0655], "rotation": [-5.67425, -4.91242, -40.7564], "uv": [210, 184]},
						{"origin": [1.24064, 24.81098, -44.39646], "size": [3.125, 2.025, 13.225], "inflate": -0.4, "pivot": [0.72888, 19.79911, -26.0655], "rotation": [1.13218, 0.98402, -40.99028], "uv": [190, 0]},
						{"origin": [-2.08276, 21.49715, -33.03547], "size": [3.125, 4.1, 7.225], "inflate": -0.4, "pivot": [0.72888, 19.79911, -26.0655], "rotation": [-7.36373, -1.42713, -10.90816], "uv": [212, 160]},
						{"origin": [-1.39801, 20.57254, -41.47407], "size": [2, 1.7, 9.825], "inflate": -0.4, "pivot": [0.72888, 19.79911, -26.0655], "rotation": [-0.5, 6, 0], "uv": [212, 129]},
						{"origin": [-3.17444, 19.95135, -43.27407], "size": [3.15, 1.85, 11.625], "inflate": -0.4, "pivot": [0.72888, 19.79911, -26.0655], "rotation": [3.4837, 4.91352, 40.17572], "uv": [0, 200]},
						{"origin": [-5.77086, 21.08713, -40.89338], "size": [3.125, 4.1, 9.825], "inflate": -0.4, "pivot": [0.72888, 19.79911, -26.0655], "rotation": [-1.63948, -5.79399, 11.05677], "uv": [168, 207]},
						{"origin": [-7.10069, 21.16624, -44.39646], "size": [3.125, 2.025, 13.225], "inflate": -0.4, "pivot": [0.72888, 19.79911, -26.0655], "rotation": [1.13218, -0.98402, 40.99028], "uv": [192, 100]},
						{"origin": [-5.34432, 21.37761, -40.89338], "size": [3.15, 1.65, 9.825], "inflate": -0.4, "pivot": [0.72888, 19.79911, -26.0655], "rotation": [-0.5, -6, 0], "uv": [210, 80]},
						{"origin": [-4.66932, 20.57761, -40.89338], "size": [2, 1.7, 9.825], "inflate": -0.4, "pivot": [0.72888, 19.79911, -26.0655], "rotation": [-0.5, -6, 0], "uv": [212, 139]},
						{"origin": [-2.747, 23.50668, -42.69338], "size": [3.15, 1.85, 11.625], "inflate": -0.4, "pivot": [0.72888, 19.79911, -26.0655], "rotation": [3.4837, -4.91352, -40.17572], "uv": [92, 200]},
						{"origin": [-1.87301, 21.37254, -41.47407], "size": [3.15, 1.65, 9.825], "inflate": -0.4, "pivot": [0.72888, 19.79911, -26.0655], "rotation": [-0.5, 6, 0], "uv": [144, 183]},
						{"origin": [-1.32092, 22.1364, -41.47407], "size": [3.125, 4.1, 9.825], "inflate": -0.4, "pivot": [0.72888, 19.79911, -26.0655], "rotation": [-1.63948, 5.79399, -11.05677], "uv": [54, 207]},
						{"origin": [-3.34888, 22.69968, -33.03547], "size": [2.55, 3.7, 7.225], "inflate": -0.4, "pivot": [0.72888, 19.79911, -26.0655], "rotation": [-7.5, 0, 0], "uv": [216, 24]},
						{"origin": [-2.84888, 26.29968, -31.43547], "size": [1.55, 1, 7.125], "inflate": -0.4, "pivot": [-2.07388, 26.79968, -27.92297], "rotation": [2, 0, 0], "uv": [164, 24]},
						{"origin": [-2.34888, 26.34968, -25.23547], "size": [1.8, 1.9, 1.025], "inflate": -0.4, "pivot": [-2.09888, 27.24968, -24.72297], "rotation": [-8, 0, 0], "uv": [174, 235]},
						{"origin": [-3.64888, 26.34968, -25.23547], "size": [1.8, 1.9, 1.025], "inflate": -0.4, "pivot": [-2.09888, 27.24968, -24.72297], "rotation": [-8, 0, 0], "uv": [178, 235]},
						{"origin": [-2.64888, 26.34968, -25.23547], "size": [1.1, 1.7, 1.025], "inflate": -0.4, "pivot": [-2.09888, 27.24968, -24.72297], "rotation": [-8, 0, 0], "uv": [182, 235]},
						{"origin": [-2.04888, 25.49968, -32.23547], "size": [1.05, 1.3, 5.825], "inflate": -0.4, "pivot": [0.62888, 20.19911, -26.0655], "rotation": [-7.5, 0, 0], "uv": [224, 119]},
						{"origin": [-3.14888, 25.99968, -32.23547], "size": [1.05, 1.2, 2.125], "inflate": -0.4, "pivot": [-0.57112, 20.19911, -26.0655], "rotation": [-7.5, 0, 0], "uv": [204, 232]},
						{"origin": [-2.04888, 25.99968, -32.23547], "size": [1.05, 1.2, 2.125], "inflate": -0.4, "pivot": [0.62888, 20.19911, -26.0655], "rotation": [-7.5, 0, 0], "uv": [188, 232]},
						{"origin": [-3.89888, 25.93718, -26.27188], "size": [1.95, 1.35, 1.35], "inflate": -0.4, "pivot": [-3.07388, 26.78718, -25.37188], "rotation": [-52.5, 0, 0], "uv": [136, 235]},
						{"origin": [-2.22388, 25.93718, -26.27188], "size": [1.95, 1.35, 1.35], "inflate": -0.4, "pivot": [-1.39888, 26.78718, -25.37188], "rotation": [-52.5, 0, 0], "uv": [170, 235]},
						{"origin": [-3.14888, 25.53422, -26.68753], "size": [1.05, 1.325, 2.225], "inflate": -0.4, "uv": [182, 232]},
						{"origin": [-2.04888, 25.53422, -26.68753], "size": [1.05, 1.325, 2.225], "inflate": -0.4, "uv": [232, 180]},
						{"origin": [-3.14888, 25.49968, -32.23547], "size": [1.05, 1.3, 5.825], "inflate": -0.4, "pivot": [-0.57112, 20.19911, -26.0655], "rotation": [-7.5, 0, 0], "uv": [118, 225]},
						{"origin": [-2.97388, 20.659, -54.04487], "size": [1.85, 6.55, 22.7], "inflate": -0.4, "uv": [124, 131]},
						{"origin": [-2.07144, 21.55538, -26.54487], "size": [3.125, 4.1, 2.3], "inflate": -0.4, "pivot": [0.72888, 19.79911, -26.0655], "rotation": [0, 0, -11], "uv": [228, 193]},
						{"origin": [-1.42388, 21.684, -54.04487], "size": [1.45, 4.5, 22.6], "inflate": -0.4, "uv": [0, 132]},
						{"origin": [-7.74888, 21.484, -59.74487], "size": [11.4, 5.5, 29.6], "inflate": -4, "uv": [0, 0]},
						{"origin": [-0.93907, 22.72391, -55.54487], "size": [1.65, 2.3, 2.3], "inflate": -0.4, "pivot": [0.72888, 19.79911, -26.0655], "rotation": [0, 0, -48.25], "uv": [146, 232]},
						{"origin": [-4.12388, 21.684, -55.54487], "size": [1.95, 4.5, 2.3], "inflate": -0.4, "uv": [62, 115]},
						{"origin": [-7.10245, 20.07265, -55.54487], "size": [1.625, 2.325, 2.3], "inflate": -0.4, "pivot": [0.72888, 19.79911, -26.0655], "rotation": [0, 0, 48.25], "uv": [140, 232]},
						{"origin": [-2.95248, 18.57918, -55.54487], "size": [1.65, 2.3, 2.3], "inflate": -0.4, "pivot": [0.72888, 19.79911, -26.0655], "rotation": [0, 0, 48.25], "uv": [232, 93]},
						{"origin": [3.23589, 24.21738, -55.54487], "size": [1.625, 2.325, 2.3], "inflate": -0.4, "pivot": [0.72888, 19.79911, -26.0655], "rotation": [0, 0, -48.25], "uv": [62, 127]},
						{"origin": [-2.97388, 20.659, -55.54487], "size": [1.85, 6.55, 2.3], "inflate": -0.4, "uv": [62, 101]},
						{"origin": [-1.92388, 21.684, -55.54487], "size": [1.95, 4.5, 2.3], "inflate": -0.4, "uv": [62, 109]},
						{"origin": [-4.34912, 21.32528, -86.84487], "size": [2, 2, 32.3], "inflate": -0.4, "pivot": [0.72888, 19.79911, -26.0655], "rotation": [0, 0, 22.5], "uv": [0, 67]},
						{"origin": [-4.59912, 21.10028, -56.84487], "size": [2.4, 2.4, 2.3], "inflate": -0.4, "pivot": [0.77888, 19.67411, -26.0655], "rotation": [0, 0, 22.5], "uv": [26, 231]},
						{"origin": [-4.49912, 21.17528, -66.04487], "size": [2.2, 2.2, 4.4], "inflate": -0.4, "pivot": [0.77888, 19.64911, -26.0655], "rotation": [0, 0, 22.5], "uv": [204, 226]},
						{"origin": [-6.06309, 24.8588, -85.54487], "size": [1, 2.4, 2.9], "inflate": -0.4, "pivot": [0.72888, 19.89911, -26.0655], "rotation": [0, 0, 22.5], "uv": [152, 232]},
						{"origin": [-4.66309, 24.8588, -85.54487], "size": [1, 2.4, 2.9], "inflate": -0.4, "pivot": [0.72888, 19.89911, -26.0655], "rotation": [0, 0, 22.5], "uv": [232, 153]},
						{"origin": [5.68857, 24.49108, -85.54487], "size": [1, 2, 2.9], "inflate": -0.4, "pivot": [0.72888, 19.89911, -26.0655], "rotation": [0, 0, -67.5], "uv": [158, 232]},
						{"origin": [7.08857, 24.49108, -85.54487], "size": [1, 2, 2.9], "inflate": -0.4, "pivot": [0.72888, 19.89911, -26.0655], "rotation": [0, 0, -67.5], "uv": [232, 157]},
						{"origin": [-2.10316, 22.53955, -94.54487], "size": [1.2, 1.2, 8.1], "inflate": -0.4, "pivot": [-2.05316, 23.68955, -90.49487], "rotation": [0, 0, 50], "uv": [22, 218]},
						{"origin": [-3.20316, 22.53955, -94.94487], "size": [2.3, 2.3, 1.2], "inflate": -0.4, "pivot": [-2.05316, 23.68955, -90.49487], "rotation": [0, 0, 50], "uv": [232, 174]},
						{"origin": [-3.20316, 22.53955, -87.24487], "size": [2.3, 2.3, 1.2], "inflate": -0.4, "pivot": [-2.05316, 23.68955, -90.49487], "rotation": [0, 0, 50], "uv": [176, 232]},
						{"origin": [-3.20316, 22.53955, -94.54487], "size": [1.2, 1.2, 8.1], "inflate": -0.4, "pivot": [-2.05316, 23.68955, -90.49487], "rotation": [0, 0, 50], "uv": [140, 220]},
						{"origin": [-2.10316, 23.63955, -94.54487], "size": [1.2, 1.2, 8.1], "inflate": -0.4, "pivot": [-2.05316, 23.68955, -90.49487], "rotation": [0, 0, 50], "uv": [40, 220]},
						{"origin": [-3.20316, 23.63955, -94.54487], "size": [1.2, 1.2, 8.1], "inflate": -0.4, "pivot": [-2.05316, 23.68955, -90.49487], "rotation": [0, 0, 50], "uv": [58, 220]},
						{"origin": [-5.11448, 23.17304, -63.74487], "size": [2, 2, 5.9], "inflate": -0.4, "pivot": [0.72888, 19.79911, -26.0655], "rotation": [0, 0, 22.5], "uv": [90, 223]},
						{"origin": [-2.68948, 24.07304, -63.64487], "size": [1.2, 2, 1.9], "inflate": -0.4, "uv": [38, 233]},
						{"origin": [-3.26448, 21.17304, -56.24487], "size": [2.4, 3, 1.9], "inflate": -0.4, "uv": [232, 161]},
						{"origin": [-2.68948, 22.87304, -65.24487], "size": [1.2, 3.7, 1.9], "inflate": -0.401, "pivot": [-2.08948, 24.47304, -64.29487], "rotation": [-60, 0, 0], "uv": [34, 231]},
						{"origin": [-2.68948, 23.42304, -64.74487], "size": [1.2, 3.2, 1.9], "inflate": -0.4, "pivot": [-2.08948, 24.72304, -63.79487], "rotation": [-37, 0, 0], "uv": [0, 233]},
						{"origin": [-4.90645, 23.33539, -59.04487], "size": [1.6, 1.6, 6.4], "inflate": -0.4, "pivot": [0.72888, 19.79911, -26.0655], "rotation": [0, 0, 22.5], "uv": [104, 223]},
						{"origin": [-5.05645, 23.18539, -56.24487], "size": [1.8, 1.8, 1.5], "inflate": -0.4, "pivot": [0.77888, 19.64911, -25.9655], "rotation": [0, 0, 22.5], "uv": [186, 235]},
						{"origin": [-5.05645, 23.18539, -58.64487], "size": [1.8, 1.8, 1.5], "inflate": -0.4, "pivot": [0.77888, 19.64911, -28.3655], "rotation": [0, 0, 22.5], "uv": [190, 235]},
						{"origin": [3.33589, 24.21738, -54.04487], "size": [1.525, 2.325, 22.7], "inflate": -0.4, "pivot": [0.72888, 19.79911, -26.0655], "rotation": [0, 0, -48.25], "uv": [134, 58]},
						{"origin": [-0.93907, 22.72391, -54.04487], "size": [1.55, 2.3, 22.6], "inflate": -0.4, "pivot": [0.72888, 19.79911, -26.0655], "rotation": [0, 0, -48.25], "uv": [124, 159]},
						{"origin": [-4.12388, 21.684, -54.04487], "size": [1.45, 4.5, 22.6], "inflate": -0.4, "uv": [134, 32]},
						{"origin": [-7.10245, 20.07265, -54.04487], "size": [1.525, 2.325, 22.7], "inflate": -0.4, "pivot": [0.72888, 19.79911, -26.0655], "rotation": [0, 0, 48.25], "uv": [0, 158]},
						{"origin": [-2.85248, 18.57918, -54.04487], "size": [1.55, 2.3, 22.6], "inflate": -0.4, "pivot": [0.72888, 19.79911, -26.0655], "rotation": [0, 0, 48.25], "uv": [144, 0]},
						{"origin": [-2.49888, 20.659, -26.54487], "size": [3.15, 1.65, 2.3], "inflate": -0.4, "uv": [140, 229]},
						{"origin": [-3.19523, 19.00244, -26.54487], "size": [3.15, 1.85, 2.3], "inflate": -0.4, "pivot": [0.72888, 19.79911, -26.0655], "rotation": [0, 0, 40], "uv": [150, 229]},
						{"origin": [-5.07378, 20.49057, -26.54487], "size": [3.125, 4.1, 2.3], "inflate": -0.4, "pivot": [0.72888, 19.79911, -26.0655], "rotation": [0, 0, 11], "uv": [228, 199]},
						{"origin": [-4.77388, 20.659, -26.54487], "size": [3.15, 1.65, 2.3], "inflate": -0.4, "uv": [0, 230]},
						{"origin": [-2.77193, 22.58952, -26.54487], "size": [3.15, 1.85, 2.3], "inflate": -0.4, "pivot": [0.72888, 19.79911, -26.0655], "rotation": [0, 0, -40], "uv": [180, 229]},
						{"origin": [-6.54643, 20.49053, -26.54487], "size": [3.125, 2.025, 2.3], "inflate": -0.4, "pivot": [0.72888, 19.79911, -26.0655], "rotation": [0, 0, 41], "uv": [58, 229]},
						{"origin": [-4.09888, 19.859, -26.54487], "size": [4.1, 1.7, 2.3], "inflate": -0.4, "uv": [170, 229]},
						{"origin": [-2.72388, 23.184, -85.54487], "size": [1.25, 4.2, 1.2], "inflate": -0.4, "uv": [140, 214]},
						{"origin": [-2.72388, 23.184, -85.14487], "size": [1.25, 2.3, 2.4], "inflate": -0.4, "uv": [232, 149]},
						{"origin": [-2.72388, 25.584, -85.14487], "size": [1.25, 1.8, 2.45], "inflate": -0.4, "uv": [232, 177]},
						{"origin": [-2.72388, 23.184, -83.54487], "size": [1.25, 3.1, 1.275], "inflate": -0.4, "uv": [10, 230]},
						{"origin": [-2.59888, 26.484, -84.61987], "size": [1, 1.775, 1.1], "inflate": -0.4, "uv": [132, 235]},
						{"origin": [-2.72388, 25.334, -83.79487], "size": [1.25, 2, 1.3], "inflate": -0.399, "pivot": [-2.09888, 26.434, -83.14487], "rotation": [21, 0, 0], "uv": [22, 233]},
						{"origin": [0.66752, 24.15168, -26.54487], "size": [3.125, 2.025, 2.3], "inflate": -0.4, "pivot": [0.72888, 19.79911, -26.0655], "rotation": [0, 0, -41], "uv": [48, 229]}
					]
				},
				{
					"name": "body",
					"parent": "gun",
					"pivot": [-1.64888, -0.041, -0.64487],
					"cubes": [
						{"origin": [-4.19888, 19.959, -25.04487], "size": [4.25, 3.7, 31.7], "inflate": -0.4, "uv": [0, 33]},
						{"origin": [-0.99888, 21.559, -18.04487], "size": [1.35, 1.1, 6.4], "inflate": -0.4, "uv": [224, 100]},
						{"origin": [-0.99888, 20.859, -18.04487], "size": [1.35, 1.5, 1.1], "inflate": -0.4, "uv": [236, 34]},
						{"origin": [-0.99888, 21.559, -10.94487], "size": [1.35, 1.1, 8.3], "inflate": -0.4, "uv": [158, 220]},
						{"origin": [-0.99888, 20.159, -2.24487], "size": [1.35, 1.1, 3.2], "inflate": -0.4, "uv": [232, 12]},
						{"origin": [-0.99888, 21.559, -2.24487], "size": [1.35, 1.1, 3.2], "inflate": -0.4, "uv": [132, 231]},
						{"origin": [-0.99888, 20.459, -0.14487], "size": [1.35, 1.9, 1.1], "inflate": -0.4, "uv": [236, 36]},
						{"origin": [-0.99888, 20.159, -10.94487], "size": [1.35, 1.1, 8.3], "inflate": -0.4, "uv": [176, 220]},
						{"origin": [-4.19888, 21.359, 5.85513], "size": [4.25, 1.85, 1.65], "inflate": -0.4, "uv": [100, 65]},
						{"origin": [-4.19888, 22.409, 5.85513], "size": [4.25, 1.25, 1.425], "inflate": -0.399, "uv": [110, 65]},
						{"origin": [-4.19888, 49.31549, -15.10303], "size": [4.25, 1.3, 1.7], "inflate": -0.4, "pivot": [0.72888, 19.79911, -26.0655], "rotation": [-66, 0, 0], "uv": [80, 65]},
						{"origin": [-4.19888, 35.30394, 1.20617], "size": [4.25, 1.7, 1.8], "inflate": -0.4, "pivot": [0.72888, 19.79911, -26.0655], "rotation": [-27, 0, 0], "uv": [90, 65]},
						{"origin": [-2.84888, 25.159, -25.04487], "size": [1.525, 1, 30.2], "inflate": -0.4, "uv": [68, 100]},
						{"origin": [-5.97892, 18.77953, -2.04487], "size": [1.1, 1.675, 2], "inflate": -0.398, "pivot": [0.72888, 19.79911, -30.1655], "rotation": [0, 0, 51.25], "uv": [20, 253]},
						{"origin": [-5.48328, 21.69601, -2.04487], "size": [1.1, 1.775, 2], "inflate": -0.398, "pivot": [0.72888, 19.79911, -30.1655], "rotation": [0, 0, 30.25], "uv": [16, 253]},
						{"origin": [-6.18335, 20.84808, -2.04487], "size": [1.1, 1.1, 2], "inflate": -0.398, "pivot": [0.72888, 19.79911, -30.1655], "rotation": [0, 0, 47], "uv": [28, 253]},
						{"origin": [2.70111, 24.96598, -2.04487], "size": [1.1, 1.1, 2], "inflate": -0.398, "pivot": [0.72888, 19.79911, -30.1655], "rotation": [0, 0, -47], "uv": [8, 253]},
						{"origin": [0.9772, 24.53252, -2.04487], "size": [1.1, 1.775, 2], "inflate": -0.398, "pivot": [0.72888, 19.79911, -30.1655], "rotation": [0, 0, -30.25], "uv": [4, 253]},
						{"origin": [2.8124, 23.17069, -2.04487], "size": [1.1, 1.675, 2], "inflate": -0.398, "pivot": [0.72888, 19.79911, -30.1655], "rotation": [0, 0, -51.25], "uv": [0, 253]},
						{"origin": [-5.97892, 18.77953, -7.04487], "size": [1.1, 1.675, 2], "inflate": -0.398, "pivot": [0.72888, 19.79911, -35.1655], "rotation": [0, 0, 51.25], "uv": [20, 253]},
						{"origin": [-6.18335, 20.84808, -7.04487], "size": [1.1, 1.1, 2], "inflate": -0.398, "pivot": [0.72888, 19.79911, -35.1655], "rotation": [0, 0, 47], "uv": [28, 253]},
						{"origin": [-5.48328, 21.69601, -7.04487], "size": [1.1, 1.775, 2], "inflate": -0.398, "pivot": [0.72888, 19.79911, -35.1655], "rotation": [0, 0, 30.25], "uv": [16, 253]},
						{"origin": [2.70111, 24.96598, -7.04487], "size": [1.1, 1.1, 2], "inflate": -0.398, "pivot": [0.72888, 19.79911, -35.1655], "rotation": [0, 0, -47], "uv": [8, 253]},
						{"origin": [-2.84888, 25.159, -7.04487], "size": [1.525, 1, 2], "inflate": -0.398, "uv": [12, 253]},
						{"origin": [0.9772, 24.53252, -7.04487], "size": [1.1, 1.775, 2], "inflate": -0.398, "pivot": [0.72888, 19.79911, -35.1655], "rotation": [0, 0, -30.25], "uv": [4, 253]},
						{"origin": [2.8124, 23.17069, -7.04487], "size": [1.1, 1.675, 2], "inflate": -0.398, "pivot": [0.72888, 19.79911, -35.1655], "rotation": [0, 0, -51.25], "uv": [0, 253]},
						{"origin": [-6.18335, 20.84808, -12.04487], "size": [1.1, 1.1, 2], "inflate": -0.398, "pivot": [0.72888, 19.79911, -40.1655], "rotation": [0, 0, 47], "uv": [28, 253]},
						{"origin": [-5.48328, 21.69601, -12.04487], "size": [1.1, 1.775, 2], "inflate": -0.398, "pivot": [0.72888, 19.79911, -40.1655], "rotation": [0, 0, 30.25], "uv": [16, 253]},
						{"origin": [-5.97892, 18.77953, -12.04487], "size": [1.1, 1.675, 2], "inflate": -0.398, "pivot": [0.72888, 19.79911, -40.1655], "rotation": [0, 0, 51.25], "uv": [20, 253]},
						{"origin": [2.70111, 24.96598, -12.04487], "size": [1.1, 1.1, 2], "inflate": -0.398, "pivot": [0.72888, 19.79911, -40.1655], "rotation": [0, 0, -47], "uv": [8, 253]},
						{"origin": [-2.84888, 25.159, -12.04487], "size": [1.525, 1, 2], "inflate": -0.398, "uv": [12, 253]},
						{"origin": [0.9772, 24.53252, -12.04487], "size": [1.1, 1.775, 2], "inflate": -0.398, "pivot": [0.72888, 19.79911, -40.1655], "rotation": [0, 0, -30.25], "uv": [4, 253]},
						{"origin": [2.8124, 23.17069, -12.04487], "size": [1.1, 1.675, 2], "inflate": -0.398, "pivot": [0.72888, 19.79911, -40.1655], "rotation": [0, 0, -51.25], "uv": [0, 253]},
						{"origin": [-6.18335, 20.84808, -17.04487], "size": [1.1, 1.1, 2], "inflate": -0.398, "pivot": [0.72888, 19.79911, -45.1655], "rotation": [0, 0, 47], "uv": [28, 253]},
						{"origin": [2.70111, 24.96598, -17.04487], "size": [1.1, 1.1, 2], "inflate": -0.398, "pivot": [0.72888, 19.79911, -45.1655], "rotation": [0, 0, -47], "uv": [8, 253]},
						{"origin": [-2.84888, 25.159, -17.04487], "size": [1.525, 1, 2], "inflate": -0.398, "uv": [12, 253]},
						{"origin": [0.9772, 24.53252, -17.04487], "size": [1.1, 1.775, 2], "inflate": -0.398, "pivot": [0.72888, 19.79911, -45.1655], "rotation": [0, 0, -30.25], "uv": [4, 253]},
						{"origin": [2.8124, 23.17069, -17.04487], "size": [1.1, 1.675, 2], "inflate": -0.398, "pivot": [0.72888, 19.79911, -45.1655], "rotation": [0, 0, -51.25], "uv": [0, 253]},
						{"origin": [-6.18335, 20.84808, -22.04487], "size": [1.1, 1.1, 2], "inflate": -0.398, "pivot": [0.72888, 19.79911, -50.1655], "rotation": [0, 0, 47], "uv": [28, 253]},
						{"origin": [2.70111, 24.96598, -22.04487], "size": [1.1, 1.1, 2], "inflate": -0.398, "pivot": [0.72888, 19.79911, -50.1655], "rotation": [0, 0, -47], "uv": [8, 253]},
						{"origin": [-2.84888, 25.159, -22.04487], "size": [1.525, 1, 2], "inflate": -0.398, "uv": [12, 253]},
						{"origin": [0.9772, 24.53252, -22.04487], "size": [1.1, 1.775, 2], "inflate": -0.398, "pivot": [0.72888, 19.79911, -50.1655], "rotation": [0, 0, -30.25], "uv": [4, 253]},
						{"origin": [2.8124, 23.17069, -22.04487], "size": [1.1, 1.675, 2], "inflate": -0.398, "pivot": [0.72888, 19.79911, -50.1655], "rotation": [0, 0, -51.25], "uv": [0, 253]},
						{"origin": [-2.84888, 25.159, -2.04487], "size": [1.525, 1, 2], "inflate": -0.398, "uv": [12, 253]},
						{"origin": [-2.84888, 36.624, -0.43643], "size": [1.525, 1.1, 1.8], "inflate": -0.4, "pivot": [0.72888, 19.79911, -26.0655], "rotation": [-23, 0, 0], "uv": [130, 65]},
						{"origin": [-2.12388, 36.724, 0.11357], "size": [1, 1, 1.25], "inflate": -0.401, "pivot": [0.72888, 19.79911, -26.0655], "rotation": [-23, 0, 0], "uv": [192, 218]},
						{"origin": [-2.12388, 36.724, 0.36357], "size": [1.05, 1, 1], "inflate": -0.4, "pivot": [0.72888, 19.79911, -26.0655], "rotation": [-23, 0, 0], "uv": [76, 234]},
						{"origin": [-9.96494, 36.724, -2.32], "size": [1.025, 1, 1.75], "inflate": -0.4, "pivot": [0.72888, 19.79911, -26.0655], "rotation": [-23.96357, 15.84095, -6.91761], "uv": [234, 26]},
						{"origin": [-12.22201, 36.724, -3.4101], "size": [1, 1, 1.375], "inflate": -0.402, "pivot": [0.72888, 19.79911, -26.0655], "rotation": [-24.71588, 20.85286, -9.30507], "uv": [234, 32]},
						{"origin": [-7.60037, 36.724, -0.9567], "size": [1, 1, 1.25], "inflate": -0.4, "pivot": [0.72888, 19.79911, -26.0655], "rotation": [-23.45881, 11.03355, -4.74766], "uv": [80, 234]},
						{"origin": [-3.14888, 46.80385, -9.86042], "size": [2.125, 1, 1.8], "inflate": -0.4, "pivot": [0.72888, 19.79911, -26.0655], "rotation": [-49, 0, 0], "uv": [206, 80]},
						{"origin": [-0.13879, 50.66035, -16.95795], "size": [1.375, 1.4, 1.5], "inflate": -0.6, "pivot": [0.72888, 19.79911, -26.0655], "rotation": [-68.80464, -9.78442, 23.665], "uv": [96, 235]},
						{"origin": [-6.07892, 18.67953, 5.60513], "size": [1.225, 1.075, 1.325], "inflate": -0.5, "pivot": [0.72888, 19.79911, -26.0655], "rotation": [0, 0, 51.25], "uv": [92, 235]},
						{"origin": [17.73735, 46.70385, -22.82773], "size": [1.225, 1.3, 1.25], "inflate": -0.6, "pivot": [0.72888, 19.79911, -26.0655], "rotation": [-90.43463, -40.9981, 90.66249], "uv": [88, 235]},
						{"origin": [-6.07892, 10.34589, 4.47909], "size": [1.225, 1.425, 1.2], "inflate": -0.5, "pivot": [0.72888, 19.79911, -26.0655], "rotation": [15, 0, 51.25], "uv": [84, 235]},
						{"origin": [9.01808, 46.70385, -10.99398], "size": [1.225, 1.3, 1.25], "inflate": -0.6, "pivot": [0.72888, 19.79911, -26.0655], "rotation": [-57.34397, -26.30996, 34.66634], "uv": [70, 235]},
						{"origin": [9.11808, 46.70385, -10.96898], "size": [1.075, 1.2, 1.075], "inflate": -0.5, "pivot": [0.72888, 19.79911, -26.0655], "rotation": [-57.34397, -26.30996, 34.66634], "uv": [66, 235]},
						{"origin": [-5.48328, -7.76719, -10.01005], "size": [1.1, 1.375, 1], "inflate": -0.4, "pivot": [0.72888, 19.79911, -26.0655], "rotation": [64, 0, 30.25], "uv": [62, 235]},
						{"origin": [-3.74888, 46.70385, -9.06042], "size": [1.5, 1.2, 1.1], "inflate": -0.5, "pivot": [0.72888, 19.79911, -26.0655], "rotation": [-49, 0, 0], "uv": [58, 235]},
						{"origin": [9.11808, 46.70385, -11.14398], "size": [1.175, 1.2, 1.175], "inflate": -0.5, "pivot": [0.72888, 19.79911, -26.0655], "rotation": [-57.34397, -26.30996, 34.66634], "uv": [54, 235]},
						{"origin": [2.55065, 36.724, 0.21395], "size": [1, 1, 1.25], "inflate": -0.4, "pivot": [0.72888, 19.79911, -26.0655], "rotation": [-23.45881, -11.03355, 4.74766], "uv": [34, 235]},
						{"origin": [-3.09888, 36.724, 0.36357], "size": [1.05, 1, 1], "inflate": -0.4, "pivot": [0.72888, 19.79911, -26.0655], "rotation": [-23, 0, 0], "uv": [30, 235]},
						{"origin": [7.4873, 36.724, -1.23272], "size": [1, 1, 1.375], "inflate": -0.4, "pivot": [0.72888, 19.79911, -26.0655], "rotation": [-24.71588, -20.85286, 9.30507], "uv": [26, 235]},
						{"origin": [-6.28335, 20.74808, 4.45513], "size": [1.2, 1.075, 1.175], "inflate": -0.5, "pivot": [0.72888, 19.79911, -26.0655], "rotation": [0, 0, 47], "uv": [234, 234]},
						{"origin": [-6.28335, -6.47476, -9.07446], "size": [1.2, 1.4, 1.105], "inflate": -0.5, "pivot": [0.72888, 19.79911, -26.0655], "rotation": [58.5, 0, 47], "uv": [234, 232]},
						{"origin": [5.02044, 36.724, -0.65031], "size": [1.025, 1, 1.75], "inflate": -0.401, "pivot": [0.72888, 19.79911, -26.0655], "rotation": [-23.96357, -15.84095, 6.91761], "uv": [224, 234]},
						{"origin": [-5.48328, 1.80557, 0.28518], "size": [1.1, 1.65, 1.157], "inflate": -0.4, "pivot": [0.72888, 19.79911, -26.0655], "rotation": [37.25, 0, 30.25], "uv": [220, 234]},
						{"origin": [-6.07892, 3.45126, 1.37223], "size": [1.225, 1.5, 1.3], "inflate": -0.5, "pivot": [0.72888, 19.79911, -26.0655], "rotation": [29, 0, 51.25], "uv": [198, 234]},
						{"origin": [-8.67587, 50.86035, -22.79027], "size": [1.275, 1, 1.1], "inflate": -0.4, "pivot": [0.72888, 19.79911, -26.0655], "rotation": [-71.9712, 14.93203, -38.368], "uv": [194, 234]},
						{"origin": [3.74505, 46.70385, -9.96452], "size": [1.35, 1.2, 1.925], "inflate": -0.5, "pivot": [0.72888, 19.79911, -26.0655], "rotation": [-51.49185, -15.32094, 18.3703], "uv": [234, 147]},
						{"origin": [9.11808, 46.70385, -11.69398], "size": [1.35, 1.2, 1.55], "inflate": -0.5, "pivot": [0.72888, 19.79911, -26.0655], "rotation": [-57.34397, -26.30996, 34.66634], "uv": [234, 145]},
						{"origin": [-6.28335, 20.74808, 4.25513], "size": [1.2, 1.175, 1.2], "inflate": -0.5, "pivot": [0.72888, 19.79911, -26.0655], "rotation": [0, 0, 47], "uv": [234, 143]},
						{"origin": [-5.48328, 21.69601, 5.25513], "size": [1.1, 1.25, 1.05], "inflate": -0.4, "pivot": [0.72888, 19.79911, -26.0655], "rotation": [0, 0, 30.25], "uv": [234, 141]},
						{"origin": [-3.52388, 46.70385, -9.33542], "size": [1.275, 1.2, 1.375], "inflate": -0.5, "pivot": [0.72888, 19.79911, -26.0655], "rotation": [-49, 0, 0], "uv": [234, 139]},
						{"origin": [-6.07892, 18.67953, 5.60513], "size": [1.225, 1.475, 1.2], "inflate": -0.5, "pivot": [0.72888, 19.79911, -26.0655], "rotation": [0, 0, 51.25], "uv": [234, 137]},
						{"origin": [-3.04888, 36.724, 0.11357], "size": [1, 1, 1.25], "inflate": -0.4, "pivot": [0.72888, 19.79911, -26.0655], "rotation": [-23, 0, 0], "uv": [234, 135]},
						{"origin": [-5.48328, 21.69601, 4.83013], "size": [1.1, 1.575, 1.225], "inflate": -0.4, "pivot": [0.72888, 19.79911, -26.0655], "rotation": [0, 0, 30.25], "uv": [234, 133]},
						{"origin": [-6.18335, 20.84808, -25.04487], "size": [1.1, 1.1, 30.2], "inflate": -0.4, "pivot": [0.72888, 19.79911, -26.0655], "rotation": [0, 0, 47], "uv": [62, 131]},
						{"origin": [-5.48328, 21.84601, -26.64487], "size": [1.1, 1.625, 5.9], "inflate": -0.4, "pivot": [0.72888, 19.79911, -26.0655], "rotation": [0, 0, 30.25], "uv": [224, 113]},
						{"origin": [-5.58328, 22.34601, -21.69487], "size": [1.2, 1.225, 1.8], "inflate": -0.5, "pivot": [0.72888, 19.79911, -26.0655], "rotation": [0, 0, 30.25], "uv": [22, 236]},
						{"origin": [-5.48328, 21.84601, -22.54487], "size": [1.1, 1.625, 1.8], "inflate": -0.4, "pivot": [0.72888, 19.79911, -26.0655], "rotation": [0, 0, 30.25], "uv": [236, 7]},
						{"origin": [-3.2718, 24.60911, -21.94487], "size": [1.1, 1.325, 1.45], "inflate": -0.4, "pivot": [-2.7218, 25.12161, -21.34487], "rotation": [-51, 0, 30.25], "uv": [8, 236]},
						{"origin": [-3.2718, 25.13411, -21.66987], "size": [1.1, 1.125, 1.175], "inflate": -0.4, "pivot": [-2.7218, 25.12161, -21.34487], "rotation": [-51, 0, 30.25], "uv": [236, 9]},
						{"origin": [-3.2718, 25.45911, -21.49487], "size": [1.1, 1.1, 1], "inflate": -0.4, "pivot": [-2.7218, 25.12161, -21.34487], "rotation": [-51, 0, 30.25], "uv": [18, 236]},
						{"origin": [-5.97892, 18.77953, -13.94487], "size": [1.1, 1.675, 20.45], "inflate": -0.399, "pivot": [0.72888, 19.79911, -26.0655], "rotation": [0, 0, 51.25], "uv": [170, 131]},
						{"origin": [-5.48328, 21.69601, -13.94487], "size": [1.1, 1.775, 19.575], "inflate": -0.4, "pivot": [0.72888, 19.79911, -26.0655], "rotation": [0, 0, 30.25], "uv": [170, 173]},
						{"origin": [-5.97892, 18.77953, -25.04487], "size": [1.1, 1.675, 3.2], "inflate": -0.4, "pivot": [0.72888, 19.79911, -26.0655], "rotation": [0, 0, 51.25], "uv": [102, 230]},
						{"origin": [-3.81743, 23.55002, -23.04487], "size": [1.1, 2.175, 1.7], "inflate": -0.4, "pivot": [-3.26743, 24.48752, -21.89487], "rotation": [-52.5, 0, 51.25], "uv": [50, 233]},
						{"origin": [-5.5331, 21.52814, -25.04487], "size": [1.1, 1.1, 3.225], "inflate": -0.4, "pivot": [0.72888, 19.79911, -26.0655], "rotation": [0, 0, 23.25], "uv": [14, 223]},
						{"origin": [-5.5331, 21.52814, -13.94487], "size": [1.1, 1.1, 20.775], "inflate": -0.4, "pivot": [0.72888, 19.79911, -26.0655], "rotation": [0, 0, 23.25], "uv": [170, 152]},
						{"origin": [-4.22388, 22.859, -9.04487], "size": [1.1, 1.625, 16], "inflate": -0.399, "uv": [110, 183]},
						{"origin": [-1.92388, 46.70385, -9.33542], "size": [1.275, 1.2, 1.375], "inflate": -0.5, "pivot": [0.72888, 19.79911, -26.0655], "rotation": [-49, 0, 0], "uv": [226, 171]},
						{"origin": [-1.92388, 46.70385, -9.06042], "size": [1.5, 1.2, 1.1], "inflate": -0.5, "pivot": [0.72888, 19.79911, -26.0655], "rotation": [-49, 0, 0], "uv": [234, 82]},
						{"origin": [-13.16158, 46.70385, -15.4979], "size": [1.35, 1.2, 1.55], "inflate": -0.5, "pivot": [0.72888, 19.79911, -26.0655], "rotation": [-57.34397, 26.30996, -34.66634], "uv": [58, 233]},
						{"origin": [-12.98658, 46.70385, -14.9479], "size": [1.175, 1.2, 1.175], "inflate": -0.5, "pivot": [0.72888, 19.79911, -26.0655], "rotation": [-57.34397, 26.30996, -34.66634], "uv": [234, 80]},
						{"origin": [-12.88658, 46.70385, -14.7729], "size": [1.075, 1.2, 1.075], "inflate": -0.5, "pivot": [0.72888, 19.79911, -26.0655], "rotation": [-57.34397, 26.30996, -34.66634], "uv": [234, 86]},
						{"origin": [-12.93658, 46.70385, -14.7979], "size": [1.225, 1.3, 1.25], "inflate": -0.6, "pivot": [0.72888, 19.79911, -26.0655], "rotation": [-57.34397, 26.30996, -34.66634], "uv": [234, 88]},
						{"origin": [-17.45546, 46.70385, -28.45804], "size": [1.225, 1.3, 1.25], "inflate": -0.6, "pivot": [0.72888, 19.79911, -26.0655], "rotation": [-90.43463, 40.9981, -90.66249], "uv": [106, 234]},
						{"origin": [-8.79097, 46.70385, -12.2322], "size": [1.35, 1.2, 1.925], "inflate": -0.501, "pivot": [0.72888, 19.79911, -26.0655], "rotation": [-51.49185, 15.32094, -18.3703], "uv": [62, 233]},
						{"origin": [-4.04888, 50.86035, -17.81713], "size": [3.975, 1, 1.075], "inflate": -0.4, "pivot": [0.72888, 19.79911, -26.0655], "rotation": [-66.75, 0, 0], "uv": [187, 80]},
						{"origin": [-4.86048, 50.68535, -19.38195], "size": [1.375, 1.375, 1.5], "inflate": -0.6, "pivot": [0.72888, 19.79911, -26.0655], "rotation": [-68.80464, 9.78442, -23.665], "uv": [114, 234]},
						{"origin": [-3.74888, 50.86035, -18.11713], "size": [3.3, 1, 1.1], "inflate": -0.4, "pivot": [0.72888, 19.79911, -26.0655], "rotation": [-66.75, 0, 0], "uv": [195, 218]},
						{"origin": [4.59314, 50.86035, -19.1149], "size": [1.275, 1, 1.1], "inflate": -0.401, "pivot": [0.72888, 19.79911, -26.0655], "rotation": [-71.9712, -14.93203, 38.368], "uv": [216, 233]},
						{"origin": [-4.22388, 50.86035, -17.54213], "size": [4.275, 1, 2.2], "inflate": -0.4, "pivot": [0.72888, 19.79911, -26.0655], "rotation": [-66.75, 0, 0], "uv": [231, 16]},
						{"origin": [-4.22388, 50.66035, -17.04213], "size": [4.275, 1.125, 1.25], "inflate": -0.4, "pivot": [0.72888, 19.79911, -26.0655], "rotation": [-66.75, 0, 0], "uv": [70, 65]},
						{"origin": [-1.04888, 22.859, -25.04487], "size": [1.1, 1.625, 32], "inflate": -0.399, "uv": [68, 67]},
						{"origin": [0.71759, 23.75075, -25.04487], "size": [1.1, 1.1, 31.875], "inflate": -0.399, "pivot": [0.72888, 19.79911, -26.0655], "rotation": [0, 0, -23.25], "uv": [70, 33]},
						{"origin": [2.8124, 23.17069, -25.04487], "size": [1.1, 1.675, 31.55], "inflate": -0.399, "pivot": [0.72888, 19.79911, -26.0655], "rotation": [0, 0, -51.25], "uv": [80, 0]},
						{"origin": [2.7874, 23.07069, 5.60513], "size": [1.225, 1.475, 1.2], "inflate": -0.5, "pivot": [0.72888, 19.79911, -26.0655], "rotation": [0, 0, -51.25], "uv": [222, 171]},
						{"origin": [2.7874, 23.07069, 5.60513], "size": [1.225, 1.075, 1.325], "inflate": -0.5, "pivot": [0.72888, 19.79911, -26.0655], "rotation": [0, 0, -51.25], "uv": [110, 234]},
						{"origin": [2.7874, 14.58742, 5.61561], "size": [1.225, 1.425, 1.2], "inflate": -0.5, "pivot": [0.72888, 19.79911, -26.0655], "rotation": [15, 0, -51.25], "uv": [102, 234]},
						{"origin": [2.7874, 7.29185, 3.5011], "size": [1.225, 1.5, 1.3], "inflate": -0.5, "pivot": [0.72888, 19.79911, -26.0655], "rotation": [29, 0, -51.25], "uv": [8, 234]},
						{"origin": [0.9772, 24.53252, -25.04487], "size": [1.1, 1.775, 30.675], "inflate": -0.4, "pivot": [0.72888, 19.79911, -26.0655], "rotation": [0, 0, -30.25], "uv": [0, 101]},
						{"origin": [0.9772, 24.53252, 4.83013], "size": [1.1, 1.575, 1.225], "inflate": -0.4, "pivot": [0.72888, 19.79911, -26.0655], "rotation": [0, 0, -30.25], "uv": [218, 171]},
						{"origin": [0.9772, -6.52374, -7.46061], "size": [1.1, 1.375, 1], "inflate": -0.4, "pivot": [0.72888, 19.79911, -26.0655], "rotation": [64, 0, -30.25], "uv": [234, 84]},
						{"origin": [0.9772, 24.53252, 5.25513], "size": [1.1, 1.25, 1.05], "inflate": -0.4, "pivot": [0.72888, 19.79911, -26.0655], "rotation": [0, 0, -30.25], "uv": [232, 22]},
						{"origin": [0.9772, 4.06344, 2.0021], "size": [1.1, 1.65, 1.157], "inflate": -0.4, "pivot": [0.72888, 19.79911, -26.0655], "rotation": [37.25, 0, -30.25], "uv": [234, 24]},
						{"origin": [2.70111, 24.96598, -25.04487], "size": [1.1, 1.1, 30.2], "inflate": -0.4, "pivot": [0.72888, 19.79911, -26.0655], "rotation": [0, 0, -47], "uv": [130, 100]},
						{"origin": [2.70111, 24.86598, 4.25513], "size": [1.2, 1.175, 1.2], "inflate": -0.5, "pivot": [0.72888, 19.79911, -26.0655], "rotation": [0, 0, -47], "uv": [54, 233]},
						{"origin": [2.70111, 24.86598, 4.45513], "size": [1.2, 1.075, 1.175], "inflate": -0.5, "pivot": [0.72888, 19.79911, -26.0655], "rotation": [0, 0, -47], "uv": [234, 30]},
						{"origin": [2.70111, -4.32317, -5.56338], "size": [1.2, 1.4, 1.105], "inflate": -0.5, "pivot": [0.72888, 19.79911, -26.0655], "rotation": [58.5, 0, -47], "uv": [234, 28]},
						{"origin": [-4.19888, 38.10149, -9.26203], "size": [4.25, 2.4, 2.4], "inflate": -0.402, "pivot": [0.72888, 19.79911, -26.0655], "rotation": [-45, 0, 0], "uv": [78, 207]},
						{"origin": [-4.19888, 27.66237, -17.37387], "size": [4.25, 2.7, 4.025], "inflate": -0.402, "pivot": [0.72888, 19.79911, -26.0655], "rotation": [-37.5, 0, 0], "uv": [204, 220]},
						{"origin": [-4.19888, 18.459, -11.64487], "size": [4.25, 2.7, 12.7], "inflate": -0.401, "uv": [192, 115]},
						{"origin": [-2.69888, 15.934, -5.34487], "size": [1.45, 3.325, 1], "inflate": -0.4, "uv": [4, 233]},
						{"origin": [-2.59888, 17.634, -2.14487], "size": [1.25, 2.025, 1.05], "inflate": -0.4, "pivot": [-2.07388, 17.9965, -1.64487], "rotation": [41, 0, 0], "uv": [42, 233]},
						{"origin": [-2.59888, 17.234, -2.14487], "size": [1.25, 2.425, 1.05], "inflate": -0.399, "pivot": [-2.07388, 17.9965, -1.64487], "rotation": [29, 0, 0], "uv": [46, 233]},
						{"origin": [-2.59888, 16.309, -1.96987], "size": [1.25, 1.85, 1.05], "inflate": -0.4, "pivot": [-2.07388, 16.4965, -1.46987], "rotation": [1.5, 0, 0], "uv": [228, 235]},
						{"origin": [-2.59888, 15.434, -2.44487], "size": [1.25, 1.85, 1.05], "inflate": -0.4, "pivot": [-2.07388, 15.6215, -1.99487], "rotation": [-22, 0, 0], "uv": [236, 5]},
						{"origin": [-3.39888, 16.134, -11.64487], "size": [2.65, 3.325, 2.9], "inflate": -0.4, "uv": [86, 230]},
						{"origin": [-3.39888, 14.634, -10.74487], "size": [2.35, 2.525, 1], "inflate": -0.4, "pivot": [-2.07388, 16.2965, -10.24487], "rotation": [24, 0, 0], "uv": [210, 232]},
						{"origin": [-3.39888, 15.54358, -10.58217], "size": [2.35, 1.65, 1], "inflate": -0.4, "pivot": [-2.07388, 15.93108, -10.08217], "rotation": [6, 0, 0], "uv": [46, 218]},
						{"origin": [-2.69888, 14.934, -5.34487], "size": [1.45, 1.85, 1], "inflate": -0.4, "pivot": [-2.07388, 16.359, -4.84487], "rotation": [32, 0, 0], "uv": [202, 235]},
						{"origin": [-2.69888, 14.50238, -4.3814], "size": [1.45, 1.75, 1], "inflate": -0.4, "pivot": [-2.07388, 15.35238, -3.8814], "rotation": [69, 0, 0], "uv": [206, 235]},
						{"origin": [-2.69888, 12.27738, -3.3814], "size": [1.45, 3.95, 1], "inflate": -0.4, "pivot": [-2.07388, 15.20238, -2.8814], "rotation": [90, 0, 0], "uv": [14, 233]},
						{"origin": [-2.69888, 13.86488, -0.8939], "size": [1.45, 1.775, 1], "inflate": -0.4, "pivot": [-2.07388, 15.20238, -0.3939], "rotation": [125, 0, 0], "uv": [210, 235]},
						{"origin": [-2.69888, 15.12299, 0.07472], "size": [1.45, 1.875, 1], "inflate": -0.4, "pivot": [-2.07388, 16.11049, 0.57472], "rotation": [151, 0, 0], "uv": [214, 235]}
					]
				},
				{
					"name": "switch",
					"parent": "gun",
					"pivot": [-3.9593, 20.54807, -2.95606],
					"rotation": [22.5, 0, 0],
					"cubes": [
						{"origin": [-4.49888, 22.559, -14.04487], "size": [1.275, 1.9, 5.8], "inflate": -0.4, "uv": [226, 206]},
						{"origin": [-5.19888, 22.559, -14.04487], "size": [1.5, 1, 3.8], "inflate": -0.4, "uv": [124, 231]},
						{"origin": [-4.49888, 19.784, -8.16987], "size": [1.275, 1.9, 5.975], "inflate": -0.402, "pivot": [-3.76138, 20.734, -5.14487], "rotation": [-21.25, 0, 0], "uv": [226, 212]},
						{"origin": [-4.49888, 20.55882, -8.16857], "size": [1.275, 1.9, 5.575], "inflate": -0.4, "pivot": [-3.76138, 21.50882, -5.38107], "rotation": [-6, 0, 0], "uv": [14, 227]},
						{"origin": [-4.49888, 20.734, -10.39487], "size": [1.275, 2.2, 3.5], "inflate": -0.401, "pivot": [-3.62388, 21.734, -7.49487], "rotation": [-45, 0, 0], "uv": [94, 230]},
						{"origin": [-4.49888, 18.934, -4.29487], "size": [1.275, 2.6, 2.6], "inflate": -0.399, "pivot": [-3.62388, 20.334, -2.59487], "rotation": [-45, 0, 0], "uv": [164, 232]}
					]
				},
				{
					"name": "magazine",
					"parent": "gun",
					"pivot": [-2.07388, 16.71518, -16.77468],
					"cubes": [
						{"origin": [-3.79888, 17.66575, -23.43965], "size": [3.45, 5, 9.1], "inflate": -0.4, "pivot": [-2.07388, 19.61575, -19.08965], "rotation": [9, 0, 0], "uv": [120, 200]},
						{"origin": [-3.79888, 14.14075, -23.21465], "size": [3.45, 5, 9.1], "inflate": -0.402, "pivot": [-2.07388, 16.09075, -18.86465], "rotation": [1, 0, 0], "uv": [144, 206]},
						{"origin": [-3.79888, 10.94075, -23.63965], "size": [3.45, 5.025, 9.1], "inflate": -0.403, "pivot": [-2.07388, 12.89075, -19.28965], "rotation": [-12, 0, 0], "uv": [202, 206]},
						{"origin": [-3.29888, 14.14075, -15.21465], "size": [2.45, 5, 1.6], "inflate": -0.4, "pivot": [-2.07388, 16.09075, -18.36465], "rotation": [1, 0, 0], "uv": [118, 231]},
						{"origin": [-3.29888, 17.66575, -15.43965], "size": [2.45, 5, 1.6], "inflate": -0.4, "pivot": [-2.07388, 19.61575, -18.58965], "rotation": [9, 0, 0], "uv": [22, 212]},
						{"origin": [-3.29888, 10.84075, -15.63965], "size": [2.45, 5.125, 1.6], "inflate": -0.4, "pivot": [-2.07388, 12.89075, -18.78965], "rotation": [-12, 0, 0], "uv": [62, 121]}
					]
				},
				{
					"name": "action",
					"parent": "gun",
					"pivot": [-1.64888, 5.959, 7.75513],
					"cubes": [
						{"origin": [-4.02388, 22.759, -25.04487], "size": [3.1, 1.625, 12.475], "inflate": -0.4, "uv": [144, 193]},
						{"origin": [-5.42388, 22.859, -24.36987], "size": [1, 1.525, 2.875], "inflate": -0.4, "pivot": [-4.97388, 23.5715, -23.13237], "rotation": [0, 70.5, 0], "uv": [228, 232]},
						{"origin": [-5.29888, 22.859, -23.94487], "size": [2.6, 1.525, 2.675], "inflate": -0.4, "pivot": [-4.44888, 23.5715, -23.40737], "rotation": [0, 52, 0], "uv": [232, 90]},
						{"origin": [-5.3331, 21.42814, -25.04487], "size": [2.1, 1.1, 12.475], "inflate": -0.4, "pivot": [0.92888, 19.69911, -43.6655], "rotation": [0, 0, 23.25], "uv": [36, 194]},
						{"origin": [-5.77892, 18.67953, -25.04487], "size": [2.1, 2.075, 12.475], "inflate": -0.4, "pivot": [0.92888, 19.69911, -43.6655], "rotation": [0, 0, 51.25], "uv": [174, 193]},
						{"origin": [-5.28328, 21.59601, -25.04487], "size": [2.4, 1.775, 12.475], "inflate": -0.4, "pivot": [0.92888, 19.69911, -43.6655], "rotation": [0, 0, 30.25], "uv": [64, 194]}
					]
				},
				{
					"name": "Stock",
					"parent": "gun",
					"pivot": [-3.05188, 29.0953, 19.3412],
					"cubes": [
						{"origin": [-4.35888, 15.74856, 0.00273], "size": [4.524, 2, 7.4], "inflate": -0.398, "pivot": [0.72888, 19.79911, -26.0655], "rotation": [5, 0, 0], "uv": [190, 15]},
						{"origin": [-3.50388, 0.74394, -0.40415], "size": [2.814, 8.2, 5.1], "inflate": -0.399, "pivot": [0.72888, 19.79911, -26.0655], "rotation": [22, 0, 0], "uv": [46, 146]},
						{"origin": [-4.35888, 19.559, 1.05513], "size": [4.524, 1.75, 5.7], "inflate": -0.399, "uv": [92, 194]},
						{"origin": [-3.50388, 30.74444, -0.34011], "size": [2.814, 2.3, 2.6], "inflate": -0.402, "pivot": [0.72888, 19.79911, -26.0655], "rotation": [-30, 0, 0], "uv": [110, 230]},
						{"origin": [-2.49688, 20.7126, 14.80309], "size": [2.187, 1.325, 17.325], "inflate": -0.4, "pivot": [0.72888, 19.79911, -26.0655], "rotation": [-1, 0, 0], "uv": [134, 82]},
						{"origin": [-0.92998, 19.984, 5.94975], "size": [2.787, 1.325, 9.825], "inflate": -0.4, "pivot": [0.72888, 19.79911, -26.0655], "rotation": [0, -3, 0], "uv": [210, 90]},
						{"origin": [-6.0464, 19.984, 5.63985], "size": [2.787, 1.325, 9.825], "inflate": -0.401, "pivot": [0.72888, 19.79911, -26.0655], "rotation": [0, 3, 0], "uv": [78, 212]},
						{"origin": [2.02695, 20.41227, 5.83823], "size": [1.142, 1.4, 10.025], "inflate": -0.4, "pivot": [0.72888, 19.79911, -26.0655], "rotation": [2.74099, -1.21838, -66.09897], "uv": [210, 173]},
						{"origin": [-5.523, 16.6489, 5.6406], "size": [1.199, 2.225, 9.925], "inflate": -0.4, "pivot": [0.72888, 19.79911, -26.0655], "rotation": [1.72243, 2.45589, 35.10674], "uv": [212, 149]},
						{"origin": [-4.0018, 15.25056, 5.52839], "size": [1.142, 1.4, 10.025], "inflate": -0.4, "pivot": [0.72888, 19.79911, -26.0655], "rotation": [2.74099, 1.21838, 66.09897], "uv": [0, 212]},
						{"origin": [-2.70312, 21.32045, 5.76593], "size": [1.217, 1.4, 6.125], "inflate": -0.4, "uv": [222, 5]},
						{"origin": [-4.34083, 21.32045, 10.92871], "size": [1.042, 1.4, 2.825], "inflate": -0.402, "pivot": [0.72888, 19.79911, -26.0655], "rotation": [0, 2.5, 0], "uv": [232, 165]},
						{"origin": [-2.65312, 21.32045, 11.09093], "size": [1.092, 1.5, 4.775], "inflate": -0.5, "uv": [228, 223]},
						{"origin": [-0.83248, 21.32045, 13.09907], "size": [1.067, 1.5, 2.4], "inflate": -0.501, "pivot": [0.72888, 19.79911, -26.0655], "rotation": [0, -2.5, 0], "uv": [232, 171]},
						{"origin": [-4.42689, 21.32045, 12.85238], "size": [1.067, 1.5, 2.4], "inflate": -0.502, "pivot": [0.72888, 19.79911, -26.0655], "rotation": [0, 2.5, 0], "uv": [170, 232]},
						{"origin": [-0.89355, 21.32045, 11.1754], "size": [1.042, 1.4, 2.825], "inflate": -0.401, "pivot": [0.72888, 19.79911, -26.0655], "rotation": [0, -2.5, 0], "uv": [232, 168]},
						{"origin": [-0.72325, 21.32045, 5.85803], "size": [1.217, 1.4, 6.125], "inflate": -0.401, "pivot": [0.72888, 19.79911, -26.0655], "rotation": [0, -3, 0], "uv": [76, 222]},
						{"origin": [-4.68376, 21.32045, 5.56205], "size": [1.217, 1.4, 6.125], "inflate": -0.401, "pivot": [0.72888, 19.79911, -26.0655], "rotation": [0, 3, 0], "uv": [0, 223]},
						{"origin": [1.15984, 19.8936, 5.95044], "size": [1.199, 2.225, 9.925], "inflate": -0.4, "pivot": [0.72888, 19.79911, -26.0655], "rotation": [1.72243, -2.45589, -35.10674], "uv": [100, 212]},
						{"origin": [-0.19895, 21.73519, 14.89917], "size": [1.199, 2.225, 17.225], "inflate": -0.4, "pivot": [0.72888, 19.79911, -26.0655], "rotation": [-0.81918, -0.57356, -34.9959], "uv": [180, 24]},
						{"origin": [1.81073, 22.69065, 14.88695], "size": [1.142, 1.4, 17.225], "inflate": -0.4, "pivot": [0.72888, 19.79911, -26.0655], "rotation": [-0.40677, -0.91354, -65.99676], "uv": [180, 62]},
						{"origin": [-3.88388, 20.7126, 14.85309], "size": [2.187, 1.325, 17.275], "inflate": -0.4, "pivot": [0.72888, 19.79911, -26.0655], "rotation": [-1, 0, 0], "uv": [172, 82]},
						{"origin": [-3.50388, -13.19861, -9.73018], "size": [2.814, 4.4, 2.6], "inflate": -0.402, "pivot": [0.72888, 19.79911, -26.0655], "rotation": [51, 0, 0], "uv": [28, 200]},
						{"origin": [-4.35888, 28.9526, 3.93834], "size": [4.524, 2.3, 2.275], "inflate": -0.403, "pivot": [0.72888, 19.79911, -26.0655], "rotation": [-18, 0, 0], "uv": [224, 125]},
						{"origin": [-4.25888, 43.93785, -4.61598], "size": [4.324, 2.175, 1.425], "inflate": -0.4, "pivot": [0.72888, 19.79911, -26.0655], "rotation": [-48, 0, 0], "uv": [68, 229]},
						{"origin": [-3.50388, 14.94903, 0.16588], "size": [2.814, 3.5, 3.3], "inflate": -0.4, "pivot": [0.72888, 19.79911, -26.0655], "rotation": [2.5, 0, 0], "uv": [130, 225]},
						{"origin": [-3.50388, 17.19927, 5.39616], "size": [2.814, 1.9, 2.2], "inflate": -0.4, "pivot": [0.72888, 19.79911, -26.0655], "rotation": [1, 0, 0], "uv": [68, 232]},
						{"origin": [-4.18388, 51.46255, -15.65736], "size": [4.199, 1.775, 1.25], "inflate": -0.4, "pivot": [0.72888, 19.79911, -26.0655], "rotation": [-70, 0, 0], "uv": [120, 65]},
						{"origin": [-3.88388, -38.33139, -27.7726], "size": [3.574, 12.85, 2.3], "inflate": -0.398, "pivot": [0.72888, 19.79911, -26.0655], "rotation": [82, 0, 0], "uv": [194, 220]},
						{"origin": [-3.50388, 5.57342, 2.23698], "size": [2.814, 6.1, 5.2], "inflate": -0.4, "pivot": [0.72888, 19.79911, -26.0655], "rotation": [9, 0, 0], "uv": [110, 162]},
						{"origin": [-3.50388, 5.17342, 2.23698], "size": [2.814, 1.2, 5.2], "inflate": -0.4, "pivot": [0.72888, 19.79911, -26.0655], "rotation": [9, 0, 0], "uv": [224, 107]},
						{"origin": [-3.50388, -10.55543, -6.74568], "size": [2.814, 2.625, 2.225], "inflate": -0.401, "pivot": [0.72888, 19.79911, -26.0655], "rotation": [43, 0, 0], "uv": [230, 184]},
						{"origin": [-3.50388, 7.36124, 8.16424], "size": [2.814, 2.025, 3.725], "inflate": -0.401, "pivot": [0.72888, 19.79911, -26.0655], "rotation": [8, 0, 0], "uv": [228, 218]},
						{"origin": [-3.88388, -38.1872, -30.61765], "size": [3.574, 3.4, 10.3], "inflate": -0.4, "pivot": [0.72888, 19.79911, -26.0655], "rotation": [85, 0, 0], "uv": [202, 193]},
						{"origin": [-4.18103, 18.49989, 31.29908], "size": [1.199, 2.225, 1.45], "inflate": -0.4, "pivot": [0.72888, 19.79911, -26.0655], "rotation": [-0.81918, 0.57356, 34.9959], "uv": [18, 233]},
						{"origin": [-3.80484, 17.52833, 31.28686], "size": [1.142, 1.425, 1.465], "inflate": -0.4, "pivot": [0.72888, 19.79911, -26.0655], "rotation": [-0.40677, 0.91354, 65.99676], "uv": [128, 235]},
						{"origin": [-3.13388, 21.62307, 31.303], "size": [2.062, 1.475, 1.45], "inflate": -0.4, "pivot": [0.72888, 19.79911, -26.0655], "rotation": [-1, 0, 0], "uv": [200, 80]},
						{"origin": [-3.53388, 21.24807, 31.303], "size": [2.762, 1.175, 1.45], "inflate": -0.4, "pivot": [0.72888, 19.79911, -26.0655], "rotation": [-1, 0, 0], "uv": [204, 129]},
						{"origin": [1.82029, 22.69491, 31.28686], "size": [1.142, 1.4, 1.465], "inflate": -0.4, "pivot": [0.72888, 19.79911, -26.0655], "rotation": [-0.40677, -0.91354, -65.99676], "uv": [124, 235]},
						{"origin": [-0.19294, 21.74377, 31.29908], "size": [1.199, 2.225, 1.45], "inflate": -0.4, "pivot": [0.72888, 19.79911, -26.0655], "rotation": [-0.81918, -0.57356, -34.9959], "uv": [190, 229]},
						{"origin": [-3.87188, 20.72307, 31.303], "size": [3.562, 1.325, 1.45], "inflate": -0.4, "pivot": [0.72888, 19.79911, -26.0655], "rotation": [-1, 0, 0], "uv": [180, 80]},
						{"origin": [-3.88388, -38.78492, -30.79035], "size": [3.574, 1.4, 10.525], "inflate": -0.4, "pivot": [0.72888, 19.79911, -26.0655], "rotation": [85, 0, 0], "uv": [28, 207]},
						{"origin": [-3.50388, -26.28139, -27.7726], "size": [2.814, 12.4, 2.3], "inflate": -0.4, "pivot": [0.72888, 19.79911, -26.0655], "rotation": [82, 0, 0], "uv": [220, 220]},
						{"origin": [-1.28042, -26.47002, -27.7726], "size": [2.282, 9.9, 2.3], "inflate": -0.402, "pivot": [0.72888, 19.79911, -26.0655], "rotation": [81.98728, -3.21834, 0.45279], "uv": [36, 182]},
						{"origin": [-5.18625, -26.14962, -27.7726], "size": [2.282, 9.9, 2.3], "inflate": -0.398, "pivot": [0.72888, 19.79911, -26.0655], "rotation": [81.98728, 3.21834, -0.45279], "uv": [192, 207]},
						{"origin": [-2.64888, 13.0126, 19.00309], "size": [2.339, 9.025, 5.925], "inflate": -0.399, "pivot": [0.72888, 19.79911, -26.0655], "rotation": [-1, 0, 0], "uv": [46, 132]},
						{"origin": [-2.64888, 19.53593, 18.52766], "size": [2.339, 1.725, 1.425], "inflate": -0.4, "pivot": [-1.47938, 20.39843, 19.39016], "rotation": [49, 0, 0], "uv": [212, 171]},
						{"origin": [-2.64888, 12.92273, 18.57925], "size": [2.339, 1.725, 1.425], "inflate": -0.4, "pivot": [-1.47938, 13.78523, 19.29175], "rotation": [-43.5, 0, 0], "uv": [40, 218]},
						{"origin": [-3.89888, 18.7178, 16.38514], "size": [3.589, 2.05, 1.725], "inflate": -0.4, "uv": [232, 74]},
						{"origin": [-3.89659, 18.82719, 16.05167], "size": [3.589, 2.225, 1.725], "inflate": -0.42, "pivot": [-2.10209, 19.93969, 16.91417], "rotation": [22.94006, 0, 0], "uv": [232, 77]},
						{"origin": [-3.88388, -35.5872, -29.21765], "size": [3.574, 5.2, 4.3], "inflate": -0.4, "pivot": [0.72888, 19.79911, -26.0655], "rotation": [85, 0, 0], "uv": [110, 173]},
						{"origin": [-2.64888, -10.88301, 13.11566], "size": [2.339, 2.725, 2.825], "inflate": -0.401, "pivot": [0.72888, 19.79911, -26.0655], "rotation": [31.5, 0, 0], "uv": [230, 188]},
						{"origin": [-3.88388, 53.19912, 15.67532], "size": [3.574, 2.725, 2.825], "inflate": -0.401, "pivot": [0.72888, 19.79911, -26.0655], "rotation": [-43.5, 0, 0], "uv": [228, 228]},
						{"origin": [-3.88388, 56.96736, 12.58724], "size": [3.574, 1.5, 2.475], "inflate": -0.4, "pivot": [0.72888, 19.79911, -26.0655], "rotation": [-43.5, 0, 0], "uv": [46, 159]},
						{"origin": [-2.64888, 59.22127, 3.26874], "size": [2.339, 2.725, 1.625], "inflate": -0.402, "pivot": [0.72888, 19.79911, -26.0655], "rotation": [-53.5, 0, 0], "uv": [56, 159]},
						{"origin": [-2.64888, 40.57565, 18.48934], "size": [2.339, 2.725, 1.625], "inflate": -0.401, "pivot": [0.72888, 19.79911, -26.0655], "rotation": [-26.5, 0, 0], "uv": [232, 97]},
						{"origin": [-2.64888, 69.02061, -13.24695], "size": [2.339, 1.725, 1.15], "inflate": -0.4, "pivot": [0.72888, 19.79911, -26.0655], "rotation": [-74.5, 0, 0], "uv": [198, 129]},
						{"origin": [-3.88388, 50.04676, 12.66186], "size": [3.574, 2.225, 2.825], "inflate": -0.401, "pivot": [0.72888, 19.79911, -26.0655], "rotation": [-43.5, 0, 0], "uv": [38, 229]},
						{"origin": [-3.88388, -31.1872, -28.99265], "size": [3.574, 1.675, 2.975], "inflate": -0.4, "pivot": [0.72888, 19.79911, -26.0655], "rotation": [85, 0, 0], "uv": [222, 12]},
						{"origin": [-22.83773, 14.83921, 20.82773], "size": [1.266, 6.7, 1.1], "inflate": -0.4, "pivot": [0.72888, 19.79911, -26.0655], "rotation": [0, 22.5, 0], "uv": [216, 226]},
						{"origin": [-3.79527, 17.52407, 14.88695], "size": [1.142, 1.425, 17.225], "inflate": -0.4, "pivot": [0.72888, 19.79911, -26.0655], "rotation": [-0.40677, 0.91354, 65.99676], "uv": [0, 182]},
						{"origin": [-4.17502, 18.49132, 14.89917], "size": [1.199, 2.225, 17.225], "inflate": -0.4, "pivot": [0.72888, 19.79911, -26.0655], "rotation": [-0.81918, 0.57356, 34.9959], "uv": [180, 43]},
						{"origin": [-4.35888, 38.27562, -7.79163], "size": [4.524, 2.175, 2.7], "inflate": -0.401, "pivot": [0.72888, 19.79911, -26.0655], "rotation": [-45, 0, 0], "uv": [26, 227]},
						{"origin": [-4.35888, 19.234, 0.10513], "size": [4.524, 1.125, 4.675], "inflate": -0.4, "uv": [222, 0]}
					]
				},
				{
					"name": "cheekpad",
					"parent": "gun",
					"pivot": [-1.64888, 0.559, 20.35513],
					"cubes": [
						{"origin": [-1.57388, 20.559, 12.15513], "size": [2.6, 2.4, 12.5], "inflate": -0.4, "pivot": [-0.89888, 22.209, 17.80513], "rotation": [0, 0, 27.5], "uv": [18, 239]},
						{"origin": [-1.97728, 21.04625, 12.15513], "size": [2.8, 2.4, 12.5], "inflate": -0.399, "pivot": [-0.67728, 22.24625, 17.80513], "rotation": [0, 0, 53.75], "uv": [90, 242]}
					]
				},
				{
					"name": "cheekpad2",
					"parent": "cheekpad",
					"pivot": [-1.64888, 0.559, 20.35513],
					"cubes": [
						{"origin": [-3.99888, 20.559, 12.15513], "size": [3.85, 3.275, 12.5], "inflate": -0.4, "uv": [60, 241]},
						{"origin": [-3.92388, 19.684, 17.68013], "size": [3.675, 1.975, 1.9], "inflate": -0.4, "pivot": [-2.08638, 20.5215, 18.63013], "rotation": [-15, 0, 0], "uv": [48, 251]},
						{"origin": [-4.12388, 20.684, 12.15513], "size": [1.1, 3.275, 12.5], "inflate": -0.401, "pivot": [-2.19888, 22.3215, 17.80513], "rotation": [0, 0, -6], "uv": [34, 241]}
					]
				},
				{
					"name": "rightarm",
					"parent": "main",
					"pivot": [-13.51938, 12.04744, 3.68524],
					"rotation": [-101.81106, -12.40003, -2.46982],
					"cubes": [
						{"origin": [-7.19993, 3.49768, -2.11155], "size": [8, 24, 8], "uv": [46, 162]}
					]
				},
				{
					"name": "leftarm",
					"parent": "main",
					"pivot": [5.77861, 13.44085, -15.64957],
					"rotation": [-119.61483, 1.67666, -38.31282],
					"cubes": [
						{"origin": [2.524, -3.0804, -19.59778], "size": [8, 24, 8], "uv": [78, 162]}
					]
				},
				{
					"name": "muzzleflash",
					"parent": "main",
					"pivot": [-1.64888, 24.309, -68.89487],
					"cubes": [
						{"origin": [-2.54888, 23.209, -99.19487], "size": [1, 1, 1], "inflate": -0.4, "uv": [234, 129]}
					]
				},
				{
					"name": "scope",
					"parent": "main",
					"pivot": [-2.09888, 27.759, 4.10513],
					"cubes": [
						{"origin": [-2.59888, 27.259, 2.10513], "size": [1, 1, 1], "inflate": -0.4, "uv": [236, 22]}
					]
				},
				{
					"name": "_cb_scope",
					"parent": "main",
					"pivot": [-0.67388, 20.884, -8.49487],
					"cubes": [
						{
							"origin": [-0.67388, 20.884, -9.49487],
							"size": [1, 1, 1],
							"uv": {
								"north": {"uv": [15, 23], "uv_size": [1, 1]},
								"east": {"uv": [25, 13], "uv_size": [1, 1]},
								"south": {"uv": [14, 25], "uv_size": [1, 1]},
								"west": {"uv": [15, 25], "uv_size": [1, 1]},
								"up": {"uv": [16, 25], "uv_size": [1, 1]},
								"down": {"uv": [25, 17], "uv_size": [1, -1]}
							}
						}
					]
				},
				{
					"name": "_camera_",
					"pivot": [6.825, 33.725, 26.45]
				},
				{
					"name": "bb_main",
					"pivot": [0, 0, 0]
				}
			]
		}
	]
}