{
	"format_version": "1.12.0",
	"minecraft:geometry": [
		{
			"description": {
				"identifier": "geometry.unknown",
				"texture_width": 64,
				"texture_height": 64,
				"visible_bounds_width": 11,
				"visible_bounds_height": 6,
				"visible_bounds_offset": [0, 1, 0]
			},
			"bones": [
				{
					"name": "main",
					"pivot": [0, 20, 6]
				},
				{
					"name": "silencer",
					"parent": "main",
					"pivot": [0, 24.5, -15.55],
					"cubes": [
						{"origin": [-2.03171, 22.34767, -6.55], "size": [4, 4, 18], "inflate": -0.2, "pivot": [-0.03171, 24.34767, 6.2], "rotation": [0, 0, 22.5], "uv": [0, 0]},
						{"origin": [-0.93171, 23.44767, -6.6], "size": [1.8, 1.8, 1.75], "inflate": -0.2, "pivot": [-0.03171, 24.34767, 5.9], "rotation": [0, 0, 22.5], "uv": [24, 22]},
						{"origin": [-0.83171, 25.44767, -6.6], "size": [1, 1, 0.75], "inflate": -0.2, "pivot": [-0.73171, 26.34767, 5.9], "rotation": [0, 0, 22.5], "uv": [24, 24]},
						{"origin": [-1.63171, 23.24767, -6.6], "size": [1, 1, 0.75], "inflate": -0.2, "pivot": [-1.53171, 24.14767, 5.9], "rotation": [0, 0, 22.5], "uv": [24, 24]},
						{"origin": [0.86829, 23.54767, -6.6], "size": [1, 1, 0.75], "inflate": -0.2, "pivot": [0.96829, 24.44767, 5.9], "rotation": [0, 0, 22.5], "uv": [24, 24]},
						{"origin": [-2.53171, 21.84767, 10.45], "size": [5, 5, 5], "inflate": -0.199, "pivot": [-0.03171, 24.34767, 8.2], "rotation": [0, 0, 22.5], "uv": [0, 22]}
					]
				},
				{
					"name": "muzzleflash",
					"parent": "main",
					"pivot": [0, 24.35, -16.25],
					"cubes": [
						{"origin": [-0.5, 23.85, -7.55], "size": [1, 1, 1], "inflate": -0.4, "uv": [20, 22]}
					]
				},
				{
					"name": "_ca_suppressor",
					"parent": "main",
					"pivot": [0, 24.375, 18.35],
					"cubes": [
						{"origin": [-0.5, 23.875, 13.85], "size": [1, 1, 1], "uv": [20, 24]}
					]
				}
			]
		}
	]
}