{
	"format_version": "1.12.0",
	"minecraft:geometry": [
		{
			"description": {
				"identifier": "geometry.unknown",
				"texture_width": 256,
				"texture_height": 256,
				"visible_bounds_width": 8,
				"visible_bounds_height": 6,
				"visible_bounds_offset": [0, 0, 0]
			},
			"bones": [
				{
					"name": "bb_main",
					"pivot": [0, 0, 0]
				},
				{
					"name": "main",
					"pivot": [-3, 16.5, 3.05]
				},
				{
					"name": "rightarm",
					"parent": "main",
					"pivot": [-7.32963, 14.14153, 10.87632],
					"rotation": [-92.26219, -19.73565, -0.84332],
					"cubes": [
						{"origin": [-11.32963, 2.14153, 6.87632], "size": [8, 24, 8], "uv": [0, 56]}
					]
				},
				{
					"name": "leftarm",
					"parent": "main",
					"pivot": [2.44684, 12.06209, -10.43848],
					"rotation": [-119.61483, 1.67666, -38.31282],
					"cubes": [
						{"origin": [-1.60266, -1.02837, -13.58502], "size": [8, 24, 8], "pivot": [5.39734, 10.97163, -12.58502], "rotation": [-0.90107, -33.4811, 2.88155], "uv": [32, 73]}
					]
				},
				{
					"name": "muzzleflash",
					"parent": "main",
					"pivot": [-3.48201, 21.29953, -47.88054],
					"cubes": [
						{"origin": [-3.99016, 20.79138, -48.38869], "size": [1.0163, 1.0163, 1.0163], "inflate": -0.4, "uv": [160, 170]}
					]
				},
				{
					"name": "scope",
					"parent": "main",
					"pivot": [-3.29723, 25.56324, 13.36623],
					"cubes": [
						{"origin": [-3.97331, 24.18824, -0.13377], "size": [1, 1, 1], "inflate": -0.4, "uv": [170, 88]}
					]
				},
				{
					"name": "gun",
					"parent": "main",
					"pivot": [-3.44837, 18.93794, -11.13589],
					"cubes": [
						{"origin": [-5.36178, 13.39817, -2.10838], "size": [3.82694, 5.1587, 13.63848], "inflate": -0.397, "pivot": [-3.46081, 16.77627, 4.59739], "rotation": [-29.5, 0, 0], "uv": [106, 73]},
						{"origin": [-4.11178, 19.67502, -0.82375], "size": [2.12694, 1.0587, 4.53848], "inflate": -0.398, "pivot": [-3.04831, 20.25437, 1.29549], "rotation": [-29.68408, -6.0888, 3.46001], "uv": [100, 154]},
						{"origin": [-4.93678, 19.67502, -0.82375], "size": [2.12694, 1.0587, 4.53848], "inflate": -0.4, "pivot": [-3.87331, 20.25437, 1.29549], "rotation": [-29.68408, 6.0888, -3.46001], "uv": [166, 118]},
						{"origin": [-4.6935, 19.60171, 2.33083], "size": [2.45194, 1.0587, 1.43848], "inflate": -0.402, "pivot": [-3.85503, 20.18106, 1.42507], "rotation": [-29.5, 0, 0], "uv": [170, 24]},
						{"origin": [-5.11178, 20.60002, -0.99875], "size": [3.32694, 1.5337, 1.31348], "inflate": -0.4, "uv": [168, 109]},
						{"origin": [-5.11178, 20.32502, -0.72375], "size": [3.32694, 1.5837, 1.23848], "inflate": -0.4, "pivot": [-3.44831, 21.04187, -0.07951], "rotation": [26.75, 0, 0], "uv": [168, 111]},
						{"origin": [-4.41178, 21.02502, -1.02375], "size": [1.92694, 2.0837, 1.13848], "inflate": -0.4, "pivot": [-3.44831, 21.74187, -0.47951], "rotation": [26.75, 0, 0], "uv": [170, 100]},
						{"origin": [-4.41178, 20.60712, -1.49905], "size": [1.92694, 2.4837, 1.16348], "inflate": -0.4, "uv": [140, 170]},
						{"origin": [-4.41178, 13.68212, -1.32405], "size": [1.92694, 2.5337, 1.13848], "inflate": -0.4, "uv": [144, 170]},
						{"origin": [-4.41178, 14.20712, -1.77405], "size": [1.92694, 2.5337, 2.23848], "inflate": -0.4, "pivot": [-3.44831, 15.47397, -1.20481], "rotation": [37.75, 0, 0], "uv": [0, 169]},
						{"origin": [-4.41178, 14.84384, -4.13917], "size": [1.92694, 2.2337, 1.41348], "inflate": -0.4, "pivot": [-3.44831, 15.81069, -3.01993], "rotation": [48.75, 0, 0], "uv": [152, 170]},
						{"origin": [-4.41178, 13.95335, -3.44582], "size": [1.92694, 1.7837, 1.31348], "inflate": -0.4, "pivot": [-3.44831, 14.7077, -2.73908], "rotation": [13, 0, 0], "uv": [176, 171]},
						{"origin": [-4.41178, 12.89082, -3.43079], "size": [1.92694, 1.9587, 1.26348], "inflate": -0.4, "pivot": [-3.44831, 13.87017, -2.72405], "rotation": [-11.5, 0, 0], "uv": [172, 176]},
						{"origin": [-4.41178, 14.69384, -0.71417], "size": [1.92694, 1.5587, 1.88848], "inflate": -0.4, "pivot": [-3.44831, 15.96069, 0.08007], "rotation": [0.75, 0, 0], "uv": [168, 176]},
						{"origin": [-4.41178, 11.70712, -4.07405], "size": [1.92694, 3.0837, 1.13848], "inflate": -0.4, "pivot": [-3.44831, 12.92397, -3.50481], "rotation": [-90, 0, 0], "uv": [136, 169]},
						{"origin": [-4.41178, 12.51962, -2.66155], "size": [1.92694, 1.5087, 1.13848], "inflate": -0.4, "pivot": [-3.44831, 12.92397, -2.09231], "rotation": [-73.75, 0, 0], "uv": [156, 176]},
						{"origin": [-4.41178, 12.53855, -1.72852], "size": [1.92694, 1.7587, 1.13848], "inflate": -0.4, "pivot": [-3.44831, 13.4429, -1.15928], "rotation": [-43, 0, 0], "uv": [160, 176]},
						{"origin": [-4.41178, 13.31135, -1.40432], "size": [1.92694, 1.2337, 1.13848], "inflate": -0.4, "pivot": [-3.44831, 13.8657, -0.83508], "rotation": [-18, 0, 0], "uv": [176, 163]},
						{"origin": [-4.41178, 12.51962, -4.84287], "size": [1.92694, 1.5087, 1.13848], "inflate": -0.4, "pivot": [-3.44831, 12.92397, -4.27363], "rotation": [73.75, 0, 0], "uv": [176, 167]},
						{"origin": [-4.41178, 12.53855, -5.77589], "size": [1.92694, 1.7587, 1.13848], "inflate": -0.4, "pivot": [-3.44831, 13.4429, -5.20665], "rotation": [43, 0, 0], "uv": [176, 165]},
						{"origin": [-4.41178, 13.31135, -6.1001], "size": [1.92694, 1.2337, 1.13848], "inflate": -0.4, "pivot": [-3.44831, 13.8657, -5.53086], "rotation": [18, 0, 0], "uv": [164, 176]},
						{"origin": [-4.41178, 13.68212, -6.17405], "size": [1.92694, 2.5337, 1.11348], "inflate": -0.4, "uv": [148, 170]},
						{"origin": [-4.41178, 14.68212, -6.67405], "size": [1.92694, 1.5337, 1.31348], "inflate": -0.4, "uv": [176, 114]},
						{"origin": [-4.41178, 14.30712, -6.39905], "size": [1.92694, 1.3837, 1.11348], "inflate": -0.4, "pivot": [-3.44831, 15.09897, -5.74231], "rotation": [32.5, 0, 0], "uv": [176, 169]},
						{"origin": [-4.41178, 14.68212, -6.02405], "size": [1.92694, 1.7587, 1.13848], "inflate": -0.4, "pivot": [-3.44831, 15.44897, -5.55481], "rotation": [-29.25, 0, 0], "uv": [176, 116]},
						{"origin": [-4.08678, 21.20712, -1.99905], "size": [1.32694, 1.4837, 1.31348], "inflate": -0.4, "pivot": [-3.52331, 21.84897, -0.91731], "rotation": [0, 0, -22.5], "uv": [176, 108]},
						{"origin": [-4.41178, 20.60712, -1.14905], "size": [1.92694, 1.7587, 1.03848], "inflate": -0.4, "uv": [176, 106]},
						{"origin": [-3.24525, 13.38847, -2.25904], "size": [1.62695, 5.1587, 8.16348], "inflate": -0.4, "pivot": [-3.51081, 16.77627, 4.59739], "rotation": [-29.68408, -6.0888, 3.46001], "uv": [82, 154]},
						{"origin": [-5.47433, 13.95778, -2.80108], "size": [1.62694, 1.5337, 8.13849], "inflate": -0.4, "pivot": [-3.44831, 16.06698, 2.43014], "rotation": [-34.44969, 5.78155, -3.95307], "uv": [160, 154]},
						{"origin": [-5.41178, 13.96748, -2.29607], "size": [3.87694, 1.5337, 8.21348], "inflate": -0.4, "pivot": [-3.44831, 16.06698, 2.43014], "rotation": [-34.25, 0, 0], "uv": [118, 160]},
						{"origin": [-3.04923, 13.95778, -2.80108], "size": [1.62694, 1.5337, 8.13849], "inflate": -0.4, "pivot": [-3.44831, 16.06698, 2.43014], "rotation": [-34.44969, -5.78155, 3.95307], "uv": [160, 145]},
						{"origin": [-5.27832, 13.38847, -2.25904], "size": [1.62695, 5.1587, 8.16348], "inflate": -0.4, "pivot": [-3.38581, 16.77627, 4.59739], "rotation": [-29.68408, 6.0888, -3.46001], "uv": [100, 160]},
						{"origin": [-5.36178, 10.9207, 3.63001], "size": [3.82694, 1.83371, 6.88848], "inflate": -0.4, "pivot": [-3.44831, 12.20006, 7.51175], "rotation": [-26.25, 0, 0], "uv": [18, 162]},
						{"origin": [-5.36178, 6.73237, 8.8103], "size": [3.82694, 4.90871, 18.98848], "inflate": -0.4, "pivot": [-3.44831, 8.01173, 18.81704], "rotation": [-18.75, 0, 0], "uv": [64, 73]},
						{"origin": [-4.86899, 11.99573, 28.09906], "size": [1.82695, 4.10871, 1.11348], "inflate": -0.4, "pivot": [-3.42331, 14.24889, 28.49545], "rotation": [0.72095, -0.20672, 15.9987], "uv": [34, 169]},
						{"origin": [-4.41178, 12.23895, 28.05336], "size": [1.92694, 4.10871, 1.16348], "inflate": -0.4, "pivot": [-3.44831, 14.24889, 28.49545], "rotation": [0.75, 0, 0], "uv": [30, 169]},
						{"origin": [-3.85458, 11.99573, 28.09906], "size": [1.82695, 4.10871, 1.11348], "inflate": -0.4, "pivot": [-3.47331, 14.24889, 28.49545], "rotation": [0.72095, 0.20672, -15.9987], "uv": [96, 167]},
						{"origin": [-5.33678, 9.12966, 27.98108], "size": [3.77694, 5.28371, 1.08848], "inflate": -0.4, "pivot": [-3.44831, 12.10902, 18.41282], "rotation": [-7, 0, 0], "uv": [48, 167]},
						{"origin": [-5.33678, 6.65737, 26.99878], "size": [3.77694, 4.98371, 1.1], "inflate": -0.4, "pivot": [-3.44831, 8.01173, 19.11704], "rotation": [-18.75, 0, 0], "uv": [80, 167]},
						{"origin": [-5.36178, 9.12966, 8.50608], "size": [3.82694, 5.28371, 20.26348], "inflate": -0.398, "pivot": [-3.44831, 12.10902, 18.11282], "rotation": [-7, 0, 0], "uv": [0, 31]},
						{"origin": [-3.81178, 13.05108, 8.74975], "size": [1.82694, 4.1087, 19.81348], "inflate": -0.398, "pivot": [-3.89831, 15.30543, 18.95649], "rotation": [-6.73137, -1.92503, -15.88678], "uv": [92, 27]},
						{"origin": [-4.92817, 13.1777, 8.19417], "size": [1.82694, 3.4087, 2.83848], "inflate": -0.399, "pivot": [-4.0147, 16.35705, 11.07591], "rotation": [-52.48137, 1.92503, 15.88678], "uv": [168, 19]},
						{"origin": [-3.79539, 13.1777, 8.19417], "size": [1.82694, 3.4337, 2.83848], "inflate": -0.399, "pivot": [-2.88192, 16.35705, 11.07591], "rotation": [-52.48137, -1.92503, -15.88678], "uv": [132, 64]},
						{"origin": [-3.80286, 12.61807, 8.15714], "size": [1.82695, 4.0837, 2.28848], "inflate": -0.4, "pivot": [-2.88938, 16.63492, 9.02638], "rotation": [-89.48137, -1.92503, -15.88678], "uv": [32, 124]},
						{"origin": [-4.80896, 16.02953, 6.06083], "size": [2.72694, 1.6087, 2.31348], "inflate": -0.398, "uv": [168, 103]},
						{"origin": [-4.92071, 12.61807, 8.15714], "size": [1.82695, 4.0837, 2.28848], "inflate": -0.4, "pivot": [-4.00724, 16.63492, 9.02638], "rotation": [-89.48137, 1.92503, 15.88678], "uv": [132, 58]},
						{"origin": [-4.43678, 8.11015, 3.77193], "size": [1.97694, 3.5837, 3.56348], "inflate": -0.398, "pivot": [-3.44831, 9.62009, 13.71402], "rotation": [-53.75, 0, 0], "uv": [72, 161]},
						{"origin": [-3.43678, 15.3707, 7.34441], "size": [1.25194, 2.6587, 1.38849], "inflate": -0.4, "pivot": [-3.44831, 16.37505, 9.12615], "rotation": [-53.24196, -8.85167, -6.55674], "uv": [28, 145]},
						{"origin": [-4.71178, 15.3707, 7.34441], "size": [1.25194, 2.6587, 1.38849], "inflate": -0.4, "pivot": [-3.44831, 16.37505, 9.12615], "rotation": [-53.24196, 8.85167, 6.55674], "uv": [24, 159]},
						{"origin": [-4.43678, 12.28895, 27.45336], "size": [1.97694, 4.10871, 1.46348], "inflate": -0.4, "pivot": [-3.44831, 14.29889, 28.19545], "rotation": [0.75, 0, 0], "uv": [52, 162]},
						{"origin": [-4.89399, 12.04573, 27.49906], "size": [1.82695, 4.10871, 1.41348], "inflate": -0.4, "pivot": [-3.44831, 14.29889, 28.19545], "rotation": [0.72095, -0.20672, 15.9987], "uv": [24, 154]},
						{"origin": [-3.82958, 12.04573, 27.49906], "size": [1.82695, 4.10871, 1.41348], "inflate": -0.4, "pivot": [-3.44831, 14.29889, 28.19545], "rotation": [0.72095, 0.20672, -15.9987], "uv": [28, 140]},
						{"origin": [-4.43678, 13.42608, 8.77475], "size": [1.97694, 4.1087, 19.83848], "inflate": -0.4, "pivot": [-4.39831, 15.68043, 18.95649], "rotation": [-7, 0, 0], "uv": [94, 0]},
						{"origin": [-4.91178, 13.05108, 8.74975], "size": [1.82694, 4.1087, 19.81348], "inflate": -0.398, "pivot": [-2.99831, 15.30543, 18.95649], "rotation": [-6.73137, 1.92503, 15.88678], "uv": [92, 50]},
						{"origin": [-10.66178, 16.36447, -12.75741], "size": [13.52694, 4.5087, 1.91349], "inflate": -0.4, "pivot": [-3.44831, 18.61831, -11.19527], "rotation": [-90, -90, 0], "uv": [140, 19]},
						{"origin": [-13.91178, 16.01447, -14.05741], "size": [21.87694, 1.9587, 2.08849], "inflate": -0.4, "pivot": [-3.44831, 18.61831, -11.19527], "rotation": [-90, -90, 0], "uv": [94, 23]},
						{"origin": [-4.93678, 15.36447, -21.65741], "size": [2.97694, 3.6337, 22.08849], "inflate": -0.4, "uv": [0, 6]},
						{"origin": [5.88822, 17.16447, -14.05741], "size": [2.07694, 3.7337, 2.08849], "inflate": -0.4, "pivot": [-3.44831, 18.61831, -11.19527], "rotation": [-90, -90, 0], "uv": [72, 167]},
						{"origin": [-10.21178, 18.66703, -13.49967], "size": [13.57694, 1.9087, 1.93848], "inflate": -0.4, "pivot": [-3.89831, 18.99331, -11.19527], "rotation": [0, 90, 22], "uv": [152, 98]},
						{"origin": [-10.06178, 17.8002, -13.36966], "size": [13.57694, 1.9087, 2.23848], "inflate": -0.4, "pivot": [-3.74831, 18.61831, -11.19527], "rotation": [0, 90, -22], "uv": [82, 151]},
						{"origin": [-14.88678, 15.49158, -11.87699], "size": [21.90194, 1.9087, 2.46349], "inflate": -0.4, "pivot": [-3.44831, 18.61831, -11.19527], "rotation": [0, 90, 47.5], "uv": [106, 100]},
						{"origin": [-14.88678, 16.01447, -12.78241], "size": [6.00194, 1.9587, 2.03849], "inflate": -0.4, "pivot": [-3.44831, 18.61831, -11.19527], "rotation": [-90, 90, 0], "uv": [164, 16]},
						{"origin": [2.93822, 16.01447, -12.78241], "size": [4.07694, 2.1587, 2.03849], "inflate": -0.4, "pivot": [-3.44831, 18.61831, -11.19527], "rotation": [-90, 90, 0], "uv": [166, 123]},
						{"origin": [-14.88678, 16.01447, -11.55741], "size": [21.90194, 1.9587, 2.38849], "inflate": -0.4, "pivot": [-3.44831, 18.61831, -11.19527], "rotation": [-90, 90, 0], "uv": [106, 97]},
						{"origin": [-7.78678, 16.01447, -13.55741], "size": [14.80194, 1.9587, 1.58849], "inflate": -0.4, "pivot": [-3.44831, 18.61831, -11.19527], "rotation": [-90, 90, 0], "uv": [140, 24]},
						{"origin": [-14.88678, 16.01447, -14.05741], "size": [7.90194, 1.1337, 2.08849], "inflate": -0.4, "pivot": [-3.44831, 18.61831, -11.19527], "rotation": [-90, 90, 0], "uv": [152, 100]},
						{"origin": [-13.91178, 16.01447, -11.55741], "size": [21.87694, 1.9587, 2.38849], "inflate": -0.4, "pivot": [-3.44831, 18.61831, -11.19527], "rotation": [-90, -90, 0], "uv": [106, 91]},
						{"origin": [-13.91178, 15.49158, -11.87699], "size": [21.87694, 1.9087, 2.46349], "inflate": -0.4, "pivot": [-3.44831, 18.61831, -11.19527], "rotation": [0, -90, -47.5], "uv": [106, 94]},
						{"origin": [-10.41178, 17.8002, -13.36966], "size": [13.57694, 1.9087, 2.23848], "inflate": -0.4, "pivot": [-3.14831, 18.61831, -11.19527], "rotation": [0, -90, 22], "uv": [48, 27]},
						{"origin": [-10.53678, 18.56703, -13.79967], "size": [13.57694, 1.9087, 2.23848], "inflate": -0.4, "pivot": [-3.27331, 18.89331, -11.19527], "rotation": [0, -90, -22], "uv": [134, 16]},
						{"origin": [-13.91178, 16.01447, -12.78241], "size": [4.07694, 2.1587, 2.03849], "inflate": -0.4, "pivot": [-3.44831, 18.61831, -11.19527], "rotation": [-90, -90, 0], "uv": [166, 12]},
						{"origin": [-6.05025, 14.34343, -17.51913], "size": [5.20194, 1.60871, 1.76348], "inflate": -0.4, "pivot": [-3.46132, 19.19226, -11.67047], "rotation": [-45, 0, 0], "uv": [32, 71]},
						{"origin": [-6.05025, 22.43238, -7.58529], "size": [5.20194, 1.60871, 1.76348], "inflate": -0.4, "pivot": [-3.46132, 19.19226, -11.67047], "rotation": [-45, 0, 0], "uv": [166, 130]},
						{"origin": [-6.05025, 14.34343, -7.58529], "size": [5.20194, 1.60871, 1.76348], "inflate": -0.4, "pivot": [-3.46132, 19.19226, -11.67047], "rotation": [45, 0, 0], "uv": [50, 114]},
						{"origin": [-6.05025, 22.43238, -17.51913], "size": [5.20194, 1.60871, 1.76348], "inflate": -0.4, "pivot": [-3.46132, 19.19226, -11.67047], "rotation": [45, 0, 0], "uv": [38, 114]},
						{"origin": [1.98822, 16.01447, -12.78241], "size": [5.97694, 1.9587, 2.03849], "inflate": -0.4, "pivot": [-3.44831, 18.61831, -11.19527], "rotation": [-90, -90, 0], "uv": [82, 148]},
						{"origin": [-5.86178, 20.16447, -21.65741], "size": [4.77694, 2.3087, 19.16349], "inflate": -0.4, "pivot": [-3.47331, 21.31882, -20.57566], "rotation": [0, 0, 135], "uv": [48, 6]},
						{"origin": [-5.86178, 20.16447, -7.75741], "size": [1.00194, 2.3087, 5.26349], "inflate": -0.4, "pivot": [-3.47331, 21.31882, -20.57566], "rotation": [0, 0, 45], "uv": [32, 64]},
						{"origin": [-5.86178, 20.96447, -21.65741], "size": [1.00194, 1.5087, 14.71349], "inflate": -0.4, "pivot": [-3.47331, 21.31882, -20.57566], "rotation": [0, 0, 45], "uv": [138, 103]},
						{"origin": [-5.86178, 20.16447, -21.65741], "size": [1.00194, 1.6087, 12.11349], "inflate": -0.4, "pivot": [-3.47331, 21.31882, -20.57566], "rotation": [0, 0, 45], "uv": [56, 148]},
						{"origin": [-3.86178, 20.16447, -21.65741], "size": [2.77694, 2.3087, 19.16349], "inflate": -0.4, "pivot": [-3.47331, 21.31882, -20.57566], "rotation": [0, 0, 45], "uv": [64, 95]},
						{"origin": [-5.81178, 20.03947, -21.65741], "size": [4.67694, 2.5587, 19.16349], "inflate": -0.4, "pivot": [-3.47331, 21.31882, -20.57566], "rotation": [0, 0, 90], "uv": [46, 31]},
						{"origin": [-2.51178, 23.53947, -17.95741], "size": [1.47694, 2.7587, 8.16349], "inflate": -0.398, "pivot": [-3.47331, 24.91882, -20.57566], "rotation": [0, 0, 90], "uv": [160, 135]},
						{"origin": [-3.31178, 23.33947, -12.55741], "size": [1.55194, 3.1587, 1.96349], "inflate": -0.4, "pivot": [-3.47331, 24.91882, -20.57566], "rotation": [0, 0, 90], "uv": [42, 169]},
						{"origin": [-3.02428, 23.37697, -12.23241], "size": [1.40194, 1.2587, 1.26349], "inflate": -0.4, "pivot": [-3.59831, 23.95632, -11.65066], "rotation": [-22.75, 0, 0], "uv": [176, 104]},
						{"origin": [-3.13678, 23.73947, -17.45741], "size": [1.07694, 2.3587, 6.81349], "inflate": -0.4, "pivot": [-3.47331, 24.91882, -20.57566], "rotation": [0, 0, 90], "uv": [32, 56]},
						{"origin": [-4.01178, 22.51447, -12.20741], "size": [1.00194, 2.5587, 2.06349], "inflate": -0.4, "pivot": [-3.47331, 23.79382, -11.25066], "rotation": [0, 4.5, 90], "uv": [134, 19]},
						{"origin": [-5.03678, 23.41447, -11.13241], "size": [1.92694, 1.7587, 1.08849], "inflate": -0.5, "pivot": [-3.47331, 23.79382, -11.25066], "rotation": [0, 4.5, 90], "uv": [176, 92]},
						{"origin": [-4.76178, 23.16447, -11.48241], "size": [1.65194, 1.2587, 1.43849], "inflate": -0.5, "pivot": [-3.47331, 23.79382, -11.25066], "rotation": [0, 4.5, 90], "uv": [176, 94]},
						{"origin": [-4.73678, 22.41447, -11.45741], "size": [1.62694, 2.7587, 1.41349], "inflate": -0.49, "pivot": [-3.47331, 23.79382, -11.25066], "rotation": [0, 4.5, 90], "uv": [170, 82]},
						{"origin": [-4.88678, 23.41447, -11.28241], "size": [1.15194, 1.7587, 1.16349], "inflate": -0.5, "pivot": [-3.47331, 23.79382, -11.25066], "rotation": [0, 4.5, 90], "uv": [176, 96]},
						{"origin": [-5.88678, 23.41447, -11.28241], "size": [1.20194, 1.7587, 1.16349], "inflate": -0.5, "pivot": [-4.47331, 23.79382, -11.25066], "rotation": [0, 4.5, 90], "uv": [176, 102]},
						{"origin": [-5.34928, 23.9423, -11.51358], "size": [2.50194, 1.7587, 1.13849], "inflate": -0.5, "pivot": [-4.37331, 24.42165, -10.86934], "rotation": [0, 56.25, 90], "uv": [124, 169]},
						{"origin": [-5.93678, 23.31447, -11.13241], "size": [1.92694, 1.7587, 1.08849], "inflate": -0.5, "pivot": [-4.37331, 23.79382, -11.25066], "rotation": [0, 4.5, 90], "uv": [94, 176]},
						{"origin": [-4.44928, 24.0423, -11.51358], "size": [2.50194, 1.7587, 1.13849], "inflate": -0.5, "pivot": [-3.47331, 24.42165, -10.86934], "rotation": [0, 56.25, 90], "uv": [118, 169]},
						{"origin": [-4.07428, 23.0423, -11.41358], "size": [1.97694, 2.7587, 1.38849], "inflate": -0.5, "pivot": [-3.47331, 24.42165, -10.86934], "rotation": [0, 56.25, 90], "uv": [26, 169]},
						{"origin": [-3.77428, 23.0423, -11.08858], "size": [1.27694, 2.7587, 1.16349], "inflate": -0.5, "pivot": [-3.47331, 24.42165, -10.86934], "rotation": [0, 56.25, 90], "uv": [170, 85]},
						{"origin": [-3.99928, 23.7923, -11.51358], "size": [2.05194, 1.2587, 1.13849], "inflate": -0.5, "pivot": [-3.47331, 24.42165, -10.86934], "rotation": [0, 56.25, 90], "uv": [130, 169]},
						{"origin": [-2.91178, 23.53947, -17.95741], "size": [1.20194, 2.7587, 2.96349], "inflate": -0.4, "pivot": [-3.47331, 24.91882, -20.57566], "rotation": [0, 0, 90], "uv": [132, 69]},
						{"origin": [-3.11178, 25.28947, -17.55741], "size": [1.00194, 1.0087, 1.86349], "inflate": -0.401, "pivot": [-3.47331, 24.91882, -20.57566], "rotation": [0, 0, 90], "uv": [72, 176]},
						{"origin": [-3.49928, 23.45197, -17.53241], "size": [1.55194, 1.0087, 1.53849], "inflate": -0.402, "pivot": [-2.59831, 23.95632, -16.60066], "rotation": [0, 45, 90], "uv": [76, 176]},
						{"origin": [-4.86178, 25.28947, -17.55741], "size": [1.00194, 1.0087, 1.86349], "inflate": -0.401, "pivot": [-5.22331, 24.91882, -20.57566], "rotation": [0, 0, 90], "uv": [176, 90]},
						{"origin": [-5.24928, 23.45197, -17.53241], "size": [1.55194, 1.0087, 1.53849], "inflate": -0.402, "pivot": [-4.34831, 23.95632, -16.60066], "rotation": [0, 45, 90], "uv": [80, 176]},
						{"origin": [-4.07428, 22.05197, -15.88241], "size": [1.20194, 2.7587, 1.68849], "inflate": -0.404, "pivot": [-3.47331, 23.43132, -15.67566], "rotation": [0, -16.75, 90], "uv": [170, 70]},
						{"origin": [-4.07428, 22.05197, -15.08241], "size": [1.20194, 2.7587, 1.68849], "inflate": -0.403, "pivot": [-3.47331, 23.43132, -14.87566], "rotation": [0, -16.75, 90], "uv": [170, 73]},
						{"origin": [-4.07428, 22.05197, -14.28241], "size": [1.20194, 2.7587, 1.68849], "inflate": -0.402, "pivot": [-3.47331, 23.43132, -14.07566], "rotation": [0, -16.75, 90], "uv": [170, 79]},
						{"origin": [-4.07428, 22.05197, -13.48241], "size": [1.20194, 2.7587, 1.68849], "inflate": -0.401, "pivot": [-3.47331, 23.43132, -13.27566], "rotation": [0, -16.75, 90], "uv": [170, 76]},
						{"origin": [-6.00563, 19.95154, -3.28558], "size": [5.06464, 2.73457, 2.21983], "inflate": -0.399, "uv": [78, 27]},
						{"origin": [-6.00563, 19.95154, -3.28558], "size": [5.06464, 2.73457, 2.21983], "inflate": -0.398, "pivot": [-3.47331, 21.31882, -1.47566], "rotation": [0, 0, 90], "uv": [166, 0]},
						{"origin": [-6.06063, 20.08904, -3.28558], "size": [5.17464, 2.45957, 2.21983], "inflate": -0.4, "pivot": [-3.47331, 21.31882, -1.47566], "rotation": [0, 0, 135], "uv": [166, 4]},
						{"origin": [-6.06063, 20.08904, -3.28558], "size": [5.17464, 2.45957, 2.21983], "inflate": -0.4, "pivot": [-3.47331, 21.31882, -1.47566], "rotation": [0, 0, 45], "uv": [166, 8]},
						{"origin": [-6.00563, 19.95154, -47.08558], "size": [5.06464, 2.73457, 3.71983], "inflate": -0.399, "uv": [76, 0]},
						{"origin": [-4.9801, 20.49895, -47.98638], "size": [3.01357, 1.63974, 1.77143], "inflate": -0.4, "pivot": [-3.47331, 21.31882, -47.10691], "rotation": [0, 0, 45], "uv": [164, 168]},
						{"origin": [-4.98009, 20.49895, -47.98638], "size": [3.01357, 1.63974, 1.77143], "inflate": -0.4, "pivot": [-3.47331, 21.31882, -47.10691], "rotation": [0, 0, 135], "uv": [156, 168]},
						{"origin": [-4.95226, 20.42938, -47.98638], "size": [2.95791, 1.77889, 1.77143], "inflate": -0.4, "pivot": [-3.47331, 21.31882, -47.10691], "rotation": [0, 0, 90], "uv": [170, 62]},
						{"origin": [-4.95227, 20.42938, -47.98638], "size": [2.95791, 1.77889, 1.77143], "inflate": -0.4, "pivot": [-3.47331, 21.31882, -47.10691], "rotation": [0, 0, 0], "uv": [170, 60]},
						{"origin": [-6.00563, 19.95154, -47.08558], "size": [5.06464, 2.73457, 3.71983], "inflate": -0.398, "pivot": [-3.47331, 21.31882, -48.57566], "rotation": [0, 0, 90], "uv": [36, 162]},
						{"origin": [-7.45563, 20.75154, -44.73558], "size": [2.31464, 1.13457, 1.29483], "inflate": -0.498, "pivot": [-3.47331, 21.31882, -48.67566], "rotation": [0, 0, 90], "uv": [170, 64]},
						{"origin": [-6.15563, 20.25154, -45.71058], "size": [1.11464, 2.13457, 2.16983], "inflate": -0.4, "pivot": [-3.47331, 21.31882, -48.67566], "rotation": [0, 0, 90], "uv": [6, 169]},
						{"origin": [-4.50563, 23.50154, -44.88558], "size": [2.13964, 1.13457, 1.29483], "inflate": -0.5, "pivot": [-3.47331, 24.06882, -44.31316], "rotation": [0, 17.25, 90], "uv": [170, 66]},
						{"origin": [-4.54313, 23.03702, -45.34726], "size": [2.13964, 1.13457, 1.26983], "inflate": -0.502, "pivot": [-3.47331, 23.6043, -44.76234], "rotation": [0, 54.5, 90], "uv": [170, 68]},
						{"origin": [-5.30563, 20.77654, -47.98558], "size": [3.66464, 1.08457, 1.74483], "inflate": -0.4, "pivot": [-3.47331, 21.31882, -47.10691], "rotation": [0, 0, 65], "uv": [168, 113]},
						{"origin": [-5.30563, 20.77654, -47.98558], "size": [3.66464, 1.08457, 1.74483], "inflate": -0.4, "pivot": [-3.47331, 21.31882, -47.10691], "rotation": [0, 0, 155], "uv": [168, 115]},
						{"origin": [-5.30563, 20.77654, -47.98558], "size": [3.66464, 1.08457, 1.74483], "inflate": -0.4, "pivot": [-3.47331, 21.31882, -47.10691], "rotation": [0, 0, 110], "uv": [148, 168]},
						{"origin": [-5.30563, 20.77654, -47.98558], "size": [3.66464, 1.08457, 1.74483], "inflate": -0.4, "pivot": [-3.47331, 21.31882, -47.10691], "rotation": [0, 0, -160], "uv": [140, 168]},
						{"origin": [-6.06063, 20.08904, -47.08558], "size": [5.17464, 2.45957, 3.71983], "inflate": -0.4, "pivot": [-3.47331, 21.31882, -48.57566], "rotation": [0, 0, 135], "uv": [160, 163]},
						{"origin": [-4.88389, 19.9235, -46.98558], "size": [2.77464, 2.75957, 17.61983], "inflate": -0.4, "pivot": [-3.49657, 21.30329, -38.17566], "rotation": [0, 0, 22.5], "uv": [0, 105]},
						{"origin": [-4.31063, 20.48904, -48.01058], "size": [1.57464, 1.55957, 1.01983], "inflate": -0.4, "pivot": [-3.42331, 21.21882, -50.60066], "rotation": [0, 0, 22.5], "uv": [176, 112]},
						{"origin": [-6.06063, 20.08904, -47.08558], "size": [5.17464, 2.45957, 3.71983], "inflate": -0.4, "pivot": [-3.47331, 21.31882, -48.57566], "rotation": [0, 0, 45], "uv": [164, 26]},
						{"origin": [-6.00563, 19.95154, -27.88558], "size": [5.06464, 1.13457, 7.04483], "inflate": -0.4, "uv": [152, 90]},
						{"origin": [-6.00563, 20.27654, -27.88558], "size": [5.06464, 1.98457, 1.59483], "inflate": -0.4, "uv": [166, 132]},
						{"origin": [-6.00563, 20.27654, -22.43558], "size": [5.06464, 1.98457, 1.59483], "inflate": -0.4, "uv": [36, 167]},
						{"origin": [-6.00563, 21.45154, -27.88558], "size": [5.06464, 1.23457, 7.04483], "inflate": -0.4, "uv": [0, 154]},
						{"origin": [-2.08063, 19.65154, -27.88558], "size": [1.56464, 3.33457, 7.04483], "inflate": -0.402, "uv": [56, 161]},
						{"origin": [-1.33063, 19.65154, -27.88558], "size": [5.61464, 3.33457, 4.91983], "inflate": -0.402, "uv": [0, 162]},
						{"origin": [-1.35563, 20.35154, -23.78558], "size": [5.63964, 2.13457, 1.81983], "inflate": -0.402, "uv": [166, 127]},
						{"origin": [2.64437, 20.55154, -23.78558], "size": [1.06464, 1.73457, 2.31983], "inflate": -0.402, "uv": [12, 169]},
						{"origin": [1.99437, 20.55154, -23.56058], "size": [1.21464, 1.73457, 2.31983], "inflate": -0.402, "pivot": [2.51419, 21.41882, -22.40066], "rotation": [0, 54, 0], "uv": [18, 169]},
						{"origin": [-3.13063, 19.65154, -23.78558], "size": [1.91464, 3.33457, 1.31983], "inflate": -0.4, "pivot": [-1.52331, 21.31882, -24.92566], "rotation": [0, 45, 0], "uv": [38, 169]},
						{"origin": [-6.00563, 19.95154, -27.88558], "size": [5.06464, 2.73457, 7.04483], "inflate": -0.4, "pivot": [-3.47331, 21.31882, -26.07566], "rotation": [0, 0, 90], "uv": [38, 105]},
						{"origin": [-1.75563, 19.95154, -23.08558], "size": [2.51464, 2.73457, 2.24483], "inflate": -0.4, "pivot": [-3.47331, 21.31882, -26.07566], "rotation": [0, 0, 90], "uv": [88, 167]},
						{"origin": [-6.13063, 17.17654, -18.78558], "size": [5.41464, 1.63457, 1.64483], "inflate": -0.4, "pivot": [-3.47331, 18.04382, -17.76316], "rotation": [-22.5, 0, 0], "uv": [26, 130]},
						{"origin": [-4.93063, 17.47654, -22.88558], "size": [2.91464, 1.63457, 1.64483], "inflate": -0.4, "pivot": [-3.47331, 18.34382, -21.86316], "rotation": [-22.5, 0, 0], "uv": [28, 132]},
						{"origin": [-1.75563, 19.95154, -23.58558], "size": [2.01464, 2.73457, 1.31983], "inflate": -0.4, "pivot": [-3.47331, 21.31882, -26.07566], "rotation": [0, 0, 90], "uv": [96, 132]},
						{"origin": [-4.25563, 16.60154, -23.41058], "size": [1.48964, 2.73457, 1.51983], "inflate": -0.4, "pivot": [-3.47331, 17.96882, -22.65066], "rotation": [0, -45, 90], "uv": [102, 116]},
						{"origin": [-6.06063, 20.08904, -27.88558], "size": [5.17464, 2.45957, 7.04483], "inflate": -0.4, "pivot": [-3.47331, 21.31882, -26.07566], "rotation": [0, 0, 135], "uv": [112, 151]},
						{"origin": [-6.06063, 20.08904, -27.88558], "size": [5.17464, 2.45957, 7.04483], "inflate": -0.4, "pivot": [-3.47331, 21.31882, -26.07566], "rotation": [0, 0, 45], "uv": [136, 151]},
						{"origin": [-2.13678, 21.16447, -44.65741], "size": [1.10194, 1.5337, 15.61349], "inflate": -0.5, "uv": [106, 103]},
						{"origin": [-5.91178, 19.93947, -44.65741], "size": [1.10194, 1.5337, 15.61349], "inflate": -0.5, "uv": [38, 116]},
						{"origin": [-5.91178, 21.16447, -44.65741], "size": [1.10194, 1.5337, 15.61349], "inflate": -0.5, "uv": [70, 116]},
						{"origin": [-5.91178, 20.46447, -35.15741], "size": [1.10194, 1.7087, 1.81349], "inflate": -0.497, "uv": [72, 172]},
						{"origin": [-5.91178, 20.21135, -35.42202], "size": [1.10194, 1.4337, 1.26349], "inflate": -0.501, "pivot": [-7.14831, 20.8907, -34.64028], "rotation": [-45, 0, 0], "uv": [76, 172]},
						{"origin": [-5.91178, 20.98947, -35.42202], "size": [1.10194, 1.4337, 1.26349], "inflate": -0.501, "pivot": [-7.14831, 21.74382, -34.64028], "rotation": [45, 0, 0], "uv": [80, 172]},
						{"origin": [-5.91178, 20.21135, -34.35741], "size": [1.10194, 1.4337, 1.26349], "inflate": -0.501, "pivot": [-7.14831, 20.8907, -33.87566], "rotation": [45, 0, 0], "uv": [84, 172]},
						{"origin": [-5.91178, 20.98947, -34.35741], "size": [1.10194, 1.4337, 1.26349], "inflate": -0.501, "pivot": [-7.14831, 21.74382, -33.87566], "rotation": [-45, 0, 0], "uv": [96, 172]},
						{"origin": [-5.91178, 20.46447, -40.00741], "size": [1.10194, 1.7087, 1.81349], "inflate": -0.497, "uv": [156, 172]},
						{"origin": [-5.91178, 20.21135, -40.27202], "size": [1.10194, 1.4337, 1.26349], "inflate": -0.501, "pivot": [-7.14831, 20.8907, -39.49028], "rotation": [-45, 0, 0], "uv": [160, 172]},
						{"origin": [-5.91178, 20.98947, -40.27202], "size": [1.10194, 1.4337, 1.26349], "inflate": -0.501, "pivot": [-7.14831, 21.74382, -39.49028], "rotation": [45, 0, 0], "uv": [164, 172]},
						{"origin": [-5.91178, 20.21135, -39.20741], "size": [1.10194, 1.4337, 1.26349], "inflate": -0.501, "pivot": [-7.14831, 20.8907, -38.72566], "rotation": [45, 0, 0], "uv": [168, 172]},
						{"origin": [-5.91178, 20.98947, -39.20741], "size": [1.10194, 1.4337, 1.26349], "inflate": -0.501, "pivot": [-7.14831, 21.74382, -38.72566], "rotation": [-45, 0, 0], "uv": [172, 168]},
						{"origin": [-5.91178, 20.46447, -44.85741], "size": [1.10194, 1.7087, 1.81349], "inflate": -0.497, "uv": [172, 170]},
						{"origin": [-5.91178, 20.21135, -44.05741], "size": [1.10194, 1.4337, 1.26349], "inflate": -0.501, "pivot": [-7.14831, 20.8907, -43.57566], "rotation": [45, 0, 0], "uv": [172, 172]},
						{"origin": [-5.91178, 20.98947, -44.05741], "size": [1.10194, 1.4337, 1.26349], "inflate": -0.501, "pivot": [-7.14831, 21.74382, -43.57566], "rotation": [-45, 0, 0], "uv": [0, 173]},
						{"origin": [-5.91178, 20.46447, -30.30741], "size": [1.10194, 1.7087, 1.81349], "inflate": -0.497, "uv": [4, 173]},
						{"origin": [-5.91178, 20.21135, -30.57202], "size": [1.10194, 1.4337, 1.26349], "inflate": -0.501, "pivot": [-7.14831, 20.8907, -29.79028], "rotation": [-45, 0, 0], "uv": [8, 173]},
						{"origin": [-5.91178, 20.98947, -30.57202], "size": [1.10194, 1.4337, 1.26349], "inflate": -0.501, "pivot": [-7.14831, 21.74382, -29.79028], "rotation": [45, 0, 0], "uv": [38, 173]},
						{"origin": [-2.66462, 21.44913, -44.65741], "size": [1.10195, 1.40871, 15.61349], "inflate": -0.5, "pivot": [-2.11365, 22.70349, -36.67566], "rotation": [0, 0, -45], "uv": [132, 42]},
						{"origin": [-2.66462, 22.54913, -44.65741], "size": [1.10195, 1.38371, 15.61349], "inflate": -0.5, "pivot": [-2.11365, 22.70349, -36.67566], "rotation": [0, 0, -45], "uv": [64, 132]},
						{"origin": [-2.66462, 21.84913, -35.15741], "size": [1.10195, 1.70871, 1.81349], "inflate": -0.497, "pivot": [-2.11365, 22.70349, -36.67566], "rotation": [0, 0, -45], "uv": [174, 70]},
						{"origin": [-2.66462, 23.16064, -35.71544], "size": [1.10195, 1.43371, 1.26348], "inflate": -0.501, "pivot": [-2.11365, 22.70349, -36.67566], "rotation": [-45, 0, -45], "uv": [174, 72]},
						{"origin": [-2.66462, 20.81042, -35.71765], "size": [1.10195, 1.4337, 1.26348], "inflate": -0.501, "pivot": [-2.11365, 22.70349, -36.67566], "rotation": [45, 0, -45], "uv": [74, 174]},
						{"origin": [-2.66462, 19.74151, -35.48024], "size": [1.10195, 1.4337, 1.26349], "inflate": -0.501, "pivot": [-2.11365, 22.70349, -36.67566], "rotation": [45, 0, -45], "uv": [174, 74]},
						{"origin": [-2.66462, 24.22955, -35.47803], "size": [1.10195, 1.43371, 1.26349], "inflate": -0.501, "pivot": [-2.11365, 22.70349, -36.67566], "rotation": [-45, 0, -45], "uv": [174, 76]},
						{"origin": [-2.66462, 21.84913, -40.00741], "size": [1.10195, 1.70871, 1.81349], "inflate": -0.497, "pivot": [-2.11365, 22.70349, -36.67566], "rotation": [0, 0, -45], "uv": [78, 174]},
						{"origin": [-2.66462, 19.73117, -39.14491], "size": [1.10195, 1.43371, 1.26349], "inflate": -0.501, "pivot": [-2.11365, 22.70349, -36.67566], "rotation": [-45, 0, -45], "uv": [174, 78]},
						{"origin": [-2.66462, 24.23989, -39.14712], "size": [1.10195, 1.4337, 1.26349], "inflate": -0.501, "pivot": [-2.11365, 22.70349, -36.67566], "rotation": [45, 0, -45], "uv": [174, 80]},
						{"origin": [-2.66462, 23.17097, -38.9097], "size": [1.10195, 1.43371, 1.26348], "inflate": -0.501, "pivot": [-2.11365, 22.70349, -36.67566], "rotation": [45, 0, -45], "uv": [82, 174]},
						{"origin": [-2.66462, 20.80009, -38.90749], "size": [1.10195, 1.4337, 1.26348], "inflate": -0.501, "pivot": [-2.11365, 22.70349, -36.67566], "rotation": [-45, 0, -45], "uv": [174, 82]},
						{"origin": [-2.66462, 21.84913, -44.85741], "size": [1.10195, 1.70871, 1.81349], "inflate": -0.497, "pivot": [-2.11365, 22.70349, -36.67566], "rotation": [0, 0, -45], "uv": [174, 84]},
						{"origin": [-2.66462, 26.60044, -42.33917], "size": [1.10195, 1.43371, 1.26348], "inflate": -0.501, "pivot": [-2.11365, 22.70349, -36.67566], "rotation": [45, 0, -45], "uv": [174, 86]},
						{"origin": [-2.66462, 17.37062, -42.33696], "size": [1.10195, 1.4337, 1.26348], "inflate": -0.501, "pivot": [-2.11365, 22.70349, -36.67566], "rotation": [-45, 0, -45], "uv": [174, 88]},
						{"origin": [-2.66462, 26.59011, -32.28597], "size": [1.10195, 1.4337, 1.26348], "inflate": -0.501, "pivot": [-2.11365, 22.70349, -36.67566], "rotation": [-45, 0, -45], "uv": [96, 174]},
						{"origin": [-2.66462, 17.38095, -32.28818], "size": [1.10195, 1.4337, 1.26348], "inflate": -0.501, "pivot": [-2.11365, 22.70349, -36.67566], "rotation": [45, 0, -45], "uv": [174, 100]},
						{"origin": [-2.6602, 19.07485, -30.30741], "size": [1.10195, 1.7087, 1.81349], "inflate": -0.497, "pivot": [-2.10923, 19.93545, -36.67566], "rotation": [0, 0, 45], "uv": [16, 176]},
						{"origin": [-2.6602, 14.61071, -32.29039], "size": [1.10195, 1.4337, 1.26348], "inflate": -0.501, "pivot": [-2.10923, 19.93545, -36.67566], "rotation": [45, 0, 45], "uv": [20, 176]},
						{"origin": [-2.6602, 23.81987, -32.28376], "size": [1.10195, 1.4337, 1.26348], "inflate": -0.501, "pivot": [-2.10923, 19.93545, -36.67566], "rotation": [-45, 0, 45], "uv": [176, 23]},
						{"origin": [-2.6602, 18.69985, -44.65741], "size": [1.10195, 1.3837, 15.61349], "inflate": -0.5, "pivot": [-2.10923, 19.93545, -36.67566], "rotation": [0, 0, 45], "uv": [138, 58]},
						{"origin": [-2.6602, 19.77485, -44.65741], "size": [1.10195, 1.4087, 15.61349], "inflate": -0.5, "pivot": [-2.10923, 19.93545, -36.67566], "rotation": [0, 0, 45], "uv": [138, 74]},
						{"origin": [-2.6602, 21.45931, -35.47582], "size": [1.10195, 1.4337, 1.26348], "inflate": -0.501, "pivot": [-2.10923, 19.93545, -36.67566], "rotation": [-45, 0, 45], "uv": [24, 176]},
						{"origin": [-2.6602, 16.97126, -35.48245], "size": [1.10195, 1.43371, 1.26349], "inflate": -0.501, "pivot": [-2.10923, 19.93545, -36.67566], "rotation": [45, 0, 45], "uv": [28, 176]},
						{"origin": [-2.6602, 19.07485, -35.15741], "size": [1.10195, 1.7087, 1.81349], "inflate": -0.497, "pivot": [-2.10923, 19.93545, -36.67566], "rotation": [0, 0, 45], "uv": [32, 176]},
						{"origin": [-2.6602, 18.04017, -35.71986], "size": [1.10195, 1.43371, 1.26348], "inflate": -0.501, "pivot": [-2.10923, 19.93545, -36.67566], "rotation": [45, 0, 45], "uv": [176, 51]},
						{"origin": [-2.6602, 20.3904, -35.71323], "size": [1.10195, 1.4337, 1.26348], "inflate": -0.501, "pivot": [-2.10923, 19.93545, -36.67566], "rotation": [-45, 0, 45], "uv": [176, 53]},
						{"origin": [-2.6602, 18.02984, -38.90528], "size": [1.10195, 1.43371, 1.26348], "inflate": -0.501, "pivot": [-2.10923, 19.93545, -36.67566], "rotation": [-45, 0, 45], "uv": [176, 55]},
						{"origin": [-2.6602, 19.07485, -40.00741], "size": [1.10195, 1.7087, 1.81349], "inflate": -0.497, "pivot": [-2.10923, 19.93545, -36.67566], "rotation": [0, 0, 45], "uv": [176, 57]},
						{"origin": [-2.6602, 20.40073, -38.91191], "size": [1.10195, 1.4337, 1.26348], "inflate": -0.501, "pivot": [-2.10923, 19.93545, -36.67566], "rotation": [45, 0, 45], "uv": [176, 59]},
						{"origin": [-2.6602, 16.96093, -39.1427], "size": [1.10195, 1.4337, 1.26349], "inflate": -0.501, "pivot": [-2.10923, 19.93545, -36.67566], "rotation": [-45, 0, 45], "uv": [176, 61]},
						{"origin": [-2.6602, 21.46964, -39.14933], "size": [1.10195, 1.43371, 1.26349], "inflate": -0.501, "pivot": [-2.10923, 19.93545, -36.67566], "rotation": [45, 0, 45], "uv": [176, 63]},
						{"origin": [-2.6602, 14.60037, -42.33475], "size": [1.10195, 1.43371, 1.26348], "inflate": -0.501, "pivot": [-2.10923, 19.93545, -36.67566], "rotation": [-45, 0, 45], "uv": [176, 65]},
						{"origin": [-2.6602, 19.07485, -44.85741], "size": [1.10195, 1.7087, 1.81349], "inflate": -0.497, "pivot": [-2.10923, 19.93545, -36.67566], "rotation": [0, 0, 45], "uv": [176, 67]},
						{"origin": [-2.6602, 23.8302, -42.34138], "size": [1.10195, 1.4337, 1.26348], "inflate": -0.501, "pivot": [-2.10923, 19.93545, -36.67566], "rotation": [45, 0, 45], "uv": [68, 176]},
						{"origin": [-5.38837, 19.07485, -30.30741], "size": [1.10195, 1.7087, 1.81349], "inflate": -0.497, "pivot": [-4.83739, 19.93545, -36.67566], "rotation": [0, 0, -45], "uv": [90, 175]},
						{"origin": [-5.38837, 14.61071, -32.29039], "size": [1.10195, 1.4337, 1.26348], "inflate": -0.501, "pivot": [-4.83739, 19.93545, -36.67566], "rotation": [45, 0, -45], "uv": [100, 175]},
						{"origin": [-5.38837, 23.81987, -32.28376], "size": [1.10195, 1.4337, 1.26348], "inflate": -0.501, "pivot": [-4.83739, 19.93545, -36.67566], "rotation": [-45, 0, -45], "uv": [104, 175]},
						{"origin": [-5.38837, 18.69985, -44.65741], "size": [1.10195, 1.3837, 15.61349], "inflate": -0.5, "pivot": [-4.83739, 19.93545, -36.67566], "rotation": [0, 0, -45], "uv": [96, 135]},
						{"origin": [-5.38837, 19.77485, -44.65741], "size": [1.10195, 1.4087, 15.61349], "inflate": -0.5, "pivot": [-4.83739, 19.93545, -36.67566], "rotation": [0, 0, -45], "uv": [128, 135]},
						{"origin": [-5.38837, 21.45931, -35.47582], "size": [1.10195, 1.4337, 1.26348], "inflate": -0.501, "pivot": [-4.83739, 19.93545, -36.67566], "rotation": [-45, 0, -45], "uv": [108, 175]},
						{"origin": [-5.38837, 16.97126, -35.48245], "size": [1.10195, 1.43371, 1.26349], "inflate": -0.501, "pivot": [-4.83739, 19.93545, -36.67566], "rotation": [45, 0, -45], "uv": [112, 175]},
						{"origin": [-5.38837, 19.07485, -35.15741], "size": [1.10195, 1.7087, 1.81349], "inflate": -0.497, "pivot": [-4.83739, 19.93545, -36.67566], "rotation": [0, 0, -45], "uv": [116, 175]},
						{"origin": [-5.38837, 18.04017, -35.71986], "size": [1.10195, 1.43371, 1.26348], "inflate": -0.501, "pivot": [-4.83739, 19.93545, -36.67566], "rotation": [45, 0, -45], "uv": [120, 175]},
						{"origin": [-5.38837, 20.3904, -35.71323], "size": [1.10195, 1.4337, 1.26348], "inflate": -0.501, "pivot": [-4.83739, 19.93545, -36.67566], "rotation": [-45, 0, -45], "uv": [124, 175]},
						{"origin": [-5.38837, 18.02984, -38.90528], "size": [1.10195, 1.43371, 1.26348], "inflate": -0.501, "pivot": [-4.83739, 19.93545, -36.67566], "rotation": [-45, 0, -45], "uv": [128, 175]},
						{"origin": [-5.38837, 19.07485, -40.00741], "size": [1.10195, 1.7087, 1.81349], "inflate": -0.497, "pivot": [-4.83739, 19.93545, -36.67566], "rotation": [0, 0, -45], "uv": [132, 175]},
						{"origin": [-5.38837, 20.40073, -38.91191], "size": [1.10195, 1.4337, 1.26348], "inflate": -0.501, "pivot": [-4.83739, 19.93545, -36.67566], "rotation": [45, 0, -45], "uv": [136, 175]},
						{"origin": [-5.38837, 16.96093, -39.1427], "size": [1.10195, 1.4337, 1.26349], "inflate": -0.501, "pivot": [-4.83739, 19.93545, -36.67566], "rotation": [-45, 0, -45], "uv": [140, 175]},
						{"origin": [-5.38837, 21.46964, -39.14933], "size": [1.10195, 1.43371, 1.26349], "inflate": -0.501, "pivot": [-4.83739, 19.93545, -36.67566], "rotation": [45, 0, -45], "uv": [144, 175]},
						{"origin": [-5.38837, 14.60037, -42.33475], "size": [1.10195, 1.43371, 1.26348], "inflate": -0.501, "pivot": [-4.83739, 19.93545, -36.67566], "rotation": [-45, 0, -45], "uv": [148, 175]},
						{"origin": [-5.38837, 19.07485, -44.85741], "size": [1.10195, 1.7087, 1.81349], "inflate": -0.497, "pivot": [-4.83739, 19.93545, -36.67566], "rotation": [0, 0, -45], "uv": [152, 175]},
						{"origin": [-5.38837, 23.8302, -42.34138], "size": [1.10195, 1.4337, 1.26348], "inflate": -0.501, "pivot": [-4.83739, 19.93545, -36.67566], "rotation": [45, 0, -45], "uv": [12, 176]},
						{"origin": [-5.38837, 21.85097, -30.30741], "size": [1.10195, 1.7087, 1.81349], "inflate": -0.497, "pivot": [-4.83739, 22.69907, -36.67566], "rotation": [0, 0, 45], "uv": [160, 174]},
						{"origin": [-5.38837, 26.59011, -32.29039], "size": [1.10195, 1.4337, 1.26348], "inflate": -0.501, "pivot": [-4.83739, 22.69907, -36.67566], "rotation": [-45, 0, 45], "uv": [164, 174]},
						{"origin": [-5.38837, 17.38095, -32.28376], "size": [1.10195, 1.4337, 1.26348], "inflate": -0.501, "pivot": [-4.83739, 22.69907, -36.67566], "rotation": [45, 0, 45], "uv": [168, 174]},
						{"origin": [-5.38837, 22.55097, -44.65741], "size": [1.10195, 1.3837, 15.61349], "inflate": -0.5, "pivot": [-4.83739, 22.69907, -36.67566], "rotation": [0, 0, 45], "uv": [134, 0]},
						{"origin": [-5.38837, 21.45097, -44.65741], "size": [1.10195, 1.4087, 15.61349], "inflate": -0.5, "pivot": [-4.83739, 22.69907, -36.67566], "rotation": [0, 0, 45], "uv": [134, 119]},
						{"origin": [-5.38837, 19.74151, -35.47582], "size": [1.10195, 1.4337, 1.26348], "inflate": -0.501, "pivot": [-4.83739, 22.69907, -36.67566], "rotation": [45, 0, 45], "uv": [172, 174]},
						{"origin": [-5.38837, 24.22955, -35.48245], "size": [1.10195, 1.43371, 1.26349], "inflate": -0.501, "pivot": [-4.83739, 22.69907, -36.67566], "rotation": [-45, 0, 45], "uv": [0, 175]},
						{"origin": [-5.38837, 21.85097, -35.15741], "size": [1.10195, 1.7087, 1.81349], "inflate": -0.497, "pivot": [-4.83739, 22.69907, -36.67566], "rotation": [0, 0, 45], "uv": [4, 175]},
						{"origin": [-5.38837, 23.16064, -35.71986], "size": [1.10195, 1.43371, 1.26348], "inflate": -0.501, "pivot": [-4.83739, 22.69907, -36.67566], "rotation": [-45, 0, 45], "uv": [8, 175]},
						{"origin": [-5.38837, 20.81042, -35.71323], "size": [1.10195, 1.4337, 1.26348], "inflate": -0.501, "pivot": [-4.83739, 22.69907, -36.67566], "rotation": [45, 0, 45], "uv": [36, 175]},
						{"origin": [-5.38837, 23.17097, -38.90528], "size": [1.10195, 1.43371, 1.26348], "inflate": -0.501, "pivot": [-4.83739, 22.69907, -36.67566], "rotation": [45, 0, 45], "uv": [40, 175]},
						{"origin": [-5.38837, 21.85097, -40.00741], "size": [1.10195, 1.7087, 1.81349], "inflate": -0.497, "pivot": [-4.83739, 22.69907, -36.67566], "rotation": [0, 0, 45], "uv": [44, 175]},
						{"origin": [-5.38837, 20.80009, -38.91191], "size": [1.10195, 1.4337, 1.26348], "inflate": -0.501, "pivot": [-4.83739, 22.69907, -36.67566], "rotation": [-45, 0, 45], "uv": [48, 175]},
						{"origin": [-5.38837, 24.23989, -39.1427], "size": [1.10195, 1.4337, 1.26349], "inflate": -0.501, "pivot": [-4.83739, 22.69907, -36.67566], "rotation": [45, 0, 45], "uv": [52, 175]},
						{"origin": [-5.38837, 19.73117, -39.14933], "size": [1.10195, 1.43371, 1.26349], "inflate": -0.501, "pivot": [-4.83739, 22.69907, -36.67566], "rotation": [-45, 0, 45], "uv": [56, 175]},
						{"origin": [-5.38837, 26.60044, -42.33475], "size": [1.10195, 1.43371, 1.26348], "inflate": -0.501, "pivot": [-4.83739, 22.69907, -36.67566], "rotation": [45, 0, 45], "uv": [60, 175]},
						{"origin": [-5.38837, 21.85097, -44.85741], "size": [1.10195, 1.7087, 1.81349], "inflate": -0.497, "pivot": [-4.83739, 22.69907, -36.67566], "rotation": [0, 0, 45], "uv": [64, 175]},
						{"origin": [-5.38837, 17.37062, -42.34138], "size": [1.10195, 1.4337, 1.26348], "inflate": -0.501, "pivot": [-4.83739, 22.69907, -36.67566], "rotation": [-45, 0, 45], "uv": [86, 175]},
						{"origin": [-2.66462, 21.84913, -30.30741], "size": [1.10195, 1.70871, 1.81349], "inflate": -0.499, "pivot": [-2.11365, 22.70349, -36.67566], "rotation": [0, 0, -45], "uv": [156, 174]},
						{"origin": [-2.13678, 19.93947, -44.65741], "size": [1.10194, 1.5337, 15.61349], "inflate": -0.5, "pivot": [-3.47331, 21.31882, -36.67566], "rotation": [0, 0, -90], "uv": [102, 119]},
						{"origin": [-2.13678, 21.16447, -44.65741], "size": [1.10194, 1.5337, 15.61349], "inflate": -0.5, "pivot": [-3.47331, 21.31882, -36.67566], "rotation": [0, 0, -90], "uv": [0, 124]},
						{"origin": [-2.13678, 20.46447, -35.15741], "size": [1.10194, 1.7087, 1.81349], "inflate": -0.497, "pivot": [-3.47331, 21.31882, -36.67566], "rotation": [0, 0, -90], "uv": [42, 173]},
						{"origin": [-2.13678, 21.77598, -35.71544], "size": [1.10194, 1.4337, 1.26348], "inflate": -0.501, "pivot": [-3.47331, 21.31882, -36.67566], "rotation": [-45, 0, -90], "uv": [46, 173]},
						{"origin": [-2.13678, 19.42575, -35.71765], "size": [1.10194, 1.43371, 1.26348], "inflate": -0.501, "pivot": [-3.47331, 21.31882, -36.67566], "rotation": [45, 0, -90], "uv": [50, 173]},
						{"origin": [-2.13678, 18.35684, -35.48024], "size": [1.10194, 1.43371, 1.26349], "inflate": -0.501, "pivot": [-3.47331, 21.31882, -36.67566], "rotation": [45, 0, -90], "uv": [54, 173]},
						{"origin": [-2.13678, 22.84489, -35.47803], "size": [1.10194, 1.4337, 1.26349], "inflate": -0.501, "pivot": [-3.47331, 21.31882, -36.67566], "rotation": [-45, 0, -90], "uv": [58, 173]},
						{"origin": [-2.13678, 20.46447, -40.00741], "size": [1.10194, 1.7087, 1.81349], "inflate": -0.497, "pivot": [-3.47331, 21.31882, -36.67566], "rotation": [0, 0, -90], "uv": [62, 173]},
						{"origin": [-2.13678, 18.34651, -39.14491], "size": [1.10194, 1.4337, 1.26349], "inflate": -0.501, "pivot": [-3.47331, 21.31882, -36.67566], "rotation": [-45, 0, -90], "uv": [66, 173]},
						{"origin": [-2.13678, 22.85522, -39.14712], "size": [1.10194, 1.43371, 1.26349], "inflate": -0.501, "pivot": [-3.47331, 21.31882, -36.67566], "rotation": [45, 0, -90], "uv": [88, 173]},
						{"origin": [-2.13678, 21.78631, -38.9097], "size": [1.10194, 1.4337, 1.26348], "inflate": -0.501, "pivot": [-3.47331, 21.31882, -36.67566], "rotation": [45, 0, -90], "uv": [92, 173]},
						{"origin": [-2.13678, 19.41542, -38.90749], "size": [1.10194, 1.43371, 1.26348], "inflate": -0.501, "pivot": [-3.47331, 21.31882, -36.67566], "rotation": [-45, 0, -90], "uv": [100, 173]},
						{"origin": [-2.13678, 20.46447, -44.85741], "size": [1.10194, 1.7087, 1.81349], "inflate": -0.497, "pivot": [-3.47331, 21.31882, -36.67566], "rotation": [0, 0, -90], "uv": [104, 173]},
						{"origin": [-2.13678, 25.21578, -42.33917], "size": [1.10194, 1.4337, 1.26348], "inflate": -0.501, "pivot": [-3.47331, 21.31882, -36.67566], "rotation": [45, 0, -90], "uv": [108, 173]},
						{"origin": [-2.13678, 15.98595, -42.33696], "size": [1.10194, 1.43371, 1.26348], "inflate": -0.501, "pivot": [-3.47331, 21.31882, -36.67566], "rotation": [-45, 0, -90], "uv": [112, 173]},
						{"origin": [-2.13678, 25.20545, -32.28597], "size": [1.10194, 1.4337, 1.26348], "inflate": -0.501, "pivot": [-3.47331, 21.31882, -36.67566], "rotation": [-45, 0, -90], "uv": [116, 173]},
						{"origin": [-2.13678, 15.99629, -32.28818], "size": [1.10194, 1.4337, 1.26348], "inflate": -0.501, "pivot": [-3.47331, 21.31882, -36.67566], "rotation": [45, 0, -90], "uv": [120, 173]},
						{"origin": [-5.91178, 19.93947, -44.65741], "size": [1.10194, 1.5337, 15.61349], "inflate": -0.5, "pivot": [-3.47331, 21.31882, -36.67566], "rotation": [0, 0, -90], "uv": [132, 26]},
						{"origin": [-5.91178, 21.16447, -44.65741], "size": [1.10194, 1.5337, 15.61349], "inflate": -0.5, "pivot": [-3.47331, 21.31882, -36.67566], "rotation": [0, 0, -90], "uv": [32, 132]},
						{"origin": [-5.91178, 20.46447, -35.15741], "size": [1.10194, 1.7087, 1.81349], "inflate": -0.497, "pivot": [-3.47331, 21.31882, -36.67566], "rotation": [0, 0, -90], "uv": [124, 173]},
						{"origin": [-5.91178, 21.77598, -35.71544], "size": [1.10194, 1.4337, 1.26348], "inflate": -0.501, "pivot": [-3.47331, 21.31882, -36.67566], "rotation": [-45, 0, -90], "uv": [128, 173]},
						{"origin": [-5.91178, 19.42575, -35.71765], "size": [1.10194, 1.43371, 1.26348], "inflate": -0.501, "pivot": [-3.47331, 21.31882, -36.67566], "rotation": [45, 0, -90], "uv": [132, 173]},
						{"origin": [-5.91178, 18.35684, -35.48024], "size": [1.10194, 1.43371, 1.26349], "inflate": -0.501, "pivot": [-3.47331, 21.31882, -36.67566], "rotation": [45, 0, -90], "uv": [136, 173]},
						{"origin": [-5.91178, 22.84489, -35.47803], "size": [1.10194, 1.4337, 1.26349], "inflate": -0.501, "pivot": [-3.47331, 21.31882, -36.67566], "rotation": [-45, 0, -90], "uv": [140, 173]},
						{"origin": [-5.91178, 20.46447, -40.00741], "size": [1.10194, 1.7087, 1.81349], "inflate": -0.497, "pivot": [-3.47331, 21.31882, -36.67566], "rotation": [0, 0, -90], "uv": [144, 173]},
						{"origin": [-5.91178, 18.34651, -39.14491], "size": [1.10194, 1.4337, 1.26349], "inflate": -0.501, "pivot": [-3.47331, 21.31882, -36.67566], "rotation": [-45, 0, -90], "uv": [148, 173]},
						{"origin": [-5.91178, 22.85522, -39.14712], "size": [1.10194, 1.43371, 1.26349], "inflate": -0.501, "pivot": [-3.47331, 21.31882, -36.67566], "rotation": [45, 0, -90], "uv": [152, 173]},
						{"origin": [-5.91178, 21.78631, -38.9097], "size": [1.10194, 1.4337, 1.26348], "inflate": -0.501, "pivot": [-3.47331, 21.31882, -36.67566], "rotation": [45, 0, -90], "uv": [12, 174]},
						{"origin": [-5.91178, 19.41542, -38.90749], "size": [1.10194, 1.43371, 1.26348], "inflate": -0.501, "pivot": [-3.47331, 21.31882, -36.67566], "rotation": [-45, 0, -90], "uv": [16, 174]},
						{"origin": [-5.91178, 20.46447, -44.85741], "size": [1.10194, 1.7087, 1.81349], "inflate": -0.497, "pivot": [-3.47331, 21.31882, -36.67566], "rotation": [0, 0, -90], "uv": [174, 19]},
						{"origin": [-5.91178, 25.21578, -42.33917], "size": [1.10194, 1.4337, 1.26348], "inflate": -0.501, "pivot": [-3.47331, 21.31882, -36.67566], "rotation": [45, 0, -90], "uv": [20, 174]},
						{"origin": [-5.91178, 15.98595, -42.33696], "size": [1.10194, 1.43371, 1.26348], "inflate": -0.501, "pivot": [-3.47331, 21.31882, -36.67566], "rotation": [-45, 0, -90], "uv": [174, 21]},
						{"origin": [-5.91178, 20.46447, -30.30741], "size": [1.10194, 1.7087, 1.81349], "inflate": -0.497, "pivot": [-3.47331, 21.31882, -36.67566], "rotation": [0, 0, -90], "uv": [24, 174]},
						{"origin": [-5.91178, 25.20545, -32.28597], "size": [1.10194, 1.4337, 1.26348], "inflate": -0.501, "pivot": [-3.47331, 21.31882, -36.67566], "rotation": [-45, 0, -90], "uv": [28, 174]},
						{"origin": [-5.91178, 15.99629, -32.28818], "size": [1.10194, 1.4337, 1.26348], "inflate": -0.501, "pivot": [-3.47331, 21.31882, -36.67566], "rotation": [45, 0, -90], "uv": [32, 174]},
						{"origin": [-2.13678, 20.46447, -30.30741], "size": [1.10194, 1.7087, 1.81349], "inflate": -0.497, "pivot": [-3.47331, 21.31882, -36.67566], "rotation": [0, 0, -90], "uv": [70, 174]},
						{"origin": [-2.13678, 19.93947, -44.65741], "size": [1.10194, 1.5337, 15.61349], "inflate": -0.5, "uv": [0, 88]},
						{"origin": [-2.13678, 20.46447, -44.85741], "size": [1.10194, 1.7087, 1.81349], "inflate": -0.497, "uv": [126, 171]},
						{"origin": [-2.13678, 20.21135, -44.05741], "size": [1.10194, 1.4337, 1.26349], "inflate": -0.501, "pivot": [-3.37331, 20.8907, -43.57566], "rotation": [45, 0, 0], "uv": [130, 171]},
						{"origin": [-2.13678, 20.98947, -44.05741], "size": [1.10194, 1.4337, 1.26349], "inflate": -0.501, "pivot": [-3.37331, 21.74382, -43.57566], "rotation": [-45, 0, 0], "uv": [12, 172]},
						{"origin": [-2.13678, 20.46447, -40.00741], "size": [1.10194, 1.7087, 1.81349], "inflate": -0.497, "uv": [68, 171]},
						{"origin": [-2.13678, 20.21135, -40.27202], "size": [1.10194, 1.4337, 1.26349], "inflate": -0.501, "pivot": [-3.37331, 20.8907, -39.49028], "rotation": [-45, 0, 0], "uv": [88, 171]},
						{"origin": [-2.13678, 20.98947, -40.27202], "size": [1.10194, 1.4337, 1.26349], "inflate": -0.501, "pivot": [-3.37331, 21.74382, -39.49028], "rotation": [45, 0, 0], "uv": [92, 171]},
						{"origin": [-2.13678, 20.21135, -39.20741], "size": [1.10194, 1.4337, 1.26349], "inflate": -0.501, "pivot": [-3.37331, 20.8907, -38.72566], "rotation": [45, 0, 0], "uv": [118, 171]},
						{"origin": [-2.13678, 20.98947, -39.20741], "size": [1.10194, 1.4337, 1.26349], "inflate": -0.501, "pivot": [-3.37331, 21.74382, -38.72566], "rotation": [-45, 0, 0], "uv": [122, 171]},
						{"origin": [-2.13678, 20.46447, -30.30741], "size": [1.10194, 1.7087, 1.81349], "inflate": -0.497, "uv": [16, 172]},
						{"origin": [-2.13678, 20.21135, -30.57202], "size": [1.10194, 1.4337, 1.26349], "inflate": -0.501, "pivot": [-3.37331, 20.8907, -29.79028], "rotation": [-45, 0, 0], "uv": [20, 172]},
						{"origin": [-2.13678, 20.98947, -30.57202], "size": [1.10194, 1.4337, 1.26349], "inflate": -0.501, "pivot": [-3.37331, 21.74382, -29.79028], "rotation": [45, 0, 0], "uv": [24, 172]},
						{"origin": [-2.13678, 20.46447, -35.15741], "size": [1.10194, 1.7087, 1.81349], "inflate": -0.497, "uv": [164, 170]},
						{"origin": [-2.13678, 20.21135, -35.42202], "size": [1.10194, 1.4337, 1.26349], "inflate": -0.501, "pivot": [-3.37331, 20.8907, -34.64028], "rotation": [-45, 0, 0], "uv": [168, 170]},
						{"origin": [-2.13678, 20.98947, -35.42202], "size": [1.10194, 1.4337, 1.26349], "inflate": -0.501, "pivot": [-3.37331, 21.74382, -34.64028], "rotation": [45, 0, 0], "uv": [56, 171]},
						{"origin": [-2.13678, 20.21135, -34.35741], "size": [1.10194, 1.4337, 1.26349], "inflate": -0.501, "pivot": [-3.37331, 20.8907, -33.87566], "rotation": [45, 0, 0], "uv": [60, 171]},
						{"origin": [-2.13678, 20.98947, -34.35741], "size": [1.10194, 1.4337, 1.26349], "inflate": -0.501, "pivot": [-3.37331, 21.74382, -33.87566], "rotation": [-45, 0, 0], "uv": [64, 171]},
						{"origin": [-5.81178, 20.03947, -29.95741], "size": [4.67694, 2.5587, 3.36349], "inflate": -0.395, "uv": [164, 31]},
						{"origin": [-5.81178, 20.03947, -29.95741], "size": [4.67694, 2.5587, 3.36349], "inflate": -0.395, "pivot": [-3.47331, 21.31882, -28.87566], "rotation": [0, 0, 90], "uv": [164, 36]},
						{"origin": [-5.86178, 20.16447, -29.95741], "size": [4.77694, 2.3087, 3.36349], "inflate": -0.395, "pivot": [-3.47331, 21.31882, -28.87566], "rotation": [0, 0, 135], "uv": [164, 41]},
						{"origin": [-5.86178, 20.16447, -29.95741], "size": [4.77694, 2.3087, 3.36349], "inflate": -0.395, "pivot": [-3.47331, 21.31882, -28.87566], "rotation": [0, 0, 45], "uv": [164, 46]},
						{"origin": [-4.81178, 20.03947, -21.65741], "size": [3.67694, 2.5587, 19.16349], "inflate": -0.4, "uv": [46, 52]},
						{"origin": [-5.81178, 20.03947, -7.75741], "size": [1.00194, 2.5587, 5.26349], "inflate": -0.4, "uv": [164, 51]},
						{"origin": [-5.81178, 21.21447, -21.65741], "size": [1.00194, 1.3837, 13.21349], "inflate": -0.4, "uv": [0, 140]},
						{"origin": [-5.81178, 20.16447, -21.65741], "size": [2.27694, 1.8587, 2.11349], "inflate": -0.4, "uv": [168, 106]},
						{"origin": [-5.81178, 20.16447, -20.35741], "size": [1.77694, 1.1587, 13.41349], "inflate": -0.4, "uv": [28, 148]}
					]
				},
				{
					"name": "magazine",
					"parent": "gun",
					"pivot": [14.62669, 21.31883, -25.42566],
					"cubes": [
						{"origin": [-2.83063, 19.85154, -27.68558], "size": [34.91464, 2.93457, 4.51983], "inflate": -0.402, "uv": [0, 0]},
						{"origin": [10.09437, 20.05154, -26.13558], "size": [2.91464, 2.85957, 1.39483], "inflate": -0.502, "uv": [16, 6]},
						{"origin": [21.59437, 20.05154, -26.13558], "size": [2.91464, 2.85957, 1.39483], "inflate": -0.502, "uv": [16, 6]}
					]
				},
				{
					"name": "action",
					"parent": "gun",
					"pivot": [-3.48968, 21.24104, -19.03434],
					"cubes": [
						{"origin": [-7.56854, 20.44565, -20.35339], "size": [1.7337, 1.7337, 1.7337], "inflate": -0.4, "pivot": [-6.60169, 21.2125, -19.48654], "rotation": [-45, 0, -45], "uv": [176, 110]},
						{"origin": [-7.01178, 20.59565, -20.07839], "size": [2.77694, 1.3337, 1.3337], "inflate": -0.4, "pivot": [-5.47331, 21.2625, -19.41154], "rotation": [45, 0, 0], "uv": [170, 58]},
						{"origin": [-5.61178, 19.93947, -21.65741], "size": [4.17694, 2.6587, 6.76349], "inflate": -0.4, "uv": [140, 160]}
					]
				},
				{
					"name": "_camera_",
					"pivot": [23, 36, 51]
				}
			]
		}
	]
}