{
	"format_version": "1.12.0",
	"minecraft:geometry": [
		{
			"description": {
				"identifier": "geometry.unknown",
				"texture_width": 256,
				"texture_height": 256,
				"visible_bounds_width": 10,
				"visible_bounds_height": 6,
				"visible_bounds_offset": [0, 2, 0]
			},
			"bones": [
				{
					"name": "bb_main",
					"pivot": [0, 0, 0]
				},
				{
					"name": "main",
					"pivot": [0, 20, 0]
				},
				{
					"name": "gun",
					"parent": "main",
					"pivot": [-1.45499, 0, 0],
					"cubes": [
						{"origin": [-2.11253, 6.27993, 0.19002], "size": [3.06297, 12.15381, 5.39271], "inflate": -0.395, "pivot": [0.37495, 12.69433, 2.73638], "rotation": [11, 0, 0], "uv": [132, 177]},
						{"origin": [-2.11253, 15.48631, -2.38411], "size": [3.06297, 3.87881, 6.19271], "inflate": -0.4, "pivot": [0.37495, 13.67571, 0.31224], "rotation": [-8.5, 0, 0], "uv": [0, 186]},
						{"origin": [-2.35153, 20.36131, -30.68411], "size": [1.74597, 4.57881, 23.36771], "inflate": -0.4, "uv": [64, 32]},
						{"origin": [-1.35153, 19.48631, -30.73411], "size": [3.84597, 6.12881, 23.44271], "inflate": -0.4, "uv": [60, 61]},
						{"origin": [-2.35153, 20.36131, -50.48411], "size": [4.84597, 5.25381, 20.56771], "inflate": -0.399, "uv": [68, 0]},
						{"origin": [-2.19875, 24.30518, -50.46018], "size": [3.26272, 1.8787, 1.63174], "inflate": -0.401, "pivot": [0.07001, 25.57575, -44.57526], "rotation": [0, 0, 15], "uv": [104, 59]},
						{"origin": [-1.92916, 24.20233, -50.46018], "size": [3.26572, 2.17867, 1.63174], "inflate": -0.4, "pivot": [0.07001, 25.57575, -44.57526], "rotation": [0, 0, 53], "uv": [10, 195]},
						{"origin": [-0.95523, 24.64683, -50.46018], "size": [2.07484, 2.8536, 1.63174], "inflate": -0.399, "uv": [176, 147]},
						{"origin": [-1.19655, 24.17733, -50.46018], "size": [3.26572, 2.20367, 1.63669], "inflate": -0.4, "pivot": [0.07001, 25.57575, -44.57526], "rotation": [0, 0, -53], "uv": [200, 168]},
						{"origin": [-0.92395, 24.30518, -50.46018], "size": [3.26272, 1.8787, 1.63669], "inflate": -0.401, "pivot": [0.07001, 25.57575, -44.57526], "rotation": [0, 0, -15], "uv": [202, 99]},
						{"origin": [-2.19875, 24.30518, -49.19743], "size": [3.26272, 1.8787, 1.11149], "inflate": -0.4, "pivot": [0.07001, 25.57575, -44.57526], "rotation": [0, 0, 15], "uv": [204, 139]},
						{"origin": [-1.92916, 24.20233, -49.19743], "size": [3.26572, 2.17867, 1.11149], "inflate": -0.4, "pivot": [0.07001, 25.57575, -44.57526], "rotation": [0, 0, 53], "uv": [200, 171]},
						{"origin": [-0.95523, 24.64683, -49.19743], "size": [2.07484, 2.8536, 1.11149], "inflate": -0.4, "uv": [104, 201]},
						{"origin": [-1.19655, 24.17733, -49.19743], "size": [3.26572, 2.20367, 1.11644], "inflate": -0.4, "pivot": [0.07001, 25.57575, -44.57526], "rotation": [0, 0, -53], "uv": [200, 174]},
						{"origin": [-0.92395, 24.30518, -49.19743], "size": [3.26272, 1.8787, 1.11644], "inflate": -0.4, "pivot": [0.07001, 25.57575, -44.57526], "rotation": [0, 0, -15], "uv": [204, 195]},
						{"origin": [-2.19875, 24.30518, -48.47968], "size": [3.26272, 1.8787, 1.11149], "inflate": -0.4, "pivot": [0.07001, 25.57575, -44.57526], "rotation": [0, 0, 15], "uv": [204, 197]},
						{"origin": [-1.92916, 24.20233, -48.47968], "size": [3.26572, 2.17867, 1.11149], "inflate": -0.4, "pivot": [0.07001, 25.57575, -44.57526], "rotation": [0, 0, 53], "uv": [200, 177]},
						{"origin": [-0.95523, 24.64683, -48.47968], "size": [2.07484, 2.8536, 1.11149], "inflate": -0.4, "uv": [74, 209]},
						{"origin": [-1.19655, 24.17733, -48.47968], "size": [3.26572, 2.20367, 1.11644], "inflate": -0.4, "pivot": [0.07001, 25.57575, -44.57526], "rotation": [0, 0, -53], "uv": [200, 180]},
						{"origin": [-0.92395, 24.30518, -48.47968], "size": [3.26272, 1.8787, 1.11644], "inflate": -0.4, "pivot": [0.07001, 25.57575, -44.57526], "rotation": [0, 0, -15], "uv": [204, 199]},
						{"origin": [-2.19875, 24.30518, -47.76193], "size": [3.26272, 1.8787, 1.11149], "inflate": -0.4, "pivot": [0.07001, 25.57575, -44.57526], "rotation": [0, 0, 15], "uv": [200, 204]},
						{"origin": [-1.92916, 24.20233, -47.76193], "size": [3.26572, 2.17867, 1.11149], "inflate": -0.4, "pivot": [0.07001, 25.57575, -44.57526], "rotation": [0, 0, 53], "uv": [200, 183]},
						{"origin": [-0.95523, 24.64683, -47.76193], "size": [2.07484, 2.8536, 1.11149], "inflate": -0.4, "uv": [80, 209]},
						{"origin": [-1.19655, 24.17733, -47.76193], "size": [3.26572, 2.20367, 1.11644], "inflate": -0.4, "pivot": [0.07001, 25.57575, -44.57526], "rotation": [0, 0, -53], "uv": [200, 186]},
						{"origin": [-0.92395, 24.30518, -47.76193], "size": [3.26272, 1.8787, 1.11644], "inflate": -0.4, "pivot": [0.07001, 25.57575, -44.57526], "rotation": [0, 0, -15], "uv": [24, 205]},
						{"origin": [-2.19875, 24.30518, -47.04418], "size": [3.26272, 1.8787, 1.11149], "inflate": -0.4, "pivot": [0.07001, 25.57575, -44.57526], "rotation": [0, 0, 15], "uv": [206, 0]},
						{"origin": [-1.92916, 24.20233, -47.04418], "size": [3.26572, 2.17867, 1.11149], "inflate": -0.4, "pivot": [0.07001, 25.57575, -44.57526], "rotation": [0, 0, 53], "uv": [0, 201]},
						{"origin": [-0.95523, 24.64683, -47.04418], "size": [2.07484, 2.8536, 1.11149], "inflate": -0.4, "uv": [86, 209]},
						{"origin": [-1.19655, 24.17733, -47.04418], "size": [3.26572, 2.20367, 1.11644], "inflate": -0.4, "pivot": [0.07001, 25.57575, -44.57526], "rotation": [0, 0, -53], "uv": [8, 201]},
						{"origin": [-0.92395, 24.30518, -47.04418], "size": [3.26272, 1.8787, 1.11644], "inflate": -0.4, "pivot": [0.07001, 25.57575, -44.57526], "rotation": [0, 0, -15], "uv": [206, 2]},
						{"origin": [-2.19875, 24.30518, -45.63343], "size": [3.26272, 1.8787, 1.11149], "inflate": -0.4, "pivot": [0.07001, 25.57575, -44.57526], "rotation": [0, 0, 15], "uv": [206, 4]},
						{"origin": [-2.19875, 24.30518, -46.35118], "size": [3.26272, 1.8787, 1.11149], "inflate": -0.4, "pivot": [0.07001, 25.57575, -44.57526], "rotation": [0, 0, 15], "uv": [206, 6]},
						{"origin": [-1.92916, 24.20233, -46.35118], "size": [3.26572, 2.17867, 1.11149], "inflate": -0.4, "pivot": [0.07001, 25.57575, -44.57526], "rotation": [0, 0, 53], "uv": [46, 201]},
						{"origin": [-1.92916, 24.20233, -45.63343], "size": [3.26572, 2.17867, 1.11149], "inflate": -0.4, "pivot": [0.07001, 25.57575, -44.57526], "rotation": [0, 0, 53], "uv": [54, 201]},
						{"origin": [-0.95523, 24.64683, -45.63343], "size": [2.07484, 2.8536, 1.11149], "inflate": -0.4, "uv": [92, 209]},
						{"origin": [-0.95523, 24.64683, -46.35118], "size": [2.07484, 2.8536, 1.11149], "inflate": -0.4, "uv": [98, 209]},
						{"origin": [-0.92395, 24.30518, -45.63343], "size": [3.26272, 1.8787, 1.11644], "inflate": -0.4, "pivot": [0.07001, 25.57575, -44.57526], "rotation": [0, 0, -15], "uv": [16, 206]},
						{"origin": [-1.19655, 24.17733, -45.63343], "size": [3.26572, 2.20367, 1.11644], "inflate": -0.4, "pivot": [0.07001, 25.57575, -44.57526], "rotation": [0, 0, -53], "uv": [62, 201]},
						{"origin": [-1.19655, 24.17733, -46.35118], "size": [3.26572, 2.20367, 1.11644], "inflate": -0.4, "pivot": [0.07001, 25.57575, -44.57526], "rotation": [0, 0, -53], "uv": [80, 201]},
						{"origin": [-0.92395, 24.30518, -46.35118], "size": [3.26272, 1.8787, 1.11644], "inflate": -0.4, "pivot": [0.07001, 25.57575, -44.57526], "rotation": [0, 0, -15], "uv": [150, 206]},
						{"origin": [-2.19875, 24.30518, -44.94043], "size": [3.26272, 1.8787, 1.11149], "inflate": -0.4, "pivot": [0.07001, 25.57575, -44.57526], "rotation": [0, 0, 15], "uv": [206, 150]},
						{"origin": [-1.92916, 24.20233, -44.94043], "size": [3.26572, 2.17867, 1.11149], "inflate": -0.4, "pivot": [0.07001, 25.57575, -44.57526], "rotation": [0, 0, 53], "uv": [88, 201]},
						{"origin": [-0.95523, 24.64683, -44.94043], "size": [2.07484, 2.8536, 1.11149], "inflate": -0.4, "uv": [104, 209]},
						{"origin": [-1.19655, 24.17733, -44.94043], "size": [3.26572, 2.20367, 1.11644], "inflate": -0.4, "pivot": [0.07001, 25.57575, -44.57526], "rotation": [0, 0, -53], "uv": [96, 201]},
						{"origin": [-0.92395, 24.30518, -44.94043], "size": [3.26272, 1.8787, 1.11644], "inflate": -0.4, "pivot": [0.07001, 25.57575, -44.57526], "rotation": [0, 0, -15], "uv": [206, 152]},
						{"origin": [-2.19875, 24.30518, -44.24743], "size": [3.26272, 1.8787, 1.11149], "inflate": -0.4, "pivot": [0.07001, 25.57575, -44.57526], "rotation": [0, 0, 15], "uv": [206, 154]},
						{"origin": [-1.92916, 24.20233, -44.24743], "size": [3.26572, 2.17867, 1.11149], "inflate": -0.4, "pivot": [0.07001, 25.57575, -44.57526], "rotation": [0, 0, 53], "uv": [118, 201]},
						{"origin": [-0.95523, 24.64683, -44.24743], "size": [2.07484, 2.8536, 1.11149], "inflate": -0.4, "uv": [110, 209]},
						{"origin": [-1.19655, 24.17733, -44.24743], "size": [3.26572, 2.20367, 1.11644], "inflate": -0.4, "pivot": [0.07001, 25.57575, -44.57526], "rotation": [0, 0, -53], "uv": [162, 201]},
						{"origin": [-0.92395, 24.30518, -44.24743], "size": [3.26272, 1.8787, 1.11644], "inflate": -0.4, "pivot": [0.07001, 25.57575, -44.57526], "rotation": [0, 0, -15], "uv": [200, 206]},
						{"origin": [-2.19875, 24.30518, -43.55443], "size": [3.26272, 1.8787, 1.11149], "inflate": -0.4, "pivot": [0.07001, 25.57575, -44.57526], "rotation": [0, 0, 15], "uv": [0, 207]},
						{"origin": [-1.92916, 24.20233, -43.55443], "size": [3.26572, 2.17867, 1.11149], "inflate": -0.4, "pivot": [0.07001, 25.57575, -44.57526], "rotation": [0, 0, 53], "uv": [170, 201]},
						{"origin": [-0.95523, 24.64683, -43.55443], "size": [2.07484, 2.8536, 1.11149], "inflate": -0.4, "uv": [116, 209]},
						{"origin": [-1.19655, 24.17733, -43.55443], "size": [3.26572, 2.20367, 1.11644], "inflate": -0.4, "pivot": [0.07001, 25.57575, -44.57526], "rotation": [0, 0, -53], "uv": [178, 201]},
						{"origin": [-0.92395, 24.30518, -43.55443], "size": [3.26272, 1.8787, 1.11644], "inflate": -0.4, "pivot": [0.07001, 25.57575, -44.57526], "rotation": [0, 0, -15], "uv": [8, 207]},
						{"origin": [-2.19875, 24.30518, -42.16843], "size": [3.26272, 1.8787, 1.11149], "inflate": -0.4, "pivot": [0.07001, 25.57575, -44.57526], "rotation": [0, 0, 15], "uv": [24, 207]},
						{"origin": [-2.19875, 24.30518, -41.47543], "size": [3.26272, 1.8787, 1.11149], "inflate": -0.4, "pivot": [0.07001, 25.57575, -44.57526], "rotation": [0, 0, 15], "uv": [32, 207]},
						{"origin": [-1.92916, 24.20233, -42.16843], "size": [3.26572, 2.17867, 1.11149], "inflate": -0.4, "pivot": [0.07001, 25.57575, -44.57526], "rotation": [0, 0, 53], "uv": [186, 201]},
						{"origin": [-1.92916, 24.20233, -41.47543], "size": [3.26572, 2.17867, 1.11149], "inflate": -0.4, "pivot": [0.07001, 25.57575, -44.57526], "rotation": [0, 0, 53], "uv": [194, 201]},
						{"origin": [-0.95523, 24.64683, -41.47543], "size": [2.07484, 2.8536, 1.11149], "inflate": -0.4, "uv": [122, 209]},
						{"origin": [-0.95523, 24.64683, -42.16843], "size": [2.07484, 2.8536, 1.11149], "inflate": -0.4, "uv": [128, 209]},
						{"origin": [-1.19655, 24.17733, -42.16843], "size": [3.26572, 2.20367, 1.11644], "inflate": -0.4, "pivot": [0.07001, 25.57575, -44.57526], "rotation": [0, 0, -53], "uv": [202, 9]},
						{"origin": [-1.19655, 24.17733, -41.47543], "size": [3.26572, 2.20367, 1.11644], "inflate": -0.4, "pivot": [0.07001, 25.57575, -44.57526], "rotation": [0, 0, -53], "uv": [202, 12]},
						{"origin": [-0.92395, 24.30518, -42.16843], "size": [3.26272, 1.8787, 1.11644], "inflate": -0.4, "pivot": [0.07001, 25.57575, -44.57526], "rotation": [0, 0, -15], "uv": [40, 207]},
						{"origin": [-0.92395, 24.30518, -41.47543], "size": [3.26272, 1.8787, 1.11644], "inflate": -0.4, "pivot": [0.07001, 25.57575, -44.57526], "rotation": [0, 0, -15], "uv": [48, 207]},
						{"origin": [-2.19875, 24.30518, -40.78243], "size": [3.26272, 1.8787, 1.11149], "inflate": -0.4, "pivot": [0.07001, 25.57575, -44.57526], "rotation": [0, 0, 15], "uv": [56, 207]},
						{"origin": [-2.19875, 24.30518, -40.08943], "size": [3.26272, 1.8787, 1.11149], "inflate": -0.4, "pivot": [0.07001, 25.57575, -44.57526], "rotation": [0, 0, 15], "uv": [64, 207]},
						{"origin": [-1.92916, 24.20233, -40.78243], "size": [3.26572, 2.17867, 1.11149], "inflate": -0.4, "pivot": [0.07001, 25.57575, -44.57526], "rotation": [0, 0, 53], "uv": [202, 15]},
						{"origin": [-1.92916, 24.20233, -40.08943], "size": [3.26572, 2.17867, 1.11149], "inflate": -0.4, "pivot": [0.07001, 25.57575, -44.57526], "rotation": [0, 0, 53], "uv": [202, 18]},
						{"origin": [-0.95523, 24.64683, -40.08943], "size": [2.07484, 2.8536, 1.11149], "inflate": -0.4, "uv": [134, 209]},
						{"origin": [-1.92916, 24.20233, -36.54743], "size": [3.26572, 2.17867, 1.11149], "inflate": -0.4, "pivot": [0.07001, 25.57575, -36.87526], "rotation": [0, 0, 53], "uv": [202, 21]},
						{"origin": [-2.19875, 24.90518, -35.84743], "size": [3.26272, 1.2787, 1.11149], "inflate": -0.4, "pivot": [0.07001, 25.57575, -36.17526], "rotation": [0, 0, 15], "uv": [72, 207]},
						{"origin": [-1.92916, 24.20233, -35.84743], "size": [3.26572, 2.17867, 1.11149], "inflate": -0.4, "pivot": [0.07001, 25.57575, -36.17526], "rotation": [0, 0, 53], "uv": [202, 24]},
						{"origin": [-2.19875, 24.90518, -35.14743], "size": [3.26272, 1.2787, 1.11149], "inflate": -0.4, "pivot": [0.07001, 25.57575, -35.47526], "rotation": [0, 0, 15], "uv": [80, 207]},
						{"origin": [-1.92916, 24.20233, -35.14743], "size": [3.26572, 2.17867, 1.11149], "inflate": -0.4, "pivot": [0.07001, 25.57575, -35.47526], "rotation": [0, 0, 53], "uv": [202, 27]},
						{"origin": [-2.19875, 24.90518, -36.54743], "size": [3.26272, 1.2787, 1.11149], "inflate": -0.4, "pivot": [0.07001, 25.57575, -36.87526], "rotation": [0, 0, 15], "uv": [88, 207]},
						{"origin": [-2.19875, 24.30518, -37.24043], "size": [3.26272, 1.8787, 1.11149], "inflate": -0.4, "pivot": [0.07001, 25.57575, -36.87526], "rotation": [0, 0, 15], "uv": [96, 207]},
						{"origin": [-1.92916, 24.20233, -37.24043], "size": [3.26572, 2.17867, 1.11149], "inflate": -0.4, "pivot": [0.07001, 25.57575, -36.87526], "rotation": [0, 0, 53], "uv": [28, 202]},
						{"origin": [-1.92916, 24.20233, -37.93343], "size": [3.26572, 2.17867, 1.11149], "inflate": -0.4, "pivot": [0.07001, 25.57575, -36.87526], "rotation": [0, 0, 53], "uv": [202, 30]},
						{"origin": [-2.19875, 24.30518, -37.93343], "size": [3.26272, 1.8787, 1.11149], "inflate": -0.4, "pivot": [0.07001, 25.57575, -36.87526], "rotation": [0, 0, 15], "uv": [104, 207]},
						{"origin": [-2.19875, 24.30518, -38.65118], "size": [3.26272, 1.8787, 1.11149], "inflate": -0.4, "pivot": [0.07001, 25.57575, -36.87526], "rotation": [0, 0, 15], "uv": [122, 207]},
						{"origin": [-1.92916, 24.20233, -38.65118], "size": [3.26572, 2.17867, 1.11149], "inflate": -0.4, "pivot": [0.07001, 25.57575, -36.87526], "rotation": [0, 0, 53], "uv": [202, 36]},
						{"origin": [-2.19875, 24.30518, -39.34418], "size": [3.26272, 1.8787, 1.11149], "inflate": -0.4, "pivot": [0.07001, 25.57575, -36.87526], "rotation": [0, 0, 15], "uv": [130, 207]},
						{"origin": [-1.92916, 24.20233, -39.34418], "size": [3.26572, 2.17867, 1.11149], "inflate": -0.4, "pivot": [0.07001, 25.57575, -36.87526], "rotation": [0, 0, 53], "uv": [202, 39]},
						{"origin": [-0.95523, 24.64683, -39.34418], "size": [1.39984, 2.8536, 1.11149], "inflate": -0.4, "uv": [146, 87]},
						{"origin": [-0.95523, 24.64683, -38.65118], "size": [1.39984, 2.8536, 1.11149], "inflate": -0.4, "uv": [48, 196]},
						{"origin": [-0.95523, 24.64683, -37.93343], "size": [1.39984, 2.8536, 1.11149], "inflate": -0.4, "uv": [126, 201]},
						{"origin": [-0.95523, 24.64683, -37.24043], "size": [1.39984, 2.8536, 1.11149], "inflate": -0.4, "uv": [0, 211]},
						{"origin": [-0.95523, 24.64683, -36.54743], "size": [1.39984, 2.8536, 1.11149], "inflate": -0.4, "uv": [4, 211]},
						{"origin": [-0.95523, 24.64683, -35.85443], "size": [1.39984, 2.8536, 1.11149], "inflate": -0.4, "uv": [8, 211]},
						{"origin": [-0.95523, 24.64683, -35.16143], "size": [1.39984, 2.8536, 1.11149], "inflate": -0.4, "uv": [12, 211]},
						{"origin": [-2.19875, 24.30518, -34.46843], "size": [3.26272, 1.8787, 1.11149], "inflate": -0.4, "pivot": [0.07001, 25.57575, -36.87526], "rotation": [0, 0, 15], "uv": [158, 207]},
						{"origin": [-1.92916, 24.20233, -34.46843], "size": [3.26572, 2.17867, 1.11149], "inflate": -0.4, "pivot": [0.07001, 25.57575, -36.87526], "rotation": [0, 0, 53], "uv": [202, 42]},
						{"origin": [-0.95523, 24.64683, -34.46843], "size": [1.39984, 2.8536, 1.11149], "inflate": -0.4, "uv": [22, 211]},
						{"origin": [-0.95523, 24.64683, -33.77543], "size": [1.39984, 2.8536, 1.11149], "inflate": -0.4, "uv": [26, 211]},
						{"origin": [-1.92916, 24.20233, -33.77543], "size": [3.26572, 2.17867, 1.11149], "inflate": -0.4, "pivot": [0.07001, 25.57575, -36.87526], "rotation": [0, 0, 53], "uv": [202, 45]},
						{"origin": [-2.19875, 24.30518, -33.77543], "size": [3.26272, 1.8787, 1.11149], "inflate": -0.4, "pivot": [0.07001, 25.57575, -36.87526], "rotation": [0, 0, 15], "uv": [166, 207]},
						{"origin": [-2.19875, 24.30518, -33.08243], "size": [3.26272, 1.8787, 1.11149], "inflate": -0.4, "pivot": [0.07001, 25.57575, -36.87526], "rotation": [0, 0, 15], "uv": [174, 207]},
						{"origin": [-1.92916, 24.20233, -33.08243], "size": [3.26572, 2.17867, 1.11149], "inflate": -0.4, "pivot": [0.07001, 25.57575, -36.87526], "rotation": [0, 0, 53], "uv": [202, 48]},
						{"origin": [-0.95523, 24.64683, -33.08243], "size": [1.39984, 2.8536, 1.11149], "inflate": -0.4, "uv": [30, 211]},
						{"origin": [-2.19875, 24.30518, -32.38943], "size": [3.26272, 1.8787, 1.11149], "inflate": -0.4, "pivot": [0.07001, 25.57575, -36.87526], "rotation": [0, 0, 15], "uv": [182, 207]},
						{"origin": [-1.92916, 24.20233, -32.38943], "size": [3.26572, 2.17867, 1.11149], "inflate": -0.4, "pivot": [0.07001, 25.57575, -36.87526], "rotation": [0, 0, 53], "uv": [202, 78]},
						{"origin": [-0.95523, 24.64683, -32.38943], "size": [1.39984, 2.8536, 1.11149], "inflate": -0.4, "uv": [34, 211]},
						{"origin": [-0.95523, 24.64683, -40.78243], "size": [2.07484, 2.8536, 1.11149], "inflate": -0.4, "uv": [140, 209]},
						{"origin": [-1.19655, 24.17733, -40.78243], "size": [3.26572, 2.20367, 1.11644], "inflate": -0.4, "pivot": [0.07001, 25.57575, -44.57526], "rotation": [0, 0, -53], "uv": [202, 81]},
						{"origin": [-1.19655, 24.17733, -40.08943], "size": [3.26572, 2.20367, 1.11644], "inflate": -0.4, "pivot": [0.07001, 25.57575, -44.57526], "rotation": [0, 0, -53], "uv": [202, 84]},
						{"origin": [-0.92395, 24.30518, -40.78243], "size": [3.26272, 1.8787, 1.11644], "inflate": -0.4, "pivot": [0.07001, 25.57575, -44.57526], "rotation": [0, 0, -15], "uv": [16, 208]},
						{"origin": [-0.92395, 24.30518, -40.08943], "size": [3.26272, 1.8787, 1.11644], "inflate": -0.4, "pivot": [0.07001, 25.57575, -44.57526], "rotation": [0, 0, -15], "uv": [208, 63]},
						{"origin": [-2.19875, 24.30518, -42.86143], "size": [3.26272, 1.8787, 1.11149], "inflate": -0.4, "pivot": [0.07001, 25.57575, -44.57526], "rotation": [0, 0, 15], "uv": [208, 65]},
						{"origin": [-1.92916, 24.20233, -42.86143], "size": [3.26572, 2.17867, 1.11149], "inflate": -0.4, "pivot": [0.07001, 25.57575, -44.57526], "rotation": [0, 0, 53], "uv": [202, 87]},
						{"origin": [-0.95523, 24.64683, -42.86143], "size": [2.07484, 2.8536, 1.11149], "inflate": -0.4, "uv": [158, 209]},
						{"origin": [-1.19655, 24.17733, -42.86143], "size": [3.26572, 2.20367, 1.11644], "inflate": -0.4, "pivot": [0.07001, 25.57575, -44.57526], "rotation": [0, 0, -53], "uv": [202, 90]},
						{"origin": [-0.92395, 24.30518, -42.86143], "size": [3.26272, 1.8787, 1.11644], "inflate": -0.4, "pivot": [0.07001, 25.57575, -44.57526], "rotation": [0, 0, -15], "uv": [208, 67]},
						{"origin": [-0.85212, 19.79925, -49.86326], "size": [3.2876, 1.8896, 1.16663], "inflate": -0.4, "pivot": [0.07001, 20.69996, -49.2812], "rotation": [0, 0, 15], "uv": [208, 69]},
						{"origin": [-0.96514, 19.70964, -49.86326], "size": [3.29063, 2.21785, 1.16663], "inflate": -0.4, "pivot": [0.07001, 20.69996, -49.2812], "rotation": [0, 0, 53], "uv": [202, 93]},
						{"origin": [-0.96155, 18.45915, -49.86326], "size": [2.06247, 2.87435, 1.16663], "inflate": -0.4, "uv": [164, 209]},
						{"origin": [-2.18548, 19.70964, -49.86326], "size": [3.29063, 2.1926, 1.16163], "inflate": -0.4, "pivot": [0.07001, 20.69996, -49.2812], "rotation": [0, 0, -53], "uv": [202, 96]},
						{"origin": [-2.29546, 19.79925, -49.86326], "size": [3.2876, 1.8896, 1.16163], "inflate": -0.4, "pivot": [0.07001, 20.69996, -49.2812], "rotation": [0, 0, -15], "uv": [208, 71]},
						{"origin": [-2.37175, 20.35442, -49.86326], "size": [4.88643, 2.27335, 1.16538], "inflate": -0.4, "uv": [136, 87]},
						{"origin": [-2.34675, 22.25442, -41.11326], "size": [4.83643, 2.87335, 1.16538], "inflate": -0.391, "uv": [134, 194]},
						{"origin": [-2.34675, 22.25442, -42.51326], "size": [4.83643, 2.87335, 1.16538], "inflate": -0.391, "uv": [144, 194]},
						{"origin": [-2.34675, 22.25442, -43.91326], "size": [4.83643, 2.87335, 1.16538], "inflate": -0.391, "uv": [194, 189]},
						{"origin": [-2.34675, 22.25442, -45.31326], "size": [4.83643, 2.87335, 1.16538], "inflate": -0.391, "uv": [194, 192]},
						{"origin": [-2.34675, 22.25442, -46.71326], "size": [4.83643, 2.87335, 1.16538], "inflate": -0.391, "uv": [0, 195]},
						{"origin": [-2.34675, 22.25442, -48.16326], "size": [4.83643, 2.87335, 1.16538], "inflate": -0.391, "uv": [90, 195]},
						{"origin": [-2.34675, 22.25442, -49.61326], "size": [4.83643, 2.87335, 1.16538], "inflate": -0.391, "uv": [100, 195]},
						{"origin": [-2.34675, 22.25442, -40.41326], "size": [3.83643, 2.87335, 1.16538], "inflate": -0.391, "uv": [154, 195]},
						{"origin": [-2.34675, 22.25442, -39.71326], "size": [3.83643, 2.87335, 1.16538], "inflate": -0.391, "uv": [164, 195]},
						{"origin": [-2.34675, 22.25442, -39.01326], "size": [3.83643, 2.87335, 1.16538], "inflate": -0.391, "uv": [174, 195]},
						{"origin": [-2.34675, 22.25442, -38.31326], "size": [3.83643, 2.87335, 1.16538], "inflate": -0.391, "uv": [194, 195]},
						{"origin": [-2.34675, 22.25442, -37.61326], "size": [3.83643, 2.87335, 1.16538], "inflate": -0.391, "uv": [28, 196]},
						{"origin": [-2.34675, 22.25442, -36.91326], "size": [3.83643, 2.87335, 1.16538], "inflate": -0.391, "uv": [38, 196]},
						{"origin": [-2.34675, 22.25442, -36.21326], "size": [3.83643, 2.87335, 1.16538], "inflate": -0.391, "uv": [184, 196]},
						{"origin": [-2.34675, 22.25442, -35.51326], "size": [3.83643, 2.87335, 1.16538], "inflate": -0.391, "uv": [110, 197]},
						{"origin": [-2.34675, 22.25442, -41.81326], "size": [4.83643, 2.87335, 1.16538], "inflate": -0.391, "uv": [134, 197]},
						{"origin": [-2.34675, 22.25442, -43.21326], "size": [4.83643, 2.87335, 1.16538], "inflate": -0.391, "uv": [144, 197]},
						{"origin": [-2.34675, 22.25442, -44.61326], "size": [4.83643, 2.87335, 1.16538], "inflate": -0.391, "uv": [0, 198]},
						{"origin": [-2.34675, 22.25442, -46.01326], "size": [4.83643, 2.87335, 1.16538], "inflate": -0.391, "uv": [10, 198]},
						{"origin": [-2.34675, 22.25442, -47.46326], "size": [4.83643, 2.87335, 1.16538], "inflate": -0.391, "uv": [62, 198]},
						{"origin": [-2.34675, 22.25442, -48.91326], "size": [4.83643, 2.87335, 1.16538], "inflate": -0.391, "uv": [198, 63]},
						{"origin": [-0.96155, 17.53415, -34.36326], "size": [2.06247, 2.87435, 1.16663], "inflate": -0.4, "uv": [170, 209]},
						{"origin": [-0.85212, 18.87425, -34.36326], "size": [3.2876, 1.8896, 1.16663], "inflate": -0.4, "pivot": [0.07001, 19.77496, -33.7812], "rotation": [0, 0, 15], "uv": [208, 73]},
						{"origin": [-0.96514, 18.78464, -34.36326], "size": [3.29063, 2.21785, 1.16663], "inflate": -0.4, "pivot": [0.07001, 19.77496, -33.7812], "rotation": [0, 0, 53], "uv": [202, 111]},
						{"origin": [-2.18548, 18.78464, -34.36326], "size": [3.29063, 2.1926, 1.16163], "inflate": -0.4, "pivot": [0.07001, 19.77496, -33.7812], "rotation": [0, 0, -53], "uv": [202, 114]},
						{"origin": [-2.29546, 18.87425, -34.36326], "size": [3.2876, 1.8896, 1.16163], "inflate": -0.4, "pivot": [0.07001, 19.77496, -33.7812], "rotation": [0, 0, -15], "uv": [208, 75]},
						{"origin": [-2.37175, 19.42942, -34.36326], "size": [4.88643, 3.22335, 1.16538], "inflate": -0.4, "uv": [116, 21]},
						{"origin": [-0.85212, 18.14925, -30.16326], "size": [3.2876, 1.8896, 1.16663], "inflate": -0.4, "pivot": [0.07001, 19.04996, -29.5812], "rotation": [0, 0, 15], "uv": [208, 132]},
						{"origin": [-0.85212, 17.89925, -28.76326], "size": [3.2876, 1.8896, 1.16663], "inflate": -0.4, "pivot": [0.07001, 18.79996, -28.1812], "rotation": [0, 0, 15], "uv": [208, 134]},
						{"origin": [-0.96514, 17.80964, -28.76326], "size": [3.29063, 2.21785, 1.16663], "inflate": -0.4, "pivot": [0.07001, 18.79996, -28.1812], "rotation": [0, 0, 53], "uv": [202, 117]},
						{"origin": [-0.96514, 18.05964, -30.16326], "size": [3.29063, 2.21785, 1.16663], "inflate": -0.4, "pivot": [0.07001, 19.04996, -29.5812], "rotation": [0, 0, 53], "uv": [202, 120]},
						{"origin": [-0.96155, 16.80915, -30.16326], "size": [2.06247, 2.87435, 1.16663], "inflate": -0.4, "uv": [176, 209]},
						{"origin": [-0.96155, 16.55915, -28.76326], "size": [2.06247, 2.87435, 1.16663], "inflate": -0.4, "uv": [182, 209]},
						{"origin": [-2.18548, 17.80964, -28.76326], "size": [3.29063, 2.1926, 1.16163], "inflate": -0.4, "pivot": [0.07001, 18.79996, -28.1812], "rotation": [0, 0, -53], "uv": [202, 123]},
						{"origin": [-2.18548, 18.05964, -30.16326], "size": [3.29063, 2.1926, 1.16163], "inflate": -0.4, "pivot": [0.07001, 19.04996, -29.5812], "rotation": [0, 0, -53], "uv": [202, 126]},
						{"origin": [-2.29546, 18.14925, -30.16326], "size": [3.2876, 1.8896, 1.16163], "inflate": -0.4, "pivot": [0.07001, 19.04996, -29.5812], "rotation": [0, 0, -15], "uv": [208, 136]},
						{"origin": [-2.29546, 17.89925, -28.76326], "size": [3.2876, 1.8896, 1.16163], "inflate": -0.4, "pivot": [0.07001, 18.79996, -28.1812], "rotation": [0, 0, -15], "uv": [150, 208]},
						{"origin": [-2.37175, 18.45442, -28.76326], "size": [4.88643, 4.19835, 1.16538], "inflate": -0.4, "uv": [90, 172]},
						{"origin": [-2.37175, 18.70442, -30.16326], "size": [4.88643, 3.94835, 1.16538], "inflate": -0.4, "uv": [126, 21]},
						{"origin": [-0.96155, 17.28415, -32.96326], "size": [2.06247, 2.87435, 1.16663], "inflate": -0.4, "uv": [188, 209]},
						{"origin": [-0.85212, 18.62425, -32.96326], "size": [3.2876, 1.8896, 1.16663], "inflate": -0.4, "pivot": [0.07001, 19.52496, -32.3812], "rotation": [0, 0, 15], "uv": [208, 156]},
						{"origin": [-0.96514, 18.53464, -32.96326], "size": [3.29063, 2.21785, 1.16663], "inflate": -0.4, "pivot": [0.07001, 19.52496, -32.3812], "rotation": [0, 0, 53], "uv": [202, 129]},
						{"origin": [-2.18548, 18.53464, -32.96326], "size": [3.29063, 2.1926, 1.16163], "inflate": -0.4, "pivot": [0.07001, 19.52496, -32.3812], "rotation": [0, 0, -53], "uv": [202, 141]},
						{"origin": [-2.29546, 18.62425, -32.96326], "size": [3.2876, 1.8896, 1.16163], "inflate": -0.4, "pivot": [0.07001, 19.52496, -32.3812], "rotation": [0, 0, -15], "uv": [208, 158]},
						{"origin": [-2.37175, 19.17942, -32.96326], "size": [4.88643, 3.47335, 1.16538], "inflate": -0.4, "uv": [136, 21]},
						{"origin": [-0.85212, 18.37425, -31.56326], "size": [3.2876, 1.8896, 1.16663], "inflate": -0.4, "pivot": [0.07001, 19.27496, -30.9812], "rotation": [0, 0, 15], "uv": [208, 160]},
						{"origin": [-0.96514, 18.28464, -31.56326], "size": [3.29063, 2.21785, 1.16663], "inflate": -0.4, "pivot": [0.07001, 19.27496, -30.9812], "rotation": [0, 0, 53], "uv": [202, 144]},
						{"origin": [-0.96155, 17.03415, -31.56326], "size": [2.06247, 2.87435, 1.16663], "inflate": -0.4, "uv": [194, 209]},
						{"origin": [-2.18548, 18.28464, -31.56326], "size": [3.29063, 2.1926, 1.16163], "inflate": -0.4, "pivot": [0.07001, 19.27496, -30.9812], "rotation": [0, 0, -53], "uv": [202, 147]},
						{"origin": [-2.29546, 18.37425, -31.56326], "size": [3.2876, 1.8896, 1.16163], "inflate": -0.4, "pivot": [0.07001, 19.27496, -30.9812], "rotation": [0, 0, -15], "uv": [208, 162]},
						{"origin": [-2.37175, 18.92942, -31.56326], "size": [4.88643, 3.72335, 1.16538], "inflate": -0.4, "uv": [60, 162]},
						{"origin": [-0.96155, 17.78415, -35.76326], "size": [2.06247, 2.87435, 1.16663], "inflate": -0.4, "uv": [210, 8]},
						{"origin": [-0.85212, 19.12425, -35.76326], "size": [3.2876, 1.8896, 1.16663], "inflate": -0.4, "pivot": [0.07001, 20.02496, -35.1812], "rotation": [0, 0, 15], "uv": [208, 164]},
						{"origin": [-0.96514, 19.03464, -35.76326], "size": [3.29063, 2.21785, 1.16663], "inflate": -0.4, "pivot": [0.07001, 20.02496, -35.1812], "rotation": [0, 0, 53], "uv": [202, 201]},
						{"origin": [-2.18548, 19.03464, -35.76326], "size": [3.29063, 2.1926, 1.16163], "inflate": -0.4, "pivot": [0.07001, 20.02496, -35.1812], "rotation": [0, 0, -53], "uv": [16, 203]},
						{"origin": [-2.29546, 19.12425, -35.76326], "size": [3.2876, 1.8896, 1.16163], "inflate": -0.4, "pivot": [0.07001, 20.02496, -35.1812], "rotation": [0, 0, -15], "uv": [208, 166]},
						{"origin": [-2.37175, 19.67942, -35.76326], "size": [4.88643, 2.97335, 1.16538], "inflate": -0.4, "uv": [198, 66]},
						{"origin": [-0.85212, 19.34925, -37.21326], "size": [3.2876, 1.8896, 1.16663], "inflate": -0.4, "pivot": [0.07001, 20.24996, -36.6312], "rotation": [0, 0, 15], "uv": [208, 168]},
						{"origin": [-0.96514, 19.25964, -37.21326], "size": [3.29063, 2.21785, 1.16663], "inflate": -0.4, "pivot": [0.07001, 20.24996, -36.6312], "rotation": [0, 0, 53], "uv": [154, 203]},
						{"origin": [-0.96155, 18.00915, -37.21326], "size": [2.06247, 2.87435, 1.16663], "inflate": -0.4, "uv": [210, 11]},
						{"origin": [-2.18548, 19.25964, -37.21326], "size": [3.29063, 2.1926, 1.16163], "inflate": -0.4, "pivot": [0.07001, 20.24996, -36.6312], "rotation": [0, 0, -53], "uv": [0, 204]},
						{"origin": [-2.29546, 19.34925, -37.21326], "size": [3.2876, 1.8896, 1.16163], "inflate": -0.4, "pivot": [0.07001, 20.24996, -36.6312], "rotation": [0, 0, -15], "uv": [208, 170]},
						{"origin": [-2.37175, 19.90442, -37.21326], "size": [4.88643, 2.74835, 1.16538], "inflate": -0.4, "uv": [198, 69]},
						{"origin": [-0.85212, 19.59925, -38.66326], "size": [3.2876, 1.8896, 1.16663], "inflate": -0.4, "pivot": [0.07001, 20.49996, -38.0812], "rotation": [0, 0, 15], "uv": [208, 172]},
						{"origin": [-0.96514, 19.50964, -38.66326], "size": [3.29063, 2.21785, 1.16663], "inflate": -0.4, "pivot": [0.07001, 20.49996, -38.0812], "rotation": [0, 0, 53], "uv": [8, 204]},
						{"origin": [-0.96155, 18.25915, -38.66326], "size": [2.06247, 2.87435, 1.16663], "inflate": -0.4, "uv": [210, 14]},
						{"origin": [-2.18548, 19.50964, -38.66326], "size": [3.29063, 2.1926, 1.16163], "inflate": -0.4, "pivot": [0.07001, 20.49996, -38.0812], "rotation": [0, 0, -53], "uv": [204, 33]},
						{"origin": [-2.29546, 19.59925, -38.66326], "size": [3.2876, 1.8896, 1.16163], "inflate": -0.4, "pivot": [0.07001, 20.49996, -38.0812], "rotation": [0, 0, -15], "uv": [208, 174]},
						{"origin": [-2.37175, 20.15442, -38.66326], "size": [4.88643, 2.49835, 1.16538], "inflate": -0.4, "uv": [198, 72]},
						{"origin": [-0.85212, 19.79925, -48.41326], "size": [3.2876, 1.8896, 1.16663], "inflate": -0.4, "pivot": [0.07001, 20.69996, -47.8312], "rotation": [0, 0, 15], "uv": [208, 176]},
						{"origin": [-0.96514, 19.70964, -48.41326], "size": [3.29063, 2.21785, 1.16663], "inflate": -0.4, "pivot": [0.07001, 20.69996, -47.8312], "rotation": [0, 0, 53], "uv": [36, 204]},
						{"origin": [-0.96155, 18.45915, -48.41326], "size": [2.06247, 2.87435, 1.16663], "inflate": -0.4, "uv": [16, 210]},
						{"origin": [-2.18548, 19.70964, -48.41326], "size": [3.29063, 2.1926, 1.16163], "inflate": -0.4, "pivot": [0.07001, 20.69996, -47.8312], "rotation": [0, 0, -53], "uv": [44, 204]},
						{"origin": [-2.29546, 19.79925, -48.41326], "size": [3.2876, 1.8896, 1.16163], "inflate": -0.4, "pivot": [0.07001, 20.69996, -47.8312], "rotation": [0, 0, -15], "uv": [208, 178]},
						{"origin": [-2.37175, 20.35442, -48.41326], "size": [4.88643, 2.27335, 1.16538], "inflate": -0.4, "uv": [198, 75]},
						{"origin": [-0.96155, 18.45915, -46.96326], "size": [2.06247, 2.87435, 1.16663], "inflate": -0.4, "uv": [210, 17]},
						{"origin": [-0.85212, 19.79925, -46.96326], "size": [3.2876, 1.8896, 1.16663], "inflate": -0.4, "pivot": [0.07001, 20.69996, -46.3812], "rotation": [0, 0, 15], "uv": [208, 180]},
						{"origin": [-0.96514, 19.70964, -46.96326], "size": [3.29063, 2.21785, 1.16663], "inflate": -0.4, "pivot": [0.07001, 20.69996, -46.3812], "rotation": [0, 0, 53], "uv": [204, 51]},
						{"origin": [-2.18548, 19.70964, -46.96326], "size": [3.29063, 2.1926, 1.16163], "inflate": -0.4, "pivot": [0.07001, 20.69996, -46.3812], "rotation": [0, 0, -53], "uv": [52, 204]},
						{"origin": [-2.29546, 19.79925, -46.96326], "size": [3.2876, 1.8896, 1.16163], "inflate": -0.4, "pivot": [0.07001, 20.69996, -46.3812], "rotation": [0, 0, -15], "uv": [208, 182]},
						{"origin": [-2.37175, 20.35442, -46.96326], "size": [4.88643, 2.27335, 1.16538], "inflate": -0.4, "uv": [80, 198]},
						{"origin": [-0.96155, 18.45915, -44.16326], "size": [2.06247, 2.87435, 1.16663], "inflate": -0.4, "uv": [210, 20]},
						{"origin": [-0.85212, 19.79925, -44.16326], "size": [3.2876, 1.8896, 1.16663], "inflate": -0.4, "pivot": [0.07001, 20.69996, -43.5812], "rotation": [0, 0, 15], "uv": [208, 184]},
						{"origin": [-0.96514, 19.70964, -44.16326], "size": [3.29063, 2.21785, 1.16663], "inflate": -0.4, "pivot": [0.07001, 20.69996, -43.5812], "rotation": [0, 0, 53], "uv": [204, 54]},
						{"origin": [-2.18548, 19.70964, -44.16326], "size": [3.29063, 2.1926, 1.16163], "inflate": -0.4, "pivot": [0.07001, 20.69996, -43.5812], "rotation": [0, 0, -53], "uv": [204, 57]},
						{"origin": [-2.29546, 19.79925, -44.16326], "size": [3.2876, 1.8896, 1.16163], "inflate": -0.4, "pivot": [0.07001, 20.69996, -43.5812], "rotation": [0, 0, -15], "uv": [208, 186]},
						{"origin": [-2.37175, 20.35442, -44.16326], "size": [4.88643, 2.27335, 1.16538], "inflate": -0.4, "uv": [90, 198]},
						{"origin": [-0.96155, 18.45915, -45.56326], "size": [2.06247, 2.87435, 1.16663], "inflate": -0.4, "uv": [210, 23]},
						{"origin": [-0.85212, 19.79925, -45.56326], "size": [3.2876, 1.8896, 1.16663], "inflate": -0.4, "pivot": [0.07001, 20.69996, -44.9812], "rotation": [0, 0, 15], "uv": [200, 208]},
						{"origin": [-0.96514, 19.70964, -45.56326], "size": [3.29063, 2.21785, 1.16663], "inflate": -0.4, "pivot": [0.07001, 20.69996, -44.9812], "rotation": [0, 0, 53], "uv": [60, 204]},
						{"origin": [-2.18548, 19.70964, -45.56326], "size": [3.29063, 2.1926, 1.16163], "inflate": -0.4, "pivot": [0.07001, 20.69996, -44.9812], "rotation": [0, 0, -53], "uv": [204, 60]},
						{"origin": [-2.29546, 19.79925, -45.56326], "size": [3.2876, 1.8896, 1.16163], "inflate": -0.4, "pivot": [0.07001, 20.69996, -44.9812], "rotation": [0, 0, -15], "uv": [208, 204]},
						{"origin": [-2.37175, 20.35442, -45.56326], "size": [4.88643, 2.27335, 1.16538], "inflate": -0.4, "uv": [100, 198]},
						{"origin": [-0.85212, 19.79925, -42.76326], "size": [3.2876, 1.8896, 1.16663], "inflate": -0.4, "pivot": [0.07001, 20.69996, -42.1812], "rotation": [0, 0, 15], "uv": [208, 206]},
						{"origin": [-0.96514, 19.70964, -42.76326], "size": [3.29063, 2.21785, 1.16663], "inflate": -0.4, "pivot": [0.07001, 20.69996, -42.1812], "rotation": [0, 0, 53], "uv": [68, 204]},
						{"origin": [-0.96155, 18.45915, -42.76326], "size": [2.06247, 2.87435, 1.16663], "inflate": -0.4, "uv": [210, 26]},
						{"origin": [-2.18548, 19.70964, -42.76326], "size": [3.29063, 2.1926, 1.16163], "inflate": -0.4, "pivot": [0.07001, 20.69996, -42.1812], "rotation": [0, 0, -53], "uv": [76, 204]},
						{"origin": [-2.29546, 19.79925, -42.76326], "size": [3.2876, 1.8896, 1.16163], "inflate": -0.4, "pivot": [0.07001, 20.69996, -42.1812], "rotation": [0, 0, -15], "uv": [208, 208]},
						{"origin": [-2.37175, 20.35442, -42.76326], "size": [4.88643, 2.27335, 1.16538], "inflate": -0.4, "uv": [120, 198]},
						{"origin": [-0.85212, 19.79925, -41.36326], "size": [3.2876, 1.8896, 1.16663], "inflate": -0.4, "pivot": [0.07001, 20.69996, -40.7812], "rotation": [0, 0, 15], "uv": [0, 209]},
						{"origin": [-0.85212, 19.79925, -39.96326], "size": [3.2876, 1.8896, 1.16663], "inflate": -0.4, "pivot": [0.07001, 20.69996, -39.3812], "rotation": [0, 0, 15], "uv": [8, 209]},
						{"origin": [-0.96514, 19.70964, -39.96326], "size": [3.29063, 2.21785, 1.16663], "inflate": -0.4, "pivot": [0.07001, 20.69996, -39.3812], "rotation": [0, 0, 53], "uv": [84, 204]},
						{"origin": [-0.96514, 19.70964, -41.36326], "size": [3.29063, 2.21785, 1.16663], "inflate": -0.4, "pivot": [0.07001, 20.69996, -40.7812], "rotation": [0, 0, 53], "uv": [92, 204]},
						{"origin": [-0.96155, 18.45915, -41.36326], "size": [2.06247, 2.87435, 1.16663], "inflate": -0.4, "uv": [210, 29]},
						{"origin": [-0.96155, 18.45915, -39.96326], "size": [2.06247, 2.87435, 1.16663], "inflate": -0.4, "uv": [210, 36]},
						{"origin": [-2.18548, 19.70964, -39.96326], "size": [3.29063, 2.1926, 1.16163], "inflate": -0.4, "pivot": [0.07001, 20.69996, -39.3812], "rotation": [0, 0, -53], "uv": [100, 204]},
						{"origin": [-2.18548, 19.70964, -41.36326], "size": [3.29063, 2.1926, 1.16163], "inflate": -0.4, "pivot": [0.07001, 20.69996, -40.7812], "rotation": [0, 0, -53], "uv": [108, 204]},
						{"origin": [-2.29546, 19.79925, -41.36326], "size": [3.2876, 1.8896, 1.16163], "inflate": -0.4, "pivot": [0.07001, 20.69996, -40.7812], "rotation": [0, 0, -15], "uv": [24, 209]},
						{"origin": [-2.29546, 19.79925, -39.96326], "size": [3.2876, 1.8896, 1.16163], "inflate": -0.4, "pivot": [0.07001, 20.69996, -39.3812], "rotation": [0, 0, -15], "uv": [32, 209]},
						{"origin": [-2.37175, 20.35442, -39.96326], "size": [4.88643, 2.27335, 1.16538], "inflate": -0.4, "uv": [198, 133]},
						{"origin": [-2.37175, 20.35442, -41.36326], "size": [4.88643, 2.27335, 1.16538], "inflate": -0.4, "uv": [198, 136]},
						{"origin": [-0.93056, 18.96131, -60.68411], "size": [2.15, 2.15, 9.86771], "inflate": -0.4, "pivot": [0.31944, 20.21131, -46.90026], "rotation": [0, 0, 22.5], "uv": [154, 36]},
						{"origin": [-0.63056, 19.41131, -69.08411], "size": [1.55, 2, 9.21771], "inflate": -0.4, "uv": [170, 179]},
						{"origin": [-0.63056, 20.61131, -69.08411], "size": [1.55, 1.5, 6.81771], "inflate": -0.4, "uv": [46, 108]},
						{"origin": [-0.63056, 19.41131, -65.60911], "size": [1.55, 2.25, 3.86771], "inflate": -0.399, "pivot": [0.14444, 20.41131, -65.27526], "rotation": [-42, 0, 0], "uv": [20, 198]},
						{"origin": [-0.63056, 17.46131, -63.75911], "size": [1.55, 2.75, 2.14271], "inflate": -0.4, "uv": [40, 209]},
						{"origin": [-0.63056, 19.41131, -62.78411], "size": [1.55, 3.425, 2.36771], "inflate": -0.399, "pivot": [0.14444, 20.41131, -63.95026], "rotation": [-42, 0, 0], "uv": [116, 204]},
						{"origin": [-1.13056, 18.76131, -51.68411], "size": [2.55, 2.55, 2.06771], "inflate": -0.4, "pivot": [0.31944, 20.21131, -46.90026], "rotation": [0, 0, 22.5], "uv": [146, 21]},
						{"origin": [-1.52653, 17.98631, -21.20911], "size": [2.17097, 1.32881, 2.19271], "inflate": -0.4, "uv": [122, 204]},
						{"origin": [-2.37653, 18.38631, -27.30911], "size": [4.52097, 2.80381, 30.19271], "inflate": -0.4, "uv": [0, 0]},
						{"origin": [-1.67653, 18.48631, -9.90911], "size": [4.12097, 1.75381, 11.59271], "inflate": -0.4, "uv": [60, 166]},
						{"origin": [1.27347, 16.03631, -1.60911], "size": [1.17097, 1.82881, 2.29271], "inflate": -0.4, "pivot": [0.38395, 17.61321, -4.61276], "rotation": [0, 0, -45], "uv": [210, 39]},
						{"origin": [1.27347, 17.06131, -1.60911], "size": [1.17097, 1.62881, 1.19271], "inflate": -0.4, "pivot": [0.38395, 17.61321, -4.61276], "rotation": [0, 0, -45], "uv": [56, 176]},
						{"origin": [0.62347, 17.58631, -10.10911], "size": [1.02097, 1.75381, 3.26771], "inflate": -0.399, "pivot": [-0.41605, 18.46321, -8.31276], "rotation": [-44.5, 0, 0], "uv": [70, 147]},
						{"origin": [-0.53056, 17.88631, -9.10911], "size": [2.1, 1.5, 1.5], "inflate": -0.4, "pivot": [-0.49105, 18.76321, -8.11276], "rotation": [-22.5, 0, 0], "uv": [56, 199]},
						{"origin": [0.62347, 17.61131, -9.58411], "size": [1.02097, 1.80381, 3.29271], "inflate": -0.4, "pivot": [1.13395, 18.61321, -7.78776], "rotation": [-65.5, 0, 0], "uv": [30, 158]},
						{"origin": [0.62347, 17.61131, -8.48411], "size": [1.02097, 1.92881, 2.09271], "inflate": -0.401, "pivot": [1.13395, 18.61321, -7.78776], "rotation": [-14.25, 0, 0], "uv": [210, 42]},
						{"origin": [-2.15153, 18.91131, -26.90911], "size": [4.52097, 1.95381, 28.66771], "inflate": -0.4, "pivot": [0.10895, 19.78821, -12.18776], "rotation": [0, 0, 17], "uv": [0, 32]},
						{"origin": [-2.35153, 17.91131, -38.48411], "size": [4.84597, 5.32881, 12.81771], "inflate": -0.402, "pivot": [0.13395, 20.60071, -24.53776], "rotation": [-10, 0, 0], "uv": [144, 47]},
						{"origin": [-0.75153, 16.21062, -26.9448], "size": [1.77097, 5.32881, 2.66771], "inflate": -0.4, "pivot": [0.13395, 18.90003, -25.48595], "rotation": [-7, 0, 0], "uv": [150, 124]},
						{"origin": [-2.40156, 17.9636, 1.41022], "size": [4.4, 5.95381, 6.21771], "inflate": -0.399, "pivot": [-0.42505, 21.57801, 2.98157], "rotation": [-9, 0, 0], "uv": [182, 79]},
						{"origin": [-2.37353, 17.41484, 6.36957], "size": [4.37197, 1.92881, 1.54271], "inflate": -0.4, "pivot": [-0.42505, 20.90424, 3.26592], "rotation": [-1.5, 0, 0], "uv": [200, 107]},
						{"origin": [0.62647, 18.53984, 6.36957], "size": [1.37197, 3.87881, 1.54271], "inflate": -0.4, "pivot": [-0.42505, 20.90424, 3.26592], "rotation": [-1.5, 0, 0], "uv": [42, 130]},
						{"origin": [-3.04853, 17.53984, 6.01957], "size": [1.47197, 1.02881, 1.89271], "inflate": -0.4, "pivot": [-0.42505, 20.90424, 3.26592], "rotation": [-1.5, 0, 0], "uv": [110, 195]},
						{"origin": [-2.92353, 17.53984, 5.26957], "size": [1.34697, 1.02881, 1.29271], "inflate": -0.4, "pivot": [-0.42505, 20.90424, 3.26592], "rotation": [-1.5, 0, 0], "uv": [130, 198]},
						{"origin": [-2.70656, 17.38856, 6.35581], "size": [1.48, 1.67881, 1.54271], "inflate": -0.4, "pivot": [-0.56255, 20.32797, 7.12716], "rotation": [-1.48541, 0.20874, 7.99729], "uv": [16, 201]},
						{"origin": [-2.59853, 17.43856, 5.25581], "size": [1.37197, 1.62881, 1.54271], "inflate": -0.4, "pivot": [-0.63755, 20.37797, 6.02716], "rotation": [-1.48541, 0.20874, 7.99729], "uv": [24, 203]},
						{"origin": [-2.9888, 21.79078, 5.18462], "size": [1.97197, 1.60381, 2.21771], "inflate": -0.4, "pivot": [-2.00282, 20.60518, 6.33098], "rotation": [-12.03968, -41.52538, 9.06279], "uv": [210, 45]},
						{"origin": [-3.2888, 17.64078, 5.45962], "size": [1.97197, 1.67881, 2.21771], "inflate": -0.4, "pivot": [-2.30282, 20.35518, 6.60598], "rotation": [-2.00764, -42.27368, 9.3535], "uv": [210, 48]},
						{"origin": [-2.37353, 21.61484, 6.36957], "size": [4.37197, 1.72881, 1.54271], "inflate": -0.4, "pivot": [-0.42505, 20.90424, 3.26592], "rotation": [-1.5, 0, 0], "uv": [200, 109]},
						{"origin": [-2.70656, 21.28856, 6.35581], "size": [1.48, 1.72881, 1.54271], "inflate": -0.401, "pivot": [-0.56255, 20.32797, 7.12716], "rotation": [-1.48541, 0.20874, 7.99729], "uv": [150, 204]},
						{"origin": [-3.2888, 21.54078, 5.45962], "size": [1.97197, 1.57881, 2.21771], "inflate": -0.4, "pivot": [-2.30282, 20.35518, 6.60598], "rotation": [-2.00764, -42.27368, 9.3535], "uv": [210, 77]},
						{"origin": [-3.6388, 17.44078, 5.45962], "size": [1.94697, 1.15381, 2.24271], "inflate": -0.4, "pivot": [-2.65282, 20.35518, 6.60598], "rotation": [-2.00764, -42.27368, 0.1035], "uv": [210, 80]},
						{"origin": [-0.74353, 24.48631, -39.33411], "size": [3.26297, 1.87881, 12.34271], "inflate": -0.4, "pivot": [0.88795, 24.97571, -24.53776], "rotation": [0, 0, -15], "uv": [100, 164]},
						{"origin": [-0.91777, 25.97841, -50.03283], "size": [1.99847, 1.43058, 19.13014], "inflate": -0.4, "uv": [78, 131]},
						{"origin": [-1.70463, 24.32472, -50.03283], "size": [3.11801, 2.09608, 19.13014], "inflate": -0.4, "pivot": [0.07001, 25.73683, -44.91276], "rotation": [0, 0, 53], "uv": [106, 90]},
						{"origin": [-2.04509, 24.36272, -50.03283], "size": [3.11519, 1.81408, 19.13014], "inflate": -0.4, "pivot": [0.07001, 25.73683, -44.91276], "rotation": [0, 0, 15], "uv": [106, 111]},
						{"origin": [-1.27337, 24.30122, -50.03283], "size": [3.11801, 2.11958, 11.65014], "inflate": -0.4, "pivot": [0.07001, 25.73683, -44.91276], "rotation": [0, 0, -53], "uv": [28, 176]},
						{"origin": [-0.93009, 24.36272, -50.03283], "size": [3.11519, 1.81408, 11.65014], "inflate": -0.4, "pivot": [0.07001, 25.73683, -44.91276], "rotation": [0, 0, -15], "uv": [176, 51]},
						{"origin": [-2.37942, 19.60988, -50.48411], "size": [3.26297, 1.87881, 12.69271], "inflate": -0.401, "pivot": [-0.74794, 20.99929, -24.53776], "rotation": [0, 0, -15], "uv": [130, 164]},
						{"origin": [-2.36036, 19.02564, -50.48411], "size": [3.26597, 2.17881, 12.69271], "inflate": -0.4, "pivot": [-0.72587, 20.55255, -38.73776], "rotation": [0, 0, -53], "uv": [0, 158]},
						{"origin": [-0.95529, 18.4848, -50.48411], "size": [2.04997, 2.85381, 13.19271], "inflate": -0.399, "uv": [70, 151]},
						{"origin": [-0.7656, 19.02564, -50.48411], "size": [3.26597, 2.20381, 13.19271], "inflate": -0.4, "pivot": [0.86588, 20.55255, -38.73776], "rotation": [0, 0, 53], "uv": [38, 147]},
						{"origin": [-0.74353, 19.60988, -50.48411], "size": [3.26297, 1.87881, 13.19271], "inflate": -0.401, "pivot": [0.88795, 20.99929, -24.53776], "rotation": [0, 0, 15], "uv": [150, 110]},
						{"origin": [-2.15286, 18.90859, -39.48411], "size": [3.26297, 1.87881, 13.46771], "inflate": -0.401, "pivot": [0.12001, 19.33817, -33.63776], "rotation": [-9.6658, -2.57594, -14.78217], "uv": [118, 150]},
						{"origin": [-1.77246, 18.67601, -39.48411], "size": [3.26597, 2.17881, 13.46771], "inflate": -0.398, "pivot": [0.12001, 19.33817, -33.63776], "rotation": [-6.05734, -7.97156, -52.57755], "uv": [150, 80]},
						{"origin": [-0.95529, 17.5848, -39.48411], "size": [2.07497, 2.90381, 13.46771], "inflate": -0.4, "pivot": [-0.02999, 19.38817, -33.63776], "rotation": [-10, 0, 0], "uv": [154, 21]},
						{"origin": [-1.35349, 18.67601, -39.48411], "size": [3.26597, 2.20381, 13.46771], "inflate": -0.399, "pivot": [0.02001, 19.33817, -33.63776], "rotation": [-6.05734, 7.97156, 52.57755], "uv": [150, 95]},
						{"origin": [-0.9701, 18.90859, -39.48411], "size": [3.26297, 1.87881, 13.46771], "inflate": -0.401, "pivot": [0.02001, 19.33817, -33.63776], "rotation": [-9.6658, 2.57594, 14.78217], "uv": [150, 150]},
						{"origin": [-0.7656, 24.74555, -39.33411], "size": [3.26597, 2.20381, 12.34271], "inflate": -0.4, "pivot": [0.86588, 25.42245, -38.73776], "rotation": [0, 0, -53], "uv": [158, 0]},
						{"origin": [-0.0656, 25.62055, -27.80911], "size": [2.56597, 1.32881, 13.31771], "inflate": -0.4, "pivot": [0.86588, 25.42245, -26.23776], "rotation": [0, 0, -53], "uv": [30, 162]},
						{"origin": [-0.93617, 24.90286, -30.80911], "size": [1.61597, 2.12881, 20.21771], "inflate": -0.4, "pivot": [0.39681, 26.04226, -22.65026], "rotation": [0, 0, 40], "uv": [112, 25]},
						{"origin": [-1.46117, 24.90286, -15.28411], "size": [1.61597, 2.12881, 1.39271], "inflate": -0.4, "pivot": [-0.12819, 26.04226, -22.65026], "rotation": [0, 0, 40], "uv": [46, 211]},
						{"origin": [-2.10806, 25.39777, -30.80911], "size": [1.29097, 1.32881, 20.11771], "inflate": -0.4, "pivot": [-1.18574, 25.64248, -19.97526], "rotation": [0, 0, 49.25], "uv": [116, 0]},
						{"origin": [-2.10806, 24.89777, -12.30911], "size": [1.29097, 1.30381, 1.61771], "inflate": -0.4, "pivot": [-1.18574, 25.64248, -19.97526], "rotation": [0, 0, 49.25], "uv": [32, 205]},
						{"origin": [-2.10806, 24.87277, -30.80911], "size": [1.29097, 1.32881, 4.71771], "inflate": -0.4, "pivot": [-1.18574, 25.64248, -19.97526], "rotation": [0, 0, 49.25], "uv": [62, 193]},
						{"origin": [-2.92537, 24.64555, -30.80911], "size": [2.01597, 1.55381, 3.31771], "inflate": -0.4, "uv": [114, 193]},
						{"origin": [-2.47537, 22.54555, -33.73411], "size": [2.09097, 3.65381, 3.74271], "inflate": -0.4, "uv": [90, 166]},
						{"origin": [-2.52537, 22.54555, -37.10911], "size": [2.21597, 3.65381, 4.24271], "inflate": -0.4, "pivot": [-1.35488, 25.42245, -32.68776], "rotation": [0, -5.5, 0], "uv": [172, 14]},
						{"origin": [-1.40037, 25.44555, -30.80911], "size": [1.39097, 1.42881, 20.11771], "inflate": -0.4, "uv": [0, 118]},
						{"origin": [-2.37942, 24.48631, -31.83411], "size": [3.26297, 1.87881, 1.84271], "inflate": -0.4, "pivot": [-0.74794, 24.97571, -24.53776], "rotation": [0, 0, 15], "uv": [46, 209]},
						{"origin": [-2.36036, 24.77055, -31.83411], "size": [3.26597, 2.17881, 1.84271], "inflate": -0.4, "pivot": [-0.72587, 25.42245, -38.73776], "rotation": [0, 0, 53], "uv": [130, 204]},
						{"origin": [-0.33029, 24.63639, -30.80911], "size": [1.44997, 2.85381, 3.81771], "inflate": -0.4, "uv": [198, 151]},
						{"origin": [-0.95529, 24.63639, -31.83411], "size": [1.42497, 2.85381, 1.84271], "inflate": -0.4, "uv": [50, 211]},
						{"origin": [-0.35529, 24.63639, -39.33411], "size": [1.47497, 2.85381, 9.34271], "inflate": -0.4, "uv": [182, 90]},
						{"origin": [-0.33029, 24.63639, -27.80911], "size": [1.44997, 2.85381, 13.31771], "inflate": -0.4, "uv": [160, 164]},
						{"origin": [0.14471, 24.13639, -27.78411], "size": [1.39997, 3.02881, 13.29271], "inflate": -0.4, "uv": [78, 115]},
						{"origin": [-2.40556, 18.13631, 0.91589], "size": [4.9, 5.92881, 1.96771], "inflate": -0.399, "uv": [190, 177]},
						{"origin": [-1.53053, 22.63631, -0.05911], "size": [4.02497, 3.37881, 2.29271], "inflate": -0.4, "pivot": [0.25295, 24.47571, 1.08724], "rotation": [32.5, 0, 0], "uv": [148, 189]},
						{"origin": [-0.83053, 25.18631, -0.05911], "size": [2.27497, 2.30381, 2.29271], "inflate": -0.398, "pivot": [0.25295, 24.47571, 1.08724], "rotation": [32.5, 0, 0], "uv": [72, 200]},
						{"origin": [0.44447, 25.21131, -0.05911], "size": [1.44997, 1.87881, 2.29271], "inflate": -0.4, "pivot": [0.57795, 24.47571, 1.08724], "rotation": [32.5, 0, 0], "uv": [210, 83]},
						{"origin": [0.53187, 25.55257, -1.22417], "size": [1.22497, 1.42881, 2.29271], "inflate": -0.4, "pivot": [0.98185, 26.30448, -0.07781], "rotation": [23.48402, 23.13856, -42.12703], "uv": [210, 86]},
						{"origin": [-2.40553, 22.63631, -0.05911], "size": [1.67497, 2.90381, 2.29271], "inflate": -0.4, "pivot": [0.37795, 24.47571, 1.08724], "rotation": [32.5, 0, 0], "uv": [54, 209]},
						{"origin": [-2.58053, 18.36131, -11.48411], "size": [1.47497, 8.10381, 4.19271], "inflate": -0.4, "uv": [18, 186]},
						{"origin": [-2.58053, 24.86131, -8.10911], "size": [1.47497, 1.60381, 2.16771], "inflate": -0.4, "uv": [210, 89]},
						{"origin": [-2.58053, 18.86131, -8.10911], "size": [1.47497, 2.70381, 11.01771], "inflate": -0.4, "uv": [90, 177]},
						{"origin": [-2.58053, 18.06131, 1.19089], "size": [1.34997, 1.60381, 1.71771], "inflate": -0.4, "uv": [112, 207]},
						{"origin": [-2.78053, 19.51131, 3.41589], "size": [1.54997, 2, 2], "inflate": -0.4, "pivot": [-1.60555, 20.31321, 4.27474], "rotation": [-22.5, 0, 0], "uv": [60, 209]},
						{"origin": [-2.58053, 18.38631, -21.38411], "size": [1.04997, 6.55381, 10.71771], "inflate": -0.4, "uv": [176, 63]},
						{"origin": [-2.58053, 19.96131, -28.58411], "size": [1.04997, 4.97881, 8.01771], "inflate": -0.4, "uv": [182, 101]},
						{"origin": [-2.58053, 22.53631, -30.78411], "size": [1.04997, 2.40381, 3.01771], "inflate": -0.4, "uv": [154, 198]},
						{"origin": [-2.58053, 20.08631, -30.48411], "size": [1.04997, 4.17881, 2.49271], "inflate": -0.402, "pivot": [-2.05555, 23.00071, -28.97526], "rotation": [40, 0, 0], "uv": [176, 141]},
						{"origin": [-2.58053, 24.13631, -30.78411], "size": [3.44997, 1.30381, 2.01771], "inflate": -0.4, "uv": [198, 156]},
						{"origin": [-2.40553, 19.48631, -8.10911], "size": [4.89997, 6.35381, 9.864], "inflate": -0.399, "uv": [176, 36]},
						{"origin": [0.99447, 20.28631, -15.30911], "size": [1.67497, 4.25381, 13.264], "inflate": -0.4, "uv": [156, 124]},
						{"origin": [1.86947, 21.18631, -15.30911], "size": [1.02497, 2.65381, 5.864], "inflate": -0.4, "uv": [28, 189]},
						{"origin": [1.79447, 21.18631, -10.25911], "size": [0.99997, 2.65381, 3.164], "inflate": -0.4, "uv": [138, 204]},
						{"origin": [1.86947, 21.18631, -7.90911], "size": [1.02497, 2.65381, 5.864], "inflate": -0.4, "uv": [40, 189]},
						{"origin": [-2.63053, 24.78631, -7.05911], "size": [2.12497, 1.17881, 6.01771], "inflate": -0.4, "uv": [68, 25]},
						{"origin": [-2.63053, 25.35136, -7.7897], "size": [3.42497, 1.25381, 2.54271], "inflate": -0.4, "pivot": [-0.91805, 25.97827, -6.53085], "rotation": [-45, 0, 0], "uv": [198, 159]},
						{"origin": [-2.63053, 24.71131, -2.58359], "size": [3.42497, 1.20381, 2.51771], "inflate": -0.4, "pivot": [-0.06805, 25.35071, -2.19974], "rotation": [45, 0, 0], "uv": [162, 198]},
						{"origin": [-2.63053, 25.34985, -2.41702], "size": [3.42497, 1.20381, 2.19271], "inflate": -0.4, "pivot": [-0.91805, 25.95175, -1.27067], "rotation": [62.5, 0, 0], "uv": [172, 198]},
						{"origin": [-2.63053, 25.34985, -7.87569], "size": [3.42497, 1.20381, 2.19271], "inflate": -0.4, "pivot": [-0.91805, 25.95175, -6.82933], "rotation": [-62.5, 0, 0], "uv": [194, 198]},
						{"origin": [-1.71932, 23.86212, -0.75245], "size": [1.87497, 3.30381, 2.29271], "inflate": -0.402, "pivot": [-0.69434, 25.56403, 0.39391], "rotation": [26.33985, -19.7632, 34.33171], "uv": [144, 204]},
						{"origin": [-0.41853, 24.81131, -15.30911], "size": [2.91297, 1.72881, 9.01771], "inflate": -0.399, "uv": [148, 179]},
						{"origin": [0.85203, 25.86, -7.70911], "size": [1.08797, 1.366, 8.41771], "inflate": -0.4, "pivot": [1.02619, 26.45411, -3.71276], "rotation": [0, 0, -52], "uv": [188, 0]},
						{"origin": [0.85203, 25.76, -0.23411], "size": [1.18797, 1.091, 1.23], "inflate": -0.5, "pivot": [1.02619, 26.45411, -3.71276], "rotation": [0, 0, -52], "uv": [190, 207]},
						{"origin": [0.66127, 26.16303, -0.195], "size": [1.08797, 1.316, 1.01771], "inflate": -0.4, "pivot": [1.20525, 26.78353, 0.32126], "rotation": [21.25, 0, -52], "uv": [212, 60]},
						{"origin": [-2.29606, 24.33923, -11.48411], "size": [3.16297, 2.50381, 4.89271], "inflate": -0.4, "pivot": [-0.71458, 25.69114, -9.38776], "rotation": [0, 0, 52.75], "uv": [184, 133]},
						{"origin": [-0.36691, 24.46423, -15.30911], "size": [2.66297, 2.37881, 8.41771], "inflate": -0.4, "pivot": [0.71458, 25.69114, -9.38776], "rotation": [0, 0, -52.75], "uv": [182, 113]},
						{"origin": [-0.43573, 24.67803, -8.20911], "size": [2.66297, 1.42881, 1.358], "inflate": -0.401, "pivot": [0.89575, 25.86744, -7.55026], "rotation": [34, 0, -52.75], "uv": [210, 104]},
						{"origin": [-0.43573, 24.32803, -7.93411], "size": [2.76297, 1.30381, 1.18], "inflate": -0.5, "pivot": [0.89575, 25.86744, -7.55026], "rotation": [34, 0, -52.75], "uv": [210, 106]},
						{"origin": [1.06427, 24.57803, -7.80911], "size": [1.26297, 1.30381, 1.44271], "inflate": -0.5, "pivot": [0.89575, 25.86744, -7.55026], "rotation": [0, 0, -52.75], "uv": [74, 212]},
						{"origin": [1.06427, 24.57803, -7.38411], "size": [1.26297, 1.089, 1.16771], "inflate": -0.5, "pivot": [0.89575, 25.86744, -7.55026], "rotation": [0, 0, -52.75], "uv": [78, 212]},
						{"origin": [-1.22853, 25.43631, -11.48411], "size": [1.70297, 2.05381, 4.59271], "inflate": -0.4, "uv": [190, 183]},
						{"origin": [-0.85353, 25.43631, -15.28411], "size": [1.32797, 2.05381, 1.39271], "inflate": -0.4, "uv": [66, 211]},
						{"origin": [-0.32853, 25.43631, -15.30911], "size": [1.57797, 2.05381, 8.41771], "inflate": -0.4, "uv": [184, 14]},
						{"origin": [0.07147, 25.43631, -7.70911], "size": [1.37797, 2.05381, 8.41771], "inflate": -0.4, "uv": [184, 24]},
						{"origin": [-0.82853, 25.43631, -1.20911], "size": [1.70297, 2.05381, 1.91771], "inflate": -0.4, "uv": [70, 211]},
						{"origin": [0.07147, 26.66131, -2.38411], "size": [1.20297, 1, 1.99271], "inflate": -0.4, "uv": [82, 212]},
						{"origin": [0.17147, 26.23631, -7.70911], "size": [1.10297, 1.55381, 6.11771], "inflate": -0.4, "pivot": [0.71045, 27.18821, -3.05026], "rotation": [0, 0, -46], "uv": [136, 80]},
						{"origin": [-2.25353, 26.23631, -7.45911], "size": [3.22797, 1.55381, 6.81771], "inflate": -0.4, "pivot": [0.71045, 27.18821, -3.05026], "rotation": [0, 0, -46], "uv": [90, 25]},
						{"origin": [-0.05353, 26.23631, -2.40911], "size": [1.32797, 1.27881, 2.01771], "inflate": -0.4, "pivot": [0.71045, 27.18821, -3.05026], "rotation": [0, 0, -46], "uv": [210, 92]},
						{"origin": [-0.52853, 26.66131, -1.53411], "size": [1.00297, 1.05381, 1.14271], "inflate": -0.4, "pivot": [-0.06455, 27.38821, -3.05026], "rotation": [0, 0, -46], "uv": [86, 212]},
						{"origin": [-2.62853, 26.03631, -1.53411], "size": [1.40297, 1.215, 1.14271], "inflate": -0.4, "uv": [90, 212]},
						{"origin": [-2.02853, 26.03631, -1.53411], "size": [2.50297, 1.80381, 1.14271], "inflate": -0.4, "uv": [210, 108]},
						{"origin": [-2.62853, 26.03631, -7.70911], "size": [1.40297, 1.215, 1.14271], "inflate": -0.4, "uv": [94, 212]},
						{"origin": [-2.65353, 25.76131, -7.70911], "size": [1.22797, 1.62881, 1.14271], "inflate": -0.4, "pivot": [-1.40205, 26.47571, -7.13776], "rotation": [0, 0, 45], "uv": [98, 212]},
						{"origin": [-2.02853, 26.03631, -7.70911], "size": [3.10297, 1.80381, 1.14271], "inflate": -0.4, "uv": [66, 209]},
						{"origin": [-2.65353, 25.76131, -1.53411], "size": [1.22797, 1.62881, 1.14271], "inflate": -0.4, "pivot": [-1.40205, 26.47571, -0.96276], "rotation": [0, 0, 45], "uv": [102, 212]},
						{"origin": [-0.32853, 26.26131, -1.53411], "size": [1.20297, 1.4, 1.14271], "inflate": -0.4, "uv": [106, 212]},
						{"origin": [-2.49056, 24.83631, -1.50911], "size": [3.09, 1.65381, 2.21771], "inflate": -0.4, "pivot": [-1.28955, 25.86321, -1.10026], "rotation": [0, 0, -46], "uv": [28, 199]},
						{"origin": [-2.49056, 24.83631, -0.08411], "size": [1.14, 1.65381, 1.66771], "inflate": -0.4, "pivot": [-1.28955, 25.86321, -1.10026], "rotation": [0, 0, -46], "uv": [110, 212]},
						{"origin": [-2.59056, 24.83631, 0.66589], "size": [1.065, 1.75381, 1.16771], "inflate": -0.5, "pivot": [-1.28955, 25.86321, -0.10026], "rotation": [0, 0, -46], "uv": [114, 212]},
						{"origin": [-2.65173, 25.14481, -0.63411], "size": [2.865, 1.65381, 1.75], "inflate": -0.4, "pivot": [-0.90673, 25.97172, -0.40026], "rotation": [0, 24.75, -46], "uv": [210, 110]},
						{"origin": [-3.10173, 25.14481, 0.06589], "size": [1.415, 1.75381, 1.15], "inflate": -0.5, "pivot": [-0.90673, 25.97172, -0.40026], "rotation": [0, 24.75, -46], "uv": [118, 212]},
						{"origin": [-2.49056, 24.83631, -1.73411], "size": [2.19, 1.65381, 1.04271], "inflate": -0.4, "pivot": [-1.28955, 25.86321, -1.10026], "rotation": [0, 0, -46], "uv": [210, 112]},
						{"origin": [-0.76853, 24.51131, -7.50911], "size": [3.26297, 2.00381, 1.99271], "inflate": -0.401, "pivot": [0.30295, 25.56321, -6.85026], "rotation": [-42, 0, 0], "uv": [162, 204]},
						{"origin": [0.10647, 25.51131, -6.85911], "size": [1.66297, 1.259, 1.89271], "inflate": -0.402, "pivot": [0.30295, 26.56321, -6.85026], "rotation": [-50.0306, 29.17947, -30.18512], "uv": [122, 212]},
						{"origin": [0.98147, 24.80946, -7.62675], "size": [1.51297, 1.42881, 9.11771], "inflate": -0.402, "uv": [114, 79]},
						{"origin": [0.40647, 24.80946, -7.70175], "size": [1.48797, 2.32881, 8.61771], "inflate": -0.399, "uv": [184, 123]},
						{"origin": [-1.57853, 14.18631, -2.40911], "size": [1.99497, 5.30381, 1.09271], "inflate": -0.4, "pivot": [0.32495, 13.67571, 0.28724], "rotation": [-8.5, 0, 0], "uv": [108, 25]},
						{"origin": [-1.57853, 11.89216, -5.08849], "size": [1.99497, 5.17881, 1.06771], "inflate": -0.4, "pivot": [0.32495, 14.41907, -4.54213], "rotation": [-90, 0, 0], "uv": [42, 118]},
						{"origin": [-1.57853, 13.96716, -2.88849], "size": [1.99497, 1.75381, 1.06771], "inflate": -0.4, "pivot": [0.32495, 14.41907, -2.34213], "rotation": [-52, 0, 0], "uv": [126, 212]},
						{"origin": [-1.57853, 12.91716, -7.13849], "size": [1.99497, 1.92881, 1.09271], "inflate": -0.4, "pivot": [0.32495, 14.41907, -6.59213], "rotation": [-130.5, 0, 0], "uv": [130, 212]},
						{"origin": [-1.57853, 14.61716, -7.93849], "size": [1.99497, 5.70381, 1.01771], "inflate": -0.399, "uv": [42, 124]},
						{"origin": [-2.57853, 15.29216, -9.66349], "size": [2.86997, 5.02881, 2.74271], "inflate": -0.4, "pivot": [-2.15605, 17.46907, -7.46713], "rotation": [0, 0, 15], "uv": [38, 139]},
						{"origin": [-2.5677, 15.19757, -9.81349], "size": [2.86997, 5.10381, 2.59271], "inflate": -0.4, "pivot": [-2.03271, 17.52447, -8.51713], "rotation": [4, 0, 15], "uv": [72, 193]},
						{"origin": [-2.1927, 13.64757, -9.81349], "size": [2.04497, 2.35381, 1.01771], "inflate": -0.4, "pivot": [-2.03271, 17.52447, -8.51713], "rotation": [4, 0, 15], "uv": [210, 95]},
						{"origin": [-1.55841, 14.63616, -3.22131], "size": [1.54497, 2.90381, 1.04271], "inflate": -0.4, "pivot": [-0.53593, 17.04964, -2.77687], "rotation": [-25, 0, 0], "uv": [212, 32]},
						{"origin": [-1.55841, 16.68031, -3.35479], "size": [1.54497, 2.77881, 1.19271], "inflate": -0.4, "pivot": [-0.53593, 17.04964, -2.77687], "rotation": [-14, 0, 0], "uv": [212, 51]},
						{"origin": [-1.55841, 15.74715, -3.21802], "size": [1.54497, 3.65381, 1.01771], "inflate": -0.4, "pivot": [-0.53593, 18.08656, -2.70916], "rotation": [-11.75, 0, 0], "uv": [42, 134]},
						{"origin": [-2.11253, 16.48599, 3.36578], "size": [3.06297, 3.67881, 2.69271], "inflate": -0.4, "pivot": [0.37495, 18.2254, 3.16213], "rotation": [-36, 0, 0], "uv": [80, 193]},
						{"origin": [-2.11253, 5.55493, 0.19002], "size": [3.06297, 1.52881, 4.86771], "inflate": -0.396, "pivot": [0.37495, 12.69433, 2.73638], "rotation": [11, 0, 0], "uv": [188, 9]},
						{"origin": [-2.11253, 4.77559, 0.4085], "size": [3.06297, 2.20381, 2.21771], "inflate": -0.4, "pivot": [0.37495, 5.91499, 2.84235], "rotation": [-35, 0, 0], "uv": [124, 194]},
						{"origin": [-2.11253, 5.34398, 4.93025], "size": [3.06297, 2.17881, 1.69271], "inflate": -0.4, "pivot": [0.37495, 6.54589, 5.0641], "rotation": [65, 0, 0], "uv": [170, 204]}
					]
				},
				{
					"name": "barrel",
					"parent": "gun",
					"pivot": [-1.25556, 29.11131, -62.40026],
					"cubes": [
						{"origin": [-1.20556, 21.96131, -57.98411], "size": [2.5, 2.5, 8.56771], "inflate": -0.4, "pivot": [0.04444, 23.21131, -53.70026], "rotation": [0, 0, 22.5], "uv": [182, 141]},
						{"origin": [-1.00556, 21.96131, -71.78411], "size": [2.25, 2.25, 14.66771], "inflate": -0.4, "pivot": [0.34444, 23.31131, -53.70026], "rotation": [0, 0, 22.5], "uv": [144, 64]},
						{"origin": [-1.20556, 21.96131, -69.08411], "size": [2.5, 2.5, 2.86771], "inflate": -0.4, "pivot": [0.04444, 23.21131, -70.50026], "rotation": [0, 0, 22.5], "uv": [110, 200]},
						{"origin": [-1.20556, 21.96131, -84.48411], "size": [2.5, 2.5, 1.26771], "inflate": -0.4, "pivot": [0.04444, 23.21131, -70.50026], "rotation": [0, 0, 22.5], "uv": [210, 98]},
						{"origin": [-1.20556, 21.96131, -83.08411], "size": [2.5, 2.5, 1.46771], "inflate": -0.4, "pivot": [0.04444, 23.21131, -68.90026], "rotation": [0, 0, 22.5], "uv": [210, 101]},
						{"origin": [-0.93056, 20.61131, -69.05911], "size": [2.15, 2.6, 2.84271], "inflate": -0.4, "uv": [130, 200]},
						{"origin": [-1.20556, 21.96131, -82.43411], "size": [2.5, 2.5, 12.11771], "inflate": -0.4, "pivot": [0.04444, 23.21131, -70.50026], "rotation": [0, 0, 22.5], "uv": [0, 172]},
						{"origin": [-1.50556, 21.66131, -82.03411], "size": [3.1, 4.275, 2.3], "inflate": -0.399, "uv": [184, 190]},
						{"origin": [-1.50556, 21.66131, -78.43411], "size": [3.1, 4.3, 2.3], "inflate": -0.399, "uv": [52, 193]},
						{"origin": [-1.50556, 22.66131, -83.03411], "size": [3.1, 2.3, 7.9], "inflate": -0.4, "uv": [156, 141]},
						{"origin": [-1.50556, 22.94822, -82.95726], "size": [3.1, 2.2, 3.65], "inflate": -0.401, "pivot": [0.04444, 24.04822, -81.13226], "rotation": [-45, 0, 0], "uv": [90, 190]},
						{"origin": [-1.50556, 22.45178, -82.95726], "size": [3.1, 2.2, 3.65], "inflate": -0.401, "pivot": [0.04444, 23.55178, -81.13226], "rotation": [45, 0, 0], "uv": [102, 190]},
						{"origin": [-1.50556, 22.45178, -78.86774], "size": [3.1, 2.2, 3.65], "inflate": -0.401, "pivot": [0.04444, 23.55178, -77.04274], "rotation": [-45, 0, 0], "uv": [160, 190]},
						{"origin": [-1.50556, 22.94822, -78.86774], "size": [3.1, 2.2, 3.65], "inflate": -0.401, "pivot": [0.04444, 24.04822, -77.04274], "rotation": [45, 0, 0], "uv": [172, 190]},
						{"origin": [-1.50556, 23.38033, -80.63564], "size": [3.1, 2.5, 1.65], "inflate": -0.401, "pivot": [0.04444, 24.78033, -79.81064], "rotation": [55, 0, 0], "uv": [178, 204]},
						{"origin": [-1.50556, 21.71967, -80.63564], "size": [3.1, 2.525, 1.65], "inflate": -0.401, "pivot": [0.04444, 22.81967, -79.81064], "rotation": [-55, 0, 0], "uv": [186, 204]},
						{"origin": [-1.50556, 21.71967, -79.18936], "size": [3.1, 2.525, 1.65], "inflate": -0.401, "pivot": [0.04444, 22.81967, -78.36436], "rotation": [55, 0, 0], "uv": [204, 189]},
						{"origin": [-1.50556, 23.38033, -79.18936], "size": [3.1, 2.5, 1.65], "inflate": -0.401, "pivot": [0.04444, 24.78033, -78.36436], "rotation": [-55, 0, 0], "uv": [204, 192]},
						{"origin": [-1.50556, 22.06131, -79.98411], "size": [3.1, 3.475, 1.8], "inflate": -0.398, "uv": [138, 200]},
						{"origin": [-1.20556, 23.46131, -84.03411], "size": [1.8, 1, 1.76771], "inflate": -0.4, "pivot": [0.04444, 23.21131, -70.50026], "rotation": [0, 0, 22.5], "uv": [134, 212]},
						{"origin": [-1.20556, 21.83631, -84.03411], "size": [1.8, 1, 1.76771], "inflate": -0.4, "pivot": [0.04444, 21.58631, -70.50026], "rotation": [0, 0, 22.5], "uv": [138, 212]},
						{"origin": [-1.13056, 23.11131, -77.58411], "size": [2.15, 2.2, 5.31771], "inflate": -0.4, "uv": [158, 14]},
						{"origin": [-1.33056, 22.51131, -73.08411], "size": [2.55, 2.8, 2.71771], "inflate": -0.4, "uv": [146, 200]},
						{"origin": [-1.13056, 22.78631, -70.98411], "size": [2.35, 3.425, 2.59271], "inflate": -0.399, "uv": [38, 199]},
						{"origin": [-1.13056, 25.41131, -70.58411], "size": [2.35, 1.825, 1.79271], "inflate": -0.4, "uv": [210, 114]},
						{"origin": [-1.13056, 25.16131, -70.78411], "size": [2.35, 1.925, 1.21771], "inflate": -0.4, "pivot": [0.04444, 26.22381, -69.88776], "rotation": [-21.5, 0, 0], "uv": [210, 116]},
						{"origin": [-1.13056, 25.16131, -69.80859], "size": [2.35, 1.925, 1.21771], "inflate": -0.4, "pivot": [0.04444, 26.22381, -69.48724], "rotation": [21.5, 0, 0], "uv": [210, 118]},
						{"origin": [-0.58056, 26.21131, -70.38411], "size": [1.35, 1.4, 1.35], "inflate": -0.4, "pivot": [0.04444, 27.06131, -69.75911], "rotation": [0, -22.5, 0], "uv": [212, 138]},
						{"origin": [-1.03056, 26.68631, -70.55911], "size": [2.15, 1.1, 1.71771], "inflate": -0.4, "uv": [210, 120]},
						{"origin": [-1.03056, 27.88631, -70.55911], "size": [2.15, 1, 1.71771], "inflate": -0.4, "uv": [210, 122]},
						{"origin": [0.24444, 26.83631, -70.65911], "size": [1.175, 2.025, 1.91771], "inflate": -0.5, "uv": [212, 54]},
						{"origin": [0.31944, 26.68631, -70.55911], "size": [1, 1.125, 1.71771], "inflate": -0.4, "pivot": [0.81944, 27.38631, -69.70026], "rotation": [0, 0, 38.75], "uv": [142, 212]},
						{"origin": [0.34444, 27.83631, -70.55911], "size": [1, 1.05, 1.71771], "inflate": -0.4, "pivot": [0.81944, 28.28631, -69.70026], "rotation": [0, 0, -58.5], "uv": [150, 212]},
						{"origin": [-1.21944, 26.68631, -70.55911], "size": [1, 1.125, 1.71771], "inflate": -0.4, "pivot": [-0.71944, 27.38631, -69.70026], "rotation": [0, 0, -38.75], "uv": [154, 212]},
						{"origin": [-1.24444, 27.83631, -70.55911], "size": [1, 1.025, 1.71771], "inflate": -0.4, "pivot": [-0.71944, 28.28631, -69.70026], "rotation": [0, 0, 58.5], "uv": [158, 212]},
						{"origin": [-0.75556, 28.08631, -70.55911], "size": [1.6, 1, 1.71771], "inflate": -0.4, "uv": [162, 212]},
						{"origin": [-0.20556, 28.28631, -70.55911], "size": [1.05, 1.025, 1.71771], "inflate": -0.4, "uv": [166, 212]},
						{"origin": [-0.75556, 28.28631, -70.55911], "size": [1.05, 1.025, 1.71771], "inflate": -0.4, "uv": [170, 212]},
						{"origin": [-0.43056, 26.98631, -70.23411], "size": [1, 1.4, 1], "inflate": -0.4, "pivot": [0.04444, 27.06131, -69.75911], "rotation": [0, -22.5, 0], "uv": [174, 212]},
						{"origin": [-1.25556, 24.71131, -70.93411], "size": [2.6, 1.825, 1.79271], "inflate": -0.4, "pivot": [0.04444, 24.82381, -69.63776], "rotation": [-22.5, 0, 0], "uv": [210, 124]},
						{"origin": [-1.33056, 26.83631, -70.65911], "size": [1.175, 2.025, 1.91771], "inflate": -0.5, "uv": [212, 57]}
					]
				},
				{
					"name": "stock",
					"parent": "gun",
					"pivot": [-2.28755, 20.31068, 6.69179],
					"cubes": [
						{"origin": [-3.2888, 18.51578, 5.45962], "size": [1.97197, 3.82881, 2.21771], "inflate": -0.4, "pivot": [-2.30282, 20.35518, 6.60598], "rotation": [-2.00764, -42.27368, 9.3535], "uv": [194, 204]},
						{"origin": [-2.70656, 18.26356, 6.35581], "size": [1.38, 3.82881, 1.54271], "inflate": -0.4, "pivot": [-0.56255, 20.32797, 7.12716], "rotation": [-1.48541, 0.20874, 7.99729], "uv": [52, 189]},
						{"origin": [-2.37353, 18.53984, 6.36957], "size": [1.37197, 3.85381, 1.54271], "inflate": -0.401, "pivot": [-0.42505, 20.90424, 3.26592], "rotation": [-1.5, 0, 0], "uv": [146, 209]},
						{"origin": [-1.97353, 16.88875, 7.20669], "size": [3.57197, 5.72881, 27.29271], "inflate": -0.399, "pivot": [0.67931, 24.49403, 11.49873], "rotation": [-9, 0, 0], "uv": [0, 61]},
						{"origin": [-1.97353, 14.21139, 13.93435], "size": [3.57197, 5.65381, 20.59271], "inflate": -0.4, "pivot": [-0.18755, 18.2383, 20.1307], "rotation": [-20.5, 0, 0], "uv": [60, 90]},
						{"origin": [-1.97353, 16.3886, 13.36022], "size": [3.57197, 5.85381, 20.46771], "inflate": -0.397, "uv": [0, 93]},
						{"origin": [-1.97353, 9.60877, 31.07044], "size": [3.57197, 10.20381, 3.24271], "inflate": -0.398, "pivot": [-0.18755, 14.71068, 32.69179], "rotation": [6, 0, 0], "uv": [188, 164]}
					]
				},
				{
					"name": "stockfolded",
					"parent": "gun",
					"pivot": [-2.26255, 20.31068, 6.49179],
					"rotation": [-177.75, 0, -165],
					"cubes": [
						{"origin": [-3.2638, 18.51578, 5.25962], "size": [1.97197, 3.82881, 2.21771], "inflate": -0.4, "pivot": [-2.27782, 20.35518, 6.40598], "rotation": [-2.00764, -42.27368, 9.3535], "uv": [194, 204]},
						{"origin": [-2.68156, 18.26356, 6.15581], "size": [1.38, 3.82881, 1.54271], "inflate": -0.4, "pivot": [-0.53755, 20.32797, 6.92716], "rotation": [-1.48541, 0.20874, 7.99729], "uv": [52, 189]},
						{"origin": [-2.34853, 18.53984, 6.16957], "size": [1.37197, 3.85381, 1.54271], "inflate": -0.401, "pivot": [-0.40005, 20.90424, 3.06592], "rotation": [-1.5, 0, 0], "uv": [146, 209]},
						{"origin": [-1.94853, 16.88875, 7.00669], "size": [3.57197, 5.72881, 27.29271], "inflate": -0.399, "pivot": [0.70431, 24.49403, 11.29873], "rotation": [-9, 0, 0], "uv": [0, 61]},
						{"origin": [-1.94853, 14.21139, 13.73435], "size": [3.57197, 5.65381, 20.59271], "inflate": -0.4, "pivot": [-0.16255, 18.2383, 19.9307], "rotation": [-20.5, 0, 0], "uv": [60, 90]},
						{"origin": [-1.94853, 16.3886, 13.16022], "size": [3.57197, 5.85381, 20.46771], "inflate": -0.397, "uv": [0, 93]},
						{"origin": [-1.94853, 9.60877, 30.87044], "size": [3.57197, 10.20381, 3.24271], "inflate": -0.398, "pivot": [-0.16255, 14.71068, 32.49179], "rotation": [6, 0, 0], "uv": [188, 164]}
					]
				},
				{
					"name": "action",
					"parent": "gun",
					"pivot": [-2.36683, 25.06711, -20.91618],
					"cubes": [
						{"origin": [-2.15806, 24.17277, -29.60911], "size": [1.34097, 1.85381, 18.91771], "inflate": -0.4, "pivot": [-1.18574, 24.74248, -19.97526], "rotation": [0, 0, 49.25], "uv": [118, 131]},
						{"origin": [-2.08306, 24.04777, -29.60911], "size": [1.29097, 1.40381, 18.91771], "inflate": -0.4, "uv": [0, 139]},
						{"origin": [-2.78306, 24.24777, -28.10911], "size": [1.99097, 1.50381, 1.61771], "inflate": -0.4, "uv": [178, 212]},
						{"origin": [-3.78306, 24.24777, -27.50911], "size": [1.81597, 1.80381, 1.01771], "inflate": -0.4, "uv": [182, 212]},
						{"origin": [-4.15806, 24.24777, -27.68411], "size": [2.16597, 1.80381, 1.01771], "inflate": -0.4, "pivot": [-2.87508, 25.14967, -27.30026], "rotation": [0, 4.5, 0], "uv": [210, 126]},
						{"origin": [-4.93306, 24.24777, -27.63411], "size": [2.01597, 1.80381, 1.01771], "inflate": -0.4, "pivot": [-3.87508, 25.04967, -27.12526], "rotation": [0, -12.5, 0], "uv": [210, 128]}
					]
				},
				{
					"name": "sight",
					"parent": "gun",
					"pivot": [-1.3, 0.1, 0],
					"cubes": [
						{"origin": [-1.9518, 25.85496, -5.0707], "size": [2, 2.47881, 2], "inflate": -0.4, "pivot": [-0.8743, 27.15263, -4.04752], "rotation": [0, 45, -46], "uv": [200, 164]},
						{"origin": [-0.12424, 27.0926, -4.65911], "size": [1.175, 1.42881, 1.3], "inflate": -0.401, "pivot": [-0.8743, 27.15263, -4.04752], "rotation": [0, 0, 0], "uv": [186, 212]},
						{"origin": [-0.59924, 27.0676, -4.65911], "size": [1.3, 1.05381, 1.3], "inflate": -0.4, "pivot": [-1.2243, 27.15263, -4.04752], "rotation": [0, 0, 0], "uv": [212, 188]},
						{"origin": [-0.92424, 27.0926, -4.65911], "size": [1.175, 1.42881, 1.3], "inflate": -0.401, "pivot": [-1.7993, 27.15263, -4.04752], "rotation": [0, 0, 0], "uv": [190, 212]},
						{"origin": [-0.86827, 25.88822, -4.71252], "size": [2.075, 1.90381, 1.125], "inflate": -0.4, "pivot": [-0.8743, 27.15263, -4.04752], "rotation": [0, 72, -46], "uv": [210, 130]},
						{"origin": [-0.74339, 27.38253, -4.71252], "size": [2.05, 1.70381, 1.125], "inflate": -0.399, "pivot": [-0.8743, 27.15263, -4.04752], "rotation": [65.69171, 41.35018, 27.38415], "uv": [210, 141]},
						{"origin": [-0.88259, 25.88822, -4.46347], "size": [2.075, 1.90381, 1.125], "inflate": -0.4, "pivot": [-0.8743, 27.15263, -4.04752], "rotation": [0, -72, -46], "uv": [210, 143]},
						{"origin": [-0.75334, 27.37224, -4.46347], "size": [2.05, 1.70381, 1.125], "inflate": -0.399, "pivot": [-0.8743, 27.15263, -4.04752], "rotation": [-65.69171, -41.35018, 27.38415], "uv": [210, 145]},
						{"origin": [-1.02048, 25.88822, -4.6985], "size": [2.075, 1.90381, 1.125], "inflate": -0.4, "pivot": [-0.8743, 27.15263, -4.04752], "rotation": [-180, 36, 134], "uv": [210, 147]},
						{"origin": [-0.84913, 27.27305, -4.6985], "size": [2.05, 1.70381, 1.125], "inflate": -0.399, "pivot": [-0.8743, 27.15263, -4.04752], "rotation": [152.40704, 24.09871, 81.99904], "uv": [150, 210]},
						{"origin": [-1.00183, 25.88822, -4.58976], "size": [2.075, 1.90381, 1.125], "inflate": -0.4, "pivot": [-0.8743, 27.15263, -4.04752], "rotation": [-180, -36, 134], "uv": [200, 210]},
						{"origin": [-0.83617, 27.28647, -4.58976], "size": [2.05, 1.70381, 1.125], "inflate": -0.399, "pivot": [-0.8743, 27.15263, -4.04752], "rotation": [-152.40704, -24.09871, 81.99904], "uv": [210, 201]},
						{"origin": [-1.23658, 26.16322, -4.65911], "size": [1.65, 1.62881, 1.3], "inflate": -0.399, "pivot": [-0.8743, 27.15263, -4.04752], "rotation": [0, 0, -46], "uv": [212, 190]},
						{"origin": [-1.23658, 25.88822, -4.65911], "size": [2.075, 1.22881, 1.3], "inflate": -0.4, "pivot": [-0.8743, 27.15263, -4.04752], "rotation": [0, 0, -46], "uv": [206, 210]}
					]
				},
				{
					"name": "magazine",
					"parent": "gun",
					"pivot": [-3.40793, 8.63994, -16.46339],
					"rotation": [0, 0, 15],
					"cubes": [
						{"origin": [-5.10793, 8.5404, -17.34633], "size": [3.4, 10.5, 6.8], "inflate": -0.401, "pivot": [-2.82045, 10.89664, -5.51659], "rotation": [-10.75, 0, 0], "uv": [114, 177]},
						{"origin": [-4.70793, 0.95542, -18.74194], "size": [2.6, 7.575, 6.95], "inflate": -0.4, "pivot": [-2.82045, 10.89664, -5.51659], "rotation": [-20.75, 0, 0], "uv": [182, 151]},
						{"origin": [-5.10793, 0.8394, -16.9186], "size": [3.4, 7.575, 6.8], "inflate": -0.4, "pivot": [-2.82045, 10.89664, -5.51659], "rotation": [-20.75, 0, 0], "uv": [100, 151]},
						{"origin": [-4.70793, -8.02297, -17.01159], "size": [2.6, 9.125, 6.95], "inflate": -0.399, "pivot": [-2.82045, 10.89664, -5.51659], "rotation": [-30.75, 0, 0], "uv": [74, 178]},
						{"origin": [-5.10793, -8.18526, -15.1639], "size": [3.4, 9.125, 6.8], "inflate": -0.399, "pivot": [-2.82045, 10.89664, -5.51659], "rotation": [-30.75, 0, 0], "uv": [56, 178]},
						{"origin": [-4.70793, 8.60661, -19.15372], "size": [2.6, 10.5, 5.975], "inflate": -0.401, "pivot": [-2.82045, 10.89664, -5.51659], "rotation": [-10.75, 0, 0], "uv": [46, 93]}
					]
				},
				{
					"name": "muzzleflash",
					"parent": "main",
					"pivot": [-0.03778, 24.70452, -58.56387],
					"cubes": [
						{"origin": [-0.46685, 22.62412, -85.55572], "size": [1.0163, 1.0163, 1.0163], "inflate": -0.4, "uv": [212, 192]}
					]
				},
				{
					"name": "scope",
					"parent": "main",
					"pivot": [-0.2, 33.57282, 5.83713],
					"cubes": [
						{"origin": [-0.4413, 27.425, 3.1], "size": [1.0163, 1.0163, 1.0163], "inflate": -0.4, "uv": [194, 212]}
					]
				},
				{
					"name": "rightarm",
					"parent": "main",
					"pivot": [-4.3, 8.8, 21.8],
					"rotation": [-101.81106, -12.40003, -2.46982],
					"cubes": [
						{"origin": [-8.3, -15.2, 17.8], "size": [8, 24, 8], "uv": [112, 47]}
					]
				},
				{
					"name": "leftarm",
					"parent": "main",
					"pivot": [10.7, 7.4, -16.7],
					"rotation": [-131.49345, -3.84346, -37.7519],
					"cubes": [
						{"origin": [6.7, -16.6, -20.7], "size": [8, 24, 8], "uv": [46, 115]}
					]
				},
				{
					"name": "_camera_",
					"pivot": [6.825, 33.725, 26.45]
				}
			]
		}
	]
}