{
	"format_version": "1.12.0",
	"minecraft:geometry": [
		{
			"description": {
				"identifier": "geometry.unknown",
				"texture_width": 256,
				"texture_height": 256,
				"visible_bounds_width": 10,
				"visible_bounds_height": 4,
				"visible_bounds_offset": [0, 1, 0]
			},
			"bones": [
				{
					"name": "bb_main",
					"pivot": [0, 0, 0]
				},
				{
					"name": "main",
					"pivot": [0, 20, 0]
				},
				{
					"name": "gun",
					"parent": "main",
					"pivot": [0, 38, 0],
					"cubes": [
						{"origin": [-2.3872, 16.068, -10.152], "size": [4.7744, 4.12, 10.897], "inflate": -0.4, "uv": [106, 187]},
						{"origin": [-1.7432, 8.892, -10.06], "size": [3.4864, 4.48, 3.353], "inflate": -0.4, "uv": [62, 209]},
						{"origin": [-1.0992, 7.144, -9.14], "size": [2.1984, 3.56, 1.145], "inflate": -0.4, "pivot": [0, 8.924, -8.6135], "rotation": [10, 0, 0], "uv": [220, 152]},
						{"origin": [-1.4672, 11.652, -6.587], "size": [2.9344, 1.076, 7.24], "inflate": -0.4, "uv": [18, 222]},
						{"origin": [-1.4672, 11.652, -7.99], "size": [2.9344, 1.076, 2.295], "inflate": -0.4, "pivot": [0, 12.19, -6.1295], "rotation": [-32.5, 0, 0], "uv": [62, 216]},
						{"origin": [-1.4672, 25.728, -22.94], "size": [1.0944, 1.444, 17.245], "inflate": -0.401, "uv": [38, 191]},
						{"origin": [-1.4672, 28.028, -12.728], "size": [1.0944, 1.858, 7.7], "inflate": -0.4, "pivot": [0.92, 29.302, -14.3175], "rotation": [-16, 0, 0], "uv": [222, 32]},
						{"origin": [-1.4672, 26.372, -19.444], "size": [1.0944, 1.858, 11.104], "inflate": -0.401, "uv": [198, 173]},
						{"origin": [-1.4672, 27.43, -17.075], "size": [1.0944, 1.191, 2.134], "inflate": -0.4, "uv": [136, 222]},
						{"origin": [-1.4672, 26.372, -20.778], "size": [1.0944, 1.191, 2.134], "inflate": -0.4, "uv": [142, 222]},
						{"origin": [-1.4672, 26.372, -15.741], "size": [1.0944, 2.962, 3.813], "inflate": -0.399, "uv": [172, 212]},
						{"origin": [-1.4672, 28.212, -23.216], "size": [1.0944, 1.49, 8.643], "inflate": -0.398, "pivot": [0.92, 27.853, -13.8345], "rotation": [16, 0, 0], "uv": [62, 219]},
						{"origin": [-2.3872, 16.068, -2.608], "size": [4.7744, 4.434, 3.974], "inflate": -0.4, "pivot": [0, 18.676, 0.92], "rotation": [-16, 0, 0], "uv": [222, 40]},
						{"origin": [-2.3872, 15.626, 0.566], "size": [4.7744, 4.876, 5.492], "inflate": -0.403, "pivot": [0, 18.676, 0.92], "rotation": [-16, 0, 0], "uv": [0, 220]},
						{"origin": [-2.3872, 19.388, -50.724], "size": [4.7744, 1.99, 51.377], "inflate": -0.397, "uv": [0, 0]},
						{"origin": [-0.7872, 14.788, -2.524], "size": [1.5744, 2.288, 1.077], "inflate": -0.4, "pivot": [0, 15.432, -1.9855], "rotation": [27.5, 0, 0], "uv": [226, 137]},
						{"origin": [-0.7872, 15.74227, -3.00221], "size": [1.5744, 1.888, 1.777], "inflate": -0.4, "pivot": [0, 16.43627, -2.11371], "rotation": [50, 0, 0], "uv": [226, 186]},
						{"origin": [-0.7872, 13.563, -2.424], "size": [1.5744, 2.113, 1.077], "inflate": -0.4, "uv": [226, 140]},
						{"origin": [-0.7872, 12.113, -2.524], "size": [1.5744, 2.313, 1.077], "inflate": -0.4, "pivot": [0, 13.832, -1.8855], "rotation": [-32.5, 0, 0], "uv": [226, 143]},
						{"origin": [-2.3872, 17.747, 0.52], "size": [4.7744, 2.456, 33.529], "inflate": -0.402, "pivot": [0, 19.159, 16.9165], "rotation": [-1, 0, 0], "uv": [0, 156]},
						{"origin": [-2.3872, 7.719, 28.764], "size": [4.7744, 12.484, 5.469], "inflate": -0.403, "pivot": [0, 19.159, 16.9165], "rotation": [-1, 0, 0], "uv": [204, 43]},
						{"origin": [-2.3872, 16.64446, 27.81197], "size": [4.7744, 2.64, 2.617], "inflate": -0.404, "pivot": [0, 17.96446, 29.12047], "rotation": [45, 0, 0], "uv": [148, 47]},
						{"origin": [-2.3872, 6.59346, 27.69697], "size": [4.7744, 2.64, 2.617], "inflate": -0.404, "pivot": [0, 7.91346, 29.00547], "rotation": [45, 0, 0], "uv": [160, 47]},
						{"origin": [-2.3872, 5.879, 6.316], "size": [4.7744, 2.64, 27.733], "inflate": -0.402, "pivot": [0, 7.291, 16.9165], "rotation": [-1, 0, 0], "uv": [136, 156]},
						{"origin": [-2.3872, 6.06877, 3.8407], "size": [4.7744, 3.74, 5.193], "inflate": -0.404, "pivot": [0, 8.48877, 6.4372], "rotation": [-43.5, 0, 0], "uv": [223, 24]},
						{"origin": [-2.3872, 16.92077, 3.3807], "size": [4.7744, 2.64, 4.549], "inflate": -0.404, "pivot": [0, 18.24077, 5.3332], "rotation": [-145, 0, 0], "uv": [110, 47]},
						{"origin": [-2.3872, 4.47465, -0.12934], "size": [4.7744, 13.128, 5.837], "inflate": -0.402, "pivot": [0, 11.17665, 2.78916], "rotation": [9, 0, 0], "uv": [204, 25]},
						{"origin": [-2.3872, 4.35548, 0.87242], "size": [4.7744, 1.973, 7.677], "inflate": -0.403, "pivot": [0, 5.26148, 4.82592], "rotation": [21.75, 0, 0], "uv": [192, 217]},
						{"origin": [-1.4672, 21.197, -5.713], "size": [1.0944, 5.055, 1.582], "inflate": -0.4, "pivot": [0.92, 23.092, -5.7155], "rotation": [12.5, 0, 0], "uv": [126, 214]},
						{"origin": [-1.1912, 21.933, -5.713], "size": [2.3824, 4.319, 1.034], "inflate": -0.4, "pivot": [1.219, 23.092, -5.7155], "rotation": [12.5, 0, 0], "uv": [130, 207]},
						{"origin": [-0.2712, 25.981, -14.018], "size": [1.4624, 1.559, 1.009], "inflate": -0.4, "uv": [224, 103]},
						{"origin": [-1.1912, 25.981, -14.018], "size": [1.4624, 1.559, 1.009], "inflate": -0.4, "uv": [226, 182]},
						{"origin": [-0.5472, 25.981, -14.018], "size": [1.0944, 1.283, 1.009], "inflate": -0.4, "uv": [226, 184]},
						{"origin": [0.3728, 26.372, -20.778], "size": [1.0944, 1.191, 2.134], "inflate": -0.4, "uv": [222, 176]},
						{"origin": [0.3728, 27.43, -17.075], "size": [1.0944, 1.191, 2.134], "inflate": -0.4, "uv": [222, 173]},
						{"origin": [0.3728, 26.372, -19.444], "size": [1.0944, 1.858, 11.204], "inflate": -0.401, "uv": [204, 13]},
						{"origin": [0.3728, 28.212, -23.216], "size": [1.0944, 1.49, 8.643], "inflate": -0.398, "pivot": [-0.92, 27.853, -13.8345], "rotation": [16, 0, 0], "uv": [80, 219]},
						{"origin": [0.3728, 26.372, -15.741], "size": [1.0944, 2.962, 3.813], "inflate": -0.399, "uv": [180, 212]},
						{"origin": [0.3728, 25.11658, -24.5441], "size": [1.0944, 2.019, 1.582], "inflate": -0.4, "pivot": [-0.92, 25.28698, -23.44627], "rotation": [-47, 0, 0], "uv": [122, 226]},
						{"origin": [0.3728, 21.28837, -24.30923], "size": [1.0944, 4.986, 1.513], "inflate": -0.4, "pivot": [-0.92, 25.28698, -23.44627], "rotation": [-14.5, 0, 0], "uv": [148, 222]},
						{"origin": [0.3728, 28.028, -12.728], "size": [1.0944, 1.858, 7.7], "inflate": -0.4, "pivot": [-0.92, 29.302, -14.3175], "rotation": [-16, 0, 0], "uv": [36, 222]},
						{"origin": [0.3728, 25.36377, -6.5861], "size": [1.0944, 1.927, 1.582], "inflate": -0.402, "pivot": [-0.92, 26.37327, -5.7951], "rotation": [30, 0, 0], "uv": [224, 89]},
						{"origin": [0.3728, 25.728, -22.94], "size": [1.0944, 1.444, 17.245], "inflate": -0.401, "uv": [200, 105]},
						{"origin": [0.3728, 25.20903, -6.40836], "size": [1.0944, 2.019, 1.582], "inflate": -0.401, "pivot": [-0.92, 25.80453, -5.61736], "rotation": [45, 0, 0], "uv": [118, 226]},
						{"origin": [0.3728, 21.197, -5.713], "size": [1.0944, 5.055, 1.582], "inflate": -0.4, "pivot": [-0.92, 23.092, -5.7155], "rotation": [12.5, 0, 0], "uv": [58, 222]},
						{"origin": [-1.4672, 25.11658, -24.5441], "size": [1.0944, 2.019, 1.582], "inflate": -0.4, "pivot": [0.92, 25.28698, -23.44627], "rotation": [-47, 0, 0], "uv": [114, 226]},
						{"origin": [-1.4672, 21.28837, -24.30923], "size": [1.0944, 4.986, 1.513], "inflate": -0.4, "pivot": [0.92, 25.28698, -23.44627], "rotation": [-14.5, 0, 0], "uv": [132, 222]},
						{"origin": [-1.4672, 25.20903, -6.40836], "size": [1.0944, 2.019, 1.582], "inflate": -0.402, "pivot": [0.92, 25.80453, -5.61736], "rotation": [45, 0, 0], "uv": [110, 226]},
						{"origin": [-1.1912, 21.28837, -23.83023], "size": [2.3594, 4.986, 1.034], "inflate": -0.4, "pivot": [1.219, 25.28698, -23.44627], "rotation": [-14.5, 0, 0], "uv": [222, 65]},
						{"origin": [-1.1912, 25.41558, -24.1071], "size": [2.3594, 1.628, 1.145], "inflate": -0.4, "pivot": [1.219, 25.28698, -23.44627], "rotation": [-47, 0, 0], "uv": [222, 75]},
						{"origin": [-1.1682, 25.728, -23.032], "size": [2.3824, 1.076, 17.199], "inflate": -0.4, "uv": [0, 191]},
						{"origin": [-1.1912, 25.57703, -6.40836], "size": [2.4054, 1.49, 1.191], "inflate": -0.4, "pivot": [1.219, 25.80453, -5.61736], "rotation": [45, 0, 0], "uv": [194, 51]},
						{"origin": [-1.4672, 25.36377, -6.5861], "size": [1.0944, 1.927, 1.582], "inflate": -0.401, "pivot": [0.92, 26.37327, -5.7951], "rotation": [30, 0, 0], "uv": [126, 220]},
						{"origin": [-2.3872, 15.792, -50.724], "size": [4.7744, 5.584, 1.778], "inflate": -0.4, "uv": [126, 47]},
						{"origin": [-1.021, 20.576, -50.724], "size": [2.0466, 2.4606, 29.159], "inflate": -0.4, "uv": [74, 156]},
						{"origin": [-0.078, 20.576, -22.365], "size": [1.1036, 2.4606, 11.841], "inflate": -0.4, "uv": [106, 201]},
						{"origin": [-1.021, 20.576, -22.365], "size": [1.1036, 2.4606, 11.841], "inflate": -0.4, "uv": [204, 0]},
						{"origin": [-1.021, 20.576, -11.324], "size": [2.0466, 2.4606, 9.999], "inflate": -0.4, "uv": [0, 209]},
						{"origin": [-1.57235, 19.98576, -50.724], "size": [1.9178, 2.64, 49.399], "inflate": -0.4, "pivot": [-0.94277, 21.6226, -13.51366], "rotation": [0, 0, -38.5], "uv": [0, 105]},
						{"origin": [-1.63708, 19.90291, -2.12689], "size": [1.1818, 2.64, 1.329], "inflate": -0.4, "pivot": [-0.94277, 21.6226, -13.51366], "rotation": [0.39401, 0.30783, -38.49894], "uv": [222, 211]},
						{"origin": [-1.73708, 19.89491, -1.74389], "size": [1.1288, 2.748, 1.23], "inflate": -0.5, "pivot": [-0.94277, 21.6226, -13.51366], "rotation": [0.39401, 0.30783, -38.49894], "uv": [224, 86]},
						{"origin": [8.02703, 19.90291, -7.64646], "size": [1.4578, 2.64, 1.697], "inflate": -0.4, "pivot": [-0.94277, 21.6226, -13.51366], "rotation": [0.66539, -53.69032, -39.03726], "uv": [70, 216]},
						{"origin": [8.44103, 19.90291, -6.74946], "size": [1.0438, 2.64, 1.122], "inflate": -0.4, "pivot": [-0.94277, 21.6226, -13.51366], "rotation": [0.66539, -53.69032, -39.03726], "uv": [222, 214]},
						{"origin": [-0.34545, 19.98576, -50.724], "size": [1.9178, 2.64, 49.399], "inflate": -0.399, "pivot": [0.94277, 21.6226, -13.51366], "rotation": [0, 0, 38.5], "uv": [100, 105]},
						{"origin": [-0.01875, 19.69234, -50.724], "size": [1.8948, 2.433, 50.204], "inflate": -0.4, "pivot": [1.1224, 20.93184, -12.92025], "rotation": [0, 0, 63], "uv": [102, 53]},
						{"origin": [0.42175, 19.68771, -1.72519], "size": [1.5958, 2.433, 1.582], "inflate": -0.4, "pivot": [1.12476, 20.92721, -0.54289], "rotation": [0.46808, 43.33078, 63.32319], "uv": [106, 226]},
						{"origin": [0.50742, 19.68771, -1.297], "size": [1.3658, 2.433, 1.375], "inflate": -0.4, "pivot": [1.12476, 20.92721, -0.54289], "rotation": [0.34051, -0.66825, 62.99801], "uv": [208, 225]},
						{"origin": [0.42175, 19.68771, -0.94319], "size": [1.2048, 2.433, 1.191], "inflate": -0.4, "pivot": [1.12476, 20.92721, -0.54289], "rotation": [0.46808, 43.33078, 63.32319], "uv": [204, 225]},
						{"origin": [0.84442, 19.67971, -0.546], "size": [1.1288, 2.541, 1.161], "inflate": -0.5, "pivot": [1.12476, 20.92721, -0.54289], "rotation": [0.34051, -0.66825, 62.99801], "uv": [200, 225]},
						{"origin": [0.68342, 19.67971, -0.845], "size": [1.2898, 2.541, 1.299], "inflate": -0.5, "pivot": [1.12476, 20.92721, -0.54289], "rotation": [0.34051, -0.66825, 62.99801], "uv": [196, 225]},
						{"origin": [0.32175, 19.67971, -0.33019], "size": [1.0368, 2.541, 1.069], "inflate": -0.5, "pivot": [1.12476, 20.92721, -0.54289], "rotation": [0.46808, 43.33078, 63.32319], "uv": [192, 225]},
						{"origin": [0.91342, 19.67971, -0.385], "size": [1.0598, 2.541, 1.0828], "inflate": -0.5, "pivot": [1.12476, 20.92721, -0.54289], "rotation": [0.34051, -0.66825, 62.99801], "uv": [144, 225]},
						{"origin": [0.32175, 19.67971, -0.65219], "size": [1.1058, 2.541, 1.322], "inflate": -0.5, "pivot": [1.12476, 20.92721, -0.54289], "rotation": [0.46808, 43.33078, 63.32319], "uv": [140, 225]},
						{"origin": [-9.58483, 21.48191, -6.52746], "size": [1.0828, 1.161, 1.115], "inflate": -0.5, "pivot": [0.94277, 21.6226, -13.51366], "rotation": [0.66539, 53.69032, 39.03726], "uv": [18, 220]},
						{"origin": [0.60828, 19.89491, -1.74389], "size": [1.1288, 2.748, 1.23], "inflate": -0.5, "pivot": [0.94277, 21.6226, -13.51366], "rotation": [0.39401, -0.30783, 38.49894], "uv": [136, 225]},
						{"origin": [0.45528, 19.90291, -2.12689], "size": [1.1818, 2.64, 1.329], "inflate": -0.4, "pivot": [0.94277, 21.6226, -13.51366], "rotation": [0.39401, -0.30783, 38.49894], "uv": [102, 225]},
						{"origin": [-9.48483, 19.90291, -7.64646], "size": [1.4578, 2.64, 1.697], "inflate": -0.4, "pivot": [0.94277, 21.6226, -13.51366], "rotation": [0.66539, 53.69032, 39.03726], "uv": [98, 225]},
						{"origin": [-9.48483, 19.90291, -6.74946], "size": [1.0438, 2.64, 1.122], "inflate": -0.4, "pivot": [0.94277, 21.6226, -13.51366], "rotation": [0.66539, 53.69032, 39.03726], "uv": [168, 224]},
						{"origin": [8.50203, 21.48191, -6.52746], "size": [1.0828, 1.161, 1.115], "inflate": -0.5, "pivot": [-0.94277, 21.6226, -13.51366], "rotation": [0.66539, -53.69032, -39.03726], "uv": [200, 51]},
						{"origin": [-1.87605, 19.69234, -50.724], "size": [1.8948, 2.433, 50.204], "inflate": -0.4, "pivot": [-1.1224, 20.93184, -12.92025], "rotation": [0, 0, -63], "uv": [0, 53]},
						{"origin": [-1.87322, 19.68771, -1.297], "size": [1.3658, 2.433, 1.375], "inflate": -0.4, "pivot": [-1.12476, 20.92721, -0.54289], "rotation": [0.34051, 0.66825, -62.99801], "uv": [224, 80]},
						{"origin": [-1.97322, 19.67971, -0.845], "size": [1.2898, 2.541, 1.299], "inflate": -0.5, "pivot": [-1.12476, 20.92721, -0.54289], "rotation": [0.34051, 0.66825, -62.99801], "uv": [224, 100]},
						{"origin": [-1.97322, 19.67971, -0.546], "size": [1.1288, 2.541, 1.161], "inflate": -0.5, "pivot": [-1.12476, 20.92721, -0.54289], "rotation": [0.34051, 0.66825, -62.99801], "uv": [152, 224]},
						{"origin": [-1.97322, 19.67971, -0.385], "size": [1.0598, 2.541, 1.0828], "inflate": -0.5, "pivot": [-1.12476, 20.92721, -0.54289], "rotation": [0.34051, 0.66825, -62.99801], "uv": [160, 224]},
						{"origin": [-2.01755, 19.68771, -1.72519], "size": [1.5958, 2.433, 1.582], "inflate": -0.4, "pivot": [-1.12476, 20.92721, -0.54289], "rotation": [0.46808, -43.33078, -63.32319], "uv": [224, 77]},
						{"origin": [-1.62655, 19.68771, -0.94319], "size": [1.2048, 2.433, 1.191], "inflate": -0.4, "pivot": [-1.12476, 20.92721, -0.54289], "rotation": [0.46808, -43.33078, -63.32319], "uv": [224, 83]},
						{"origin": [-1.42755, 19.67971, -0.65219], "size": [1.1058, 2.541, 1.322], "inflate": -0.5, "pivot": [-1.12476, 20.92721, -0.54289], "rotation": [0.46808, -43.33078, -63.32319], "uv": [156, 224]},
						{"origin": [-1.35855, 19.67971, -0.33019], "size": [1.0368, 2.541, 1.069], "inflate": -0.5, "pivot": [-1.12476, 20.92721, -0.54289], "rotation": [0.46808, -43.33078, -63.32319], "uv": [164, 224]},
						{"origin": [-1.0026, 19.909, -2.815], "size": [2.0282, 2.456, 3.376], "inflate": -0.4, "pivot": [0, 21.344, -1.15], "rotation": [-40, 0, 0], "uv": [172, 47]},
						{"origin": [-2.3826, 19.909, -0.239], "size": [4.7652, 2.4652, 2.249], "inflate": -0.397, "pivot": [0, 21.344, -1.15], "rotation": [-40, 0, 0], "uv": [136, 47]},
						{"origin": [-2.1066, 19.47695, -1.53594], "size": [3.0172, 2.4652, 2.387], "inflate": -0.398, "pivot": [0.0115, 20.70495, -0.71044], "rotation": [-41.42137, -13.69308, 11.7969], "uv": [182, 47]},
						{"origin": [-0.2436, 19.47695, -2.29494], "size": [2.3962, 2.4652, 2.203], "inflate": -0.401, "pivot": [-0.0115, 20.70495, -0.71044], "rotation": [-47.19518, 28.82182, -27.49784], "uv": [216, 100]},
						{"origin": [-0.9106, 19.47695, -1.53594], "size": [3.0172, 2.4652, 2.387], "inflate": -0.399, "pivot": [-0.0115, 20.70495, -0.71044], "rotation": [-41.42137, 13.69308, -11.7969], "uv": [192, 47]},
						{"origin": [-2.1526, 19.47695, -2.29494], "size": [2.3962, 2.4652, 2.203], "inflate": -0.4, "pivot": [0.0115, 20.70495, -0.71044], "rotation": [-47.19518, -28.82182, 27.49784], "uv": [212, 152]},
						{"origin": [-2.3872, 17.816, -43.444], "size": [4.7744, 2.372, 13.024], "inflate": -0.4, "uv": [199, 122]},
						{"origin": [-2.3872, 12.848, -50.632], "size": [4.7744, 4.99, 43.948], "inflate": -0.399, "pivot": [0, 15.548, -12.926], "rotation": [-4.5, 0, 0], "uv": [110, 0]},
						{"origin": [-2.5872, 13.148, -16.982], "size": [5.1744, 1.425, 1.4], "inflate": -0.4, "pivot": [0, 15.748, -13.076], "rotation": [-22.5, 0, 0], "uv": [136, 51]},
						{"origin": [-2.5872, 14.048, -18.982], "size": [5.1744, 1.425, 1.4], "inflate": -0.4, "pivot": [0, 16.648, -15.076], "rotation": [-22.5, 0, 0], "uv": [148, 51]},
						{"origin": [-2.5872, 12.648, -18.982], "size": [5.1744, 1.425, 1.4], "inflate": -0.4, "pivot": [0, 15.248, -15.076], "rotation": [-22.5, 0, 0], "uv": [160, 51]},
						{"origin": [-2.5872, 15.148, -47.382], "size": [5.1744, 1.425, 1.4], "inflate": -0.4, "pivot": [0, 17.748, -43.476], "rotation": [-22.5, 0, 0], "uv": [182, 51]},
						{"origin": [-2.5872, 17.048, -48.082], "size": [5.1744, 1.425, 1.4], "inflate": -0.4, "pivot": [0, 19.648, -44.176], "rotation": [-22.5, 0, 0], "uv": [200, 150]},
						{"origin": [-2.5872, 15.048, -49.482], "size": [5.1744, 1.425, 1.4], "inflate": -0.4, "pivot": [0, 17.648, -45.576], "rotation": [-22.5, 0, 0], "uv": [200, 152]},
						{"origin": [-2.5872, 17.248, -5.982], "size": [5.1744, 1.425, 1.4], "inflate": -0.4, "pivot": [0, 19.848, -2.076], "rotation": [-22.5, 0, 0], "uv": [200, 154]},
						{"origin": [-2.5872, 16.248, -5.907], "size": [5.1744, 1.425, 1.4], "inflate": -0.4, "pivot": [0, 18.848, -2.001], "rotation": [-22.5, 0, 0], "uv": [204, 100]},
						{"origin": [-2.5872, 16.498, -2.482], "size": [5.1744, 1.425, 1.4], "inflate": -0.4, "pivot": [0, 19.098, 1.424], "rotation": [-22.5, 0, 0], "uv": [204, 102]},
						{"origin": [-2.5872, 17.298, -1.082], "size": [5.1744, 1.425, 1.4], "inflate": -0.4, "pivot": [0, 19.898, 2.824], "rotation": [-22.5, 0, 0], "uv": [212, 150]},
						{"origin": [-1.4672, 12.848, -7.484], "size": [2.9344, 4.94, 1.076], "inflate": -0.4, "pivot": [0, 15.548, -12.926], "rotation": [-4.5, 0, 0], "uv": [126, 222]},
						{"origin": [-0.8232, 22.232, -50.172], "size": [1.6464, 4.572, 1.168], "inflate": -0.4, "uv": [222, 179]},
						{"origin": [-0.8232, 23.428, -49.804], "size": [1.6464, 3.376, 2.318], "inflate": -0.4, "uv": [222, 70]},
						{"origin": [-0.5368, 24.248, -49.168], "size": [1.092, 3.392, 1.092], "inflate": -0.5, "pivot": [0.0552, 25.944, -48.668], "rotation": [0, -22.5, 0], "uv": [222, 207]},
						{"origin": [-1.1682, 26.257, -50.172], "size": [1.0024, 1.467, 2.686], "inflate": -0.4, "uv": [222, 189]},
						{"origin": [-0.9842, 25.797, -50.172], "size": [1.0024, 1.421, 2.686], "inflate": -0.4, "pivot": [-0.483, 26.519, -48.553], "rotation": [0, 0, -45.25], "uv": [222, 192]},
						{"origin": [-0.9842, 26.763, -50.172], "size": [1.0024, 1.283, 2.686], "inflate": -0.4, "pivot": [-0.483, 27.462, -48.553], "rotation": [0, 0, 45.25], "uv": [222, 195]},
						{"origin": [0.1658, 26.257, -50.172], "size": [1.0024, 1.467, 2.686], "inflate": -0.4, "uv": [222, 204]},
						{"origin": [-0.0182, 25.797, -50.172], "size": [1.0024, 1.421, 2.686], "inflate": -0.4, "pivot": [0.483, 26.519, -48.553], "rotation": [0, 0, 45.25], "uv": [222, 201]},
						{"origin": [-0.0182, 26.763, -50.172], "size": [1.0024, 1.283, 2.686], "inflate": -0.4, "pivot": [0.483, 27.462, -48.553], "rotation": [0, 0, -45.25], "uv": [222, 198]},
						{"origin": [-0.8232, 22.048, -48.424], "size": [1.6464, 4.71, 1.375], "inflate": -0.399, "pivot": [0, 24.426, -47.794], "rotation": [12.5, 0, 0], "uv": [222, 184]},
						{"origin": [-2.3872, 16.988, -32.232], "size": [4.7744, 2.916, 15.52], "inflate": -0.398, "pivot": [0, 15.548, -12.926], "rotation": [-4.5, 0, 0], "uv": [198, 156]},
						{"origin": [-1.4672, 16.988, -17.512], "size": [3.8544, 2.732, 8.068], "inflate": -0.4, "pivot": [0, 15.548, -12.926], "rotation": [-4.5, 0, 0], "uv": [130, 212]},
						{"origin": [-2.3872, 18.92, -18.064], "size": [4.7744, 1.812, 8.528], "inflate": -0.4, "pivot": [0, 15.548, -12.926], "rotation": [-4.5, 0, 0], "uv": [204, 91]}
					]
				},
				{
					"name": "action",
					"parent": "gun",
					"pivot": [-1.65, 18.49952, -2.09217],
					"cubes": [
						{"origin": [-2.1872, 16.988, -17.532], "size": [1.0744, 2.916, 8.42], "inflate": -0.4, "pivot": [0, 15.548, -12.526], "rotation": [-4.5, 0, 0], "uv": [214, 217]}
					]
				},
				{
					"name": "action2",
					"parent": "gun",
					"pivot": [0, 23.48178, -20.42453],
					"cubes": [
						{"origin": [-0.6872, 22.524, -21.953], "size": [1.3744, 2.413, 1.077], "inflate": -0.398, "pivot": [0, 23.90959, -21.21283], "rotation": [22.5, 0, 0], "uv": [226, 146]},
						{"origin": [-0.6872, 22.54469, -21.84549], "size": [1.3744, 2.413, 1.077], "inflate": -0.4, "pivot": [0, 23.90959, -21.21283], "rotation": [30.5, 0, 0], "uv": [226, 152]},
						{"origin": [-0.6872, 22.48311, -22.06916], "size": [1.3744, 2.413, 1.077], "inflate": -0.4, "pivot": [0, 23.90959, -21.21283], "rotation": [13.5, 0, 0], "uv": [226, 179]},
						{"origin": [-0.6872, 23.84687, -22.22891], "size": [1.3744, 2.313, 1.077], "inflate": -0.4, "pivot": [0, 23.90959, -21.21283], "rotation": [-10, 0, 0], "uv": [226, 149]},
						{"origin": [-0.6872, 21.599, -22.178], "size": [1.3744, 1.613, 1.577], "inflate": -0.399, "pivot": [0, 23.73459, -21.63783], "rotation": [22.5, 0, 0], "uv": [226, 207]},
						{"origin": [-0.6872, 21.599, -22.178], "size": [1.3744, 1.213, 12.077], "inflate": -0.4, "uv": [200, 137]}
					]
				},
				{
					"name": "action3",
					"parent": "gun",
					"pivot": [-0.01435, 18.49115, -49.4855],
					"cubes": [
						{"origin": [-1.0378, 17.888, -62.324], "size": [2.2, 2.2, 25.677], "inflate": -0.4, "pivot": [-1.225, 18.932, -62.4355], "rotation": [0, 0, 22.5], "uv": [136, 185]}
					]
				},
				{
					"name": "magazine",
					"parent": "gun",
					"pivot": [0.02652, 5.04464, -19.89978],
					"cubes": [
						{"origin": [-1.80078, -6.92567, -28.77999], "size": [3.66157, 5.32, 7.697], "inflate": -0.395, "pivot": [0.03, -4.26567, -26.23149], "rotation": [-56, 0, 0], "uv": [152, 212]},
						{"origin": [-1.36878, 4.65589, -21.28163], "size": [2.79757, 5.32, 1.797], "inflate": -0.398, "pivot": [0.03, 4.7356, -18.59455], "rotation": [-27, 0, 0], "uv": [52, 222]},
						{"origin": [-1.80078, 7.76775, -16.89878], "size": [3.66157, 5.32, 7.697], "inflate": -0.399, "pivot": [0.03, 12.71992, -15.20399], "rotation": [-19.5, 0, 0], "uv": [172, 217]},
						{"origin": [-1.36878, 7.76775, -17.89878], "size": [2.79757, 5.495, 1.797], "inflate": -0.399, "pivot": [0.03, 12.71992, -15.20399], "rotation": [-19.5, 0, 0], "uv": [222, 59]},
						{"origin": [-1.80078, 11.33347, -16.88978], "size": [3.66157, 6.645, 7.597], "inflate": -0.4, "pivot": [0.03, 12.71992, -15.20399], "rotation": [-9.5, 0, 0], "uv": [42, 209]},
						{"origin": [-1.36878, 12.65847, -17.88978], "size": [2.79757, 5.32, 1.797], "inflate": -0.4, "pivot": [0.03, 12.71992, -15.20399], "rotation": [-9.5, 0, 0], "uv": [222, 53]},
						{"origin": [-1.80078, 3.33089, -20.28163], "size": [3.66157, 6.645, 7.597], "inflate": -0.398, "pivot": [0.03, 4.7356, -18.59455], "rotation": [-27, 0, 0], "uv": [22, 209]},
						{"origin": [-1.36878, -0.23478, -21.28744], "size": [2.79757, 5.495, 1.797], "inflate": -0.397, "pivot": [0.03, 4.7356, -18.59455], "rotation": [-37, 0, 0], "uv": [222, 47]},
						{"origin": [-1.80078, -0.23478, -20.28744], "size": [3.66157, 5.32, 7.697], "inflate": -0.397, "pivot": [0.03, 4.7356, -18.59455], "rotation": [-37, 0, 0], "uv": [106, 214]},
						{"origin": [-1.36878, -3.26607, -25.68244], "size": [2.79757, 5.32, 1.797], "inflate": -0.396, "pivot": [0.03, -0.60607, -22.80894], "rotation": [-46, 0, 0], "uv": [98, 219]},
						{"origin": [-1.80078, -4.59107, -24.68244], "size": [3.66157, 7.545, 7.597], "inflate": -0.396, "pivot": [0.03, -0.60607, -22.80894], "rotation": [-46, 0, 0], "uv": [204, 77]},
						{"origin": [-1.36878, -6.92567, -29.77999], "size": [2.79757, 5.495, 1.797], "inflate": -0.395, "pivot": [0.03, -4.26567, -26.23149], "rotation": [-56, 0, 0], "uv": [130, 201]}
					]
				},
				{
					"name": "rightarm",
					"parent": "main",
					"pivot": [-4.3, 8.8, 21.8],
					"rotation": [-101.81106, -12.40003, -2.46982],
					"cubes": [
						{"origin": [-8.3, -15.2, 17.8], "size": [8, 24, 8], "uv": [74, 187]}
					]
				},
				{
					"name": "leftarm",
					"parent": "main",
					"pivot": [9.7, 1.4, -16.7],
					"rotation": [-131.49345, -3.84346, -37.7519],
					"cubes": [
						{"origin": [5.7, -22.6, -20.7], "size": [8, 24, 8], "uv": [190, 185]}
					]
				},
				{
					"name": "scope",
					"parent": "main",
					"pivot": [0, 27, 2.75],
					"cubes": [
						{"origin": [-0.5, 26.5, 2.45], "size": [1, 1, 1], "inflate": -0.4, "uv": [226, 209]}
					]
				},
				{
					"name": "muzzleflash",
					"parent": "main",
					"pivot": [0, 18.475, -75.55],
					"cubes": [
						{"origin": [-0.5, 17.975, -62.85], "size": [1, 1, 1], "inflate": -0.4, "uv": [226, 211]}
					]
				},
				{
					"name": "_camera_",
					"pivot": [6.825, 33.725, 26.45]
				}
			]
		}
	]
}