{
	"format_version": "1.12.0",
	"minecraft:geometry": [
		{
			"description": {
				"identifier": "geometry.unknown",
				"texture_width": 256,
				"texture_height": 256,
				"visible_bounds_width": 8,
				"visible_bounds_height": 6,
				"visible_bounds_offset": [0, 1, 0]
			},
			"bones": [
				{
					"name": "main",
					"pivot": [0, 23, 17]
				},
				{
					"name": "tkb022",
					"parent": "main",
					"pivot": [0, 0, 0]
				},
				{
					"name": "action",
					"parent": "tkb022",
					"pivot": [-1.08, -3, 0],
					"cubes": [
						{"origin": [-1.48, 21.9, -7.5], "size": [2.36, 1.9, 14.725], "inflate": -0.4, "uv": [36, 101]},
						{"origin": [-4.2, 21.9, -7.2], "size": [3.56, 1.9, 1.125], "inflate": -0.4, "uv": [36, 94]}
					]
				},
				{
					"name": "magazine",
					"parent": "tkb022",
					"pivot": [0.12, 11.45993, 29.78386],
					"rotation": [-15, 0, 0],
					"cubes": [
						{"origin": [-1.03329, -0.01975, 35.51348], "size": [2.30657, 13, 6], "inflate": 0.002, "pivot": [-0.42648, 27.1, 28.8], "rotation": [-27, 0, 0], "uv": [114, 126]},
						{"origin": [-0.72969, -0.01975, 33.51348], "size": [1.69937, 13, 2], "inflate": 0.001, "pivot": [-0.12288, 27.1, 28.8], "rotation": [-27, 0, 0], "uv": [88, 145]},
						{"origin": [-1.03368, 9.98523, 34.09668], "size": [2.30736, 11, 6], "pivot": [-0.42648, 37.8, 31.25], "rotation": [-12.75, 0, 0], "uv": [68, 128]},
						{"origin": [-0.73047, 9.98523, 32.09668], "size": [1.70095, 11, 3], "inflate": -0.001, "pivot": [-0.12288, 37.8, 31.25], "rotation": [-12.75, 0, 0], "uv": [66, 145]}
					]
				},
				{
					"name": "gun",
					"parent": "tkb022",
					"pivot": [0, 0, 0],
					"cubes": [
						{"origin": [-0.95, 21.7, 14], "size": [2.02, 5.5, 24.8], "inflate": -0.4, "uv": [3, 47]},
						{"origin": [-1.9, 21.7, 32.4], "size": [3.92, 5.6, 5.5], "inflate": -0.4, "uv": [134, 107]},
						{"origin": [-1.9, 21.7, 31.4], "size": [3.92, 4.6, 1.8], "inflate": -0.4, "uv": [129, 145]},
						{"origin": [-1.9, 25.075, 31.4], "size": [3.92, 2.225, 1.8], "inflate": -0.401, "pivot": [0.06, 25.7, 32.3], "rotation": [-45.5, 0, 0], "uv": [152, 88]},
						{"origin": [-0.95, 23.8, -10.6], "size": [2.02, 5.4, 22.325], "inflate": -0.4, "uv": [56, 46]},
						{"origin": [-0.95, 24.5, -11.825], "size": [2.02, 4.7, 2.625], "inflate": -0.402, "pivot": [0.31, 26.5, -9.8625], "rotation": [14.5, 0, 0], "uv": [55, 73]},
						{"origin": [-1.84, 19, -11], "size": [3.81, 2.4, 22.725], "inflate": -0.403, "uv": [54, 73]},
						{"origin": [-0.48, 30.525, -20.3], "size": [1.08, 1.55, 1.125], "inflate": -0.5, "uv": [154, 150]},
						{"origin": [-0.92, 26, 32.8], "size": [1.96, 1.4, 4.725], "inflate": -0.401, "uv": [126, 119]},
						{"origin": [-0.92, 28, -3.2], "size": [1.96, 1.4, 7.725], "inflate": -0.401, "uv": [135, 117]},
						{"origin": [-1.12, 28, 7.9], "size": [2.36, 1.4, 3.725], "inflate": -0.4, "uv": [30, 150]},
						{"origin": [-0.76, 28.4, 4.2], "size": [1.64, 1, 4.525], "inflate": -0.4, "pivot": [0.06, 28.9, 8.3], "rotation": [-24, 0, 0], "uv": [150, 75]},
						{"origin": [0.2, 28.5, 1.8], "size": [1.04, 1.2, 2.725], "inflate": -0.4, "uv": [152, 94]},
						{"origin": [0.2, 28.4, 1.775], "size": [1.04, 1.8, 3.675], "inflate": -0.401, "pivot": [0.12, 29.6, 3.1375], "rotation": [29, 0, 0], "uv": [150, 129]},
						{"origin": [0.2, 29.4, 4.3], "size": [1.04, 1.7, 1.675], "inflate": -0.402, "uv": [30, 148]},
						{"origin": [0.2, 29.225, 4.8], "size": [1.04, 1.7, 1.675], "inflate": -0.403, "pivot": [0.12, 30.075, 5.6375], "rotation": [49.5, 0, 0], "uv": [150, 133]},
						{"origin": [0.2, 29.425, 9.5], "size": [1.04, 1.7, 1.975], "inflate": -0.401, "pivot": [0.12, 30.275, 10.6375], "rotation": [49.5, 0, 0], "uv": [50, 153]},
						{"origin": [0.2, 28.625, 10.1], "size": [1.04, 1.7, 1.675], "inflate": -0.402, "pivot": [0.12, 29.475, 10.9375], "rotation": [69.5, 0, 0], "uv": [54, 153]},
						{"origin": [0.2, 28.4, 7.9], "size": [1.04, 1.1, 3.725], "inflate": -0.401, "uv": [150, 125]},
						{"origin": [0.2, 28.7, 3.725], "size": [1.04, 1.3, 7.875], "inflate": -0.4, "uv": [142, 0]},
						{"origin": [-1.12, 28.5, 1.8], "size": [1.04, 1.2, 2.725], "inflate": -0.401, "uv": [152, 97]},
						{"origin": [-1.12, 28.4, 7.9], "size": [1.04, 1.1, 3.725], "inflate": -0.401, "uv": [16, 151]},
						{"origin": [-1.12, 30.48038, 10.22321], "size": [1.04, 1.625, 1.5], "inflate": -0.4, "pivot": [-1.2, 31.29288, 10.97321], "rotation": [36.5, 0, 0], "uv": [38, 154]},
						{"origin": [-1.12, 30.6, 10.025], "size": [1.04, 1.625, 1.5], "inflate": -0.401, "pivot": [-1.2, 30.95, 10.975], "rotation": [7.5, 0, 0], "uv": [34, 154]},
						{"origin": [-1.12, 28.625, 10.1], "size": [1.04, 1.7, 1.675], "inflate": -0.401, "pivot": [-1.2, 29.475, 10.9375], "rotation": [69.5, 0, 0], "uv": [30, 154]},
						{"origin": [-1.12, 29.425, 9.5], "size": [1.04, 1.7, 1.975], "inflate": -0.402, "pivot": [-1.2, 30.275, 10.6375], "rotation": [49.5, 0, 0], "uv": [124, 153]},
						{"origin": [-1.12, 29.225, 4.8], "size": [1.04, 1.7, 1.675], "inflate": -0.4, "pivot": [-1.2, 30.075, 5.6375], "rotation": [49.5, 0, 0], "uv": [120, 153]},
						{"origin": [-1.12, 29.4, 4.3], "size": [1.04, 1.7, 1.675], "inflate": -0.401, "uv": [116, 153]},
						{"origin": [-1.12, 28.4, 1.775], "size": [1.04, 1.8, 3.675], "inflate": -0.4, "pivot": [-1.2, 29.6, 3.1375], "rotation": [29, 0, 0], "uv": [146, 150]},
						{"origin": [-1.12, 29.3, 10], "size": [1.04, 2.275, 1.9], "inflate": -0.4, "uv": [68, 125]},
						{"origin": [-1.12, 29.2, 3.725], "size": [1.04, 1.5, 7.075], "inflate": -0.4023, "uv": [130, 143]},
						{"origin": [-1.12, 28.7, 3.725], "size": [1.04, 1.3, 7.875], "inflate": -0.4, "uv": [142, 16]},
						{"origin": [0.2, 29.2, 3.725], "size": [1.04, 1.5, 7.075], "inflate": -0.4, "uv": [142, 8]},
						{"origin": [-0.76, 29.9, 4.525], "size": [1.64, 1, 6.875], "inflate": -0.4, "pivot": [0, 30.4, 4.9375], "rotation": [3.5, 0, 0], "uv": [74, 145]},
						{"origin": [0.2, 29.3, 10], "size": [1.04, 2.275, 1.9], "inflate": -0.4, "uv": [28, 113]},
						{"origin": [0.2, 30.6, 10.025], "size": [1.04, 1.625, 1.5], "inflate": -0.399, "pivot": [0.12, 30.95, 10.975], "rotation": [7.5, 0, 0], "uv": [108, 153]},
						{"origin": [0.2, 30.48038, 10.22321], "size": [1.04, 1.625, 1.5], "inflate": -0.403, "pivot": [0.12, 31.29288, 10.97321], "rotation": [36.5, 0, 0], "uv": [112, 153]},
						{"origin": [-0.4, 19.3, 0.1], "size": [2.36, 9.7, 9.525], "inflate": -0.395, "uv": [32, 76]},
						{"origin": [-1.84, 23, 0.1], "size": [2.36, 6, 9.525], "inflate": -0.399, "uv": [120, 0]},
						{"origin": [-1.84, 20.6, -7.125], "size": [2.36, 2.1, 13.675], "inflate": -0.399, "uv": [0, 215]},
						{"origin": [-1.84, 23, -1.675], "size": [2.36, 1.8, 2.575], "inflate": -0.399, "uv": [130, 132]},
						{"origin": [-0.4, 19.3, -7.3], "size": [2.36, 2.8, 16.925], "inflate": -0.401, "uv": [72, 97]},
						{"origin": [-1.36, 30, 9.2], "size": [1.64, 1.3, 1.325], "inflate": -0.4, "pivot": [0.06, 30.65, 9.8625], "rotation": [-34, 0, 0], "uv": [42, 154]},
						{"origin": [-0.7, 30.2, 10.325], "size": [1.52, 1.2, 1.225], "inflate": -0.4, "pivot": [0.66, 30.85, 10.9875], "rotation": [-25, 0, 0], "uv": [58, 154]},
						{"origin": [-0.445, 30.5, 10.35], "size": [1, 1.15, 1.025], "inflate": -0.4, "uv": [104, 124]},
						{"origin": [-0.72, 30.775, 10.25], "size": [1.5, 1.075, 1.225], "inflate": -0.5, "pivot": [-0.03, 31.475, 10.8625], "rotation": [0, 0, 25], "uv": [62, 154]},
						{"origin": [-0.72, 31.2, 10.25], "size": [1.5, 1.075, 1.225], "inflate": -0.5, "pivot": [-0.03, 31.475, 10.8625], "rotation": [0, 0, 25], "uv": [154, 133]},
						{"origin": [-0.78026, 30.59918, -20.45], "size": [1.66, 1.125, 3.025], "inflate": -0.5, "pivot": [0.04974, 31.49918, -19.8375], "rotation": [0, 0, -65], "uv": [0, 152]},
						{"origin": [-0.875, 30.625, -20.45], "size": [1.81, 1.125, 3.025], "inflate": -0.5, "pivot": [-0.03, 31.475, -19.8375], "rotation": [0, 0, 25], "uv": [136, 151]},
						{"origin": [-0.78026, 31.27418, -20.45], "size": [1.66, 1.125, 3.025], "inflate": -0.5, "pivot": [0.04974, 31.49918, -19.8375], "rotation": [0, 0, -65], "uv": [128, 151]},
						{"origin": [-0.875, 31.3, -20.45], "size": [1.81, 1.125, 3.025], "inflate": -0.5, "pivot": [-0.03, 31.475, -19.8375], "rotation": [0, 0, 25], "uv": [94, 151]},
						{"origin": [-0.66026, 30.74918, 10.25], "size": [1.42, 1.075, 1.225], "inflate": -0.5, "pivot": [0.04974, 31.49918, 10.8625], "rotation": [0, 0, -65], "uv": [148, 154]},
						{"origin": [-0.66026, 31.17418, 10.25], "size": [1.42, 1.075, 1.225], "inflate": -0.5, "pivot": [0.04974, 31.49918, 10.8625], "rotation": [0, 0, -65], "uv": [144, 154]},
						{"origin": [-0.16, 30, 9.2], "size": [1.64, 1.3, 1.325], "inflate": -0.4, "pivot": [0.06, 30.65, 9.8625], "rotation": [-34, 0, 0], "uv": [46, 154]},
						{"origin": [-0.4, 18.2, -11.5], "size": [2.36, 5.2, 12.625], "inflate": -0.398, "pivot": [0, 23.55, -5.1375], "rotation": [12.5, 0, 0], "uv": [102, 49]},
						{"origin": [-1.84, 18.2, -11.5], "size": [1.28, 2.9, 7.825], "inflate": -0.398, "pivot": [0, 23.55, -5.1375], "rotation": [12.5, 0, 0], "uv": [34, 141]},
						{"origin": [-1.84, 18.2, -4.475], "size": [1.28, 2.325, 2.9], "inflate": -0.401, "pivot": [0, 23.55, -5.1375], "rotation": [12.5, 0, 0], "uv": [82, 152]},
						{"origin": [-1.36, 6.08138, -1.41556], "size": [2.84, 12.75, 5.125], "inflate": -0.399, "pivot": [0.06, 15.50638, -2.50306], "rotation": [30, 0, 0], "uv": [84, 128]},
						{"origin": [-1.36, 5.08138, -1.41556], "size": [2.84, 1.825, 4.175], "inflate": -0.4, "pivot": [0.06, 15.50638, -2.50306], "rotation": [30, 0, 0], "uv": [148, 38]},
						{"origin": [-1.36, 17.32503, -10.51722], "size": [2.84, 3.25, 8.725], "inflate": -0.399, "pivot": [0.06, 18.92503, -5.80472], "rotation": [13, 0, 0], "uv": [44, 130]},
						{"origin": [-1.36, 14.22503, -10.26722], "size": [2.84, 3.7, 1.35], "inflate": -0.4, "uv": [24, 151]},
						{"origin": [-1.36, 13.17503, -10.16722], "size": [2.84, 2.05, 1.35], "inflate": -0.4, "pivot": [0.06, 14.52503, -9.49222], "rotation": [35, 0, 0], "uv": [152, 100]},
						{"origin": [-1.36, 12.32503, -9.44222], "size": [2.84, 2.05, 1.35], "inflate": -0.4, "pivot": [0.06, 13.67503, -8.76722], "rotation": [62, 0, 0], "uv": [152, 103]},
						{"origin": [-1.36, 10.90003, -6.99222], "size": [2.84, 3.15, 1.35], "inflate": -0.399, "pivot": [0.06, 13.35003, -6.31722], "rotation": [109.5, 0, 0], "uv": [102, 151]},
						{"origin": [-1.36, 12.43388, -6.10388], "size": [2.84, 2.25, 1.35], "inflate": -0.4, "pivot": [0.06, 13.80888, -5.42888], "rotation": [126.5, 0, 0], "uv": [152, 118]},
						{"origin": [-1.36, 11.62503, -8.44222], "size": [2.84, 2.35, 1.35], "inflate": -0.4, "pivot": [0.06, 13.27503, -7.76722], "rotation": [90, 0, 0], "uv": [152, 115]},
						{"origin": [-1.36, 16.09236, -10.97014], "size": [2.84, 1.4, 3.45], "inflate": -0.401, "pivot": [0.06, 17.69236, -9.34514], "rotation": [44.5, 0, 0], "uv": [50, 149]},
						{"origin": [-1.36, 15.60949, 0.61374], "size": [2.84, 4.1, 3.025], "inflate": -0.401, "pivot": [0.06, 17.65949, 1.12624], "rotation": [4, 0, 0], "uv": [148, 31]},
						{"origin": [-1.36, 17.45998, -3.24041], "size": [2.84, 2.6, 2.525], "inflate": -0.401, "pivot": [0.06, 18.75998, -1.97791], "rotation": [53, 0, 0], "uv": [8, 152]},
						{"origin": [-1.36, 14.45998, -2.44041], "size": [2.84, 2.7, 3.625], "inflate": -0.401, "pivot": [0.06, 15.65998, -1.07791], "rotation": [-21, 0, 0], "uv": [148, 70]},
						{"origin": [-1.36, 9.28498, 5.00959], "size": [2.84, 2.2, 2.225], "inflate": -0.401, "pivot": [0.06, 9.98498, 4.97209], "rotation": [-13.5, 0, 0], "uv": [74, 152]},
						{"origin": [-1.36, 7.60998, 2.08459], "size": [2.84, 2.3, 2.225], "inflate": -0.401, "pivot": [0.06, 8.30998, 2.04709], "rotation": [-13.5, 0, 0], "uv": [152, 80]},
						{"origin": [-1.36, 13.95998, -3.24041], "size": [2.84, 1.8, 3.225], "inflate": -0.399, "pivot": [0.06, 14.75998, -1.97791], "rotation": [35.5, 0, 0], "uv": [148, 135]},
						{"origin": [-1.36, 13.35998, -5.14041], "size": [2.84, 1.75, 3.05], "inflate": -0.4, "pivot": [0.06, 14.10998, -3.87791], "rotation": [7, 0, 0], "uv": [148, 139]},
						{"origin": [-1.36, 17.70949, 1.21374], "size": [2.84, 3.875, 3.025], "inflate": -0.402, "pivot": [0.06, 19.75949, 1.72624], "rotation": [-38.5, 0, 0], "uv": [148, 58]},
						{"origin": [-1.36, 18.80949, 3.58874], "size": [2.84, 3.45, 2.05], "inflate": -0.4, "pivot": [0.06, 20.85949, 3.12624], "rotation": [-63.5, 0, 0], "uv": [150, 107]},
						{"origin": [-0.4, 20.275, -10.7], "size": [2.36, 5.2, 12.425], "inflate": -0.401, "pivot": [0, 25.625, -4.5375], "rotation": [36, 0, 0], "uv": [104, 66]},
						{"origin": [-1.84, 21.275, -3.2], "size": [2.36, 4.2, 4.925], "inflate": -0.401, "pivot": [-1.44, 25.625, -4.5375], "rotation": [36, 0, 0], "uv": [89, 33]},
						{"origin": [-1.84, 23, -11.7], "size": [3.8, 4.675, 10.825], "inflate": -0.395, "uv": [108, 97]},
						{"origin": [-1.64, 23.475, -9.8], "size": [3.8, 2.2, 2.425], "inflate": -0.4, "pivot": [0.26, 24.575, -8.2875], "rotation": [10, 0, 0], "uv": [40, 150]},
						{"origin": [-1.64, 22.875, -9.8], "size": [3.8, 1.4, 2.125], "inflate": -0.401, "pivot": [0.26, 24.575, -8.2875], "rotation": [10, 0, 0], "uv": [118, 150]},
						{"origin": [-1.64, 22.875, -10.25], "size": [3.8, 1.4, 3.175], "inflate": -0.399, "pivot": [0.26, 24.575, -8.2875], "rotation": [35, 0, 0], "uv": [16, 134]},
						{"origin": [-1.64, 23.55, -8.3], "size": [3.8, 2.2, 1.925], "inflate": -0.4, "pivot": [0.26, 24.65, -6.7875], "rotation": [0.5, 0, 0], "uv": [152, 91]},
						{"origin": [0.76, 23.25, -7.6], "size": [1.76, 2.5, 1.425], "inflate": -0.4, "pivot": [0.26, 24.65, -6.5875], "rotation": [-5.5, 0, 0], "uv": [64, 135]},
						{"origin": [-1.64, 23.425, -7.475], "size": [3.8, 1.9, 2.625], "inflate": -0.4, "pivot": [0.26, 24.225, -5.9625], "rotation": [-19.5, 0, 0], "uv": [108, 150]},
						{"origin": [-0.34, 22.65, -6.175], "size": [2.5, 1.9, 2.625], "inflate": -0.4, "pivot": [0.26, 23.45, -4.6625], "rotation": [-36.5, 0, 0], "uv": [153, 112]},
						{"origin": [-0.34, 22.35, -4.6], "size": [2.5, 1.9, 1.5], "inflate": -0.4, "pivot": [0.26, 23.15, -4.2125], "rotation": [-48.5, 0, 0], "uv": [98, 124]},
						{"origin": [-11.47, 13.175, -20.1], "size": [23.06, 24.1, 28.625], "inflate": -10, "uv": [0, 161]},
						{"origin": [-1.12, 14.225, -4.9], "size": [2.36, 4.575, 1.425], "inflate": -0.4, "uv": [60, 149]},
						{"origin": [-1.12, 14.125, -3.975], "size": [2.36, 2.375, 1.6], "inflate": -0.401, "pivot": [0.06, 16.2875, -3.0875], "rotation": [-35, 0, 0], "uv": [152, 121]},
						{"origin": [-1.12, 15.525, -4.3], "size": [2.36, 3.275, 3.125], "inflate": -0.4, "uv": [148, 64]},
						{"origin": [-0.445, 27.075, -19.175], "size": [1, 4.4, 1.525], "inflate": -0.401, "pivot": [0.085, 29.075, -18.4125], "rotation": [12.75, 0, 0], "uv": [184, 164]},
						{"origin": [-0.59, 27.075, -19.35], "size": [1.3, 4.425, 1], "inflate": -0.4, "pivot": [0.06, 29.075, -19.1125], "rotation": [12.75, 0, 0], "uv": [28, 108]},
						{"origin": [-0.445, 25.875, -17.575], "size": [1, 6.075, 1.625], "inflate": -0.4, "pivot": [0.085, 29.575, -16.7125], "rotation": [50.25, 0, 0], "uv": [222, 100]},
						{"origin": [-0.445, 26.975, -17.575], "size": [1, 3.4, 1.625], "inflate": -0.402, "pivot": [0.085, 29.475, -16.7125], "rotation": [40.25, 0, 0], "uv": [220, 76]},
						{"origin": [-0.445, 26.975, -16.375], "size": [1, 1.6, 2.025], "inflate": -0.403, "pivot": [0.085, 28.575, -15.5125], "rotation": [-27.25, 0, 0], "uv": [144, 165]},
						{"origin": [-0.445, 29.075, -18.6], "size": [1, 1.6, 1.75], "inflate": -0.402, "pivot": [0.085, 30.675, -17.6125], "rotation": [-64.75, 0, 0], "uv": [250, 98]},
						{"origin": [-0.445, 29.1855, -19.35905], "size": [1, 2.15, 1.025], "inflate": -0.4, "pivot": [0.06, 30.5355, -18.38405], "rotation": [-87.75, 0, 0], "uv": [67, 130]},
						{"origin": [-0.445, 26.80397, -18.69489], "size": [1, 1.9, 1.625], "inflate": -0.4, "pivot": [0.085, 27.60397, -17.88239], "rotation": [-117.25, 0, 0], "uv": [252, 115]},
						{"origin": [-0.445, 24.675, -17.4], "size": [1, 5.4, 1.55], "inflate": -0.401, "pivot": [0.085, 29.475, -16.6125], "rotation": [62.25, 0, 0], "uv": [250, 92]},
						{"origin": [-1.84, 19, -18.6], "size": [3.8, 2.4, 12.125], "inflate": -0.392, "uv": [104, 83]},
						{"origin": [-1.455, 19.4, -19.1], "size": [3.055, 5.4, 12.625], "inflate": -0.4, "uv": [102, 32]},
						{"origin": [-0.7, 25.5, -19], "size": [1.58, 2, 12.525], "inflate": -0.4, "uv": [108, 112]},
						{"origin": [-1.19, 23.9, -17.4], "size": [2.56, 2.6, 10.925], "inflate": -0.4, "pivot": [-0.09, 25.25, -12.7875], "rotation": [0, 0, -22.5], "uv": [0, 122]},
						{"origin": [-0.9924, 21.78831, -20.4], "size": [2.13, 2.2, 6.925], "inflate": -0.4, "pivot": [0.0726, 22.88831, -16.9375], "rotation": [0, 0, 22.5], "uv": [50, 141]},
						{"origin": [-0.97, 26.5, -19], "size": [1.63, 1.6, 12.525], "inflate": -0.4, "pivot": [-0.06, 27.85, -12.7875], "rotation": [0, 0, -22.5], "uv": [72, 115]},
						{"origin": [-0.4, 20.5, -17.65], "size": [2.36, 2.8, 12.075], "inflate": -0.395, "uv": [0, 108]},
						{"origin": [-0.4, 22.5, -10.35], "size": [2.36, 1.3, 4.075], "inflate": -0.398, "uv": [0, 115]},
						{"origin": [-1.84, 20.6, -13.45], "size": [2.36, 3.2, 7.125], "inflate": -0.4, "uv": [134, 90]},
						{"origin": [-1.84, 20.6, 5.75], "size": [2.36, 2.7, 2.425], "inflate": -0.401, "uv": [152, 84]},
						{"origin": [-1.84, 21.7, -16.925], "size": [3.8, 2.4, 6.15], "inflate": -0.402, "uv": [134, 99]},
						{"origin": [-1.84, 19.3, -18.3], "size": [3.8, 2.8, 5.125], "inflate": -0.402, "pivot": [0, 20.5, -14.2375], "rotation": [-20, 0, 0], "uv": [0, 145]},
						{"origin": [-1.84, 18.36267, -18.86848], "size": [3.8, 4.6, 3.35], "inflate": -0.39, "pivot": [0.06, 20.48767, -17.19348], "rotation": [-30, 0, 0], "uv": [146, 143]},
						{"origin": [-1.84, 19.95, -17.975], "size": [3.8, 7.15, 5.15], "inflate": -0.397, "pivot": [0, 21.025, -13.8875], "rotation": [-55.5, 0, 0], "uv": [132, 58]},
						{"origin": [0.62, 19.95, -18.075], "size": [1.52, 8.325, 1.65], "inflate": -0.4, "pivot": [0, 21.025, -13.8875], "rotation": [-55.5, 0, 0], "uv": [68, 116]},
						{"origin": [-2.02, 19.95, -18.075], "size": [1.52, 8.325, 1.65], "inflate": -0.4, "pivot": [-2.94, 21.025, -13.8875], "rotation": [-55.5, 0, 0], "uv": [24, 122]},
						{"origin": [-1.84, 19.6, 6.1], "size": [3.8, 7.5, 8.325], "inflate": -0.4, "pivot": [0, 24.3, 10.1625], "rotation": [-44, 0, 0], "uv": [120, 16]},
						{"origin": [-1.84, 19.6, 12.9], "size": [3.8, 6.8, 5.825], "inflate": -0.404, "pivot": [0, 24.3, 13.9625], "rotation": [-69, 0, 0], "uv": [0, 134]},
						{"origin": [-1.84, 13.68243, 18.82608], "size": [3.8, 14.2, 5.825], "inflate": -0.4, "pivot": [0, 21.43243, 21.73858], "rotation": [-99, 0, 0], "uv": [98, 126]},
						{"origin": [-1.84, 15.08243, 11.55108], "size": [3.8, 7.2, 5.825], "inflate": -0.39, "pivot": [0, 22.83243, 14.46358], "rotation": [-119, 0, 0], "uv": [132, 31]},
						{"origin": [-1.84, 20.04439, 14.52141], "size": [3.8, 17.2, 5.225], "inflate": -0.398, "pivot": [0, 23.64439, 16.83391], "rotation": [-90, 0, 0], "uv": [28, 116]},
						{"origin": [-1.53006, 20.37713, 18.86553], "size": [1.2, 1.2, 9.78673], "inflate": -0.4, "pivot": [-2.37664, 20.93872, 21.3089], "rotation": [0, 0, 45], "uv": [29, 25]},
						{"origin": [-1.53006, 21.72713, -8.33447], "size": [1.2, 1.2, 28.98673], "inflate": -0.4, "pivot": [-2.37664, 22.28872, -7.6911], "rotation": [0, 0, 45], "uv": [151, 227]},
						{"origin": [-0.06994, 26.60213, 13.56553], "size": [1.2, 1.2, 18.78673], "inflate": -0.4, "pivot": [1.97664, 27.16372, 3.6089], "rotation": [0, 0, -45], "uv": [39, 37], "mirror": true},
						{"origin": [-1.79494, 26.60213, 13.56553], "size": [1.2, 1.2, 18.78673], "inflate": -0.4, "pivot": [0.25164, 27.16372, 3.6089], "rotation": [0, 0, -45], "uv": [39, 37], "mirror": true},
						{"origin": [-0.06994, 26.20213, 14.46553], "size": [1.2, 1.2, 17.48673], "inflate": -0.4, "pivot": [1.97664, 26.76372, 3.6089], "rotation": [0, 0, -45], "uv": [52, 19], "mirror": true},
						{"origin": [0.43006, 19.77713, 21.36553], "size": [1.2, 1.2, 7.28673], "inflate": -0.4, "pivot": [2.47664, 20.33872, 21.3089], "rotation": [0, 0, -45], "uv": [61, 47], "mirror": true},
						{"origin": [0.43006, 20.37713, 18.86553], "size": [1.2, 1.2, 9.78673], "inflate": -0.4, "pivot": [2.47664, 20.93872, 21.3089], "rotation": [0, 0, -45], "uv": [37, 45], "mirror": true},
						{"origin": [1.03006, 20.67713, 25.34053], "size": [1.175, 5.275, 2.13673], "inflate": -0.502, "pivot": [1.61756, 23.31463, 28.5464], "rotation": [70.5, 0, 0], "uv": [0, 59], "mirror": true},
						{"origin": [1.03006, 20.62713, 19.74053], "size": [1.175, 5.525, 10.81173], "inflate": -0.5, "uv": [0, 0], "mirror": true},
						{"origin": [0.43006, 25.67713, -1.93447], "size": [1.2, 1.2, 22.58673], "inflate": -0.4, "pivot": [2.47664, 26.23872, -7.6911], "rotation": [0, 0, -45], "uv": [0, 233], "mirror": true},
						{"origin": [0.43006, 21.72713, -8.33447], "size": [1.2, 1.2, 28.98673], "inflate": -0.4, "pivot": [2.47664, 22.28872, -7.6911], "rotation": [0, 0, -45], "uv": [92, 227], "mirror": true},
						{"origin": [-2.10506, 20.62713, 19.74053], "size": [1.175, 5.525, 10.81173], "inflate": -0.5, "uv": [0, 56]},
						{"origin": [2.06714, 17.7125, -1.84203], "size": [2.1, 1.325, 3.98673], "inflate": -0.502, "pivot": [1.54443, 19.22756, -6.46895], "rotation": [12.98698, -15.61094, -3.5514], "uv": [39, 63]},
						{"origin": [1.04494, 18.43303, -12.91536], "size": [1.625, 1.325, 3.66173], "inflate": -0.5, "pivot": [1.54443, 19.22756, -6.46895], "rotation": [-10, 0, 0], "uv": [46, 66]},
						{"origin": [-6.72013, 18.43434, -9.53107], "size": [3.375, 1.325, 1.91173], "inflate": -0.502, "pivot": [1.54443, 19.22756, -6.46895], "rotation": [-27.84438, -68.17453, 26.12182], "uv": [65, 66]},
						{"origin": [-0.3589, 18.4391, -10.30265], "size": [2.1, 1.325, 3.98673], "inflate": -0.502, "pivot": [1.54443, 19.22756, -6.46895], "rotation": [-10.39437, -15.75056, 2.85056], "uv": [29, 63]},
						{"origin": [1.04494, 17.7125, -7.09494], "size": [1.625, 1.325, 6.66173], "inflate": -0.5, "pivot": [1.54443, 19.22756, -6.46895], "rotation": [12.5, 0, 0], "uv": [51, 61]},
						{"origin": [3.44513, 18.43434, -9.53107], "size": [3.375, 1.325, 1.91173], "inflate": -0.502, "pivot": [-1.44443, 19.22756, -6.46895], "rotation": [-27.84438, 68.17453, -26.12182], "uv": [34, 60], "mirror": true},
						{"origin": [-1.6411, 18.4391, -10.30265], "size": [2.1, 1.325, 3.98673], "inflate": -0.502, "pivot": [-1.44443, 19.22756, -6.46895], "rotation": [-10.39437, 15.75056, -2.85056], "uv": [29, 67], "mirror": true},
						{"origin": [-2.56994, 18.43303, -12.91536], "size": [1.625, 1.325, 3.66173], "inflate": -0.5, "pivot": [-1.44443, 19.22756, -6.46895], "rotation": [-10, 0, 0], "uv": [29, 59], "mirror": true},
						{"origin": [-4.06714, 17.7125, -1.84203], "size": [2.1, 1.325, 3.98673], "inflate": -0.502, "pivot": [-1.44443, 19.22756, -6.46895], "rotation": [12.98698, 15.61094, 3.5514], "uv": [39, 67], "mirror": true},
						{"origin": [-2.02711, 17.7125, -7.59324], "size": [3.375, 1.325, 1.91173], "inflate": -0.502, "pivot": [-1.44443, 19.22756, -6.46895], "rotation": [33.58975, 66.96956, 31.43355], "uv": [34, 58], "mirror": true},
						{"origin": [-2.56994, 17.7125, -7.09494], "size": [1.625, 1.325, 6.66173], "inflate": -0.5, "pivot": [-1.44443, 19.22756, -6.46895], "rotation": [12.5, 0, 0], "uv": [37, 56], "mirror": true},
						{"origin": [-1.24789, 17.7125, -7.59324], "size": [3.375, 1.325, 1.91173], "inflate": -0.502, "pivot": [1.54443, 19.22756, -6.46895], "rotation": [33.58975, -66.96956, -31.43355], "uv": [65, 64]},
						{"origin": [-0.80506, 26.02713, 15.54053], "size": [1.775, 1.525, 1.775], "inflate": -0.5, "pivot": [0.18244, 26.78963, 16.52803], "rotation": [0, 22.5, 0], "uv": [62, 61]},
						{"origin": [-0.80506, 26.02713, 21.34053], "size": [1.775, 1.525, 1.775], "inflate": -0.5, "pivot": [0.18244, 26.78963, 22.32803], "rotation": [0, 22.5, 0], "uv": [62, 63]},
						{"origin": [-0.80506, 26.02713, 26.54053], "size": [1.775, 1.525, 1.775], "inflate": -0.5, "pivot": [0.18244, 26.78963, 27.52803], "rotation": [0, 22.5, 0], "uv": [62, 65]},
						{"origin": [-2.10506, 20.67713, 25.34053], "size": [1.175, 5.275, 2.13673], "inflate": -0.502, "pivot": [-1.51756, 23.31463, 28.5464], "rotation": [70.5, 0, 0], "uv": [0, 52]},
						{"origin": [-1.53006, 25.67713, -1.93447], "size": [1.2, 1.2, 22.58673], "inflate": -0.4, "pivot": [-2.37664, 26.23872, -7.6911], "rotation": [0, 0, 45], "uv": [46, 233]},
						{"origin": [-1.00506, 26.20213, 14.46553], "size": [1.2, 1.2, 17.48673], "inflate": -0.4, "pivot": [-1.85164, 26.76372, 3.6089], "rotation": [0, 0, 45], "uv": [0, 20]},
						{"origin": [-1.53006, 19.77713, 21.36553], "size": [1.2, 1.2, 7.28673], "inflate": -0.4, "pivot": [-2.37664, 20.33872, 21.3089], "rotation": [0, 0, 45], "uv": [51, 27]},
						{"origin": [-2.24, 36.44439, 14.42141], "size": [4.6, 2.1, 4.525], "inflate": -0.4, "pivot": [0, 23.64439, 16.83391], "rotation": [-90, 0, 0], "uv": [133, 44]},
						{"origin": [-2.14, 26.54439, 16.02141], "size": [4.4, 10.6, 1.525], "inflate": -0.4, "pivot": [0, 23.54439, 16.83391], "rotation": [-90, 0, 0], "uv": [9, 38]},
						{"origin": [-2.04, 11.34439, 16.02141], "size": [4.2, 16, 1.525], "inflate": -0.4, "pivot": [0, 23.54439, 16.83391], "rotation": [-90, 0, 0], "uv": [12, 49]},
						{"origin": [-2.04, -1.85561, 15.92141], "size": [2.3, 13.9, 1.525], "inflate": -0.4, "pivot": [0, 23.44439, 16.83391], "rotation": [-90, 0, 0], "uv": [29, 45]},
						{"origin": [0.06, 2.34439, 16.09641], "size": [2.1, 9.9, 1.35], "inflate": -0.4, "pivot": [2, 22.74439, 16.83391], "rotation": [-90, 0, 0], "uv": [19, 39]},
						{"origin": [0.06, 22.45689, 4.20891], "size": [2.1, 1.8, 1.45], "inflate": -0.4, "pivot": [1.16, 22.90689, 4.98391], "rotation": [-24, 0, 0], "uv": [6, 54]},
						{"origin": [0.06, 22.30689, 4.75891], "size": [2.1, 1.6, 1.55], "inflate": -0.4, "pivot": [1.16, 22.55689, 5.53391], "rotation": [-24, 0, 0], "uv": [0, 47]},
						{"origin": [-2.04, -1.75561, 16.64641], "size": [3.4, 2.05, 1.9], "inflate": -0.4, "pivot": [0, 23.54439, 16.83391], "rotation": [-90, 0, 0], "uv": [0, 49]},
						{"origin": [-1.6, 31.44439, 21.52141], "size": [3.32, 2.6, 7.025], "inflate": -0.401, "pivot": [0, 18.64439, 24.13391], "rotation": [-90, 0, 0], "uv": [118, 49]},
						{"origin": [-1.6, 16.44439, 33.52141], "size": [3.32, 2.6, 6.025], "inflate": -0.402, "pivot": [0.06, 17.74439, 37.03391], "rotation": [-52.5, 0, 0], "uv": [130, 135]},
						{"origin": [-1.6, 18.74439, 26.02141], "size": [3.32, 2.6, 6.025], "inflate": -0.401, "pivot": [0.06, 20.04439, 29.53391], "rotation": [-152.5, 0, 0], "uv": [0, 156]},
						{"origin": [-1.6, 16.24439, 27.12141], "size": [3.32, 5.1, 9.125], "inflate": -0.4, "pivot": [0.06, 20.04439, 32.63391], "rotation": [161.5, 0, 0], "uv": [0, 164]},
						{"origin": [-2.24, 37.74439, 16.12141], "size": [4.6, 8.3, 2.825], "inflate": -0.401, "pivot": [0, 23.64439, 16.83391], "rotation": [-90, 0, 0], "uv": [106, 114]},
						{"origin": [-2.24, 44.04439, 14.87141], "size": [4.6, 2, 4.525], "inflate": -0.402, "pivot": [0, 23.64439, 16.98391], "rotation": [-90, 0, 0], "uv": [94, 145]},
						{"origin": [-2.24, 21.59439, 35.32141], "size": [4.6, 1.8, 4.925], "inflate": -0.403, "pivot": [0, 22.69439, 37.58391], "rotation": [-54, 0, 0], "uv": [16, 146]},
						{"origin": [-1.84, 19.19439, -11.17859], "size": [3.8, 1.8, 2.925], "inflate": -0.401, "pivot": [0, 20.29439, -10.91609], "rotation": [-39, 0, 0], "uv": [150, 51]},
						{"origin": [-2.24, 21.89439, 29.42141], "size": [4.6, 1.8, 3.225], "inflate": -0.402, "pivot": [0, 22.99439, 32.88391], "rotation": [-54, 0, 0], "uv": [51, 91]},
						{"origin": [-1.84, 18.20929, 9.51123], "size": [3.8, 1.9, 2.325], "inflate": -0.402, "pivot": [0, 19.10929, 10.67373], "rotation": [6.5, 0, 0], "uv": [34, 138]},
						{"origin": [-1.84, 19.20929, 13.21123], "size": [3.8, 1.9, 3.325], "inflate": -0.398, "pivot": [0, 20.10929, 14.37373], "rotation": [5.5, 0, 0], "uv": [88, 42]},
						{"origin": [-1.84, 17.75929, 26.78623], "size": [3.8, 1.9, 2.575], "inflate": -0.397, "pivot": [0, 18.65929, 27.94873], "rotation": [12.5, 0, 0], "uv": [150, 48]},
						{"origin": [-1.84, 18.38429, 27.68623], "size": [3.8, 2.9, 3.7], "inflate": -0.398, "pivot": [0, 19.28429, 28.84873], "rotation": [70.5, 0, 0], "uv": [146, 43]},
						{"origin": [-2.24, 22.99439, 35.89641], "size": [4.6, 2.6, 4.85], "inflate": -0.399, "pivot": [0, 24.59439, 38.48391], "rotation": [-95.5, 0, 0], "uv": [142, 25]},
						{"origin": [-2.24, 22.74439, 38.09641], "size": [4.6, 1.55, 2.65], "inflate": -0.403, "pivot": [0, 24.59439, 38.48391], "rotation": [-95.5, 0, 0], "uv": [150, 54]},
						{"origin": [-2.24, 23.39439, 31.42141], "size": [4.6, 3.075, 6.025], "inflate": -0.402, "pivot": [0, 24.39439, 35.18391], "rotation": [-143, 0, 0], "uv": [128, 81]},
						{"origin": [-2.24, 21.66939, 36.02141], "size": [4.6, 1.725, 4.575], "inflate": -0.4, "pivot": [0, 22.39439, 38.28391], "rotation": [-78, 0, 0], "uv": [113, 145]},
						{"origin": [-0.95, 23.8, 9.8], "size": [2.02, 5.4, 6.6], "inflate": -0.401, "pivot": [0.31, 26.5, 10.75], "rotation": [-27.5, 0, 0], "uv": [134, 70]},
						{"origin": [-1.35, 26.5, -11.825], "size": [1.22, 2.3, 2.625], "inflate": -0.402, "pivot": [-0.99, 26.5, -9.8625], "rotation": [14.5, 0, 0], "uv": [250, 250]},
						{"origin": [-1.35, 26.8, -10.6], "size": [1.22, 2, 22.3], "inflate": -0.4, "uv": [210, 232]},
						{"origin": [-1.35, 24.7, 14], "size": [1.22, 2.1, 24.8], "inflate": -0.4, "uv": [129, 203]},
						{"origin": [-1.355, 25.825, 14], "size": [1.075, 1.375, 24.8], "inflate": -0.4, "pivot": [-0.74, 26.3, 26.4], "rotation": [0, 0, 45], "uv": [174, 184]},
						{"origin": [0.255, 26.5, -11.825], "size": [1.22, 2.3, 2.625], "inflate": -0.402, "pivot": [1.115, 26.5, -9.8625], "rotation": [14.5, 0, 0], "uv": [250, 250], "mirror": true},
						{"origin": [0.15704, 26.66756, -12.2], "size": [1.1, 1.35, 2.6], "inflate": -0.402, "pivot": [0.76954, 27.40506, -14.55], "rotation": [10.81018, 10.36946, -43.41684], "uv": [226, 251], "mirror": true},
						{"origin": [0.255, 26.8, -10.6], "size": [1.22, 2, 22.3], "inflate": -0.4, "uv": [210, 232], "mirror": true},
						{"origin": [0.23204, 27.81756, -10.6], "size": [1.075, 1.375, 22.3], "inflate": -0.4, "pivot": [0.76954, 28.50506, 0.55], "rotation": [0, 0, -45], "uv": [186, 225], "mirror": true},
						{"origin": [0.15704, 25.71756, 10.3], "size": [1.05, 1.325, 5.325], "inflate": -0.4, "pivot": [0.76954, 26.50506, 15.45], "rotation": [-20.23245, -19.09583, -42.44683], "uv": [208, 248], "mirror": true},
						{"origin": [0.255, 26.8, 9.95], "size": [1.22, 2.03, 5.25], "inflate": -0.401, "pivot": [1.115, 26.5, 10.75], "rotation": [-27.5, 0, 0], "uv": [234, 247], "mirror": true},
						{"origin": [0.255, 24.7, 14], "size": [1.22, 2.1, 24.8], "inflate": -0.4, "uv": [129, 229], "mirror": true},
						{"origin": [0.405, 25.825, 14], "size": [1.075, 1.375, 24.8], "inflate": -0.4, "pivot": [0.865, 26.3, 26.4], "rotation": [0, 0, -45], "uv": [103, 202], "mirror": true},
						{"origin": [-1.08204, 25.71756, 10.3], "size": [1.05, 1.325, 5.325], "inflate": -0.4, "pivot": [-0.64454, 26.50506, 15.45], "rotation": [-20.23245, 19.09583, 42.44683], "uv": [244, 244]},
						{"origin": [-1.13204, 26.66756, -12.2], "size": [1.1, 1.35, 2.6], "inflate": -0.402, "pivot": [-0.64454, 27.40506, -14.55], "rotation": [10.81018, -10.36946, 43.41684], "uv": [220, 251]},
						{"origin": [-1.18204, 27.81756, -10.6], "size": [1.075, 1.375, 22.3], "inflate": -0.4, "pivot": [-0.64454, 28.50506, 0.55], "rotation": [0, 0, 45], "uv": [155, 204]},
						{"origin": [-1.35, 26.8, 9.95], "size": [1.22, 2.03, 5.25], "inflate": -0.401, "pivot": [-0.99, 26.5, 10.75], "rotation": [-27.5, 0, 0], "uv": [234, 240]}
					]
				},
				{
					"name": "rightarm",
					"parent": "main",
					"pivot": [-5.16, 8.8, 21.8],
					"rotation": [-101.81106, -12.40003, -2.46982],
					"cubes": [
						{"origin": [-8.7004, -17.0575, 17.25553], "size": [8, 24, 8], "uv": [0, 76]}
					]
				},
				{
					"name": "leftarm",
					"parent": "main",
					"pivot": [5.24217, 13.41175, -5.84122],
					"rotation": [-119.61483, 1.67666, -38.31282],
					"cubes": [
						{"origin": [1.24217, 1.41175, -9.84122], "size": [8, 24, 8], "uv": [88, 0]}
					]
				},
				{
					"name": "muzzleflash",
					"parent": "main",
					"pivot": [0, 24.35, -68.25],
					"cubes": [
						{"origin": [-0.52, 22.35, -20.85], "size": [1.04, 1, 1], "inflate": -0.4, "uv": [64, 138]}
					]
				},
				{
					"name": "scope",
					"parent": "main",
					"pivot": [0.06, 41.5, 25.75],
					"cubes": [
						{"origin": [-0.56, 31, 15.45], "size": [1.04, 1, 1], "inflate": -0.4, "uv": [30, 146]}
					]
				},
				{
					"name": "_camera_",
					"pivot": [6.825, 33.725, 26.45]
				},
				{
					"name": "bb_main",
					"pivot": [0, 0, 0]
				}
			]
		}
	]
}