{
	"format_version": "1.12.0",
	"minecraft:geometry": [
		{
			"description": {
				"identifier": "geometry.unknown",
				"texture_width": 128,
				"texture_height": 128,
				"visible_bounds_width": 40,
				"visible_bounds_height": 19,
				"visible_bounds_offset": [0, 4.5, 0]
			},
			"bones": [
				{
					"name": "main",
					"pivot": [0, 15, 1.6]
				},
				{
					"name": "leftarm",
					"parent": "main",
					"pivot": [10.7, 8.3, 5.4],
					"rotation": [-119.61483, 1.67666, -38.31282],
					"cubes": [
						{"origin": [6.7, -15.7, 0.4], "size": [8, 24, 8], "uv": [48, 0]}
					]
				},
				{
					"name": "rightarm",
					"parent": "main",
					"pivot": [-4.3, 8.8, 21.8],
					"rotation": [-101.81106, -12.40003, -2.46982],
					"cubes": [
						{"origin": [-8.3, -15.2, 17.8], "size": [8, 24, 8], "uv": [48, 32]}
					]
				},
				{
					"name": "muzzleflash",
					"parent": "main",
					"pivot": [-0.175, 21.55, -28.65],
					"cubes": [
						{"origin": [-0.675, 21.25, -28.95], "size": [1, 1, 1], "inflate": -0.4, "uv": [106, 12]}
					]
				},
				{
					"name": "scope",
					"parent": "main",
					"pivot": [0, 32.55, 4.75],
					"cubes": [
						{"origin": [-0.663, 24.1, 9.65], "size": [1, 1, 1], "inflate": -0.4, "uv": [106, 18]}
					]
				},
				{
					"name": "gun",
					"parent": "main",
					"pivot": [-0.07778, 19.61209, -3.39093],
					"cubes": [
						{"origin": [0.15217, 22.31461, -10.15131], "size": [1.35216, 1.53544, 5.18323], "inflate": -0.3, "uv": [88, 67]},
						{"origin": [-0.17658, 23.42336, 1.33619], "size": [1.37716, 1.61794, 1.87323], "inflate": -0.6, "pivot": [0.48325, 24.23233, 2.54593], "rotation": [37, 0, 0], "uv": [106, 20]},
						{"origin": [-0.17658, 22.93461, 1.34446], "size": [1.37716, 1.70419, 2.8675], "inflate": -0.6, "uv": [70, 100]},
						{"origin": [-0.17658, 23.42336, 1.88244], "size": [1.37716, 1.61794, 2.33323], "inflate": -0.6, "uv": [100, 71]},
						{"origin": [-1.32756, 23.76836, 2.62994], "size": [1.34841, 1.47419, 1.38448], "inflate": -0.6, "pivot": [-0.56711, 24.47671, 3.49468], "rotation": [0, 0, 40.75], "uv": [106, 22]},
						{"origin": [-1.18381, 23.88336, 2.62994], "size": [1.49216, 1.41669, 1.38448], "inflate": -0.6, "uv": [28, 106]},
						{"origin": [-1.35631, 22.93461, 2.83119], "size": [2.38341, 1.58919, 1.38448], "inflate": -0.6, "uv": [26, 93]},
						{"origin": [-1.35533, 23.27961, 2.62994], "size": [2.38341, 1.81919, 1.38448], "inflate": -0.6, "uv": [102, 65]},
						{"origin": [-0.63658, 23.88336, 2.62994], "size": [1.49216, 1.41669, 1.38448], "inflate": -0.6, "uv": [32, 106]},
						{"origin": [-0.34908, 23.76836, 2.62994], "size": [1.34841, 1.47419, 1.38448], "inflate": -0.6, "pivot": [0.23888, 24.47671, 3.49468], "rotation": [0, 0, -40.75], "uv": [36, 106]},
						{"origin": [-0.11908, 22.93461, 0.55994], "size": [1.37716, 1.70419, 2.01698], "inflate": -0.6, "pivot": [0.5695, 23.78671, 2.08593], "rotation": [0, 25, 0], "uv": [100, 74]},
						{"origin": [-1.52881, 22.93461, 1.34446], "size": [1.37716, 1.70419, 2.8675], "inflate": -0.6, "uv": [100, 77]},
						{"origin": [-1.52881, 23.42336, 1.88244], "size": [1.37716, 1.61794, 2.33323], "inflate": -0.6, "uv": [100, 99]},
						{"origin": [-1.52881, 23.42336, 1.33619], "size": [1.37716, 1.61794, 1.87323], "inflate": -0.6, "pivot": [-0.81149, 24.23233, 2.54593], "rotation": [37, 0, 0], "uv": [40, 106]},
						{"origin": [-1.58631, 22.93461, 0.55994], "size": [1.37716, 1.70419, 2.01698], "inflate": -0.6, "pivot": [-0.89774, 23.78671, 2.08593], "rotation": [0, -25, 0], "uv": [76, 101]},
						{"origin": [-0.91256, 23.00461, -1.18131], "size": [1.49591, 1.33419, 2.85448], "inflate": -0.3, "uv": [82, 101]},
						{"origin": [-1.05165, 23.34961, 1.92369], "size": [1.77875, 1.29, 1.29], "inflate": -0.3, "pivot": [-0.16228, 23.99461, 2.56869], "rotation": [-35, 0, 0], "uv": [106, 56]},
						{"origin": [-0.76881, 23.00461, 1.06119], "size": [1.20841, 1.33419, 1.15823], "inflate": -0.3, "uv": [106, 71]},
						{"origin": [-1.83158, 21.96961, -10.15131], "size": [1.12216, 1.88044, 5.15448], "inflate": -0.3, "uv": [78, 88]},
						{"origin": [-1.63256, 22.51461, -18.09905], "size": [2.93689, 1.13544, 8.35362], "inflate": -0.1, "uv": [66, 73]},
						{"origin": [0.56944, 21.89911, -18.3983], "size": [1.12039, 2.05019, 23.09712], "inflate": -0.405, "uv": [0, 25]},
						{"origin": [-2.01806, 21.92786, -18.3983], "size": [1.12039, 2.02144, 23.09712], "inflate": -0.405, "uv": [0, 0]},
						{"origin": [-1.90381, 22.87586, -18.3703], "size": [3.47939, 1.16044, 3.86487], "inflate": -0.398, "uv": [80, 94]},
						{"origin": [-1.12756, 22.87586, -15.3228], "size": [1.92689, 1.16044, 1.56487], "inflate": -0.399, "uv": [108, 79]},
						{"origin": [0.16619, 22.87586, -16.2428], "size": [1.40939, 1.16044, 2.31237], "inflate": -0.4, "pivot": [-0.16412, 23.45608, -15.37411], "rotation": [0, -38, 0], "uv": [102, 62]},
						{"origin": [-1.90381, 22.87586, -10.81565], "size": [1.12189, 1.16044, 2.31237], "inflate": -0.4, "pivot": [-0.16412, 23.45608, -9.37197], "rotation": [0, -38, 0], "uv": [102, 86]},
						{"origin": [0.45369, 22.87586, -6.49655], "size": [1.12189, 1.16044, 2.31237], "inflate": -0.4, "pivot": [-0.16412, 23.45608, -5.62786], "rotation": [0, -38, 0], "uv": [92, 102]},
						{"origin": [-1.90381, 22.87586, -6.49655], "size": [1.12189, 1.16044, 2.31237], "inflate": -0.4, "pivot": [-0.16412, 23.45608, -5.62786], "rotation": [0, 38, 0], "uv": [102, 89]},
						{"origin": [-1.90381, 22.87586, -10.24065], "size": [1.06439, 1.16044, 5.47487], "inflate": -0.4, "uv": [58, 90]},
						{"origin": [0.51119, 22.87586, -10.24065], "size": [1.06439, 1.16044, 5.47487], "inflate": -0.4, "uv": [90, 88]},
						{"origin": [0.45369, 22.87586, -10.81565], "size": [1.12189, 1.16044, 2.31237], "inflate": -0.4, "pivot": [-0.16412, 23.45608, -9.37197], "rotation": [0, 38, 0], "uv": [102, 83]},
						{"origin": [-1.90381, 22.87586, -16.2428], "size": [1.40939, 1.16044, 2.31237], "inflate": -0.4, "pivot": [-0.16412, 23.45608, -15.37411], "rotation": [0, 38, 0], "uv": [102, 80]},
						{"origin": [-0.98381, 22.87586, -14.4603], "size": [1.63939, 1.16044, 4.32487], "inflate": -0.398, "uv": [20, 95]},
						{"origin": [-0.98381, 22.87586, -4.6853], "size": [1.63939, 1.16044, 3.43362], "inflate": -0.4, "uv": [58, 96]},
						{"origin": [-1.63256, 22.51461, -5.39155], "size": [2.93689, 1.13544, 10.39487], "inflate": -0.1, "uv": [26, 64]},
						{"origin": [-2.13381, 22.12836, 5.98095], "size": [1.03564, 1.82169, 1.07612], "inflate": -0.4, "pivot": [-2.80912, 23.08233, 2.04839], "rotation": [0, 45, 0], "uv": [108, 60]},
						{"origin": [-2.11183, -4.98289, 14.18034], "size": [1.12189, 15.53544, 1.10486], "inflate": -0.4, "pivot": [-1.63714, 20.20733, 14.79027], "rotation": [-90, 0, 45], "uv": [44, 75]},
						{"origin": [-2.08308, 8.58711, 2.91034], "size": [1.12189, 14.61544, 1.10486], "inflate": -0.4, "pivot": [-1.60839, 22.27733, 3.52027], "rotation": [-90, 0, 45], "uv": [36, 84]},
						{"origin": [-2.14058, 21.77422, 3.74932], "size": [1.09314, 1.39043, 1.07611], "inflate": -0.4, "pivot": [-1.66589, 22.42631, 4.12925], "rotation": [-50.17575, 22.97182, -25.08071], "uv": [108, 85]},
						{"origin": [-4.86506, 22.12836, 5.98095], "size": [1.03564, 1.82169, 1.07612], "inflate": -0.4, "pivot": [-5.54037, 23.08233, 2.04839], "rotation": [0, 45, 0], "uv": [108, 83]},
						{"origin": [0.61942, 8.58711, 2.91034], "size": [1.12189, 14.61544, 1.10486], "inflate": -0.4, "pivot": [1.09411, 22.27733, 3.52027], "rotation": [-90, 0, 45], "uv": [32, 84]},
						{"origin": [0.61942, 6.51711, 2.91034], "size": [1.12189, 7.83044, 1.10486], "inflate": -0.4, "pivot": [1.09411, 20.20733, 3.52027], "rotation": [-90, 0, 45], "uv": [66, 96]},
						{"origin": [0.61942, 6.51711, 14.18034], "size": [1.12189, 4.03544, 1.10486], "inflate": -0.4, "pivot": [1.09411, 20.20733, 14.79027], "rotation": [-90, 0, 45], "uv": [58, 102]},
						{"origin": [0.56192, 21.77422, 3.74932], "size": [1.09314, 1.39043, 1.07611], "inflate": -0.4, "pivot": [1.03661, 22.42631, 4.12925], "rotation": [-50.17575, 22.97182, -25.08071], "uv": [62, 108]},
						{"origin": [-1.72567, 21.17961, 5.52095], "size": [3.12875, 1.49, 1.49], "inflate": -0.4, "pivot": [-0.1613, 21.92461, 6.26595], "rotation": [-25.5, 0, 0], "uv": [80, 62]},
						{"origin": [-2.18567, 18.13211, -1.14905], "size": [4.10625, 1.95, 1.95], "inflate": -0.4, "pivot": [-0.3913, 19.10711, -0.05905], "rotation": [37, 0, 0], "uv": [96, 22]},
						{"origin": [0.91933, 20.73213, -9.31427], "size": [1.03, 1.40375, 1.2025], "inflate": -0.4, "pivot": [0.66526, 19.19383, -9.1022], "rotation": [-83.25, 0, 0], "uv": [108, 64]},
						{"origin": [0.83308, 18.95304, -9.20831], "size": [1.03, 3.1, 1.26], "inflate": -0.4, "pivot": [0.66526, 19.19383, -9.1022], "rotation": [-76.25, 0, 0], "uv": [104, 46]},
						{"origin": [0.80418, 18.94617, -9.86039], "size": [1.05905, 3.1003, 1.2603], "inflate": -0.399, "pivot": [0.66526, 19.19383, -9.1022], "rotation": [-91.25, 0, 0], "uv": [104, 42]},
						{"origin": [-2.18567, 18.4129, -9.80872], "size": [4.10625, 1.95, 1.95], "inflate": -0.4, "pivot": [0.66526, 19.19383, -9.1022], "rotation": [-49.25, 0, 0], "uv": [96, 56]},
						{"origin": [0.83308, 17.83394, -2.00436], "size": [1.03, 3.1, 1.26], "inflate": -0.4, "pivot": [-0.1038, 19.37496, -1.21913], "rotation": [64, 0, 0], "uv": [10, 91]},
						{"origin": [0.91933, 19.41438, -1.92525], "size": [1.03, 1.40375, 1.2025], "inflate": -0.4, "pivot": [1.41995, 19.23938, -1.29525], "rotation": [71, 0, 0], "uv": [108, 62]},
						{"origin": [0.83293, 17.77596, -1.70167], "size": [1.0303, 3.1003, 1.2603], "inflate": -0.399, "pivot": [-0.1038, 19.37496, -1.21913], "rotation": [79, 0, 0], "uv": [70, 103]},
						{"origin": [0.71793, 19.38596, -2.56417], "size": [1.0303, 1.92155, 2.0078], "inflate": -0.397, "pivot": [-0.3338, 19.83496, -1.33413], "rotation": [70, 0, 0], "uv": [102, 92]},
						{"origin": [0.71793, 17.85922, -3.44254], "size": [1.0303, 1.92155, 2.38155], "inflate": -0.399, "pivot": [1.24745, 18.82, -2.06489], "rotation": [89.25, 0, 0], "uv": [102, 95]},
						{"origin": [0.71793, 19.69922, -2.40754], "size": [1.0303, 1.92155, 1.7778], "inflate": -0.399, "pivot": [1.24745, 20.66, -1.40364], "rotation": [49.75, 0, 0], "uv": [108, 81]},
						{"origin": [-0.80322, 22.37926, -22.65377], "size": [1.2782, 1.58413, 2.77955], "inflate": -0.2, "uv": [0, 102]},
						{"origin": [-0.31985, 23.90403, -22.72377], "size": [1.13196, 1.40473, 3.03455], "inflate": -0.5, "pivot": [0.19791, 24.70386, -21.09149], "rotation": [0, 0, -32.5], "uv": [70, 90]},
						{"origin": [-0.27503, 23.34145, -22.66627], "size": [1.13196, 1.43348, 1.19455], "inflate": -0.5, "pivot": [0.29095, 24.64756, -21.2065], "rotation": [-31.25, 0, -32.5], "uv": [108, 66]},
						{"origin": [-1.18517, 23.34145, -22.66627], "size": [1.13197, 1.43348, 1.19455], "inflate": -0.5, "pivot": [-0.61918, 24.64756, -21.2065], "rotation": [-31.25, 0, 32.5], "uv": [108, 68]},
						{"origin": [-0.18151, 23.54559, -22.95377], "size": [1.14215, 1.46611, 3.26455], "inflate": -0.5, "uv": [96, 24]},
						{"origin": [-0.20845, 23.03504, -22.95377], "size": [1.13196, 1.5904, 3.26455], "inflate": -0.5, "pivot": [0.30932, 24.02053, -21.09149], "rotation": [0, 0, 32.5], "uv": [96, 28]},
						{"origin": [-0.76187, 23.41114, -22.76153], "size": [1.115, 1.78505, 1.115], "inflate": -0.5, "pivot": [-0.16412, 24.28253, -22.11261], "rotation": [0, -25, 0], "uv": [106, 73]},
						{"origin": [-0.82634, 23.41114, -22.84778], "size": [1.2875, 1.44005, 1.2875], "inflate": -0.5, "pivot": [-0.16412, 24.28253, -22.11261], "rotation": [0, -25, 0], "uv": [106, 75]},
						{"origin": [-1.00322, 21.49351, -21.42033], "size": [1.6782, 2.12788, 2.43359], "inflate": -0.402, "pivot": [-0.16412, 22.44245, -19.94556], "rotation": [-48.5, 0, 0], "uv": [42, 60]},
						{"origin": [-0.99664, 23.25211, -22.85377], "size": [1.66504, 1.07387, 3.06455], "inflate": -0.4, "uv": [96, 32]},
						{"origin": [-1.25174, 23.03504, -22.95377], "size": [1.13196, 1.5904, 3.26455], "inflate": -0.5, "pivot": [-0.63755, 24.02053, -21.09149], "rotation": [0, 0, -32.5], "uv": [96, 36]},
						{"origin": [-1.14034, 23.90403, -22.72377], "size": [1.13196, 1.40473, 3.03455], "inflate": -0.5, "pivot": [-0.52615, 24.70386, -21.09149], "rotation": [0, 0, 32.5], "uv": [96, 40]},
						{"origin": [-1.28888, 23.54559, -22.95377], "size": [1.14215, 1.46611, 3.26455], "inflate": -0.5, "uv": [96, 44]},
						{"origin": [-0.78614, 22.30883, -21.14108], "size": [1.24406, 1.50393, 4.58955], "inflate": -0.3, "uv": [92, 94]},
						{"origin": [-1.93256, 22.92169, 4.61211], "size": [3.53689, 1.15015, 1.16321], "inflate": -0.401, "pivot": [-0.16412, 23.03981, 5.29914], "rotation": [45, 0, 0], "uv": [18, 82]},
						{"origin": [-1.53006, 22.89294, 4.84211], "size": [2.73189, 1.26515, 1.04821], "inflate": -0.4, "pivot": [-0.16412, 23.03981, 5.29914], "rotation": [45, 0, 0], "uv": [104, 0]},
						{"origin": [-1.93256, 22.03347, 4.18148], "size": [3.53689, 1.52327, 1.47946], "inflate": -0.402, "pivot": [-0.16412, 22.95291, 4.87809], "rotation": [23, 0, 0], "uv": [58, 88]},
						{"origin": [-1.53006, 22.03347, 4.72773], "size": [2.73189, 1.55202, 1.04821], "inflate": -0.4, "pivot": [-0.16412, 22.95291, 4.87809], "rotation": [23, 0, 0], "uv": [104, 2]},
						{"origin": [-1.53293, 20.1774, -2.42046], "size": [2.73762, 2.44674, 7.85884], "inflate": 0.001, "uv": [0, 77]},
						{"origin": [-1.81962, 18.6313, 4.84352], "size": [3.31101, 4.35766, 1.07519], "inflate": -0.3, "uv": [18, 77]},
						{"origin": [0.48163, 18.4313, 5.10352], "size": [1.20976, 4.75766, 1.36019], "inflate": -0.5, "uv": [62, 100]},
						{"origin": [-2.01962, 18.4313, 5.10352], "size": [1.20976, 4.75766, 1.36019], "inflate": -0.5, "uv": [6, 102]},
						{"origin": [-0.80294, 21.16773, 4.78281], "size": [1.33515, 1.52244, 1.71232], "inflate": 0.001, "uv": [106, 77]},
						{"origin": [0.00471, 21.28538, 6.07921], "size": [1.0711, 1.28714, 1.26575], "inflate": -0.4, "uv": [106, 98]},
						{"origin": [0.00471, 20.76788, 5.21671], "size": [1.0711, 2.32214, 1.67827], "inflate": -0.4, "uv": [14, 86]},
						{"origin": [-1.40404, 21.14163, 6.07921], "size": [1.0711, 1.48839, 1.18952], "inflate": -0.4, "pivot": [-1.08412, 21.9577, 6.05584], "rotation": [40, 0, 0], "uv": [106, 100]},
						{"origin": [-1.40404, 21.28538, 6.07921], "size": [1.0711, 1.28714, 1.26575], "inflate": -0.4, "uv": [106, 105]},
						{"origin": [-1.40404, 20.39413, 5.87771], "size": [1.0711, 1.48839, 1.18951], "inflate": -0.4, "pivot": [-1.08412, 21.2102, 7.09058], "rotation": [-40, 0, 0], "uv": [4, 107]},
						{"origin": [-1.40404, 20.76788, 5.21671], "size": [1.0711, 2.32214, 1.67827], "inflate": -0.4, "uv": [104, 50]},
						{"origin": [-0.78654, 21.24163, 5.71921], "size": [1.24485, 1.28839, 1.44952], "inflate": -0.3, "pivot": [-0.19287, 21.9577, 6.05584], "rotation": [40, 0, 0], "uv": [58, 107]},
						{"origin": [0.00471, 21.14163, 6.07921], "size": [1.0711, 1.48839, 1.18952], "inflate": -0.4, "pivot": [0.32463, 21.9577, 6.05584], "rotation": [40, 0, 0], "uv": [66, 107]},
						{"origin": [0.00471, 20.39413, 5.87771], "size": [1.0711, 1.48839, 1.18951], "inflate": -0.4, "pivot": [0.32463, 21.2102, 7.09058], "rotation": [-40, 0, 0], "uv": [70, 107]},
						{"origin": [-0.78654, 20.48945, 5.19924], "size": [1.24485, 1.96542, 2.05101], "inflate": -0.3, "uv": [10, 102]},
						{"origin": [-0.78654, 19.79945, 5.19924], "size": [1.24485, 1.30417, 1.59101], "inflate": -0.3, "uv": [74, 107]},
						{"origin": [-0.78654, 20.03178, 5.1307], "size": [1.24485, 1.41185, 1.84976], "inflate": -0.3, "pivot": [-0.19287, 20.53645, 6.22808], "rotation": [-33.75, 0, 0], "uv": [78, 107]},
						{"origin": [-1.53515, 23.02935, 3.69428], "size": [2.74206, 1.053, 1.63429], "inflate": -0.4, "uv": [104, 4]},
						{"origin": [-1.53293, 20.3499, -17.99911], "size": [2.73762, 2.27424, 8.02791], "inflate": 0.001, "uv": [28, 50]},
						{"origin": [-2.04778, 18.48379, -5.72021], "size": [3.73857, 1.17645, 1.18011], "inflate": -0.4, "pivot": [-0.16412, 19.56077, -4.3539], "rotation": [-22.5, 0, 0], "uv": [46, 100]},
						{"origin": [-2.04778, 20.66879, -11.24021], "size": [3.73857, 1.17645, 1.18011], "inflate": -0.4, "pivot": [-0.16412, 21.74577, -9.8739], "rotation": [-22.5, 0, 0], "uv": [54, 100]},
						{"origin": [-2.04778, 20.66879, -12.16021], "size": [3.73857, 1.17645, 1.18011], "inflate": -0.4, "pivot": [-0.16412, 21.74577, -10.7939], "rotation": [-22.5, 0, 0], "uv": [100, 67]},
						{"origin": [-1.93278, 19.77754, -10.12909], "size": [3.53732, 1.81625, 8.11599], "inflate": -0.4, "uv": [66, 64]},
						{
							"origin": [-0.23332, 21.15598, -9.98799],
							"size": [1.43801, 1.46816, 7.57504],
							"inflate": 0.001,
							"uv": {
								"north": {"uv": [30, 96], "uv_size": [1, 1]},
								"east": {"uv": [108, 70], "uv_size": [8, 1]},
								"south": {"uv": [31, 96], "uv_size": [1, 1]},
								"west": {"uv": [86, 108], "uv_size": [8, 1]},
								"up": {"uv": [48, 75], "uv_size": [1, 8]},
								"down": {"uv": [49, 83], "uv_size": [1, -8]}
							}
						},
						{"origin": [-1.33586, 20.64418, -22.06777], "size": [1.05103, 2.45979, 4.51316], "inflate": -0.4, "pivot": [-0.17662, 22.01415, -19.92619], "rotation": [0, 0, 37.5], "uv": [40, 91]},
						{"origin": [0.14675, 20.63841, -22.06777], "size": [1.10853, 2.40228, 4.51316], "inflate": -0.4, "pivot": [-0.17586, 21.71018, -19.81119], "rotation": [0, 0, -51.5], "uv": [70, 94]},
						{"origin": [-1.57825, 20.63841, -22.06777], "size": [1.07978, 2.40228, 4.51316], "inflate": -0.4, "pivot": [-0.17586, 21.71018, -19.81119], "rotation": [0, 0, -51.5], "uv": [94, 0]},
						{"origin": [0.27414, 20.35668, -22.06777], "size": [1.13728, 2.83354, 4.51316], "inflate": -0.4, "pivot": [-0.17662, 22.01415, -19.92619], "rotation": [0, 0, 37.5], "uv": [92, 82]},
						{"origin": [-0.80778, 20.82248, -28.62461], "size": [2.28344, 2.3, 3.27253], "inflate": -0.4, "pivot": [-0.26945, 22.60825, -23.63934], "rotation": [0, 0, 37.5], "uv": [53, 109]},
						{"origin": [-0.70778, 20.92248, -26.32461], "size": [2.08344, 2.1, 9.37253], "inflate": -0.5, "pivot": [-0.26945, 22.60825, -21.13934], "rotation": [0, 0, 37.5], "uv": [40, 117]},
						{"origin": [-1.44541, 20.22853, -22.85473], "size": [1.03, 3.0425, 1.605], "inflate": -0.4, "pivot": [-0.09037, 21.95665, -23.82499], "rotation": [0, 0, 37.5], "uv": [104, 14]},
						{"origin": [0.29712, 20.47479, -22.85473], "size": [1.03, 2.525, 1.605], "inflate": -0.4, "pivot": [-0.16538, 21.70854, -22.05223], "rotation": [0, 0, 127.5], "uv": [106, 9]},
						{"origin": [-1.71538, 20.30229, -22.85473], "size": [1.03, 2.49625, 1.605], "inflate": -0.4, "pivot": [-0.16538, 21.62229, -22.05223], "rotation": [0, 0, 127.5], "uv": [106, 6]},
						{"origin": [0.42334, 20.37228, -22.85473], "size": [1.03, 2.95625, 1.605], "inflate": -0.4, "pivot": [-0.29162, 22.01415, -23.82499], "rotation": [0, 0, 37.5], "uv": [102, 105]},
						{"origin": [-1.53256, 17.85043, -6.86055], "size": [2.73689, 2.34469, 12.29886], "uv": [0, 50]},
						{"origin": [-1.53044, 19.01944, -17.71583], "size": [2.73266, 2.59843, 11.38222], "pivot": [-0.16412, 20.82069, -11.89939], "rotation": [-12.5, 0, 0], "uv": [0, 64]},
						{"origin": [-1.83271, 15.94229, -10.29971], "size": [3.33719, 1.06376, 4.36759], "inflate": -0.299, "pivot": [-0.16412, 16.85658, -8.38873], "rotation": [-8, 0, 0], "uv": [18, 84]},
						{"origin": [-2.00893, 15.66396, -10.75234], "size": [3.62466, 1.06346, 4.95931], "inflate": -0.3, "pivot": [-0.16412, 16.57809, -8.61152], "rotation": [-8, 0, 0], "uv": [0, 86]},
						{"origin": [-1.53212, 16.63207, -10.27263], "size": [2.736, 3.03961, 2.26978], "inflate": -0.01, "uv": [50, 92]},
						{"origin": [-1.53438, 16.36988, -8.47401], "size": [2.74052, 2.8399, 2.20004], "inflate": -0.002, "uv": [96, 48]},
						{"origin": [-0.73187, 22.42058, 4.24063], "size": [1.145, 1.145, 1.835], "inflate": -0.4, "uv": [82, 107]},
						{"origin": [-1.12108, 15.57342, -6.71072], "size": [1.91394, 2.6919, 1.77019], "inflate": -0.4, "uv": [104, 53]},
						{"origin": [-0.92715, 14.80621, -5.99954], "size": [1.49, 1.605, 1.145], "inflate": -0.4, "pivot": [-0.18215, 15.32121, -5.46805], "rotation": [-4, 0, 0], "uv": [106, 107]},
						{"origin": [-0.92715, 14.10312, -5.90401], "size": [1.49, 1.46125, 1.145], "inflate": -0.4, "pivot": [-0.16412, 14.5444, -5.87118], "rotation": [9, 0, 0], "uv": [0, 108]},
						{"origin": [-0.7426, 16.02022, -2.77599], "size": [1.15697, 2.31218, 1.06054], "inflate": -0.3, "pivot": [-0.16412, 16.56933, -2.49816], "rotation": [9, 0, 0], "uv": [104, 58]},
						{"origin": [-0.7426, 15.16466, -2.73318], "size": [1.15697, 3.28276, 1.17554], "inflate": -0.3, "pivot": [-0.16412, 16.56933, -2.34035], "rotation": [-6, 0, 0], "uv": [16, 104]},
						{"origin": [-0.7426, 16.38072, -2.50318], "size": [1.15697, 2.22657, 1.06054], "inflate": -0.3, "pivot": [-0.16412, 16.9592, -2.34035], "rotation": [-22, 0, 0], "uv": [66, 104]},
						{"origin": [-0.8426, 13.9664, -3.14536], "size": [1.35697, 2.07175, 1.09706], "inflate": -0.4, "pivot": [-0.16412, 14.92337, -2.59683], "rotation": [-19, 0, 0], "uv": [74, 104]},
						{"origin": [-0.8426, 13.93107, -3.01539], "size": [1.35697, 2.07924, 1.09705], "inflate": -0.4, "pivot": [-0.16412, 14.89551, -2.46687], "rotation": [-31, 0, 0], "uv": [78, 104]},
						{"origin": [-0.92715, 13.26315, -5.44941], "size": [1.49, 1.605, 1.145], "inflate": -0.4, "pivot": [-0.16412, 13.80655, -5.41659], "rotation": [35, 0, 0], "uv": [8, 108]},
						{"origin": [-0.92715, 12.96611, -4.80349], "size": [1.49, 1.28875, 1.145], "inflate": -0.4, "pivot": [-0.16412, 13.22172, -4.77067], "rotation": [51, 0, 0], "uv": [12, 108]},
						{"origin": [-0.92715, 12.75349, -4.20308], "size": [1.49, 1.3175, 1.145], "inflate": -0.4, "pivot": [-0.16412, 13.03786, -4.17025], "rotation": [71, 0, 0], "uv": [108, 14]},
						{"origin": [-0.92715, 14.75103, -5.34596], "size": [1.49, 1.3175, 1.145], "inflate": -0.4, "pivot": [-0.16412, 15.00665, -3.21736], "rotation": [80, 0, 0], "uv": [16, 108]},
						{"origin": [-0.92715, 10.76633, -3.53354], "size": [1.49, 2.755, 1.145], "inflate": -0.4, "pivot": [-0.16412, 12.96721, -3.50071], "rotation": [91, 0, 0], "uv": [82, 104]},
						{"origin": [-0.92715, 12.10307, -1.49789], "size": [1.49, 1.49, 1.145], "inflate": -0.4, "pivot": [-0.16412, 13.05075, -1.46506], "rotation": [107, 0, 0], "uv": [108, 16]},
						{"origin": [-0.92715, 12.74007, -1.54668], "size": [1.49, 1.49, 1.145], "inflate": -0.4, "pivot": [-0.18215, 13.71507, -1.03168], "rotation": [122, 0, 0], "uv": [20, 108]},
						{"origin": [-0.92715, 13.31318, 0.31264], "size": [1.49, 2.15125, 1.145], "inflate": -0.4, "pivot": [-0.16412, 14.34711, 0.14124], "rotation": [164.5, 0, 0], "uv": [104, 102]},
						{"origin": [-1.82003, 14.01568, -2.80491], "size": [3.31183, 1.34026, 2.33606], "inflate": -0.1, "pivot": [-0.16412, 14.54836, -0.56525], "rotation": [164.5, 0, 0], "uv": [96, 11]},
						{"origin": [-1.82048, 15.59331, 2.44767], "size": [3.31273, 1.45616, 1.18695], "inflate": -0.097, "pivot": [-0.16412, 16.12645, 3.53777], "rotation": [-178, 0, 0], "uv": [0, 100]},
						{"origin": [-1.82003, 16.31034, 2.84728], "size": [3.31183, 3.03407, 3.2948], "inflate": -0.1, "pivot": [-0.16412, 17.15685, 3.93694], "rotation": [153, 0, 0], "uv": [14, 89]},
						{"origin": [-1.81853, 15.1833, 4.32297], "size": [3.30883, 4.77338, 1.20306], "inflate": -0.11, "pivot": [-0.16412, 17.56999, 4.9245], "rotation": [99.75, 0, 0], "uv": [96, 14]},
						{"origin": [-1.82018, 17.22255, 1.10167], "size": [3.31213, 1.7126, 4.21104], "inflate": -0.099, "pivot": [-0.16412, 18.07885, 3.23594], "rotation": [-178, 0, 0], "uv": [86, 73]},
						{"origin": [-2.49378, 18.01588, 0.86899], "size": [4.65933, 1.24854, 4.72449], "inflate": -0.4, "pivot": [1.56088, 18.62577, 3.24561], "rotation": [-178, 0, 0], "uv": [80, 57]},
						{"origin": [0.78372, 17.69963, 0.89774], "size": [1.29558, 1.70854, 4.69574], "inflate": -0.4, "pivot": [1.47463, 18.30952, 3.24561], "rotation": [-178.32722, -1.09643, 33.23399], "uv": [10, 95]},
						{"origin": [-2.49378, 17.64213, -0.59726], "size": [4.65933, 1.24854, 3.51699], "inflate": -0.4, "pivot": [-1.88912, 18.28077, 0.60061], "rotation": [-160.5, 0, 0], "uv": [86, 78]},
						{"origin": [0.67337, 16.87018, -1.36763], "size": [1.29558, 1.70854, 3.43074], "inflate": -0.4, "pivot": [1.36429, 17.68132, 0.26149], "rotation": [-162.81712, -10.54519, 30.85079], "uv": [96, 52]},
						{"origin": [0.67337, 17.27268, 4.58362], "size": [1.29558, 1.62229, 2.97074], "inflate": -0.398, "pivot": [1.36429, 18.08382, 6.15524], "rotation": [173.1883, 4.62258, 32.95208], "uv": [52, 102]},
						{"origin": [-2.29719, 16.87018, -1.36763], "size": [1.29558, 1.70854, 3.43074], "inflate": -0.4, "pivot": [-1.69252, 17.68132, 0.26149], "rotation": [-162.81712, 10.54519, -30.85079], "uv": [96, 58]},
						{"origin": [-2.40753, 17.69963, 0.89774], "size": [1.29558, 1.70854, 4.69574], "inflate": -0.4, "pivot": [-1.80287, 18.30952, 3.24561], "rotation": [-178.32722, 1.09643, -33.23399], "uv": [96, 6]},
						{"origin": [-2.29719, 17.27268, 4.58362], "size": [1.29558, 1.62229, 2.97074], "inflate": -0.398, "pivot": [-1.69252, 18.08382, 6.15524], "rotation": [173.1883, -4.62258, -32.95208], "uv": [98, 102]},
						{"origin": [-2.49378, 17.78595, 3.60426], "size": [4.65933, 1.24854, 3.02824], "inflate": -0.4, "pivot": [1.73338, 18.51084, 5.69338], "rotation": [172, 0, 0], "uv": [28, 60]},
						{"origin": [-2.03378, 18.2172, 3.60426], "size": [3.73933, 1.50729, 1.04449], "inflate": -0.398, "pivot": [1.73338, 18.51084, 5.69338], "rotation": [172, 0, 0], "uv": [100, 69]},
						{"origin": [-1.64768, 18.40205, 3.99036], "size": [2.96713, 1.13759, 2.31354], "inflate": -0.099, "pivot": [1.73338, 18.74084, 5.69338], "rotation": [172, 0, 0], "uv": [92, 99]},
						{"origin": [-0.92715, 13.9435, 0.02784], "size": [1.49, 1.605, 1.145], "inflate": -0.4, "pivot": [-0.16412, 15.00619, 0.06067], "rotation": [-175.5, 0, 0], "uv": [24, 108]},
						{"origin": [-1.82003, 14.531, -2.05301], "size": [3.31183, 2.05387, 1.69555], "inflate": -0.1, "pivot": [-0.16412, 15.20744, -0.45385], "rotation": [-175.5, 0, 0], "uv": [0, 97]},
						{"origin": [-0.92715, 9.22175, 0.55823], "size": [1.49, 3.445, 1.145], "inflate": -0.4, "pivot": [-0.16412, 14.07385, 0.59106], "rotation": [-160.5, 0, 0], "uv": [20, 104]},
						{"origin": [-1.82033, 13.67992, -3.30196], "size": [3.31243, 4.83609, 2.87054], "inflate": -0.098, "pivot": [-0.16412, 15.8851, -0.5374], "rotation": [-160, 0, 0], "uv": [0, 91]},
						{"origin": [-1.82047, 8.4705, 1.09598], "size": [3.31271, 5.70455, 4.81654], "inflate": -0.09, "pivot": [-0.16412, 12.17731, 3.50425], "rotation": [-154.5, 0, 0], "uv": [80, 0]},
						{"origin": [-2.54772, 13.1195, 0.48373], "size": [4.76721, 2.0703, 4.94854], "inflate": -0.8, "pivot": [1.01463, 14.34153, 2.958], "rotation": [-8, 0, 0], "uv": [80, 9]},
						{"origin": [-2.54772, 12.257, 0.82873], "size": [4.76721, 2.0703, 4.94854], "inflate": -0.8, "pivot": [1.01463, 13.47903, 3.303], "rotation": [-8, 0, 0], "uv": [80, 21]},
						{"origin": [-2.54772, 11.337, 1.17373], "size": [4.76721, 2.0703, 4.94854], "inflate": -0.8, "pivot": [1.01463, 12.55903, 3.648], "rotation": [-8, 0, 0], "uv": [80, 27]},
						{"origin": [-2.54772, 10.417, 1.40373], "size": [4.76721, 2.0703, 4.94854], "inflate": -0.8, "pivot": [1.01463, 11.63903, 3.878], "rotation": [-8, 0, 0], "uv": [80, 33]},
						{"origin": [-2.54772, 9.497, 1.63373], "size": [4.76721, 2.0703, 4.94854], "inflate": -0.8, "pivot": [1.01463, 10.71903, 4.108], "rotation": [-8, 0, 0], "uv": [80, 39]},
						{"origin": [-2.54772, 8.577, 1.86373], "size": [4.76721, 2.0703, 4.94854], "inflate": -0.8, "pivot": [1.01463, 9.79903, 4.338], "rotation": [-8, 0, 0], "uv": [80, 45]},
						{"origin": [-2.54772, 7.657, 2.09373], "size": [4.76721, 2.0703, 4.94854], "inflate": -0.8, "pivot": [1.01463, 8.87903, 4.568], "rotation": [-8, 0, 0], "uv": [80, 51]},
						{"origin": [-2.54772, 13.95325, 0.02373], "size": [4.76721, 2.0703, 4.14354], "inflate": -0.8, "pivot": [1.01463, 15.17528, 2.498], "rotation": [-8, 0, 0], "uv": [80, 15]},
						{"origin": [-2.54772, 6.76575, 2.20873], "size": [4.76721, 2.0703, 3.74104], "inflate": -0.8, "pivot": [1.01463, 7.98778, 4.683], "rotation": [-8, 0, 0], "uv": [88, 62]},
						{"origin": [-1.817, 6.63489, 2.90033], "size": [3.30578, 5.01383, 3.76064], "inflate": -0.092, "pivot": [-0.16412, 9.18821, 4.25617], "rotation": [-168.5, 0, 0], "uv": [66, 82]},
						{"origin": [-1.81897, 7.67696, 4.41393], "size": [3.30971, 1.55111, 2.75185], "inflate": -0.1, "pivot": [-0.16412, 8.51001, 5.77084], "rotation": [124, 0, 0], "uv": [96, 19]},
						{"origin": [-1.82215, 9.54866, 6.5542], "size": [3.31606, 2.30424, 1.23671], "inflate": -0.1, "pivot": [-0.16412, 10.09739, 6.3928], "rotation": [109, 0, 0], "uv": [40, 97]},
						{"origin": [-1.82003, 8.38114, 7.18422], "size": [3.31183, 2.09577, 1.12235], "inflate": -0.1, "pivot": [-0.16412, 8.91846, 6.68056], "rotation": [104, 0, 0], "uv": [48, 97]},
						{"origin": [-1.82109, 7.90575, 5.83625], "size": [3.31395, 2.12664, 1.95747], "inflate": -0.1, "pivot": [-0.16412, 8.47288, 6.56916], "rotation": [95, 0, 0], "uv": [80, 98]},
						{"origin": [-1.82109, 6.83555, 1.14458], "size": [3.31395, 1.79967, 1.33436], "inflate": -0.1, "pivot": [-0.16412, 7.60601, 2.07051], "rotation": [156.5, 0, 0], "uv": [8, 100]},
						{"origin": [-1.02108, 15.88512, -5.86512], "size": [1.71394, 2.75002, 1.8604], "inflate": -0.3, "pivot": [-0.16412, 17.94887, -5.35729], "rotation": [-27.5, 0, 0], "uv": [0, 105]},
						{"origin": [-1.12108, 14.92091, -6.64844], "size": [1.91394, 1.58634, 1.37554], "inflate": -0.4, "pivot": [-0.16412, 15.72097, -6.15561], "rotation": [-15, 0, 0], "uv": [108, 24]},
						{"origin": [-1.12108, 14.10492, -6.74127], "size": [1.91394, 1.67258, 1.37554], "inflate": -0.4, "uv": [108, 26]},
						{"origin": [-1.12123, 13.30645, -6.56504], "size": [1.91424, 1.67288, 1.37493], "inflate": -0.399, "pivot": [-0.16412, 14.07791, -6.04422], "rotation": [21, 0, 0], "uv": [28, 108]},
						{"origin": [-1.02108, 11.2901, -5.89207], "size": [1.71394, 3.42804, 1.08812], "inflate": -0.3, "pivot": [-0.16412, 13.4281, -5.67291], "rotation": [35, 0, 0], "uv": [24, 104]},
						{"origin": [-1.12108, 11.01373, -6.07291], "size": [1.91394, 3.08268, 1.05812], "inflate": -0.4, "pivot": [-0.16412, 13.22389, -5.83999], "rotation": [40, 0, 0], "uv": [104, 24]}
					]
				},
				{
					"name": "stock",
					"parent": "gun",
					"pivot": [1.00136, 21.91258, 6.1965],
					"rotation": [-27.5, 0, 0],
					"cubes": [
						{"origin": [0.26963, 21.74433, 5.60371], "size": [1.0875, 2.15125, 1.5475], "inflate": -0.4, "pivot": [0.75588, 22.18746, 6.27683], "rotation": [-152.5, 0, 0], "uv": [10, 105]},
						{"origin": [-1.65662, 25.66149, 29.55639], "size": [2.985, 1.63375, 1.03], "inflate": -0.4, "pivot": [-0.16412, 24.71024, 30.11451], "rotation": [-77.5, 0, 0], "uv": [104, 28]},
						{"origin": [-1.65662, 17.49649, 29.55639], "size": [2.985, 1.63375, 1.03], "inflate": -0.4, "pivot": [-0.16412, 24.71024, 30.11451], "rotation": [-77.5, 0, 0], "uv": [104, 30]},
						{"origin": [-1.65662, 29.51399, 29.64264], "size": [2.985, 3.30125, 1.03], "inflate": -0.4, "pivot": [-0.16412, 24.71024, 30.11451], "rotation": [-77.5, 0, 0], "uv": [26, 89]},
						{"origin": [0.26963, 23.03827, 5.71442], "size": [1.0875, 2.26625, 1.57625], "inflate": -0.4, "pivot": [0.75588, 22.18746, 6.27683], "rotation": [-147.5, 0, 0], "uv": [46, 105]},
						{"origin": [0.44213, 20.84556, 7.36563], "size": [1.0875, 27.16375, 1.51875], "inflate": -0.4, "pivot": [0.92838, 20.10994, 8.15376], "rotation": [-77.5, 0, 0], "uv": [50, 64]},
						{"origin": [0.26963, 18.66056, 7.36563], "size": [1.0875, 3.24375, 1.51875], "inflate": -0.4, "pivot": [0.75588, 20.10994, 8.15376], "rotation": [-77.5, 0, 0], "uv": [104, 32]},
						{"origin": [0.44213, 24.75556, 36.57563], "size": [1.0875, 6.34875, 1.51875], "inflate": -0.4, "pivot": [0.98588, 26.20494, 37.68001], "rotation": [12.5, 0, 0], "uv": [40, 84]},
						{"origin": [0.44213, 24.87056, 34.33313], "size": [1.0875, 2.84125, 1.6625], "inflate": -0.4, "pivot": [0.98588, 24.36494, 36.07001], "rotation": [12.5, 0, 0], "uv": [50, 105]},
						{"origin": [0.44213, 24.87056, 35.13813], "size": [1.0875, 2.0075, 2.8125], "inflate": -0.4, "pivot": [0.98588, 24.36494, 38.02501], "rotation": [12.5, 0, 0], "uv": [16, 100]},
						{"origin": [0.44183, 23.34736, 37.9311], "size": [1.0881, 1.92185, 1.51935], "inflate": -0.398, "pivot": [0.98588, 26.4343, 38.8837], "rotation": [-43.5, 0, 0], "uv": [32, 108]},
						{"origin": [-1.69154, 21.49726, 6.0965], "size": [1.0711, 1.28714, 1.26575], "inflate": -0.4, "pivot": [-1.15599, 21.95258, 6.65877], "rotation": [27.5, 0, 0], "uv": [108, 32]},
						{"origin": [-1.69154, 21.40813, 5.45042], "size": [1.09985, 1.48839, 1.18952], "inflate": -0.4, "pivot": [-1.08412, 22.18746, 6.27683], "rotation": [-112.5, 0, 0], "uv": [108, 34]},
						{"origin": [-1.69154, 21.22159, 5.80254], "size": [1.09985, 2.32214, 1.33327], "inflate": -0.4, "pivot": [-1.08412, 22.18746, 6.27683], "rotation": [-152.5, 0, 0], "uv": [54, 105]},
						{"origin": [-1.69154, 21.01881, 6.13094], "size": [1.0711, 1.48839, 1.18951], "inflate": -0.4, "pivot": [-1.15599, 21.95258, 6.65877], "rotation": [-12.5, 0, 0], "uv": [36, 108]},
						{"origin": [-1.68537, 21.74433, 5.60371], "size": [1.0875, 2.15125, 1.5475], "inflate": -0.4, "pivot": [-1.08412, 22.18746, 6.27683], "rotation": [-152.5, 0, 0], "uv": [62, 105]},
						{"origin": [-1.68537, 23.03827, 5.71442], "size": [1.0875, 2.26625, 1.57625], "inflate": -0.4, "pivot": [-1.08412, 22.18746, 6.27683], "rotation": [-147.5, 0, 0], "uv": [86, 105]},
						{"origin": [-1.68537, 18.66056, 7.36563], "size": [1.0875, 3.24375, 1.51875], "inflate": -0.4, "pivot": [-1.08412, 20.10994, 8.15376], "rotation": [-77.5, 0, 0], "uv": [104, 36]},
						{"origin": [-1.85772, 24.87071, 35.13828], "size": [1.0872, 2.0072, 2.8122], "inflate": -0.401, "pivot": [-1.31412, 24.36494, 38.02501], "rotation": [12.5, 0, 0], "uv": [22, 100]},
						{"origin": [-1.85787, 24.87056, 34.33313], "size": [1.0875, 2.84125, 1.6625], "inflate": -0.4, "pivot": [-1.31412, 24.36494, 36.07001], "rotation": [12.5, 0, 0], "uv": [90, 105]},
						{"origin": [-1.85757, 24.75586, 36.57593], "size": [1.0869, 6.34815, 1.51815], "inflate": -0.402, "pivot": [-1.31412, 26.20494, 37.68001], "rotation": [12.5, 0, 0], "uv": [88, 98]},
						{"origin": [-1.85787, 25.14219, 33.72002], "size": [1.0875, 6.34875, 1.51875], "inflate": -0.4, "pivot": [-1.31412, 26.80869, 34.74751], "rotation": [-26.5, 0, 0], "uv": [30, 99]},
						{"origin": [-1.85787, 20.84556, 7.36563], "size": [1.0875, 27.16375, 1.51875], "inflate": -0.4, "pivot": [-1.25662, 20.10994, 8.15376], "rotation": [-77.5, 0, 0], "uv": [54, 64]},
						{"origin": [-1.85802, 22.13204, 33.9911], "size": [1.0878, 5.7453, 1.6053], "inflate": -0.399, "pivot": [-0.10662, 25.07657, 34.83687], "rotation": [-98.5, 0, 0], "uv": [38, 100]},
						{"origin": [-1.85817, 23.34736, 37.9311], "size": [1.0881, 1.92185, 1.51935], "inflate": -0.398, "pivot": [-1.31412, 26.4343, 38.8837], "rotation": [-43.5, 0, 0], "uv": [108, 36]},
						{"origin": [0.44228, 25.14234, 33.72017], "size": [1.0872, 6.34845, 1.51845], "inflate": -0.401, "pivot": [0.98588, 26.80869, 34.74751], "rotation": [-26.5, 0, 0], "uv": [34, 99]},
						{"origin": [0.44198, 22.13204, 33.9911], "size": [1.0878, 5.7453, 1.6053], "inflate": -0.399, "pivot": [-0.22162, 25.07657, 34.83687], "rotation": [-98.5, 0, 0], "uv": [42, 100]},
						{"origin": [0.26346, 21.40813, 5.45042], "size": [1.09985, 1.48839, 1.18952], "inflate": -0.4, "pivot": [0.75588, 22.18746, 6.27683], "rotation": [-112.5, 0, 0], "uv": [108, 38]},
						{"origin": [-1.69154, 21.10136, 5.26333], "size": [1.0711, 1.28714, 1.26575], "inflate": -0.4, "pivot": [-0.16412, 21.74281, 5.82317], "rotation": [-152.5, 0, 0], "uv": [40, 108]},
						{"origin": [-1.69154, 20.66489, 5.04371], "size": [1.09985, 1.48839, 1.18952], "inflate": -0.4, "pivot": [-0.16412, 21.74281, 5.82317], "rotation": [67.5, 0, 0], "uv": [108, 42]},
						{"origin": [-1.69154, 20.66801, 5.41683], "size": [1.0711, 1.48839, 1.18952], "inflate": -0.4, "pivot": [-0.16412, 21.74281, 5.82317], "rotation": [167.5, 0, 0], "uv": [44, 108]},
						{"origin": [0.29221, 20.66801, 5.41683], "size": [1.0711, 1.48839, 1.18952], "inflate": -0.4, "pivot": [-0.16412, 21.74281, 5.82317], "rotation": [167.5, 0, 0], "uv": [108, 44]},
						{"origin": [0.29221, 21.10136, 5.26333], "size": [1.0711, 1.28714, 1.26575], "inflate": -0.4, "pivot": [-0.16412, 21.74281, 5.82317], "rotation": [-152.5, 0, 0], "uv": [108, 46]},
						{"origin": [0.26346, 20.66489, 5.04371], "size": [1.09985, 1.48839, 1.18952], "inflate": -0.4, "pivot": [-0.16412, 21.74281, 5.82317], "rotation": [67.5, 0, 0], "uv": [48, 108]},
						{"origin": [0.26346, 21.22159, 5.80254], "size": [1.09985, 2.32214, 1.33327], "inflate": -0.4, "pivot": [0.75588, 22.18746, 6.27683], "rotation": [-152.5, 0, 0], "uv": [94, 105]},
						{"origin": [0.29221, 21.49726, 6.0965], "size": [1.0711, 1.28714, 1.26575], "inflate": -0.4, "pivot": [0.82776, 21.95258, 6.65877], "rotation": [27.5, 0, 0], "uv": [108, 48]},
						{"origin": [0.29221, 21.01881, 6.13094], "size": [1.0711, 1.48839, 1.18951], "inflate": -0.4, "pivot": [0.82776, 21.95258, 6.65877], "rotation": [-12.5, 0, 0], "uv": [108, 50]}
					]
				},
				{
					"name": "stockfolded",
					"parent": "gun",
					"pivot": [1.00136, 21.91258, 6.1965],
					"rotation": [167.5, 0, 0],
					"cubes": [
						{"origin": [0.26963, 21.74433, 5.60371], "size": [1.0875, 2.15125, 1.5475], "inflate": -0.4, "pivot": [0.75588, 22.18746, 6.27683], "rotation": [-152.5, 0, 0], "uv": [10, 105]},
						{"origin": [-1.65662, 25.66149, 29.55639], "size": [2.985, 1.63375, 1.03], "inflate": -0.4, "pivot": [-0.16412, 24.71024, 30.11451], "rotation": [-77.5, 0, 0], "uv": [104, 28]},
						{"origin": [-1.65662, 17.49649, 29.55639], "size": [2.985, 1.63375, 1.03], "inflate": -0.4, "pivot": [-0.16412, 24.71024, 30.11451], "rotation": [-77.5, 0, 0], "uv": [104, 30]},
						{"origin": [-1.65662, 29.51399, 29.64264], "size": [2.985, 3.30125, 1.03], "inflate": -0.4, "pivot": [-0.16412, 24.71024, 30.11451], "rotation": [-77.5, 0, 0], "uv": [26, 89]},
						{"origin": [0.26963, 23.03827, 5.71442], "size": [1.0875, 2.26625, 1.57625], "inflate": -0.4, "pivot": [0.75588, 22.18746, 6.27683], "rotation": [-147.5, 0, 0], "uv": [46, 105]},
						{"origin": [0.44213, 20.84556, 7.36563], "size": [1.0875, 27.16375, 1.51875], "inflate": -0.4, "pivot": [0.92838, 20.10994, 8.15376], "rotation": [-77.5, 0, 0], "uv": [50, 64]},
						{"origin": [0.26963, 18.66056, 7.36563], "size": [1.0875, 3.24375, 1.51875], "inflate": -0.4, "pivot": [0.75588, 20.10994, 8.15376], "rotation": [-77.5, 0, 0], "uv": [104, 32]},
						{"origin": [0.44213, 24.75556, 36.57563], "size": [1.0875, 6.34875, 1.51875], "inflate": -0.4, "pivot": [0.98588, 26.20494, 37.68001], "rotation": [12.5, 0, 0], "uv": [40, 84]},
						{"origin": [0.44213, 24.87056, 34.33313], "size": [1.0875, 2.84125, 1.6625], "inflate": -0.4, "pivot": [0.98588, 24.36494, 36.07001], "rotation": [12.5, 0, 0], "uv": [50, 105]},
						{"origin": [0.44213, 24.87056, 35.13813], "size": [1.0875, 2.0075, 2.8125], "inflate": -0.4, "pivot": [0.98588, 24.36494, 38.02501], "rotation": [12.5, 0, 0], "uv": [16, 100]},
						{"origin": [0.44183, 23.34736, 37.9311], "size": [1.0881, 1.92185, 1.51935], "inflate": -0.398, "pivot": [0.98588, 26.4343, 38.8837], "rotation": [-43.5, 0, 0], "uv": [32, 108]},
						{"origin": [-1.69154, 21.49726, 6.0965], "size": [1.0711, 1.28714, 1.26575], "inflate": -0.4, "pivot": [-1.15599, 21.95258, 6.65877], "rotation": [27.5, 0, 0], "uv": [108, 32]},
						{"origin": [-1.69154, 21.40813, 5.45042], "size": [1.09985, 1.48839, 1.18952], "inflate": -0.4, "pivot": [-1.08412, 22.18746, 6.27683], "rotation": [-112.5, 0, 0], "uv": [108, 34]},
						{"origin": [-1.69154, 21.22159, 5.80254], "size": [1.09985, 2.32214, 1.33327], "inflate": -0.4, "pivot": [-1.08412, 22.18746, 6.27683], "rotation": [-152.5, 0, 0], "uv": [54, 105]},
						{"origin": [-1.69154, 21.01881, 6.13094], "size": [1.0711, 1.48839, 1.18951], "inflate": -0.4, "pivot": [-1.15599, 21.95258, 6.65877], "rotation": [-12.5, 0, 0], "uv": [36, 108]},
						{"origin": [-1.68537, 21.74433, 5.60371], "size": [1.0875, 2.15125, 1.5475], "inflate": -0.4, "pivot": [-1.08412, 22.18746, 6.27683], "rotation": [-152.5, 0, 0], "uv": [62, 105]},
						{"origin": [-1.68537, 23.03827, 5.71442], "size": [1.0875, 2.26625, 1.57625], "inflate": -0.4, "pivot": [-1.08412, 22.18746, 6.27683], "rotation": [-147.5, 0, 0], "uv": [86, 105]},
						{"origin": [-1.68537, 18.66056, 7.36563], "size": [1.0875, 3.24375, 1.51875], "inflate": -0.4, "pivot": [-1.08412, 20.10994, 8.15376], "rotation": [-77.5, 0, 0], "uv": [104, 36]},
						{"origin": [-1.85772, 24.87071, 35.13828], "size": [1.0872, 2.0072, 2.8122], "inflate": -0.401, "pivot": [-1.31412, 24.36494, 38.02501], "rotation": [12.5, 0, 0], "uv": [22, 100]},
						{"origin": [-1.85787, 24.87056, 34.33313], "size": [1.0875, 2.84125, 1.6625], "inflate": -0.4, "pivot": [-1.31412, 24.36494, 36.07001], "rotation": [12.5, 0, 0], "uv": [90, 105]},
						{"origin": [-1.85757, 24.75586, 36.57593], "size": [1.0869, 6.34815, 1.51815], "inflate": -0.402, "pivot": [-1.31412, 26.20494, 37.68001], "rotation": [12.5, 0, 0], "uv": [88, 98]},
						{"origin": [-1.85787, 25.14219, 33.72002], "size": [1.0875, 6.34875, 1.51875], "inflate": -0.4, "pivot": [-1.31412, 26.80869, 34.74751], "rotation": [-26.5, 0, 0], "uv": [30, 99]},
						{"origin": [-1.85787, 20.84556, 7.36563], "size": [1.0875, 27.16375, 1.51875], "inflate": -0.4, "pivot": [-1.25662, 20.10994, 8.15376], "rotation": [-77.5, 0, 0], "uv": [54, 64]},
						{"origin": [-1.85802, 22.13204, 33.9911], "size": [1.0878, 5.7453, 1.6053], "inflate": -0.399, "pivot": [-0.10662, 25.07657, 34.83687], "rotation": [-98.5, 0, 0], "uv": [38, 100]},
						{"origin": [-1.85817, 23.34736, 37.9311], "size": [1.0881, 1.92185, 1.51935], "inflate": -0.398, "pivot": [-1.31412, 26.4343, 38.8837], "rotation": [-43.5, 0, 0], "uv": [108, 36]},
						{"origin": [0.44228, 25.14234, 33.72017], "size": [1.0872, 6.34845, 1.51845], "inflate": -0.401, "pivot": [0.98588, 26.80869, 34.74751], "rotation": [-26.5, 0, 0], "uv": [34, 99]},
						{"origin": [0.44198, 22.13204, 33.9911], "size": [1.0878, 5.7453, 1.6053], "inflate": -0.399, "pivot": [-0.22162, 25.07657, 34.83687], "rotation": [-98.5, 0, 0], "uv": [42, 100]},
						{"origin": [0.26346, 21.40813, 5.45042], "size": [1.09985, 1.48839, 1.18952], "inflate": -0.4, "pivot": [0.75588, 22.18746, 6.27683], "rotation": [-112.5, 0, 0], "uv": [108, 38]},
						{"origin": [-1.69154, 21.10136, 5.26333], "size": [1.0711, 1.28714, 1.26575], "inflate": -0.4, "pivot": [-0.16412, 21.74281, 5.82317], "rotation": [-152.5, 0, 0], "uv": [40, 108]},
						{"origin": [-1.69154, 20.66489, 5.04371], "size": [1.09985, 1.48839, 1.18952], "inflate": -0.4, "pivot": [-0.16412, 21.74281, 5.82317], "rotation": [67.5, 0, 0], "uv": [108, 42]},
						{"origin": [-1.69154, 20.66801, 5.41683], "size": [1.0711, 1.48839, 1.18952], "inflate": -0.4, "pivot": [-0.16412, 21.74281, 5.82317], "rotation": [167.5, 0, 0], "uv": [44, 108]},
						{"origin": [0.29221, 20.66801, 5.41683], "size": [1.0711, 1.48839, 1.18952], "inflate": -0.4, "pivot": [-0.16412, 21.74281, 5.82317], "rotation": [167.5, 0, 0], "uv": [108, 44]},
						{"origin": [0.29221, 21.10136, 5.26333], "size": [1.0711, 1.28714, 1.26575], "inflate": -0.4, "pivot": [-0.16412, 21.74281, 5.82317], "rotation": [-152.5, 0, 0], "uv": [108, 46]},
						{"origin": [0.26346, 20.66489, 5.04371], "size": [1.09985, 1.48839, 1.18952], "inflate": -0.4, "pivot": [-0.16412, 21.74281, 5.82317], "rotation": [67.5, 0, 0], "uv": [48, 108]},
						{"origin": [0.26346, 21.22159, 5.80254], "size": [1.09985, 2.32214, 1.33327], "inflate": -0.4, "pivot": [0.75588, 22.18746, 6.27683], "rotation": [-152.5, 0, 0], "uv": [94, 105]},
						{"origin": [0.29221, 21.49726, 6.0965], "size": [1.0711, 1.28714, 1.26575], "inflate": -0.4, "pivot": [0.82776, 21.95258, 6.65877], "rotation": [27.5, 0, 0], "uv": [108, 48]},
						{"origin": [0.29221, 21.01881, 6.13094], "size": [1.0711, 1.48839, 1.18951], "inflate": -0.4, "pivot": [0.82776, 21.95258, 6.65877], "rotation": [-12.5, 0, 0], "uv": [108, 50]}
					]
				},
				{
					"name": "action2",
					"parent": "gun",
					"pivot": [-0.16412, -1.63772, -0.86744],
					"cubes": [
						{"origin": [-1.54872, 20.56031, -10.42512], "size": [1.62066, 1.6996, 8.40446], "inflate": -0.2, "uv": [26, 75]},
						{"origin": [-2.27036, 20.63465, -10.20117], "size": [1.10723, 1.63961, 1.80823], "inflate": -0.4, "uv": [52, 108]},
						{"origin": [-1.97813, 20.9688, -10.10117], "size": [1.10849, 1.20547, 1.60823], "inflate": -0.3, "uv": [108, 52]},
						{
							"origin": [-3.40818, 20.63465, -10.01966],
							"size": [2.13005, 1.63961, 1.02098],
							"inflate": -0.4,
							"uv": {
								"north": {"uv": [48, 87], "uv_size": [2, 2]},
								"east": {"uv": [94, 6], "uv_size": [1, 2]},
								"south": {"uv": [48, 89], "uv_size": [2, 2]},
								"west": {"uv": [95, 6], "uv_size": [1, 2]},
								"up": {"uv": [94, 8], "uv_size": [2, 1]},
								"down": {"uv": [30, 96], "uv_size": [2, -1]}
							}
						},
						{"origin": [-3.48872, 20.79098, -10.18437], "size": [2.28364, 1.32696, 1.23026], "inflate": -0.5, "pivot": [-3.19033, 21.22446, -9.52747], "rotation": [0, -22.5, 0], "uv": [104, 40]},
						{"origin": [-2.89997, 20.89098, -10.22812], "size": [1.88239, 1.12696, 1.03026], "inflate": -0.4, "pivot": [-3.01783, 21.22446, -9.69997], "rotation": [0, -22.5, 0], "uv": [108, 54]},
						{"origin": [-2.36747, 20.79098, -10.41437], "size": [1.21989, 1.32696, 1.20151], "inflate": -0.5, "pivot": [-2.93158, 21.22446, -9.90122], "rotation": [0, -22.5, 0], "uv": [108, 58]},
						{"origin": [-4.01096, 20.43465, -10.71166], "size": [1.76058, 2.03961, 1.42099], "inflate": -0.6, "pivot": [-4.17784, 21.22446, -10.0392], "rotation": [0, -22.5, 0], "uv": [98, 105]}
					]
				},
				{
					"name": "action",
					"parent": "gun",
					"pivot": [-0.16412, -1.35022, -0.17744],
					"cubes": [
						{"origin": [-1.65175, 22.73439, -10.35223], "size": [2.52184, 1.12851, 5.62466], "inflate": -0.4, "uv": [78, 82]}
					]
				},
				{
					"name": "magazine",
					"parent": "gun",
					"pivot": [-0.16412, 6.1689, 1.77196],
					"cubes": [
						{"origin": [-1.09241, -2.62871, -10.01729], "size": [1.85657, 21.25779, 3.43466], "uv": [58, 64]}
					]
				},
				{
					"name": "_camera_",
					"pivot": [0, 0, 0],
					"cubes": [
						{"origin": [-2, 0, 0], "size": [2, 2, 2], "uv": [0, 0]}
					]
				}
			]
		}
	]
}