{
	"format_version": "1.12.0",
	"minecraft:geometry": [
		{
			"description": {
				"identifier": "geometry.unknown",
				"texture_width": 64,
				"texture_height": 64,
				"visible_bounds_width": 11,
				"visible_bounds_height": 6,
				"visible_bounds_offset": [0, 1, 0]
			},
			"bones": [
				{
					"name": "main",
					"pivot": [0, 20, 6]
				},
				{
					"name": "silencer",
					"parent": "main",
					"pivot": [0, 24.5, -15.55],
					"cubes": [
						{"origin": [-2.23171, 22.14767, 6.45], "size": [4.4, 4.4, 5], "inflate": -0.2, "pivot": [-0.03171, 24.34767, 6.2], "rotation": [0, 0, 45], "uv": [0, 11]},
						{"origin": [-0.83171, 23.54767, -11.125], "size": [1.6, 1.6, 1.75], "inflate": -0.2, "pivot": [-0.03171, 24.34767, 1.375], "rotation": [0, 0, 45], "uv": [34, 9]},
						{"origin": [0.86829, 24.37267, -11.3], "size": [1.175, 1.175, 1.025], "inflate": -0.4, "pivot": [0.96829, 25.44767, 1.375], "rotation": [0, 0, 45], "uv": [0, 0]},
						{"origin": [-1.13171, 24.37267, -11.3], "size": [1.175, 1.175, 1.025], "inflate": -0.4, "pivot": [-1.03171, 25.44767, 1.375], "rotation": [0, 0, 45], "uv": [0, 0]},
						{"origin": [-2.53171, 21.84767, 10.85], "size": [5, 5, 3.4], "inflate": -0.199, "pivot": [-0.03171, 24.34767, 7], "rotation": [0, 0, 45], "uv": [0, 20]},
						{"origin": [-2.53171, 21.84767, 3.65], "size": [5, 5, 4.6], "inflate": -0.199, "pivot": [-0.03171, 24.34767, 1], "rotation": [0, 0, 45], "uv": [18, 11]},
						{"origin": [-2.43171, 22.04767, -2.95], "size": [4.8, 4.7, 7], "inflate": -0.199, "pivot": [-0.03171, 24.34767, -3.2], "rotation": [0, 0, 45], "uv": [0, 0]},
						{"origin": [-1.83171, 22.54767, -6.25], "size": [3.6, 3.6, 5.8], "inflate": -0.199, "pivot": [-0.03171, 24.34767, -7.7], "rotation": [0, 0, 45], "uv": [16, 20]},
						{"origin": [-1.73171, 22.64767, -8.45], "size": [3.4, 3.4, 2.6], "inflate": -0.199, "pivot": [-0.03171, 24.34767, -11.3], "rotation": [0, 0, 45], "uv": [32, 20]},
						{"origin": [-1.73171, 22.64767, -11.05], "size": [3.4, 2.2, 3], "inflate": -0.199, "pivot": [-0.03171, 24.34767, -13.5], "rotation": [0, 0, 45], "uv": [24, 28]},
						{"origin": [-0.83171, 24.54767, -11.05], "size": [1.6, 1, 3], "inflate": -0.199, "uv": [33, 25]},
						{"origin": [-0.78171, 23.14767, -12.85], "size": [1.95, 1, 2.4], "inflate": -0.4, "pivot": [-0.03171, 24.34767, -13.5], "rotation": [0, 0, 45], "uv": [34, 0]},
						{"origin": [0.16829, 23.34767, -12.85], "size": [1, 1.8, 2.4], "inflate": -0.4, "pivot": [-0.03171, 24.34767, -13.5], "rotation": [0, 0, 45], "uv": [40, 0]},
						{"origin": [-0.53171, 24.44767, -11.05], "size": [2.2, 1.6, 3], "inflate": -0.199, "pivot": [-0.03171, 24.34767, -13.5], "rotation": [0, 0, 45], "uv": [0, 33]},
						{"origin": [-1.68996, 24.58444, -10.73389], "size": [1.525, 1.6, 3.25], "inflate": -0.205, "pivot": [0.09333, 25.11652, -6.73221], "rotation": [0, -24.5, 45], "uv": [18, 33]},
						{"origin": [0.16717, 24.75179, -10.81795], "size": [1.525, 1.6, 3.25], "inflate": -0.205, "pivot": [0.09333, 25.11652, -6.73221], "rotation": [0, 24.5, -45], "uv": [26, 33]},
						{"origin": [-1.21546, 23.76718, -5.59621], "size": [3.6, 2.4, 3.3], "inflate": -0.199, "pivot": [0.58454, 24.96718, -4.14621], "rotation": [12.25, 0, 45], "uv": [0, 28]},
						{"origin": [-1.83979, 24.00267, -5.31107], "size": [3.6, 2.4, 3.2], "inflate": -0.199, "pivot": [-0.03548, 24.35, -4.14621], "rotation": [12.25, 0, 135], "uv": [22, 5]},
						{"origin": [-1.83347, 24.00491, -5.41059], "size": [3.6, 2.4, 3.3], "inflate": -0.199, "pivot": [-0.03548, 24.35, -4.14621], "rotation": [12.25, 0, -135], "uv": [12, 28]},
						{"origin": [-2.07136, 23.73303, -5.4], "size": [3.6, 2.4, 3.2], "inflate": -0.199, "pivot": [-0.74636, 24.38303, -3.15], "rotation": [12.25, 0, -45], "uv": [22, 0]},
						{"origin": [-1.63171, 22.74767, 13.85], "size": [3.2, 3.2, 1.4], "inflate": -0.199, "pivot": [-0.03171, 24.34767, 11.6], "rotation": [0, 0, 45], "uv": [10, 33]}
					]
				},
				{
					"name": "muzzleflash",
					"parent": "main",
					"pivot": [0, 24.35, -16.25],
					"cubes": [
						{"origin": [-0.5, 23.85, -12.075], "size": [1, 1, 1], "inflate": -0.4, "uv": [34, 5]}
					]
				},
				{
					"name": "_ca_suppressor",
					"parent": "main",
					"pivot": [0, 24.375, 18.35],
					"cubes": [
						{"origin": [-0.5, 23.875, 13.85], "size": [1, 1, 1], "uv": [34, 7]}
					]
				}
			]
		}
	]
}