{
	"format_version": "1.12.0",
	"minecraft:geometry": [
		{
			"description": {
				"identifier": "geometry.unknown",
				"texture_width": 64,
				"texture_height": 64,
				"visible_bounds_width": 8,
				"visible_bounds_height": 4,
				"visible_bounds_offset": [0, 1, 0]
			},
			"bones": [
				{
					"name": "ammo",
					"pivot": [0.69064, 2.0125, -4.10115],
					"rotation": [-13.5, 0, 90],
					"cubes": [
						{"origin": [-3.3, -5.175, -4.225], "size": [6, 11, 16], "uv": [0, 0]},
						{"origin": [-3.78123, 3.225, -6.38981], "size": [6.975, 5.5, 1.2], "inflate": -0.5, "pivot": [0.66877, 6.475, -5.78981], "rotation": [-115, 0, 0], "uv": [34, 27]},
						{"origin": [-3.78123, -8.325, -6.58981], "size": [6.975, 5.5, 1.2], "inflate": -0.5, "pivot": [0.66877, -5.075, -5.98981], "rotation": [-90, 0, 0], "uv": [34, 33]},
						{"origin": [-2.6, -4.725, -8.6], "size": [4.9, 10.3, 4.4], "uv": [18, 27]},
						{"origin": [-2.625, -4.8, -8.825], "size": [4.9, 10.3, 5.4], "inflate": 0.001, "uv": [0, 27]}
					]
				}
			]
		}
	]
}