{
	"format_version": "1.12.0",
	"minecraft:geometry": [
		{
			"description": {
				"identifier": "geometry.unknown",
				"texture_width": 64,
				"texture_height": 64,
				"visible_bounds_width": 8,
				"visible_bounds_height": 4,
				"visible_bounds_offset": [0, 1, 0]
			},
			"bones": [
				{
					"name": "ammo",
					"pivot": [0.69064, 2.0125, -4.10115],
					"rotation": [-13.5, 0, 90],
					"cubes": [
						{"origin": [-1.3, -1.425, -9.225], "size": [4, 6.55, 1], "inflate": -0.0002, "uv": [0, 23]},
						{"origin": [-1.3, -1.425, 7.775], "size": [4, 6.55, 1], "inflate": -0.0002, "uv": [10, 23]},
						{"origin": [-1.3, -2.175, 7.775], "size": [4, 1, 1], "inflate": 0.001, "pivot": [0.7, -1.3, 8.475], "rotation": [-45, 0, 0], "uv": [20, 23]},
						{"origin": [-1.3, 4.875, 7.775], "size": [4, 1, 1], "inflate": 0.001, "pivot": [0.7, 5, 8.475], "rotation": [45, 0, 0], "uv": [20, 25]},
						{"origin": [-1.3, -2.175, -9.225], "size": [4, 1, 1], "inflate": 0.001, "pivot": [0.7, -1.3, -8.925], "rotation": [45, 0, 0], "uv": [20, 29]},
						{"origin": [-1.3, 4.875, -9.225], "size": [4, 1, 1], "inflate": 0.001, "pivot": [0.7, 5, -8.925], "rotation": [-45, 0, 0], "uv": [20, 27]},
						{"origin": [-1.3, -2.125, -8.525], "size": [4, 7.95, 16.6], "uv": [0, 0]}
					]
				}
			]
		}
	]
}