{
	"format_version": "1.12.0",
	"minecraft:geometry": [
		{
			"description": {
				"identifier": "geometry.unknown",
				"texture_width": 128,
				"texture_height": 128,
				"visible_bounds_width": 8,
				"visible_bounds_height": 6,
				"visible_bounds_offset": [0, 0, 0]
			},
			"bones": [
				{
					"name": "bb_main",
					"pivot": [0, 0, 0]
				},
				{
					"name": "main",
					"pivot": [0, 0.1, 0]
				},
				{
					"name": "muzzleflash",
					"parent": "main",
					"pivot": [0, 22.5, -19.875],
					"cubes": [
						{"origin": [-0.5, 22.8, -17.575], "size": [1, 1, 1], "inflate": -0.4, "uv": [16, 81]}
					]
				},
				{
					"name": "scope",
					"parent": "main",
					"pivot": [0, 25.5, 20.75],
					"cubes": [
						{"origin": [-0.475, 25.5, 20.45], "size": [1, 1, 1], "inflate": -0.4, "uv": [20, 81]}
					]
				},
				{
					"name": "rightarm",
					"parent": "main",
					"pivot": [-4.8, 10.625, 20.9],
					"rotation": [-104.56106, -12.40003, -2.46982],
					"cubes": [
						{"origin": [-8.80421, -13.34899, 17.69647], "size": [8, 24, 8], "uv": [96, 96]}
					]
				},
				{
					"name": "leftarm",
					"parent": "main",
					"pivot": [10.2, 3.1, 19.4],
					"rotation": [-118.95832, 6.70101, -29.35181],
					"cubes": [
						{"origin": [6.45132, -20.8628, 13.37903], "size": [8, 24, 8], "uv": [96, 96]}
					]
				},
				{
					"name": "gun",
					"parent": "main",
					"pivot": [0.02729, 17.08557, -1.55605],
					"cubes": [
						{"origin": [-0.99771, 23.68557, -16.55605], "size": [2.025, 2.1, 11], "inflate": -0.301, "uv": [56, 45]},
						{"origin": [-0.58788, 24.95575, -16.14094], "size": [1.25, 1.7, 2.05], "inflate": -0.5, "uv": [104, 28]},
						{"origin": [-1.31375, 23.55065, -16.55605], "size": [2.675, 2.1, 11], "inflate": -0.3, "pivot": [0.02518, 23.30414, -6.55605], "rotation": [0, 0, -45], "uv": [26, 70]},
						{"origin": [-0.97271, 23.68557, -16.55605], "size": [2, 2.1, 11], "inflate": -0.301, "pivot": [0.02518, 23.30414, -6.55605], "rotation": [0, 0, -90], "uv": [62, 26]},
						{"origin": [-1.28875, 23.55065, -16.55605], "size": [2.625, 2.1, 11], "inflate": -0.3, "pivot": [0.02518, 23.30414, -6.55605], "rotation": [0, 0, 135], "uv": [62, 13]},
						{"origin": [0.41057, 22.29771, -16.55605], "size": [2.075, 2.025, 11], "inflate": -0.301, "pivot": [0.02518, 23.30414, -6.55605], "rotation": [0, 0, 90], "uv": [62, 0]},
						{"origin": [-1.99241, 21.80918, -16.55605], "size": [2.65, 2.1, 11], "inflate": -0.3, "pivot": [-0.68732, 22.57914, -6.55605], "rotation": [0, 0, -135], "uv": [54, 58]},
						{"origin": [-0.29771, 23.41057, -16.55605], "size": [2.65, 2.1, 11], "inflate": -0.3, "pivot": [0.70229, 24.46057, -6.55605], "rotation": [0, 0, 45], "uv": [0, 58]},
						{"origin": [0.41057, 22.29771, -16.55605], "size": [2.075, 2.025, 11], "inflate": -0.301, "uv": [28, 57]},
						{"origin": [-1.15595, 22.11077, -15.92691], "size": [2.375, 2.375, 13.2], "inflate": -0.2, "pivot": [0.03155, 23.29827, -9.52691], "rotation": [0, 0, 27.5], "uv": [32, 30]},
						{"origin": [-1.45833, 6.64092, 0.58984], "size": [3, 11.675, 6.9], "inflate": -0.04, "pivot": [0.04167, 10.74092, 2.58984], "rotation": [8.5, 0, 0], "uv": [37, 83]},
						{"origin": [-1.45833, 12.64092, 5.98984], "size": [3, 4.1, 3], "inflate": -0.0394, "pivot": [0.04167, 9.84092, 4.48984], "rotation": [23.5, 0, 0], "uv": [94, 75]},
						{"origin": [-1.45833, 14.40991, 0.30709], "size": [3, 3, 3], "inflate": -0.041, "pivot": [0.04167, 15.35991, 1.80709], "rotation": [41.5, 0, 0], "uv": [94, 82]},
						{"origin": [-1.45833, 16.13491, -0.89291], "size": [3, 3.8, 3], "inflate": -0.0402, "pivot": [0.04167, 17.08491, 0.60709], "rotation": [13.5, 0, 0], "uv": [0, 99]},
						{"origin": [-1.45833, 17.53491, 2.98209], "size": [3, 2.7, 3], "inflate": -0.0402, "pivot": [0.04167, 18.48491, 4.48209], "rotation": [13.5, 0, 0], "uv": [100, 50]},
						{"origin": [-1.75833, 16.13491, -0.89291], "size": [3.6, 3.8, 3], "inflate": -0.0402, "pivot": [0.04167, 17.08491, 0.60709], "rotation": [13.5, 0, 0], "uv": [32, 99]},
						{"origin": [-1.75833, 16.95991, 1.80709], "size": [3.6, 2.775, 4.2], "inflate": -0.0338, "pivot": [0.04167, 17.88491, 3.30709], "rotation": [20, 0, 0], "uv": [94, 69]},
						{"origin": [-1.75833, 18.03491, -0.31791], "size": [3.6, 2.925, 5.875], "inflate": -0.0345, "uv": [16, 94]},
						{"origin": [-1.75833, 17.53491, 2.98209], "size": [3.6, 2.7, 3], "inflate": -0.0401, "pivot": [0.04167, 18.48491, 4.48209], "rotation": [13.5, 0, 0], "uv": [90, 100]},
						{"origin": [-1.45833, 16.63491, -0.31791], "size": [3, 4.325, 5.875], "inflate": -0.0403, "uv": [88, 19]},
						{"origin": [-1.45833, 10.30991, 4.90709], "size": [3, 3.7, 3], "inflate": -0.0392, "pivot": [0.04167, 11.95991, 6.40709], "rotation": [11.5, 0, 0], "uv": [94, 88]},
						{"origin": [-1.45833, 6.33491, 1.18209], "size": [3, 4.375, 7.025], "inflate": -0.039, "uv": [76, 117]},
						{"origin": [-1.57404, 19.95539, -2.54458], "size": [3.20928, 1.95296, 11.63296], "inflate": -0.3004, "uv": [28, 45]},
						{"origin": [-1.57404, 15.75539, -2.14458], "size": [3.20928, 5.95296, 8.13296], "inflate": -0.299, "pivot": [0.0306, 18.93187, 1.3219], "rotation": [13, 0, 0], "uv": [52, 71]},
						{"origin": [0.92596, 19.63791, -2.26415], "size": [0.90928, 2.05296, 2.03296], "inflate": -0.299, "uv": [70, 72]},
						{"origin": [-1.57404, 6.98348, -0.0427], "size": [3.20928, 8.95296, 7.53296], "inflate": -0.3, "pivot": [0.0306, 11.15996, 3.72378], "rotation": [8, 0, 0], "uv": [74, 71]},
						{"origin": [-1.57404, 6.18348, 1.2323], "size": [3.20928, 2.15296, 1.53296], "inflate": -0.3, "pivot": [0.0306, 10.55996, 4.99878], "rotation": [8, 0, 0], "uv": [88, 36]},
						{"origin": [-1.57404, 6.53445, 0.54622], "size": [3.20928, 1.70296, 6.20796], "inflate": -0.3001, "uv": [82, 50]},
						{"origin": [-1.57404, 5.73445, 1.84622], "size": [3.20928, 1.90296, 5.10796], "inflate": -0.3, "uv": [62, 39]},
						{"origin": [-1.72404, 18.85539, 3.55542], "size": [3.53428, 3.45296, 3.03296], "inflate": -0.3001, "pivot": [0.0306, 19.53187, 1.9219], "rotation": [-26, 0, 0], "uv": [95, 95]},
						{"origin": [-1.57404, 19.05593, 5.14215], "size": [3.20928, 3.45296, 3.43296], "inflate": -0.3, "pivot": [0.0306, 20.78241, 6.85863], "rotation": [-61, 0, 0], "uv": [54, 95]},
						{"origin": [-1.57404, 18.65593, -3.15785], "size": [3.20928, 3.45296, 3.53296], "inflate": -0.3002, "pivot": [0.0306, 20.38241, -1.34137], "rotation": [-52, 0, 0], "uv": [66, 96]},
						{"origin": [-1.57404, 13.85593, -0.83285], "size": [3.20928, 2.05296, 1.93296], "inflate": -0.3001, "pivot": [0.0306, 15.58241, 0.88363], "rotation": [-41, 0, 0], "uv": [96, 36]},
						{"origin": [-1.57084, 20.33025, -15.10134], "size": [3.20608, 1.75968, 13.86144], "inflate": -0.3, "uv": [0, 30]},
						{"origin": [-0.87084, 15.33217, -8.18792], "size": [1.80608, 1.05968, 2.61144], "inflate": -0.4, "pivot": [0.0322, 15.86201, -6.7072], "rotation": [-6, 0, 0], "uv": [102, 66]},
						{"origin": [-0.87084, 15.80717, -8.96292], "size": [1.80608, 1.05968, 1.73644], "inflate": -0.4, "pivot": [0.0322, 16.33701, -8.3322], "rotation": [-32, 0, 0], "uv": [86, 69]},
						{"origin": [-0.87084, 16.65717, -9.61292], "size": [1.80608, 1.05968, 1.96144], "inflate": -0.4, "pivot": [0.0322, 17.18701, -8.9822], "rotation": [-57, 0, 0], "uv": [90, 69]},
						{"origin": [-0.87084, 17.70717, -9.58792], "size": [1.80608, 1.05968, 1.56144], "inflate": -0.4, "pivot": [0.0322, 18.23701, -9.3572], "rotation": [-74, 0, 0], "uv": [12, 99]},
						{"origin": [-0.87084, 18.33217, -10.73792], "size": [1.80608, 1.05968, 2.66144], "inflate": -0.4, "pivot": [0.0322, 18.86201, -9.3072], "rotation": [-90, 0, 0], "uv": [78, 102]},
						{"origin": [-0.87084, 18.45717, -11.86292], "size": [1.80608, 1.03468, 1.83644], "inflate": -0.4, "pivot": [0.0322, 19.08701, -9.6322], "rotation": [-120, 0, 0], "uv": [104, 31]},
						{"origin": [-0.87084, 14.98217, -5.43792], "size": [1.80608, 1.05968, 2.91144], "inflate": -0.4, "pivot": [0.0322, 15.61201, -2.7072], "rotation": [-156.5, 0, 0], "uv": [84, 102]},
						{"origin": [-0.57084, 18.43474, -6.18328], "size": [1.20608, 1.10968, 2.78644], "inflate": -0.3, "pivot": [0.0322, 18.67152, -3.93286], "rotation": [-89, 0, 0], "uv": [102, 100]},
						{"origin": [-0.57084, 18.39192, -6.26473], "size": [1.20608, 1.08468, 2.93644], "inflate": -0.3, "pivot": [0.0322, 18.67152, -3.93286], "rotation": [-76, 0, 0], "uv": [44, 103]},
						{"origin": [-0.57084, 18.49017, -4.44633], "size": [1.20608, 1.03468, 2.91144], "inflate": -0.3, "pivot": [0.0322, 18.67152, -3.93286], "rotation": [-132, 0, 0], "uv": [102, 103]},
						{"origin": [-0.77084, 14.73779, -2.80818], "size": [1.60608, 1.00968, 1.78644], "inflate": -0.3, "pivot": [0.0322, 15.60513, -1.66496], "rotation": [-166, 0, 0], "uv": [104, 33]},
						{"origin": [-0.87084, 15.259, -6.39176], "size": [1.80608, 1.05968, 5.71144], "inflate": -0.4, "uv": [78, 96]}
					]
				},
				{
					"name": "magazine",
					"parent": "gun",
					"pivot": [0.025, 0.4, 0.2],
					"cubes": [
						{"origin": [-1.275, 5.9763, 0.88356], "size": [2.6, 15.2, 6], "inflate": -0.3, "pivot": [0.025, 7.1763, 1.88356], "rotation": [8.5, 0, 0], "uv": [0, 71]},
						{"origin": [-1.275, 5.5763, 0.08356], "size": [2.6, 1.3, 6.875], "inflate": -0.3, "uv": [0, 92]},
						{"origin": [-1.275, 5.5763, 3.48356], "size": [2.6, 1.7, 3.475], "inflate": -0.3, "uv": [16, 71]},
						{"origin": [-1.275, 5.9513, 0.20856], "size": [2.6, 1.3, 1.6], "inflate": -0.3, "pivot": [0.025, 6.6013, 1.00856], "rotation": [38, 0, 0], "uv": [80, 69]}
					]
				},
				{
					"name": "button",
					"parent": "gun",
					"pivot": [10.64167, 21.10446, -6.42691],
					"cubes": [
						{"origin": [-1.25833, 5.10446, 6.07309], "size": [2.6, 2, 1.9], "inflate": -0.4, "uv": [104, 10]}
					]
				},
				{
					"name": "trigger",
					"parent": "gun",
					"pivot": [0.04167, 22.2941, 7.3088],
					"rotation": [-82.5, 0, 0],
					"cubes": [
						{"origin": [-0.73333, 23.35848, 6.17776], "size": [1.55, 2.2, 2.225], "inflate": -0.399, "uv": [32, 94]},
						{"origin": [-0.73333, 21.45848, 6.17776], "size": [1.55, 2.7, 1.75], "inflate": -0.4, "uv": [78, 39]},
						{"origin": [-0.75833, 21.45848, 7.12776], "size": [1.6, 2.35, 1.3], "inflate": -0.4, "uv": [78, 42]},
						{"origin": [-0.73333, 22.15848, 6.37776], "size": [1.55, 2.075, 1.5], "inflate": -0.4, "pivot": [0.04167, 23.55848, 6.87776], "rotation": [52.5, 0, 0], "uv": [90, 96]}
					]
				},
				{
					"name": "slide",
					"parent": "gun",
					"pivot": [1.525, 23.57715, 4.90067],
					"cubes": [
						{"origin": [-1.46732, 21.41507, -5.96022], "size": [2.99584, 2.416, 2.19564], "uv": [7, 7]},
						{"origin": [-5.47148, 17.41507, -7.78522], "size": [11, 10.4, 18], "inflate": -4, "uv": [2, 2]},
						{"origin": [0.38268, 21.41507, 6.21478], "size": [1.14584, 2.416, 1.22064], "uv": [28, 101]},
						{"origin": [-1.46732, 21.41507, 6.21478], "size": [1.14584, 2.416, 1.22064], "uv": [28, 104]},
						{"origin": [0.6991, 22.97897, -6.3441], "size": [1.2792, 1.47448, 13.656], "inflate": -0.4, "pivot": [0.02633, 22.86919, -2.56442], "rotation": [0, 0, -17.5], "uv": [0, 44]},
						{"origin": [-1.4359, 20.08794, 5.80284], "size": [1.90064, 1.99544, 1.95112], "inflate": -0.9, "pivot": [0.02633, 22.86919, -2.56442], "rotation": [-0.13401, 0.19473, 132.09162], "uv": [36, 105]},
						{"origin": [0.74274, 13.61621, 0.69637], "size": [1.97928, 1.98528, 2.0576], "inflate": -0.9, "pivot": [0.02633, 22.86919, -2.56442], "rotation": [58.83073, 0.63316, -138.27788], "uv": [104, 19]},
						{"origin": [-1.15024, 20.58729, 5.8198], "size": [1.11408, 1.40732, 1.3012], "inflate": -0.4, "pivot": [0.02633, 22.86919, -2.56442], "rotation": [-0.13401, 0.19473, 132.09162], "uv": [94, 105]},
						{"origin": [-2.21515, 18.13005, 4.72465], "size": [1.04128, 1.21392, 1.36384], "inflate": -0.4, "pivot": [0.02633, 22.86919, -2.56442], "rotation": [32.26105, -0.40703, 42.41922], "uv": [90, 105]},
						{"origin": [1.49448, 17.84138, 4.62593], "size": [1.456, 1.08064, 1.49864], "inflate": -0.4, "pivot": [0.02633, 22.86919, -2.56442], "rotation": [34.44741, -21.62526, 28.29851], "uv": [40, 105]},
						{"origin": [-1.87664, 16.66168, 4.36993], "size": [1.09064, 1.65896, 1.6456], "inflate": -0.4, "pivot": [0.02633, 22.86919, -2.56442], "rotation": [38.29045, -0.28911, 17.50472], "uv": [104, 35]},
						{"origin": [-0.30671, 16.57544, 4.62085], "size": [1.36984, 1.70592, 1.50464], "inflate": -0.4, "pivot": [0.02633, 22.86919, -2.56442], "rotation": [39.12939, -8.79468, 10.69436], "uv": [104, 37]},
						{"origin": [-1.38929, 16.87833, 4.37474], "size": [1.35428, 1.42144, 1.6456], "inflate": -0.3, "pivot": [0.02633, 22.86919, -2.56442], "rotation": [40, 0, 0], "uv": [104, 39]},
						{"origin": [-1.23929, 17.30333, 3.94974], "size": [1.20428, 1.04644, 1.5456], "inflate": -0.3, "pivot": [0.02633, 23.49419, -3.08942], "rotation": [40, 0, 0], "uv": [50, 105]},
						{"origin": [-2.27906, 22.88803, -3.3441], "size": [1.8832, 1.88536, 7.57152], "inflate": -0.4, "pivot": [0.02633, 22.86919, -2.56442], "rotation": [0, 0, 42.5], "uv": [88, 28]},
						{"origin": [-1.92563, 22.97897, -6.3441], "size": [1.2792, 1.17448, 3.806], "inflate": -0.4, "pivot": [0.02633, 22.86919, -18.06442], "rotation": [0, 0, 17.5], "uv": [52, 101]},
						{"origin": [-0.66524, 23.83107, -6.2441], "size": [1.3824, 1.7316, 1.80852], "inflate": -0.3, "uv": [104, 41]},
						{"origin": [-0.66524, 23.50607, -5.1441], "size": [1.3824, 2.0566, 9.28352], "inflate": -0.3, "uv": [54, 84]},
						{"origin": [-0.94024, 22.20607, 3.5309], "size": [1.9324, 3.0566, 3.25852], "inflate": -0.3, "uv": [16, 75]},
						{"origin": [-0.54024, 24.85607, -6.3441], "size": [1.1074, 1.0066, 10.58352], "inflate": -0.4, "uv": [16, 83]},
						{"origin": [-1.06524, 24.50607, 4.15], "size": [2.2074, 1.2566, 2.18352], "inflate": -0.4, "uv": [102, 59]},
						{"origin": [0.10976, 24.95607, 5.15], "size": [1.0324, 1.415, 1.18352], "inflate": -0.4, "uv": [70, 106]},
						{"origin": [-0.16, 24.95607, 5.15], "size": [1.09, 1.6066, 1.18352], "inflate": -0.4, "uv": [74, 106]},
						{"origin": [-1.06716, 24.95607, 5.15], "size": [1.0324, 1.4066, 1.18352], "inflate": -0.4, "uv": [106, 77]},
						{"origin": [-0.84216, 24.95607, 5.15], "size": [1.0824, 1.6066, 1.18352], "inflate": -0.4, "uv": [106, 75]},
						{"origin": [-0.56716, 24.95607, 4.15], "size": [1.2074, 1.3066, 2.18352], "inflate": -0.4, "uv": [104, 25]},
						{"origin": [-0.3574, 24.725, 4.15], "size": [1.1574, 1.5066, 1.80852], "inflate": -0.4, "pivot": [0.28654, 25.65937, 9.21016], "rotation": [0, 0, -45], "uv": [106, 79]},
						{"origin": [-0.06052, 25.39466, 5.15], "size": [1.1574, 1.0816, 1.18352], "inflate": -0.4, "pivot": [0.51818, 25.93546, 5.44176], "rotation": [0, 0, -48], "uv": [106, 83]},
						{"origin": [-1.01052, 25.38, 5.15], "size": [1.1574, 1.1, 1.18352], "inflate": -0.4, "pivot": [-0.43182, 25.93546, 5.44176], "rotation": [0, 0, 48], "uv": [106, 85]},
						{"origin": [-0.575, 24.93, 5.35], "size": [1.3, 1.3, 1.13352], "inflate": -0.5, "pivot": [0.125, 25.68546, 5.64176], "rotation": [0, 0, 25], "uv": [106, 87]},
						{"origin": [-0.7574, 24.625, 4.15], "size": [1.1574, 1.5066, 1.80852], "inflate": -0.4, "pivot": [-0.11346, 25.55937, 9.21016], "rotation": [0, 0, 45], "uv": [106, 81]},
						{"origin": [-2.27906, 23.58803, -6.3441], "size": [1.8832, 1.18536, 3.8085], "inflate": -0.4, "pivot": [0.02633, 22.86919, -17.26442], "rotation": [0, 0, 42.5], "uv": [102, 55]},
						{"origin": [-1.92563, 22.97897, -3.3441], "size": [1.2792, 1.47448, 10.656], "inflate": -0.4, "pivot": [0.02633, 22.86919, -2.56442], "rotation": [0, 0, 17.5], "uv": [80, 58]},
						{"origin": [0.84852, 22.88803, -6.3441], "size": [1.4832, 1.88536, 10.57152], "inflate": -0.4, "pivot": [0.02633, 22.86919, -2.56442], "rotation": [0, 0, -42.5], "uv": [82, 39]},
						{"origin": [-2.27906, 22.88803, 3.4309], "size": [1.4832, 1.48536, 3.44652], "inflate": -0.4, "pivot": [0.02633, 22.86919, 1.51058], "rotation": [0, 0, 42.5], "uv": [20, 101]},
						{"origin": [0.84852, 22.88803, 3.4309], "size": [1.4832, 1.48536, 3.44652], "inflate": -0.4, "pivot": [0.02633, 22.86919, 17.01058], "rotation": [0, 0, -42.5], "uv": [12, 101]},
						{"origin": [-1.01046, 16.57544, 4.62085], "size": [1.36984, 1.70592, 1.50464], "inflate": -0.4, "pivot": [0.02633, 22.86919, -2.56442], "rotation": [39.12939, 8.79468, -10.69436], "uv": [104, 43]},
						{"origin": [-2.84781, 17.84138, 4.62593], "size": [1.406, 1.18064, 1.49864], "inflate": -0.4, "pivot": [0.02633, 22.86919, -2.56442], "rotation": [34.44741, 21.62526, -28.29851], "uv": [54, 105]},
						{"origin": [0.14596, 23.92818, 5.65924], "size": [1.106, 1.23064, 1.49], "inflate": -0.4, "pivot": [0.69896, 24.531, 6.40174], "rotation": [35.19741, 21.62526, -28.29851], "uv": [78, 105]},
						{"origin": [0.78866, 16.66168, 4.36993], "size": [1.14064, 1.65896, 1.6456], "inflate": -0.4, "pivot": [0.02633, 22.86919, -2.56442], "rotation": [38.29045, 0.28911, -17.50472], "uv": [104, 45]},
						{"origin": [1.00154, 18.13005, 4.72465], "size": [1.26628, 1.23892, 1.36384], "inflate": -0.4, "pivot": [0.02633, 22.86919, -2.56442], "rotation": [32.26105, 0.40703, -42.41922], "uv": [44, 106]},
						{"origin": [0.08882, 20.58729, 5.8198], "size": [1.11408, 1.35732, 1.3012], "inflate": -0.4, "pivot": [0.02633, 22.86919, -2.56442], "rotation": [-0.13401, -0.19473, -132.09162], "uv": [98, 105]},
						{"origin": [-0.41208, 20.08794, 5.80284], "size": [1.90064, 1.99544, 1.95112], "inflate": -0.9, "pivot": [0.02633, 22.86919, -2.56442], "rotation": [-0.13401, -0.19473, -132.09162], "uv": [58, 105]},
						{"origin": [-2.66936, 13.61621, 0.69637], "size": [1.97928, 1.98528, 2.0576], "inflate": -0.9, "pivot": [0.02633, 22.86919, -2.56442], "rotation": [58.83073, -0.63316, 138.27788], "uv": [104, 22]},
						{"origin": [0.08268, 15.91193, 4.57474], "size": [1.74584, 1.5664, 1.4456], "inflate": -0.3, "pivot": [0.02633, 22.86919, -2.56442], "rotation": [40, 0, 0], "uv": [104, 47]},
						{"origin": [-1.76732, 14.81193, 5.82474], "size": [1.74584, 1.1664, 1.0456], "inflate": -0.3, "pivot": [-1.74867, 21.56919, -1.71442], "rotation": [40, 0, 0], "uv": [0, 105]},
						{"origin": [0.08268, 14.81193, 5.82474], "size": [1.74584, 1.1664, 1.0456], "inflate": -0.3, "pivot": [0.02633, 21.56919, -1.71442], "rotation": [40, 0, 0], "uv": [4, 105]},
						{"origin": [-1.76732, 15.91193, 4.57474], "size": [1.74584, 1.5664, 1.4456], "inflate": -0.3, "pivot": [-1.74867, 22.86919, -2.56442], "rotation": [40, 0, 0], "uv": [8, 105]},
						{"origin": [0.08768, 16.87833, 4.47474], "size": [1.35428, 1.42144, 1.5456], "inflate": -0.3, "pivot": [0.02633, 22.86919, -2.56442], "rotation": [40, 0, 0], "uv": [12, 105]},
						{"origin": [0.08768, 17.37833, 4.04974], "size": [1.15428, 1.07144, 1.55], "inflate": -0.3, "pivot": [0.02633, 23.36919, -2.98942], "rotation": [40, 0, 0], "uv": [62, 105]},
						{"origin": [-0.11232, 17.52833, 3.84974], "size": [1.30428, 1.36, 1.65], "inflate": -0.5, "pivot": [0.02633, 23.71919, -3.28942], "rotation": [40, 0, 0], "uv": [66, 106]},
						{"origin": [-1.20196, 23.82818, 5.65924], "size": [1.106, 1.33064, 1.49], "inflate": -0.4, "pivot": [-0.64896, 24.531, 6.40174], "rotation": [35.19741, -21.62526, 28.29851], "uv": [86, 105]},
						{"origin": [-1.14196, 17.42833, 3.74974], "size": [1.30428, 1.46, 1.75], "inflate": -0.5, "pivot": [0.02367, 23.71919, -3.28942], "rotation": [40, 0, 0], "uv": [82, 105]},
						{"origin": [0.08268, 17.02242, 5.49185], "size": [1.74584, 1.35712, 1.73152], "inflate": -0.3001, "pivot": [0.02633, 22.86919, -2.56442], "rotation": [28, 0, 0], "uv": [16, 105]},
						{"origin": [-1.76732, 17.02242, 5.49185], "size": [1.74584, 1.35712, 1.73152], "inflate": -0.3001, "pivot": [-1.74867, 22.86919, -2.56442], "rotation": [28, 0, 0], "uv": [20, 105]},
						{"origin": [0.08268, 18.73848, 6.48877], "size": [1.74584, 1.34176, 1.79816], "inflate": -0.3, "pivot": [0.02633, 22.86919, -2.56442], "rotation": [14, 0, 0], "uv": [24, 105]},
						{"origin": [-1.76732, 18.73848, 6.48877], "size": [1.72084, 1.34176, 1.79816], "inflate": -0.3, "pivot": [-1.97367, 22.86919, -2.56442], "rotation": [14, 0, 0], "uv": [32, 105]},
						{"origin": [0.07596, 21.11822, 7.12234], "size": [1.75928, 1.1332, 2.09104], "inflate": -0.3, "uv": [104, 13]},
						{"origin": [-1.765, 21.11822, 7.12234], "size": [1.75, 1.1332, 2.09104], "inflate": -0.3, "uv": [104, 16]},
						{"origin": [0.62596, 22.93445, 2.14622], "size": [1.40928, 1.30296, 3.10796], "inflate": -0.3, "pivot": [1.2806, 23.48593, 4.7002], "rotation": [50, 0, 0], "uv": [44, 101]},
						{"origin": [-0.02084, 20.60525, -6.20134], "size": [2.43108, 3.50968, 1.26144], "inflate": -0.3, "uv": [60, 101]},
						{"origin": [-0.02084, 20.60525, -13.70134], "size": [2.43108, 2.20968, 8.11144], "inflate": -0.3, "uv": [74, 86]},
						{"origin": [-0.02084, 20.60525, -5.95134], "size": [2.38108, 3.50968, 1.53644], "inflate": -0.3, "pivot": [1.5197, 22.61009, -5.04562], "rotation": [0, 50, 0], "uv": [102, 62]},
						{"origin": [-2.38524, 20.60525, -13.70134], "size": [2.43108, 2.20968, 8.11144], "inflate": -0.3, "uv": [88, 0]},
						{"origin": [-2.38524, 20.60525, -6.20134], "size": [2.43108, 3.50968, 1.26144], "inflate": -0.3, "uv": [66, 102]},
						{"origin": [-2.33524, 20.60525, -5.95134], "size": [2.38108, 3.50968, 1.53644], "inflate": -0.3, "pivot": [-1.4947, 22.61009, -5.04562], "rotation": [0, -50, 0], "uv": [72, 102]}
					]
				},
				{
					"name": "_cb_suppressor",
					"parent": "gun",
					"pivot": [0, 23.35, -15.825],
					"cubes": [
						{"origin": [-0.5, 22.85, -16.325], "size": [1, 1, 1], "uv": [27, 69]}
					]
				},
				{
					"name": "_camera_",
					"pivot": [16.05043, 28.19767, 67.1025]
				}
			]
		}
	]
}