{
	"format_version": "1.12.0",
	"minecraft:geometry": [
		{
			"description": {
				"identifier": "geometry.unknown",
				"texture_width": 128,
				"texture_height": 128,
				"visible_bounds_width": 4,
				"visible_bounds_height": 5.5,
				"visible_bounds_offset": [0, 2.25, 0]
			},
			"bones": [
				{
					"name": "main",
					"pivot": [0, 0, 0]
				},
				{
					"name": "_ca_scope",
					"parent": "main",
					"pivot": [-1.8, 26.375, -2.3],
					"cubes": [
						{
							"origin": [-1.8, 26.775, -3.3],
							"size": [1, 1, 1],
							"uv": {
								"north": {"uv": [15, 23], "uv_size": [1, 1]},
								"east": {"uv": [25, 13], "uv_size": [1, 1]},
								"south": {"uv": [14, 25], "uv_size": [1, 1]},
								"west": {"uv": [15, 25], "uv_size": [1, 1]},
								"up": {"uv": [16, 25], "uv_size": [1, 1]},
								"down": {"uv": [24, 14], "uv_size": [1, -1]}
							}
						}
					]
				},
				{
					"name": "scopepip",
					"parent": "main",
					"pivot": [0.8412, 26.0052, 22.8942],
					"cubes": [
						{"origin": [-3.4, 32.35, 15.1], "size": [4.05, 4.05, 1.4], "inflate": -0.4, "uv": [74, 44]}
					]
				},
				{
					"name": "scope",
					"parent": "main",
					"pivot": [-1.925, 3.6, 0],
					"cubes": [
						{"origin": [-1.875, 33.9, 21.7], "size": [1, 1, 1], "inflate": -0.4, "uv": [0, 15]}
					]
				},
				{
					"name": "vssk_skope",
					"parent": "main",
					"pivot": [-1.3218, 32.95166, -5.42236],
					"cubes": [
						{"origin": [-4.35, 31.475, -26], "size": [6, 6, 7], "inflate": -0.4, "pivot": [-1.35, 34.47087, -5.575], "rotation": [0, 0, 45], "uv": [30, 38]},
						{"origin": [-2.85, 33.50869, -20.22769], "size": [3, 3.325, 8.7], "inflate": -0.4, "pivot": [-1.35, 34.47087, -15.7855], "rotation": [-9.5, 0, -45], "uv": [24, 51]},
						{"origin": [-2.85, 33.80142, -20.0863], "size": [3, 3.325, 8.6], "inflate": -0.4, "pivot": [-1.35, 34.47087, -5.575], "rotation": [9.5, 0, 45], "uv": [46, 51]},
						{"origin": [-2.85, 31.82347, -20.08766], "size": [3, 3.325, 8.7], "inflate": -0.4, "pivot": [-1.35, 34.47087, -5.575], "rotation": [-9.5, 0, 45], "uv": [56, 33]},
						{"origin": [-2.85, 32.1162, -20.22633], "size": [3, 3.325, 8.6], "inflate": -0.4, "pivot": [-1.35, 34.47087, -15.7855], "rotation": [9.5, 0, -45], "uv": [24, 62]},
						{"origin": [-3.75, 32.05, 5.8], "size": [1.15, 4.675, 11.1], "inflate": -0.4, "uv": [42, 0]},
						{"origin": [-0.15, 32.05, 5.8], "size": [1.15, 4.675, 11.1], "inflate": -0.4, "uv": [0, 50]},
						{"origin": [-5.55, 32.675, -4.925], "size": [8.55, 3.5, 3.5], "inflate": -0.4, "pivot": [-1.575, 34.425, -3.175], "rotation": [-22.5, 0, 0], "uv": [42, 15]},
						{"origin": [-3.075, 32.675, -4.925], "size": [3.5, 6.05, 3.5], "inflate": -0.4, "uv": [66, 9]},
						{"origin": [-3.4, 35.6, 5.8], "size": [4.05, 1.125, 11.1], "inflate": -0.4, "uv": [0, 38]},
						{"origin": [-3.4, 32.05, 5.8], "size": [4.05, 1.125, 11.1], "inflate": -0.4, "uv": [38, 21]},
						{"origin": [-3.4, 32.375, 5.8], "size": [4.05, 4.025, 1.4], "inflate": -0.4, "uv": [68, 27]},
						{"origin": [-3.4, 32.35, 14.8], "size": [4.05, 4.05, 1.4], "inflate": -0.4, "uv": [74, 44]},
						{"origin": [-3.1, 32.75, -12.2], "size": [3.475, 3.425, 18.9], "inflate": -0.4, "pivot": [-1.3625, 34.4625, -2.75], "rotation": [0, 0, 45], "uv": [0, 0]},
						{"origin": [-4.1, 33.55, -11], "size": [5.575, 1.625, 4.7], "inflate": -0.4, "uv": [38, 33]},
						{"origin": [-2.1, 29.5, -7.1], "size": [1.575, 1.475, 8.9], "inflate": -0.4, "uv": [0, 65]},
						{"origin": [-2.1, 26.25, -7.1], "size": [1.575, 1.975, 8.7], "inflate": -0.4, "uv": [66, 0]},
						{"origin": [-2.1, 29, -5.5], "size": [1.575, 1.725, 1.9], "inflate": -0.4, "pivot": [-1.3125, 29.8625, -4.55], "rotation": [-45, 0, 0], "uv": [56, 49]},
						{"origin": [-2.1, 26.21183, -3.03683], "size": [1.575, 1.725, 1.9], "inflate": -0.4, "pivot": [-1.3125, 27.8875, -2.9], "rotation": [45, 0, 0], "uv": [60, 49]},
						{"origin": [-2.1, 26.21183, -4.46317], "size": [1.575, 1.725, 1.9], "inflate": -0.4, "pivot": [-1.3125, 27.8875, -2.7], "rotation": [-45, 0, 0], "uv": [64, 18]},
						{"origin": [-2.1, 29, -4.8], "size": [1.575, 1.725, 1.9], "inflate": -0.4, "pivot": [-1.3125, 29.8625, -3.85], "rotation": [45, 0, 0], "uv": [64, 49]},
						{"origin": [-2.1, 29, -2.7], "size": [1.575, 1.725, 1.9], "inflate": -0.4, "pivot": [-1.3125, 29.8625, -1.75], "rotation": [-45, 0, 0], "uv": [60, 73]},
						{"origin": [-2.1, 29, -7.6], "size": [1.575, 1.725, 1.9], "inflate": -0.4, "pivot": [-1.3125, 29.8625, -6.65], "rotation": [45, 0, 0], "uv": [64, 73]},
						{"origin": [-2.1, 26.21183, -5.83683], "size": [1.575, 1.725, 1.9], "inflate": -0.4, "pivot": [-1.3125, 27.8875, -5.7], "rotation": [45, 0, 0], "uv": [14, 74]},
						{"origin": [-2.1, 29, 0.1], "size": [1.575, 1.725, 1.9], "inflate": -0.4, "pivot": [-1.3125, 29.8625, 1.05], "rotation": [-45, 0, 0], "uv": [14, 76]},
						{"origin": [-2.1, 29, -2], "size": [1.575, 1.725, 1.9], "inflate": -0.4, "pivot": [-1.3125, 29.8625, -1.05], "rotation": [45, 0, 0], "uv": [14, 78]},
						{"origin": [-2.1, 26.21183, -1.66317], "size": [1.575, 1.725, 1.9], "inflate": -0.4, "pivot": [-1.3125, 27.8875, 0.1], "rotation": [-45, 0, 0], "uv": [78, 16]},
						{"origin": [-2.1, 26.21183, -0.23683], "size": [1.575, 1.725, 1.9], "inflate": -0.4, "pivot": [-1.3125, 27.8875, -0.1], "rotation": [45, 0, 0], "uv": [78, 34]},
						{"origin": [-2.1, 26.21183, -7.26317], "size": [1.575, 1.725, 1.9], "inflate": -0.4, "pivot": [-1.3125, 27.8875, -5.5], "rotation": [-45, 0, 0], "uv": [78, 36]},
						{"origin": [-2.1, 27.125, -4.9], "size": [1.575, 3.225, 1.4], "inflate": -0.4, "uv": [18, 65]},
						{"origin": [-2.1, 27.125, -2.1], "size": [1.575, 3.225, 1.4], "inflate": -0.4, "uv": [18, 69]},
						{"origin": [-3.175, 26.25, -11], "size": [3.75, 1.4, 16.4], "inflate": -0.4, "uv": [0, 21]},
						{"origin": [-2.6296, 30.79637, -11], "size": [1.975, 3.825, 4.7], "inflate": -0.4, "pivot": [-2.2313, 31.4853, -8.65], "rotation": [0, 0, -27], "uv": [60, 76]},
						{"origin": [-2.47601, 26.70026, -11], "size": [2.375, 5.725, 4.7], "inflate": -0.4, "pivot": [-0.8687, 31.4853, -8.65], "rotation": [0, 0, -9], "uv": [68, 18]},
						{"origin": [-1.9454, 30.79637, -11], "size": [1.975, 3.825, 4.7], "inflate": -0.4, "pivot": [-0.3687, 31.4853, -8.65], "rotation": [0, 0, 27], "uv": [70, 76]},
						{"origin": [-2.6296, 30.79637, 0.7], "size": [1.975, 3.825, 4.7], "inflate": -0.4, "pivot": [-2.2313, 31.4853, 3.05], "rotation": [0, 0, -27], "uv": [78, 9]},
						{"origin": [-2.47601, 26.70026, 0.7], "size": [2.375, 5.725, 4.7], "inflate": -0.4, "pivot": [-0.8687, 31.4853, 3.05], "rotation": [0, 0, -9], "uv": [68, 49]},
						{"origin": [-2.49899, 26.70026, 0.7], "size": [2.275, 5.725, 4.7], "inflate": -0.4, "pivot": [-1.7313, 31.4853, 3.05], "rotation": [0, 0, 9], "uv": [68, 58]},
						{"origin": [-1.9454, 30.79637, 0.7], "size": [1.975, 3.825, 4.7], "inflate": -0.4, "pivot": [-0.3687, 31.4853, 3.05], "rotation": [0, 0, 27], "uv": [78, 27]},
						{"origin": [-2.49899, 26.70026, -11], "size": [2.375, 5.725, 4.7], "inflate": -0.4, "pivot": [-1.7313, 31.4853, -8.65], "rotation": [0, 0, 9], "uv": [68, 67]},
						{"origin": [-4.1, 33.55, 0.7], "size": [5.575, 1.625, 4.7], "inflate": -0.4, "uv": [56, 44]},
						{"origin": [-3.03375, 33.06235, -11], "size": [3.475, 3.425, 4.7], "inflate": -0.4, "pivot": [-1.29625, 34.77485, -2.75], "rotation": [0, 0, 45], "uv": [18, 73]},
						{"origin": [-3.03375, 32.26235, -11], "size": [3.475, 3.425, 4.7], "inflate": -0.4, "pivot": [-1.29625, 33.97485, -2.75], "rotation": [0, 0, 45], "uv": [32, 73]},
						{"origin": [-3.03375, 33.06235, 0.7], "size": [3.475, 3.425, 4.7], "inflate": -0.4, "pivot": [-1.29625, 34.77485, 9.45], "rotation": [0, 0, 45], "uv": [46, 73]},
						{"origin": [-3.03375, 32.26235, 0.7], "size": [3.475, 3.425, 4.7], "inflate": -0.4, "pivot": [-1.29625, 33.97485, 9.45], "rotation": [0, 0, 45], "uv": [0, 74]},
						{"origin": [-4.1, 31.75, -6.2], "size": [5.475, 5.425, 6.3], "inflate": -0.4, "pivot": [-1.35, 34.47087, -5.575], "rotation": [0, 0, 22.25], "uv": [46, 62]}
					]
				}
			]
		}
	]
}