{
	"format_version": "1.12.0",
	"minecraft:geometry": [
		{
			"description": {
				"identifier": "geometry.unknown",
				"texture_width": 64,
				"texture_height": 64,
				"visible_bounds_width": 4,
				"visible_bounds_height": 2.5,
				"visible_bounds_offset": [0, 0.75, 0]
			},
			"bones": [
				{
					"name": "main",
					"pivot": [0, 0, 0]
				},
				{
					"name": "_ca_suppressor",
					"parent": "main",
					"pivot": [-0.15, -0.65, 3.275],
					"cubes": [
						{"origin": [-0.65, -1.15, 8.275], "size": [1, 1, 1], "inflate": -0.4, "uv": [16, 17]}
					]
				},
				{
					"name": "muzzleflash",
					"parent": "main",
					"pivot": [-0.15, -0.65, -14.725],
					"cubes": [
						{"origin": [-0.65, -1.15, -9.725], "size": [1, 1, 1], "inflate": -0.4, "uv": [16, 17]}
					]
				},
				{
					"name": "suppressor",
					"parent": "main",
					"pivot": [-0.0971, -0.63291, -4.36152],
					"cubes": [
						{"origin": [-1.46314, -1.88558, -8.47402], "size": [2.5, 2.5, 16.6], "inflate": -0.1, "pivot": [-0.14314, -0.78558, -3.97402], "rotation": [0, 0, 45], "uv": [0, 0]},
						{"origin": [-1.51314, -1.93558, -5.47402], "size": [2.6, 2.6, 6.6], "inflate": -0.1, "pivot": [-0.14314, -0.78558, -3.97402], "rotation": [0, 0, 45], "uv": [0, 18]},
						{"origin": [-1.76314, -1.48558, -9.27402], "size": [2.4, 2.4, 1.3], "inflate": -0.4, "pivot": [-0.14314, -0.78558, -3.97402], "rotation": [0, 0, 45], "uv": [16, 20]},
						{"origin": [-1.76314, -2.48558, -9.27402], "size": [2.4, 2.4, 1.3], "inflate": -0.4, "pivot": [-0.14314, -1.78558, -3.97402], "rotation": [0, 0, 45], "uv": [22, 20]},
						{"origin": [-1.61314, -1.53558, -9.27402], "size": [3.05, 1.8, 1.3], "inflate": -0.401, "uv": [16, 18]},
						{"origin": [-0.59086, -1.13001, -8.99902], "size": [1, 1, 1.1], "inflate": -0.101, "pivot": [-0.09086, -0.63001, -8.44902], "rotation": [0, 0, 22.5], "uv": [22, 23]},
						{"origin": [-0.64086, -0.23001, -9.39902], "size": [1.1, 1.1, 1.1], "inflate": -0.4, "pivot": [-0.14086, 0.36999, -8.84902], "rotation": [0, 0, -22.5], "uv": [26, 23]},
						{"origin": [-0.64086, -2.13001, -9.39902], "size": [1.1, 1.1, 1.1], "inflate": -0.4, "pivot": [-0.14086, -1.53001, -8.84902], "rotation": [0, 0, -22.5], "uv": [26, 23]},
						{"origin": [-0.83814, -1.26058, 7.12598], "size": [1.375, 1.375, 2.4], "inflate": -0.1, "pivot": [-0.21814, -0.61058, -3.47402], "rotation": [0, 0, 45], "uv": [16, 23]}
					]
				}
			]
		}
	]
}