{
	"format_version": "1.12.0",
	"minecraft:geometry": [
		{
			"description": {
				"identifier": "geometry.unknown",
				"texture_width": 256,
				"texture_height": 256,
				"visible_bounds_width": 8,
				"visible_bounds_height": 4,
				"visible_bounds_offset": [0, 1, 0]
			},
			"bones": [
				{
					"name": "bb_main",
					"pivot": [0, 0, 0]
				},
				{
					"name": "_camera_",
					"pivot": [11.17542, 31.64006, 52.57392]
				},
				{
					"name": "main",
					"pivot": [0, 16, 4]
				},
				{
					"name": "gun",
					"parent": "main",
					"pivot": [-1.46819, 16.20496, 1.88012],
					"cubes": [
						{"origin": [-2.95646, 21.94749, -5.51988], "size": [1.825, 1.725, 6.175], "inflate": -0.4, "pivot": [-1.41819, 22.63851, -9.02243], "rotation": [0, 0, 50], "uv": [122, 41]},
						{"origin": [-2.98756, 20.66827, -5.51988], "size": [1.3, 2.275, 6.175], "inflate": -0.4, "pivot": [-1.41819, 22.63851, -17.37243], "rotation": [0, 0, 42.5], "uv": [122, 7]},
						{"origin": [-0.99319, 20.00496, 8.30512], "size": [1.85, 1.8, 2.55], "inflate": -0.4, "pivot": [0.58181, 20.47996, 9.90512], "rotation": [8, 0, 0], "uv": [132, 66]},
						{"origin": [-3.69319, 20.00496, 8.30512], "size": [1.85, 1.8, 2.55], "inflate": -0.4, "pivot": [-1.81819, 20.47996, 9.90512], "rotation": [8, 0, 0], "uv": [68, 132]},
						{"origin": [-0.88731, 19.44297, -5.77992], "size": [1.225, 2.25, 1.5], "inflate": -0.4, "pivot": [-1.41819, 20.81351, -1.62243], "rotation": [12.25, -11, -2.25], "uv": [134, 25]},
						{"origin": [-1.09319, 19.44308, -5.44635], "size": [2.15, 2.175, 1.4], "inflate": -0.4, "pivot": [-1.41819, 20.81351, -1.62243], "rotation": [12, 0, 0], "uv": [112, 131]},
						{"origin": [-2.46901, 21.48851, -16.71988], "size": [2.1, 2.1, 20.3], "inflate": -0.4, "pivot": [-1.41901, 22.53851, -6.56988], "rotation": [0, 0, 25], "uv": [52, 50]},
						{"origin": [-1.97716, 22.52405, 7.03012], "size": [1.1, 1.1, 2.3], "inflate": -0.4, "pivot": [-1.42716, 23.07405, 17.18012], "rotation": [0, 0, 25], "uv": [76, 67]},
						{"origin": [-3.44319, 18.85496, -13.01988], "size": [4.05, 2.25, 8.975], "inflate": -0.403, "pivot": [-1.41819, 19.87996, -5.33238], "rotation": [-10, 0, 0], "uv": [102, 115]},
						{"origin": [-1.24319, 18.65496, -4.54488], "size": [2.3, 2.25, 14.8], "inflate": -0.398, "uv": [96, 50]},
						{"origin": [-0.99319, 19.20496, 9.45512], "size": [2.05, 1.7, 1.425], "inflate": -0.399, "uv": [36, 133]},
						{"origin": [-3.89319, 19.20496, 9.45512], "size": [2.05, 1.7, 1.425], "inflate": -0.399, "uv": [42, 133]},
						{"origin": [-2.81819, 17.57996, 7.95512], "size": [2.8, 1.525, 2.925], "inflate": -0.399, "uv": [128, 100]},
						{"origin": [-3.89319, 18.30496, 7.95512], "size": [4.95, 1.7, 2.925], "inflate": -0.399, "uv": [126, 111]},
						{"origin": [-3.81819, 17.57996, 7.95512], "size": [2.025, 1.475, 2.925], "inflate": -0.4, "pivot": [-2.29319, 18.31746, 9.41762], "rotation": [0, 0, 35.5], "uv": [126, 129]},
						{"origin": [-1.01819, 17.57996, 7.95512], "size": [2.025, 1.475, 2.925], "inflate": -0.4, "pivot": [-0.51819, 18.31746, 9.41762], "rotation": [0, 0, -35.5], "uv": [34, 130]},
						{"origin": [-2.44319, 18.65496, -4.54488], "size": [2, 2.25, 14.8], "inflate": -0.4, "uv": [102, 25]},
						{"origin": [-3.74319, 20.10496, -5.44488], "size": [4.65, 1.7, 15.7], "inflate": -0.4, "uv": [64, 72]},
						{"origin": [-3.89319, 18.85496, -5.04488], "size": [4.95, 2.25, 8.7], "inflate": -0.399, "pivot": [-1.41819, 19.87996, -5.33238], "rotation": [-10, 0, 0], "uv": [32, 116]},
						{"origin": [-3.29319, 13.82314, -3.69797], "size": [3.75, 1.25, 3.3], "inflate": -0.4, "pivot": [-1.41819, 14.04814, -0.74797], "rotation": [-4, 0, 0], "uv": [126, 104]},
						{"origin": [-3.29319, 14.09814, -1.22297], "size": [3.75, 1.25, 1.925], "inflate": -0.4, "pivot": [-1.41819, 14.32314, 1.72703], "rotation": [6, 0, 0], "uv": [42, 131]},
						{"origin": [-3.29319, 14.3078, -0.32992], "size": [3.75, 1.25, 2.3], "inflate": -0.4, "pivot": [-1.41819, 14.9328, 0.82008], "rotation": [30.75, 0, 0], "uv": [126, 126]},
						{"origin": [-3.29319, 15.2078, 0.47008], "size": [3.75, 1.25, 2.3], "inflate": -0.4, "pivot": [-1.41819, 15.8328, 1.62008], "rotation": [60.75, 0, 0], "uv": [0, 128]},
						{"origin": [-3.29319, 14.6078, 0.97008], "size": [3.75, 3.05, 2.3], "inflate": -0.4, "pivot": [-1.41819, 15.2328, 2.12008], "rotation": [-13.25, 0, 0], "uv": [22, 118]},
						{"origin": [-2.41819, 14.7578, -2.22992], "size": [2, 1.675, 1.2], "inflate": -0.4, "pivot": [-1.41819, 15.1828, -1.07992], "rotation": [-75.25, 0, 0], "uv": [132, 79]},
						{"origin": [-2.41819, 14.9828, -1.10492], "size": [2, 1.675, 1.2], "inflate": -0.4, "pivot": [-1.41819, 15.6078, 0.04508], "rotation": [-50.25, 0, 0], "uv": [124, 132]},
						{"origin": [-2.41819, 14.9828, -1.30492], "size": [2, 1.9, 1.2], "inflate": -0.4, "pivot": [-1.41819, 15.6078, -0.15492], "rotation": [-45.25, 0, 0], "uv": [30, 133]},
						{"origin": [-2.41819, 15.92905, -0.34323], "size": [2, 1.675, 1.2], "inflate": -0.4, "pivot": [-1.41819, 16.76655, 0.25677], "rotation": [-17.25, 0, 0], "uv": [130, 132]},
						{"origin": [-2.41819, 17.12905, -0.04323], "size": [2, 1.675, 1.3], "inflate": -0.4, "pivot": [-1.41819, 17.96655, 0.65677], "rotation": [-40.25, 0, 0], "uv": [12, 133]},
						{"origin": [-2.41819, 15.82905, -0.56823], "size": [2, 1.775, 1.2], "inflate": -0.4, "pivot": [-1.41819, 16.76655, 0.03177], "rotation": [-8.25, 0, 0], "uv": [6, 133]},
						{"origin": [-2.41819, 16.7328, -0.52992], "size": [2, 2.075, 1.5], "inflate": -0.4, "pivot": [-1.41819, 17.6578, 0.92008], "rotation": [0.75, 0, 0], "uv": [56, 132]},
						{"origin": [-3.29319, 14.39878, -5.3639], "size": [3.75, 1.25, 2.65], "inflate": -0.4, "pivot": [-1.41819, 15.07378, -4.5139], "rotation": [-17, 0, 0], "uv": [126, 114]},
						{"origin": [-3.29319, 15.09878, -6.0639], "size": [3.75, 1.25, 2.35], "inflate": -0.4, "pivot": [-1.41819, 15.77378, -5.2139], "rotation": [-43, 0, 0], "uv": [126, 117]},
						{"origin": [-3.29319, 14.92378, -6.5639], "size": [3.75, 1.35, 2.15], "inflate": -0.403, "pivot": [-1.41819, 15.59878, -5.7639], "rotation": [-25.5, 0, 0], "uv": [126, 123]},
						{"origin": [-3.29319, 15.44878, -6.5139], "size": [3.75, 2.025, 1.3], "inflate": -0.402, "pivot": [-1.41819, 15.59878, -5.6639], "rotation": [-18, 0, 0], "uv": [128, 60]},
						{"origin": [-3.29319, 16.27378, -6.0639], "size": [3.75, 3.575, 1.3], "inflate": -0.401, "pivot": [-1.41819, 16.67378, -5.2139], "rotation": [-0.75, 0, 0], "uv": [128, 53]},
						{"origin": [-3.29319, 16.97628, -5.52072], "size": [3.75, 2.775, 1.3], "inflate": -0.4, "pivot": [-1.41819, 18.46378, -4.87072], "rotation": [-27.75, 0, 0], "uv": [20, 107]},
						{"origin": [-3.29319, 18.25128, -6.86904], "size": [3.75, 2.325, 1.85], "inflate": -0.399, "pivot": [-1.41819, 19.33878, -6.21904], "rotation": [57.75, 0, 0], "uv": [128, 88]},
						{"origin": [-3.29319, 17.57628, -6.51904], "size": [3.75, 2.775, 1.3], "inflate": -0.4, "pivot": [-1.41819, 19.06378, -5.86904], "rotation": [27.75, 0, 0], "uv": [128, 63]},
						{"origin": [-3.29319, 17.65128, -5.72072], "size": [3.75, 2.325, 1.85], "inflate": -0.401, "pivot": [-1.41819, 18.73878, -4.52072], "rotation": [-57.75, 0, 0], "uv": [20, 104]},
						{"origin": [-3.29319, 15.89878, -5.9889], "size": [3.75, 1.35, 2.075], "inflate": -0.403, "pivot": [-1.41819, 16.57378, -5.4139], "rotation": [-69, 0, 0], "uv": [126, 120]},
						{"origin": [-3.89319, 19.44308, -5.44635], "size": [2.15, 2.175, 1.4], "inflate": -0.4, "pivot": [-1.41819, 20.81351, -1.62243], "rotation": [12, 0, 0], "uv": [118, 131]},
						{"origin": [-3.17407, 19.44297, -5.77992], "size": [1.225, 2.25, 1.5], "inflate": -0.4, "pivot": [-1.41819, 20.81351, -1.62243], "rotation": [12.25, 11, 2.25], "uv": [134, 28]},
						{"origin": [-3.89319, 18.65496, -4.54488], "size": [2.3, 2.25, 14.8], "inflate": -0.397, "uv": [96, 88]},
						{"origin": [-3.44319, 20.13563, -13.02127], "size": [4.05, 2.05, 12.075], "inflate": -0.4, "uv": [0, 104]},
						{"origin": [-3.89319, 16.03563, 6.30373], "size": [4.95, 2.95, 2.275], "inflate": -0.402, "pivot": [-1.41819, 16.98563, 9.09123], "rotation": [-54.75, 0, 0], "uv": [104, 20]},
						{"origin": [-3.89319, 18.19776, 8.44561], "size": [4.95, 2.025, 1.875], "inflate": -0.4, "pivot": [-1.40569, 18.87276, 9.38311], "rotation": [-68.75, 0, 0], "uv": [128, 22]},
						{"origin": [-3.89319, 15.51063, 6.75373], "size": [4.95, 2.95, 1.875], "inflate": -0.4, "pivot": [-1.41819, 16.46063, 9.14123], "rotation": [-22.75, 0, 0], "uv": [22, 123]},
						{"origin": [-2.21819, 12.31063, 8.45373], "size": [1.625, 4.25, 2.075], "inflate": -0.4, "pivot": [-1.41819, 14.16063, 10.84123], "rotation": [25.25, 0, 0], "uv": [96, 66]},
						{"origin": [-3.81819, 6.33052, 7.99457], "size": [4.825, 3.05, 3.3], "inflate": -0.4, "pivot": [-1.40569, 7.90552, 10.35707], "rotation": [1.25, 0, 0], "uv": [120, 82]},
						{"origin": [-3.81819, 5.50552, 8.34457], "size": [4.825, 2.425, 2.9], "inflate": -0.401, "pivot": [-1.40569, 7.08052, 10.30707], "rotation": [-69.25, 0, 0], "uv": [34, 126]},
						{"origin": [-3.81819, 5.83052, 3.04457], "size": [4.825, 3.05, 6.8], "inflate": -0.395, "pivot": [-1.40569, 7.40552, 5.40707], "rotation": [-1, 0, 0], "uv": [102, 41]},
						{"origin": [-3.99319, 7.86063, 6.42873], "size": [5.15, 12.05, 4.125], "inflate": -0.499, "pivot": [-1.41819, 11.56063, 8.31623], "rotation": [16.25, 0, 0], "uv": [32, 56]},
						{"origin": [-3.94319, 7.86063, 2.52873], "size": [5.05, 12.55, 5.775], "inflate": -0.45, "pivot": [-1.41819, 11.56063, 8.31623], "rotation": [10.25, 0, 0], "uv": [58, 104]}
					]
				},
				{
					"name": "slide",
					"parent": "gun",
					"pivot": [-1.44546, 22.9003, 10.67766],
					"cubes": [
						{"origin": [0.05681, 20.00496, 9.40512], "size": [1, 2.3, 1.45], "inflate": -0.402, "pivot": [0.58181, 20.47996, 9.90512], "rotation": [8, 0, 0], "uv": [134, 31]},
						{"origin": [-1.01819, 21.22996, 9.58012], "size": [1.925, 1.475, 1.125], "inflate": -0.4, "pivot": [0.43181, 21.70496, 9.75512], "rotation": [35, 0, 0], "uv": [136, 48]},
						{"origin": [-3.69319, 21.00496, 9.10512], "size": [1.85, 1.3, 1.75], "inflate": -0.4, "pivot": [-2.01819, 20.47996, 9.90512], "rotation": [8, 0, 0], "uv": [52, 136]},
						{"origin": [-3.69319, 21.22996, 9.58012], "size": [1.875, 1.475, 1.125], "inflate": -0.4, "pivot": [-2.01819, 21.70496, 9.75512], "rotation": [35, 0, 0], "uv": [136, 50]},
						{"origin": [-0.99319, 21.00496, 9.10512], "size": [1.85, 1.3, 1.75], "inflate": -0.4, "pivot": [0.43181, 20.47996, 9.90512], "rotation": [8, 0, 0], "uv": [48, 136]},
						{"origin": [0.05681, 21.22996, 9.48012], "size": [1, 1.475, 1.225], "inflate": -0.4, "pivot": [0.58181, 21.70496, 9.75512], "rotation": [35, 0, 0], "uv": [136, 46]},
						{"origin": [-3.89319, 21.22996, 9.48012], "size": [1, 1.475, 1.225], "inflate": -0.4, "pivot": [-3.41819, 21.70496, 9.75512], "rotation": [35, 0, 0], "uv": [136, 52]},
						{"origin": [-3.89319, 20.00496, 9.40512], "size": [1, 2.3, 1.45], "inflate": -0.402, "pivot": [-3.41819, 20.47996, 9.90512], "rotation": [8, 0, 0], "uv": [134, 34]},
						{"origin": [1.84099, 16.85339, 6.05669], "size": [1.1, 1.475, 1.133], "inflate": -0.5, "pivot": [-1.41819, 22.73851, -2.02243], "rotation": [35.13704, -26.57899, 32.44641], "uv": [44, 135]},
						{"origin": [-2.59319, 15.58012, 5.03964], "size": [1.15, 1.15, 2.15], "inflate": -0.5, "pivot": [-1.41819, 22.73851, -2.02243], "rotation": [43, 0, 0], "uv": [106, 131]},
						{"origin": [-1.39319, 15.58012, 5.03964], "size": [1.15, 1.15, 2.15], "inflate": -0.5, "pivot": [-0.21819, 22.73851, -2.02243], "rotation": [43, 0, 0], "uv": [62, 132]},
						{"origin": [-3.86819, 15.23609, 6.97022], "size": [1.15, 1.15, 1.1], "inflate": -0.5, "pivot": [-1.41819, 22.73851, -2.02243], "rotation": [35, 0, 0], "uv": [40, 135]},
						{"origin": [0.65384, 15.47063, 6.82022], "size": [1.1, 1.175, 1.25], "inflate": -0.5, "pivot": [-1.41819, 22.73851, -2.02243], "rotation": [29.21438, -20.19321, 31.68601], "uv": [36, 135]},
						{"origin": [-3.61819, 15.33609, 6.97022], "size": [1.15, 1.15, 1], "inflate": -0.4, "pivot": [-1.41819, 22.73851, -2.02243], "rotation": [35, 0, 0], "uv": [32, 135]},
						{"origin": [-3.26819, 15.33609, 6.97022], "size": [1.175, 1.625, 1], "inflate": -0.4, "pivot": [-1.41819, 22.73851, -2.02243], "rotation": [35, 0, 0], "uv": [28, 135]},
						{"origin": [-3.25646, 21.92249, 8.48012], "size": [1.125, 1, 1.1], "inflate": -0.5, "pivot": [-1.41819, 22.73851, -2.02243], "rotation": [0, 0, 50], "uv": [24, 135]},
						{"origin": [-3.28756, 20.66827, 9.03012], "size": [1.125, 1.1, 1.275], "inflate": -0.5, "pivot": [-1.41819, 22.73851, -2.02243], "rotation": [0, 0, 42.5], "uv": [20, 135]},
						{"origin": [-3.18756, 20.76827, 8.33012], "size": [1.025, 1.325, 1.65], "inflate": -0.4, "pivot": [-1.41819, 22.73851, -2.02243], "rotation": [0, 0, 42.5], "uv": [16, 135]},
						{"origin": [-3.44319, 25.48089, -12.80798], "size": [2.15, 1.75, 1.675], "inflate": -0.401, "pivot": [-1.41819, 22.73851, -2.02243], "rotation": [22, 0, 0], "uv": [132, 77]},
						{"origin": [-3.89319, 20.81808, -5.84635], "size": [2.15, 2.675, 1.4], "inflate": -0.4, "pivot": [-1.41819, 22.73851, -2.02243], "rotation": [12, 0, 0], "uv": [100, 131]},
						{"origin": [-3.89319, 21.90496, -5.84488], "size": [1.25, 1, 1.2], "inflate": -0.4, "uv": [12, 135]},
						{"origin": [-3.17407, 20.84297, -6.17992], "size": [2.125, 2.775, 1.5], "inflate": -0.4, "pivot": [-1.41819, 22.73851, -2.02243], "rotation": [12.25, 11, 2.25], "uv": [94, 131]},
						{"origin": [-3.18756, 20.76827, -5.86988], "size": [2.325, 2.275, 1.55], "inflate": -0.4, "pivot": [-1.41819, 22.73851, -2.02243], "rotation": [0, 0, 42.5], "uv": [88, 131]},
						{"origin": [-3.18756, 20.76827, -5.86988], "size": [1.5, 2.275, 2.025], "inflate": -0.401, "pivot": [-1.41819, 22.73851, -15.32243], "rotation": [0, 0, 42.5], "uv": [0, 131]},
						{"origin": [-3.18756, 20.76827, -0.21988], "size": [1, 2.275, 9.675], "inflate": -0.4, "pivot": [-1.41819, 22.73851, -10.37243], "rotation": [0, 0, 42.5], "uv": [56, 121]},
						{"origin": [-3.18756, 20.76827, -4.64488], "size": [1.5, 1.175, 5.225], "inflate": -0.4, "pivot": [-1.41819, 22.73851, -20.37243], "rotation": [0, 0, 42.5], "uv": [22, 126]},
						{"origin": [-3.29219, 15.6022, 6.91673], "size": [2.425, 1.1, 1.225], "inflate": -0.5, "pivot": [-1.41819, 22.73851, -2.02243], "rotation": [27.25, 0, 42.5], "uv": [132, 75]},
						{"origin": [-3.29219, 15.5022, 7.14173], "size": [2.425, 1.2, 1.175], "inflate": -0.5, "pivot": [-1.41819, 22.73851, -2.02243], "rotation": [27.25, 0, 42.5], "uv": [132, 73]},
						{"origin": [-3.19219, 15.8022, 6.81673], "size": [1.75, 1.325, 1.4], "inflate": -0.4, "pivot": [-1.41819, 22.73851, -2.02243], "rotation": [27.25, 0, 42.5], "uv": [8, 135]},
						{"origin": [-3.19219, 16.3272, 6.61673], "size": [1.1, 1.65, 1.6], "inflate": -0.4, "pivot": [-1.41819, 22.73851, -2.02243], "rotation": [27.25, 0, 42.5], "uv": [4, 135]},
						{"origin": [-3.16087, 31.27664, 2.4701], "size": [1.05, 1.25, 1.45], "inflate": -0.4, "pivot": [-1.41819, 22.73851, -2.02243], "rotation": [-59, 0, 50], "uv": [0, 135]},
						{"origin": [-3.44319, 22.05496, -15.21988], "size": [2.15, 1.35, 2.8], "inflate": -0.4, "uv": [128, 97]},
						{"origin": [-2.66819, 20.35496, -15.21988], "size": [2.45, 2.6, 4.8], "inflate": -0.4, "uv": [90, 125]},
						{"origin": [-3.14319, 20.62996, -15.21988], "size": [2.5, 2.675, 4.8], "inflate": -0.401, "pivot": [-1.89319, 21.97996, -12.81988], "rotation": [0, 0, -25], "uv": [114, 125]},
						{"origin": [-2.21819, 20.62996, -15.21988], "size": [2.5, 2.675, 5.2], "inflate": -0.402, "pivot": [-0.96819, 21.97996, -12.81988], "rotation": [0, 0, 25], "uv": [122, 15]},
						{"origin": [-3.15646, 22.04749, -0.21988], "size": [2.025, 1.725, 9.175], "inflate": -0.4, "pivot": [-1.41819, 22.73851, -2.02243], "rotation": [0, 0, 50], "uv": [0, 118]},
						{"origin": [-3.15646, 22.74749, -4.64488], "size": [2.025, 1.025, 5.225], "inflate": -0.4, "pivot": [-1.41819, 22.73851, -11.12243], "rotation": [0, 0, 50], "uv": [76, 125]},
						{"origin": [-3.15646, 22.04749, -15.21988], "size": [2.025, 1.725, 11.375], "inflate": -0.398, "pivot": [-1.41819, 22.73851, -16.32243], "rotation": [0, 0, 50], "uv": [32, 104]},
						{"origin": [-3.18756, 21.44327, -15.21988], "size": [2.325, 1.6, 10.7], "inflate": -0.399, "pivot": [-1.41819, 22.73851, -2.02243], "rotation": [0, 0, 42.5], "uv": [102, 104]},
						{"origin": [-3.17858, 22.20494, -6.22368], "size": [1.65, 1.55, 1.825], "inflate": -0.4, "pivot": [-1.41819, 22.73851, -2.02243], "rotation": [22.5, 0, 42.5], "uv": [134, 134]},
						{"origin": [-3.74319, 21.00496, -5.44488], "size": [1.925, 1.9, 15.7], "inflate": -0.4, "uv": [0, 88]},
						{"origin": [-1.01819, 21.00496, -5.44488], "size": [1.925, 1.9, 15.7], "inflate": -0.4, "uv": [64, 88]},
						{"origin": [-1.01819, 15.33609, 4.92022], "size": [1.075, 2.125, 3.05], "inflate": -0.4, "pivot": [-1.41819, 22.73851, -2.02243], "rotation": [35, 0, 0], "uv": [46, 126]},
						{"origin": [-1.09319, 15.28012, 6.03964], "size": [1.175, 1.075, 1.15], "inflate": -0.5, "pivot": [-1.41819, 22.73851, -2.02243], "rotation": [43, 0, 0], "uv": [122, 134]},
						{"origin": [-5.87737, 16.42839, 5.90669], "size": [1.2, 1.5, 1.283], "inflate": -0.5, "pivot": [-1.41819, 22.73851, -2.02243], "rotation": [35.13704, 26.57899, -32.44641], "uv": [134, 129]},
						{"origin": [-5.72737, 16.30339, 6.05669], "size": [1.05, 1.125, 1.133], "inflate": -0.5, "pivot": [-1.41819, 22.73851, -2.02243], "rotation": [35.13704, 26.57899, -32.44641], "uv": [130, 134]},
						{"origin": [-5.77737, 16.85339, 5.05669], "size": [1.1, 1.5, 2.133], "inflate": -0.5, "pivot": [-1.41819, 22.73851, -2.02243], "rotation": [35.13704, 26.57899, -32.44641], "uv": [82, 131]},
						{"origin": [-1.39319, 15.73012, 6.03964], "size": [1.05, 1.125, 1.15], "inflate": -0.5, "pivot": [-1.41819, 22.73851, -2.02243], "rotation": [43, 0, 0], "uv": [126, 134]},
						{"origin": [-2.49319, 15.73012, 6.03964], "size": [1.05, 1.125, 1.15], "inflate": -0.5, "pivot": [-2.51819, 22.73851, -2.02243], "rotation": [43, 0, 0], "uv": [136, 44]},
						{"origin": [-2.19319, 15.68012, 6.03964], "size": [1.55, 1.3, 1.05], "inflate": -0.4, "pivot": [-1.41819, 22.73851, -2.02243], "rotation": [43, 0, 0], "uv": [56, 135]},
						{"origin": [-1.54319, 15.58012, 5.93964], "size": [1.15, 1.325, 1.25], "inflate": -0.5, "pivot": [-1.26819, 22.73851, -2.02243], "rotation": [43, 0, 0], "uv": [136, 11]},
						{"origin": [-2.44319, 15.58012, 5.93964], "size": [1.15, 1.325, 1.25], "inflate": -0.5, "pivot": [-2.16819, 22.73851, -2.02243], "rotation": [43, 0, 0], "uv": [136, 13]},
						{"origin": [-2.34319, 15.88012, 6.03964], "size": [1.075, 1.05, 1.15], "inflate": -0.501, "pivot": [-2.16819, 22.73851, -2.02243], "rotation": [43, 0, 0], "uv": [136, 15]},
						{"origin": [-1.54319, 15.88012, 6.03964], "size": [1.075, 1.05, 1.15], "inflate": -0.501, "pivot": [-1.36819, 22.73851, -2.02243], "rotation": [43, 0, 0], "uv": [136, 17]},
						{"origin": [-4.69023, 15.74563, 6.92022], "size": [1.1, 2.225, 1.05], "inflate": -0.4, "pivot": [-1.41819, 22.73851, -2.02243], "rotation": [29.21438, 20.19321, -31.68601], "uv": [18, 128]},
						{"origin": [0.73341, 15.74563, 6.92022], "size": [1.1, 2.225, 1.05], "inflate": -0.4, "pivot": [-1.43863, 22.73851, -2.02243], "rotation": [29.21438, -20.19321, 31.68601], "uv": [134, 37]},
						{"origin": [-0.74319, 15.33609, 6.97022], "size": [1.175, 1.625, 1], "inflate": -0.4, "pivot": [-1.41819, 22.73851, -2.02243], "rotation": [35, 0, 0], "uv": [106, 134]},
						{"origin": [-1.09319, 20.81808, -5.84635], "size": [2.15, 2.675, 1.4], "inflate": -0.4, "pivot": [-1.41819, 22.73851, -2.02243], "rotation": [12, 0, 0], "uv": [76, 131]},
						{"origin": [-0.19319, 21.90496, -5.84488], "size": [1.25, 1, 1.2], "inflate": -0.4, "uv": [86, 134]},
						{"origin": [-1.78731, 20.84297, -6.17992], "size": [2.125, 2.775, 1.5], "inflate": -0.4, "pivot": [-1.41819, 22.73851, -2.02243], "rotation": [12.25, -11, -2.25], "uv": [50, 131]},
						{"origin": [-2.19319, 22.82996, -15.21988], "size": [1.55, 1.75, 24.175], "inflate": -0.4, "uv": [52, 25]},
						{"origin": [-2.61819, 20.97996, 7.08012], "size": [2.4, 3.225, 2.2], "inflate": -0.4, "uv": [10, 128]},
						{"origin": [-3.44319, 21.35496, -13.21988], "size": [4.05, 2.05, 8.25], "inflate": -0.4, "uv": [78, 115]},
						{"origin": [-1.54319, 25.48089, -12.80798], "size": [2.15, 1.75, 1.675], "inflate": -0.401, "pivot": [-1.41819, 22.73851, -2.02243], "rotation": [22, 0, 0], "uv": [132, 71]},
						{"origin": [-1.54319, 22.05496, -15.21988], "size": [2.15, 1.35, 2.8], "inflate": -0.4, "uv": [128, 57]},
						{"origin": [-1.3078, 22.20494, -6.22368], "size": [1.65, 1.55, 1.825], "inflate": -0.4, "pivot": [-1.41819, 22.73851, -2.02243], "rotation": [22.5, 0, -42.5], "uv": [52, 134]},
						{"origin": [-0.64882, 20.76827, -5.31988], "size": [1, 2.275, 14.8], "inflate": -0.4, "pivot": [-1.41819, 22.73851, -2.02243], "rotation": [0, 0, -42.5], "uv": [102, 66]},
						{"origin": [-0.67382, 20.76827, 8.33012], "size": [1.025, 1.325, 1.65], "inflate": -0.4, "pivot": [-1.41819, 22.73851, -2.02243], "rotation": [0, 0, -42.5], "uv": [90, 134]},
						{"origin": [-1.97382, 20.76827, -5.86988], "size": [2.325, 1.525, 1.55], "inflate": -0.4, "pivot": [-1.41819, 22.73851, -2.02243], "rotation": [0, 0, -42.5], "uv": [132, 69]},
						{"origin": [-0.76919, 16.3272, 6.61673], "size": [1.125, 1.65, 1.6], "inflate": -0.4, "pivot": [-1.41819, 22.73851, -2.02243], "rotation": [27.25, 0, -42.5], "uv": [134, 83]},
						{"origin": [-1.41919, 15.8022, 6.81673], "size": [1.775, 1.325, 1.4], "inflate": -0.4, "pivot": [-1.41819, 22.73851, -2.02243], "rotation": [27.25, 0, -42.5], "uv": [134, 85]},
						{"origin": [-1.96919, 15.6022, 6.91673], "size": [2.425, 1.1, 1.225], "inflate": -0.5, "pivot": [-1.41819, 22.73851, -2.02243], "rotation": [27.25, 0, -42.5], "uv": [122, 48]},
						{"origin": [-1.70492, 22.04749, -15.21988], "size": [2.025, 1.725, 24.175], "inflate": -0.398, "pivot": [-1.41819, 22.73851, -2.02243], "rotation": [0, 0, -50], "uv": [52, 0]},
						{"origin": [-0.75492, 21.97249, 8.13012], "size": [1.075, 1, 1.3], "inflate": -0.4, "pivot": [-1.41819, 22.73851, -2.02243], "rotation": [0, 0, -50], "uv": [98, 134]},
						{"origin": [-0.70492, 21.92249, 8.48012], "size": [1.125, 1, 1.1], "inflate": -0.5, "pivot": [-1.41819, 22.73851, -2.02243], "rotation": [0, 0, -50], "uv": [102, 134]},
						{"origin": [-0.67552, 31.27664, 2.4701], "size": [1, 1.25, 1.6], "inflate": -0.4, "pivot": [-1.41819, 22.73851, -2.02243], "rotation": [-59, 0, -50], "uv": [74, 134]},
						{"origin": [-0.67552, 31.50164, 3.2201], "size": [1, 1.025, 1], "inflate": -0.4, "pivot": [-1.41819, 22.73851, -2.02243], "rotation": [-59, 0, -50], "uv": [78, 134]},
						{"origin": [-2.88863, 15.33609, 4.92022], "size": [1.075, 2.125, 3.05], "inflate": -0.4, "pivot": [-1.41363, 22.73851, -2.02243], "rotation": [35, 0, 0], "uv": [128, 48]},
						{"origin": [-2.91363, 15.28012, 6.03964], "size": [1.175, 1.075, 1.15], "inflate": -0.5, "pivot": [-1.41363, 22.73851, -2.02243], "rotation": [43, 0, 0], "uv": [76, 136]},
						{"origin": [1.84555, 16.42839, 5.90669], "size": [1.2, 1.5, 1.283], "inflate": -0.5, "pivot": [-1.41363, 22.73851, -2.02243], "rotation": [35.13704, -26.57899, 32.44641], "uv": [72, 136]},
						{"origin": [-3.2563, 31.50164, 3.3951], "size": [1.325, 1.125, 0.975], "inflate": -0.5, "pivot": [-1.41363, 22.73851, -2.02243], "rotation": [-59, 0, 50], "uv": [50, 57]},
						{"origin": [1.84555, 16.30339, 6.05669], "size": [1.05, 1.125, 1.133], "inflate": -0.5, "pivot": [-1.41363, 22.73851, -2.02243], "rotation": [35.13704, -26.57899, 32.44641], "uv": [136, 64]},
						{"origin": [-3.2563, 31.57664, 3.3701], "size": [1.325, 1.05, 1.05], "inflate": -0.5, "pivot": [-1.41363, 22.73851, -2.02243], "rotation": [-59, 0, 50], "uv": [136, 62]},
						{"origin": [-3.1519, 21.99749, 8.13012], "size": [1.025, 1, 1.3], "inflate": -0.4, "pivot": [-1.41363, 22.73851, -2.02243], "rotation": [0, 0, 50], "uv": [136, 60]},
						{"origin": [-3.2563, 31.25164, 3.1701], "size": [1.725, 1.15, 1.05], "inflate": -0.5, "pivot": [-1.41363, 22.73851, -2.02243], "rotation": [-59, 0, 50], "uv": [136, 58]},
						{"origin": [-3.1563, 31.27664, 2.4701], "size": [1, 1.25, 1.6], "inflate": -0.4, "pivot": [-1.41363, 22.73851, -2.02243], "rotation": [-59, 0, 50], "uv": [136, 56]},
						{"origin": [-3.1563, 31.50164, 3.2201], "size": [1, 1.025, 1], "inflate": -0.4, "pivot": [-1.41363, 22.73851, -2.02243], "rotation": [-59, 0, 50], "uv": [136, 54]},
						{"origin": [-0.90052, 31.50164, 3.3951], "size": [1.325, 1.125, 0.975], "inflate": -0.5, "pivot": [-1.41819, 22.73851, -2.02243], "rotation": [-59, 0, -50], "uv": [50, 56]},
						{"origin": [-1.30052, 31.25164, 3.1701], "size": [1.725, 1.15, 1.05], "inflate": -0.5, "pivot": [-1.41819, 22.73851, -2.02243], "rotation": [-59, 0, -50], "uv": [134, 81]},
						{"origin": [-0.90052, 31.57664, 3.3701], "size": [1.325, 1.05, 1.05], "inflate": -0.5, "pivot": [-1.41819, 22.73851, -2.02243], "rotation": [-59, 0, -50], "uv": [82, 134]},
						{"origin": [-1.97382, 21.44327, -15.21988], "size": [2.325, 1.6, 10.7], "inflate": -0.399, "pivot": [-1.41819, 22.73851, -2.02243], "rotation": [0, 0, -42.5], "uv": [78, 104]},
						{"origin": [-3.89319, 20.10496, -5.44488], "size": [4.95, 2.8, 5.7], "inflate": -0.399, "uv": [122, 0]},
						{"origin": [-3.49319, 16.50496, -4.14488], "size": [8.15, 10, 18], "inflate": -4, "uv": [0, 0]},
						{"origin": [-7.49319, 16.50496, -4.14488], "size": [8.15, 10, 18], "inflate": -4, "uv": [0, 28]},
						{"origin": [-1.56819, 23.50496, 6.88012], "size": [1.25, 1.575, 1.325], "inflate": -0.4, "uv": [60, 135]},
						{"origin": [-1.51819, 23.77996, 6.90512], "size": [1.125, 1.3, 1.425], "inflate": -0.5, "uv": [136, 19]},
						{"origin": [-1.96819, 23.45496, -14.39488], "size": [1.1, 1.575, 1.1], "inflate": -0.5, "pivot": [-1.26819, 24.24246, -14.03238], "rotation": [60, 0, 0], "uv": [136, 42]},
						{"origin": [-2.41819, 23.77996, 6.90512], "size": [1.125, 1.3, 1.425], "inflate": -0.5, "uv": [136, 40]},
						{"origin": [-2.06819, 23.50496, 6.88012], "size": [1.3, 1.175, 1.325], "inflate": -0.4, "uv": [68, 135]},
						{"origin": [-1.94319, 23.70496, -15.16988], "size": [1.05, 1.325, 1.325], "inflate": -0.399, "uv": [136, 9]},
						{"origin": [-1.94319, 23.50496, -14.84488], "size": [1.05, 1.325, 1.725], "inflate": -0.4, "pivot": [-1.41819, 24.16746, -13.95738], "rotation": [-30.25, 0, 0], "uv": [136, 7]},
						{"origin": [-2.51819, 23.50496, 6.88012], "size": [1.25, 1.575, 1.325], "inflate": -0.4, "uv": [64, 135]},
						{"origin": [-4.59023, 15.47063, 6.82022], "size": [1.1, 1.175, 1.25], "inflate": -0.5, "pivot": [-1.41819, 22.73851, -2.02243], "rotation": [29.21438, 20.19321, -31.68601], "uv": [114, 134]},
						{"origin": [-0.36819, 15.33609, 6.97022], "size": [1.2, 1.1, 1], "inflate": -0.4, "pivot": [-1.41819, 22.73851, -2.02243], "rotation": [35, 0, 0], "uv": [110, 134]},
						{"origin": [-0.06819, 15.23609, 6.97022], "size": [1.1, 1.125, 1.1], "inflate": -0.5, "pivot": [-1.41819, 22.73851, -2.02243], "rotation": [35, 0, 0], "uv": [118, 134]},
						{"origin": [-0.67382, 20.66827, 9.08012], "size": [1.125, 1.1, 1.225], "inflate": -0.5, "pivot": [-1.41819, 22.73851, -2.02243], "rotation": [0, 0, -42.5], "uv": [94, 134]},
						{"origin": [-1.96919, 15.5022, 7.14173], "size": [2.425, 1.2, 1.175], "inflate": -0.5, "pivot": [-1.41819, 22.73851, -2.02243], "rotation": [27.25, 0, -42.5], "uv": [116, 20]}
					]
				},
				{
					"name": "trigger",
					"parent": "gun",
					"pivot": [-1.41819, 20.01582, 8.49188],
					"rotation": [75, 0, 0],
					"cubes": [
						{"origin": [-2.64319, 19.36802, 8.47544], "size": [2.45, 2.3, 4.25], "inflate": -0.399, "pivot": [-1.41819, 19.54679, 10.32707], "rotation": [150, 0, 0], "uv": [102, 125]},
						{"origin": [-2.64319, 19.48922, 8.8153], "size": [2.45, 1.275, 2.475], "inflate": -0.4, "pivot": [-1.41819, 19.84679, 10.72707], "rotation": [95, 0, 0], "uv": [128, 91]},
						{"origin": [-2.64319, 19.47521, 10.1666], "size": [2.45, 1.275, 2.075], "inflate": -0.4, "pivot": [-1.41819, 19.84679, 10.72707], "rotation": [82, 0, 0], "uv": [128, 94]}
					]
				},
				{
					"name": "magazine",
					"parent": "gun",
					"pivot": [-1.41819, 7.47615, 4.94881],
					"cubes": [
						{"origin": [-3.44319, 4.93762, 2.72986], "size": [4.05, 1.625, 2.075], "inflate": -0.4, "pivot": [-1.41819, 5.91262, 3.76736], "rotation": [52.25, 0, 0], "uv": [116, 22]},
						{"origin": [-3.44319, 4.84547, 3.87854], "size": [4.05, 1.9, 5.675], "inflate": -0.4, "pivot": [-1.41819, 5.79547, 6.71604], "rotation": [4.25, 0, 0], "uv": [102, 82]},
						{"origin": [-3.44319, 4.67047, 2.77854], "size": [4.05, 1.3, 2.075], "inflate": -0.398, "pivot": [-1.41819, 5.62047, 5.61604], "rotation": [0.25, 0, 0], "uv": [126, 108]},
						{"origin": [-3.44319, 5.76063, 2.82873], "size": [4.05, 15.45, 5.675], "inflate": -0.399, "pivot": [-1.41819, 11.56063, 8.31623], "rotation": [10.25, 0, 0], "uv": [104, 0]}
					]
				},
				{
					"name": "muzzleflash",
					"parent": "main",
					"pivot": [-1.06819, 21.60496, -17.99488],
					"cubes": [
						{"origin": [-1.91819, 22.05496, -17.69488], "size": [1, 1, 1], "inflate": -0.4, "uv": [6, 131]}
					]
				},
				{
					"name": "scope",
					"parent": "main",
					"pivot": [-1.06819, 24.60496, 22.63012],
					"cubes": [
						{"origin": [-1.91819, 24.00496, 22.33012], "size": [1, 1, 1], "inflate": -0.4, "uv": [48, 134]}
					]
				},
				{
					"name": "rightarm",
					"parent": "main",
					"pivot": [-5.86819, 9.72996, 22.78012],
					"rotation": [-104.56106, -12.40003, -2.46982],
					"cubes": [
						{"origin": [-9.86819, -14.27004, 19.48012], "size": [8, 24, 8], "uv": [0, 56]}
					]
				},
				{
					"name": "leftarm",
					"parent": "main",
					"pivot": [9.13181, 2.20496, 21.28012],
					"rotation": [-118.95832, 6.70101, -29.35181],
					"cubes": [
						{"origin": [5.43181, -21.79504, 15.18012], "size": [8, 24, 8], "uv": [32, 72]}
					]
				}
			]
		}
	]
}