{
  "name" : "htg_python",
  "type": "Gun",
  "maxAmmoCapacity" : 6,
  "compatibleAmmo" : ["ammocreative", "ammo357"],
  "damage" : 12,
  "rpm" : 320,
  "fireModes" : ["SINGLE"],
  "fireSound" : "deserteagle",
  "drawCooldownDuration" : 650,
  "aimingZoom" : 0.25,
  "gunRecoilInitialAmplitude" : 2,
  "shakeRecoilAmplitude" : 0.35,
  "shakeRecoilSpeed" : 2,
  "viewRecoilAmplitude" : 5,
  "inspectCooldownDuration": 3700,
  "prepareFireCooldownDuration": 100,
  "phasedReloads": [
    {
      "phase": "RELOADING",
      "condition": "reloadIterationIndex == 0",
      "duration": 3400,
      "animation": "animation.model.reloadempty"
    },
    {
      "phase": "RELOADING",
      "condition": "reloadIterationIndex > 0",
      "duration": 3400,
      "animation": "animation.model.reload"
    }
    ],						
      "effects": [
  {
     "phase": "hit_scan_acquired",
     "name": "tracer"
  }, 
  { 
     "phase": "firing",
     "name": "muzzle_flash_big"
  }
  ]
}