{
	"format_version": "1.12.0",
	"minecraft:geometry": [
		{
			"description": {
				"identifier": "geometry.unknown",
				"texture_width": 128,
				"texture_height": 128,
				"visible_bounds_width": 19,
				"visible_bounds_height": 6,
				"visible_bounds_offset": [0, 1, 0]
			},
			"bones": [
				{
					"name": "main",
					"pivot": [0, 20, 0]
				},
				{
					"name": "gun",
					"parent": "main",
					"pivot": [1, 11, -1]
				},
				{
					"name": "bayonet",
					"parent": "gun",
					"pivot": [-1.25, 24.8, -76.05],
					"cubes": [
						{
							"origin": [-0.5, 20.05, -101.15],
							"size": [1, 2, 8.4],
							"inflate": -0.201,
							"pivot": [-0.5, 20.25, -92.95],
							"rotation": [-5, 0, 0],
							"uv": {
								"north": {"uv": [35, 71], "uv_size": [1, 2]},
								"east": {"uv": [69, 26], "uv_size": [8.5, 2]},
								"south": {"uv": [71, 84], "uv_size": [1, 2]},
								"west": {"uv": [70, 28], "uv_size": [8.5, 2]},
								"up": {"uv": [15, 78], "uv_size": [1, 8.5]},
								"down": {"uv": [16, 86.5], "uv_size": [1, -8.5]}
							}
						},
						{
							"origin": [-0.55, 20.8, -101.15],
							"size": [1.1, 2.25, 8.4],
							"inflate": -0.201,
							"uv": {
								"north": {"uv": [48, 84], "uv_size": [1, 2.5]},
								"east": {"uv": [67, 67], "uv_size": [8.5, 2.5]},
								"south": {"uv": [49, 84], "uv_size": [1, 2.5]},
								"west": {"uv": [27, 68], "uv_size": [8.5, 2.5]},
								"up": {"uv": [61, 76], "uv_size": [1, 8.5]},
								"down": {"uv": [62, 84.5], "uv_size": [1, -8.5]}
							}
						},
						{
							"origin": [-0.55, 20.05, -93.15],
							"size": [1.1, 3, 21.4],
							"inflate": -0.201,
							"uv": {
								"north": {"uv": [42, 83], "uv_size": [1, 3]},
								"east": {"uv": [48, 29], "uv_size": [21.5, 3]},
								"south": {"uv": [76, 83], "uv_size": [1, 3]},
								"west": {"uv": [48, 32], "uv_size": [21.5, 3]},
								"up": {"uv": [55, 67], "uv_size": [1, 21.5]},
								"down": {"uv": [56, 88.5], "uv_size": [1, -21.5]}
							}
						},
						{
							"origin": [-1.8, 18.8, -72.15],
							"size": [3.6, 7.5, 1.5],
							"inflate": -0.201,
							"uv": {
								"north": {"uv": [3, 59], "uv_size": [3.5, 7.5]},
								"east": {"uv": [36, 75], "uv_size": [1.5, 7.5]},
								"south": {"uv": [59, 55], "uv_size": [3.5, 7.5]},
								"west": {"uv": [38, 75], "uv_size": [1.5, 7.5]},
								"up": {"uv": [80, 30], "uv_size": [3.5, 1.5]},
								"down": {"uv": [67, 81.5], "uv_size": [3.5, -1.5]}
							}
						},
						{
							"origin": [-2.75, 19.8, -71.15],
							"size": [3, 3, 11.4],
							"inflate": -0.3,
							"pivot": [-1.25, 24.8, -76.05],
							"rotation": [0, 0, -20],
							"uv": {
								"north": {"uv": [12, 77], "uv_size": [3, 3]},
								"east": {"uv": [56, 35], "uv_size": [11.5, 3]},
								"south": {"uv": [33, 77], "uv_size": [3, 3]},
								"west": {"uv": [56, 38], "uv_size": [11.5, 3]},
								"up": {"uv": [27, 56], "uv_size": [3, 11.5]},
								"down": {"uv": [30, 67.5], "uv_size": [3, -11.5]}
							}
						}
					]
				},
				{
					"name": "wood",
					"parent": "gun",
					"pivot": [0, 13.3, 31.2],
					"cubes": [
						{
							"origin": [-1.7, 21.95, -55.6],
							"size": [3.4, 3, 43],
							"uv": {
								"north": {"uv": [76, 67], "uv_size": [3.5, 3]},
								"east": {"uv": [48, 6], "uv_size": [43, 3]},
								"south": {"uv": [75, 76], "uv_size": [3.5, 3]},
								"west": {"uv": [48, 9], "uv_size": [43, 3]},
								"up": {"uv": [40, 6], "uv_size": [3.5, 43]},
								"down": {"uv": [44, 49], "uv_size": [3.5, -43]}
							}
						},
						{
							"origin": [-1.705, 21.95, -12.6],
							"size": [0.8, 3, 9],
							"uv": {
								"north": {"uv": [77, 83], "uv_size": [1, 3]},
								"east": {"uv": [56, 41], "uv_size": [9, 3]},
								"south": {"uv": [80, 83], "uv_size": [1, 3]},
								"west": {"uv": [56, 44], "uv_size": [9, 3]},
								"up": {"uv": [40, 75], "uv_size": [1, 9]},
								"down": {"uv": [41, 84], "uv_size": [1, -9]}
							}
						},
						{
							"origin": [-1.705, 21.95, -3.6],
							"size": [3.405, 3, 3],
							"uv": {
								"north": {"uv": [75, 70], "uv_size": [3.5, 3]},
								"east": {"uv": [69, 77], "uv_size": [3, 3]},
								"south": {"uv": [75, 73], "uv_size": [3.5, 3]},
								"west": {"uv": [72, 77], "uv_size": [3, 3]},
								"up": {"uv": [76, 30], "uv_size": [3.5, 3]},
								"down": {"uv": [57, 79], "uv_size": [3.5, -3]}
							}
						},
						{
							"origin": [-1.65, 20.69309, -51.97691],
							"size": [3.3, 3, 58.5],
							"pivot": [-0.05, 20.7, -23.5],
							"rotation": [-2.5, 0, 0],
							"uv": {
								"north": {"uv": [75, 45], "uv_size": [3.5, 3]},
								"east": {"uv": [40, 0], "uv_size": [58.5, 3]},
								"south": {"uv": [49, 75], "uv_size": [3.5, 3]},
								"west": {"uv": [40, 3], "uv_size": [58.5, 3]},
								"up": {"uv": [0, 0], "uv_size": [3.5, 58.5]},
								"down": {"uv": [4, 58.5], "uv_size": [3.5, -58.5]}
							}
						},
						{
							"origin": [-1.6, 14.65, 14.8],
							"size": [3.2, 6.5, 19.2],
							"pivot": [0, 18, 32],
							"rotation": [-5, 0, 0],
							"uv": {
								"north": {"uv": [69, 19], "uv_size": [3, 6.5]},
								"east": {"uv": [8, 48], "uv_size": [19, 6.5]},
								"south": {"uv": [12, 70], "uv_size": [3, 6.5]},
								"west": {"uv": [48, 12], "uv_size": [19, 6.5]},
								"up": {"uv": [49, 51], "uv_size": [3, 19]},
								"down": {"uv": [52, 70], "uv_size": [3, -19]}
							}
						},
						{
							"origin": [-1.65, 23.69309, -0.97691],
							"size": [3.3, 1.5, 7.5],
							"pivot": [-0.05, 20.7, -23.5],
							"rotation": [-2.5, 0, 0],
							"uv": {
								"north": {"uv": [81, 37], "uv_size": [3.5, 1.5]},
								"east": {"uv": [73, 39], "uv_size": [7.5, 1.5]},
								"south": {"uv": [81, 39], "uv_size": [3.5, 1.5]},
								"west": {"uv": [73, 51], "uv_size": [7.5, 1.5]},
								"up": {"uv": [12, 62], "uv_size": [3.5, 7.5]},
								"down": {"uv": [16, 69.5], "uv_size": [3.5, -7.5]}
							}
						},
						{
							"origin": [-1.6, 15.29553, 4.52787],
							"size": [3.1, 4, 10.5],
							"pivot": [-0.1, 17.05, 10.7],
							"rotation": [-45, 0, 0],
							"uv": {
								"north": {"uv": [72, 45], "uv_size": [3, 4]},
								"east": {"uv": [12, 55], "uv_size": [10.5, 4]},
								"south": {"uv": [33, 73], "uv_size": [3, 4]},
								"west": {"uv": [55, 51], "uv_size": [10.5, 4]},
								"up": {"uv": [33, 57], "uv_size": [3, 10.5]},
								"down": {"uv": [36, 67.5], "uv_size": [3, -10.5]}
							}
						},
						{
							"origin": [-1.65, 18.55, 9.2],
							"size": [3.2, 3.25, 7],
							"uv": {
								"north": {"uv": [73, 58], "uv_size": [3, 3.5]},
								"east": {"uv": [65, 45], "uv_size": [7, 3.5]},
								"south": {"uv": [75, 19], "uv_size": [3, 3.5]},
								"west": {"uv": [66, 51], "uv_size": [7, 3.5]},
								"up": {"uv": [36, 68], "uv_size": [3, 7]},
								"down": {"uv": [39, 75], "uv_size": [3, -7]}
							}
						},
						{
							"origin": [-1.65, 15.3, 11.2],
							"size": [3.2, 3.25, 5],
							"uv": {
								"north": {"uv": [43, 75], "uv_size": [3, 3.5]},
								"east": {"uv": [68, 37], "uv_size": [5, 3.5]},
								"south": {"uv": [76, 58], "uv_size": [3, 3.5]},
								"west": {"uv": [68, 58], "uv_size": [5, 3.5]},
								"up": {"uv": [72, 19], "uv_size": [3, 5]},
								"down": {"uv": [69, 77], "uv_size": [3, -5]}
							}
						},
						{
							"origin": [-1.5, 22.15, 9.87787],
							"size": [3, 2, 2],
							"pivot": [-0.1, 17.05, 10.7],
							"rotation": [-45, 0, 0],
							"uv": {
								"north": {"uv": [78, 53], "uv_size": [3, 2]},
								"east": {"uv": [82, 70], "uv_size": [2, 2]},
								"south": {"uv": [79, 28], "uv_size": [3, 2]},
								"west": {"uv": [71, 82], "uv_size": [2, 2]},
								"up": {"uv": [79, 73], "uv_size": [3, 2]},
								"down": {"uv": [75, 81], "uv_size": [3, -2]}
							}
						},
						{
							"origin": [-1.55, 21.9, 2.87787],
							"size": [3, 2, 5],
							"pivot": [-0.1, 16.8, 4.7],
							"rotation": [-30, 0, 0],
							"uv": {
								"north": {"uv": [79, 75], "uv_size": [3, 2]},
								"east": {"uv": [73, 53], "uv_size": [5, 2]},
								"south": {"uv": [79, 77], "uv_size": [3, 2]},
								"west": {"uv": [76, 33], "uv_size": [5, 2]},
								"up": {"uv": [49, 70], "uv_size": [3, 5]},
								"down": {"uv": [52, 75], "uv_size": [3, -5]}
							}
						},
						{
							"origin": [-1.5, 10.3, 13.2],
							"size": [3, 5, 20.9],
							"pivot": [0, 13.3, 31.2],
							"rotation": [-17.5, 0, 0],
							"uv": {
								"north": {"uv": [70, 30], "uv_size": [3, 5]},
								"east": {"uv": [48, 19], "uv_size": [21, 5]},
								"south": {"uv": [43, 70], "uv_size": [3, 5]},
								"west": {"uv": [48, 24], "uv_size": [21, 5]},
								"up": {"uv": [43, 49], "uv_size": [3, 21]},
								"down": {"uv": [46, 72], "uv_size": [3, -21]}
							}
						},
						{
							"origin": [0.9, 21.95, -12.6],
							"size": [0.8, 3, 9],
							"uv": {
								"north": {"uv": [81, 83], "uv_size": [1, 3]},
								"east": {"uv": [56, 47], "uv_size": [9, 3]},
								"south": {"uv": [84, 28], "uv_size": [1, 3]},
								"west": {"uv": [12, 59], "uv_size": [9, 3]},
								"up": {"uv": [53, 75], "uv_size": [1, 9]},
								"down": {"uv": [54, 84], "uv_size": [1, -9]}
							}
						}
					]
				},
				{
					"name": "metal",
					"parent": "gun",
					"pivot": [0, 19.3, 4.75],
					"cubes": [
						{
							"origin": [-1.655, 19.95, -47.3],
							"size": [3.25, 1.5, 1],
							"uv": {
								"north": {"uv": [80, 67], "uv_size": [3.5, 1.5]},
								"east": {"uv": [36, 85], "uv_size": [1, 1.5]},
								"south": {"uv": [71, 80], "uv_size": [3.5, 1.5]},
								"west": {"uv": [37, 85], "uv_size": [1, 1.5]},
								"up": {"uv": [82, 60], "uv_size": [3.5, 1]},
								"down": {"uv": [83, 13], "uv_size": [3.5, -1]}
							}
						},
						{
							"origin": [-0.655, 21.45, -47.3],
							"size": [1.25, 0.5, 1],
							"uv": {
								"north": {"uv": [86, 81], "uv_size": [1.5, 0.5]},
								"east": {"uv": [14, 87], "uv_size": [1, 0.5]},
								"south": {"uv": [83, 86], "uv_size": [1.5, 0.5]},
								"west": {"uv": [87, 14], "uv_size": [1, 0.5]},
								"up": {"uv": [84, 83], "uv_size": [1.5, 1]},
								"down": {"uv": [85, 31], "uv_size": [1.5, -1]}
							}
						},
						{
							"origin": [0.7, 24.95, -20.85],
							"size": [1, 0.75, 20.25],
							"uv": {
								"north": {"uv": [40, 86], "uv_size": [1, 1]},
								"east": {"uv": [68, 35], "uv_size": [20, 1]},
								"south": {"uv": [41, 86], "uv_size": [1, 1]},
								"west": {"uv": [68, 36], "uv_size": [20, 1]},
								"up": {"uv": [1, 70], "uv_size": [1, 20]},
								"down": {"uv": [2, 90], "uv_size": [1, -20]}
							}
						},
						{
							"origin": [1.278, 25.295, -20.85],
							"size": [1, 1, 8.25],
							"pivot": [1.5, 24.8, 4.75],
							"rotation": [0, 0, -45],
							"uv": {
								"north": {"uv": [39, 86], "uv_size": [1, 1]},
								"east": {"uv": [75, 48], "uv_size": [8.5, 1]},
								"south": {"uv": [86, 39], "uv_size": [1, 1]},
								"west": {"uv": [77, 62], "uv_size": [8.5, 1]},
								"up": {"uv": [27, 78], "uv_size": [1, 8.5]},
								"down": {"uv": [28, 86.5], "uv_size": [1, -8.5]}
							}
						},
						{
							"origin": [-0.4, 26.8, -70.8],
							"size": [0.7, 0.95, 2],
							"inflate": -0.201,
							"uv": {
								"north": {"uv": [13, 87], "uv_size": [0.5, 1]},
								"east": {"uv": [33, 56], "uv_size": [2, 1]},
								"south": {"uv": [87, 13], "uv_size": [0.5, 1]},
								"west": {"uv": [57, 67], "uv_size": [2, 1]},
								"up": {"uv": [86, 19], "uv_size": [0.5, 2]},
								"down": {"uv": [86, 23], "uv_size": [0.5, -2]}
							}
						},
						{
							"origin": [-0.8, 24.05, -72.6],
							"size": [1.5, 1.5, 16],
							"pivot": [-0.05, 24.8, -16.6],
							"rotation": [0, 0, -22.5],
							"uv": {
								"north": {"uv": [67, 84], "uv_size": [1.5, 1.5]},
								"east": {"uv": [67, 12], "uv_size": [16, 1.5]},
								"south": {"uv": [84, 67], "uv_size": [1.5, 1.5]},
								"west": {"uv": [67, 14], "uv_size": [16, 1.5]},
								"up": {"uv": [3, 67], "uv_size": [1.5, 16]},
								"down": {"uv": [5, 83], "uv_size": [1.5, -16]}
							}
						},
						{
							"origin": [-0.55, 22.8, -64.85],
							"size": [1, 1, 4.25],
							"pivot": [-0.05, 23.3, -17.85],
							"rotation": [0, 0, -22.5],
							"uv": {
								"north": {"uv": [10, 86], "uv_size": [1, 1]},
								"east": {"uv": [35, 48], "uv_size": [4.5, 1]},
								"south": {"uv": [11, 86], "uv_size": [1, 1]},
								"west": {"uv": [81, 34], "uv_size": [4.5, 1]},
								"up": {"uv": [51, 81], "uv_size": [1, 4.5]},
								"down": {"uv": [75, 85.5], "uv_size": [1, -4.5]}
							}
						},
						{
							"origin": [-1.05, 25.95, -70.65],
							"size": [2, 1.25, 2],
							"uv": {
								"north": {"uv": [33, 83], "uv_size": [2, 1.5]},
								"east": {"uv": [36, 83], "uv_size": [2, 1.5]},
								"south": {"uv": [38, 83], "uv_size": [2, 1.5]},
								"west": {"uv": [46, 83], "uv_size": [2, 1.5]},
								"up": {"uv": [67, 82], "uv_size": [2, 2]},
								"down": {"uv": [69, 84], "uv_size": [2, -2]}
							}
						},
						{
							"origin": [-1.05, 23.45, -70.65],
							"size": [2, 2.5, 2],
							"uv": {
								"north": {"uv": [12, 80], "uv_size": [2, 2.5]},
								"east": {"uv": [33, 80], "uv_size": [2, 2.5]},
								"south": {"uv": [46, 80], "uv_size": [2, 2.5]},
								"west": {"uv": [49, 81], "uv_size": [2, 2.5]},
								"up": {"uv": [57, 82], "uv_size": [2, 2]},
								"down": {"uv": [82, 60], "uv_size": [2, -2]}
							}
						},
						{
							"origin": [-1.3, 21.45, -60.6],
							"size": [2.5, 5, 5],
							"uv": {
								"north": {"uv": [72, 72], "uv_size": [2.5, 5]},
								"east": {"uv": [63, 58], "uv_size": [5, 5]},
								"south": {"uv": [27, 73], "uv_size": [2.5, 5]},
								"west": {"uv": [59, 63], "uv_size": [5, 5]},
								"up": {"uv": [30, 73], "uv_size": [2.5, 5]},
								"down": {"uv": [73, 35], "uv_size": [2.5, -5]}
							}
						},
						{
							"origin": [0.7, 24.95, -55.6],
							"size": [1, 0.75, 25.25],
							"uv": {
								"north": {"uv": [32, 86], "uv_size": [1, 1]},
								"east": {"uv": [65, 43], "uv_size": [25, 1]},
								"south": {"uv": [86, 32], "uv_size": [1, 1]},
								"west": {"uv": [65, 44], "uv_size": [25, 1]},
								"up": {"uv": [65, 65], "uv_size": [1, 25]},
								"down": {"uv": [66, 90], "uv_size": [1, -25]}
							}
						},
						{
							"origin": [-2.278, 25.295, -55.6],
							"size": [1, 1, 25.25],
							"pivot": [-1.5, 24.8, -15],
							"rotation": [0, 0, 45],
							"uv": {
								"north": {"uv": [12, 86], "uv_size": [1, 1]},
								"east": {"uv": [56, 50], "uv_size": [25.5, 1]},
								"south": {"uv": [13, 86], "uv_size": [1, 1]},
								"west": {"uv": [63, 55], "uv_size": [25.5, 1]},
								"up": {"uv": [42, 57], "uv_size": [1, 25.5]},
								"down": {"uv": [7, 84.5], "uv_size": [1, -25.5]}
							}
						},
						{
							"origin": [-0.99, 25.41, -55.6],
							"size": [1.98, 1, 25.25],
							"uv": {
								"north": {"uv": [84, 59], "uv_size": [2, 1]},
								"east": {"uv": [65, 41], "uv_size": [25, 1]},
								"south": {"uv": [72, 84], "uv_size": [2, 1]},
								"west": {"uv": [65, 42], "uv_size": [25, 1]},
								"up": {"uv": [8, 55], "uv_size": [2, 25]},
								"down": {"uv": [10, 80], "uv_size": [2, -25]}
							}
						},
						{
							"origin": [-2.278, 25.295, -3.85],
							"size": [1, 1, 3.25],
							"pivot": [-1.5, 24.8, 15.75],
							"rotation": [0, 0, 45],
							"uv": {
								"north": {"uv": [42, 86], "uv_size": [1, 1]},
								"east": {"uv": [83, 15], "uv_size": [3.5, 1]},
								"south": {"uv": [43, 86], "uv_size": [1, 1]},
								"west": {"uv": [83, 16], "uv_size": [3.5, 1]},
								"up": {"uv": [23, 83], "uv_size": [1, 3.5]},
								"down": {"uv": [24, 86.5], "uv_size": [1, -3.5]}
							}
						},
						{
							"origin": [-0.99, 24.91, -3.6],
							"size": [1.98, 1.5, 3],
							"uv": {
								"north": {"uv": [40, 84], "uv_size": [2, 1.5]},
								"east": {"uv": [81, 51], "uv_size": [3, 1.5]},
								"south": {"uv": [43, 84], "uv_size": [2, 1.5]},
								"west": {"uv": [81, 53], "uv_size": [3, 1.5]},
								"up": {"uv": [78, 79], "uv_size": [2, 3]},
								"down": {"uv": [8, 83], "uv_size": [2, -3]}
							}
						},
						{
							"origin": [1.278, 25.295, -3.85],
							"size": [1, 1, 3.25],
							"pivot": [1.5, 24.8, 15.75],
							"rotation": [0, 0, -45],
							"uv": {
								"north": {"uv": [44, 86], "uv_size": [1, 1]},
								"east": {"uv": [83, 17], "uv_size": [3.5, 1]},
								"south": {"uv": [47, 86], "uv_size": [1, 1]},
								"west": {"uv": [29, 83], "uv_size": [3.5, 1]},
								"up": {"uv": [25, 83], "uv_size": [1, 3.5]},
								"down": {"uv": [26, 86.5], "uv_size": [1, -3.5]}
							}
						},
						{
							"origin": [-1.4, 20.19309, -13.97691],
							"size": [2.8, 0.5, 10.5],
							"pivot": [-0.05, 20.7, -23.5],
							"rotation": [-2.5, 0, 0],
							"uv": {
								"north": {"uv": [60, 85], "uv_size": [3, 0.5]},
								"east": {"uv": [80, 25], "uv_size": [10.5, 0.5]},
								"south": {"uv": [85, 61], "uv_size": [3, 0.5]},
								"west": {"uv": [80, 69], "uv_size": [10.5, 0.5]},
								"up": {"uv": [39, 57], "uv_size": [3, 10.5]},
								"down": {"uv": [0, 69.5], "uv_size": [3, -10.5]}
							}
						},
						{
							"origin": [1.278, 25.295, -55.6],
							"size": [1, 1, 25.25],
							"pivot": [1.5, 24.8, -15],
							"rotation": [0, 0, -45],
							"uv": {
								"north": {"uv": [29, 86], "uv_size": [1, 1]},
								"east": {"uv": [63, 56], "uv_size": [25.5, 1]},
								"south": {"uv": [86, 29], "uv_size": [1, 1]},
								"west": {"uv": [63, 57], "uv_size": [25.5, 1]},
								"up": {"uv": [21, 59], "uv_size": [1, 25.5]},
								"down": {"uv": [22, 84.5], "uv_size": [1, -25.5]}
							}
						},
						{
							"origin": [-1.05, 25.02128, -29.22124],
							"size": [0.5, 1, 7.3],
							"pivot": [-0.8, 26, -21.95],
							"rotation": [-7.5, 0, 0],
							"uv": {
								"north": {"uv": [16, 87], "uv_size": [0.5, 1]},
								"east": {"uv": [78, 21], "uv_size": [7.5, 1]},
								"south": {"uv": [87, 16], "uv_size": [0.5, 1]},
								"west": {"uv": [78, 22], "uv_size": [7.5, 1]},
								"up": {"uv": [19, 82], "uv_size": [0.5, 7.5]},
								"down": {"uv": [45, 89.5], "uv_size": [0.5, -7.5]}
							}
						},
						{
							"origin": [-1.4, 24.05, -21.85],
							"size": [2.7, 2.5, 1],
							"uv": {
								"north": {"uv": [79, 45], "uv_size": [2.5, 2.5]},
								"east": {"uv": [53, 84], "uv_size": [1, 2.5]},
								"south": {"uv": [57, 79], "uv_size": [2.5, 2.5]},
								"west": {"uv": [54, 84], "uv_size": [1, 2.5]},
								"up": {"uv": [84, 54], "uv_size": [2.5, 1]},
								"down": {"uv": [84, 59], "uv_size": [2.5, -1]}
							}
						},
						{
							"origin": [-1.4, 24.05, -30.35],
							"size": [2.7, 2.5, 1],
							"uv": {
								"north": {"uv": [49, 78], "uv_size": [2.5, 2.5]},
								"east": {"uv": [50, 84], "uv_size": [1, 2.5]},
								"south": {"uv": [43, 79], "uv_size": [2.5, 2.5]},
								"west": {"uv": [52, 84], "uv_size": [1, 2.5]},
								"up": {"uv": [84, 52], "uv_size": [2.5, 1]},
								"down": {"uv": [84, 54], "uv_size": [2.5, -1]}
							}
						},
						{
							"origin": [-1.15, 24.05, -29.35],
							"size": [2.2, 2, 7.5],
							"uv": {
								"north": {"uv": [82, 72], "uv_size": [2, 2]},
								"east": {"uv": [67, 70], "uv_size": [7.5, 2]},
								"south": {"uv": [73, 82], "uv_size": [2, 2]},
								"west": {"uv": [27, 71], "uv_size": [7.5, 2]},
								"up": {"uv": [46, 72], "uv_size": [2, 7.5]},
								"down": {"uv": [67, 79.5], "uv_size": [2, -7.5]}
							}
						},
						{
							"origin": [0.45, 25.02128, -29.22124],
							"size": [0.5, 1, 7.3],
							"pivot": [0, 26, -21.95],
							"rotation": [-7.5, 0, 0],
							"uv": {
								"north": {"uv": [17, 87], "uv_size": [0.5, 1]},
								"east": {"uv": [78, 26], "uv_size": [7.5, 1]},
								"south": {"uv": [87, 17], "uv_size": [0.5, 1]},
								"west": {"uv": [78, 27], "uv_size": [7.5, 1]},
								"up": {"uv": [59, 82], "uv_size": [0.5, 7.5]},
								"down": {"uv": [78, 89.5], "uv_size": [0.5, -7.5]}
							}
						},
						{
							"origin": [-0.55, 26.3, -29.1],
							"size": [1, 0.5, 6],
							"uv": {
								"north": {"uv": [18, 87], "uv_size": [1, 0.5]},
								"east": {"uv": [83, 65], "uv_size": [6, 0.5]},
								"south": {"uv": [87, 18], "uv_size": [1, 0.5]},
								"west": {"uv": [83, 66], "uv_size": [6, 0.5]},
								"up": {"uv": [52, 78], "uv_size": [1, 6]},
								"down": {"uv": [60, 85], "uv_size": [1, -6]}
							}
						},
						{
							"origin": [-1.3, 26.3, -23.1],
							"size": [2.5, 0.75, 1],
							"uv": {
								"north": {"uv": [84, 45], "uv_size": [2.5, 1]},
								"east": {"uv": [86, 27], "uv_size": [1, 1]},
								"south": {"uv": [84, 46], "uv_size": [2.5, 1]},
								"west": {"uv": [86, 28], "uv_size": [1, 1]},
								"up": {"uv": [84, 48], "uv_size": [2.5, 1]},
								"down": {"uv": [84, 52], "uv_size": [2.5, -1]}
							}
						},
						{
							"origin": [0.2, 27.05, -22.35],
							"size": [1, 0.5, 0.25],
							"uv": {
								"north": {"uv": [87, 19], "uv_size": [1, 0.5]},
								"east": {"uv": [27, 87], "uv_size": [0.5, 0.5]},
								"south": {"uv": [20, 87], "uv_size": [1, 0.5]},
								"west": {"uv": [87, 27], "uv_size": [0.5, 0.5]},
								"up": {"uv": [87, 20], "uv_size": [1, 0.5]},
								"down": {"uv": [21, 87.5], "uv_size": [1, -0.5]}
							}
						},
						{
							"origin": [-1.3, 27.05, -22.35],
							"size": [1, 0.5, 0.25],
							"uv": {
								"north": {"uv": [87, 21], "uv_size": [1, 0.5]},
								"east": {"uv": [28, 87], "uv_size": [0.5, 0.5]},
								"south": {"uv": [22, 87], "uv_size": [1, 0.5]},
								"west": {"uv": [87, 28], "uv_size": [0.5, 0.5]},
								"up": {"uv": [87, 22], "uv_size": [1, 0.5]},
								"down": {"uv": [23, 87.5], "uv_size": [1, -0.5]}
							}
						},
						{
							"origin": [-1.7, 24.95, -20.85],
							"size": [1, 0.75, 20.25],
							"uv": {
								"north": {"uv": [86, 33], "uv_size": [1, 1]},
								"east": {"uv": [65, 49], "uv_size": [20, 1]},
								"south": {"uv": [86, 34], "uv_size": [1, 1]},
								"west": {"uv": [67, 18], "uv_size": [20, 1]},
								"up": {"uv": [63, 68], "uv_size": [1, 20]},
								"down": {"uv": [0, 90], "uv_size": [1, -20]}
							}
						},
						{
							"origin": [-2.278, 25.295, -20.85],
							"size": [1, 1, 8.25],
							"pivot": [-1.5, 24.8, 4.75],
							"rotation": [0, 0, 45],
							"uv": {
								"north": {"uv": [38, 86], "uv_size": [1, 1]},
								"east": {"uv": [68, 62], "uv_size": [8.5, 1]},
								"south": {"uv": [86, 38], "uv_size": [1, 1]},
								"west": {"uv": [75, 23], "uv_size": [8.5, 1]},
								"up": {"uv": [17, 78], "uv_size": [1, 8.5]},
								"down": {"uv": [18, 86.5], "uv_size": [1, -8.5]}
							}
						},
						{
							"origin": [-0.99, 24.91, -20.85],
							"size": [1.98, 1.5, 8.25],
							"uv": {
								"north": {"uv": [29, 84], "uv_size": [2, 1.5]},
								"east": {"uv": [72, 24], "uv_size": [8, 1.5]},
								"south": {"uv": [31, 84], "uv_size": [2, 1.5]},
								"west": {"uv": [73, 37], "uv_size": [8, 1.5]},
								"up": {"uv": [15, 70], "uv_size": [2, 8]},
								"down": {"uv": [17, 78], "uv_size": [2, -8]}
							}
						},
						{
							"origin": [-1.7, 24.95, -55.6],
							"size": [1, 0.75, 25.25],
							"uv": {
								"north": {"uv": [30, 86], "uv_size": [1, 1]},
								"east": {"uv": [64, 63], "uv_size": [25, 1]},
								"south": {"uv": [31, 86], "uv_size": [1, 1]},
								"west": {"uv": [64, 64], "uv_size": [25, 1]},
								"up": {"uv": [20, 62], "uv_size": [1, 25]},
								"down": {"uv": [64, 90], "uv_size": [1, -25]}
							}
						},
						{
							"origin": [-1.655, 9.7, 25.7],
							"size": [3.25, 1.5, 1],
							"uv": {
								"north": {"uv": [80, 79], "uv_size": [3.5, 1.5]},
								"east": {"uv": [85, 38], "uv_size": [1, 1.5]},
								"south": {"uv": [81, 32], "uv_size": [3.5, 1.5]},
								"west": {"uv": [46, 85], "uv_size": [1, 1.5]},
								"up": {"uv": [83, 13], "uv_size": [3.5, 1]},
								"down": {"uv": [83, 15], "uv_size": [3.5, -1]}
							}
						},
						{
							"origin": [-0.655, 11.2, 25.7],
							"size": [1.25, 0.5, 1],
							"uv": {
								"north": {"uv": [86, 83], "uv_size": [1.5, 0.5]},
								"east": {"uv": [15, 87], "uv_size": [1, 0.5]},
								"south": {"uv": [86, 84], "uv_size": [1.5, 0.5]},
								"west": {"uv": [87, 15], "uv_size": [1, 0.5]},
								"up": {"uv": [85, 37], "uv_size": [1.5, 1]},
								"down": {"uv": [38, 86], "uv_size": [1.5, -1]}
							}
						},
						{
							"origin": [-0.55, 18.8, -1],
							"size": [1, 1, 1],
							"pivot": [0, 19.3, -0.5],
							"rotation": [45, 0, 0],
							"uv": {
								"north": {"uv": [69, 28], "uv_size": [1, 1]},
								"east": {"uv": [80, 32], "uv_size": [1, 1]},
								"south": {"uv": [47, 85], "uv_size": [1, 1]},
								"west": {"uv": [85, 78], "uv_size": [1, 1]},
								"up": {"uv": [85, 80], "uv_size": [1, 1]},
								"down": {"uv": [85, 82], "uv_size": [1, -1]}
							}
						},
						{
							"origin": [-1.3, 19.25, -1.6],
							"size": [2.5, 1, 8],
							"uv": {
								"north": {"uv": [84, 23], "uv_size": [2.5, 1]},
								"east": {"uv": [78, 19], "uv_size": [8, 1]},
								"south": {"uv": [84, 31], "uv_size": [2.5, 1]},
								"west": {"uv": [78, 20], "uv_size": [8, 1]},
								"up": {"uv": [57, 68], "uv_size": [2.5, 8]},
								"down": {"uv": [60, 76], "uv_size": [2.5, -8]}
							}
						},
						{
							"origin": [-0.55, 17.9, 4.1],
							"size": [1, 0.5, 1.6],
							"pivot": [0, 18.05, 4.85],
							"rotation": [90, 0, 0],
							"uv": {
								"north": {"uv": [85, 86], "uv_size": [1, 0.5]},
								"east": {"uv": [70, 86], "uv_size": [1.5, 0.5]},
								"south": {"uv": [86, 85], "uv_size": [1, 0.5]},
								"west": {"uv": [86, 70], "uv_size": [1.5, 0.5]},
								"up": {"uv": [3, 85], "uv_size": [1, 1.5]},
								"down": {"uv": [4, 86.5], "uv_size": [1, -1.5]}
							}
						},
						{
							"origin": [-0.55, 17.25, 3.35],
							"size": [1, 0.5, 1.6],
							"pivot": [0, 17.3, 4.9],
							"rotation": [45, 0, 0],
							"uv": {
								"north": {"uv": [86, 86], "uv_size": [1, 0.5]},
								"east": {"uv": [86, 71], "uv_size": [1.5, 0.5]},
								"south": {"uv": [3, 87], "uv_size": [1, 0.5]},
								"west": {"uv": [72, 86], "uv_size": [1.5, 0.5]},
								"up": {"uv": [5, 85], "uv_size": [1, 1.5]},
								"down": {"uv": [7, 86.5], "uv_size": [1, -1.5]}
							}
						},
						{
							"origin": [-0.55, 18.15, 1.35],
							"size": [1, 0.5, 1.5],
							"pivot": [0, 18.3, 2.9],
							"rotation": [67.5, 0, 0],
							"uv": {
								"north": {"uv": [4, 87], "uv_size": [1, 0.5]},
								"east": {"uv": [74, 86], "uv_size": [1.5, 0.5]},
								"south": {"uv": [5, 87], "uv_size": [1, 0.5]},
								"west": {"uv": [76, 86], "uv_size": [1.5, 0.5]},
								"up": {"uv": [14, 85], "uv_size": [1, 1.5]},
								"down": {"uv": [21, 86.5], "uv_size": [1, -1.5]}
							}
						},
						{
							"origin": [-0.55, 18, 1.1],
							"size": [1, 0.5, 1.5],
							"pivot": [0, 18.05, 2.65],
							"rotation": [-67.5, 0, 0],
							"uv": {
								"north": {"uv": [6, 87], "uv_size": [1, 0.5]},
								"east": {"uv": [86, 76], "uv_size": [1.5, 0.5]},
								"south": {"uv": [7, 87], "uv_size": [1, 0.5]},
								"west": {"uv": [86, 78], "uv_size": [1.5, 0.5]},
								"up": {"uv": [22, 85], "uv_size": [1, 1.5]},
								"down": {"uv": [85, 29.5], "uv_size": [1, -1.5]}
							}
						},
						{
							"origin": [-0.55, 16.25, -1.15],
							"size": [1, 0.5, 1.6],
							"pivot": [0, 16.3, 0.4],
							"rotation": [-45, 0, 0],
							"uv": {
								"north": {"uv": [8, 87], "uv_size": [1, 0.5]},
								"east": {"uv": [79, 86], "uv_size": [1.5, 0.5]},
								"south": {"uv": [9, 87], "uv_size": [1, 0.5]},
								"west": {"uv": [86, 79], "uv_size": [1.5, 0.5]},
								"up": {"uv": [85, 32], "uv_size": [1, 1.5]},
								"down": {"uv": [33, 86.5], "uv_size": [1, -1.5]}
							}
						},
						{
							"origin": [-0.55, 16.15, 0.35],
							"size": [1, 0.5, 3.5],
							"uv": {
								"north": {"uv": [10, 87], "uv_size": [1, 0.5]},
								"east": {"uv": [82, 84], "uv_size": [3.5, 0.5]},
								"south": {"uv": [11, 87], "uv_size": [1, 0.5]},
								"west": {"uv": [84, 82], "uv_size": [3.5, 0.5]},
								"up": {"uv": [79, 82], "uv_size": [1, 3.5]},
								"down": {"uv": [6, 86.5], "uv_size": [1, -3.5]}
							}
						},
						{
							"origin": [-0.55, 17.9, -1.15],
							"size": [1, 0.5, 1.6],
							"pivot": [0, 18.05, -0.4],
							"rotation": [90, 0, 0],
							"uv": {
								"north": {"uv": [12, 87], "uv_size": [1, 0.5]},
								"east": {"uv": [86, 80], "uv_size": [1.5, 0.5]},
								"south": {"uv": [87, 12], "uv_size": [1, 0.5]},
								"west": {"uv": [81, 86], "uv_size": [1.5, 0.5]},
								"up": {"uv": [34, 85], "uv_size": [1, 1.5]},
								"down": {"uv": [35, 86.5], "uv_size": [1, -1.5]}
							}
						},
						{
							"origin": [-1.7, 9.55, 33.8],
							"size": [3.4, 11.7, 1.2],
							"pivot": [0, 18, 32],
							"rotation": [-5, 0, 0],
							"uv": {
								"north": {"uv": [23, 55], "uv_size": [3.5, 11.5]},
								"east": {"uv": [19, 70], "uv_size": [1, 11.5]},
								"south": {"uv": [55, 55], "uv_size": [3.5, 11.5]},
								"west": {"uv": [48, 72], "uv_size": [1, 11.5]},
								"up": {"uv": [82, 47], "uv_size": [3.5, 1]},
								"down": {"uv": [82, 51], "uv_size": [3.5, -1]}
							}
						},
						{
							"origin": [-0.55, 18.8, 4.25],
							"size": [1, 1, 1],
							"pivot": [0, 19.3, 4.75],
							"rotation": [45, 0, 0],
							"uv": {
								"north": {"uv": [82, 85], "uv_size": [1, 1]},
								"east": {"uv": [83, 85], "uv_size": [1, 1]},
								"south": {"uv": [84, 85], "uv_size": [1, 1]},
								"west": {"uv": [85, 85], "uv_size": [1, 1]},
								"up": {"uv": [8, 86], "uv_size": [1, 1]},
								"down": {"uv": [9, 87], "uv_size": [1, -1]}
							}
						}
					]
				},
				{
					"name": "tassel",
					"parent": "gun",
					"pivot": [0, 20.7, -54.8]
				},
				{
					"name": "clip",
					"parent": "gun",
					"pivot": [0, 24, -5]
				},
				{
					"name": "clip2",
					"parent": "clip",
					"pivot": [0, 24.5, -4.25],
					"cubes": [
						{
							"origin": [-0.74, 20.41, -4.6],
							"size": [1.48, 5, 1],
							"uv": {
								"north": {"uv": [29, 78], "uv_size": [1.5, 5]},
								"east": {"uv": [14, 80], "uv_size": [1, 5]},
								"south": {"uv": [31, 78], "uv_size": [1.5, 5]},
								"west": {"uv": [35, 80], "uv_size": [1, 5]},
								"up": {"uv": [72, 85], "uv_size": [1.5, 1]},
								"down": {"uv": [85, 78], "uv_size": [1.5, -1]}
							}
						}
					]
				},
				{
					"name": "bullet",
					"parent": "clip",
					"pivot": [-0.05, 25.55, -13.6],
					"cubes": [
						{
							"origin": [-1.05, 23.8, -12.1],
							"size": [1, 1, 7.5],
							"pivot": [-0.05, 25.8, -11.6],
							"rotation": [0, 0, -22.5],
							"uv": {
								"north": {"uv": [86, 24], "uv_size": [1, 1]},
								"east": {"uv": [79, 61], "uv_size": [5.5, 1]},
								"south": {"uv": [86, 26], "uv_size": [1, 1]},
								"west": {"uv": [80, 24], "uv_size": [5.5, 1]},
								"up": {"uv": [10, 80], "uv_size": [1, 5.5]},
								"down": {"uv": [11, 85.5], "uv_size": [1, -5.5]}
							}
						}
					]
				},
				{
					"name": "set",
					"parent": "clip",
					"pivot": [-0.05, 22.3, -9.35],
					"cubes": [
						{
							"origin": [-1.05, 23.05, -12.1],
							"size": [1, 1, 7.5],
							"pivot": [-0.05, 25.05, -11.6],
							"rotation": [0, 0, -22.5],
							"uv": {
								"north": {"uv": [86, 24], "uv_size": [1, 1]},
								"east": {"uv": [79, 61], "uv_size": [5.5, 1]},
								"south": {"uv": [86, 26], "uv_size": [1, 1]},
								"west": {"uv": [80, 24], "uv_size": [5.5, 1]},
								"up": {"uv": [10, 80], "uv_size": [1, 5.5]},
								"down": {"uv": [11, 85.5], "uv_size": [1, -5.5]}
							}
						},
						{
							"origin": [-1.05, 22.3, -12.1],
							"size": [1, 1, 7.5],
							"pivot": [-0.05, 24.3, -11.6],
							"rotation": [0, 0, -22.5],
							"uv": {
								"north": {"uv": [86, 24], "uv_size": [1, 1]},
								"east": {"uv": [79, 61], "uv_size": [5.5, 1]},
								"south": {"uv": [86, 26], "uv_size": [1, 1]},
								"west": {"uv": [80, 24], "uv_size": [5.5, 1]},
								"up": {"uv": [10, 80], "uv_size": [1, 5.5]},
								"down": {"uv": [11, 85.5], "uv_size": [1, -5.5]}
							}
						},
						{
							"origin": [-1.05, 21.6, -12.1],
							"size": [1, 1, 7.5],
							"pivot": [-0.05, 23.6, -11.6],
							"rotation": [0, 0, -22.5],
							"uv": {
								"north": {"uv": [86, 24], "uv_size": [1, 1]},
								"east": {"uv": [79, 61], "uv_size": [5.5, 1]},
								"south": {"uv": [86, 26], "uv_size": [1, 1]},
								"west": {"uv": [80, 24], "uv_size": [5.5, 1]},
								"up": {"uv": [10, 80], "uv_size": [1, 5.5]},
								"down": {"uv": [11, 85.5], "uv_size": [1, -5.5]}
							}
						},
						{
							"origin": [-1.05, 20.95, -12.1],
							"size": [1, 1, 7.5],
							"pivot": [-0.05, 22.95, -11.6],
							"rotation": [0, 0, -22.5],
							"uv": {
								"north": {"uv": [86, 24], "uv_size": [1, 1]},
								"east": {"uv": [79, 61], "uv_size": [5.5, 1]},
								"south": {"uv": [86, 26], "uv_size": [1, 1]},
								"west": {"uv": [80, 24], "uv_size": [5.5, 1]},
								"up": {"uv": [10, 80], "uv_size": [1, 5.5]},
								"down": {"uv": [11, 85.5], "uv_size": [1, -5.5]}
							}
						}
					]
				},
				{
					"name": "action",
					"parent": "main",
					"pivot": [0.1, 25, 4.4],
					"cubes": [
						{
							"origin": [-0.21836, 24.72409, 4.4],
							"size": [0.5, 0.5, 0.5],
							"uv": {
								"north": {"uv": [29, 87], "uv_size": [0.5, 0.5]},
								"east": {"uv": [87, 29], "uv_size": [0.5, 0.5]},
								"south": {"uv": [30, 87], "uv_size": [0.5, 0.5]},
								"west": {"uv": [87, 30], "uv_size": [0.5, 0.5]},
								"up": {"uv": [31, 87], "uv_size": [0.5, 0.5]},
								"down": {"uv": [87, 31.5], "uv_size": [0.5, -0.5]}
							}
						},
						{
							"origin": [-0.41836, 25.21069, 1.9],
							"size": [1, 1, 1.75],
							"pivot": [0.05, 25.7, 4.4],
							"rotation": [0, 0, -30],
							"uv": {
								"north": {"uv": [61, 86], "uv_size": [1, 1]},
								"east": {"uv": [84, 76], "uv_size": [2, 1]},
								"south": {"uv": [62, 86], "uv_size": [1, 1]},
								"west": {"uv": [84, 79], "uv_size": [2, 1]},
								"up": {"uv": [74, 84], "uv_size": [1, 2]},
								"down": {"uv": [84, 82], "uv_size": [1, -2]}
							}
						},
						{
							"origin": [-1.11836, 23.97409, -0.6],
							"size": [2.25, 2.5, 1.5],
							"uv": {
								"north": {"uv": [79, 58], "uv_size": [2.5, 2.5]},
								"east": {"uv": [82, 74], "uv_size": [1.5, 2.5]},
								"south": {"uv": [79, 70], "uv_size": [2.5, 2.5]},
								"west": {"uv": [82, 81], "uv_size": [1.5, 2.5]},
								"up": {"uv": [82, 77], "uv_size": [2.5, 1.5]},
								"down": {"uv": [3, 84.5], "uv_size": [2.5, -1.5]}
							}
						},
						{
							"origin": [-0.36836, 23.97409, 0.9],
							"size": [1.5, 2.5, 1],
							"uv": {
								"north": {"uv": [8, 83], "uv_size": [1.5, 2.5]},
								"east": {"uv": [57, 84], "uv_size": [1, 2.5]},
								"south": {"uv": [12, 83], "uv_size": [1.5, 2.5]},
								"west": {"uv": [58, 84], "uv_size": [1, 2.5]},
								"up": {"uv": [85, 40], "uv_size": [1.5, 1]},
								"down": {"uv": [85, 50], "uv_size": [1.5, -1]}
							}
						}
					]
				},
				{
					"name": "bolt",
					"parent": "action",
					"pivot": [0.1, 25, -10],
					"cubes": [
						{
							"origin": [-3.71836, 24.72409, 1.1],
							"size": [4, 0.5, 0.5],
							"pivot": [0.05, 24.95, 1.35],
							"rotation": [-30, 0, 0],
							"uv": {
								"north": {"uv": [84, 72], "uv_size": [4, 0.5]},
								"east": {"uv": [32, 87], "uv_size": [0.5, 0.5]},
								"south": {"uv": [84, 73], "uv_size": [4, 0.5]},
								"west": {"uv": [87, 32], "uv_size": [0.5, 0.5]},
								"up": {"uv": [84, 74], "uv_size": [4, 0.5]},
								"down": {"uv": [84, 75.5], "uv_size": [4, -0.5]}
							}
						},
						{
							"origin": [-4.21836, 24.47409, 0.85],
							"size": [1, 1, 1],
							"pivot": [-3.7, 24.95, 1.35],
							"rotation": [-33.69007, 25.65891, -16.10211],
							"uv": {
								"north": {"uv": [86, 47], "uv_size": [1, 1]},
								"east": {"uv": [86, 50], "uv_size": [1, 1]},
								"south": {"uv": [51, 86], "uv_size": [1, 1]},
								"west": {"uv": [86, 59], "uv_size": [1, 1]},
								"up": {"uv": [60, 86], "uv_size": [1, 1]},
								"down": {"uv": [86, 61], "uv_size": [1, -1]}
							}
						},
						{
							"origin": [-0.41836, 24.46069, 3.4],
							"size": [1, 1, 1],
							"pivot": [0.05, 24.95, 4.4],
							"rotation": [0, 0, -30],
							"uv": {
								"north": {"uv": [86, 62], "uv_size": [1, 1]},
								"east": {"uv": [67, 86], "uv_size": [1, 1]},
								"south": {"uv": [86, 67], "uv_size": [1, 1]},
								"west": {"uv": [68, 86], "uv_size": [1, 1]},
								"up": {"uv": [86, 68], "uv_size": [1, 1]},
								"down": {"uv": [69, 87], "uv_size": [1, -1]}
							}
						},
						{
							"origin": [-0.66836, 24.21069, -12.6],
							"size": [1.5, 1.5, 16],
							"pivot": [0.05, 24.95, 4.4],
							"rotation": [0, 0, -30],
							"uv": {
								"north": {"uv": [69, 84], "uv_size": [1.5, 1.5]},
								"east": {"uv": [67, 16], "uv_size": [16, 1.5]},
								"south": {"uv": [84, 70], "uv_size": [1.5, 1.5]},
								"west": {"uv": [67, 65], "uv_size": [16, 1.5]},
								"up": {"uv": [23, 67], "uv_size": [1.5, 16]},
								"down": {"uv": [25, 83], "uv_size": [1.5, -16]}
							}
						}
					]
				},
				{
					"name": "leftarm",
					"parent": "main",
					"pivot": [8, 16, 4],
					"rotation": [-93.00588, 13.78841, 33.01357],
					"cubes": [
						{
							"origin": [4, -8, 0],
							"size": [8, 24, 8],
							"uv": {
								"north": {"uv": [16, 24], "uv_size": [8, 24]},
								"east": {"uv": [24, 24], "uv_size": [8, 24]},
								"south": {"uv": [32, 0], "uv_size": [8, 24]},
								"west": {"uv": [32, 24], "uv_size": [8, 24]},
								"up": {"uv": [48, 43], "uv_size": [8, 8]},
								"down": {"uv": [35, 57], "uv_size": [8, -8]}
							}
						}
					]
				},
				{
					"name": "rightarm",
					"parent": "main",
					"pivot": [-8, 16, 24],
					"rotation": [-95.1423, -12.43955, 1.2179],
					"cubes": [
						{
							"origin": [-12, -8, 20],
							"size": [8, 24, 8],
							"uv": {
								"north": {"uv": [8, 0], "uv_size": [8, 24]},
								"east": {"uv": [16, 0], "uv_size": [8, 24]},
								"south": {"uv": [24, 0], "uv_size": [8, 24]},
								"west": {"uv": [8, 24], "uv_size": [8, 24]},
								"up": {"uv": [27, 48], "uv_size": [8, 8]},
								"down": {"uv": [48, 43], "uv_size": [8, -8]}
							}
						}
					]
				},
				{
					"name": "muzzleflash",
					"parent": "main",
					"pivot": [0, 24.35, -68.25],
					"cubes": [
						{
							"origin": [-1, 23.8, -76.9],
							"size": [2, 2, 2],
							"inflate": -0.4,
							"uv": {
								"north": {"uv": [46, 49], "uv_size": [2, 2]},
								"east": {"uv": [76, 81], "uv_size": [2, 2]},
								"south": {"uv": [80, 81], "uv_size": [2, 2]},
								"west": {"uv": [82, 28], "uv_size": [2, 2]},
								"up": {"uv": [43, 82], "uv_size": [2, 2]},
								"down": {"uv": [82, 47], "uv_size": [2, -2]}
							}
						}
					]
				},
				{
					"name": "scope",
					"parent": "main",
					"pivot": [-0.05, 27.55, 10.95],
					"cubes": [
						{
							"origin": [-0.3, 27.3, 10.7],
							"size": [0.5, 0.5, 0.5],
							"uv": {
								"north": {"uv": [87, 23], "uv_size": [0.5, 0.5]},
								"east": {"uv": [24, 87], "uv_size": [0.5, 0.5]},
								"south": {"uv": [87, 24], "uv_size": [0.5, 0.5]},
								"west": {"uv": [25, 87], "uv_size": [0.5, 0.5]},
								"up": {"uv": [26, 87], "uv_size": [0.5, 0.5]},
								"down": {"uv": [87, 26.5], "uv_size": [0.5, -0.5]}
							}
						}
					]
				},
				{
					"name": "_cb_scope",
					"parent": "main",
					"pivot": [-0.1, 30.35, -16.15],
					"cubes": [
						{
							"origin": [-0.6, 25.85, -14.65],
							"size": [1, 1, 1],
							"uv": {
								"north": {"uv": [0, 0], "uv_size": [1, 1]},
								"east": {"uv": [0, 0], "uv_size": [1, 1]},
								"south": {"uv": [0, 0], "uv_size": [1, 1]},
								"west": {"uv": [0, 0], "uv_size": [1, 1]},
								"up": {"uv": [1, 1], "uv_size": [-1, -1]},
								"down": {"uv": [1, 1], "uv_size": [-1, -1]}
							}
						}
					]
				},
				{
					"name": "_cb_suppressor",
					"parent": "main",
					"pivot": [-0.1, 24.85, -72.15],
					"cubes": [
						{
							"origin": [-0.6, 24.35, -72.65],
							"size": [1, 1, 1],
							"uv": {
								"north": {"uv": [0, 0], "uv_size": [1, 1]},
								"east": {"uv": [0, 0], "uv_size": [1, 1]},
								"south": {"uv": [0, 0], "uv_size": [1, 1]},
								"west": {"uv": [0, 0], "uv_size": [1, 1]},
								"up": {"uv": [1, 1], "uv_size": [-1, -1]},
								"down": {"uv": [1, 1], "uv_size": [-1, -1]}
							}
						}
					]
				}
			]
		}
	]
}