{
	"format_version": "1.12.0",
	"minecraft:geometry": [
		{
			"description": {
				"identifier": "geometry.unknown",
				"texture_width": 128,
				"texture_height": 128,
				"visible_bounds_width": 19,
				"visible_bounds_height": 6,
				"visible_bounds_offset": [0, 1, 0]
			},
			"bones": [
				{
					"name": "main",
					"pivot": [0, 20, 0]
				},
				{
					"name": "gun",
					"parent": "main",
					"pivot": [1, 11, -1],
					"cubes": [
						{
							"origin": [-3.5, 19, -39],
							"size": [7, 8, 35],
							"uv": {
								"north": {"uv": [4, 55], "uv_size": [8, 10]},
								"east": {"uv": [0, 0], "uv_size": [35, 10]},
								"south": {"uv": [56, 0], "uv_size": [8, 10]},
								"west": {"uv": [0, 10], "uv_size": [35, 10]},
								"up": {"uv": [0, 20], "uv_size": [8, 35]},
								"down": {"uv": [8, 55], "uv_size": [8, -35]}
							}
						},
						{
							"origin": [-3.5, 27, -17],
							"size": [7, 2, 13],
							"uv": {
								"north": {"uv": [4, 55], "uv_size": [8, 10]},
								"east": {"uv": [0, 0], "uv_size": [35, 10]},
								"south": {"uv": [56, 0], "uv_size": [8, 10]},
								"west": {"uv": [0, 10], "uv_size": [35, 10]},
								"up": {"uv": [0, 20], "uv_size": [8, 35]},
								"down": {"uv": [8, 55], "uv_size": [8, -35]}
							}
						},
						{
							"origin": [-1, 23.75, -4],
							"size": [2, 2, 8],
							"pivot": [0, 24.75, -1],
							"rotation": [0, 0, 45],
							"uv": {
								"north": {"uv": [64, 30], "uv_size": [2, 2]},
								"east": {"uv": [58, 59], "uv_size": [8, 2]},
								"south": {"uv": [64, 32], "uv_size": [2, 2]},
								"west": {"uv": [61, 50], "uv_size": [8, 2]},
								"up": {"uv": [58, 61], "uv_size": [2, 8]},
								"down": {"uv": [60, 69], "uv_size": [2, -8]}
							}
						},
						{
							"origin": [-1.1, 15.75, 1],
							"size": [2.2, 8.75, 3],
							"pivot": [0, 23.75, -1],
							"rotation": [5, 0, 0],
							"uv": {
								"north": {"uv": [59, 50], "uv_size": [2, 9]},
								"east": {"uv": [12, 55], "uv_size": [3, 9]},
								"south": {"uv": [56, 59], "uv_size": [2, 9]},
								"west": {"uv": [56, 50], "uv_size": [3, 9]},
								"up": {"uv": [64, 12], "uv_size": [2, 3]},
								"down": {"uv": [64, 18], "uv_size": [2, -3]}
							}
						},
						{
							"origin": [-1, 15, 2.55],
							"size": [2, 5.75, 1],
							"pivot": [0, 23.75, -1],
							"rotation": [15, 0, 0],
							"uv": {
								"north": {"uv": [61, 52], "uv_size": [2, 6]},
								"east": {"uv": [35, 62], "uv_size": [1, 6]},
								"south": {"uv": [15, 62], "uv_size": [2, 6]},
								"west": {"uv": [14, 64], "uv_size": [1, 6]},
								"up": {"uv": [33, 62], "uv_size": [2, 1]},
								"down": {"uv": [64, 65], "uv_size": [2, -1]}
							}
						},
						{
							"origin": [-1, 23.75, -83.75],
							"size": [2, 2, 3],
							"pivot": [0, 24.75, -1.75],
							"rotation": [0, 0, 45],
							"uv": {
								"north": {"uv": [33, 64], "uv_size": [2, 2]},
								"east": {"uv": [64, 5], "uv_size": [3, 2]},
								"south": {"uv": [62, 64], "uv_size": [2, 2]},
								"west": {"uv": [64, 7], "uv_size": [3, 2]},
								"up": {"uv": [64, 9], "uv_size": [2, 3]},
								"down": {"uv": [12, 67], "uv_size": [2, -3]}
							}
						},
						{
							"origin": [-2, 31, -81],
							"size": [4, 1, 42],
							"uv": {
								"north": {"uv": [17, 64], "uv_size": [4, 1]},
								"east": {"uv": [56, 34], "uv_size": [42, 1]},
								"south": {"uv": [64, 18], "uv_size": [4, 1]},
								"west": {"uv": [56, 35], "uv_size": [42, 1]},
								"up": {"uv": [16, 20], "uv_size": [4, 42]},
								"down": {"uv": [20, 62], "uv_size": [4, -42]}
							}
						},
						{
							"origin": [-2.1, 30.95, -81],
							"size": [4.2, 1, 42],
							"pivot": [0, 27, -60.5],
							"rotation": [0, 0, -45],
							"uv": {
								"north": {"uv": [64, 24], "uv_size": [4, 1]},
								"east": {"uv": [56, 42], "uv_size": [42, 1]},
								"south": {"uv": [25, 64], "uv_size": [4, 1]},
								"west": {"uv": [56, 43], "uv_size": [42, 1]},
								"up": {"uv": [40, 42], "uv_size": [4, 42]},
								"down": {"uv": [44, 42], "uv_size": [4, -42]}
							}
						},
						{
							"origin": [-2.1, 30.95, -81],
							"size": [4.2, 1, 42],
							"pivot": [0, 27, -60.5],
							"rotation": [0, 0, -135],
							"uv": {
								"north": {"uv": [29, 64], "uv_size": [4, 1]},
								"east": {"uv": [56, 48], "uv_size": [42, 1]},
								"south": {"uv": [64, 29], "uv_size": [4, 1]},
								"west": {"uv": [56, 49], "uv_size": [42, 1]},
								"up": {"uv": [52, 42], "uv_size": [4, 42]},
								"down": {"uv": [0, 97], "uv_size": [4, -42]}
							}
						},
						{
							"origin": [-2.1, 30.95, -81],
							"size": [4.2, 1, 42],
							"pivot": [0, 27, -60.5],
							"rotation": [0, 0, 135],
							"uv": {
								"north": {"uv": [64, 27], "uv_size": [4, 1]},
								"east": {"uv": [56, 46], "uv_size": [42, 1]},
								"south": {"uv": [64, 28], "uv_size": [4, 1]},
								"west": {"uv": [56, 47], "uv_size": [42, 1]},
								"up": {"uv": [48, 42], "uv_size": [4, 42]},
								"down": {"uv": [52, 42], "uv_size": [4, -42]}
							}
						},
						{
							"origin": [-2.1, 30.95, -81],
							"size": [4.2, 1, 42],
							"pivot": [0, 27, -60.5],
							"rotation": [0, 0, 45],
							"uv": {
								"north": {"uv": [64, 25], "uv_size": [4, 1]},
								"east": {"uv": [56, 44], "uv_size": [42, 1]},
								"south": {"uv": [64, 26], "uv_size": [4, 1]},
								"west": {"uv": [56, 45], "uv_size": [42, 1]},
								"up": {"uv": [44, 42], "uv_size": [4, 42]},
								"down": {"uv": [48, 42], "uv_size": [4, -42]}
							}
						},
						{
							"origin": [-2, 31, -81],
							"size": [4, 1, 42],
							"pivot": [0, 27, -60.5],
							"rotation": [0, 0, -90],
							"uv": {
								"north": {"uv": [21, 64], "uv_size": [4, 1]},
								"east": {"uv": [56, 38], "uv_size": [42, 1]},
								"south": {"uv": [64, 21], "uv_size": [4, 1]},
								"west": {"uv": [56, 39], "uv_size": [42, 1]},
								"up": {"uv": [32, 20], "uv_size": [4, 42]},
								"down": {"uv": [36, 42], "uv_size": [4, -42]}
							}
						},
						{
							"origin": [-2, 31, -81],
							"size": [4, 1, 42],
							"pivot": [0, 27, -60.5],
							"rotation": [0, 0, 90],
							"uv": {
								"north": {"uv": [64, 22], "uv_size": [4, 1]},
								"east": {"uv": [56, 40], "uv_size": [42, 1]},
								"south": {"uv": [64, 23], "uv_size": [4, 1]},
								"west": {"uv": [56, 41], "uv_size": [42, 1]},
								"up": {"uv": [40, 0], "uv_size": [4, 42]},
								"down": {"uv": [36, 84], "uv_size": [4, -42]}
							}
						},
						{
							"origin": [-2, 31, -81],
							"size": [4, 1, 42],
							"pivot": [0, 27, -60.5],
							"rotation": [0, 0, -180],
							"uv": {
								"north": {"uv": [64, 19], "uv_size": [4, 1]},
								"east": {"uv": [56, 36], "uv_size": [42, 1]},
								"south": {"uv": [64, 20], "uv_size": [4, 1]},
								"west": {"uv": [56, 37], "uv_size": [42, 1]},
								"up": {"uv": [24, 20], "uv_size": [4, 42]},
								"down": {"uv": [28, 62], "uv_size": [4, -42]}
							}
						},
						{
							"origin": [-3, 23, -80.75],
							"size": [6, 1, 1],
							"pivot": [0, 27, -60.5],
							"rotation": [0, 0, -180],
							"uv": {
								"north": {"uv": [62, 62], "uv_size": [6, 1]},
								"east": {"uv": [35, 18], "uv_size": [1, 1]},
								"south": {"uv": [17, 63], "uv_size": [6, 1]},
								"west": {"uv": [35, 19], "uv_size": [1, 1]},
								"up": {"uv": [23, 63], "uv_size": [6, 1]},
								"down": {"uv": [29, 64], "uv_size": [6, -1]}
							}
						},
						{
							"origin": [-3, 30, -80.75],
							"size": [6, 1, 1],
							"pivot": [0, 27, -60.5],
							"rotation": [0, 0, -180],
							"uv": {
								"north": {"uv": [63, 52], "uv_size": [6, 1]},
								"east": {"uv": [15, 61], "uv_size": [1, 1]},
								"south": {"uv": [63, 53], "uv_size": [6, 1]},
								"west": {"uv": [4, 65], "uv_size": [1, 1]},
								"up": {"uv": [63, 54], "uv_size": [6, 1]},
								"down": {"uv": [63, 56], "uv_size": [6, -1]}
							}
						},
						{
							"origin": [-3, 23, -40.75],
							"size": [6, 1, 1],
							"pivot": [0, 27, -60.5],
							"rotation": [0, 0, -180],
							"uv": {
								"north": {"uv": [64, 1], "uv_size": [6, 1]},
								"east": {"uv": [7, 65], "uv_size": [1, 1]},
								"south": {"uv": [64, 2], "uv_size": [6, 1]},
								"west": {"uv": [8, 65], "uv_size": [1, 1]},
								"up": {"uv": [64, 3], "uv_size": [6, 1]},
								"down": {"uv": [64, 5], "uv_size": [6, -1]}
							}
						},
						{
							"origin": [-4, 24, -40.75],
							"size": [8, 6, 1],
							"uv": {
								"north": {"uv": [56, 22], "uv_size": [8, 6]},
								"east": {"uv": [35, 12], "uv_size": [1, 6]},
								"south": {"uv": [56, 28], "uv_size": [8, 6]},
								"west": {"uv": [15, 55], "uv_size": [1, 6]},
								"up": {"uv": [25, 62], "uv_size": [8, 1]},
								"down": {"uv": [62, 62], "uv_size": [8, -1]}
							}
						},
						{
							"origin": [-3, 30, -40.75],
							"size": [6, 1, 1],
							"pivot": [0, 27, -60.5],
							"rotation": [0, 0, -180],
							"uv": {
								"north": {"uv": [63, 56], "uv_size": [6, 1]},
								"east": {"uv": [5, 65], "uv_size": [1, 1]},
								"south": {"uv": [63, 57], "uv_size": [6, 1]},
								"west": {"uv": [6, 65], "uv_size": [1, 1]},
								"up": {"uv": [62, 63], "uv_size": [6, 1]},
								"down": {"uv": [64, 1], "uv_size": [6, -1]}
							}
						},
						{
							"origin": [-4, 24, -80.75],
							"size": [8, 6, 1],
							"uv": {
								"north": {"uv": [56, 10], "uv_size": [8, 6]},
								"east": {"uv": [35, 0], "uv_size": [1, 6]},
								"south": {"uv": [56, 16], "uv_size": [8, 6]},
								"west": {"uv": [35, 6], "uv_size": [1, 6]},
								"up": {"uv": [61, 58], "uv_size": [8, 1]},
								"down": {"uv": [17, 63], "uv_size": [8, -1]}
							}
						}
					]
				},
				{
					"name": "cover",
					"parent": "gun",
					"pivot": [0, 28, -38],
					"cubes": [
						{
							"origin": [-3.5, 27, -39],
							"size": [7, 2, 22],
							"uv": {
								"north": {"uv": [4, 55], "uv_size": [8, 10]},
								"east": {"uv": [0, 0], "uv_size": [35, 10]},
								"south": {"uv": [56, 0], "uv_size": [8, 10]},
								"west": {"uv": [0, 10], "uv_size": [35, 10]},
								"up": {"uv": [0, 20], "uv_size": [8, 35]},
								"down": {"uv": [8, 55], "uv_size": [8, -35]}
							}
						},
						{
							"origin": [-2, 29, -29],
							"size": [4, 1, 11],
							"uv": {
								"north": {"uv": [4, 55], "uv_size": [8, 10]},
								"east": {"uv": [0, 0], "uv_size": [35, 10]},
								"south": {"uv": [56, 0], "uv_size": [8, 10]},
								"west": {"uv": [0, 10], "uv_size": [35, 10]},
								"up": {"uv": [0, 20], "uv_size": [8, 35]},
								"down": {"uv": [8, 55], "uv_size": [8, -35]}
							}
						},
						{
							"origin": [-2, 29, -17],
							"size": [4, 1, 12],
							"uv": {
								"north": {"uv": [4, 55], "uv_size": [8, 10]},
								"east": {"uv": [0, 0], "uv_size": [35, 10]},
								"south": {"uv": [56, 0], "uv_size": [8, 10]},
								"west": {"uv": [0, 10], "uv_size": [35, 10]},
								"up": {"uv": [0, 20], "uv_size": [8, 35]},
								"down": {"uv": [8, 55], "uv_size": [8, -35]}
							}
						}
					]
				},
				{
					"name": "clip",
					"parent": "gun",
					"pivot": [0, 24, -5]
				},
				{
					"name": "clip2",
					"parent": "clip",
					"pivot": [0, 24.5, -4.25]
				},
				{
					"name": "bullet",
					"parent": "clip",
					"pivot": [-0.05, 25.55, -13.6]
				},
				{
					"name": "set",
					"parent": "clip",
					"pivot": [-0.05, 22.3, -9.35]
				},
				{
					"name": "action",
					"parent": "main",
					"pivot": [0.1, 25, 4.4]
				},
				{
					"name": "bolt",
					"parent": "action",
					"pivot": [0.1, 25, -10]
				},
				{
					"name": "leftarm",
					"parent": "main",
					"pivot": [8, 16, 4],
					"rotation": [-93.00588, 13.78841, 33.01357],
					"cubes": [
						{
							"origin": [4, -8, 0],
							"size": [8, 24, 8],
							"uv": {
								"north": {"uv": [40, 24], "uv_size": [8, 24]},
								"east": {"uv": [16, 44], "uv_size": [8, 24]},
								"south": {"uv": [24, 44], "uv_size": [8, 24]},
								"west": {"uv": [32, 44], "uv_size": [8, 24]},
								"up": {"uv": [24, 68], "uv_size": [8, 8]},
								"down": {"uv": [68, 36], "uv_size": [8, -8]}
							}
						}
					]
				},
				{
					"name": "rightarm",
					"parent": "main",
					"pivot": [-8, 16, 24],
					"rotation": [-95.1423, -12.43955, 1.2179],
					"cubes": [
						{
							"origin": [-12, -8, 20],
							"size": [8, 24, 8],
							"uv": {
								"north": {"uv": [16, 20], "uv_size": [8, 24]},
								"east": {"uv": [24, 20], "uv_size": [8, 24]},
								"south": {"uv": [32, 20], "uv_size": [8, 24]},
								"west": {"uv": [40, 0], "uv_size": [8, 24]},
								"up": {"uv": [16, 68], "uv_size": [8, 8]},
								"down": {"uv": [68, 28], "uv_size": [8, -8]}
							}
						}
					]
				},
				{
					"name": "muzzleflash",
					"parent": "main",
					"pivot": [0, 24.35, -68.25],
					"cubes": [
						{
							"origin": [-1, 23.8, -79.9],
							"size": [2, 2, 2],
							"inflate": -0.4,
							"uv": {
								"north": {"uv": [71, 90], "uv_size": [2, 2]},
								"east": {"uv": [103, 20], "uv_size": [2, 2]},
								"south": {"uv": [24, 103], "uv_size": [2, 2]},
								"west": {"uv": [34, 103], "uv_size": [2, 2]},
								"up": {"uv": [37, 103], "uv_size": [2, 2]},
								"down": {"uv": [103, 39], "uv_size": [2, -2]}
							}
						}
					]
				},
				{
					"name": "scope",
					"parent": "main",
					"pivot": [-0.025, 30.06, 7.95],
					"cubes": [
						{
							"origin": [-0.3, 29.8, 7.7],
							"size": [0.5, 0.5, 0.5],
							"uv": {
								"north": {"uv": [100, 113], "uv_size": [0.5, 0.5]},
								"east": {"uv": [110, 113], "uv_size": [0.5, 0.5]},
								"south": {"uv": [113, 111], "uv_size": [0.5, 0.5]},
								"west": {"uv": [112, 113], "uv_size": [0.5, 0.5]},
								"up": {"uv": [4, 114], "uv_size": [0.5, 0.5]},
								"down": {"uv": [6, 114.5], "uv_size": [0.5, -0.5]}
							}
						}
					]
				},
				{
					"name": "scopepip",
					"parent": "main",
					"pivot": [-0.02508, 30.05729, 2.025],
					"cubes": [
						{
							"origin": [-1.77508, 28.30729, 2.9],
							"size": [3.5, 3.5, 3.25],
							"uv": {
								"north": {"uv": [82, 16], "uv_size": [3.5, 3.5]},
								"east": {"uv": [92, 53], "uv_size": [3, 3.5]},
								"south": {"uv": [84, 49], "uv_size": [3.5, 3.5]},
								"west": {"uv": [93, 46], "uv_size": [3, 3.5]},
								"up": {"uv": [93, 62], "uv_size": [3.5, 3]},
								"down": {"uv": [93, 69], "uv_size": [3.5, -3]}
							}
						}
					]
				}
			]
		}
	]
}