{
	"format_version": "1.12.0",
	"minecraft:geometry": [
		{
			"description": {
				"identifier": "geometry.unknown",
				"texture_width": 128,
				"texture_height": 128,
				"visible_bounds_width": 19,
				"visible_bounds_height": 6,
				"visible_bounds_offset": [0, 1, 0]
			},
			"bones": [
				{
					"name": "main",
					"pivot": [0, 20, 0]
				},
				{
					"name": "gun",
					"parent": "main",
					"pivot": [1, 11, -1],
					"cubes": [
						{
							"origin": [-1.6, 18.65, 15.1],
							"size": [3.2, 6.5, 17],
							"uv": {
								"north": {"uv": [45, 66], "uv_size": [3, 6.5]},
								"east": {"uv": [36, 45], "uv_size": [17, 6.5]},
								"south": {"uv": [49, 66], "uv_size": [3, 6.5]},
								"west": {"uv": [46, 10], "uv_size": [17, 6.5]},
								"up": {"uv": [37, 53], "uv_size": [3, 17]},
								"down": {"uv": [41, 70], "uv_size": [3, -17]}
							}
						},
						{
							"origin": [-1.6, 19.65, -9.9],
							"size": [3.2, 2.5, 11],
							"uv": {
								"north": {"uv": [75, 59], "uv_size": [3, 2.5]},
								"east": {"uv": [64, 10], "uv_size": [11, 2.5]},
								"south": {"uv": [75, 63], "uv_size": [3, 2.5]},
								"west": {"uv": [64, 14], "uv_size": [11, 2.5]},
								"up": {"uv": [59, 51], "uv_size": [3, 11]},
								"down": {"uv": [61, 41], "uv_size": [3, -11]}
							}
						},
						{
							"origin": [-1.6, 19.65, 1.1],
							"size": [3.2, 5.75, 4],
							"uv": {
								"north": {"uv": [24, 68], "uv_size": [3, 6]},
								"east": {"uv": [0, 65], "uv_size": [4, 6]},
								"south": {"uv": [28, 68], "uv_size": [3, 6]},
								"west": {"uv": [5, 65], "uv_size": [4, 6]},
								"up": {"uv": [74, 39], "uv_size": [3, 4]},
								"down": {"uv": [44, 78], "uv_size": [3, -4]}
							}
						},
						{
							"origin": [-1.75, 22.15, 0.1],
							"size": [3.5, 3.5, 1],
							"pivot": [0, 23.9, -16.65],
							"rotation": [0, 0, 180],
							"uv": {
								"north": {"uv": [8, 73], "uv_size": [3.5, 3.5]},
								"east": {"uv": [23, 79], "uv_size": [1, 3.5]},
								"south": {"uv": [73, 34], "uv_size": [3.5, 3.5]},
								"west": {"uv": [25, 79], "uv_size": [1, 3.5]},
								"up": {"uv": [78, 42], "uv_size": [3.5, 1]},
								"down": {"uv": [79, 1], "uv_size": [3.5, -1]}
							}
						},
						{
							"origin": [-0.5, 21.4, 0.1],
							"size": [1, 1, 1],
							"pivot": [0, 23.9, -16.65],
							"rotation": [0, 0, 180],
							"uv": {
								"north": {"uv": [84, 10], "uv_size": [1, 1]},
								"east": {"uv": [84, 12], "uv_size": [1, 1]},
								"south": {"uv": [84, 14], "uv_size": [1, 1]},
								"west": {"uv": [84, 18], "uv_size": [1, 1]},
								"up": {"uv": [84, 20], "uv_size": [1, 1]},
								"down": {"uv": [84, 23], "uv_size": [1, -1]}
							}
						},
						{
							"origin": [-1.6, 18.65, 9.1],
							"size": [3.2, 4, 6],
							"uv": {
								"north": {"uv": [72, 73], "uv_size": [3, 4]},
								"east": {"uv": [64, 18], "uv_size": [6, 4]},
								"south": {"uv": [74, 28], "uv_size": [3, 4]},
								"west": {"uv": [64, 23], "uv_size": [6, 4]},
								"up": {"uv": [67, 59], "uv_size": [3, 6]},
								"down": {"uv": [67, 72], "uv_size": [3, -6]}
							}
						},
						{
							"origin": [-1.55, 19.9, 0.77787],
							"size": [3, 4.5, 10],
							"pivot": [-0.1, 16.8, 4.7],
							"rotation": [-30, 0, 0],
							"uv": {
								"north": {"uv": [0, 72], "uv_size": [3, 4.5]},
								"east": {"uv": [46, 39], "uv_size": [10, 4.5]},
								"south": {"uv": [4, 72], "uv_size": [3, 4.5]},
								"west": {"uv": [54, 45], "uv_size": [10, 4.5]},
								"up": {"uv": [59, 63], "uv_size": [3, 10]},
								"down": {"uv": [63, 69], "uv_size": [3, -10]}
							}
						},
						{
							"origin": [-1.7, 23.3, 15.2],
							"size": [3.4, 5, 16.9],
							"pivot": [0, 26.3, 33.2],
							"rotation": [10, 0, 0],
							"uv": {
								"north": {"uv": [65, 45], "uv_size": [3.5, 5]},
								"east": {"uv": [46, 18], "uv_size": [17, 5]},
								"south": {"uv": [69, 28], "uv_size": [3.5, 5]},
								"west": {"uv": [46, 24], "uv_size": [17, 5]},
								"up": {"uv": [27, 50], "uv_size": [3.5, 17]},
								"down": {"uv": [32, 70], "uv_size": [3.5, -17]}
							}
						},
						{
							"origin": [-1.45, 23.1, 10.1],
							"size": [2.9, 2, 5],
							"pivot": [0, 25.1, 15.1],
							"rotation": [45, 0, 0],
							"uv": {
								"north": {"uv": [32, 50], "uv_size": [3, 2]},
								"east": {"uv": [48, 74], "uv_size": [5, 2]},
								"south": {"uv": [61, 42], "uv_size": [3, 2]},
								"west": {"uv": [54, 74], "uv_size": [5, 2]},
								"up": {"uv": [36, 71], "uv_size": [3, 5]},
								"down": {"uv": [40, 76], "uv_size": [3, -5]}
							}
						},
						{
							"origin": [-1.6, 25, 28.95],
							"size": [3.2, 5, 3],
							"uv": {
								"north": {"uv": [69, 34], "uv_size": [3, 5]},
								"east": {"uv": [70, 40], "uv_size": [3, 5]},
								"south": {"uv": [63, 70], "uv_size": [3, 5]},
								"west": {"uv": [71, 0], "uv_size": [3, 5]},
								"up": {"uv": [75, 0], "uv_size": [3, 3]},
								"down": {"uv": [75, 21], "uv_size": [3, -3]}
							}
						},
						{
							"origin": [-1.5, 26.3, 23.2],
							"size": [3, 5, 6.9],
							"pivot": [0, 29.3, 31.2],
							"rotation": [45, 0, 0],
							"uv": {
								"north": {"uv": [71, 18], "uv_size": [3, 5]},
								"east": {"uv": [0, 59], "uv_size": [7, 5]},
								"south": {"uv": [32, 71], "uv_size": [3, 5]},
								"west": {"uv": [8, 59], "uv_size": [7, 5]},
								"up": {"uv": [10, 65], "uv_size": [3, 7]},
								"down": {"uv": [65, 35], "uv_size": [3, -7]}
							}
						},
						{
							"origin": [-1.655, 16.7, 25.7],
							"size": [3.25, 1.5, 1],
							"uv": {
								"north": {"uv": [77, 46], "uv_size": [3.5, 1.5]},
								"east": {"uv": [27, 83], "uv_size": [1, 1.5]},
								"south": {"uv": [48, 77], "uv_size": [3.5, 1.5]},
								"west": {"uv": [29, 83], "uv_size": [1, 1.5]},
								"up": {"uv": [77, 57], "uv_size": [3.5, 1]},
								"down": {"uv": [78, 41], "uv_size": [3.5, -1]}
							}
						},
						{
							"origin": [-0.655, 18.2, 25.7],
							"size": [1.25, 0.5, 1],
							"uv": {
								"north": {"uv": [84, 84], "uv_size": [1.5, 0.5]},
								"east": {"uv": [4, 86], "uv_size": [1, 0.5]},
								"south": {"uv": [35, 85], "uv_size": [1.5, 0.5]},
								"west": {"uv": [86, 4], "uv_size": [1, 0.5]},
								"up": {"uv": [24, 66], "uv_size": [1.5, 1]},
								"down": {"uv": [60, 75], "uv_size": [1.5, -1]}
							}
						},
						{
							"origin": [-0.55, 18.8, -1],
							"size": [1, 1, 1],
							"pivot": [0, 19.3, -0.5],
							"rotation": [45, 0, 0],
							"uv": {
								"north": {"uv": [55, 37], "uv_size": [1, 1]},
								"east": {"uv": [83, 40], "uv_size": [1, 1]},
								"south": {"uv": [41, 83], "uv_size": [1, 1]},
								"west": {"uv": [83, 42], "uv_size": [1, 1]},
								"up": {"uv": [83, 44], "uv_size": [1, 1]},
								"down": {"uv": [83, 55], "uv_size": [1, -1]}
							}
						},
						{
							"origin": [-1.3, 19.25, -1.6],
							"size": [2.5, 1, 8],
							"uv": {
								"north": {"uv": [79, 66], "uv_size": [2.5, 1]},
								"east": {"uv": [74, 44], "uv_size": [8, 1]},
								"south": {"uv": [79, 68], "uv_size": [2.5, 1]},
								"west": {"uv": [75, 4], "uv_size": [8, 1]},
								"up": {"uv": [65, 36], "uv_size": [2.5, 8]},
								"down": {"uv": [55, 73], "uv_size": [2.5, -8]}
							}
						},
						{
							"origin": [-0.55, 17.9, 4.1],
							"size": [1, 0.5, 1.6],
							"pivot": [0, 18.05, 4.85],
							"rotation": [90, 0, 0],
							"uv": {
								"north": {"uv": [62, 84], "uv_size": [1, 0.5]},
								"east": {"uv": [84, 26], "uv_size": [1.5, 0.5]},
								"south": {"uv": [44, 85], "uv_size": [1, 0.5]},
								"west": {"uv": [84, 46], "uv_size": [1.5, 0.5]},
								"up": {"uv": [82, 76], "uv_size": [1, 1.5]},
								"down": {"uv": [82, 80.5], "uv_size": [1, -1.5]}
							}
						},
						{
							"origin": [-0.55, 17.25, 3.35],
							"size": [1, 0.5, 1.6],
							"pivot": [0, 17.3, 4.9],
							"rotation": [45, 0, 0],
							"uv": {
								"north": {"uv": [85, 44], "uv_size": [1, 0.5]},
								"east": {"uv": [84, 48], "uv_size": [1.5, 0.5]},
								"south": {"uv": [85, 54], "uv_size": [1, 0.5]},
								"west": {"uv": [49, 84], "uv_size": [1.5, 0.5]},
								"up": {"uv": [80, 82], "uv_size": [1, 1.5]},
								"down": {"uv": [82, 83.5], "uv_size": [1, -1.5]}
							}
						},
						{
							"origin": [-0.55, 18.15, 1.35],
							"size": [1, 0.5, 1.5],
							"pivot": [0, 18.3, 2.9],
							"rotation": [67.5, 0, 0],
							"uv": {
								"north": {"uv": [85, 65], "uv_size": [1, 0.5]},
								"east": {"uv": [84, 50], "uv_size": [1.5, 0.5]},
								"south": {"uv": [85, 67], "uv_size": [1, 0.5]},
								"west": {"uv": [59, 84], "uv_size": [1.5, 0.5]},
								"up": {"uv": [4, 83], "uv_size": [1, 1.5]},
								"down": {"uv": [6, 84.5], "uv_size": [1, -1.5]}
							}
						},
						{
							"origin": [-0.55, 18, 1.1],
							"size": [1, 0.5, 1.5],
							"pivot": [0, 18.05, 2.65],
							"rotation": [-67.5, 0, 0],
							"uv": {
								"north": {"uv": [72, 85], "uv_size": [1, 0.5]},
								"east": {"uv": [84, 59], "uv_size": [1.5, 0.5]},
								"south": {"uv": [74, 85], "uv_size": [1, 0.5]},
								"west": {"uv": [84, 61], "uv_size": [1.5, 0.5]},
								"up": {"uv": [8, 83], "uv_size": [1, 1.5]},
								"down": {"uv": [10, 84.5], "uv_size": [1, -1.5]}
							}
						},
						{
							"origin": [-0.55, 16.25, -1.15],
							"size": [1, 0.5, 1.6],
							"pivot": [0, 16.3, 0.4],
							"rotation": [-45, 0, 0],
							"uv": {
								"north": {"uv": [80, 85], "uv_size": [1, 0.5]},
								"east": {"uv": [84, 76], "uv_size": [1.5, 0.5]},
								"south": {"uv": [82, 85], "uv_size": [1, 0.5]},
								"west": {"uv": [84, 78], "uv_size": [1.5, 0.5]},
								"up": {"uv": [12, 83], "uv_size": [1, 1.5]},
								"down": {"uv": [14, 84.5], "uv_size": [1, -1.5]}
							}
						},
						{
							"origin": [-0.55, 16.15, 0.35],
							"size": [1, 0.5, 3.5],
							"uv": {
								"north": {"uv": [0, 86], "uv_size": [1, 0.5]},
								"east": {"uv": [82, 52], "uv_size": [3.5, 0.5]},
								"south": {"uv": [86, 0], "uv_size": [1, 0.5]},
								"west": {"uv": [82, 57], "uv_size": [3.5, 0.5]},
								"up": {"uv": [72, 78], "uv_size": [1, 3.5]},
								"down": {"uv": [74, 81.5], "uv_size": [1, -3.5]}
							}
						},
						{
							"origin": [-0.55, 17.9, -1.15],
							"size": [1, 0.5, 1.6],
							"pivot": [0, 18.05, -0.4],
							"rotation": [90, 0, 0],
							"uv": {
								"north": {"uv": [2, 86], "uv_size": [1, 0.5]},
								"east": {"uv": [84, 80], "uv_size": [1.5, 0.5]},
								"south": {"uv": [86, 2], "uv_size": [1, 0.5]},
								"west": {"uv": [84, 82], "uv_size": [1.5, 0.5]},
								"up": {"uv": [16, 83], "uv_size": [1, 1.5]},
								"down": {"uv": [18, 84.5], "uv_size": [1, -1.5]}
							}
						},
						{
							"origin": [-2, 18.55, 31.8],
							"size": [4, 11.7, 3.2],
							"uv": {
								"north": {"uv": [45, 53], "uv_size": [4, 11.5]},
								"east": {"uv": [16, 59], "uv_size": [3, 11.5]},
								"south": {"uv": [50, 53], "uv_size": [4, 11.5]},
								"west": {"uv": [20, 59], "uv_size": [3, 11.5]},
								"up": {"uv": [71, 24], "uv_size": [4, 3]},
								"down": {"uv": [67, 76], "uv_size": [4, -3]}
							}
						},
						{
							"origin": [-0.55, 18.8, 4.25],
							"size": [1, 1, 1],
							"pivot": [0, 19.3, 4.75],
							"rotation": [45, 0, 0],
							"uv": {
								"north": {"uv": [83, 65], "uv_size": [1, 1]},
								"east": {"uv": [83, 67], "uv_size": [1, 1]},
								"south": {"uv": [72, 83], "uv_size": [1, 1]},
								"west": {"uv": [74, 83], "uv_size": [1, 1]},
								"up": {"uv": [0, 84], "uv_size": [1, 1]},
								"down": {"uv": [84, 1], "uv_size": [1, -1]}
							}
						}
					]
				},
				{
					"name": "lever",
					"parent": "gun",
					"pivot": [0, 25.65, 0.6],
					"cubes": [
						{
							"origin": [-0.25, 25.4, -0.4],
							"size": [0.5, 0.5, 4],
							"pivot": [0, 25.65, 0.6],
							"rotation": [0, 0, 180],
							"uv": {
								"north": {"uv": [86, 18], "uv_size": [0.5, 0.5]},
								"east": {"uv": [16, 81], "uv_size": [4, 0.5]},
								"south": {"uv": [86, 20], "uv_size": [0.5, 0.5]},
								"west": {"uv": [39, 81], "uv_size": [4, 0.5]},
								"up": {"uv": [82, 8], "uv_size": [0.5, 4]},
								"down": {"uv": [82, 26], "uv_size": [0.5, -4]}
							}
						}
					]
				},
				{
					"name": "metal",
					"parent": "gun",
					"pivot": [0, 19.3, 4.75]
				},
				{
					"name": "action",
					"parent": "main",
					"pivot": [0, 20.9, -9.9],
					"cubes": [
						{
							"origin": [-0.655, 19.2, -20.8],
							"size": [1.25, 0.5, 1],
							"uv": {
								"north": {"uv": [41, 85], "uv_size": [1.5, 0.5]},
								"east": {"uv": [86, 10], "uv_size": [1, 0.5]},
								"south": {"uv": [85, 42], "uv_size": [1.5, 0.5]},
								"west": {"uv": [12, 86], "uv_size": [1, 0.5]},
								"up": {"uv": [35, 83], "uv_size": [1.5, 1]},
								"down": {"uv": [38, 84], "uv_size": [1.5, -1]}
							}
						},
						{
							"origin": [-1.655, 17.7, -20.8],
							"size": [3.25, 1.5, 1],
							"uv": {
								"north": {"uv": [77, 49], "uv_size": [3.5, 1.5]},
								"east": {"uv": [31, 83], "uv_size": [1, 1.5]},
								"south": {"uv": [77, 52], "uv_size": [3.5, 1.5]},
								"west": {"uv": [33, 83], "uv_size": [1, 1.5]},
								"up": {"uv": [79, 59], "uv_size": [3.5, 1]},
								"down": {"uv": [79, 62], "uv_size": [3.5, -1]}
							}
						},
						{
							"origin": [-1.6, 19.65, -22.9],
							"size": [3.2, 2.5, 13],
							"uv": {
								"north": {"uv": [75, 67], "uv_size": [3, 2.5]},
								"east": {"uv": [63, 51], "uv_size": [13, 2.5]},
								"south": {"uv": [76, 10], "uv_size": [3, 2.5]},
								"west": {"uv": [63, 55], "uv_size": [13, 2.5]},
								"up": {"uv": [55, 51], "uv_size": [3, 13]},
								"down": {"uv": [57, 43], "uv_size": [3, -13]}
							}
						},
						{
							"origin": [-1.85, 20.4, -10.4],
							"size": [3.7, 1, 1],
							"pivot": [0, 20.9, -9.9],
							"rotation": [45, 0, 0],
							"uv": {
								"north": {"uv": [79, 2], "uv_size": [3.5, 1]},
								"east": {"uv": [2, 84], "uv_size": [1, 1]},
								"south": {"uv": [79, 18], "uv_size": [3.5, 1]},
								"west": {"uv": [84, 2], "uv_size": [1, 1]},
								"up": {"uv": [79, 20], "uv_size": [3.5, 1]},
								"down": {"uv": [27, 80], "uv_size": [3.5, -1]}
							}
						},
						{
							"origin": [-0.5, 21.4, -4.9],
							"size": [1, 1, 5],
							"pivot": [0, 23.9, -16.65],
							"rotation": [0, 0, 180],
							"uv": {
								"north": {"uv": [84, 4], "uv_size": [1, 1]},
								"east": {"uv": [76, 26], "uv_size": [5, 1]},
								"south": {"uv": [84, 8], "uv_size": [1, 1]},
								"west": {"uv": [77, 55], "uv_size": [5, 1]},
								"up": {"uv": [0, 78], "uv_size": [1, 5]},
								"down": {"uv": [2, 83], "uv_size": [1, -5]}
							}
						},
						{
							"origin": [0.4, 27.8, -32.15],
							"size": [1, 2.5, 2.5],
							"inflate": -0.201,
							"pivot": [0.6, 28, 17],
							"rotation": [0, 0, 5],
							"uv": {
								"north": {"uv": [80, 22], "uv_size": [1, 2.5]},
								"east": {"uv": [76, 75], "uv_size": [2.5, 2.5]},
								"south": {"uv": [49, 80], "uv_size": [1, 2.5]},
								"west": {"uv": [13, 77], "uv_size": [2.5, 2.5]},
								"up": {"uv": [51, 80], "uv_size": [1, 2.5]},
								"down": {"uv": [59, 82.5], "uv_size": [1, -2.5]}
							}
						},
						{
							"origin": [-1.2, 27.8, -32.15],
							"size": [1, 2.5, 2.5],
							"inflate": -0.201,
							"pivot": [-0.4, 28, 17],
							"rotation": [0, 0, -5],
							"uv": {
								"north": {"uv": [61, 80], "uv_size": [1, 2.5]},
								"east": {"uv": [17, 77], "uv_size": [2.5, 2.5]},
								"south": {"uv": [80, 70], "uv_size": [1, 2.5]},
								"west": {"uv": [32, 77], "uv_size": [2.5, 2.5]},
								"up": {"uv": [80, 74], "uv_size": [1, 2.5]},
								"down": {"uv": [80, 80.5], "uv_size": [1, -2.5]}
							}
						},
						{
							"origin": [-0.3, 27.8, -31.9],
							"size": [0.8, 2, 2],
							"inflate": -0.201,
							"uv": {
								"north": {"uv": [82, 13], "uv_size": [1, 2]},
								"east": {"uv": [78, 34], "uv_size": [2, 2]},
								"south": {"uv": [44, 82], "uv_size": [1, 2]},
								"west": {"uv": [78, 37], "uv_size": [2, 2]},
								"up": {"uv": [82, 46], "uv_size": [1, 2]},
								"down": {"uv": [82, 51], "uv_size": [1, -2]}
							}
						},
						{
							"origin": [-1.2, 25.3, -32.4],
							"size": [2.6, 3, 3],
							"inflate": -0.201,
							"uv": {
								"north": {"uv": [76, 14], "uv_size": [2.5, 3]},
								"east": {"uv": [24, 75], "uv_size": [3, 3]},
								"south": {"uv": [76, 22], "uv_size": [2.5, 3]},
								"west": {"uv": [28, 75], "uv_size": [3, 3]},
								"up": {"uv": [60, 76], "uv_size": [2.5, 3]},
								"down": {"uv": [76, 74], "uv_size": [2.5, -3]}
							}
						},
						{
							"origin": [1.55, 21.65, -19.4],
							"size": [0.5, 5.5, 1],
							"uv": {
								"north": {"uv": [76, 79], "uv_size": [0.5, 5.5]},
								"east": {"uv": [55, 30], "uv_size": [1, 5.5]},
								"south": {"uv": [78, 79], "uv_size": [0.5, 5.5]},
								"west": {"uv": [24, 59], "uv_size": [1, 5.5]},
								"up": {"uv": [6, 86], "uv_size": [0.5, 1]},
								"down": {"uv": [8, 87], "uv_size": [0.5, -1]}
							}
						},
						{
							"origin": [-2.05, 21.65, -19.4],
							"size": [0.5, 5.5, 1],
							"uv": {
								"north": {"uv": [80, 9], "uv_size": [0.5, 5.5]},
								"east": {"uv": [14, 65], "uv_size": [1, 5.5]},
								"south": {"uv": [47, 80], "uv_size": [0.5, 5.5]},
								"west": {"uv": [53, 66], "uv_size": [1, 5.5]},
								"up": {"uv": [86, 8], "uv_size": [0.5, 1]},
								"down": {"uv": [10, 87], "uv_size": [0.5, -1]}
							}
						},
						{
							"origin": [-1.75, 22.15, -33.4],
							"size": [3.5, 3.5, 33.5],
							"pivot": [0, 23.9, -16.65],
							"rotation": [0, 0, -180],
							"uv": {
								"north": {"uv": [14, 72], "uv_size": [3.5, 3.5]},
								"east": {"uv": [36, 0], "uv_size": [33.5, 3.5]},
								"south": {"uv": [19, 72], "uv_size": [3.5, 3.5]},
								"west": {"uv": [36, 5], "uv_size": [33.5, 3.5]},
								"up": {"uv": [36, 10], "uv_size": [3.5, 33.5]},
								"down": {"uv": [41, 43.5], "uv_size": [3.5, -33.5]}
							}
						}
					]
				},
				{
					"name": "sight",
					"parent": "action",
					"pivot": [0, 26.65, -18.9],
					"cubes": [
						{
							"origin": [-2.5, 26.4, -19.15],
							"size": [5, 0.5, 0.5],
							"pivot": [0, 26.65, -18.9],
							"rotation": [45, 0, 0],
							"uv": {
								"north": {"uv": [80, 16], "uv_size": [5, 0.5]},
								"east": {"uv": [86, 22], "uv_size": [0.5, 0.5]},
								"south": {"uv": [4, 81], "uv_size": [5, 0.5]},
								"west": {"uv": [23, 86], "uv_size": [0.5, 0.5]},
								"up": {"uv": [81, 6], "uv_size": [5, 0.5]},
								"down": {"uv": [10, 81.5], "uv_size": [5, -0.5]}
							}
						},
						{
							"origin": [-2.5, 26.4, -18.15],
							"size": [5, 0.5, 0.5],
							"uv": {
								"north": {"uv": [27, 81], "uv_size": [5, 0.5]},
								"east": {"uv": [25, 86], "uv_size": [0.5, 0.5]},
								"south": {"uv": [81, 28], "uv_size": [5, 0.5]},
								"west": {"uv": [27, 86], "uv_size": [0.5, 0.5]},
								"up": {"uv": [81, 30], "uv_size": [5, 0.5]},
								"down": {"uv": [81, 32.5], "uv_size": [5, -0.5]}
							}
						},
						{
							"origin": [-1.65, 37.4, -18],
							"size": [3.5, 0.5, 0.25],
							"uv": {
								"north": {"uv": [82, 63], "uv_size": [3.5, 0.5]},
								"east": {"uv": [87, 50], "uv_size": [0.5, 0.5]},
								"south": {"uv": [82, 70], "uv_size": [3.5, 0.5]},
								"west": {"uv": [87, 52], "uv_size": [0.5, 0.5]},
								"up": {"uv": [82, 72], "uv_size": [3.5, 0.5]},
								"down": {"uv": [82, 74.5], "uv_size": [3.5, -0.5]}
							}
						},
						{
							"origin": [0.35, 29.4, -18.15],
							"size": [0.5, 0.25, 0.5],
							"uv": {
								"north": {"uv": [37, 87], "uv_size": [0.5, 0.5]},
								"east": {"uv": [87, 38], "uv_size": [0.5, 0.5]},
								"south": {"uv": [39, 87], "uv_size": [0.5, 0.5]},
								"west": {"uv": [41, 87], "uv_size": [0.5, 0.5]},
								"up": {"uv": [43, 87], "uv_size": [0.5, 0.5]},
								"down": {"uv": [87, 44.5], "uv_size": [0.5, -0.5]}
							}
						},
						{
							"origin": [-0.65, 29.4, -18.15],
							"size": [0.5, 0.25, 0.5],
							"uv": {
								"north": {"uv": [87, 28], "uv_size": [0.5, 0.5]},
								"east": {"uv": [87, 30], "uv_size": [0.5, 0.5]},
								"south": {"uv": [87, 32], "uv_size": [0.5, 0.5]},
								"west": {"uv": [87, 34], "uv_size": [0.5, 0.5]},
								"up": {"uv": [35, 87], "uv_size": [0.5, 0.5]},
								"down": {"uv": [87, 36.5], "uv_size": [0.5, -0.5]}
							}
						},
						{
							"origin": [-2.5, 28.9, -18.15],
							"size": [5, 0.5, 0.5],
							"uv": {
								"north": {"uv": [33, 81], "uv_size": [5, 0.5]},
								"east": {"uv": [87, 24], "uv_size": [0.5, 0.5]},
								"south": {"uv": [81, 34], "uv_size": [5, 0.5]},
								"west": {"uv": [87, 26], "uv_size": [0.5, 0.5]},
								"up": {"uv": [81, 36], "uv_size": [5, 0.5]},
								"down": {"uv": [81, 38.5], "uv_size": [5, -0.5]}
							}
						},
						{
							"origin": [-1.65, 26.9, -18],
							"size": [0.5, 10.5, 0.25],
							"uv": {
								"north": {"uv": [57, 77], "uv_size": [0.5, 10.5]},
								"east": {"uv": [66, 77], "uv_size": [0.5, 10.5]},
								"south": {"uv": [68, 77], "uv_size": [0.5, 10.5]},
								"west": {"uv": [70, 77], "uv_size": [0.5, 10.5]},
								"up": {"uv": [47, 87], "uv_size": [0.5, 0.5]},
								"down": {"uv": [87, 48.5], "uv_size": [0.5, -0.5]}
							}
						},
						{
							"origin": [1.35, 26.9, -18],
							"size": [0.5, 10.5, 0.25],
							"uv": {
								"north": {"uv": [64, 76], "uv_size": [0.5, 10.5]},
								"east": {"uv": [21, 77], "uv_size": [0.5, 10.5]},
								"south": {"uv": [53, 77], "uv_size": [0.5, 10.5]},
								"west": {"uv": [55, 77], "uv_size": [0.5, 10.5]},
								"up": {"uv": [45, 87], "uv_size": [0.5, 0.5]},
								"down": {"uv": [87, 46.5], "uv_size": [0.5, -0.5]}
							}
						},
						{
							"origin": [0.35, 26.4, -17.65],
							"size": [0.5, 0.5, 0.25],
							"uv": {
								"north": {"uv": [29, 86], "uv_size": [0.5, 0.5]},
								"east": {"uv": [31, 86], "uv_size": [0.5, 0.5]},
								"south": {"uv": [33, 86], "uv_size": [0.5, 0.5]},
								"west": {"uv": [49, 86], "uv_size": [0.5, 0.5]},
								"up": {"uv": [51, 86], "uv_size": [0.5, 0.5]},
								"down": {"uv": [59, 86.5], "uv_size": [0.5, -0.5]}
							}
						},
						{
							"origin": [-0.65, 26.4, -17.65],
							"size": [0.5, 0.5, 0.25],
							"uv": {
								"north": {"uv": [61, 86], "uv_size": [0.5, 0.5]},
								"east": {"uv": [76, 86], "uv_size": [0.5, 0.5]},
								"south": {"uv": [78, 86], "uv_size": [0.5, 0.5]},
								"west": {"uv": [84, 86], "uv_size": [0.5, 0.5]},
								"up": {"uv": [86, 86], "uv_size": [0.5, 0.5]},
								"down": {"uv": [87, 6.5], "uv_size": [0.5, -0.5]}
							}
						},
						{
							"origin": [-1, 26.4, -19.65],
							"size": [2, 0.5, 1.5],
							"uv": {
								"north": {"uv": [23, 84], "uv_size": [2, 0.5]},
								"east": {"uv": [38, 85], "uv_size": [1.5, 0.5]},
								"south": {"uv": [84, 24], "uv_size": [2, 0.5]},
								"west": {"uv": [85, 40], "uv_size": [1.5, 0.5]},
								"up": {"uv": [44, 79], "uv_size": [2, 1.5]},
								"down": {"uv": [79, 64.5], "uv_size": [2, -1.5]}
							}
						}
					]
				},
				{
					"name": "grenade",
					"parent": "action",
					"pivot": [0, 23.9, -2.55],
					"cubes": [
						{
							"origin": [-1.25, 22.65, -5.3],
							"size": [2.5, 2.5, 5.5],
							"pivot": [0, 23.9, -2.55],
							"rotation": [0, 0, -180],
							"uv": {
								"north": {"uv": [36, 77], "uv_size": [2.5, 2.5]},
								"east": {"uv": [70, 46], "uv_size": [5.5, 2.5]},
								"south": {"uv": [40, 77], "uv_size": [2.5, 2.5]},
								"west": {"uv": [71, 6], "uv_size": [5.5, 2.5]},
								"up": {"uv": [71, 59], "uv_size": [2.5, 5.5]},
								"down": {"uv": [71, 71.5], "uv_size": [2.5, -5.5]}
							}
						}
					]
				},
				{
					"name": "leftarm",
					"parent": "main",
					"pivot": [8, 16, 4],
					"rotation": [-93.00588, 13.78841, 33.01357],
					"cubes": [
						{
							"origin": [4, -8, 0],
							"size": [8, 24, 8],
							"uv": {
								"north": {"uv": [9, 25], "uv_size": [8, 24]},
								"east": {"uv": [18, 25], "uv_size": [8, 24]},
								"south": {"uv": [27, 0], "uv_size": [8, 24]},
								"west": {"uv": [27, 25], "uv_size": [8, 24]},
								"up": {"uv": [9, 50], "uv_size": [8, 8]},
								"down": {"uv": [18, 58], "uv_size": [8, -8]}
							}
						}
					]
				},
				{
					"name": "rightarm",
					"parent": "main",
					"pivot": [-8, 16, 24],
					"rotation": [-95.1423, -12.43955, 1.2179],
					"cubes": [
						{
							"origin": [-12, -8, 20],
							"size": [8, 24, 8],
							"uv": {
								"north": {"uv": [0, 0], "uv_size": [8, 24]},
								"east": {"uv": [9, 0], "uv_size": [8, 24]},
								"south": {"uv": [18, 0], "uv_size": [8, 24]},
								"west": {"uv": [0, 25], "uv_size": [8, 24]},
								"up": {"uv": [46, 30], "uv_size": [8, 8]},
								"down": {"uv": [0, 58], "uv_size": [8, -8]}
							}
						}
					]
				},
				{
					"name": "muzzleflash",
					"parent": "main",
					"pivot": [0, 24.35, -68.25],
					"cubes": [
						{
							"origin": [-1, 22.8, -36.65],
							"size": [2, 2, 2],
							"inflate": -0.4,
							"uv": {
								"north": {"uv": [4, 78], "uv_size": [2, 2]},
								"east": {"uv": [78, 6], "uv_size": [2, 2]},
								"south": {"uv": [7, 78], "uv_size": [2, 2]},
								"west": {"uv": [10, 78], "uv_size": [2, 2]},
								"up": {"uv": [78, 28], "uv_size": [2, 2]},
								"down": {"uv": [78, 33], "uv_size": [2, -2]}
							}
						}
					]
				},
				{
					"name": "scope",
					"parent": "main",
					"pivot": [-0.05, 27.55, 10.95],
					"cubes": [
						{
							"origin": [-0.3, 27.3, 10.7],
							"size": [0.5, 0.5, 0.5],
							"uv": {
								"north": {"uv": [86, 12], "uv_size": [0.5, 0.5]},
								"east": {"uv": [14, 86], "uv_size": [0.5, 0.5]},
								"south": {"uv": [86, 14], "uv_size": [0.5, 0.5]},
								"west": {"uv": [16, 86], "uv_size": [0.5, 0.5]},
								"up": {"uv": [86, 16], "uv_size": [0.5, 0.5]},
								"down": {"uv": [18, 86.5], "uv_size": [0.5, -0.5]}
							}
						}
					]
				}
			]
		}
	]
}