{
	"format_version": "1.12.0",
	"minecraft:geometry": [
		{
			"description": {
				"identifier": "geometry.unknown",
				"texture_width": 128,
				"texture_height": 128,
				"visible_bounds_width": 19,
				"visible_bounds_height": 7,
				"visible_bounds_offset": [0, 1.5, 0]
			},
			"bones": [
				{
					"name": "main",
					"pivot": [0, 20, 0]
				},
				{
					"name": "gun",
					"parent": "main",
					"pivot": [1, 11, -1],
					"cubes": [
						{
							"origin": [-0.55, 18.6, 0],
							"size": [1, 1, 1],
							"pivot": [0, 19.1, 0.5],
							"rotation": [45, 0, 0],
							"uv": {
								"north": {"uv": [61, 12], "uv_size": [1, 1]},
								"east": {"uv": [4, 109], "uv_size": [1, 1]},
								"south": {"uv": [26, 109], "uv_size": [1, 1]},
								"west": {"uv": [109, 58], "uv_size": [1, 1]},
								"up": {"uv": [64, 109], "uv_size": [1, 1]},
								"down": {"uv": [109, 82], "uv_size": [1, -1]}
							}
						},
						{
							"origin": [-1.3, 19.05, -1.6],
							"size": [2.5, 1, 6.1],
							"uv": {
								"north": {"uv": [104, 6], "uv_size": [2.5, 1]},
								"east": {"uv": [41, 49], "uv_size": [6, 1]},
								"south": {"uv": [104, 8], "uv_size": [2.5, 1]},
								"west": {"uv": [96, 18], "uv_size": [6, 1]},
								"up": {"uv": [12, 85], "uv_size": [2.5, 6]},
								"down": {"uv": [67, 91], "uv_size": [2.5, -6]}
							}
						},
						{
							"origin": [-1.15, 14.35, 4.1],
							"size": [2.2, 3.75, 1.6],
							"pivot": [0, 17.75, 4.85],
							"rotation": [90, 0, 0],
							"uv": {
								"north": {"uv": [28, 97], "uv_size": [2, 3.5]},
								"east": {"uv": [93, 99], "uv_size": [1.5, 3.5]},
								"south": {"uv": [31, 97], "uv_size": [2, 3.5]},
								"west": {"uv": [0, 100], "uv_size": [1.5, 3.5]},
								"up": {"uv": [103, 30], "uv_size": [2, 1.5]},
								"down": {"uv": [42, 104.5], "uv_size": [2, -1.5]}
							}
						},
						{
							"origin": [-1, 15.2, -0.7],
							"size": [1.8, 1, 1],
							"pivot": [0, 17.75, 4.85],
							"rotation": [90, 0, 0],
							"uv": {
								"north": {"uv": [45, 106], "uv_size": [2, 1]},
								"east": {"uv": [110, 64], "uv_size": [1, 1]},
								"south": {"uv": [50, 106], "uv_size": [2, 1]},
								"west": {"uv": [110, 66], "uv_size": [1, 1]},
								"up": {"uv": [58, 106], "uv_size": [2, 1]},
								"down": {"uv": [106, 59], "uv_size": [2, -1]}
							}
						},
						{
							"origin": [-0.55, 17.05, 3.35],
							"size": [1, 0.5, 1.6],
							"pivot": [0, 17.1, 4.9],
							"rotation": [45, 0, 0],
							"uv": {
								"north": {"uv": [77, 111], "uv_size": [1, 0.5]},
								"east": {"uv": [52, 111], "uv_size": [1.5, 0.5]},
								"south": {"uv": [111, 80], "uv_size": [1, 0.5]},
								"west": {"uv": [55, 111], "uv_size": [1.5, 0.5]},
								"up": {"uv": [8, 108], "uv_size": [1, 1.5]},
								"down": {"uv": [34, 109.5], "uv_size": [1, -1.5]}
							}
						},
						{
							"origin": [-0.3, 17.15, 3],
							"size": [0.5, 1, 2.5],
							"pivot": [0, 17.8, 4.05],
							"rotation": [67.5, 0, 0],
							"uv": {
								"north": {"uv": [111, 82], "uv_size": [0.5, 1]},
								"east": {"uv": [104, 15], "uv_size": [2.5, 1]},
								"south": {"uv": [111, 84], "uv_size": [0.5, 1]},
								"west": {"uv": [104, 27], "uv_size": [2.5, 1]},
								"up": {"uv": [0, 109], "uv_size": [0.5, 2.5]},
								"down": {"uv": [2, 111.5], "uv_size": [0.5, -2.5]}
							}
						},
						{
							"origin": [-0.3, 17.65, 2.2],
							"size": [0.5, 1, 1.5],
							"pivot": [0, 17.7, 3.75],
							"rotation": [-67.5, 0, 0],
							"uv": {
								"north": {"uv": [86, 111], "uv_size": [0.5, 1]},
								"east": {"uv": [45, 108], "uv_size": [1.5, 1]},
								"south": {"uv": [88, 111], "uv_size": [0.5, 1]},
								"west": {"uv": [50, 108], "uv_size": [1.5, 1]},
								"up": {"uv": [58, 111], "uv_size": [0.5, 1.5]},
								"down": {"uv": [60, 112.5], "uv_size": [0.5, -1.5]}
							}
						},
						{
							"origin": [-0.55, 16.05, -0.15],
							"size": [1, 0.5, 1.6],
							"pivot": [0, 16.1, 1.4],
							"rotation": [-45, 0, 0],
							"uv": {
								"north": {"uv": [111, 88], "uv_size": [1, 0.5]},
								"east": {"uv": [111, 58], "uv_size": [1.5, 0.5]},
								"south": {"uv": [90, 111], "uv_size": [1, 0.5]},
								"west": {"uv": [62, 111], "uv_size": [1.5, 0.5]},
								"up": {"uv": [36, 108], "uv_size": [1, 1.5]},
								"down": {"uv": [53, 109.5], "uv_size": [1, -1.5]}
							}
						},
						{
							"origin": [-0.55, 15.95, 1.35],
							"size": [1, 0.5, 2.5],
							"uv": {
								"north": {"uv": [111, 106], "uv_size": [1, 0.5]},
								"east": {"uv": [10, 109], "uv_size": [2.5, 0.5]},
								"south": {"uv": [111, 108], "uv_size": [1, 0.5]},
								"west": {"uv": [109, 10], "uv_size": [2.5, 0.5]},
								"up": {"uv": [8, 104], "uv_size": [1, 2.5]},
								"down": {"uv": [40, 106.5], "uv_size": [1, -2.5]}
							}
						},
						{
							"origin": [-0.55, 17.7, -0.15],
							"size": [1, 0.5, 1.6],
							"pivot": [0, 17.85, 0.6],
							"rotation": [90, 0, 0],
							"uv": {
								"north": {"uv": [111, 110], "uv_size": [1, 0.5]},
								"east": {"uv": [65, 111], "uv_size": [1.5, 0.5]},
								"south": {"uv": [112, 4], "uv_size": [1, 0.5]},
								"west": {"uv": [71, 111], "uv_size": [1.5, 0.5]},
								"up": {"uv": [58, 108], "uv_size": [1, 1.5]},
								"down": {"uv": [60, 109.5], "uv_size": [1, -1.5]}
							}
						},
						{
							"origin": [-0.55, 18.6, 4.25],
							"size": [1, 1, 1],
							"pivot": [0, 19.1, 4.75],
							"rotation": [45, 0, 0],
							"uv": {
								"north": {"uv": [109, 88], "uv_size": [1, 1]},
								"east": {"uv": [109, 108], "uv_size": [1, 1]},
								"south": {"uv": [110, 16], "uv_size": [1, 1]},
								"west": {"uv": [110, 18], "uv_size": [1, 1]},
								"up": {"uv": [110, 20], "uv_size": [1, 1]},
								"down": {"uv": [110, 23], "uv_size": [1, -1]}
							}
						},
						{
							"origin": [-0.95, 18.5, 7.6],
							"size": [1.8, 1, 1],
							"pivot": [0, 19, 8.6],
							"rotation": [45, 0, 0],
							"uv": {
								"north": {"uv": [76, 88], "uv_size": [2, 1]},
								"east": {"uv": [110, 60], "uv_size": [1, 1]},
								"south": {"uv": [106, 29], "uv_size": [2, 1]},
								"west": {"uv": [110, 62], "uv_size": [1, 1]},
								"up": {"uv": [106, 31], "uv_size": [2, 1]},
								"down": {"uv": [34, 107], "uv_size": [2, -1]}
							}
						},
						{
							"origin": [-1.05, 12.95, 5.5],
							"size": [2, 5.5, 1],
							"pivot": [0, 16.45, 8],
							"rotation": [27.5, 0, 0],
							"uv": {
								"north": {"uv": [63, 89], "uv_size": [2, 5.5]},
								"east": {"uv": [13, 99], "uv_size": [1, 5.5]},
								"south": {"uv": [44, 90], "uv_size": [2, 5.5]},
								"west": {"uv": [65, 99], "uv_size": [1, 5.5]},
								"up": {"uv": [42, 106], "uv_size": [2, 1]},
								"down": {"uv": [106, 44], "uv_size": [2, -1]}
							}
						},
						{
							"origin": [-1.05, 12.95, 6.5],
							"size": [2, 5.5, 2],
							"pivot": [0, 16.45, 8],
							"rotation": [27.5, 0, 0],
							"uv": {
								"north": {"uv": [47, 90], "uv_size": [2, 5.5]},
								"east": {"uv": [92, 4], "uv_size": [2, 5.5]},
								"south": {"uv": [12, 92], "uv_size": [2, 5.5]},
								"west": {"uv": [66, 92], "uv_size": [2, 5.5]},
								"up": {"uv": [100, 79], "uv_size": [2, 2]},
								"down": {"uv": [86, 102], "uv_size": [2, -2]}
							}
						},
						{
							"origin": [-2.1, 20, -3.8],
							"size": [4.1, 5, 26],
							"uv": {
								"north": {"uv": [83, 65], "uv_size": [4, 5]},
								"east": {"uv": [36, 0], "uv_size": [26, 5]},
								"south": {"uv": [83, 71], "uv_size": [4, 5]},
								"west": {"uv": [36, 6], "uv_size": [26, 5]},
								"up": {"uv": [48, 24], "uv_size": [4, 26]},
								"down": {"uv": [36, 75], "uv_size": [4, -26]}
							}
						},
						{
							"origin": [2.75, 19, -0.05],
							"size": [0.25, 5.25, 4.75],
							"uv": {
								"north": {"uv": [48, 103], "uv_size": [0.5, 5.5]},
								"east": {"uv": [76, 54], "uv_size": [5, 5.5]},
								"south": {"uv": [96, 103], "uv_size": [0.5, 5.5]},
								"west": {"uv": [77, 61], "uv_size": [5, 5.5]},
								"up": {"uv": [75, 105], "uv_size": [0.5, 5]},
								"down": {"uv": [77, 110], "uv_size": [0.5, -5]}
							}
						},
						{
							"origin": [2, 19.5, 3.2],
							"size": [0.75, 4.25, 0.25],
							"uv": {
								"north": {"uv": [8, 79], "uv_size": [1, 4.5]},
								"east": {"uv": [87, 105], "uv_size": [0.5, 4.5]},
								"south": {"uv": [67, 99], "uv_size": [1, 4.5]},
								"west": {"uv": [89, 105], "uv_size": [0.5, 4.5]},
								"up": {"uv": [81, 112], "uv_size": [1, 0.5]},
								"down": {"uv": [83, 112.5], "uv_size": [1, -0.5]}
							}
						},
						{
							"origin": [2, 19.5, 1.2],
							"size": [0.75, 4.25, 0.25],
							"uv": {
								"north": {"uv": [34, 100], "uv_size": [1, 4.5]},
								"east": {"uv": [105, 90], "uv_size": [0.5, 4.5]},
								"south": {"uv": [36, 100], "uv_size": [1, 4.5]},
								"west": {"uv": [91, 105], "uv_size": [0.5, 4.5]},
								"up": {"uv": [92, 112], "uv_size": [1, 0.5]},
								"down": {"uv": [94, 112.5], "uv_size": [1, -0.5]}
							}
						},
						{
							"origin": [-2.6, 20, -28.8],
							"size": [5.1, 5, 24],
							"uv": {
								"north": {"uv": [53, 45], "uv_size": [5, 5]},
								"east": {"uv": [36, 12], "uv_size": [24, 5]},
								"south": {"uv": [0, 79], "uv_size": [5, 5]},
								"west": {"uv": [36, 18], "uv_size": [24, 5]},
								"up": {"uv": [36, 24], "uv_size": [5, 24]},
								"down": {"uv": [42, 48], "uv_size": [5, -24]}
							}
						},
						{
							"origin": [-1, 26.28, -28.65],
							"size": [1.9, 0.1, 23.7],
							"uv": {
								"north": {"uv": [110, 90], "uv_size": [2, 0.5]},
								"east": {"uv": [76, 90], "uv_size": [23.5, 0.5]},
								"south": {"uv": [110, 92], "uv_size": [2, 0.5]},
								"west": {"uv": [91, 37], "uv_size": [23.5, 0.5]},
								"up": {"uv": [32, 50], "uv_size": [2, 23.5]},
								"down": {"uv": [16, 85.5], "uv_size": [2, -23.5]}
							}
						},
						{
							"origin": [-1.1, 26.4, -7.9],
							"size": [2.1, 0.75, 1],
							"uv": {
								"north": {"uv": [0, 107], "uv_size": [2, 1]},
								"east": {"uv": [104, 110], "uv_size": [1, 1]},
								"south": {"uv": [3, 107], "uv_size": [2, 1]},
								"west": {"uv": [106, 110], "uv_size": [1, 1]},
								"up": {"uv": [107, 17], "uv_size": [2, 1]},
								"down": {"uv": [107, 20], "uv_size": [2, -1]}
							}
						},
						{
							"origin": [-2.1, 18, -3.8],
							"size": [4.1, 2, 2],
							"uv": {
								"north": {"uv": [95, 20], "uv_size": [4, 2]},
								"east": {"uv": [89, 100], "uv_size": [2, 2]},
								"south": {"uv": [71, 95], "uv_size": [4, 2]},
								"west": {"uv": [96, 100], "uv_size": [2, 2]},
								"up": {"uv": [76, 95], "uv_size": [4, 2]},
								"down": {"uv": [81, 97], "uv_size": [4, -2]}
							}
						},
						{
							"origin": [-0.8, 24, -61.8],
							"size": [1.5, 1.5, 58],
							"pivot": [0, 24.75, -4.8],
							"rotation": [0, 0, 45],
							"uv": {
								"north": {"uv": [105, 46], "uv_size": [1.5, 1.5]},
								"east": {"uv": [41, 51], "uv_size": [58, 1.5]},
								"south": {"uv": [105, 61], "uv_size": [1.5, 1.5]},
								"west": {"uv": [53, 24], "uv_size": [58, 1.5]},
								"up": {"uv": [20, 50], "uv_size": [1.5, 58]},
								"down": {"uv": [23, 108], "uv_size": [1.5, -58]}
							}
						},
						{
							"origin": [-0.55, 24, -52.8],
							"size": [1, 6, 0.75],
							"uv": {
								"north": {"uv": [52, 97], "uv_size": [1, 6]},
								"east": {"uv": [54, 97], "uv_size": [1, 6]},
								"south": {"uv": [58, 97], "uv_size": [1, 6]},
								"west": {"uv": [60, 97], "uv_size": [1, 6]},
								"up": {"uv": [79, 110], "uv_size": [1, 1]},
								"down": {"uv": [93, 111], "uv_size": [1, -1]}
							}
						},
						{
							"origin": [-0.65, 30, -52.8],
							"size": [1.2, 1.5, 1.75],
							"uv": {
								"north": {"uv": [108, 60], "uv_size": [1, 1.5]},
								"east": {"uv": [103, 43], "uv_size": [2, 1.5]},
								"south": {"uv": [108, 63], "uv_size": [1, 1.5]},
								"west": {"uv": [45, 103], "uv_size": [2, 1.5]},
								"up": {"uv": [26, 106], "uv_size": [1, 2]},
								"down": {"uv": [64, 108], "uv_size": [1, -2]}
							}
						},
						{
							"origin": [-0.15, 31.5, -52.8],
							"size": [0.2, 0.5, 0.75],
							"uv": {
								"north": {"uv": [113, 10], "uv_size": [0.5, 0.5]},
								"east": {"uv": [112, 16], "uv_size": [1, 0.5]},
								"south": {"uv": [113, 12], "uv_size": [0.5, 0.5]},
								"west": {"uv": [112, 18], "uv_size": [1, 0.5]},
								"up": {"uv": [112, 20], "uv_size": [0.5, 1]},
								"down": {"uv": [112, 23], "uv_size": [0.5, -1]}
							}
						},
						{
							"origin": [-0.55, 24, -50.8],
							"size": [1, 7.5, 0.75],
							"pivot": [-0.05, 27.75, -50.425],
							"rotation": [20, 0, 0],
							"uv": {
								"north": {"uv": [63, 96], "uv_size": [1, 7.5]},
								"east": {"uv": [15, 97], "uv_size": [1, 7.5]},
								"south": {"uv": [17, 97], "uv_size": [1, 7.5]},
								"west": {"uv": [26, 97], "uv_size": [1, 7.5]},
								"up": {"uv": [95, 110], "uv_size": [1, 1]},
								"down": {"uv": [97, 111], "uv_size": [1, -1]}
							}
						},
						{
							"origin": [-0.55, 26.4, -28.55],
							"size": [2, 0.1, 22.5],
							"pivot": [0, 24.75, -4.8],
							"rotation": [0, 0, 45],
							"uv": {
								"north": {"uv": [110, 72], "uv_size": [2, 0.5]},
								"east": {"uv": [91, 39], "uv_size": [22.5, 0.5]},
								"south": {"uv": [110, 78], "uv_size": [2, 0.5]},
								"west": {"uv": [91, 41], "uv_size": [22.5, 0.5]},
								"up": {"uv": [41, 66], "uv_size": [2, 22.5]},
								"down": {"uv": [44, 88.5], "uv_size": [2, -22.5]}
							}
						},
						{
							"origin": [-1.45, 26.4, -28.55],
							"size": [2, 0.1, 22.5],
							"pivot": [0, 24.75, -4.8],
							"rotation": [0, 0, -45],
							"uv": {
								"north": {"uv": [83, 110], "uv_size": [2, 0.5]},
								"east": {"uv": [91, 54], "uv_size": [22.5, 0.5]},
								"south": {"uv": [110, 86], "uv_size": [2, 0.5]},
								"west": {"uv": [91, 56], "uv_size": [22.5, 0.5]},
								"up": {"uv": [60, 70], "uv_size": [2, 22.5]},
								"down": {"uv": [70, 83.5], "uv_size": [2, -22.5]}
							}
						},
						{
							"origin": [-1.3, 23.25, -38.55],
							"size": [2.5, 3, 1.5],
							"uv": {
								"north": {"uv": [93, 95], "uv_size": [2.5, 3]},
								"east": {"uv": [8, 100], "uv_size": [1.5, 3]},
								"south": {"uv": [96, 14], "uv_size": [2.5, 3]},
								"west": {"uv": [100, 20], "uv_size": [1.5, 3]},
								"up": {"uv": [71, 102], "uv_size": [2.5, 1.5]},
								"down": {"uv": [75, 103.5], "uv_size": [2.5, -1.5]}
							}
						},
						{
							"origin": [-0.55, 19.5, -38.3],
							"size": [1, 3.75, 1],
							"pivot": [-0.05, 21.375, -37.8],
							"rotation": [0, 45, 0],
							"uv": {
								"north": {"uv": [38, 100], "uv_size": [1, 4]},
								"east": {"uv": [82, 100], "uv_size": [1, 4]},
								"south": {"uv": [99, 100], "uv_size": [1, 4]},
								"west": {"uv": [101, 100], "uv_size": [1, 4]},
								"up": {"uv": [110, 68], "uv_size": [1, 1]},
								"down": {"uv": [110, 71], "uv_size": [1, -1]}
							}
						},
						{
							"origin": [-1.3, 20.25, -43.05],
							"size": [2.5, 6, 1.5],
							"uv": {
								"north": {"uv": [16, 87], "uv_size": [2.5, 6]},
								"east": {"uv": [0, 93], "uv_size": [1.5, 6]},
								"south": {"uv": [87, 54], "uv_size": [2.5, 6]},
								"west": {"uv": [8, 93], "uv_size": [1.5, 6]},
								"up": {"uv": [103, 18], "uv_size": [2.5, 1.5]},
								"down": {"uv": [103, 22.5], "uv_size": [2.5, -1.5]}
							}
						},
						{
							"origin": [-0.8, 21.25, -49.8],
							"size": [1.5, 1.5, 46],
							"pivot": [0, 22, -4.8],
							"rotation": [0, 0, 45],
							"uv": {
								"north": {"uv": [81, 105], "uv_size": [1.5, 1.5]},
								"east": {"uv": [53, 27], "uv_size": [46, 1.5]},
								"south": {"uv": [84, 105], "uv_size": [1.5, 1.5]},
								"west": {"uv": [53, 30], "uv_size": [46, 1.5]},
								"up": {"uv": [26, 50], "uv_size": [1.5, 46]},
								"down": {"uv": [29, 96], "uv_size": [1.5, -46]}
							}
						},
						{
							"origin": [-2.5, 15, 31.2],
							"size": [4.65, 13, 2],
							"uv": {
								"north": {"uv": [10, 62], "uv_size": [4.5, 13]},
								"east": {"uv": [67, 70], "uv_size": [2, 13]},
								"south": {"uv": [63, 0], "uv_size": [4.5, 13]},
								"west": {"uv": [37, 76], "uv_size": [2, 13]},
								"up": {"uv": [93, 71], "uv_size": [4.5, 2]},
								"down": {"uv": [93, 94], "uv_size": [4.5, -2]}
							}
						},
						{
							"origin": [-2.35, 15, 28.95],
							"size": [4.35, 4.25, 2.25],
							"uv": {
								"north": {"uv": [83, 77], "uv_size": [4.5, 4]},
								"east": {"uv": [92, 15], "uv_size": [2.5, 4]},
								"south": {"uv": [52, 84], "uv_size": [4.5, 4]},
								"west": {"uv": [92, 46], "uv_size": [2.5, 4]},
								"up": {"uv": [32, 90], "uv_size": [4.5, 2.5]},
								"down": {"uv": [38, 92.5], "uv_size": [4.5, -2.5]}
							}
						},
						{
							"origin": [-2.35, 19.25, 22.2],
							"size": [4.35, 5.75, 9],
							"uv": {
								"north": {"uv": [77, 68], "uv_size": [4.5, 6]},
								"east": {"uv": [61, 14], "uv_size": [9, 6]},
								"south": {"uv": [77, 75], "uv_size": [4.5, 6]},
								"west": {"uv": [60, 63], "uv_size": [9, 6]},
								"up": {"uv": [69, 37], "uv_size": [4.5, 9]},
								"down": {"uv": [71, 20], "uv_size": [4.5, -9]}
							}
						},
						{
							"origin": [-2.35, 25, 26.2],
							"size": [4.35, 2, 5],
							"uv": {
								"north": {"uv": [93, 11], "uv_size": [4.5, 2]},
								"east": {"uv": [92, 65], "uv_size": [5, 2]},
								"south": {"uv": [93, 33], "uv_size": [4.5, 2]},
								"west": {"uv": [92, 68], "uv_size": [5, 2]},
								"up": {"uv": [82, 18], "uv_size": [4.5, 5]},
								"down": {"uv": [73, 87], "uv_size": [4.5, -5]}
							}
						},
						{
							"origin": [-2.25, 25, 26.45],
							"size": [4.15, 3, 4.75],
							"pivot": [0, 28, 31.2],
							"rotation": [12.5, 0, 0],
							"uv": {
								"north": {"uv": [87, 82], "uv_size": [4, 3]},
								"east": {"uv": [86, 47], "uv_size": [5, 3]},
								"south": {"uv": [88, 33], "uv_size": [4, 3]},
								"west": {"uv": [79, 86], "uv_size": [5, 3]},
								"up": {"uv": [32, 84], "uv_size": [4, 5]},
								"down": {"uv": [47, 89], "uv_size": [4, -5]}
							}
						},
						{
							"origin": [1.4, 27, -2.8],
							"size": [0.6, 1, 2],
							"uv": {
								"north": {"uv": [112, 68], "uv_size": [0.5, 1]},
								"east": {"uv": [107, 71], "uv_size": [2, 1]},
								"south": {"uv": [112, 70], "uv_size": [0.5, 1]},
								"west": {"uv": [107, 79], "uv_size": [2, 1]},
								"up": {"uv": [18, 111], "uv_size": [0.5, 2]},
								"down": {"uv": [20, 113], "uv_size": [0.5, -2]}
							}
						},
						{
							"origin": [-2.35, 27.25, -2.05],
							"size": [4.6, 0.5, 0.5],
							"pivot": [-0.05, 27.5, -1.8],
							"rotation": [45, 0, 0],
							"uv": {
								"north": {"uv": [105, 52], "uv_size": [4.5, 0.5]},
								"east": {"uv": [113, 86], "uv_size": [0.5, 0.5]},
								"south": {"uv": [105, 74], "uv_size": [4.5, 0.5]},
								"west": {"uv": [87, 113], "uv_size": [0.5, 0.5]},
								"up": {"uv": [105, 84], "uv_size": [4.5, 0.5]},
								"down": {"uv": [106, 4.5], "uv_size": [4.5, -0.5]}
							}
						},
						{
							"origin": [-2.1, 27, -2.8],
							"size": [0.6, 1, 2],
							"uv": {
								"north": {"uv": [112, 76], "uv_size": [0.5, 1]},
								"east": {"uv": [107, 90], "uv_size": [2, 1]},
								"south": {"uv": [79, 112], "uv_size": [0.5, 1]},
								"west": {"uv": [107, 92], "uv_size": [2, 1]},
								"up": {"uv": [22, 111], "uv_size": [0.5, 2]},
								"down": {"uv": [24, 113], "uv_size": [0.5, -2]}
							}
						},
						{
							"origin": [-1.35, 27, -5.3],
							"size": [2.6, 1, 0.5],
							"uv": {
								"north": {"uv": [105, 33], "uv_size": [2.5, 1]},
								"east": {"uv": [104, 112], "uv_size": [0.5, 1]},
								"south": {"uv": [105, 35], "uv_size": [2.5, 1]},
								"west": {"uv": [112, 104], "uv_size": [0.5, 1]},
								"up": {"uv": [109, 35], "uv_size": [2.5, 0.5]},
								"down": {"uv": [109, 43.5], "uv_size": [2.5, -0.5]}
							}
						},
						{
							"origin": [-1.3, 11.95, 5.6],
							"size": [2.5, 6.25, 1.45],
							"pivot": [0, 17.85, 4.85],
							"rotation": [90, 0, 0],
							"uv": {
								"north": {"uv": [0, 85], "uv_size": [2.5, 6.5]},
								"east": {"uv": [87, 92], "uv_size": [1.5, 6.5]},
								"south": {"uv": [8, 85], "uv_size": [2.5, 6.5]},
								"west": {"uv": [90, 92], "uv_size": [1.5, 6.5]},
								"up": {"uv": [101, 94], "uv_size": [2.5, 1.5]},
								"down": {"uv": [102, 66.5], "uv_size": [2.5, -1.5]}
							}
						},
						{
							"origin": [-2.6, 26, -5.3],
							"size": [1.1, 2, 1],
							"uv": {
								"north": {"uv": [10, 106], "uv_size": [1, 2]},
								"east": {"uv": [12, 106], "uv_size": [1, 2]},
								"south": {"uv": [106, 12], "uv_size": [1, 2]},
								"west": {"uv": [14, 106], "uv_size": [1, 2]},
								"up": {"uv": [46, 110], "uv_size": [1, 1]},
								"down": {"uv": [48, 111], "uv_size": [1, -1]}
							}
						},
						{
							"origin": [1.4, 26, -5.3],
							"size": [1.1, 2, 1],
							"uv": {
								"north": {"uv": [69, 11], "uv_size": [1, 2]},
								"east": {"uv": [71, 85], "uv_size": [1, 2]},
								"south": {"uv": [98, 105], "uv_size": [1, 2]},
								"west": {"uv": [100, 105], "uv_size": [1, 2]},
								"up": {"uv": [42, 110], "uv_size": [1, 1]},
								"down": {"uv": [44, 111], "uv_size": [1, -1]}
							}
						},
						{
							"origin": [-2.6, 25, -5.8],
							"size": [5.1, 1, 3],
							"uv": {
								"north": {"uv": [99, 35], "uv_size": [5, 1]},
								"east": {"uv": [66, 61], "uv_size": [3, 1]},
								"south": {"uv": [99, 70], "uv_size": [5, 1]},
								"west": {"uv": [73, 80], "uv_size": [3, 1]},
								"up": {"uv": [85, 86], "uv_size": [5, 3]},
								"down": {"uv": [87, 14], "uv_size": [5, -3]}
							}
						},
						{
							"origin": [-2.1, 25, -2.8],
							"size": [4.1, 2, 2],
							"uv": {
								"north": {"uv": [15, 94], "uv_size": [4, 2]},
								"east": {"uv": [100, 49], "uv_size": [2, 2]},
								"south": {"uv": [32, 94], "uv_size": [4, 2]},
								"west": {"uv": [100, 76], "uv_size": [2, 2]},
								"up": {"uv": [37, 94], "uv_size": [4, 2]},
								"down": {"uv": [50, 96], "uv_size": [4, -2]}
							}
						},
						{
							"origin": [-1.1, 28.5, 31.95],
							"size": [2.1, 1, 0.5],
							"uv": {
								"north": {"uv": [102, 106], "uv_size": [2, 1]},
								"east": {"uv": [43, 112], "uv_size": [0.5, 1]},
								"south": {"uv": [105, 106], "uv_size": [2, 1]},
								"west": {"uv": [45, 112], "uv_size": [0.5, 1]},
								"up": {"uv": [101, 110], "uv_size": [2, 0.5]},
								"down": {"uv": [110, 102.5], "uv_size": [2, -0.5]}
							}
						},
						{
							"origin": [-0.6, 28, 31.95],
							"size": [1.1, 0.5, 0.5],
							"uv": {
								"north": {"uv": [112, 24], "uv_size": [1, 0.5]},
								"east": {"uv": [70, 113], "uv_size": [0.5, 0.5]},
								"south": {"uv": [32, 112], "uv_size": [1, 0.5]},
								"west": {"uv": [72, 113], "uv_size": [0.5, 0.5]},
								"up": {"uv": [39, 112], "uv_size": [1, 0.5]},
								"down": {"uv": [41, 112.5], "uv_size": [1, -0.5]}
							}
						},
						{
							"origin": [-2.15, 15, 21.95],
							"size": [4.05, 3.25, 7],
							"pivot": [0, 15, 28.95],
							"rotation": [-40, 0, 0],
							"uv": {
								"north": {"uv": [71, 88], "uv_size": [4, 3]},
								"east": {"uv": [81, 43], "uv_size": [7, 3]},
								"south": {"uv": [88, 71], "uv_size": [4, 3]},
								"west": {"uv": [79, 82], "uv_size": [7, 3]},
								"up": {"uv": [32, 76], "uv_size": [4, 7]},
								"down": {"uv": [77, 18], "uv_size": [4, -7]}
							}
						}
					]
				},
				{
					"name": "sighta",
					"parent": "gun",
					"pivot": [-0.05, 27.5, -4.8],
					"cubes": [
						{
							"origin": [-1.35, 30, -4.8],
							"size": [0.25, 5, 0.5],
							"uv": {
								"north": {"uv": [67, 105], "uv_size": [0.5, 5]},
								"east": {"uv": [105, 68], "uv_size": [0.5, 5]},
								"south": {"uv": [71, 105], "uv_size": [0.5, 5]},
								"west": {"uv": [73, 105], "uv_size": [0.5, 5]},
								"up": {"uv": [113, 28], "uv_size": [0.5, 0.5]},
								"down": {"uv": [30, 113.5], "uv_size": [0.5, -0.5]}
							}
						},
						{
							"origin": [-1.35, 35, -4.8],
							"size": [2.6, 0.25, 0.5],
							"uv": {
								"north": {"uv": [22, 109], "uv_size": [2.5, 0.5]},
								"east": {"uv": [113, 30], "uv_size": [0.5, 0.5]},
								"south": {"uv": [109, 29], "uv_size": [2.5, 0.5]},
								"west": {"uv": [113, 32], "uv_size": [0.5, 0.5]},
								"up": {"uv": [109, 31], "uv_size": [2.5, 0.5]},
								"down": {"uv": [109, 33.5], "uv_size": [2.5, -0.5]}
							}
						},
						{
							"origin": [1, 30, -4.8],
							"size": [0.25, 5, 0.5],
							"uv": {
								"north": {"uv": [93, 104], "uv_size": [0.5, 5]},
								"east": {"uv": [6, 105], "uv_size": [0.5, 5]},
								"south": {"uv": [38, 105], "uv_size": [0.5, 5]},
								"west": {"uv": [62, 105], "uv_size": [0.5, 5]},
								"up": {"uv": [113, 26], "uv_size": [0.5, 0.5]},
								"down": {"uv": [28, 113.5], "uv_size": [0.5, -0.5]}
							}
						},
						{
							"origin": [-1.35, 27, -4.8],
							"size": [2.6, 3, 0.5],
							"uv": {
								"north": {"uv": [96, 43], "uv_size": [2.5, 3]},
								"east": {"uv": [69, 108], "uv_size": [0.5, 3]},
								"south": {"uv": [96, 47], "uv_size": [2.5, 3]},
								"west": {"uv": [81, 108], "uv_size": [0.5, 3]},
								"up": {"uv": [14, 109], "uv_size": [2.5, 0.5]},
								"down": {"uv": [18, 109.5], "uv_size": [2.5, -0.5]}
							}
						},
						{
							"origin": [-1.5, 29, -5.05],
							"size": [1, 0.5, 1],
							"pivot": [-1, 29.25, -4.55],
							"rotation": [0, 45, 0],
							"uv": {
								"north": {"uv": [112, 98], "uv_size": [1, 0.5]},
								"east": {"uv": [100, 112], "uv_size": [1, 0.5]},
								"south": {"uv": [112, 100], "uv_size": [1, 0.5]},
								"west": {"uv": [102, 112], "uv_size": [1, 0.5]},
								"up": {"uv": [30, 111], "uv_size": [1, 1]},
								"down": {"uv": [34, 112], "uv_size": [1, -1]}
							}
						},
						{
							"origin": [-2.85, 27.25, -5.05],
							"size": [5.6, 0.5, 0.5],
							"pivot": [-0.05, 27.5, -4.8],
							"rotation": [-45, 0, 0],
							"uv": {
								"north": {"uv": [103, 100], "uv_size": [5.5, 0.5]},
								"east": {"uv": [113, 14], "uv_size": [0.5, 0.5]},
								"south": {"uv": [103, 102], "uv_size": [5.5, 0.5]},
								"west": {"uv": [26, 113], "uv_size": [0.5, 0.5]},
								"up": {"uv": [104, 0], "uv_size": [5.5, 0.5]},
								"down": {"uv": [104, 2.5], "uv_size": [5.5, -0.5]}
							}
						}
					]
				},
				{
					"name": "sightb",
					"parent": "sighta",
					"pivot": [-0.05, 31, -4.55],
					"cubes": [
						{
							"origin": [-0.85, 31.5, -4.3],
							"size": [0.6, 0.5, 0.25],
							"uv": {
								"north": {"uv": [51, 113], "uv_size": [0.5, 0.5]},
								"east": {"uv": [53, 113], "uv_size": [0.5, 0.5]},
								"south": {"uv": [55, 113], "uv_size": [0.5, 0.5]},
								"west": {"uv": [62, 113], "uv_size": [0.5, 0.5]},
								"up": {"uv": [64, 113], "uv_size": [0.5, 0.5]},
								"down": {"uv": [66, 113.5], "uv_size": [0.5, -0.5]}
							}
						},
						{
							"origin": [0.15, 31.5, -4.3],
							"size": [0.6, 0.5, 0.25],
							"uv": {
								"north": {"uv": [34, 113], "uv_size": [0.5, 0.5]},
								"east": {"uv": [113, 34], "uv_size": [0.5, 0.5]},
								"south": {"uv": [36, 113], "uv_size": [0.5, 0.5]},
								"west": {"uv": [113, 43], "uv_size": [0.5, 0.5]},
								"up": {"uv": [113, 45], "uv_size": [0.5, 0.5]},
								"down": {"uv": [113, 47.5], "uv_size": [0.5, -0.5]}
							}
						},
						{
							"origin": [-1.6, 30.5, -5.05],
							"size": [3.1, 1, 1],
							"uv": {
								"north": {"uv": [101, 84], "uv_size": [3, 1]},
								"east": {"uv": [99, 110], "uv_size": [1, 1]},
								"south": {"uv": [101, 90], "uv_size": [3, 1]},
								"west": {"uv": [110, 100], "uv_size": [1, 1]},
								"up": {"uv": [103, 50], "uv_size": [3, 1]},
								"down": {"uv": [103, 80], "uv_size": [3, -1]}
							}
						},
						{
							"origin": [-2.1, 30.5, -5.05],
							"size": [0.5, 1, 1],
							"pivot": [-0.05, 31, -4.55],
							"rotation": [-45, 0, 0],
							"uv": {
								"north": {"uv": [112, 94], "uv_size": [0.5, 1]},
								"east": {"uv": [26, 111], "uv_size": [1, 1]},
								"south": {"uv": [96, 112], "uv_size": [0.5, 1]},
								"west": {"uv": [28, 111], "uv_size": [1, 1]},
								"up": {"uv": [112, 96], "uv_size": [0.5, 1]},
								"down": {"uv": [98, 113], "uv_size": [0.5, -1]}
							}
						}
					]
				},
				{
					"name": "handle",
					"parent": "gun",
					"pivot": [-0.05, 26.775, -6.9],
					"cubes": [
						{
							"origin": [-0.35, 26.65, -14.4],
							"size": [0.6, 0.25, 8],
							"uv": {
								"north": {"uv": [76, 113], "uv_size": [0.5, 0.5]},
								"east": {"uv": [100, 82], "uv_size": [8, 0.5]},
								"south": {"uv": [113, 78], "uv_size": [0.5, 0.5]},
								"west": {"uv": [100, 88], "uv_size": [8, 0.5]},
								"up": {"uv": [28, 102], "uv_size": [0.5, 8]},
								"down": {"uv": [30, 110], "uv_size": [0.5, -8]}
							}
						},
						{
							"origin": [3.55, 26.65, -14.4],
							"size": [0.6, 0.25, 2],
							"uv": {
								"north": {"uv": [113, 84], "uv_size": [0.5, 0.5]},
								"east": {"uv": [108, 110], "uv_size": [2, 0.5]},
								"south": {"uv": [85, 113], "uv_size": [0.5, 0.5]},
								"west": {"uv": [111, 0], "uv_size": [2, 0.5]},
								"up": {"uv": [4, 111], "uv_size": [0.5, 2]},
								"down": {"uv": [6, 113], "uv_size": [0.5, -2]}
							}
						},
						{
							"origin": [3.3, 26.4, -12.4],
							"size": [1.1, 0.75, 6],
							"uv": {
								"north": {"uv": [111, 2], "uv_size": [1, 1]},
								"east": {"uv": [98, 68], "uv_size": [6, 1]},
								"south": {"uv": [8, 111], "uv_size": [1, 1]},
								"west": {"uv": [98, 74], "uv_size": [6, 1]},
								"up": {"uv": [6, 98], "uv_size": [1, 6]},
								"down": {"uv": [98, 82], "uv_size": [1, -6]}
							}
						},
						{
							"origin": [0.25, 26.65, -14.4],
							"size": [3.3, 0.25, 0.6],
							"uv": {
								"north": {"uv": [108, 12], "uv_size": [3.5, 0.5]},
								"east": {"uv": [113, 80], "uv_size": [0.5, 0.5]},
								"south": {"uv": [108, 14], "uv_size": [3.5, 0.5]},
								"west": {"uv": [113, 82], "uv_size": [0.5, 0.5]},
								"up": {"uv": [108, 27], "uv_size": [3.5, 0.5]},
								"down": {"uv": [40, 108.5], "uv_size": [3.5, -0.5]}
							}
						}
					]
				},
				{
					"name": "bipodr",
					"parent": "gun",
					"pivot": [0.85, 23.2778, -55.3],
					"cubes": [
						{
							"origin": [-0.15, 22.77776, -56.8],
							"size": [2, 1, 3],
							"pivot": [0.85, 23.27776, -55.3],
							"rotation": [0, 0, 60],
							"uv": {
								"north": {"uv": [103, 58], "uv_size": [2, 1.5]},
								"east": {"uv": [100, 15], "uv_size": [3, 1.5]},
								"south": {"uv": [103, 76], "uv_size": [2, 1.5]},
								"west": {"uv": [100, 27], "uv_size": [3, 1.5]},
								"up": {"uv": [71, 98], "uv_size": [2, 3]},
								"down": {"uv": [74, 101], "uv_size": [2, -3]}
							}
						},
						{
							"origin": [8.7, 6.25, -57.8],
							"size": [2.5, 1, 5],
							"uv": {
								"north": {"uv": [0, 105], "uv_size": [2.5, 1]},
								"east": {"uv": [100, 4], "uv_size": [5, 1]},
								"south": {"uv": [105, 10], "uv_size": [2.5, 1]},
								"west": {"uv": [100, 13], "uv_size": [5, 1]},
								"up": {"uv": [88, 15], "uv_size": [2.5, 5]},
								"down": {"uv": [88, 70], "uv_size": [2.5, -5]}
							}
						},
						{
							"origin": [2.7, 24.65, -56.55],
							"size": [18, 0.2, 2.5],
							"pivot": [0, 24.75, -4.8],
							"rotation": [0, 0, 60],
							"uv": {
								"north": {"uv": [85, 0], "uv_size": [18, 1]},
								"east": {"uv": [50, 104], "uv_size": [2.5, 1]},
								"south": {"uv": [85, 2], "uv_size": [18, 1]},
								"west": {"uv": [58, 104], "uv_size": [2.5, 1]},
								"up": {"uv": [69, 7], "uv_size": [18, 2.5]},
								"down": {"uv": [69, 35.5], "uv_size": [18, -2.5]}
							}
						}
					]
				},
				{
					"name": "bipodl",
					"parent": "gun",
					"pivot": [-1.1348, 23.3845, -55.3],
					"cubes": [
						{
							"origin": [-1.63481, 22.38446, -56.8],
							"size": [1, 2, 3],
							"pivot": [-1.13481, 23.38446, -55.3],
							"rotation": [0, 0, 30],
							"uv": {
								"north": {"uv": [106, 64], "uv_size": [1, 2]},
								"east": {"uv": [97, 95], "uv_size": [3, 2]},
								"south": {"uv": [106, 76], "uv_size": [1, 2]},
								"west": {"uv": [98, 65], "uv_size": [3, 2]},
								"up": {"uv": [50, 90], "uv_size": [1, 3]},
								"down": {"uv": [103, 49], "uv_size": [1, -3]}
							}
						},
						{
							"origin": [-0.3, 4, -56.55],
							"size": [0, 18, 2.5],
							"pivot": [0, 24.75, -4.8],
							"rotation": [0, 0, 30],
							"uv": {
								"north": {"uv": [58, 75], "uv_size": [1, 18]},
								"east": {"uv": [63, 70], "uv_size": [2.5, 18]},
								"south": {"uv": [6, 79], "uv_size": [1, 18]},
								"west": {"uv": [73, 61], "uv_size": [2.5, 18]},
								"up": {"uv": [54, 104], "uv_size": [1, 2.5]},
								"down": {"uv": [69, 106.5], "uv_size": [1, -2.5]}
							}
						},
						{
							"origin": [-11.8, 6.25, -57.8],
							"size": [2.5, 1, 5],
							"uv": {
								"north": {"uv": [104, 97], "uv_size": [2.5, 1]},
								"east": {"uv": [99, 72], "uv_size": [5, 1]},
								"south": {"uv": [103, 104], "uv_size": [2.5, 1]},
								"west": {"uv": [99, 92], "uv_size": [5, 1]},
								"up": {"uv": [87, 37], "uv_size": [2.5, 5]},
								"down": {"uv": [88, 9], "uv_size": [2.5, -5]}
							}
						}
					]
				},
				{
					"name": "cover",
					"parent": "gun",
					"pivot": [0.67219, 27.46826, -1.79638],
					"cubes": [
						{
							"origin": [-2.1, 27, -0.8],
							"size": [5.1, 1, 11],
							"uv": {
								"north": {"uv": [99, 11], "uv_size": [5, 1]},
								"east": {"uv": [91, 58], "uv_size": [11, 1]},
								"south": {"uv": [99, 33], "uv_size": [5, 1]},
								"west": {"uv": [91, 86], "uv_size": [11, 1]},
								"up": {"uv": [48, 63], "uv_size": [5, 11]},
								"down": {"uv": [54, 74], "uv_size": [5, -11]}
							}
						},
						{
							"origin": [-1.6, 28, 0.2],
							"size": [4.1, 0.25, 6],
							"uv": {
								"north": {"uv": [107, 94], "uv_size": [4, 0.5]},
								"east": {"uv": [86, 103], "uv_size": [6, 0.5]},
								"south": {"uv": [107, 104], "uv_size": [4, 0.5]},
								"west": {"uv": [103, 86], "uv_size": [6, 0.5]},
								"up": {"uv": [82, 11], "uv_size": [4, 6]},
								"down": {"uv": [82, 60], "uv_size": [4, -6]}
							}
						},
						{
							"origin": [-1.1, 28.25, 1.2],
							"size": [3.1, 0.25, 4],
							"uv": {
								"north": {"uv": [108, 98], "uv_size": [3, 0.5]},
								"east": {"uv": [108, 6], "uv_size": [4, 0.5]},
								"south": {"uv": [102, 108], "uv_size": [3, 0.5]},
								"west": {"uv": [108, 8], "uv_size": [4, 0.5]},
								"up": {"uv": [78, 19], "uv_size": [3, 4]},
								"down": {"uv": [52, 93], "uv_size": [3, -4]}
							}
						},
						{
							"origin": [-1.1, 28, 6.2],
							"size": [1.1, 0.5, 2],
							"uv": {
								"north": {"uv": [106, 112], "uv_size": [1, 0.5]},
								"east": {"uv": [36, 111], "uv_size": [2, 0.5]},
								"south": {"uv": [108, 112], "uv_size": [1, 0.5]},
								"west": {"uv": [111, 51], "uv_size": [2, 0.5]},
								"up": {"uv": [32, 107], "uv_size": [1, 2]},
								"down": {"uv": [79, 109], "uv_size": [1, -2]}
							}
						},
						{
							"origin": [-0.05, 28, 6.7],
							"size": [1.55, 0.4, 1],
							"uv": {
								"north": {"uv": [74, 111], "uv_size": [1.5, 0.5]},
								"east": {"uv": [110, 112], "uv_size": [1, 0.5]},
								"south": {"uv": [111, 74], "uv_size": [1.5, 0.5]},
								"west": {"uv": [112, 112], "uv_size": [1, 0.5]},
								"up": {"uv": [106, 108], "uv_size": [1.5, 1]},
								"down": {"uv": [108, 107], "uv_size": [1.5, -1]}
							}
						},
						{
							"origin": [-1.5, 27, -2.8],
							"size": [0.6, 1, 2],
							"uv": {
								"north": {"uv": [112, 62], "uv_size": [0.5, 1]},
								"east": {"uv": [107, 21], "uv_size": [2, 1]},
								"south": {"uv": [112, 64], "uv_size": [0.5, 1]},
								"west": {"uv": [107, 49], "uv_size": [2, 1]},
								"up": {"uv": [10, 111], "uv_size": [0.5, 2]},
								"down": {"uv": [12, 113], "uv_size": [0.5, -2]}
							}
						},
						{
							"origin": [0.8, 27, -2.8],
							"size": [0.6, 1, 2],
							"uv": {
								"north": {"uv": [112, 66], "uv_size": [0.5, 1]},
								"east": {"uv": [107, 67], "uv_size": [2, 1]},
								"south": {"uv": [68, 112], "uv_size": [0.5, 1]},
								"west": {"uv": [107, 69], "uv_size": [2, 1]},
								"up": {"uv": [14, 111], "uv_size": [0.5, 2]},
								"down": {"uv": [16, 113], "uv_size": [0.5, -2]}
							}
						},
						{
							"origin": [-2.1, 25, 10.2],
							"size": [4.1, 2, 16],
							"uv": {
								"north": {"uv": [58, 94], "uv_size": [4, 2]},
								"east": {"uv": [61, 21], "uv_size": [16, 2]},
								"south": {"uv": [95, 4], "uv_size": [4, 2]},
								"west": {"uv": [69, 47], "uv_size": [16, 2]},
								"up": {"uv": [0, 62], "uv_size": [4, 16]},
								"down": {"uv": [5, 78], "uv_size": [4, -16]}
							}
						},
						{
							"origin": [-2.35, 25.75, 18.2],
							"size": [4.6, 1.5, 8],
							"uv": {
								"north": {"uv": [34, 97], "uv_size": [4.5, 1.5]},
								"east": {"uv": [89, 75], "uv_size": [8, 1.5]},
								"south": {"uv": [44, 97], "uv_size": [4.5, 1.5]},
								"west": {"uv": [89, 78], "uv_size": [8, 1.5]},
								"up": {"uv": [75, 37], "uv_size": [4.5, 8]},
								"down": {"uv": [47, 83], "uv_size": [4.5, -8]}
							}
						},
						{
							"origin": [-2.1, 25, 5.2],
							"size": [5.1, 2, 5],
							"uv": {
								"north": {"uv": [69, 92], "uv_size": [5, 2]},
								"east": {"uv": [75, 92], "uv_size": [5, 2]},
								"south": {"uv": [81, 92], "uv_size": [5, 2]},
								"west": {"uv": [92, 81], "uv_size": [5, 2]},
								"up": {"uv": [79, 0], "uv_size": [5, 5]},
								"down": {"uv": [81, 42], "uv_size": [5, -5]}
							}
						},
						{
							"origin": [-2, 27, 10.2],
							"size": [4.1, 1, 8],
							"pivot": [0, 28, 10.2],
							"rotation": [-7.5, 0, 0],
							"uv": {
								"north": {"uv": [100, 52], "uv_size": [4, 1]},
								"east": {"uv": [91, 88], "uv_size": [8, 1]},
								"south": {"uv": [77, 100], "uv_size": [4, 1]},
								"west": {"uv": [92, 84], "uv_size": [8, 1]},
								"up": {"uv": [53, 75], "uv_size": [4, 8]},
								"down": {"uv": [10, 84], "uv_size": [4, -8]}
							}
						},
						{
							"origin": [2, 27, 10.2],
							"size": [1, 1, 8],
							"pivot": [3.5, 28, 10.2],
							"rotation": [-7.5, -9.5, 0],
							"uv": {
								"north": {"uv": [110, 49], "uv_size": [1, 1]},
								"east": {"uv": [95, 7], "uv_size": [8, 1]},
								"south": {"uv": [50, 110], "uv_size": [1, 1]},
								"west": {"uv": [95, 9], "uv_size": [8, 1]},
								"up": {"uv": [42, 94], "uv_size": [1, 8]},
								"down": {"uv": [69, 103], "uv_size": [1, -8]}
							}
						},
						{
							"origin": [2, 25, 10.2],
							"size": [1, 2, 6],
							"pivot": [3.5, 28, 10.2],
							"rotation": [0, -10, 0],
							"uv": {
								"north": {"uv": [16, 106], "uv_size": [1, 2]},
								"east": {"uv": [88, 21], "uv_size": [6, 2]},
								"south": {"uv": [18, 106], "uv_size": [1, 2]},
								"west": {"uv": [89, 43], "uv_size": [6, 2]},
								"up": {"uv": [40, 97], "uv_size": [1, 6]},
								"down": {"uv": [50, 103], "uv_size": [1, -6]}
							}
						}
					]
				},
				{
					"name": "chargehandle",
					"parent": "gun",
					"pivot": [0.05, 25.85, -13.3],
					"cubes": [
						{
							"origin": [-2.15, 20.5, 1.2],
							"size": [0.1, 1, 21],
							"uv": {
								"north": {"uv": [47, 112], "uv_size": [0.5, 1]},
								"east": {"uv": [83, 61], "uv_size": [21, 1]},
								"south": {"uv": [49, 112], "uv_size": [0.5, 1]},
								"west": {"uv": [83, 63], "uv_size": [21, 1]},
								"up": {"uv": [4, 85], "uv_size": [0.5, 21]},
								"down": {"uv": [56, 110], "uv_size": [0.5, -21]}
							}
						},
						{
							"origin": [-5.05, 20.65, 1.35],
							"size": [3, 0.7, 0.7],
							"pivot": [-4.05, 21, 1.7],
							"rotation": [-45, 0, 0],
							"uv": {
								"north": {"uv": [108, 76], "uv_size": [3, 0.5]},
								"east": {"uv": [113, 72], "uv_size": [0.5, 0.5]},
								"south": {"uv": [83, 108], "uv_size": [3, 0.5]},
								"west": {"uv": [74, 113], "uv_size": [0.5, 0.5]},
								"up": {"uv": [108, 96], "uv_size": [3, 0.5]},
								"down": {"uv": [98, 108.5], "uv_size": [3, -0.5]}
							}
						}
					]
				},
				{
					"name": "magazine",
					"parent": "gun",
					"pivot": [0, 0, 0]
				},
				{
					"name": "box",
					"parent": "magazine",
					"pivot": [7, 20, 2.5],
					"cubes": [
						{
							"origin": [2.5, 13.5, -0.55],
							"size": [9, 11, 5.75],
							"uv": {
								"north": {"uv": [0, 50], "uv_size": [9, 11]},
								"east": {"uv": [53, 33], "uv_size": [6, 11]},
								"south": {"uv": [10, 50], "uv_size": [9, 11]},
								"west": {"uv": [41, 54], "uv_size": [6, 11]},
								"up": {"uv": [66, 54], "uv_size": [9, 6]},
								"down": {"uv": [69, 6], "uv_size": [9, -6]}
							}
						}
					]
				},
				{
					"name": "chain",
					"parent": "magazine",
					"pivot": [1.7, 21.8, 1.4]
				},
				{
					"name": "chaineject",
					"parent": "chain",
					"pivot": [0.51209, 25.72284, 2.65],
					"cubes": [
						{
							"origin": [0.46209, 25.47284, 1.65],
							"size": [1, 0.5, 2.75],
							"uv": {
								"north": {"uv": [112, 49], "uv_size": [1, 0.5]},
								"east": {"uv": [108, 45], "uv_size": [3.5, 0.5]},
								"south": {"uv": [112, 60], "uv_size": [1, 0.5]},
								"west": {"uv": [108, 47], "uv_size": [3.5, 0.5]},
								"up": {"uv": [32, 102], "uv_size": [1, 3.5]},
								"down": {"uv": [79, 105.5], "uv_size": [1, -3.5]}
							}
						}
					]
				},
				{
					"name": "bulleteject",
					"parent": "chain",
					"pivot": [0.51209, 25.72284, 2.65],
					"cubes": [
						{
							"origin": [-0.40366, 25.39505, -0.1],
							"size": [1, 1, 4.75],
							"pivot": [0.51209, 25.72284, 2.65],
							"rotation": [0, 0, -22.5],
							"uv": {
								"north": {"uv": [32, 110], "uv_size": [1, 1]},
								"east": {"uv": [77, 98], "uv_size": [5.5, 1]},
								"south": {"uv": [40, 110], "uv_size": [1, 1]},
								"west": {"uv": [97, 98], "uv_size": [5.5, 1]},
								"up": {"uv": [84, 98], "uv_size": [1, 5.5]},
								"down": {"uv": [11, 104.5], "uv_size": [1, -5.5]}
							}
						}
					]
				},
				{
					"name": "chain2",
					"parent": "chain",
					"pivot": [2.01209, 25.97284, 2.65],
					"cubes": [
						{
							"origin": [2.21209, 25.47284, 1.65],
							"size": [1, 0.5, 2.75],
							"pivot": [2.26209, 25.72284, 2.65],
							"rotation": [0, 0, 22.5],
							"uv": {
								"north": {"uv": [112, 49], "uv_size": [1, 0.5]},
								"east": {"uv": [108, 45], "uv_size": [3.5, 0.5]},
								"south": {"uv": [112, 60], "uv_size": [1, 0.5]},
								"west": {"uv": [108, 47], "uv_size": [3.5, 0.5]},
								"up": {"uv": [32, 102], "uv_size": [1, 3.5]},
								"down": {"uv": [79, 105.5], "uv_size": [1, -3.5]}
							}
						},
						{
							"origin": [1.34634, 25.39505, -0.1],
							"size": [1, 1, 4.75],
							"pivot": [2.26209, 25.72284, 2.65],
							"rotation": [0, 0, 0],
							"uv": {
								"north": {"uv": [32, 110], "uv_size": [1, 1]},
								"east": {"uv": [77, 98], "uv_size": [5.5, 1]},
								"south": {"uv": [40, 110], "uv_size": [1, 1]},
								"west": {"uv": [97, 98], "uv_size": [5.5, 1]},
								"up": {"uv": [84, 98], "uv_size": [1, 5.5]},
								"down": {"uv": [11, 104.5], "uv_size": [1, -5.5]}
							}
						}
					]
				},
				{
					"name": "chain3",
					"parent": "chain2",
					"pivot": [3.44389, 25.29104, 2.275],
					"cubes": [
						{
							"origin": [3.71209, 24.72284, 1.65],
							"size": [1, 0.5, 2.75],
							"pivot": [3.76209, 24.97284, 2.65],
							"rotation": [0, 0, 45],
							"uv": {
								"north": {"uv": [112, 49], "uv_size": [1, 0.5]},
								"east": {"uv": [108, 45], "uv_size": [3.5, 0.5]},
								"south": {"uv": [112, 60], "uv_size": [1, 0.5]},
								"west": {"uv": [108, 47], "uv_size": [3.5, 0.5]},
								"up": {"uv": [32, 102], "uv_size": [1, 3.5]},
								"down": {"uv": [79, 105.5], "uv_size": [1, -3.5]}
							}
						},
						{
							"origin": [2.94389, 24.79104, -0.1],
							"size": [1, 1, 4.75],
							"pivot": [3.44389, 25.29104, 2.275],
							"rotation": [0, 0, -12.5],
							"uv": {
								"north": {"uv": [32, 110], "uv_size": [1, 1]},
								"east": {"uv": [77, 98], "uv_size": [5.5, 1]},
								"south": {"uv": [40, 110], "uv_size": [1, 1]},
								"west": {"uv": [97, 98], "uv_size": [5.5, 1]},
								"up": {"uv": [84, 98], "uv_size": [1, 5.5]},
								"down": {"uv": [11, 104.5], "uv_size": [1, -5.5]}
							}
						}
					]
				},
				{
					"name": "chain4",
					"parent": "chain3",
					"pivot": [4.86209, 24.07284, 2.65],
					"cubes": [
						{
							"origin": [4.96209, 23.47284, 1.65],
							"size": [1, 0.5, 2.75],
							"pivot": [5.01209, 23.72284, 2.65],
							"rotation": [0, 0, 67.5],
							"uv": {
								"north": {"uv": [112, 49], "uv_size": [1, 0.5]},
								"east": {"uv": [108, 45], "uv_size": [3.5, 0.5]},
								"south": {"uv": [112, 60], "uv_size": [1, 0.5]},
								"west": {"uv": [108, 47], "uv_size": [3.5, 0.5]},
								"up": {"uv": [32, 102], "uv_size": [1, 3.5]},
								"down": {"uv": [79, 105.5], "uv_size": [1, -3.5]}
							}
						},
						{
							"origin": [4.09634, 23.39505, -0.1],
							"size": [1, 1, 4.75],
							"pivot": [5.01209, 23.72284, 2.65],
							"rotation": [0, 0, 45],
							"uv": {
								"north": {"uv": [32, 110], "uv_size": [1, 1]},
								"east": {"uv": [77, 98], "uv_size": [5.5, 1]},
								"south": {"uv": [40, 110], "uv_size": [1, 1]},
								"west": {"uv": [97, 98], "uv_size": [5.5, 1]},
								"up": {"uv": [84, 98], "uv_size": [1, 5.5]},
								"down": {"uv": [11, 104.5], "uv_size": [1, -5.5]}
							}
						}
					]
				},
				{
					"name": "chain5",
					"parent": "chain4",
					"pivot": [5.51209, 22.62284, 2.65],
					"cubes": [
						{
							"origin": [5.46209, 21.97284, 1.65],
							"size": [1, 0.5, 2.75],
							"pivot": [5.51209, 22.22284, 2.65],
							"rotation": [0, 0, 90],
							"uv": {
								"north": {"uv": [112, 49], "uv_size": [1, 0.5]},
								"east": {"uv": [108, 45], "uv_size": [3.5, 0.5]},
								"south": {"uv": [112, 60], "uv_size": [1, 0.5]},
								"west": {"uv": [108, 47], "uv_size": [3.5, 0.5]},
								"up": {"uv": [32, 102], "uv_size": [1, 3.5]},
								"down": {"uv": [79, 105.5], "uv_size": [1, -3.5]}
							}
						},
						{
							"origin": [4.59634, 21.89505, -0.1],
							"size": [1, 1, 4.75],
							"pivot": [5.51209, 22.22284, 2.65],
							"rotation": [0, 0, 67.5],
							"uv": {
								"north": {"uv": [32, 110], "uv_size": [1, 1]},
								"east": {"uv": [77, 98], "uv_size": [5.5, 1]},
								"south": {"uv": [40, 110], "uv_size": [1, 1]},
								"west": {"uv": [97, 98], "uv_size": [5.5, 1]},
								"up": {"uv": [84, 98], "uv_size": [1, 5.5]},
								"down": {"uv": [11, 104.5], "uv_size": [1, -5.5]}
							}
						}
					]
				},
				{
					"name": "leftarm",
					"parent": "main",
					"pivot": [10.7, 10.3, 7.4],
					"rotation": [-119.61483, 1.67666, -38.31282],
					"cubes": [
						{
							"origin": [6.7, -13.7, 3.4],
							"size": [8, 24, 8],
							"uv": {
								"north": {"uv": [9, 25], "uv_size": [8, 24]},
								"east": {"uv": [18, 25], "uv_size": [8, 24]},
								"south": {"uv": [27, 0], "uv_size": [8, 24]},
								"west": {"uv": [27, 25], "uv_size": [8, 24]},
								"up": {"uv": [60, 33], "uv_size": [8, 8]},
								"down": {"uv": [60, 50], "uv_size": [8, -8]}
							}
						}
					]
				},
				{
					"name": "rightarm",
					"parent": "main",
					"pivot": [-5.55, 9.05, 24.55],
					"rotation": [-101.95726, -18.17656, -22.98096],
					"cubes": [
						{
							"origin": [-9.55, -14.95, 20.05],
							"size": [8, 24, 8],
							"uv": {
								"north": {"uv": [0, 0], "uv_size": [8, 24]},
								"east": {"uv": [9, 0], "uv_size": [8, 24]},
								"south": {"uv": [18, 0], "uv_size": [8, 24]},
								"west": {"uv": [0, 25], "uv_size": [8, 24]},
								"up": {"uv": [48, 54], "uv_size": [8, 8]},
								"down": {"uv": [57, 62], "uv_size": [8, -8]}
							}
						}
					]
				},
				{
					"name": "muzzleflash",
					"parent": "main",
					"pivot": [0, 24.85, -63.95],
					"cubes": [
						{
							"origin": [-1, 23.8, -64.9],
							"size": [2, 2, 2],
							"inflate": -0.4,
							"uv": {
								"north": {"uv": [85, 4], "uv_size": [2, 2]},
								"east": {"uv": [100, 30], "uv_size": [2, 2]},
								"south": {"uv": [100, 43], "uv_size": [2, 2]},
								"west": {"uv": [44, 100], "uv_size": [2, 2]},
								"up": {"uv": [100, 46], "uv_size": [2, 2]},
								"down": {"uv": [47, 102], "uv_size": [2, -2]}
							}
						}
					]
				},
				{
					"name": "scope",
					"parent": "main",
					"pivot": [-0.05, 32, 11.9],
					"cubes": [
						{
							"origin": [-0.3, 31.75, 11.7],
							"size": [0.5, 0.5, 0.5],
							"uv": {
								"north": {"uv": [0, 113], "uv_size": [0.5, 0.5]},
								"east": {"uv": [2, 113], "uv_size": [0.5, 0.5]},
								"south": {"uv": [113, 2], "uv_size": [0.5, 0.5]},
								"west": {"uv": [113, 6], "uv_size": [0.5, 0.5]},
								"up": {"uv": [8, 113], "uv_size": [0.5, 0.5]},
								"down": {"uv": [113, 8.5], "uv_size": [0.5, -0.5]}
							}
						}
					]
				},
				{
					"name": "_cb_suppressor",
					"parent": "main",
					"pivot": [-0.1, 24.85, -61.4],
					"cubes": [
						{
							"origin": [-0.6, 24.35, -61.9],
							"size": [1, 1, 1],
							"uv": {
								"north": {"uv": [0, 0], "uv_size": [1, 1]},
								"east": {"uv": [0, 0], "uv_size": [1, 1]},
								"south": {"uv": [0, 0], "uv_size": [1, 1]},
								"west": {"uv": [0, 0], "uv_size": [1, 1]},
								"up": {"uv": [1, 1], "uv_size": [-1, -1]},
								"down": {"uv": [1, 1], "uv_size": [-1, -1]}
							}
						}
					]
				}
			]
		}
	]
}