{
	"format_version": "1.12.0",
	"minecraft:geometry": [
		{
			"description": {
				"identifier": "geometry.unknown",
				"texture_width": 128,
				"texture_height": 128,
				"visible_bounds_width": 10,
				"visible_bounds_height": 4,
				"visible_bounds_offset": [0, 1, 0]
			},
			"bones": [
				{
					"name": "main",
					"pivot": [0, 20, 0]
				},
				{
					"name": "gun",
					"parent": "main",
					"pivot": [1, 11, -1],
					"cubes": [
						{
							"origin": [-1.75, 14, -1],
							"size": [3.5, 4, 5],
							"uv": {
								"north": {"uv": [93, 8], "uv_size": [4, 4]},
								"east": {"uv": [90, 16], "uv_size": [5, 4]},
								"south": {"uv": [11, 93], "uv_size": [4, 4]},
								"west": {"uv": [27, 90], "uv_size": [5, 4]},
								"up": {"uv": [32, 90], "uv_size": [4, 5]},
								"down": {"uv": [44, 95], "uv_size": [4, -5]}
							}
						},
						{
							"origin": [-1.25, 13.5, -1],
							"size": [3, 1, 5],
							"inflate": 0.001,
							"uv": {
								"north": {"uv": [107, 12], "uv_size": [3, 1]},
								"east": {"uv": [104, 23], "uv_size": [5, 1]},
								"south": {"uv": [107, 16], "uv_size": [3, 1]},
								"west": {"uv": [30, 104], "uv_size": [5, 1]},
								"up": {"uv": [38, 95], "uv_size": [3, 5]},
								"down": {"uv": [41, 100], "uv_size": [3, -5]}
							}
						},
						{
							"origin": [-1.75, 13.5, -1],
							"size": [1, 1, 5],
							"inflate": -0.002,
							"uv": {
								"north": {"uv": [43, 109], "uv_size": [1, 1]},
								"east": {"uv": [56, 24], "uv_size": [5, 1]},
								"south": {"uv": [109, 43], "uv_size": [1, 1]},
								"west": {"uv": [104, 22], "uv_size": [5, 1]},
								"up": {"uv": [24, 104], "uv_size": [1, 5]},
								"down": {"uv": [25, 109], "uv_size": [1, -5]}
							}
						},
						{
							"origin": [-1.8, 2.5, -0.25],
							"size": [3.6, 11, 5],
							"pivot": [1, 13.5, -1],
							"rotation": [35, 0, 0],
							"uv": {
								"north": {"uv": [8, 66], "uv_size": [4, 11]},
								"east": {"uv": [64, 53], "uv_size": [5, 11]},
								"south": {"uv": [12, 66], "uv_size": [4, 11]},
								"west": {"uv": [64, 64], "uv_size": [5, 11]},
								"up": {"uv": [48, 90], "uv_size": [4, 5]},
								"down": {"uv": [0, 96], "uv_size": [4, -5]}
							}
						},
						{
							"origin": [-1.8, 0.5, 1.75],
							"size": [3.6, 2, 3],
							"pivot": [1, 13.5, -1],
							"rotation": [35, 0, 0],
							"uv": {
								"north": {"uv": [100, 60], "uv_size": [4, 2]},
								"east": {"uv": [102, 24], "uv_size": [3, 2]},
								"south": {"uv": [100, 66], "uv_size": [4, 2]},
								"west": {"uv": [102, 26], "uv_size": [3, 2]},
								"up": {"uv": [95, 73], "uv_size": [4, 3]},
								"down": {"uv": [96, 23], "uv_size": [4, -3]}
							}
						},
						{
							"origin": [-1.8, 3.5, -1.25],
							"size": [3.6, 7, 1],
							"pivot": [1, 13.5, -1],
							"rotation": [35, 0, 0],
							"uv": {
								"north": {"uv": [81, 80], "uv_size": [4, 7]},
								"east": {"uv": [90, 101], "uv_size": [1, 7]},
								"south": {"uv": [82, 52], "uv_size": [4, 7]},
								"west": {"uv": [91, 101], "uv_size": [1, 7]},
								"up": {"uv": [105, 41], "uv_size": [4, 1]},
								"down": {"uv": [105, 64], "uv_size": [4, -1]}
							}
						},
						{
							"origin": [-1.8, 10.5, -2.25],
							"size": [3.6, 1, 2],
							"pivot": [1, 13.5, -1],
							"rotation": [35, 0, 0],
							"uv": {
								"north": {"uv": [105, 64], "uv_size": [4, 1]},
								"east": {"uv": [108, 84], "uv_size": [2, 1]},
								"south": {"uv": [105, 65], "uv_size": [4, 1]},
								"west": {"uv": [85, 108], "uv_size": [2, 1]},
								"up": {"uv": [40, 100], "uv_size": [4, 2]},
								"down": {"uv": [100, 44], "uv_size": [4, -2]}
							}
						},
						{
							"origin": [-1.8, 3.5, -2.25],
							"size": [3.6, 2, 1],
							"pivot": [1, 13.5, -1],
							"rotation": [35, 0, 0],
							"uv": {
								"north": {"uv": [44, 100], "uv_size": [4, 2]},
								"east": {"uv": [82, 108], "uv_size": [1, 2]},
								"south": {"uv": [100, 44], "uv_size": [4, 2]},
								"west": {"uv": [108, 85], "uv_size": [1, 2]},
								"up": {"uv": [105, 66], "uv_size": [4, 1]},
								"down": {"uv": [105, 68], "uv_size": [4, -1]}
							}
						},
						{
							"origin": [-1.35, 13.9, -2.1],
							"size": [3, 5, 2],
							"inflate": -0.1,
							"uv": {
								"north": {"uv": [94, 93], "uv_size": [3, 5]},
								"east": {"uv": [78, 96], "uv_size": [2, 5]},
								"south": {"uv": [30, 95], "uv_size": [3, 5]},
								"west": {"uv": [81, 96], "uv_size": [2, 5]},
								"up": {"uv": [65, 47], "uv_size": [3, 2]},
								"down": {"uv": [102, 2], "uv_size": [3, -2]}
							}
						},
						{
							"origin": [-0.85, 15.05, -5.55],
							"size": [2, 4, 1],
							"inflate": -0.1,
							"pivot": [1.15, 15.05, -4.55],
							"rotation": [-21, 0, 0],
							"uv": {
								"north": {"uv": [34, 100], "uv_size": [2, 4]},
								"east": {"uv": [76, 104], "uv_size": [1, 4]},
								"south": {"uv": [38, 100], "uv_size": [2, 4]},
								"west": {"uv": [105, 6], "uv_size": [1, 4]},
								"up": {"uv": [107, 103], "uv_size": [2, 1]},
								"down": {"uv": [105, 108], "uv_size": [2, -1]}
							}
						},
						{
							"origin": [-1.35, 13.9, -9.1],
							"size": [3, 5, 1],
							"inflate": -0.1,
							"uv": {
								"north": {"uv": [95, 30], "uv_size": [3, 5]},
								"east": {"uv": [15, 103], "uv_size": [1, 5]},
								"south": {"uv": [33, 95], "uv_size": [3, 5]},
								"west": {"uv": [60, 103], "uv_size": [1, 5]},
								"up": {"uv": [107, 10], "uv_size": [3, 1]},
								"down": {"uv": [107, 12], "uv_size": [3, -1]}
							}
						},
						{
							"origin": [-1.35, 13.9, -8.6],
							"size": [3, 1, 7],
							"inflate": -0.11,
							"uv": {
								"north": {"uv": [107, 2], "uv_size": [3, 1]},
								"east": {"uv": [88, 42], "uv_size": [7, 1]},
								"south": {"uv": [107, 3], "uv_size": [3, 1]},
								"west": {"uv": [100, 18], "uv_size": [7, 1]},
								"up": {"uv": [74, 89], "uv_size": [3, 7]},
								"down": {"uv": [6, 97], "uv_size": [3, -7]}
							}
						},
						{
							"origin": [-1.35, 18, -9],
							"size": [3, 5, 13],
							"uv": {
								"north": {"uv": [27, 94], "uv_size": [3, 5]},
								"east": {"uv": [48, 35], "uv_size": [13, 5]},
								"south": {"uv": [69, 94], "uv_size": [3, 5]},
								"west": {"uv": [52, 44], "uv_size": [13, 5]},
								"up": {"uv": [61, 73], "uv_size": [3, 13]},
								"down": {"uv": [74, 79], "uv_size": [3, -13]}
							}
						},
						{
							"origin": [-1.65, 18, 4],
							"size": [3.3, 2, 2],
							"inflate": -0.001,
							"pivot": [0.65, 18, 4],
							"rotation": [53, 0, 0],
							"uv": {
								"north": {"uv": [74, 102], "uv_size": [3, 2]},
								"east": {"uv": [105, 102], "uv_size": [2, 2]},
								"south": {"uv": [102, 87], "uv_size": [3, 2]},
								"west": {"uv": [106, 6], "uv_size": [2, 2]},
								"up": {"uv": [102, 89], "uv_size": [3, 2]},
								"down": {"uv": [102, 93], "uv_size": [3, -2]}
							}
						},
						{
							"origin": [-1.65, 20, 4],
							"size": [3.3, 3, 3],
							"uv": {
								"north": {"uv": [24, 97], "uv_size": [3, 3]},
								"east": {"uv": [97, 60], "uv_size": [3, 3]},
								"south": {"uv": [97, 69], "uv_size": [3, 3]},
								"west": {"uv": [97, 78], "uv_size": [3, 3]},
								"up": {"uv": [85, 97], "uv_size": [3, 3]},
								"down": {"uv": [97, 96], "uv_size": [3, -3]}
							}
						},
						{
							"origin": [-1.65, 17, 6],
							"size": [3.3, 3, 1],
							"inflate": -0.002,
							"pivot": [1.65, 20, 7],
							"rotation": [-74, 0, 0],
							"uv": {
								"north": {"uv": [99, 72], "uv_size": [3, 3]},
								"east": {"uv": [98, 106], "uv_size": [1, 3]},
								"south": {"uv": [74, 99], "uv_size": [3, 3]},
								"west": {"uv": [99, 106], "uv_size": [1, 3]},
								"up": {"uv": [107, 32], "uv_size": [3, 1]},
								"down": {"uv": [107, 57], "uv_size": [3, -1]}
							}
						},
						{
							"origin": [0.95, 23.95, -18],
							"size": [1, 2, 25],
							"pivot": [1.95, 23.95, -18],
							"rotation": [0, 0, -11],
							"uv": {
								"north": {"uv": [95, 107], "uv_size": [1, 2]},
								"east": {"uv": [64, 20], "uv_size": [25, 2]},
								"south": {"uv": [102, 107], "uv_size": [1, 2]},
								"west": {"uv": [64, 22], "uv_size": [25, 2]},
								"up": {"uv": [84, 87], "uv_size": [1, 25]},
								"down": {"uv": [64, 113], "uv_size": [1, -25]}
							}
						},
						{
							"origin": [0.75, 25.67, -18],
							"size": [1, 1, 25],
							"inflate": -0.001,
							"pivot": [0.2, 26.64, -18],
							"rotation": [0, 0, 29],
							"uv": {
								"north": {"uv": [42, 109], "uv_size": [1, 1]},
								"east": {"uv": [84, 48], "uv_size": [25, 1]},
								"south": {"uv": [109, 42], "uv_size": [1, 1]},
								"west": {"uv": [84, 49], "uv_size": [25, 1]},
								"up": {"uv": [65, 88], "uv_size": [1, 25]},
								"down": {"uv": [66, 113], "uv_size": [1, -25]}
							}
						},
						{
							"origin": [-1.75, 25.67, -7],
							"size": [1, 1, 14],
							"inflate": -0.001,
							"pivot": [-0.2, 26.64, -18],
							"rotation": [0, 0, -29],
							"uv": {
								"north": {"uv": [45, 109], "uv_size": [1, 1]},
								"east": {"uv": [94, 5], "uv_size": [14, 1]},
								"south": {"uv": [109, 45], "uv_size": [1, 1]},
								"west": {"uv": [95, 19], "uv_size": [14, 1]},
								"up": {"uv": [51, 95], "uv_size": [1, 14]},
								"down": {"uv": [61, 109], "uv_size": [1, -14]}
							}
						},
						{
							"origin": [-1.75, 25.67, -18],
							"size": [1, 1, 2],
							"inflate": -0.001,
							"pivot": [-0.2, 26.64, -29],
							"rotation": [0, 0, -29],
							"uv": {
								"north": {"uv": [46, 109], "uv_size": [1, 1]},
								"east": {"uv": [27, 108], "uv_size": [2, 1]},
								"south": {"uv": [47, 109], "uv_size": [1, 1]},
								"west": {"uv": [108, 27], "uv_size": [2, 1]},
								"up": {"uv": [29, 108], "uv_size": [1, 2]},
								"down": {"uv": [108, 35], "uv_size": [1, -2]}
							}
						},
						{
							"origin": [-0.05, 23.95, -18],
							"size": [2, 1, 25],
							"pivot": [1.95, 23.95, -18],
							"rotation": [0, 0, -61.5],
							"uv": {
								"north": {"uv": [107, 107], "uv_size": [2, 1]},
								"east": {"uv": [86, 52], "uv_size": [25, 1]},
								"south": {"uv": [4, 108], "uv_size": [2, 1]},
								"west": {"uv": [86, 53], "uv_size": [25, 1]},
								"up": {"uv": [6, 65], "uv_size": [2, 25]},
								"down": {"uv": [16, 90], "uv_size": [2, -25]}
							}
						},
						{
							"origin": [-1.95, 23.95, -7],
							"size": [1, 2, 14],
							"pivot": [-1.95, 23.95, -18],
							"rotation": [0, 0, 11],
							"uv": {
								"north": {"uv": [6, 108], "uv_size": [1, 2]},
								"east": {"uv": [81, 43], "uv_size": [14, 2]},
								"south": {"uv": [108, 6], "uv_size": [1, 2]},
								"west": {"uv": [81, 45], "uv_size": [14, 2]},
								"up": {"uv": [72, 94], "uv_size": [1, 14]},
								"down": {"uv": [50, 109], "uv_size": [1, -14]}
							}
						},
						{
							"origin": [-1.95, 23.95, -7],
							"size": [2, 1, 14],
							"pivot": [-1.95, 23.95, -18],
							"rotation": [0, 0, 61.5],
							"uv": {
								"north": {"uv": [108, 4], "uv_size": [2, 1]},
								"east": {"uv": [93, 12], "uv_size": [14, 1]},
								"south": {"uv": [108, 5], "uv_size": [2, 1]},
								"west": {"uv": [94, 4], "uv_size": [14, 1]},
								"up": {"uv": [69, 80], "uv_size": [2, 14]},
								"down": {"uv": [71, 94], "uv_size": [2, -14]}
							}
						},
						{
							"origin": [-1.95, 23.95, -18],
							"size": [1, 2, 2],
							"pivot": [-1.95, 23.95, -29],
							"rotation": [0, 0, 11],
							"uv": {
								"north": {"uv": [7, 108], "uv_size": [1, 2]},
								"east": {"uv": [12, 105], "uv_size": [2, 2]},
								"south": {"uv": [11, 108], "uv_size": [1, 2]},
								"west": {"uv": [16, 105], "uv_size": [2, 2]},
								"up": {"uv": [108, 25], "uv_size": [1, 2]},
								"down": {"uv": [26, 110], "uv_size": [1, -2]}
							}
						},
						{
							"origin": [-1.95, 23.95, -18],
							"size": [2, 1, 2],
							"pivot": [-1.95, 23.95, -29],
							"rotation": [0, 0, 61.5],
							"uv": {
								"north": {"uv": [108, 8], "uv_size": [2, 1]},
								"east": {"uv": [108, 9], "uv_size": [2, 1]},
								"south": {"uv": [14, 108], "uv_size": [2, 1]},
								"west": {"uv": [18, 108], "uv_size": [2, 1]},
								"up": {"uv": [105, 2], "uv_size": [2, 2]},
								"down": {"uv": [105, 12], "uv_size": [2, -2]}
							}
						},
						{
							"origin": [-1.65, 18, -9],
							"size": [1, 5, 13],
							"inflate": 0.001,
							"uv": {
								"north": {"uv": [46, 102], "uv_size": [1, 5]},
								"east": {"uv": [48, 25], "uv_size": [13, 5]},
								"south": {"uv": [47, 102], "uv_size": [1, 5]},
								"west": {"uv": [48, 30], "uv_size": [13, 5]},
								"up": {"uv": [62, 95], "uv_size": [1, 13]},
								"down": {"uv": [63, 108], "uv_size": [1, -13]}
							}
						},
						{
							"origin": [0.85, 16, -16.75],
							"size": [1, 7, 8],
							"uv": {
								"north": {"uv": [2, 102], "uv_size": [1, 7]},
								"east": {"uv": [61, 24], "uv_size": [8, 7]},
								"south": {"uv": [3, 102], "uv_size": [1, 7]},
								"west": {"uv": [61, 31], "uv_size": [8, 7]},
								"up": {"uv": [21, 101], "uv_size": [1, 8]},
								"down": {"uv": [81, 109], "uv_size": [1, -8]}
							}
						},
						{
							"origin": [0.85, 14.15, -9.75],
							"size": [1, 2, 1],
							"inflate": -0.001,
							"uv": {
								"north": {"uv": [88, 40], "uv_size": [1, 2]},
								"east": {"uv": [13, 107], "uv_size": [1, 2]},
								"south": {"uv": [16, 107], "uv_size": [1, 2]},
								"west": {"uv": [17, 107], "uv_size": [1, 2]},
								"up": {"uv": [100, 80], "uv_size": [1, 1]},
								"down": {"uv": [109, 36], "uv_size": [1, -1]}
							}
						},
						{
							"origin": [0.85, 15.65, -13.75],
							"size": [1, 2, 4],
							"inflate": -0.002,
							"pivot": [0.9, 15.65, -13.75],
							"rotation": [-17.5, 0, 0],
							"uv": {
								"north": {"uv": [77, 107], "uv_size": [1, 2]},
								"east": {"uv": [99, 50], "uv_size": [4, 2]},
								"south": {"uv": [107, 84], "uv_size": [1, 2]},
								"west": {"uv": [100, 16], "uv_size": [4, 2]},
								"up": {"uv": [60, 53], "uv_size": [1, 4]},
								"down": {"uv": [67, 108], "uv_size": [1, -4]}
							}
						},
						{
							"origin": [-1.85, 15.65, -13.75],
							"size": [1, 2, 4],
							"inflate": -0.002,
							"pivot": [-0.9, 15.65, -13.75],
							"rotation": [-17.5, 0, 0],
							"uv": {
								"north": {"uv": [107, 87], "uv_size": [1, 2]},
								"east": {"uv": [100, 20], "uv_size": [4, 2]},
								"south": {"uv": [94, 107], "uv_size": [1, 2]},
								"west": {"uv": [100, 22], "uv_size": [4, 2]},
								"up": {"uv": [68, 104], "uv_size": [1, 4]},
								"down": {"uv": [69, 108], "uv_size": [1, -4]}
							}
						},
						{
							"origin": [-1.85, 14.15, -9.75],
							"size": [1, 2, 1],
							"inflate": -0.001,
							"uv": {
								"north": {"uv": [46, 107], "uv_size": [1, 2]},
								"east": {"uv": [47, 107], "uv_size": [1, 2]},
								"south": {"uv": [55, 107], "uv_size": [1, 2]},
								"west": {"uv": [56, 107], "uv_size": [1, 2]},
								"up": {"uv": [109, 36], "uv_size": [1, 1]},
								"down": {"uv": [38, 110], "uv_size": [1, -1]}
							}
						},
						{
							"origin": [-1.85, 16, -16.75],
							"size": [1, 7, 8],
							"uv": {
								"north": {"uv": [82, 101], "uv_size": [1, 7]},
								"east": {"uv": [58, 0], "uv_size": [8, 7]},
								"south": {"uv": [101, 86], "uv_size": [1, 7]},
								"west": {"uv": [58, 7], "uv_size": [8, 7]},
								"up": {"uv": [77, 99], "uv_size": [1, 8]},
								"down": {"uv": [4, 108], "uv_size": [1, -8]}
							}
						},
						{
							"origin": [-1, 16, -16.75],
							"size": [2, 8, 0],
							"inflate": 0.002,
							"uv": {
								"north": {"uv": [88, 93], "uv_size": [2, 8]},
								"east": {"uv": [0, 0], "uv_size": [0, 8]},
								"south": {"uv": [90, 93], "uv_size": [2, 8]},
								"west": {"uv": [0, 0], "uv_size": [0, 8]},
								"up": {"uv": [0, 0], "uv_size": [2, 0]},
								"down": {"uv": [0, 0], "uv_size": [2, 0]}
							}
						},
						{
							"origin": [1.1, 16, -17],
							"size": [1, 1, 8],
							"pivot": [2.15, 16, -18],
							"rotation": [-13, 0, 0],
							"uv": {
								"north": {"uv": [109, 58], "uv_size": [1, 1]},
								"east": {"uv": [98, 34], "uv_size": [8, 1]},
								"south": {"uv": [59, 109], "uv_size": [1, 1]},
								"west": {"uv": [99, 75], "uv_size": [8, 1]},
								"up": {"uv": [5, 100], "uv_size": [1, 8]},
								"down": {"uv": [26, 108], "uv_size": [1, -8]}
							}
						},
						{
							"origin": [-2.1, 16, -17],
							"size": [1, 1, 8],
							"pivot": [-2.15, 16, -18],
							"rotation": [-13, 0, 0],
							"uv": {
								"north": {"uv": [68, 52], "uv_size": [1, 1]},
								"east": {"uv": [97, 63], "uv_size": [8, 1]},
								"south": {"uv": [96, 98], "uv_size": [1, 1]},
								"west": {"uv": [98, 33], "uv_size": [8, 1]},
								"up": {"uv": [55, 99], "uv_size": [1, 8]},
								"down": {"uv": [56, 107], "uv_size": [1, -8]}
							}
						},
						{
							"origin": [-1.5, 16, -17],
							"size": [3, 1, 1],
							"inflate": 0.001,
							"pivot": [0.35, 16, -18],
							"rotation": [-13, 0, 0],
							"uv": {
								"north": {"uv": [78, 43], "uv_size": [3, 1]},
								"east": {"uv": [39, 109], "uv_size": [1, 1]},
								"south": {"uv": [106, 83], "uv_size": [3, 1]},
								"west": {"uv": [40, 109], "uv_size": [1, 1]},
								"up": {"uv": [102, 106], "uv_size": [3, 1]},
								"down": {"uv": [106, 105], "uv_size": [3, -1]}
							}
						},
						{
							"origin": [-2.1, 16, -9.4],
							"size": [3, 1, 1],
							"inflate": 0.001,
							"pivot": [0.35, 16, -18],
							"rotation": [-13, 0, 0],
							"uv": {
								"north": {"uv": [105, 106], "uv_size": [3, 1]},
								"east": {"uv": [41, 109], "uv_size": [1, 1]},
								"south": {"uv": [106, 105], "uv_size": [3, 1]},
								"west": {"uv": [109, 41], "uv_size": [1, 1]},
								"up": {"uv": [107, 0], "uv_size": [3, 1]},
								"down": {"uv": [107, 2], "uv_size": [3, -1]}
							}
						},
						{
							"origin": [0.1, 16, -9.4],
							"size": [2, 1, 1],
							"inflate": 0.002,
							"pivot": [-0.35, 16, -18],
							"rotation": [-13, 0, 0],
							"uv": {
								"north": {"uv": [108, 28], "uv_size": [2, 1]},
								"east": {"uv": [57, 109], "uv_size": [1, 1]},
								"south": {"uv": [108, 37], "uv_size": [2, 1]},
								"west": {"uv": [58, 109], "uv_size": [1, 1]},
								"up": {"uv": [108, 38], "uv_size": [2, 1]},
								"down": {"uv": [40, 109], "uv_size": [2, -1]}
							}
						},
						{
							"origin": [-1, 23.3, -64.05],
							"size": [2, 2, 46],
							"inflate": -0.3,
							"pivot": [0, 24.3, -67.05],
							"rotation": [0, 0, -20],
							"uv": {
								"north": {"uv": [104, 104], "uv_size": [2, 2]},
								"east": {"uv": [32, 40], "uv_size": [46, 2]},
								"south": {"uv": [105, 0], "uv_size": [2, 2]},
								"west": {"uv": [32, 42], "uv_size": [46, 2]},
								"up": {"uv": [32, 44], "uv_size": [2, 46]},
								"down": {"uv": [34, 90], "uv_size": [2, -46]}
							}
						},
						{
							"origin": [1.35, 23.05, -44.15],
							"size": [1, 4.2, 26],
							"inflate": 0.001,
							"pivot": [2.35, 23.05, -41.15],
							"rotation": [0, 0, -17],
							"uv": {
								"north": {"uv": [105, 24], "uv_size": [1, 4]},
								"east": {"uv": [32, 0], "uv_size": [26, 4]},
								"south": {"uv": [30, 105], "uv_size": [1, 4]},
								"west": {"uv": [32, 4], "uv_size": [26, 4]},
								"up": {"uv": [52, 83], "uv_size": [1, 26]},
								"down": {"uv": [53, 109], "uv_size": [1, -26]}
							}
						},
						{
							"origin": [-2.35, 23.05, -44.15],
							"size": [1, 4.2, 26],
							"pivot": [-2.35, 23.05, -41.15],
							"rotation": [0, 0, 17],
							"uv": {
								"north": {"uv": [31, 105], "uv_size": [1, 4]},
								"east": {"uv": [32, 8], "uv_size": [26, 4]},
								"south": {"uv": [32, 105], "uv_size": [1, 4]},
								"west": {"uv": [32, 12], "uv_size": [26, 4]},
								"up": {"uv": [36, 87], "uv_size": [1, 26]},
								"down": {"uv": [37, 113], "uv_size": [1, -26]}
							}
						},
						{
							"origin": [-2.35, 27.2, -44.15],
							"size": [1, 1, 4],
							"pivot": [-2.35, 23.05, -41.15],
							"rotation": [0, 0, 17],
							"uv": {
								"north": {"uv": [109, 69], "uv_size": [1, 1]},
								"east": {"uv": [105, 30], "uv_size": [4, 1]},
								"south": {"uv": [70, 109], "uv_size": [1, 1]},
								"west": {"uv": [105, 31], "uv_size": [4, 1]},
								"up": {"uv": [33, 105], "uv_size": [1, 4]},
								"down": {"uv": [34, 109], "uv_size": [1, -4]}
							}
						},
						{
							"origin": [-2.35, 27.2, -36.75],
							"size": [1, 1, 1],
							"pivot": [-2.35, 23.05, 0],
							"rotation": [0, 0, 17],
							"uv": {
								"north": {"uv": [109, 70], "uv_size": [1, 1]},
								"east": {"uv": [71, 109], "uv_size": [1, 1]},
								"south": {"uv": [72, 109], "uv_size": [1, 1]},
								"west": {"uv": [109, 72], "uv_size": [1, 1]},
								"up": {"uv": [73, 109], "uv_size": [1, 1]},
								"down": {"uv": [109, 74], "uv_size": [1, -1]}
							}
						},
						{
							"origin": [-2.35, 27.2, -32.5],
							"size": [1, 1, 1],
							"pivot": [-2.35, 23.05, 0],
							"rotation": [0, 0, 17],
							"uv": {
								"north": {"uv": [75, 109], "uv_size": [1, 1]},
								"east": {"uv": [77, 109], "uv_size": [1, 1]},
								"south": {"uv": [78, 109], "uv_size": [1, 1]},
								"west": {"uv": [79, 109], "uv_size": [1, 1]},
								"up": {"uv": [81, 109], "uv_size": [1, 1]},
								"down": {"uv": [109, 82], "uv_size": [1, -1]}
							}
						},
						{
							"origin": [-2.35, 27.2, -28.25],
							"size": [1, 1, 1],
							"pivot": [-2.35, 23.05, 0],
							"rotation": [0, 0, 17],
							"uv": {
								"north": {"uv": [109, 82], "uv_size": [1, 1]},
								"east": {"uv": [83, 109], "uv_size": [1, 1]},
								"south": {"uv": [109, 83], "uv_size": [1, 1]},
								"west": {"uv": [85, 109], "uv_size": [1, 1]},
								"up": {"uv": [109, 85], "uv_size": [1, 1]},
								"down": {"uv": [86, 110], "uv_size": [1, -1]}
							}
						},
						{
							"origin": [-2.35, 27.2, -24.25],
							"size": [1, 1, 1],
							"pivot": [-2.35, 23.05, 0],
							"rotation": [0, 0, 17],
							"uv": {
								"north": {"uv": [109, 86], "uv_size": [1, 1]},
								"east": {"uv": [109, 87], "uv_size": [1, 1]},
								"south": {"uv": [109, 88], "uv_size": [1, 1]},
								"west": {"uv": [109, 89], "uv_size": [1, 1]},
								"up": {"uv": [109, 90], "uv_size": [1, 1]},
								"down": {"uv": [109, 92], "uv_size": [1, -1]}
							}
						},
						{
							"origin": [-2.35, 27.2, -20.15],
							"size": [1, 1, 2],
							"pivot": [-2.35, 23.05, 5.1],
							"rotation": [0, 0, 17],
							"uv": {
								"north": {"uv": [92, 109], "uv_size": [1, 1]},
								"east": {"uv": [108, 77], "uv_size": [2, 1]},
								"south": {"uv": [109, 92], "uv_size": [1, 1]},
								"west": {"uv": [108, 78], "uv_size": [2, 1]},
								"up": {"uv": [74, 108], "uv_size": [1, 2]},
								"down": {"uv": [76, 110], "uv_size": [1, -2]}
							}
						},
						{
							"origin": [-2.35, 21.05, -44.15],
							"size": [1, 2, 26],
							"inflate": -0.002,
							"pivot": [-2.35, 23.05, -43.15],
							"rotation": [0, 0, -46],
							"uv": {
								"north": {"uv": [68, 108], "uv_size": [1, 2]},
								"east": {"uv": [64, 16], "uv_size": [26, 2]},
								"south": {"uv": [69, 108], "uv_size": [1, 2]},
								"west": {"uv": [64, 18], "uv_size": [26, 2]},
								"up": {"uv": [22, 86], "uv_size": [1, 26]},
								"down": {"uv": [23, 112], "uv_size": [1, -26]}
							}
						},
						{
							"origin": [-0.7, 23.65, 7.25],
							"size": [2, 2, 15.75],
							"inflate": 0.2,
							"pivot": [-0.7, 25.65, 8],
							"rotation": [0, 0, 16],
							"uv": {
								"north": {"uv": [70, 104], "uv_size": [2, 2]},
								"east": {"uv": [77, 69], "uv_size": [16, 2]},
								"south": {"uv": [74, 104], "uv_size": [2, 2]},
								"west": {"uv": [77, 71], "uv_size": [16, 2]},
								"up": {"uv": [30, 74], "uv_size": [2, 16]},
								"down": {"uv": [67, 91], "uv_size": [2, -16]}
							}
						},
						{
							"origin": [1.35, 21.05, -44.15],
							"size": [1, 2, 26],
							"inflate": -0.002,
							"pivot": [2.35, 23.05, -43.15],
							"rotation": [0, 0, 46],
							"uv": {
								"north": {"uv": [103, 107], "uv_size": [1, 2]},
								"east": {"uv": [58, 14], "uv_size": [26, 2]},
								"south": {"uv": [104, 107], "uv_size": [1, 2]},
								"west": {"uv": [61, 38], "uv_size": [26, 2]},
								"up": {"uv": [15, 77], "uv_size": [1, 26]},
								"down": {"uv": [73, 106], "uv_size": [1, -26]}
							}
						},
						{
							"origin": [-1.5, 11.45, 0],
							"size": [3, 2, 1],
							"inflate": -0.201,
							"uv": {
								"north": {"uv": [69, 102], "uv_size": [3, 2]},
								"east": {"uv": [87, 108], "uv_size": [1, 2]},
								"south": {"uv": [102, 72], "uv_size": [3, 2]},
								"west": {"uv": [108, 87], "uv_size": [1, 2]},
								"up": {"uv": [107, 20], "uv_size": [3, 1]},
								"down": {"uv": [107, 22], "uv_size": [3, -1]}
							}
						},
						{
							"origin": [-2.25, 4.2, 3.5],
							"size": [4.5, 2, 7.9],
							"inflate": -0.201,
							"uv": {
								"north": {"uv": [95, 45], "uv_size": [5, 2]},
								"east": {"uv": [93, 36], "uv_size": [8, 2]},
								"south": {"uv": [95, 76], "uv_size": [5, 2]},
								"west": {"uv": [93, 38], "uv_size": [8, 2]},
								"up": {"uv": [69, 72], "uv_size": [5, 8]},
								"down": {"uv": [73, 60], "uv_size": [5, -8]}
							}
						},
						{
							"origin": [1.35, 27.2, -44.15],
							"size": [1, 1, 4],
							"pivot": [2.35, 23.05, -41.15],
							"rotation": [0, 0, -17],
							"uv": {
								"north": {"uv": [110, 0], "uv_size": [1, 1]},
								"east": {"uv": [105, 35], "uv_size": [4, 1]},
								"south": {"uv": [1, 110], "uv_size": [1, 1]},
								"west": {"uv": [105, 36], "uv_size": [4, 1]},
								"up": {"uv": [105, 37], "uv_size": [1, 4]},
								"down": {"uv": [57, 109], "uv_size": [1, -4]}
							}
						},
						{
							"origin": [1.35, 27.2, -36.75],
							"size": [1, 1, 1],
							"pivot": [2.35, 23.05, 0],
							"rotation": [0, 0, -17],
							"uv": {
								"north": {"uv": [109, 105], "uv_size": [1, 1]},
								"east": {"uv": [106, 109], "uv_size": [1, 1]},
								"south": {"uv": [109, 107], "uv_size": [1, 1]},
								"west": {"uv": [109, 108], "uv_size": [1, 1]},
								"up": {"uv": [109, 109], "uv_size": [1, 1]},
								"down": {"uv": [0, 111], "uv_size": [1, -1]}
							}
						},
						{
							"origin": [1.35, 27.2, -32.5],
							"size": [1, 1, 1],
							"pivot": [2.35, 23.05, 0],
							"rotation": [0, 0, -17],
							"uv": {
								"north": {"uv": [109, 102], "uv_size": [1, 1]},
								"east": {"uv": [103, 109], "uv_size": [1, 1]},
								"south": {"uv": [109, 103], "uv_size": [1, 1]},
								"west": {"uv": [104, 109], "uv_size": [1, 1]},
								"up": {"uv": [109, 104], "uv_size": [1, 1]},
								"down": {"uv": [105, 110], "uv_size": [1, -1]}
							}
						},
						{
							"origin": [1.35, 27.2, -28.25],
							"size": [1, 1, 1],
							"pivot": [2.35, 23.05, 0],
							"rotation": [0, 0, -17],
							"uv": {
								"north": {"uv": [99, 109], "uv_size": [1, 1]},
								"east": {"uv": [100, 109], "uv_size": [1, 1]},
								"south": {"uv": [109, 100], "uv_size": [1, 1]},
								"west": {"uv": [101, 109], "uv_size": [1, 1]},
								"up": {"uv": [109, 101], "uv_size": [1, 1]},
								"down": {"uv": [102, 110], "uv_size": [1, -1]}
							}
						},
						{
							"origin": [1.35, 27.2, -20.15],
							"size": [1, 1, 2],
							"pivot": [2.35, 23.05, 5.1],
							"rotation": [0, 0, -17],
							"uv": {
								"north": {"uv": [109, 96], "uv_size": [1, 1]},
								"east": {"uv": [108, 79], "uv_size": [2, 1]},
								"south": {"uv": [98, 109], "uv_size": [1, 1]},
								"west": {"uv": [108, 80], "uv_size": [2, 1]},
								"up": {"uv": [80, 108], "uv_size": [1, 2]},
								"down": {"uv": [108, 83], "uv_size": [1, -2]}
							}
						},
						{
							"origin": [1.35, 27.2, -24.25],
							"size": [1, 1, 1],
							"pivot": [2.35, 23.05, 0],
							"rotation": [0, 0, -17],
							"uv": {
								"north": {"uv": [93, 109], "uv_size": [1, 1]},
								"east": {"uv": [109, 93], "uv_size": [1, 1]},
								"south": {"uv": [94, 109], "uv_size": [1, 1]},
								"west": {"uv": [109, 94], "uv_size": [1, 1]},
								"up": {"uv": [95, 109], "uv_size": [1, 1]},
								"down": {"uv": [109, 96], "uv_size": [1, -1]}
							}
						},
						{
							"origin": [-1.3, 30.8, -49.15],
							"size": [1, 2.5, 2.5],
							"inflate": -0.201,
							"pivot": [-0.5, 31, 0],
							"rotation": [0, 0, -5],
							"uv": {
								"north": {"uv": [18, 109], "uv_size": [1, 2]},
								"east": {"uv": [106, 25], "uv_size": [2, 2]},
								"south": {"uv": [19, 109], "uv_size": [1, 2]},
								"west": {"uv": [106, 27], "uv_size": [2, 2]},
								"up": {"uv": [20, 109], "uv_size": [1, 2]},
								"down": {"uv": [21, 111], "uv_size": [1, -2]}
							}
						},
						{
							"origin": [-1.3, 21.8, -49.15],
							"size": [2.6, 9.5, 2.5],
							"inflate": -0.201,
							"uv": {
								"north": {"uv": [61, 86], "uv_size": [3, 9]},
								"east": {"uv": [57, 92], "uv_size": [2, 9]},
								"south": {"uv": [81, 87], "uv_size": [3, 9]},
								"west": {"uv": [59, 92], "uv_size": [2, 9]},
								"up": {"uv": [104, 16], "uv_size": [3, 2]},
								"down": {"uv": [104, 22], "uv_size": [3, -2]}
							}
						},
						{
							"origin": [-0.4, 30.8, -48.9],
							"size": [0.8, 2, 2],
							"inflate": -0.201,
							"uv": {
								"north": {"uv": [33, 109], "uv_size": [1, 2]},
								"east": {"uv": [96, 106], "uv_size": [2, 2]},
								"south": {"uv": [109, 33], "uv_size": [1, 2]},
								"west": {"uv": [106, 97], "uv_size": [2, 2]},
								"up": {"uv": [34, 109], "uv_size": [1, 2]},
								"down": {"uv": [35, 111], "uv_size": [1, -2]}
							}
						},
						{
							"origin": [-1.8, 21.8, -47.05],
							"size": [3.6, 6.9, 3.1],
							"inflate": -0.201,
							"uv": {
								"north": {"uv": [18, 85], "uv_size": [4, 7]},
								"east": {"uv": [90, 6], "uv_size": [3, 7]},
								"south": {"uv": [57, 85], "uv_size": [4, 7]},
								"west": {"uv": [24, 90], "uv_size": [3, 7]},
								"up": {"uv": [96, 66], "uv_size": [4, 3]},
								"down": {"uv": [74, 99], "uv_size": [4, -3]}
							}
						},
						{
							"origin": [-1.8, 20.8, -49.15],
							"size": [3.6, 1.5, 4.5],
							"inflate": -0.201,
							"uv": {
								"north": {"uv": [106, 29], "uv_size": [4, 1]},
								"east": {"uv": [106, 39], "uv_size": [4, 1]},
								"south": {"uv": [106, 40], "uv_size": [4, 1]},
								"west": {"uv": [106, 46], "uv_size": [4, 1]},
								"up": {"uv": [93, 60], "uv_size": [4, 4]},
								"down": {"uv": [93, 73], "uv_size": [4, -4]}
							}
						},
						{
							"origin": [-1.3, 21.3, -50.75],
							"size": [2.6, 5, 2],
							"inflate": -0.201,
							"uv": {
								"north": {"uv": [44, 95], "uv_size": [3, 5]},
								"east": {"uv": [13, 97], "uv_size": [2, 5]},
								"south": {"uv": [47, 95], "uv_size": [3, 5]},
								"west": {"uv": [16, 97], "uv_size": [2, 5]},
								"up": {"uv": [102, 100], "uv_size": [3, 2]},
								"down": {"uv": [102, 104], "uv_size": [3, -2]}
							}
						},
						{
							"origin": [-1.3, 25.9, -50.75],
							"size": [2.6, 1.5, 2],
							"inflate": -0.201,
							"uv": {
								"north": {"uv": [107, 57], "uv_size": [3, 1]},
								"east": {"uv": [109, 19], "uv_size": [2, 1]},
								"south": {"uv": [107, 75], "uv_size": [3, 1]},
								"west": {"uv": [27, 109], "uv_size": [2, 1]},
								"up": {"uv": [103, 50], "uv_size": [3, 2]},
								"down": {"uv": [57, 105], "uv_size": [3, -2]}
							}
						},
						{
							"origin": [-1.55, 25.65, -51.25],
							"size": [3.1, 2, 1.5],
							"inflate": -0.201,
							"uv": {
								"north": {"uv": [103, 80], "uv_size": [3, 2]},
								"east": {"uv": [106, 50], "uv_size": [2, 2]},
								"south": {"uv": [103, 82], "uv_size": [3, 2]},
								"west": {"uv": [70, 106], "uv_size": [2, 2]},
								"up": {"uv": [96, 103], "uv_size": [3, 2]},
								"down": {"uv": [99, 105], "uv_size": [3, -2]}
							}
						},
						{
							"origin": [-1.5, 27.05, -18.15],
							"size": [3, 1, 22],
							"inflate": -0.201,
							"uv": {
								"north": {"uv": [107, 17], "uv_size": [3, 1]},
								"east": {"uv": [86, 54], "uv_size": [22, 1]},
								"south": {"uv": [107, 18], "uv_size": [3, 1]},
								"west": {"uv": [86, 55], "uv_size": [22, 1]},
								"up": {"uv": [24, 48], "uv_size": [3, 22]},
								"down": {"uv": [27, 70], "uv_size": [3, -22]}
							}
						},
						{
							"origin": [0.3, 30.8, -49.15],
							"size": [1, 2.5, 2.5],
							"inflate": -0.201,
							"pivot": [0.5, 31, 0],
							"rotation": [0, 0, 5],
							"uv": {
								"north": {"uv": [109, 22], "uv_size": [1, 2]},
								"east": {"uv": [106, 33], "uv_size": [2, 2]},
								"south": {"uv": [24, 109], "uv_size": [1, 2]},
								"west": {"uv": [106, 37], "uv_size": [2, 2]},
								"up": {"uv": [25, 109], "uv_size": [1, 2]},
								"down": {"uv": [109, 27], "uv_size": [1, -2]}
							}
						},
						{
							"origin": [-0.7, 23.65, -18.9],
							"size": [2, 2, 1],
							"inflate": 0.2,
							"pivot": [-0.7, 25.65, 8.25],
							"rotation": [0, 0, 16],
							"uv": {
								"north": {"uv": [106, 8], "uv_size": [2, 2]},
								"east": {"uv": [109, 6], "uv_size": [1, 2]},
								"south": {"uv": [18, 106], "uv_size": [2, 2]},
								"west": {"uv": [13, 109], "uv_size": [1, 2]},
								"up": {"uv": [14, 109], "uv_size": [2, 1]},
								"down": {"uv": [16, 110], "uv_size": [2, -1]}
							}
						},
						{
							"origin": [-1, 27.5, -44.15],
							"size": [2, 1, 26],
							"inflate": 0.002,
							"uv": {
								"north": {"uv": [72, 108], "uv_size": [2, 1]},
								"east": {"uv": [84, 15], "uv_size": [26, 1]},
								"south": {"uv": [108, 74], "uv_size": [2, 1]},
								"west": {"uv": [84, 47], "uv_size": [26, 1]},
								"up": {"uv": [2, 65], "uv_size": [2, 26]},
								"down": {"uv": [4, 91], "uv_size": [2, -26]}
							}
						},
						{
							"origin": [-0.9, 21.65, -44.15],
							"size": [1.8, 1, 26],
							"inflate": 0.002,
							"uv": {
								"north": {"uv": [70, 108], "uv_size": [2, 1]},
								"east": {"uv": [82, 59], "uv_size": [26, 1]},
								"south": {"uv": [108, 71], "uv_size": [2, 1]},
								"west": {"uv": [84, 14], "uv_size": [26, 1]},
								"up": {"uv": [30, 48], "uv_size": [2, 26]},
								"down": {"uv": [0, 91], "uv_size": [2, -26]}
							}
						},
						{
							"origin": [-1, 25.55, 3],
							"size": [2, 1, 4],
							"inflate": -0.001,
							"uv": {
								"north": {"uv": [97, 72], "uv_size": [2, 1]},
								"east": {"uv": [104, 58], "uv_size": [4, 1]},
								"south": {"uv": [107, 102], "uv_size": [2, 1]},
								"west": {"uv": [104, 60], "uv_size": [4, 1]},
								"up": {"uv": [24, 100], "uv_size": [2, 4]},
								"down": {"uv": [100, 28], "uv_size": [2, -4]}
							}
						},
						{
							"origin": [-1, 25.9, -18],
							"size": [2, 1.4, 21],
							"inflate": -0.002,
							"uv": {
								"north": {"uv": [88, 12], "uv_size": [2, 1]},
								"east": {"uv": [86, 56], "uv_size": [21, 1]},
								"south": {"uv": [30, 94], "uv_size": [2, 1]},
								"west": {"uv": [86, 57], "uv_size": [21, 1]},
								"up": {"uv": [22, 65], "uv_size": [2, 21]},
								"down": {"uv": [36, 87], "uv_size": [2, -21]}
							}
						}
					]
				},
				{
					"name": "buttstock",
					"parent": "gun",
					"pivot": [0, 0, 0],
					"cubes": [
						{
							"origin": [0, 24.5, 10.15],
							"size": [2, 2, 20],
							"pivot": [0, 26.5, 12.15],
							"rotation": [0, 0, 22],
							"uv": {
								"north": {"uv": [87, 38], "uv_size": [2, 2]},
								"east": {"uv": [69, 24], "uv_size": [20, 2]},
								"south": {"uv": [16, 90], "uv_size": [2, 2]},
								"west": {"uv": [69, 26], "uv_size": [20, 2]},
								"up": {"uv": [38, 66], "uv_size": [2, 20]},
								"down": {"uv": [40, 86], "uv_size": [2, -20]}
							}
						},
						{
							"origin": [-2, 24.5, 10.15],
							"size": [2, 2, 20],
							"inflate": -0.001,
							"pivot": [0, 26.5, 12.15],
							"rotation": [0, 0, -22],
							"uv": {
								"north": {"uv": [104, 76], "uv_size": [2, 2]},
								"east": {"uv": [69, 28], "uv_size": [20, 2]},
								"south": {"uv": [104, 78], "uv_size": [2, 2]},
								"west": {"uv": [69, 30], "uv_size": [20, 2]},
								"up": {"uv": [42, 66], "uv_size": [2, 20]},
								"down": {"uv": [69, 72], "uv_size": [2, -20]}
							}
						},
						{
							"origin": [1.85, 23.75, 10.15],
							"size": [2, 2, 20],
							"inflate": 0.001,
							"pivot": [1.85, 25.75, 12.15],
							"rotation": [0, 0, 85],
							"uv": {
								"north": {"uv": [104, 93], "uv_size": [2, 2]},
								"east": {"uv": [69, 32], "uv_size": [20, 2]},
								"south": {"uv": [104, 95], "uv_size": [2, 2]},
								"west": {"uv": [69, 34], "uv_size": [20, 2]},
								"up": {"uv": [24, 70], "uv_size": [2, 20]},
								"down": {"uv": [26, 90], "uv_size": [2, -20]}
							}
						},
						{
							"origin": [-3.85, 23.75, 10.15],
							"size": [2, 2, 20],
							"inflate": 0.001,
							"pivot": [-1.85, 25.75, 12.15],
							"rotation": [0, 0, -85],
							"uv": {
								"north": {"uv": [104, 97], "uv_size": [2, 2]},
								"east": {"uv": [69, 36], "uv_size": [20, 2]},
								"south": {"uv": [102, 104], "uv_size": [2, 2]},
								"west": {"uv": [70, 0], "uv_size": [20, 2]},
								"up": {"uv": [28, 70], "uv_size": [2, 20]},
								"down": {"uv": [71, 72], "uv_size": [2, -20]}
							}
						},
						{
							"origin": [-1, 16.8, 14.15],
							"size": [2, 4, 16],
							"uv": {
								"north": {"uv": [30, 100], "uv_size": [2, 4]},
								"east": {"uv": [52, 49], "uv_size": [16, 4]},
								"south": {"uv": [32, 100], "uv_size": [2, 4]},
								"west": {"uv": [44, 53], "uv_size": [16, 4]},
								"up": {"uv": [11, 77], "uv_size": [2, 16]},
								"down": {"uv": [13, 93], "uv_size": [2, -16]}
							}
						},
						{
							"origin": [-5.02, 21.75, 10.15],
							"size": [3, 2, 20],
							"pivot": [-2.02, 23.75, 12.15],
							"rotation": [0, 0, -94],
							"uv": {
								"north": {"uv": [102, 2], "uv_size": [3, 2]},
								"east": {"uv": [70, 2], "uv_size": [20, 2]},
								"south": {"uv": [102, 6], "uv_size": [3, 2]},
								"west": {"uv": [70, 4], "uv_size": [20, 2]},
								"up": {"uv": [52, 57], "uv_size": [3, 20]},
								"down": {"uv": [55, 77], "uv_size": [3, -20]}
							}
						},
						{
							"origin": [2.02, 21.75, 10.15],
							"size": [3, 2, 20],
							"pivot": [2.02, 23.75, 12.15],
							"rotation": [0, 0, 94],
							"uv": {
								"north": {"uv": [102, 8], "uv_size": [3, 2]},
								"east": {"uv": [70, 6], "uv_size": [20, 2]},
								"south": {"uv": [102, 10], "uv_size": [3, 2]},
								"west": {"uv": [70, 8], "uv_size": [20, 2]},
								"up": {"uv": [58, 57], "uv_size": [3, 20]},
								"down": {"uv": [61, 73], "uv_size": [3, -20]}
							}
						},
						{
							"origin": [-0.9, 14.3, 25.15],
							"size": [1.8, 2.5, 5],
							"pivot": [0, 16.8, 29.15],
							"rotation": [-20, 0, 0],
							"uv": {
								"north": {"uv": [12, 102], "uv_size": [2, 3]},
								"east": {"uv": [95, 16], "uv_size": [5, 3]},
								"south": {"uv": [16, 102], "uv_size": [2, 3]},
								"west": {"uv": [95, 42], "uv_size": [5, 3]},
								"up": {"uv": [6, 97], "uv_size": [2, 5]},
								"down": {"uv": [11, 102], "uv_size": [2, -5]}
							}
						},
						{
							"origin": [-1.25, 14.61068, 18.41889],
							"size": [2.5, 2.5, 5.5],
							"pivot": [0, 17.05, 23.9],
							"rotation": [-20, 0, 0],
							"uv": {
								"north": {"uv": [97, 96], "uv_size": [3, 3]},
								"east": {"uv": [90, 66], "uv_size": [6, 3]},
								"south": {"uv": [98, 30], "uv_size": [3, 3]},
								"west": {"uv": [91, 78], "uv_size": [6, 3]},
								"up": {"uv": [85, 91], "uv_size": [3, 6]},
								"down": {"uv": [92, 36], "uv_size": [3, -6]}
							}
						},
						{
							"origin": [-2.15, 19.8, 29.15],
							"size": [4.3, 7, 1],
							"pivot": [0, 16.8, 29.15],
							"rotation": [-5, 0, 0],
							"uv": {
								"north": {"uv": [81, 73], "uv_size": [4, 7]},
								"east": {"uv": [88, 101], "uv_size": [1, 7]},
								"south": {"uv": [77, 81], "uv_size": [4, 7]},
								"west": {"uv": [89, 101], "uv_size": [1, 7]},
								"up": {"uv": [104, 61], "uv_size": [4, 1]},
								"down": {"uv": [104, 72], "uv_size": [4, -1]}
							}
						},
						{
							"origin": [1.15, 14.03053, 29.401],
							"size": [1, 6, 1],
							"pivot": [0, 19.95, 29.5],
							"rotation": [-4.98107, 0.43523, 4.98107],
							"uv": {
								"north": {"uv": [14, 102], "uv_size": [1, 6]},
								"east": {"uv": [27, 102], "uv_size": [1, 6]},
								"south": {"uv": [28, 102], "uv_size": [1, 6]},
								"west": {"uv": [29, 102], "uv_size": [1, 6]},
								"up": {"uv": [109, 59], "uv_size": [1, 1]},
								"down": {"uv": [109, 61], "uv_size": [1, -1]}
							}
						},
						{
							"origin": [-2.09239, 13.95484, 29.401],
							"size": [1, 6, 1],
							"pivot": [-1.25, 19.7, 29.5],
							"rotation": [-4.98107, -0.43523, -4.98107],
							"uv": {
								"north": {"uv": [40, 102], "uv_size": [1, 6]},
								"east": {"uv": [41, 102], "uv_size": [1, 6]},
								"south": {"uv": [42, 102], "uv_size": [1, 6]},
								"west": {"uv": [43, 102], "uv_size": [1, 6]},
								"up": {"uv": [61, 109], "uv_size": [1, 1]},
								"down": {"uv": [109, 62], "uv_size": [1, -1]}
							}
						},
						{
							"origin": [-1.15, 13.8, 29.15],
							"size": [2.3, 6, 1],
							"pivot": [0, 16.8, 29.15],
							"rotation": [-5, 0, 0],
							"uv": {
								"north": {"uv": [0, 96], "uv_size": [2, 6]},
								"east": {"uv": [44, 102], "uv_size": [1, 6]},
								"south": {"uv": [2, 96], "uv_size": [2, 6]},
								"west": {"uv": [45, 102], "uv_size": [1, 6]},
								"up": {"uv": [42, 108], "uv_size": [2, 1]},
								"down": {"uv": [44, 109], "uv_size": [2, -1]}
							}
						},
						{
							"origin": [-0.25, 27.05, 24.15],
							"size": [0.5, 0.5, 5],
							"uv": {
								"north": {"uv": [109, 63], "uv_size": [1, 1]},
								"east": {"uv": [104, 42], "uv_size": [5, 1]},
								"south": {"uv": [109, 64], "uv_size": [1, 1]},
								"west": {"uv": [104, 43], "uv_size": [5, 1]},
								"up": {"uv": [35, 104], "uv_size": [1, 5]},
								"down": {"uv": [38, 109], "uv_size": [1, -5]}
							}
						},
						{
							"origin": [-0.25, 26.05, 23.15],
							"size": [0.5, 1.5, 1],
							"uv": {
								"north": {"uv": [108, 50], "uv_size": [1, 2]},
								"east": {"uv": [108, 54], "uv_size": [1, 2]},
								"south": {"uv": [108, 58], "uv_size": [1, 2]},
								"west": {"uv": [60, 108], "uv_size": [1, 2]},
								"up": {"uv": [109, 65], "uv_size": [1, 1]},
								"down": {"uv": [109, 67], "uv_size": [1, -1]}
							}
						},
						{
							"origin": [-0.25, 26.05, 29.15],
							"size": [0.5, 1.5, 1],
							"uv": {
								"north": {"uv": [108, 60], "uv_size": [1, 2]},
								"east": {"uv": [62, 108], "uv_size": [1, 2]},
								"south": {"uv": [63, 108], "uv_size": [1, 2]},
								"west": {"uv": [67, 108], "uv_size": [1, 2]},
								"up": {"uv": [109, 67], "uv_size": [1, 1]},
								"down": {"uv": [109, 69], "uv_size": [1, -1]}
							}
						},
						{
							"origin": [-1, 18.8, 10.15],
							"size": [2, 2, 4],
							"uv": {
								"north": {"uv": [106, 93], "uv_size": [2, 2]},
								"east": {"uv": [101, 40], "uv_size": [4, 2]},
								"south": {"uv": [106, 95], "uv_size": [2, 2]},
								"west": {"uv": [57, 101], "uv_size": [4, 2]},
								"up": {"uv": [78, 101], "uv_size": [2, 4]},
								"down": {"uv": [101, 84], "uv_size": [2, -4]}
							}
						},
						{
							"origin": [-0.5, 15.05, 20.15],
							"size": [1, 1, 1],
							"uv": {
								"north": {"uv": [110, 2], "uv_size": [1, 1]},
								"east": {"uv": [3, 110], "uv_size": [1, 1]},
								"south": {"uv": [110, 3], "uv_size": [1, 1]},
								"west": {"uv": [4, 110], "uv_size": [1, 1]},
								"up": {"uv": [110, 4], "uv_size": [1, 1]},
								"down": {"uv": [5, 111], "uv_size": [1, -1]}
							}
						}
					]
				},
				{
					"name": "ironsights",
					"parent": "gun",
					"pivot": [-0.5, 31, 0],
					"cubes": [
						{
							"origin": [-1.9, 31.15, -17.15],
							"size": [3.8, 1, 18],
							"inflate": -0.201,
							"uv": {
								"north": {"uv": [105, 68], "uv_size": [4, 1]},
								"east": {"uv": [86, 58], "uv_size": [18, 1]},
								"south": {"uv": [105, 69], "uv_size": [4, 1]},
								"west": {"uv": [88, 13], "uv_size": [18, 1]},
								"up": {"uv": [8, 48], "uv_size": [4, 18]},
								"down": {"uv": [12, 66], "uv_size": [4, -18]}
							}
						},
						{
							"origin": [-2, 31.15, -17.15],
							"size": [1, 1.5, 20],
							"inflate": -0.201,
							"pivot": [0, 31.35, -14.95],
							"rotation": [3.5, 0, 0],
							"uv": {
								"north": {"uv": [88, 108], "uv_size": [1, 2]},
								"east": {"uv": [70, 10], "uv_size": [20, 2]},
								"south": {"uv": [89, 108], "uv_size": [1, 2]},
								"west": {"uv": [73, 60], "uv_size": [20, 2]},
								"up": {"uv": [80, 88], "uv_size": [1, 20]},
								"down": {"uv": [9, 110], "uv_size": [1, -20]}
							}
						},
						{
							"origin": [0.95, 28.71616, -1.24575],
							"size": [1, 5, 4],
							"inflate": -0.201,
							"pivot": [-0.1, 33.45, 2.45],
							"rotation": [23.5, 0, 0],
							"uv": {
								"north": {"uv": [39, 104], "uv_size": [1, 5]},
								"east": {"uv": [91, 73], "uv_size": [4, 5]},
								"south": {"uv": [48, 104], "uv_size": [1, 5]},
								"west": {"uv": [16, 92], "uv_size": [4, 5]},
								"up": {"uv": [58, 105], "uv_size": [1, 4]},
								"down": {"uv": [59, 109], "uv_size": [1, -4]}
							}
						},
						{
							"origin": [-1.95, 28.71616, -1.24575],
							"size": [1, 5, 4],
							"inflate": -0.201,
							"pivot": [0.1, 33.45, 2.45],
							"rotation": [23.5, 0, 0],
							"uv": {
								"north": {"uv": [49, 104], "uv_size": [1, 5]},
								"east": {"uv": [92, 20], "uv_size": [4, 5]},
								"south": {"uv": [104, 66], "uv_size": [1, 5]},
								"west": {"uv": [92, 25], "uv_size": [4, 5]},
								"up": {"uv": [78, 105], "uv_size": [1, 4]},
								"down": {"uv": [79, 109], "uv_size": [1, -4]}
							}
						},
						{
							"origin": [1, 31.15, -17.15],
							"size": [1, 1.5, 20],
							"inflate": -0.201,
							"pivot": [0, 31.35, -14.95],
							"rotation": [3.5, 0, 0],
							"uv": {
								"north": {"uv": [90, 108], "uv_size": [1, 2]},
								"east": {"uv": [73, 62], "uv_size": [20, 2]},
								"south": {"uv": [91, 108], "uv_size": [1, 2]},
								"west": {"uv": [73, 64], "uv_size": [20, 2]},
								"up": {"uv": [10, 90], "uv_size": [1, 20]},
								"down": {"uv": [54, 110], "uv_size": [1, -20]}
							}
						},
						{
							"origin": [-2, 27.65, -17.15],
							"size": [4, 1.5, 22],
							"inflate": -0.201,
							"uv": {
								"north": {"uv": [101, 64], "uv_size": [4, 2]},
								"east": {"uv": [66, 12], "uv_size": [22, 2]},
								"south": {"uv": [101, 84], "uv_size": [4, 2]},
								"west": {"uv": [68, 50], "uv_size": [22, 2]},
								"up": {"uv": [36, 44], "uv_size": [4, 22]},
								"down": {"uv": [40, 66], "uv_size": [4, -22]}
							}
						},
						{
							"origin": [-2, 29.35, -1.15],
							"size": [4, 2.2, 2],
							"inflate": -0.201,
							"uv": {
								"north": {"uv": [100, 68], "uv_size": [4, 2]},
								"east": {"uv": [105, 84], "uv_size": [2, 2]},
								"south": {"uv": [100, 70], "uv_size": [4, 2]},
								"west": {"uv": [105, 87], "uv_size": [2, 2]},
								"up": {"uv": [100, 76], "uv_size": [4, 2]},
								"down": {"uv": [100, 80], "uv_size": [4, -2]}
							}
						},
						{
							"origin": [-1.975, 31.15, -6.15],
							"size": [1, 1.5, 9],
							"inflate": -0.201,
							"uv": {
								"north": {"uv": [108, 93], "uv_size": [1, 2]},
								"east": {"uv": [90, 50], "uv_size": [9, 2]},
								"south": {"uv": [108, 95], "uv_size": [1, 2]},
								"west": {"uv": [92, 81], "uv_size": [9, 2]},
								"up": {"uv": [18, 97], "uv_size": [1, 9]},
								"down": {"uv": [19, 106], "uv_size": [1, -9]}
							}
						},
						{
							"origin": [0.975, 31.15, -6.15],
							"size": [1, 1.5, 9],
							"inflate": -0.201,
							"uv": {
								"north": {"uv": [96, 108], "uv_size": [1, 2]},
								"east": {"uv": [92, 83], "uv_size": [9, 2]},
								"south": {"uv": [97, 108], "uv_size": [1, 2]},
								"west": {"uv": [92, 85], "uv_size": [9, 2]},
								"up": {"uv": [94, 98], "uv_size": [1, 9]},
								"down": {"uv": [95, 107], "uv_size": [1, -9]}
							}
						},
						{
							"origin": [-1.9, 30.65, -7.15],
							"size": [3.8, 1, 2],
							"inflate": -0.201,
							"uv": {
								"north": {"uv": [105, 73], "uv_size": [4, 1]},
								"east": {"uv": [108, 97], "uv_size": [2, 1]},
								"south": {"uv": [105, 89], "uv_size": [4, 1]},
								"west": {"uv": [108, 98], "uv_size": [2, 1]},
								"up": {"uv": [100, 93], "uv_size": [4, 2]},
								"down": {"uv": [100, 97], "uv_size": [4, -2]}
							}
						},
						{
							"origin": [-1.9, 30.65, -13.15],
							"size": [3.8, 1, 2],
							"inflate": -0.201,
							"uv": {
								"north": {"uv": [105, 90], "uv_size": [4, 1]},
								"east": {"uv": [108, 99], "uv_size": [2, 1]},
								"south": {"uv": [105, 91], "uv_size": [4, 1]},
								"west": {"uv": [105, 108], "uv_size": [2, 1]},
								"up": {"uv": [100, 97], "uv_size": [4, 2]},
								"down": {"uv": [101, 32], "uv_size": [4, -2]}
							}
						},
						{
							"origin": [-2, 28.75, -17.1],
							"size": [4, 3, 1],
							"inflate": -0.201,
							"uv": {
								"north": {"uv": [96, 23], "uv_size": [4, 3]},
								"east": {"uv": [75, 106], "uv_size": [1, 3]},
								"south": {"uv": [96, 26], "uv_size": [4, 3]},
								"west": {"uv": [83, 106], "uv_size": [1, 3]},
								"up": {"uv": [105, 92], "uv_size": [4, 1]},
								"down": {"uv": [96, 106], "uv_size": [4, -1]}
							}
						},
						{
							"origin": [-1.99, 30.3, -16.5],
							"size": [3.98, 2, 1],
							"inflate": -0.201,
							"pivot": [0, 31.3, -16.25],
							"rotation": [-45, 0, 0],
							"uv": {
								"north": {"uv": [101, 36], "uv_size": [4, 2]},
								"east": {"uv": [107, 108], "uv_size": [1, 2]},
								"south": {"uv": [101, 38], "uv_size": [4, 2]},
								"west": {"uv": [108, 108], "uv_size": [1, 2]},
								"up": {"uv": [105, 100], "uv_size": [4, 1]},
								"down": {"uv": [105, 102], "uv_size": [4, -1]}
							}
						},
						{
							"origin": [-0.75, 29.35, 0.85],
							"size": [1.5, 4, 1],
							"inflate": -0.201,
							"uv": {
								"north": {"uv": [2, 115], "uv_size": [4, 12]},
								"east": {"uv": [1, 115], "uv_size": [1, 12]},
								"south": {"uv": [6, 115], "uv_size": [4, 12]},
								"west": {"uv": [0, 115], "uv_size": [1, 12]},
								"up": {"uv": [1, 114], "uv_size": [1, 1]},
								"down": {"uv": [2, 115], "uv_size": [1, -1]}
							}
						},
						{
							"origin": [-2, 28.75, -1.15],
							"size": [4, 1, 6],
							"inflate": -0.201,
							"uv": {
								"north": {"uv": [106, 13], "uv_size": [4, 1]},
								"east": {"uv": [96, 102], "uv_size": [6, 1]},
								"south": {"uv": [106, 24], "uv_size": [4, 1]},
								"west": {"uv": [102, 99], "uv_size": [6, 1]},
								"up": {"uv": [89, 36], "uv_size": [4, 6]},
								"down": {"uv": [90, 6], "uv_size": [4, -6]}
							}
						}
					]
				},
				{
					"name": "suppressor",
					"parent": "gun",
					"pivot": [0, 24.3, -67.05],
					"cubes": [
						{
							"origin": [-1.5, 22.8, -73.05],
							"size": [3, 3, 10],
							"inflate": -0.3,
							"pivot": [0, 24.3, -67.05],
							"rotation": [0, 0, -20],
							"uv": {
								"north": {"uv": [27, 99], "uv_size": [3, 3]},
								"east": {"uv": [78, 40], "uv_size": [10, 3]},
								"south": {"uv": [69, 99], "uv_size": [3, 3]},
								"west": {"uv": [44, 80], "uv_size": [10, 3]},
								"up": {"uv": [74, 79], "uv_size": [3, 10]},
								"down": {"uv": [54, 90], "uv_size": [3, -10]}
							}
						}
					]
				},
				{
					"name": "bayonet",
					"parent": "gun",
					"pivot": [-0.5, 31, 0],
					"cubes": [
						{
							"origin": [-1.8, 18.8, -63.15],
							"size": [3.6, 7.5, 1.5],
							"inflate": -0.201,
							"uv": {
								"north": {"uv": [44, 83], "uv_size": [4, 7]},
								"east": {"uv": [0, 102], "uv_size": [1, 7]},
								"south": {"uv": [48, 83], "uv_size": [4, 7]},
								"west": {"uv": [1, 102], "uv_size": [1, 7]},
								"up": {"uv": [106, 62], "uv_size": [4, 1]},
								"down": {"uv": [106, 77], "uv_size": [4, -1]}
							}
						},
						{
							"origin": [-0.55, 19.55, -79.15],
							"size": [1.1, 3, 16.4],
							"inflate": -0.201,
							"uv": {
								"north": {"uv": [8, 107], "uv_size": [1, 3]},
								"east": {"uv": [65, 44], "uv_size": [16, 3]},
								"south": {"uv": [12, 107], "uv_size": [1, 3]},
								"west": {"uv": [68, 47], "uv_size": [16, 3]},
								"up": {"uv": [92, 93], "uv_size": [1, 16]},
								"down": {"uv": [93, 109], "uv_size": [1, -16]}
							}
						},
						{
							"origin": [-2.75, 19.3, -62.15],
							"size": [3, 3, 13.4],
							"inflate": -0.3,
							"pivot": [-1.25, 24.3, -67.05],
							"rotation": [0, 0, -20],
							"uv": {
								"north": {"uv": [96, 99], "uv_size": [3, 3]},
								"east": {"uv": [44, 77], "uv_size": [13, 3]},
								"south": {"uv": [99, 99], "uv_size": [3, 3]},
								"west": {"uv": [77, 66], "uv_size": [13, 3]},
								"up": {"uv": [64, 75], "uv_size": [3, 13]},
								"down": {"uv": [8, 90], "uv_size": [3, -13]}
							}
						},
						{
							"origin": [-0.55, 20.3, -87.15],
							"size": [1.1, 2.25, 8.4],
							"inflate": -0.201,
							"uv": {
								"north": {"uv": [31, 109], "uv_size": [1, 2]},
								"east": {"uv": [94, 0], "uv_size": [8, 2]},
								"south": {"uv": [32, 109], "uv_size": [1, 2]},
								"west": {"uv": [94, 2], "uv_size": [8, 2]},
								"up": {"uv": [87, 100], "uv_size": [1, 8]},
								"down": {"uv": [20, 109], "uv_size": [1, -8]}
							}
						},
						{
							"origin": [-0.5, 19.55, -87.15],
							"size": [1, 2, 8.4],
							"inflate": -0.201,
							"pivot": [-0.5, 19.75, -78.95],
							"rotation": [-5, 0, 0],
							"uv": {
								"north": {"uv": [30, 109], "uv_size": [1, 2]},
								"east": {"uv": [93, 40], "uv_size": [8, 2]},
								"south": {"uv": [109, 30], "uv_size": [1, 2]},
								"west": {"uv": [93, 64], "uv_size": [8, 2]},
								"up": {"uv": [85, 100], "uv_size": [1, 8]},
								"down": {"uv": [86, 108], "uv_size": [1, -8]}
							}
						}
					]
				},
				{
					"name": "charginghandle",
					"parent": "gun",
					"pivot": [-1.1, 27, -7],
					"cubes": [
						{
							"origin": [-2.5, 26.55, 3],
							"size": [5, 1, 2],
							"inflate": -0.002,
							"uv": {
								"north": {"uv": [104, 44], "uv_size": [5, 1]},
								"east": {"uv": [108, 106], "uv_size": [2, 1]},
								"south": {"uv": [104, 45], "uv_size": [5, 1]},
								"west": {"uv": [0, 109], "uv_size": [2, 1]},
								"up": {"uv": [97, 8], "uv_size": [5, 2]},
								"down": {"uv": [97, 12], "uv_size": [5, -2]}
							}
						},
						{
							"origin": [-0.5, 26.55, -7],
							"size": [1, 0.5, 10],
							"inflate": -0.002,
							"uv": {
								"north": {"uv": [110, 1], "uv_size": [1, 1]},
								"east": {"uv": [95, 35], "uv_size": [10, 1]},
								"south": {"uv": [2, 110], "uv_size": [1, 1]},
								"west": {"uv": [96, 29], "uv_size": [10, 1]},
								"up": {"uv": [83, 96], "uv_size": [1, 10]},
								"down": {"uv": [8, 107], "uv_size": [1, -10]}
							}
						}
					]
				},
				{
					"name": "action",
					"parent": "gun",
					"pivot": [-1.1, 27, -18],
					"cubes": [
						{
							"origin": [-0.95, 23.95, -16],
							"size": [2, 2, 9],
							"pivot": [-1.95, 23.95, -27],
							"rotation": [0, 0, 11],
							"uv": {
								"north": {"uv": [73, 106], "uv_size": [2, 2]},
								"east": {"uv": [92, 87], "uv_size": [9, 2]},
								"south": {"uv": [106, 77], "uv_size": [2, 2]},
								"west": {"uv": [92, 89], "uv_size": [9, 2]},
								"up": {"uv": [55, 90], "uv_size": [2, 9]},
								"down": {"uv": [4, 100], "uv_size": [2, -9]}
							}
						},
						{
							"origin": [-0.95, 21.85, -16],
							"size": [2, 2, 9],
							"uv": {
								"north": {"uv": [106, 79], "uv_size": [2, 2]},
								"east": {"uv": [92, 91], "uv_size": [9, 2]},
								"south": {"uv": [106, 81], "uv_size": [2, 2]},
								"west": {"uv": [93, 6], "uv_size": [9, 2]},
								"up": {"uv": [67, 91], "uv_size": [2, 9]},
								"down": {"uv": [20, 101], "uv_size": [2, -9]}
							}
						}
					]
				},
				{
					"name": "magazine",
					"parent": "main",
					"pivot": [0.5, 6.75, -10.25],
					"cubes": [
						{
							"origin": [-1.75, 9.75, -16.5],
							"size": [3.5, 12, 7.5],
							"uv": {
								"north": {"uv": [48, 65], "uv_size": [4, 12]},
								"east": {"uv": [40, 16], "uv_size": [8, 12]},
								"south": {"uv": [66, 0], "uv_size": [4, 12]},
								"west": {"uv": [40, 28], "uv_size": [8, 12]},
								"up": {"uv": [77, 73], "uv_size": [4, 8]},
								"down": {"uv": [78, 60], "uv_size": [4, -8]}
							}
						},
						{
							"origin": [-1.65, 0.75, -16.5],
							"size": [3.3, 9, 7.5],
							"pivot": [0.75, 9.75, -9.05],
							"rotation": [-12.5, 0, 0],
							"uv": {
								"north": {"uv": [38, 86], "uv_size": [3, 9]},
								"east": {"uv": [16, 48], "uv_size": [8, 9]},
								"south": {"uv": [41, 86], "uv_size": [3, 9]},
								"west": {"uv": [48, 16], "uv_size": [8, 9]},
								"up": {"uv": [89, 20], "uv_size": [3, 8]},
								"down": {"uv": [89, 36], "uv_size": [3, -8]}
							}
						}
					]
				},
				{
					"name": "bullet",
					"parent": "magazine",
					"pivot": [-0.15, 21.4, -15.7],
					"cubes": [
						{
							"origin": [-0.65, 20.9, -15.7],
							"size": [1, 1, 6],
							"inflate": 0.2,
							"pivot": [-0.15, 21.4, -15.7],
							"rotation": [0, 0, 21],
							"uv": {
								"north": {"uv": [48, 109], "uv_size": [1, 1]},
								"east": {"uv": [100, 62], "uv_size": [6, 1]},
								"south": {"uv": [109, 48], "uv_size": [1, 1]},
								"west": {"uv": [101, 32], "uv_size": [6, 1]},
								"up": {"uv": [7, 102], "uv_size": [1, 6]},
								"down": {"uv": [11, 108], "uv_size": [1, -6]}
							}
						}
					]
				},
				{
					"name": "magazine2",
					"parent": "main",
					"pivot": [0.5, 6.75, -10.25],
					"cubes": [
						{
							"origin": [-1.75, 9.75, -16.5],
							"size": [3.5, 12, 7.5],
							"uv": {
								"north": {"uv": [48, 65], "uv_size": [4, 12]},
								"east": {"uv": [40, 16], "uv_size": [8, 12]},
								"south": {"uv": [66, 0], "uv_size": [4, 12]},
								"west": {"uv": [40, 28], "uv_size": [8, 12]},
								"up": {"uv": [77, 73], "uv_size": [4, 8]},
								"down": {"uv": [78, 60], "uv_size": [4, -8]}
							}
						},
						{
							"origin": [-1.65, 0.75, -16.5],
							"size": [3.3, 9, 7.5],
							"pivot": [0.75, 9.75, -9.05],
							"rotation": [-12.5, 0, 0],
							"uv": {
								"north": {"uv": [38, 86], "uv_size": [3, 9]},
								"east": {"uv": [16, 48], "uv_size": [8, 9]},
								"south": {"uv": [41, 86], "uv_size": [3, 9]},
								"west": {"uv": [48, 16], "uv_size": [8, 9]},
								"up": {"uv": [89, 20], "uv_size": [3, 8]},
								"down": {"uv": [89, 36], "uv_size": [3, -8]}
							}
						}
					]
				},
				{
					"name": "bullet2",
					"parent": "magazine2",
					"pivot": [-0.15, 21.4, -15.7],
					"cubes": [
						{
							"origin": [-0.65, 20.9, -15.7],
							"size": [1, 1, 6],
							"inflate": 0.2,
							"pivot": [-0.15, 21.4, -15.7],
							"rotation": [0, 0, 21],
							"uv": {
								"north": {"uv": [48, 109], "uv_size": [1, 1]},
								"east": {"uv": [100, 62], "uv_size": [6, 1]},
								"south": {"uv": [109, 48], "uv_size": [1, 1]},
								"west": {"uv": [101, 32], "uv_size": [6, 1]},
								"up": {"uv": [7, 102], "uv_size": [1, 6]},
								"down": {"uv": [11, 108], "uv_size": [1, -6]}
							}
						}
					]
				},
				{
					"name": "muzzleflash",
					"parent": "main",
					"pivot": [0, 24.35, -74.25],
					"cubes": [
						{
							"origin": [-0.5, 23.85, -74.55],
							"size": [1, 1, 1],
							"inflate": -0.4,
							"uv": {
								"north": {"uv": [49, 109], "uv_size": [1, 1]},
								"east": {"uv": [109, 49], "uv_size": [1, 1]},
								"south": {"uv": [50, 109], "uv_size": [1, 1]},
								"west": {"uv": [109, 50], "uv_size": [1, 1]},
								"up": {"uv": [51, 109], "uv_size": [1, 1]},
								"down": {"uv": [109, 52], "uv_size": [1, -1]}
							}
						}
					]
				},
				{
					"name": "scope",
					"parent": "main",
					"pivot": [0, 32.7, 9.75],
					"cubes": [
						{
							"origin": [-0.5, 32.2, 9.2],
							"size": [1, 1, 1],
							"inflate": -0.4,
							"uv": {
								"north": {"uv": [52, 109], "uv_size": [1, 1]},
								"east": {"uv": [53, 109], "uv_size": [1, 1]},
								"south": {"uv": [109, 54], "uv_size": [1, 1]},
								"west": {"uv": [55, 109], "uv_size": [1, 1]},
								"up": {"uv": [109, 55], "uv_size": [1, 1]},
								"down": {"uv": [56, 110], "uv_size": [1, -1]}
							}
						}
					]
				},
				{
					"name": "rightarm",
					"parent": "main",
					"pivot": [-4.3, 8.8, 21.8],
					"rotation": [-101.81106, -12.40003, -2.46982],
					"cubes": [
						{
							"origin": [-8.3, -15.2, 17.8],
							"size": [8, 24, 8],
							"uv": {
								"north": {"uv": [0, 0], "uv_size": [8, 24]},
								"east": {"uv": [8, 0], "uv_size": [8, 24]},
								"south": {"uv": [16, 0], "uv_size": [8, 24]},
								"west": {"uv": [0, 24], "uv_size": [8, 24]},
								"up": {"uv": [56, 16], "uv_size": [8, 8]},
								"down": {"uv": [0, 65], "uv_size": [8, -8]}
							}
						}
					]
				},
				{
					"name": "leftarm",
					"parent": "main",
					"pivot": [10.7, 11.3, -8.6],
					"rotation": [-119.61483, 1.67666, -38.31282],
					"cubes": [
						{
							"origin": [6.7, -12.7, -12.6],
							"size": [8, 24, 8],
							"uv": {
								"north": {"uv": [24, 0], "uv_size": [8, 24]},
								"east": {"uv": [8, 24], "uv_size": [8, 24]},
								"south": {"uv": [16, 24], "uv_size": [8, 24]},
								"west": {"uv": [24, 24], "uv_size": [8, 24]},
								"up": {"uv": [16, 57], "uv_size": [8, 8]},
								"down": {"uv": [44, 65], "uv_size": [8, -8]}
							}
						}
					]
				},
				{
					"name": "_cb_suppressor",
					"parent": "main",
					"pivot": [0, 24.35, -64.15],
					"cubes": [
						{
							"origin": [-0.5, 23.85, -64.65],
							"size": [1, 1, 1],
							"uv": {
								"north": {"uv": [0, 0], "uv_size": [1, 1]},
								"east": {"uv": [0, 0], "uv_size": [1, 1]},
								"south": {"uv": [0, 0], "uv_size": [1, 1]},
								"west": {"uv": [0, 0], "uv_size": [1, 1]},
								"up": {"uv": [1, 1], "uv_size": [-1, -1]},
								"down": {"uv": [1, 1], "uv_size": [-1, -1]}
							}
						}
					]
				},
				{
					"name": "_cb_scope",
					"parent": "main",
					"pivot": [-0.5, 28.25, -6.5],
					"cubes": [
						{
							"origin": [-0.5, 27.75, -5],
							"size": [1, 1, 1],
							"uv": {
								"north": {"uv": [0, 0], "uv_size": [1, 1]},
								"east": {"uv": [0, 0], "uv_size": [1, 1]},
								"south": {"uv": [0, 0], "uv_size": [1, 1]},
								"west": {"uv": [0, 0], "uv_size": [1, 1]},
								"up": {"uv": [1, 1], "uv_size": [-1, -1]},
								"down": {"uv": [1, 1], "uv_size": [-1, -1]}
							}
						}
					]
				}
			]
		}
	]
}