{
	"format_version": "1.12.0",
	"minecraft:geometry": [
		{
			"description": {
				"identifier": "geometry.unknown",
				"texture_width": 128,
				"texture_height": 128,
				"visible_bounds_width": 19,
				"visible_bounds_height": 6,
				"visible_bounds_offset": [0, 1, 0]
			},
			"bones": [
				{
					"name": "main",
					"pivot": [0, 20, 0]
				},
				{
					"name": "gun",
					"parent": "main",
					"pivot": [1, 11, -1]
				},
				{
					"name": "wood",
					"parent": "gun",
					"pivot": [0, 13.3, 31.2],
					"cubes": [
						{
							"origin": [-1.655, 21.45, -53.6],
							"size": [3.25, 2, 40.3],
							"uv": {
								"north": {"uv": [99, 50], "uv_size": [3.5, 2]},
								"east": {"uv": [46, 20], "uv_size": [40.5, 2]},
								"south": {"uv": [98, 99], "uv_size": [3.5, 2]},
								"west": {"uv": [46, 23], "uv_size": [40.5, 2]},
								"up": {"uv": [36, 0], "uv_size": [3.5, 40.5]},
								"down": {"uv": [41, 40.5], "uv_size": [3.5, -40.5]}
							}
						},
						{
							"origin": [-0.655, 23.45, -53.6],
							"size": [2.25, 2, 40.3],
							"uv": {
								"north": {"uv": [104, 24], "uv_size": [2.5, 2]},
								"east": {"uv": [46, 38], "uv_size": [40.5, 2]},
								"south": {"uv": [104, 35], "uv_size": [2.5, 2]},
								"west": {"uv": [8, 50], "uv_size": [40.5, 2]},
								"up": {"uv": [0, 50], "uv_size": [2.5, 40.5]},
								"down": {"uv": [4, 90.5], "uv_size": [2.5, -40.5]}
							}
						},
						{
							"origin": [0.63429, 25.42929, -53.6],
							"size": [1, 2, 40.3],
							"pivot": [1.6, 25.4, -15],
							"rotation": [0, 0, -53],
							"uv": {
								"north": {"uv": [109, 7], "uv_size": [1, 2]},
								"east": {"uv": [46, 26], "uv_size": [40.5, 2]},
								"south": {"uv": [109, 12], "uv_size": [1, 2]},
								"west": {"uv": [46, 29], "uv_size": [40.5, 2]},
								"up": {"uv": [55, 63], "uv_size": [1, 40.5]},
								"down": {"uv": [62, 106.5], "uv_size": [1, -40.5]}
							}
						},
						{
							"origin": [-1.55, 20.69309, -40.97691],
							"size": [3, 1, 18.5],
							"pivot": [-0.05, 20.7, -23.5],
							"rotation": [-2.5, 0, 0],
							"uv": {
								"north": {"uv": [107, 40], "uv_size": [3, 1]},
								"east": {"uv": [82, 48], "uv_size": [18.5, 1]},
								"south": {"uv": [41, 107], "uv_size": [3, 1]},
								"west": {"uv": [83, 0], "uv_size": [18.5, 1]},
								"up": {"uv": [33, 62], "uv_size": [3, 18.5]},
								"down": {"uv": [37, 80.5], "uv_size": [3, -18.5]}
							}
						},
						{
							"origin": [-1.75, 19.3, -23.6],
							"size": [3.4, 4, 8],
							"pivot": [-0.05, 19.3, -15.6],
							"rotation": [-10, 0, 0],
							"uv": {
								"north": {"uv": [89, 37], "uv_size": [3.5, 4]},
								"east": {"uv": [76, 72], "uv_size": [8, 4]},
								"south": {"uv": [57, 89], "uv_size": [3.5, 4]},
								"west": {"uv": [16, 77], "uv_size": [8, 4]},
								"up": {"uv": [76, 77], "uv_size": [3.5, 8]},
								"down": {"uv": [80, 12], "uv_size": [3.5, -8]}
							}
						},
						{
							"origin": [0.95, 19.3, -13.35],
							"size": [0.75, 5, 8],
							"uv": {
								"north": {"uv": [45, 104], "uv_size": [1, 5]},
								"east": {"uv": [71, 4], "uv_size": [8, 5]},
								"south": {"uv": [90, 104], "uv_size": [1, 5]},
								"west": {"uv": [71, 10], "uv_size": [8, 5]},
								"up": {"uv": [98, 23], "uv_size": [1, 8]},
								"down": {"uv": [98, 43], "uv_size": [1, -8]}
							}
						},
						{
							"origin": [-1.8, 19.3, -15.6],
							"size": [3.5, 5, 2.25],
							"uv": {
								"north": {"uv": [33, 85], "uv_size": [3.5, 5]},
								"east": {"uv": [19, 90], "uv_size": [2.5, 5]},
								"south": {"uv": [68, 86], "uv_size": [3.5, 5]},
								"west": {"uv": [90, 83], "uv_size": [2.5, 5]},
								"up": {"uv": [94, 44], "uv_size": [3.5, 2.5]},
								"down": {"uv": [95, 9.5], "uv_size": [3.5, -2.5]}
							}
						},
						{
							"origin": [-1.8, 19.3, -5.35],
							"size": [3.5, 5, 12],
							"uv": {
								"north": {"uv": [85, 2], "uv_size": [3.5, 5]},
								"east": {"uv": [8, 57], "uv_size": [12, 5]},
								"south": {"uv": [28, 85], "uv_size": [3.5, 5]},
								"west": {"uv": [58, 54], "uv_size": [12, 5]},
								"up": {"uv": [16, 63], "uv_size": [3.5, 12]},
								"down": {"uv": [66, 16], "uv_size": [3.5, -12]}
							}
						},
						{
							"origin": [-1.6, 15.29553, 2.77787],
							"size": [3.2, 4, 12.25],
							"pivot": [-0.1, 17.05, 10.7],
							"rotation": [-45, 0, 0],
							"uv": {
								"north": {"uv": [90, 89], "uv_size": [3, 4]},
								"east": {"uv": [41, 63], "uv_size": [12.5, 4]},
								"south": {"uv": [28, 91], "uv_size": [3, 4]},
								"west": {"uv": [65, 41], "uv_size": [12.5, 4]},
								"up": {"uv": [50, 68], "uv_size": [3, 12.5]},
								"down": {"uv": [68, 84.5], "uv_size": [3, -12.5]}
							}
						},
						{
							"origin": [-1.55, 17.3, 9.2],
							"size": [3.1, 4, 4],
							"uv": {
								"north": {"uv": [32, 91], "uv_size": [3, 4]},
								"east": {"uv": [73, 86], "uv_size": [4, 4]},
								"south": {"uv": [50, 91], "uv_size": [3, 4]},
								"west": {"uv": [83, 86], "uv_size": [4, 4]},
								"up": {"uv": [91, 53], "uv_size": [3, 4]},
								"down": {"uv": [73, 95], "uv_size": [3, -4]}
							}
						},
						{
							"origin": [-1.55, 15.3, 13.2],
							"size": [3.1, 7, 19],
							"uv": {
								"north": {"uv": [17, 82], "uv_size": [3, 7]},
								"east": {"uv": [36, 42], "uv_size": [19, 7]},
								"south": {"uv": [21, 82], "uv_size": [3, 7]},
								"west": {"uv": [46, 0], "uv_size": [19, 7]},
								"up": {"uv": [58, 60], "uv_size": [3, 19]},
								"down": {"uv": [29, 81], "uv_size": [3, -19]}
							}
						},
						{
							"origin": [-1.5, 20.55, 8.77787],
							"size": [3, 2, 3.25],
							"pivot": [-0.1, 17.05, 10.7],
							"rotation": [-45, 0, 0],
							"uv": {
								"north": {"uv": [100, 7], "uv_size": [3, 2]},
								"east": {"uv": [89, 42], "uv_size": [3.5, 2]},
								"south": {"uv": [100, 13], "uv_size": [3, 2]},
								"west": {"uv": [99, 44], "uv_size": [3.5, 2]},
								"up": {"uv": [92, 31], "uv_size": [3, 3.5]},
								"down": {"uv": [68, 95.5], "uv_size": [3, -3.5]}
							}
						},
						{
							"origin": [-1.5, 10.3, 13.2],
							"size": [3, 5, 18.9],
							"pivot": [0, 13.3, 31.2],
							"rotation": [-17.5, 0, 0],
							"uv": {
								"north": {"uv": [87, 75], "uv_size": [3, 5]},
								"east": {"uv": [46, 8], "uv_size": [19, 5]},
								"south": {"uv": [88, 17], "uv_size": [3, 5]},
								"west": {"uv": [46, 14], "uv_size": [19, 5]},
								"up": {"uv": [21, 57], "uv_size": [3, 19]},
								"down": {"uv": [25, 76], "uv_size": [3, -19]}
							}
						},
						{
							"origin": [-1.63429, 25.42929, -53.6],
							"size": [1, 2, 40.3],
							"pivot": [-1.6, 25.4, -15],
							"rotation": [0, 0, 53],
							"uv": {
								"north": {"uv": [109, 15], "uv_size": [1, 2]},
								"east": {"uv": [46, 32], "uv_size": [40.5, 2]},
								"south": {"uv": [19, 109], "uv_size": [1, 2]},
								"west": {"uv": [46, 35], "uv_size": [40.5, 2]},
								"up": {"uv": [64, 66], "uv_size": [1, 40.5]},
								"down": {"uv": [66, 106.5], "uv_size": [1, -40.5]}
							}
						},
						{
							"origin": [-1.655, 23.45, -53.6],
							"size": [1, 2, 26],
							"uv": {
								"north": {"uv": [106, 109], "uv_size": [1, 2]},
								"east": {"uv": [62, 60], "uv_size": [26, 2]},
								"south": {"uv": [9, 110], "uv_size": [1, 2]},
								"west": {"uv": [62, 63], "uv_size": [26, 2]},
								"up": {"uv": [48, 74], "uv_size": [1, 26]},
								"down": {"uv": [13, 106], "uv_size": [1, -26]}
							}
						},
						{
							"origin": [-0.905, 23.45, -11.3],
							"size": [0.25, 1.75, 10.6],
							"uv": {
								"north": {"uv": [95, 112], "uv_size": [0.5, 2]},
								"east": {"uv": [28, 82], "uv_size": [10.5, 2]},
								"south": {"uv": [97, 112], "uv_size": [0.5, 2]},
								"west": {"uv": [82, 45], "uv_size": [10.5, 2]},
								"up": {"uv": [53, 103], "uv_size": [0.5, 10.5]},
								"down": {"uv": [81, 113.5], "uv_size": [0.5, -10.5]}
							}
						},
						{
							"origin": [-1.655, 23.45, -27.6],
							"size": [1, 1.25, 14.3],
							"uv": {
								"north": {"uv": [111, 17], "uv_size": [1, 1.5]},
								"east": {"uv": [77, 66], "uv_size": [14.5, 1.5]},
								"south": {"uv": [111, 20], "uv_size": [1, 1.5]},
								"west": {"uv": [77, 69], "uv_size": [14.5, 1.5]},
								"up": {"uv": [88, 83], "uv_size": [1, 14.5]},
								"down": {"uv": [8, 103.5], "uv_size": [1, -14.5]}
							}
						},
						{
							"origin": [-0.95, 19.3, -13.35],
							"size": [1.9, 1, 8],
							"uv": {
								"north": {"uv": [109, 76], "uv_size": [2, 1]},
								"east": {"uv": [97, 79], "uv_size": [8, 1]},
								"south": {"uv": [110, 0], "uv_size": [2, 1]},
								"west": {"uv": [98, 57], "uv_size": [8, 1]},
								"up": {"uv": [38, 85], "uv_size": [2, 8]},
								"down": {"uv": [78, 94], "uv_size": [2, -8]}
							}
						},
						{
							"origin": [-1.8, 19.3, -13.35],
							"size": [0.85, 5, 8],
							"uv": {
								"north": {"uv": [83, 103], "uv_size": [1, 5]},
								"east": {"uv": [41, 68], "uv_size": [8, 5]},
								"south": {"uv": [94, 103], "uv_size": [1, 5]},
								"west": {"uv": [68, 66], "uv_size": [8, 5]},
								"up": {"uv": [6, 97], "uv_size": [1, 8]},
								"down": {"uv": [97, 74], "uv_size": [1, -8]}
							}
						}
					]
				},
				{
					"name": "metal",
					"parent": "gun",
					"pivot": [0, 19.3, 4.75],
					"cubes": [
						{
							"origin": [-1.655, 19.2, -35.3],
							"size": [3.25, 1.5, 1],
							"uv": {
								"north": {"uv": [103, 98], "uv_size": [3.5, 1.5]},
								"east": {"uv": [111, 23], "uv_size": [1, 1.5]},
								"south": {"uv": [104, 7], "uv_size": [3.5, 1.5]},
								"west": {"uv": [111, 26], "uv_size": [1, 1.5]},
								"up": {"uv": [103, 81], "uv_size": [3.5, 1]},
								"down": {"uv": [104, 56], "uv_size": [3.5, -1]}
							}
						},
						{
							"origin": [-0.655, 20.7, -35.3],
							"size": [1.25, 0.5, 1],
							"uv": {
								"north": {"uv": [107, 113], "uv_size": [1.5, 0.5]},
								"east": {"uv": [115, 20], "uv_size": [1, 0.5]},
								"south": {"uv": [114, 2], "uv_size": [1.5, 0.5]},
								"west": {"uv": [21, 115], "uv_size": [1, 0.5]},
								"up": {"uv": [27, 111], "uv_size": [1.5, 1]},
								"down": {"uv": [111, 30], "uv_size": [1.5, -1]}
							}
						},
						{
							"origin": [-1.655, 9.7, 25.7],
							"size": [3.25, 1.5, 1],
							"uv": {
								"north": {"uv": [104, 12], "uv_size": [3.5, 1.5]},
								"east": {"uv": [111, 35], "uv_size": [1, 1.5]},
								"south": {"uv": [104, 15], "uv_size": [3.5, 1.5]},
								"west": {"uv": [36, 111], "uv_size": [1, 1.5]},
								"up": {"uv": [105, 33], "uv_size": [3.5, 1]},
								"down": {"uv": [105, 97], "uv_size": [3.5, -1]}
							}
						},
						{
							"origin": [-0.655, 11.2, 25.7],
							"size": [1.25, 0.5, 1],
							"uv": {
								"north": {"uv": [114, 4], "uv_size": [1.5, 0.5]},
								"east": {"uv": [115, 22], "uv_size": [1, 0.5]},
								"south": {"uv": [114, 6], "uv_size": [1.5, 0.5]},
								"west": {"uv": [23, 115], "uv_size": [1, 0.5]},
								"up": {"uv": [30, 111], "uv_size": [1.5, 1]},
								"down": {"uv": [33, 112], "uv_size": [1.5, -1]}
							}
						},
						{
							"origin": [-1.3, 26.8, -65.9],
							"size": [1, 2, 2.5],
							"inflate": -0.201,
							"pivot": [-0.5, 27, -16.75],
							"rotation": [0, 0, -5],
							"uv": {
								"north": {"uv": [79, 109], "uv_size": [1, 2]},
								"east": {"uv": [41, 104], "uv_size": [2.5, 2]},
								"south": {"uv": [83, 109], "uv_size": [1, 2]},
								"west": {"uv": [104, 44], "uv_size": [2.5, 2]},
								"up": {"uv": [66, 108], "uv_size": [1, 2.5]},
								"down": {"uv": [85, 110.5], "uv_size": [1, -2.5]}
							}
						},
						{
							"origin": [-0.4, 26.8, -65.65],
							"size": [0.8, 1.45, 2],
							"inflate": -0.201,
							"uv": {
								"north": {"uv": [7, 111], "uv_size": [1, 1.5]},
								"east": {"uv": [108, 21], "uv_size": [2, 1.5]},
								"south": {"uv": [111, 14], "uv_size": [1, 1.5]},
								"west": {"uv": [108, 24], "uv_size": [2, 1.5]},
								"up": {"uv": [94, 109], "uv_size": [1, 2]},
								"down": {"uv": [96, 111], "uv_size": [1, -2]}
							}
						},
						{
							"origin": [0.3, 26.8, -65.9],
							"size": [1, 2, 2.5],
							"inflate": -0.201,
							"pivot": [0.5, 27, -16.75],
							"rotation": [0, 0, 5],
							"uv": {
								"north": {"uv": [98, 109], "uv_size": [1, 2]},
								"east": {"uv": [104, 49], "uv_size": [2.5, 2]},
								"south": {"uv": [100, 109], "uv_size": [1, 2]},
								"west": {"uv": [57, 104], "uv_size": [2.5, 2]},
								"up": {"uv": [108, 89], "uv_size": [1, 2.5]},
								"down": {"uv": [92, 110.5], "uv_size": [1, -2.5]}
							}
						},
						{
							"origin": [0.86, 27.55, 0.05],
							"size": [0.52, 0.715, 1],
							"uv": {
								"north": {"uv": [115, 39], "uv_size": [0.5, 0.5]},
								"east": {"uv": [112, 114], "uv_size": [1, 0.5]},
								"south": {"uv": [41, 115], "uv_size": [0.5, 0.5]},
								"west": {"uv": [114, 112], "uv_size": [1, 0.5]},
								"up": {"uv": [114, 114], "uv_size": [0.5, 1]},
								"down": {"uv": [0, 116], "uv_size": [0.5, -1]}
							}
						},
						{
							"origin": [0.875, 26.7, -0.6],
							"size": [0.5, 1, 0.75],
							"pivot": [0, 27.195, 0.4],
							"rotation": [-45, 0, 0],
							"uv": {
								"north": {"uv": [114, 106], "uv_size": [0.5, 1]},
								"east": {"uv": [112, 80], "uv_size": [1, 1]},
								"south": {"uv": [114, 108], "uv_size": [0.5, 1]},
								"west": {"uv": [112, 82], "uv_size": [1, 1]},
								"up": {"uv": [110, 114], "uv_size": [0.5, 1]},
								"down": {"uv": [114, 111], "uv_size": [0.5, -1]}
							}
						},
						{
							"origin": [0.875, 26.95, 0.4],
							"size": [0.5, 0.75, 1],
							"pivot": [0, 27.195, 1.4],
							"rotation": [-45, 0, 0],
							"uv": {
								"north": {"uv": [90, 114], "uv_size": [0.5, 1]},
								"east": {"uv": [78, 112], "uv_size": [1, 1]},
								"south": {"uv": [92, 114], "uv_size": [0.5, 1]},
								"west": {"uv": [112, 78], "uv_size": [1, 1]},
								"up": {"uv": [99, 114], "uv_size": [0.5, 1]},
								"down": {"uv": [101, 115], "uv_size": [0.5, -1]}
							}
						},
						{
							"origin": [0.86, 24.26, -0.64],
							"size": [0.52, 3.29, 2.4],
							"uv": {
								"north": {"uv": [44, 110], "uv_size": [0.5, 3.5]},
								"east": {"uv": [95, 50], "uv_size": [2.5, 3.5]},
								"south": {"uv": [46, 110], "uv_size": [0.5, 3.5]},
								"west": {"uv": [28, 96], "uv_size": [2.5, 3.5]},
								"up": {"uv": [68, 111], "uv_size": [0.5, 2.5]},
								"down": {"uv": [70, 113.5], "uv_size": [0.5, -2.5]}
							}
						},
						{
							"origin": [-1.3, 21.45, -54.6],
							"size": [2.5, 5, 1],
							"uv": {
								"north": {"uv": [89, 60], "uv_size": [2.5, 5]},
								"east": {"uv": [96, 103], "uv_size": [1, 5]},
								"south": {"uv": [90, 2], "uv_size": [2.5, 5]},
								"west": {"uv": [17, 104], "uv_size": [1, 5]},
								"up": {"uv": [75, 108], "uv_size": [2.5, 1]},
								"down": {"uv": [108, 82], "uv_size": [2.5, -1]}
							}
						},
						{
							"origin": [-1.05, 21.95, -59.4],
							"size": [2, 4, 2],
							"uv": {
								"north": {"uv": [3, 97], "uv_size": [2, 4]},
								"east": {"uv": [97, 13], "uv_size": [2, 4]},
								"south": {"uv": [97, 18], "uv_size": [2, 4]},
								"west": {"uv": [25, 97], "uv_size": [2, 4]},
								"up": {"uv": [19, 106], "uv_size": [2, 2]},
								"down": {"uv": [106, 54], "uv_size": [2, -2]}
							}
						},
						{
							"origin": [-1.05, 23.45, -66.65],
							"size": [2, 2.5, 4],
							"uv": {
								"north": {"uv": [38, 104], "uv_size": [2, 2.5]},
								"east": {"uv": [93, 58], "uv_size": [4, 2.5]},
								"south": {"uv": [104, 38], "uv_size": [2, 2.5]},
								"west": {"uv": [93, 62], "uv_size": [4, 2.5]},
								"up": {"uv": [68, 97], "uv_size": [2, 4]},
								"down": {"uv": [98, 6], "uv_size": [2, -4]}
							}
						},
						{
							"origin": [-1.05, 25.95, -65.65],
							"size": [2, 1.25, 2],
							"uv": {
								"north": {"uv": [27, 108], "uv_size": [2, 1.5]},
								"east": {"uv": [108, 27], "uv_size": [2, 1.5]},
								"south": {"uv": [30, 108], "uv_size": [2, 1.5]},
								"west": {"uv": [33, 108], "uv_size": [2, 1.5]},
								"up": {"uv": [72, 106], "uv_size": [2, 2]},
								"down": {"uv": [106, 77], "uv_size": [2, -2]}
							}
						},
						{
							"origin": [-0.55, 18.8, 0],
							"size": [1, 1, 1],
							"pivot": [0, 19.3, 0.5],
							"rotation": [45, 0, 0],
							"uv": {
								"north": {"uv": [83, 2], "uv_size": [1, 1]},
								"east": {"uv": [85, 75], "uv_size": [1, 1]},
								"south": {"uv": [91, 58], "uv_size": [1, 1]},
								"west": {"uv": [103, 93], "uv_size": [1, 1]},
								"up": {"uv": [15, 105], "uv_size": [1, 1]},
								"down": {"uv": [55, 106], "uv_size": [1, -1]}
							}
						},
						{
							"origin": [-1.3, 19.25, -1.6],
							"size": [2.5, 1, 8],
							"uv": {
								"north": {"uv": [108, 59], "uv_size": [2.5, 1]},
								"east": {"uv": [95, 55], "uv_size": [8, 1]},
								"south": {"uv": [108, 61], "uv_size": [2.5, 1]},
								"west": {"uv": [96, 33], "uv_size": [8, 1]},
								"up": {"uv": [50, 82], "uv_size": [2.5, 8]},
								"down": {"uv": [83, 85], "uv_size": [2.5, -8]}
							}
						},
						{
							"origin": [-0.55, 22.3, -60.85],
							"size": [1, 1, 7.25],
							"pivot": [-0.05, 22.8, -13.85],
							"rotation": [0, 0, -22.5],
							"uv": {
								"north": {"uv": [112, 5], "uv_size": [1, 1]},
								"east": {"uv": [98, 64], "uv_size": [7.5, 1]},
								"south": {"uv": [112, 9], "uv_size": [1, 1]},
								"west": {"uv": [98, 88], "uv_size": [7.5, 1]},
								"up": {"uv": [98, 90], "uv_size": [1, 7.5]},
								"down": {"uv": [99, 73.5], "uv_size": [1, -7.5]}
							}
						},
						{
							"origin": [-0.8, 24.05, -72.6],
							"size": [1.5, 1.5, 19],
							"pivot": [-0.05, 24.8, -16.6],
							"rotation": [0, 0, -22.5],
							"uv": {
								"north": {"uv": [108, 93], "uv_size": [1.5, 1.5]},
								"east": {"uv": [71, 57], "uv_size": [19, 1.5]},
								"south": {"uv": [108, 98], "uv_size": [1.5, 1.5]},
								"west": {"uv": [73, 50], "uv_size": [19, 1.5]},
								"up": {"uv": [45, 74], "uv_size": [1.5, 19]},
								"down": {"uv": [25, 96], "uv_size": [1.5, -19]}
							}
						},
						{
							"origin": [-0.55, 17.9, 4.1],
							"size": [1, 0.5, 1.6],
							"pivot": [0, 18.05, 4.85],
							"rotation": [90, 0, 0],
							"uv": {
								"north": {"uv": [7, 114], "uv_size": [1, 0.5]},
								"east": {"uv": [29, 113], "uv_size": [1.5, 0.5]},
								"south": {"uv": [114, 8], "uv_size": [1, 0.5]},
								"west": {"uv": [32, 113], "uv_size": [1.5, 0.5]},
								"up": {"uv": [58, 110], "uv_size": [1, 1.5]},
								"down": {"uv": [60, 111.5], "uv_size": [1, -1.5]}
							}
						},
						{
							"origin": [-0.55, 17.25, 3.35],
							"size": [1, 0.5, 1.6],
							"pivot": [0, 17.3, 4.9],
							"rotation": [45, 0, 0],
							"uv": {
								"north": {"uv": [114, 10], "uv_size": [1, 0.5]},
								"east": {"uv": [113, 35], "uv_size": [1.5, 0.5]},
								"south": {"uv": [114, 12], "uv_size": [1, 0.5]},
								"west": {"uv": [38, 113], "uv_size": [1.5, 0.5]},
								"up": {"uv": [110, 65], "uv_size": [1, 1.5]},
								"down": {"uv": [74, 111.5], "uv_size": [1, -1.5]}
							}
						},
						{
							"origin": [-0.55, 18.15, 1.85],
							"size": [1, 0.5, 1.5],
							"pivot": [0, 18.3, 3.4],
							"rotation": [67.5, 0, 0],
							"uv": {
								"north": {"uv": [25, 114], "uv_size": [1, 0.5]},
								"east": {"uv": [113, 56], "uv_size": [1.5, 0.5]},
								"south": {"uv": [114, 28], "uv_size": [1, 0.5]},
								"west": {"uv": [57, 113], "uv_size": [1.5, 0.5]},
								"up": {"uv": [76, 110], "uv_size": [1, 1.5]},
								"down": {"uv": [110, 79.5], "uv_size": [1, -1.5]}
							}
						},
						{
							"origin": [-0.55, 18, 1.6],
							"size": [1, 0.5, 1.5],
							"pivot": [0, 18.05, 3.15],
							"rotation": [-67.5, 0, 0],
							"uv": {
								"north": {"uv": [114, 30], "uv_size": [1, 0.5]},
								"east": {"uv": [113, 63], "uv_size": [1.5, 0.5]},
								"south": {"uv": [114, 32], "uv_size": [1, 0.5]},
								"west": {"uv": [113, 67], "uv_size": [1.5, 0.5]},
								"up": {"uv": [87, 110], "uv_size": [1, 1.5]},
								"down": {"uv": [89, 111.5], "uv_size": [1, -1.5]}
							}
						},
						{
							"origin": [-0.55, 16.25, -0.15],
							"size": [1, 0.5, 1.6],
							"pivot": [0, 16.3, 1.4],
							"rotation": [-45, 0, 0],
							"uv": {
								"north": {"uv": [35, 114], "uv_size": [1, 0.5]},
								"east": {"uv": [74, 113], "uv_size": [1.5, 0.5]},
								"south": {"uv": [114, 37], "uv_size": [1, 0.5]},
								"west": {"uv": [113, 86], "uv_size": [1.5, 0.5]},
								"up": {"uv": [110, 89], "uv_size": [1, 1.5]},
								"down": {"uv": [110, 104.5], "uv_size": [1, -1.5]}
							}
						},
						{
							"origin": [-0.55, 16.15, 1.35],
							"size": [1, 0.5, 2.5],
							"uv": {
								"north": {"uv": [114, 46], "uv_size": [1, 0.5]},
								"east": {"uv": [111, 40], "uv_size": [2.5, 0.5]},
								"south": {"uv": [114, 51], "uv_size": [1, 0.5]},
								"west": {"uv": [111, 42], "uv_size": [2.5, 0.5]},
								"up": {"uv": [62, 108], "uv_size": [1, 2.5]},
								"down": {"uv": [64, 110.5], "uv_size": [1, -2.5]}
							}
						},
						{
							"origin": [-0.55, 17.9, -0.15],
							"size": [1, 0.5, 1.6],
							"pivot": [0, 18.05, 0.6],
							"rotation": [90, 0, 0],
							"uv": {
								"north": {"uv": [114, 53], "uv_size": [1, 0.5]},
								"east": {"uv": [87, 113], "uv_size": [1.5, 0.5]},
								"south": {"uv": [114, 58], "uv_size": [1, 0.5]},
								"west": {"uv": [113, 91], "uv_size": [1.5, 0.5]},
								"up": {"uv": [110, 106], "uv_size": [1, 1.5]},
								"down": {"uv": [110, 110.5], "uv_size": [1, -1.5]}
							}
						},
						{
							"origin": [-0.3, 18.4, 0.35],
							"size": [0.5, 1.5, 1.5],
							"pivot": [0, 18.05, 0.6],
							"rotation": [90, 0, 0],
							"uv": {
								"north": {"uv": [60, 113], "uv_size": [0.5, 1.5]},
								"east": {"uv": [0, 109], "uv_size": [1.5, 1.5]},
								"south": {"uv": [113, 93], "uv_size": [0.5, 1.5]},
								"west": {"uv": [109, 2], "uv_size": [1.5, 1.5]},
								"up": {"uv": [113, 96], "uv_size": [0.5, 1.5]},
								"down": {"uv": [113, 100.5], "uv_size": [0.5, -1.5]}
							}
						},
						{
							"origin": [-1.375, 24.3, 1.15],
							"size": [2.75, 1.4, 4],
							"uv": {
								"north": {"uv": [100, 104], "uv_size": [3, 1.5]},
								"east": {"uv": [100, 95], "uv_size": [4, 1.5]},
								"south": {"uv": [104, 104], "uv_size": [3, 1.5]},
								"west": {"uv": [101, 2], "uv_size": [4, 1.5]},
								"up": {"uv": [91, 75], "uv_size": [3, 4]},
								"down": {"uv": [3, 96], "uv_size": [3, -4]}
							}
						},
						{
							"origin": [-1.375, 26, -6.35],
							"size": [0.75, 1, 3],
							"uv": {
								"north": {"uv": [112, 33], "uv_size": [1, 1]},
								"east": {"uv": [107, 101], "uv_size": [3, 1]},
								"south": {"uv": [112, 46], "uv_size": [1, 1]},
								"west": {"uv": [104, 107], "uv_size": [3, 1]},
								"up": {"uv": [29, 57], "uv_size": [1, 3]},
								"down": {"uv": [90, 16], "uv_size": [1, -3]}
							}
						},
						{
							"origin": [0.625, 26, -6.35],
							"size": [0.75, 1, 3],
							"uv": {
								"north": {"uv": [112, 54], "uv_size": [1, 1]},
								"east": {"uv": [108, 5], "uv_size": [3, 1]},
								"south": {"uv": [112, 61], "uv_size": [1, 1]},
								"west": {"uv": [108, 10], "uv_size": [3, 1]},
								"up": {"uv": [92, 104], "uv_size": [1, 3]},
								"down": {"uv": [8, 108], "uv_size": [1, -3]}
							}
						},
						{
							"origin": [-0.625, 26, -5.35],
							"size": [1.25, 1, 2],
							"uv": {
								"north": {"uv": [111, 7], "uv_size": [1.5, 1]},
								"east": {"uv": [55, 109], "uv_size": [2, 1]},
								"south": {"uv": [111, 12], "uv_size": [1.5, 1]},
								"west": {"uv": [68, 109], "uv_size": [2, 1]},
								"up": {"uv": [59, 107], "uv_size": [1.5, 2]},
								"down": {"uv": [108, 20], "uv_size": [1.5, -2]}
							}
						},
						{
							"origin": [-1.325, 25.25, -4.35],
							"size": [2.65, 1.5, 4],
							"uv": {
								"north": {"uv": [106, 78], "uv_size": [2.5, 1.5]},
								"east": {"uv": [100, 28], "uv_size": [4, 1.5]},
								"south": {"uv": [12, 107], "uv_size": [2.5, 1.5]},
								"west": {"uv": [81, 100], "uv_size": [4, 1.5]},
								"up": {"uv": [93, 66], "uv_size": [2.5, 4]},
								"down": {"uv": [94, 6], "uv_size": [2.5, -4]}
							}
						},
						{
							"origin": [-0.4, 27.65, 0.35],
							"size": [0.8, 0.8, 0.4],
							"pivot": [0, 28.05, 17.95],
							"rotation": [0, 0, -45],
							"uv": {
								"north": {"uv": [83, 112], "uv_size": [1.5, 1.5]},
								"east": {"uv": [115, 0], "uv_size": [0.5, 1]},
								"south": {"uv": [112, 84], "uv_size": [1.5, 1.5]},
								"west": {"uv": [2, 115], "uv_size": [0.5, 1]},
								"up": {"uv": [4, 115], "uv_size": [1, 0.5]},
								"down": {"uv": [9, 115.5], "uv_size": [1, -0.5]}
							}
						},
						{
							"origin": [-1.9, 26.65, 0.35],
							"size": [0.8, 0.8, 0.5],
							"pivot": [-1.5, 27.05, 0.55],
							"rotation": [90, -45, -90],
							"uv": {
								"north": {"uv": [85, 112], "uv_size": [1, 1]},
								"east": {"uv": [11, 115], "uv_size": [0.5, 1]},
								"south": {"uv": [112, 89], "uv_size": [1, 1]},
								"west": {"uv": [13, 115], "uv_size": [0.5, 1]},
								"up": {"uv": [115, 14], "uv_size": [1, 0.5]},
								"down": {"uv": [15, 115.5], "uv_size": [1, -0.5]}
							}
						},
						{
							"origin": [1.3, 26.65, 0.4],
							"size": [0.8, 0.8, 0.5],
							"pivot": [1.7, 27.05, 0.55],
							"rotation": [90, -45, -90],
							"uv": {
								"north": {"uv": [91, 112], "uv_size": [1, 1]},
								"east": {"uv": [115, 16], "uv_size": [0.5, 1]},
								"south": {"uv": [93, 112], "uv_size": [1, 1]},
								"west": {"uv": [17, 115], "uv_size": [0.5, 1]},
								"up": {"uv": [115, 18], "uv_size": [1, 0.5]},
								"down": {"uv": [19, 115.5], "uv_size": [1, -0.5]}
							}
						},
						{
							"origin": [-0.15, 27.4, 0.45],
							"size": [0.3, 0.3, 0.2],
							"uv": {
								"north": {"uv": [115, 41], "uv_size": [0.5, 0.5]},
								"east": {"uv": [43, 115], "uv_size": [0.5, 0.5]},
								"south": {"uv": [115, 43], "uv_size": [0.5, 0.5]},
								"west": {"uv": [45, 115], "uv_size": [0.5, 0.5]},
								"up": {"uv": [47, 115], "uv_size": [0.5, 0.5]},
								"down": {"uv": [115, 48.5], "uv_size": [0.5, -0.5]}
							}
						},
						{
							"origin": [-1.375, 25.2, 0.4],
							"size": [2.75, 1, 2],
							"pivot": [0, 25.695, 1.9],
							"rotation": [-45, 0, 0],
							"uv": {
								"north": {"uv": [107, 57], "uv_size": [3, 1]},
								"east": {"uv": [3, 109], "uv_size": [2, 1]},
								"south": {"uv": [107, 63], "uv_size": [3, 1]},
								"west": {"uv": [6, 109], "uv_size": [2, 1]},
								"up": {"uv": [100, 22], "uv_size": [3, 2]},
								"down": {"uv": [100, 27], "uv_size": [3, -2]}
							}
						},
						{
							"origin": [-1.375, 26.95, 0.4],
							"size": [0.5, 0.75, 1],
							"pivot": [0, 27.195, 1.4],
							"rotation": [-45, 0, 0],
							"uv": {
								"north": {"uv": [114, 77], "uv_size": [0.5, 1]},
								"east": {"uv": [112, 70], "uv_size": [1, 1]},
								"south": {"uv": [79, 114], "uv_size": [0.5, 1]},
								"west": {"uv": [112, 72], "uv_size": [1, 1]},
								"up": {"uv": [114, 79], "uv_size": [0.5, 1]},
								"down": {"uv": [114, 82], "uv_size": [0.5, -1]}
							}
						},
						{
							"origin": [-1.375, 26.7, -0.6],
							"size": [0.5, 1, 0.75],
							"pivot": [0, 27.195, 0.4],
							"rotation": [-45, 0, 0],
							"uv": {
								"north": {"uv": [83, 114], "uv_size": [0.5, 1]},
								"east": {"uv": [112, 74], "uv_size": [1, 1]},
								"south": {"uv": [114, 83], "uv_size": [0.5, 1]},
								"west": {"uv": [112, 76], "uv_size": [1, 1]},
								"up": {"uv": [85, 114], "uv_size": [0.5, 1]},
								"down": {"uv": [114, 89], "uv_size": [0.5, -1]}
							}
						},
						{
							"origin": [-1.38, 27.55, 0.05],
							"size": [0.52, 0.715, 1],
							"uv": {
								"north": {"uv": [37, 115], "uv_size": [0.5, 0.5]},
								"east": {"uv": [114, 102], "uv_size": [1, 0.5]},
								"south": {"uv": [39, 115], "uv_size": [0.5, 0.5]},
								"west": {"uv": [103, 114], "uv_size": [1, 0.5]},
								"up": {"uv": [114, 104], "uv_size": [0.5, 1]},
								"down": {"uv": [105, 115], "uv_size": [0.5, -1]}
							}
						},
						{
							"origin": [-1.38, 24.26, -0.64],
							"size": [0.52, 3.29, 2.4],
							"uv": {
								"north": {"uv": [48, 110], "uv_size": [0.5, 3.5]},
								"east": {"uv": [32, 96], "uv_size": [2.5, 3.5]},
								"south": {"uv": [50, 110], "uv_size": [0.5, 3.5]},
								"west": {"uv": [50, 96], "uv_size": [2.5, 3.5]},
								"up": {"uv": [72, 111], "uv_size": [0.5, 2.5]},
								"down": {"uv": [111, 94.5], "uv_size": [0.5, -2.5]}
							}
						},
						{
							"origin": [-1.275, 21.7, -1.65],
							"size": [2.55, 5.75, 1],
							"pivot": [0, 25.695, -0.1],
							"rotation": [-75, 0, 0],
							"uv": {
								"north": {"uv": [88, 23], "uv_size": [2.5, 6]},
								"east": {"uv": [88, 99], "uv_size": [1, 6]},
								"south": {"uv": [88, 30], "uv_size": [2.5, 6]},
								"west": {"uv": [100, 35], "uv_size": [1, 6]},
								"up": {"uv": [108, 70], "uv_size": [2.5, 1]},
								"down": {"uv": [108, 73], "uv_size": [2.5, -1]}
							}
						},
						{
							"origin": [-1.38, 23.8, 4.39],
							"size": [2.75, 1.75, 1],
							"pivot": [-1.55, 24.3, 4.4],
							"rotation": [10, 0, 0],
							"uv": {
								"north": {"uv": [100, 16], "uv_size": [3, 2]},
								"east": {"uv": [86, 17], "uv_size": [1, 2]},
								"south": {"uv": [100, 19], "uv_size": [3, 2]},
								"west": {"uv": [93, 50], "uv_size": [1, 2]},
								"up": {"uv": [107, 42], "uv_size": [3, 1]},
								"down": {"uv": [55, 108], "uv_size": [3, -1]}
							}
						},
						{
							"origin": [-1.6, 9.9, 31.8],
							"size": [3.2, 12.5, 1.2],
							"pivot": [0, 18, 32],
							"rotation": [-5, 0, 0],
							"uv": {
								"north": {"uv": [72, 72], "uv_size": [3, 12.5]},
								"east": {"uv": [10, 89], "uv_size": [1, 12.5]},
								"south": {"uv": [41, 74], "uv_size": [3, 12.5]},
								"west": {"uv": [17, 90], "uv_size": [1, 12.5]},
								"up": {"uv": [107, 30], "uv_size": [3, 1]},
								"down": {"uv": [107, 39], "uv_size": [3, -1]}
							}
						},
						{
							"origin": [0.755, 23.8, -13.3],
							"size": [0.75, 1.9, 18.45],
							"pivot": [1.5, 24.3, 4.4],
							"rotation": [0, 0, -5],
							"uv": {
								"north": {"uv": [0, 112], "uv_size": [0.5, 2]},
								"east": {"uv": [66, 17], "uv_size": [18.5, 2]},
								"south": {"uv": [112, 2], "uv_size": [0.5, 2]},
								"west": {"uv": [71, 54], "uv_size": [18.5, 2]},
								"up": {"uv": [23, 90], "uv_size": [0.5, 18.5]},
								"down": {"uv": [36, 109.5], "uv_size": [0.5, -18.5]}
							}
						},
						{
							"origin": [1.005, 23.8, -6.3],
							"size": [1, 1, 2],
							"pivot": [1.5, 24.3, 4.4],
							"rotation": [0, 0, -5],
							"uv": {
								"north": {"uv": [112, 65], "uv_size": [1, 1]},
								"east": {"uv": [71, 109], "uv_size": [2, 1]},
								"south": {"uv": [66, 112], "uv_size": [1, 1]},
								"west": {"uv": [109, 74], "uv_size": [2, 1]},
								"up": {"uv": [21, 109], "uv_size": [1, 2]},
								"down": {"uv": [25, 111], "uv_size": [1, -2]}
							}
						},
						{
							"origin": [-1.505, 23.8, 2.7],
							"size": [0.75, 1.9, 2.45],
							"pivot": [-1.5, 24.3, 4.4],
							"rotation": [0, 0, 5],
							"uv": {
								"north": {"uv": [19, 112], "uv_size": [0.5, 2]},
								"east": {"uv": [104, 18], "uv_size": [2.5, 2]},
								"south": {"uv": [21, 112], "uv_size": [0.5, 2]},
								"west": {"uv": [104, 21], "uv_size": [2.5, 2]},
								"up": {"uv": [41, 111], "uv_size": [0.5, 2.5]},
								"down": {"uv": [55, 113.5], "uv_size": [0.5, -2.5]}
							}
						},
						{
							"origin": [-0.55, 18.8, 4.25],
							"size": [1, 1, 1],
							"pivot": [0, 19.3, 4.75],
							"rotation": [45, 0, 0],
							"uv": {
								"north": {"uv": [111, 56], "uv_size": [1, 1]},
								"east": {"uv": [111, 63], "uv_size": [1, 1]},
								"south": {"uv": [111, 87], "uv_size": [1, 1]},
								"west": {"uv": [111, 98], "uv_size": [1, 1]},
								"up": {"uv": [111, 100], "uv_size": [1, 1]},
								"down": {"uv": [108, 112], "uv_size": [1, -1]}
							}
						}
					]
				},
				{
					"name": "bayonet",
					"parent": "metal",
					"pivot": [-1.25, 24.3, -76.05],
					"cubes": [
						{
							"origin": [-0.55, 20.3, -101.15],
							"size": [1.1, 2.25, 8.4],
							"inflate": -0.201,
							"uv": {
								"north": {"uv": [108, 103], "uv_size": [1, 2.5]},
								"east": {"uv": [79, 41], "uv_size": [8.5, 2.5]},
								"south": {"uv": [108, 107], "uv_size": [1, 2.5]},
								"west": {"uv": [80, 13], "uv_size": [8.5, 2.5]},
								"up": {"uv": [72, 96], "uv_size": [1, 8.5]},
								"down": {"uv": [74, 104.5], "uv_size": [1, -8.5]}
							}
						},
						{
							"origin": [-0.5, 19.55, -101.15],
							"size": [1, 2, 8.4],
							"inflate": -0.201,
							"pivot": [-0.5, 19.75, -92.95],
							"rotation": [-5, 0, 0],
							"uv": {
								"north": {"uv": [102, 109], "uv_size": [1, 2]},
								"east": {"uv": [85, 8], "uv_size": [8.5, 2]},
								"south": {"uv": [104, 109], "uv_size": [1, 2]},
								"west": {"uv": [85, 72], "uv_size": [8.5, 2]},
								"up": {"uv": [96, 83], "uv_size": [1, 8.5]},
								"down": {"uv": [96, 101.5], "uv_size": [1, -8.5]}
							}
						},
						{
							"origin": [-0.55, 19.55, -93.15],
							"size": [1.1, 3, 21.4],
							"inflate": -0.201,
							"uv": {
								"north": {"uv": [79, 105], "uv_size": [1, 3]},
								"east": {"uv": [50, 50], "uv_size": [21.5, 3]},
								"south": {"uv": [88, 106], "uv_size": [1, 3]},
								"west": {"uv": [8, 53], "uv_size": [21.5, 3]},
								"up": {"uv": [81, 77], "uv_size": [1, 21.5]},
								"down": {"uv": [15, 103.5], "uv_size": [1, -21.5]}
							}
						},
						{
							"origin": [-1.8, 18.8, -72.15],
							"size": [3.6, 7.5, 1.5],
							"inflate": -0.201,
							"uv": {
								"north": {"uv": [8, 80], "uv_size": [3.5, 7.5]},
								"east": {"uv": [92, 13], "uv_size": [1.5, 7.5]},
								"south": {"uv": [57, 80], "uv_size": [3.5, 7.5]},
								"west": {"uv": [92, 22], "uv_size": [1.5, 7.5]},
								"up": {"uv": [103, 70], "uv_size": [3.5, 1.5]},
								"down": {"uv": [103, 91.5], "uv_size": [3.5, -1.5]}
							}
						},
						{
							"origin": [-2.75, 19.3, -71.15],
							"size": [3, 3, 15.4],
							"inflate": -0.3,
							"pivot": [-1.25, 24.3, -76.05],
							"rotation": [0, 0, -20],
							"uv": {
								"north": {"uv": [94, 36], "uv_size": [3, 3]},
								"east": {"uv": [65, 46], "uv_size": [15.5, 3]},
								"south": {"uv": [94, 40], "uv_size": [3, 3]},
								"west": {"uv": [66, 0], "uv_size": [15.5, 3]},
								"up": {"uv": [8, 63], "uv_size": [3, 15.5]},
								"down": {"uv": [12, 78.5], "uv_size": [3, -15.5]}
							}
						}
					]
				},
				{
					"name": "clip",
					"parent": "gun",
					"pivot": [0, 0, 0]
				},
				{
					"name": "shell",
					"parent": "clip",
					"pivot": [-0.05, 25.55, -13.6],
					"cubes": [
						{
							"origin": [-1.05, 23.8, -11.85],
							"size": [1, 1, 5.25],
							"pivot": [-0.05, 25.8, -13.6],
							"rotation": [0, 0, -22.5],
							"uv": {
								"north": {"uv": [113, 26], "uv_size": [1, 1]},
								"east": {"uv": [103, 66], "uv_size": [5.5, 1]},
								"south": {"uv": [27, 113], "uv_size": [1, 1]},
								"west": {"uv": [103, 68], "uv_size": [5.5, 1]},
								"up": {"uv": [49, 103], "uv_size": [1, 5.5]},
								"down": {"uv": [51, 108.5], "uv_size": [1, -5.5]}
							}
						}
					]
				},
				{
					"name": "set",
					"parent": "clip",
					"pivot": [-0.05, 22.3, -9.35],
					"cubes": [
						{
							"origin": [-0.8, 20.3, -8.35],
							"size": [1.5, 4, 2],
							"uv": {
								"north": {"uv": [100, 90], "uv_size": [1.5, 4]},
								"east": {"uv": [98, 59], "uv_size": [2, 4]},
								"south": {"uv": [0, 101], "uv_size": [1.5, 4]},
								"west": {"uv": [98, 83], "uv_size": [2, 4]},
								"up": {"uv": [108, 44], "uv_size": [1.5, 2]},
								"down": {"uv": [108, 51], "uv_size": [1.5, -2]}
							}
						},
						{
							"origin": [-1.05, 23.3, -11.85],
							"size": [1, 1, 5.25],
							"pivot": [-0.05, 25.3, -13.6],
							"rotation": [0, 0, -22.5],
							"uv": {
								"north": {"uv": [113, 26], "uv_size": [1, 1]},
								"east": {"uv": [103, 66], "uv_size": [5.5, 1]},
								"south": {"uv": [27, 113], "uv_size": [1, 1]},
								"west": {"uv": [103, 68], "uv_size": [5.5, 1]},
								"up": {"uv": [49, 103], "uv_size": [1, 5.5]},
								"down": {"uv": [51, 108.5], "uv_size": [1, -5.5]}
							}
						},
						{
							"origin": [-1.05, 22.8, -11.85],
							"size": [1, 1, 5.25],
							"pivot": [-0.05, 24.8, -13.6],
							"rotation": [0, 0, -22.5],
							"uv": {
								"north": {"uv": [113, 26], "uv_size": [1, 1]},
								"east": {"uv": [103, 66], "uv_size": [5.5, 1]},
								"south": {"uv": [27, 113], "uv_size": [1, 1]},
								"west": {"uv": [103, 68], "uv_size": [5.5, 1]},
								"up": {"uv": [49, 103], "uv_size": [1, 5.5]},
								"down": {"uv": [51, 108.5], "uv_size": [1, -5.5]}
							}
						},
						{
							"origin": [-1.05, 22.3, -11.85],
							"size": [1, 1, 5.25],
							"pivot": [-0.05, 24.3, -13.6],
							"rotation": [0, 0, -22.5],
							"uv": {
								"north": {"uv": [113, 26], "uv_size": [1, 1]},
								"east": {"uv": [103, 66], "uv_size": [5.5, 1]},
								"south": {"uv": [27, 113], "uv_size": [1, 1]},
								"west": {"uv": [103, 68], "uv_size": [5.5, 1]},
								"up": {"uv": [49, 103], "uv_size": [1, 5.5]},
								"down": {"uv": [51, 108.5], "uv_size": [1, -5.5]}
							}
						},
						{
							"origin": [-1.05, 21.8, -11.85],
							"size": [1, 1, 5.25],
							"pivot": [-0.05, 23.8, -13.6],
							"rotation": [0, 0, -22.5],
							"uv": {
								"north": {"uv": [113, 26], "uv_size": [1, 1]},
								"east": {"uv": [103, 66], "uv_size": [5.5, 1]},
								"south": {"uv": [27, 113], "uv_size": [1, 1]},
								"west": {"uv": [103, 68], "uv_size": [5.5, 1]},
								"up": {"uv": [49, 103], "uv_size": [1, 5.5]},
								"down": {"uv": [51, 108.5], "uv_size": [1, -5.5]}
							}
						},
						{
							"origin": [-1.05, 21.3, -11.85],
							"size": [1, 1, 5.25],
							"pivot": [-0.05, 23.3, -13.6],
							"rotation": [0, 0, -22.5],
							"uv": {
								"north": {"uv": [113, 26], "uv_size": [1, 1]},
								"east": {"uv": [103, 66], "uv_size": [5.5, 1]},
								"south": {"uv": [27, 113], "uv_size": [1, 1]},
								"west": {"uv": [103, 68], "uv_size": [5.5, 1]},
								"up": {"uv": [49, 103], "uv_size": [1, 5.5]},
								"down": {"uv": [51, 108.5], "uv_size": [1, -5.5]}
							}
						},
						{
							"origin": [-1.05, 20.8, -11.85],
							"size": [1, 1, 5.25],
							"pivot": [-0.05, 22.8, -13.6],
							"rotation": [0, 0, -22.5],
							"uv": {
								"north": {"uv": [113, 26], "uv_size": [1, 1]},
								"east": {"uv": [103, 66], "uv_size": [5.5, 1]},
								"south": {"uv": [27, 113], "uv_size": [1, 1]},
								"west": {"uv": [103, 68], "uv_size": [5.5, 1]},
								"up": {"uv": [49, 103], "uv_size": [1, 5.5]},
								"down": {"uv": [51, 108.5], "uv_size": [1, -5.5]}
							}
						},
						{
							"origin": [-1.05, 20.3, -11.85],
							"size": [1, 1, 5.25],
							"pivot": [-0.05, 22.3, -13.6],
							"rotation": [0, 0, -22.5],
							"uv": {
								"north": {"uv": [113, 26], "uv_size": [1, 1]},
								"east": {"uv": [103, 66], "uv_size": [5.5, 1]},
								"south": {"uv": [27, 113], "uv_size": [1, 1]},
								"west": {"uv": [103, 68], "uv_size": [5.5, 1]},
								"up": {"uv": [49, 103], "uv_size": [1, 5.5]},
								"down": {"uv": [51, 108.5], "uv_size": [1, -5.5]}
							}
						}
					]
				},
				{
					"name": "action",
					"parent": "main",
					"pivot": [0.05, 25.85, -13.3],
					"cubes": [
						{
							"origin": [-1.655, 24.3, -13.3],
							"size": [0.75, 1, 3],
							"uv": {
								"north": {"uv": [114, 60], "uv_size": [0.5, 1]},
								"east": {"uv": [107, 87], "uv_size": [3, 1]},
								"south": {"uv": [114, 65], "uv_size": [0.5, 1]},
								"west": {"uv": [100, 107], "uv_size": [3, 1]},
								"up": {"uv": [3, 111], "uv_size": [0.5, 3]},
								"down": {"uv": [5, 114], "uv_size": [0.5, -3]}
							}
						},
						{
							"origin": [-1.655, 25.3, -13.3],
							"size": [0.75, 1, 2],
							"uv": {
								"north": {"uv": [114, 71], "uv_size": [0.5, 1]},
								"east": {"uv": [41, 109], "uv_size": [2, 1]},
								"south": {"uv": [114, 73], "uv_size": [0.5, 1]},
								"west": {"uv": [109, 47], "uv_size": [2, 1]},
								"up": {"uv": [112, 51], "uv_size": [0.5, 2]},
								"down": {"uv": [112, 60], "uv_size": [0.5, -2]}
							}
						},
						{
							"origin": [-1.65, 25.26, -11.9],
							"size": [0.74, 0.75, 1.8],
							"pivot": [-1.5, 25.3, -11.3],
							"rotation": [-35, 0, 0],
							"uv": {
								"north": {"uv": [114, 75], "uv_size": [0.5, 1]},
								"east": {"uv": [109, 52], "uv_size": [2, 1]},
								"south": {"uv": [77, 114], "uv_size": [0.5, 1]},
								"west": {"uv": [109, 54], "uv_size": [2, 1]},
								"up": {"uv": [62, 112], "uv_size": [0.5, 2]},
								"down": {"uv": [64, 114], "uv_size": [0.5, -2]}
							}
						},
						{
							"origin": [-3.405, 24.3, -10.3],
							"size": [2.5, 1, 0.5],
							"uv": {
								"north": {"uv": [108, 83], "uv_size": [2.5, 1]},
								"east": {"uv": [66, 114], "uv_size": [0.5, 1]},
								"south": {"uv": [108, 85], "uv_size": [2.5, 1]},
								"west": {"uv": [114, 69], "uv_size": [0.5, 1]},
								"up": {"uv": [111, 44], "uv_size": [2.5, 0.5]},
								"down": {"uv": [111, 49.5], "uv_size": [2.5, -0.5]}
							}
						},
						{
							"origin": [-1.655, 24.7, -27.6],
							"size": [1, 0.75, 14.3],
							"uv": {
								"north": {"uv": [25, 112], "uv_size": [1, 1]},
								"east": {"uv": [85, 11], "uv_size": [14.5, 1]},
								"south": {"uv": [112, 31], "uv_size": [1, 1]},
								"west": {"uv": [87, 81], "uv_size": [14.5, 1]},
								"up": {"uv": [41, 88], "uv_size": [1, 14.5]},
								"down": {"uv": [43, 102.5], "uv_size": [1, -14.5]}
							}
						}
					]
				},
				{
					"name": "cover",
					"parent": "action",
					"pivot": [0.7, 24.3, -10],
					"cubes": [
						{
							"origin": [-0.8, 24.3, -13.3],
							"size": [1.5, 0.75, 8],
							"uv": {
								"north": {"uv": [110, 68], "uv_size": [1.5, 1]},
								"east": {"uv": [97, 75], "uv_size": [8, 1]},
								"south": {"uv": [110, 96], "uv_size": [1.5, 1]},
								"west": {"uv": [97, 77], "uv_size": [8, 1]},
								"up": {"uv": [83, 91], "uv_size": [1.5, 8]},
								"down": {"uv": [0, 100], "uv_size": [1.5, -8]}
							}
						}
					]
				},
				{
					"name": "leftarm",
					"parent": "main",
					"pivot": [10.7, 11.3, -5.6],
					"rotation": [-119.61483, 1.67666, -38.31282],
					"cubes": [
						{
							"origin": [6.7, -12.7, -9.6],
							"size": [8, 24, 8],
							"uv": {
								"north": {"uv": [9, 25], "uv_size": [8, 24]},
								"east": {"uv": [18, 25], "uv_size": [8, 24]},
								"south": {"uv": [27, 0], "uv_size": [8, 24]},
								"west": {"uv": [27, 25], "uv_size": [8, 24]},
								"up": {"uv": [49, 54], "uv_size": [8, 8]},
								"down": {"uv": [56, 49], "uv_size": [8, -8]}
							}
						}
					]
				},
				{
					"name": "rightarm",
					"parent": "main",
					"pivot": [-6.55, 11.05, 23.55],
					"rotation": [-103.96325, -13.5636, -22.43191],
					"cubes": [
						{
							"origin": [-10.55, -12.95, 19.05],
							"size": [8, 24, 8],
							"uv": {
								"north": {"uv": [0, 0], "uv_size": [8, 24]},
								"east": {"uv": [9, 0], "uv_size": [8, 24]},
								"south": {"uv": [18, 0], "uv_size": [8, 24]},
								"west": {"uv": [0, 25], "uv_size": [8, 24]},
								"up": {"uv": [31, 53], "uv_size": [8, 8]},
								"down": {"uv": [40, 61], "uv_size": [8, -8]}
							}
						}
					]
				},
				{
					"name": "muzzleflash",
					"parent": "main",
					"pivot": [0, 24.35, -68.25],
					"cubes": [
						{
							"origin": [-1, 23.8, -76.9],
							"size": [2, 2, 2],
							"inflate": -0.4,
							"uv": {
								"north": {"uv": [105, 27], "uv_size": [2, 2]},
								"east": {"uv": [76, 105], "uv_size": [2, 2]},
								"south": {"uv": [105, 93], "uv_size": [2, 2]},
								"west": {"uv": [0, 106], "uv_size": [2, 2]},
								"up": {"uv": [106, 2], "uv_size": [2, 2]},
								"down": {"uv": [5, 108], "uv_size": [2, -2]}
							}
						}
					]
				},
				{
					"name": "scope",
					"parent": "main",
					"pivot": [0, 28.05, 10.95],
					"cubes": [
						{
							"origin": [-0.25, 27.8, 10.7],
							"size": [0.5, 0.5, 0.5],
							"uv": {
								"north": {"uv": [115, 24], "uv_size": [0.5, 0.5]},
								"east": {"uv": [115, 26], "uv_size": [0.5, 0.5]},
								"south": {"uv": [27, 115], "uv_size": [0.5, 0.5]},
								"west": {"uv": [29, 115], "uv_size": [0.5, 0.5]},
								"up": {"uv": [31, 115], "uv_size": [0.5, 0.5]},
								"down": {"uv": [33, 115.5], "uv_size": [0.5, -0.5]}
							}
						}
					]
				},
				{
					"name": "_cb_suppressor",
					"parent": "main",
					"pivot": [-0.1, 24.85, -72.4],
					"cubes": [
						{
							"origin": [-0.6, 24.35, -72.9],
							"size": [1, 1, 1],
							"uv": {
								"north": {"uv": [0, 0], "uv_size": [1, 1]},
								"east": {"uv": [0, 0], "uv_size": [1, 1]},
								"south": {"uv": [0, 0], "uv_size": [1, 1]},
								"west": {"uv": [0, 0], "uv_size": [1, 1]},
								"up": {"uv": [1, 1], "uv_size": [-1, -1]},
								"down": {"uv": [1, 1], "uv_size": [-1, -1]}
							}
						}
					]
				}
			]
		}
	]
}