{
  "credit": "Made with Blockbench",
  "parent": "builtin/entity",
  "texture_size": [
    128,
    128
  ],
  "display": {
    "thirdperson_righthand": {
      "translation": [
        -6.75,
        -9.75,
        1
      ],
      "scale": [
        0.35,
        0.35,
        0.35
      ]
    },
    "thirdperson_lefthand": {
      "translation": [
        6.75,
        -9,
        1
      ],
      "scale": [
        0.35,
        0.35,
        0.35
      ]
    },
    "firstperson_righthand": {
      "rotation": [
        0,
        0,
        3.5
      ],
      "translation": [
        0,
        -26,
        -7
      ]
    },
    "firstperson_lefthand": {
      "rotation": [
        0,
        0,
        3.5
      ],
      "translation": [
        0,
        -26,
        -6
      ]
    },
    "ground": {
      "translation": [
        -10.25,
        -13,
        1.25
      ],
      "scale": [
        0.55,
        0.55,
        0.55
      ]
    },
    "gui": {
      "rotation": [
        30,
        48,
        -3
      ],
      "translation": [
        -5,
        -14,
        0
      ],
      "scale": [
        0.43,
        0.43,
        0.43
      ]
    },
    "fixed": {
      "rotation": [
        180,
        0,
        180
      ],
      "translation": [
        12,
        -17.75,
        -1
      ],
      "scale": [
        0.62,
        0.62,
        0.62
      ]
    }
  }
}