{
  "credit": "Made with Blockbench",
  "parent": "builtin/entity",
  "texture_size": [
    32,
    32
  ],
  "display": {
    "thirdperson_righthand": {
      "translation": [
        1,
        -9,
        1.75
      ],
      "scale": [
        0.35,
        0.35,
        0.35
      ]
    },
    "thirdperson_lefthand": {
      "translation": [
        -0.75,
        -9,
        1.75
      ],
      "scale": [
        0.35,
        0.35,
        0.35
      ]
    },
    "firstperson_righthand": {
      "rotation": [
        -40,
        44,
        18
      ],
      "translation": [
        9.75,
        -18,
        16
      ]
    },
    "firstperson_lefthand": {
      "rotation": [
        -40,
        44,
        18
      ],
      "translation": [
        9.75,
        -19,
        16
      ]
    },
    "ground": {
      "translation": [
        0.75,
        -11,
        2
      ],
      "scale": [
        0.55,
        0.55,
        0.55
      ]
    },
    "gui": {
      "rotation": [
        18,
        27,
        0
      ],
      "translation": [
        3.5,
        -32.25,
        0
      ],
      "scale": [
        1.2,
        1.2,
        1.2
      ]
    },
    "fixed": {
      "rotation": [
        0,
        90,
        0
      ],
      "translation": [
        2.75,
        -15,
        -1.25
      ],
      "scale": [
        0.55,
        0.55,
        0.55
      ]
    }
  }
}