{
  "credit": "Made with Blockbench",
  "parent": "builtin/entity",
  "texture_size": [
    256,
    256
  ],
  "display": {
    "thirdperson_righthand": {
      "rotation": [
        75,
        45,
        0
      ],
      "translation": [
        4.5,
        -5.75,
        -1.75
      ],
      "scale": [
        0.24,
        0.24,
        0.24
      ]
    },
    "thirdperson_lefthand": {
      "rotation": [
        75,
        45,
        0
      ],
      "translation": [
        4.5,
        -4.75,
        -1.75
      ],
      "scale": [
        0.24,
        0.24,
        0.24
      ]
    },
    "firstperson_righthand": {
      "rotation": [
        6,
        42,
        0
      ],
      "translation": [
        3,
        -2,
        13
      ],
      "scale": [
        0.3,
        0.3,
        0.3
      ]
    },
    "firstperson_lefthand": {
      "rotation": [
        6,
        42,
        0
      ],
      "translation": [
        3,
        -2,
        13
      ],
      "scale": [
        0.3,
        0.3,
        0.3
      ]
    },
    "ground": {
      "translation": [
        -0.5,
        -2.75,
        7
      ],
      "scale": [
        0.27,
        0.27,
        0.27
      ]
    },
    "gui": {
      "rotation": [
        -32,
        137,
        140
      ],
      "translation": [
        3.5,
        -2.5,
        0
      ],
      "scale": [
        0.45,
        0.45,
        0.45
      ]
    },
    "fixed": {
      "rotation": [
        0,
        -90,
        0
      ],
      "translation": [
        -13.25,
        -10,
        0
      ],
      "scale": [
        0.5,
        0.5,
        0.5
      ]
    }
  },
  "textures": {
    "particle": "item/mid_panzerfaust60"
  }
}