{
	"format_version": "1.8.0",
	"animations": {
		"animation.model.draw": {
			"loop": true,
			"animation_length": 0.75,
			"bones": {
				"main": {
					"rotation": {
						"0.0": {
							"vector": [32.09413, -54.38778, -8.29667]
						},
						"0.35": {
							"vector": [0.50518, -5.08075, 6.8716],
							"easing": "easeOutSine"
						},
						"0.5": {
							"vector": [0.32389, -0.60235, -2.1558],
							"easing": "linear"
						},
						"0.6": {
							"vector": [0, 0, 0],
							"easing": "linear"
						}
					},
					"position": {
						"0.0": {
							"vector": [0, -17.3, 0]
						},
						"0.25": {
							"vector": [-0.4, -2.525, -1.625],
							"easing": "linear"
						},
						"0.4": {
							"vector": [-0.05, 0, -2.49],
							"easing": "linear"
						},
						"0.55": {
							"vector": [0, 0, 0],
							"easing": "linear"
						}
					}
				},
				"leftarm": {
					"rotation": {
						"0.0": {
							"vector": [0, 0, 0]
						},
						"0.2": {
							"vector": [1, 0, -22]
						},
						"0.4": {
							"vector": [0, 0, 0]
						}
					},
					"position": {
						"0.0": {
							"vector": [0, 0, 0]
						},
						"0.2": {
							"vector": [3.53901, 3.6754, 5.59783]
						},
						"0.4": {
							"vector": [0, 0, 0]
						}
					}
				}
			}
		},
		"animation.model.fire": {
			"loop": true,
			"animation_length": 0.9,
			"bones": {
				"main": {
					"rotation": {
						"0.0": {
							"vector": [0, 0, 0],
							"easing": "linear"
						},
						"0.2": {
							"vector": [0, 0, 0]
						},
						"0.35": {
							"vector": [-11.41841, 14.42369, 64.09174]
						},
						"0.45": {
							"vector": [-4.0238, 19.4117, 63.72992]
						},
						"0.55": {
							"vector": [-4.0238, 19.4117, 63.72992]
						},
						"0.7": {
							"vector": [-14.0219, 12.1545, 46.43897]
						},
						"0.75": {
							"vector": [-10.80621, 10.52806, 43.99107]
						},
						"0.9": {
							"vector": [0, 0, 0],
							"easing": "linear"
						}
					},
					"position": {
						"0.0": {
							"vector": [0, 0, 0],
							"easing": "linear"
						},
						"0.2": {
							"vector": [0, 0, 0]
						},
						"0.35": {
							"vector": [0, 0, 0]
						},
						"0.45": {
							"vector": [0.16763, -1.6567, 6.88166]
						},
						"0.55": {
							"vector": [0, -1, 5]
						},
						"0.7": {
							"vector": [0, -1, 3]
						},
						"0.75": {
							"vector": [0.09797, 0.38634, -1.80178]
						},
						"0.9": {
							"vector": [0, 0, 0],
							"easing": "linear"
						}
					}
				},
				"leftarm": {
					"rotation": {
						"0.0": {
							"vector": [0, 0, 0]
						},
						"0.35": {
							"vector": [0, 0, 0]
						},
						"0.9": {
							"vector": [0, 0, 0]
						}
					},
					"position": {
						"0.0": {
							"vector": [0, -1, 0]
						},
						"0.35": {
							"vector": [0, -1, 0]
						},
						"0.45": {
							"vector": [0, -1, 11]
						},
						"0.55": {
							"vector": [0, -1, 11]
						},
						"0.75": {
							"vector": [0, -1, 0]
						},
						"0.9": {
							"vector": [0, -1, 0]
						}
					}
				},
				"ts": {
					"rotation": {
						"0.0": {
							"vector": [-22.5, 0, 0]
						},
						"0.1": {
							"vector": [-85, 0, 0]
						},
						"0.35": {
							"vector": [-42.5, 0, 0]
						},
						"0.9": {
							"vector": [-22.5, 0, 0]
						}
					}
				},
				"reload_thingy": {
					"position": {
						"0.0": {
							"vector": [0, 0, 0]
						},
						"0.35": {
							"vector": [0, 0, 0]
						},
						"0.45": {
							"vector": [0, 0, 7]
						},
						"0.55": {
							"vector": [0, 0, 7]
						},
						"0.75": {
							"vector": [0, 0, 0]
						},
						"0.9": {
							"vector": [0, 0, 0]
						}
					}
				},
				"hammer": {
					"rotation": {
						"0.0": {
							"vector": [0, 0, 0]
						},
						"0.05": {
							"vector": [70, 0, 0],
							"easing": "easeOutExpo"
						},
						"0.35": {
							"vector": [70, 0, 0]
						},
						"0.45": {
							"vector": [0, 0, 0]
						},
						"0.55": {
							"vector": [0, 0, 0]
						},
						"0.9": {
							"vector": [0, 0, 0]
						}
					}
				},
				"rightarm": {
					"rotation": {
						"0.0": {
							"vector": [0, 0, 0]
						},
						"0.2": {
							"vector": [0, 0, 0]
						},
						"0.35": {
							"vector": [-20.98345, 13.9482, -5.73561]
						},
						"0.9": {
							"vector": [0, 0, 0]
						}
					},
					"position": {
						"0.0": {
							"vector": [0, 0, 0]
						},
						"0.2": {
							"vector": [0, 0, 0]
						},
						"0.35": {
							"vector": [9.5804, -5.99647, -0.75986]
						},
						"0.9": {
							"vector": [0, 0, 0]
						}
					}
				},
				"bullet": {
					"rotation": {
						"0.0": {
							"vector": [0, 0, -45]
						},
						"0.35": {
							"vector": [0, 0, -45]
						},
						"0.45": {
							"vector": [-0.22235, 0.256, -0.66763]
						},
						"0.5": {
							"vector": [-20, 30, -45]
						},
						"0.6": {
							"vector": [0, 182.5, -45]
						},
						"0.7": {
							"vector": [0, 362.5, -45]
						},
						"0.75": {
							"vector": [0, 537.5, -45]
						}
					},
					"position": {
						"0.0": {
							"vector": [0, 2.5, -7]
						},
						"0.35": {
							"vector": [0, 2.5, -7]
						},
						"0.45": {
							"vector": [-0.4, 2.9, 0.3]
						},
						"0.5": {
							"vector": [-2.92637, 1.53154, -0.82433]
						},
						"0.6": {
							"vector": [-9.6848, -1.53863, -2.7688]
						},
						"0.7": {
							"vector": [-21.23984, -0.01769, 2.71202]
						},
						"0.75": {
							"vector": [-28.4113, -12.64785, 3.7635]
						},
						"0.9": {
							"vector": [-48.41, 7.35, 3.76]
						}
					},
					"scale": {
						"0.0": {
							"vector": [0, 0, 0]
						},
						"0.35": {
							"vector": [0, 0, 0]
						},
						"0.45": {
							"vector": [1, 1, 1],
							"easing": "easeOutExpo"
						},
						"0.7": {
							"vector": [1, 1, 1]
						},
						"0.8": {
							"vector": [0, 0, 0]
						}
					}
				},
				"_camera_": {
					"rotation": {
						"0.0": {
							"vector": [0, 0, 0]
						},
						"0.25": {
							"vector": [0, 0, 0]
						},
						"0.35": {
							"vector": [2, 2, 1]
						},
						"0.5": {
							"vector": [1, 0, 0]
						},
						"0.7": {
							"vector": [-1, 0, 0]
						},
						"0.9": {
							"vector": [0, 0, 0]
						}
					},
					"position": {
						"0.0": {
							"vector": [0, 0, 0]
						},
						"0.25": {
							"vector": [0, 0, 0]
						},
						"0.35": {
							"vector": [0, 0, 0]
						},
						"0.5": {
							"vector": [0, 0, 0]
						},
						"0.7": {
							"vector": [0, 0, 0]
						}
					}
				}
			},
			"sound_effects": {
				"0.0": {
					"effect": "08101.mp3"
				}
			}
		},
		"animation.model.inspect": {
			"loop": true,
			"animation_length": 4.2667,
			"bones": {
				"main": {
					"rotation": {
						"0.0": {
							"vector": [0, 0, 0]
						},
						"0.1667": {
							"vector": [-8.41746, -13.59608, -21.21259],
							"easing": "linear"
						},
						"0.3": {
							"vector": [-8.39812, -20.10111, -31.77688]
						},
						"0.4333": {
							"vector": [-9.55676, -20.88889, -28.55629]
						},
						"0.5333": {
							"vector": [-8.77652, -21.21647, -30.72851]
						},
						"0.7667": {
							"vector": [-9.4227, -20.94881, -28.93303]
						},
						"1.0": {
							"vector": [-3.1216, -20.98207, -46.44405]
						},
						"1.1333": {
							"vector": [-4.564, -20.73064, -42.44007]
						},
						"1.2333": {
							"vector": [-4.86325, -20.9153, -41.60203]
						},
						"1.3333": {
							"vector": [-4.58308, -20.97575, -42.38574]
						},
						"1.4667": {
							"vector": [-4.01131, -21.08802, -43.97908]
						},
						"1.6": {
							"vector": [-4.38767, -21.01662, -42.9316]
						},
						"1.7": {
							"vector": [-4.18847, -21.05622, -43.48691],
							"easing": "linear"
						},
						"2.0333": {
							"vector": [-16.91438, 5.38499, 54.40399],
							"easing": "linear"
						},
						"2.1667": {
							"vector": [-15.22513, 5.80082, 60.04554]
						},
						"2.3": {
							"vector": [-15.70981, 5.86025, 59.48558]
						},
						"2.4333": {
							"vector": [-15.93602, 7.03904, 62.69373]
						},
						"2.5667": {
							"vector": [-15.60896, 7.75082, 65.23442]
						},
						"2.7333": {
							"vector": [-15.71675, 7.52491, 64.42194]
						},
						"2.9": {
							"vector": [-15.56389, 7.84019, 65.55973]
						},
						"3.1": {
							"vector": [-15.61778, 7.73186, 65.16659]
						},
						"3.2667": {
							"vector": [-15.9801, 6.93689, 62.33342]
						},
						"3.4": {
							"vector": [-8.86998, 2.42135, 33.56191]
						},
						"3.5333": {
							"vector": [0, -1.75, -2.75]
						},
						"3.7": {
							"vector": [0, 0, 0]
						}
					},
					"position": {
						"0.0": {
							"vector": [0, 0, 0]
						},
						"0.3": {
							"vector": [-0.475, 1.475, -8.7]
						},
						"0.4": {
							"vector": [-0.195, 1, -7.7]
						},
						"0.5333": {
							"vector": [-0.03, 0.725, -7.7]
						},
						"0.7": {
							"vector": [0, 1.125, -7.7]
						},
						"0.9": {
							"vector": [0.125, 1.4, -8.275]
						},
						"1.2": {
							"vector": [-0.02, 1.475, -8]
						},
						"1.4": {
							"vector": [0.11, 1.425, -8.175]
						},
						"1.6667": {
							"vector": [0.275, 1.25, -7.975]
						},
						"1.8": {
							"vector": [-0.13, -1.19, -8.65]
						},
						"1.9667": {
							"vector": [-0.545, -1.325, -11.15]
						},
						"2.1333": {
							"vector": [-0.415, -1.395, -10.545]
						},
						"2.2667": {
							"vector": [-0.525, -1.455, -9.17]
						},
						"2.4": {
							"vector": [-0.49, -1.43, -9.85]
						},
						"2.5667": {
							"vector": [-0.455, -1.5, -9.24]
						},
						"2.7667": {
							"vector": [-0.53, -1.5, -9.27]
						},
						"3.0": {
							"vector": [-0.49, -1.41, -9.3]
						},
						"3.2333": {
							"vector": [-0.545, -1.325, -9.325]
						},
						"3.3667": {
							"vector": [-1.005, -0.61, -7.41]
						},
						"3.6333": {
							"vector": [0, 0, 0]
						}
					}
				},
				"leftarm": {
					"rotation": {
						"0.0": {
							"vector": [0, 0, 0]
						},
						"0.1667": {
							"vector": [0, 0, -2.5]
						},
						"1.7333": {
							"vector": [0, 0, -2.5]
						},
						"2.0333": {
							"vector": [-20, 0, -45]
						},
						"3.3": {
							"vector": [-20, 0, -45]
						},
						"3.5667": {
							"vector": [0, 0, 0]
						}
					},
					"position": {
						"0.0": {
							"vector": [0, 0, 0]
						},
						"0.1667": {
							"vector": [11.23986, -30.20851, 24.64864]
						},
						"1.7333": {
							"vector": [11.23986, -30.20851, 24.64864]
						},
						"2.0333": {
							"vector": [7.35, 6.25, 2.33]
						},
						"3.3": {
							"vector": [7.35, 6.25, 2.33]
						},
						"3.5667": {
							"vector": [0, 0, 0]
						}
					}
				},
				"gun": {
					"position": {
						"vector": [0, -2, 0]
					}
				}
			}
		},
		"animation.model.prepare": {
			"loop": true,
			"animation_length": 0.3,
			"bones": {
				"main": {
					"rotation": {
						"0.0": {
							"vector": [0, 0, 0]
						},
						"0.2667": {
							"vector": [-20.95097, 21.49394, 78.22919],
							"easing": "easeInSine"
						}
					},
					"position": {
						"0.0": {
							"vector": [0, 0, 0]
						},
						"0.2667": {
							"vector": [4, 0, 0],
							"easing": "easeInSine"
						}
					},
					"scale": {
						"vector": [1, 1, 1]
					}
				},
				"gun": {
					"rotation": {
						"vector": [0, 0, 0]
					},
					"position": {
						"vector": [0, 0, 0]
					},
					"scale": {
						"vector": [1, 1, 1]
					}
				},
				"bone": {
					"rotation": {
						"vector": [0, 0, 0]
					},
					"position": {
						"vector": [0, 0, 0]
					},
					"scale": {
						"vector": [1, 1, 1]
					}
				},
				"ts": {
					"rotation": {
						"0.0": {
							"vector": [0, 0, 0]
						},
						"0.0333": {
							"vector": [-13.86, 0, 0]
						},
						"0.1333": {
							"vector": [-90, 0, 0],
							"easing": "easeInSine"
						},
						"0.2667": {
							"vector": [-45, 0, 0]
						}
					},
					"position": {
						"vector": [0, 0, 0]
					},
					"scale": {
						"vector": [1, 1, 1]
					}
				},
				"reload_thingy": {
					"rotation": {
						"vector": [0, 0, 0]
					},
					"position": {
						"vector": [0, 0, 0]
					},
					"scale": {
						"vector": [1, 1, 1]
					}
				},
				"hammer": {
					"rotation": {
						"vector": [0, 0, 0]
					}
				},
				"rightarm": {
					"position": {
						"0.0": {
							"vector": [0, 0, 0]
						},
						"0.2667": {
							"vector": [9.26007, 0.04365, 3.7748]
						}
					}
				},
				"leftarm": {
					"rotation": {
						"0.0": {
							"vector": [0, 0, 0]
						},
						"0.2667": {
							"vector": [14.00753, 22.25966, -19.12353]
						}
					},
					"position": {
						"0.0": {
							"vector": [0, -1, 0]
						},
						"0.2667": {
							"vector": [3.68848, 14.49997, 2.26727]
						}
					}
				}
			}
		},
		"animation.model.preparealt": {
			"loop": true,
			"animation_length": 0.3,
			"bones": {
				"main": {
					"rotation": {
						"0.0": {
							"vector": [0, 0, 0]
						},
						"0.2667": {
							"vector": [-20.95097, 21.49394, 78.22919],
							"easing": "easeInSine"
						}
					},
					"position": {
						"0.0": {
							"vector": [0, 0, 0]
						},
						"0.2667": {
							"vector": [4, 0, 0],
							"easing": "easeInSine"
						}
					},
					"scale": {
						"vector": [1, 1, 1]
					}
				},
				"gun": {
					"rotation": {
						"vector": [0, 0, 0]
					},
					"position": {
						"vector": [0, 0, 0]
					},
					"scale": {
						"vector": [1, 1, 1]
					}
				},
				"bone": {
					"rotation": {
						"vector": [0, 0, 0]
					},
					"position": {
						"vector": [0, 0, 0]
					},
					"scale": {
						"vector": [1, 1, 1]
					}
				},
				"ts": {
					"rotation": {
						"0.0": {
							"vector": [0, 0, 0]
						},
						"0.0333": {
							"vector": [-13.86, 0, 0]
						},
						"0.1333": {
							"vector": [-90, 0, 0],
							"easing": "easeInSine"
						},
						"0.2667": {
							"vector": [-45, 0, 0]
						}
					},
					"position": {
						"vector": [0, 0, 0]
					},
					"scale": {
						"vector": [1, 1, 1]
					}
				},
				"reload_thingy": {
					"rotation": {
						"vector": [0, 0, 0]
					},
					"position": {
						"vector": [0, 0, 0]
					},
					"scale": {
						"vector": [1, 1, 1]
					}
				},
				"hammer": {
					"rotation": {
						"vector": [0, 0, 0]
					}
				},
				"rightarm": {
					"position": {
						"0.0": {
							"vector": [0, 0, 0]
						},
						"0.2667": {
							"vector": [9.26007, 0.04365, 3.7748]
						}
					}
				},
				"leftarm": {
					"rotation": {
						"0.0": {
							"vector": [0, 0, 0]
						},
						"0.2667": {
							"vector": [14.00753, 22.25966, -19.12353]
						}
					},
					"position": {
						"0.0": {
							"vector": [0, -1, 0]
						},
						"0.2667": {
							"vector": [3.68848, 14.49997, 2.26727]
						}
					}
				}
			}
		},
		"animation.model.finish": {
			"loop": true,
			"animation_length": 0.7,
			"bones": {
				"main": {
					"rotation": {
						"0.0": {
							"vector": [-20.95097, 21.49394, 78.22919],
							"easing": "easeInSine"
						},
						"0.3": {
							"vector": [3.05827, 4.19767, -4.94251],
							"easing": "easeInSine"
						},
						"0.4667": {
							"vector": [-1.00015, -0.99985, 0.01745],
							"easing": "easeInSine"
						},
						"0.5333": {
							"vector": [0, 0, 0],
							"easing": "easeInSine"
						}
					},
					"position": {
						"0.0": {
							"vector": [4, 0, 0],
							"easing": "easeInSine"
						},
						"0.3": {
							"vector": [0, 0, 0],
							"easing": "easeInSine"
						},
						"0.4667": {
							"vector": [0, 0, 0],
							"easing": "easeInSine"
						},
						"0.5333": {
							"vector": [0, 0, 0],
							"easing": "easeInSine"
						}
					},
					"scale": {
						"0.3": {
							"vector": [1, 1, 1]
						},
						"0.4667": {
							"vector": [1, 1, 1]
						},
						"0.5333": {
							"vector": [1, 1, 1]
						}
					}
				},
				"gun": {
					"rotation": {
						"0.3": {
							"vector": [0, 0, 0]
						},
						"0.5333": {
							"vector": [0, 0, 0]
						}
					},
					"position": {
						"0.3": {
							"vector": [0, 0, 0]
						},
						"0.5333": {
							"vector": [0, 0, 0]
						}
					},
					"scale": {
						"0.3": {
							"vector": [1, 1, 1]
						},
						"0.5333": {
							"vector": [1, 1, 1]
						}
					}
				},
				"bone": {
					"rotation": {
						"0.3": {
							"vector": [0, 0, 0]
						},
						"0.5333": {
							"vector": [0, 0, 0]
						}
					},
					"position": {
						"0.3": {
							"vector": [0, 0, 0]
						},
						"0.5333": {
							"vector": [0, 0, 0]
						}
					},
					"scale": {
						"0.3": {
							"vector": [1, 1, 1]
						},
						"0.5333": {
							"vector": [1, 1, 1]
						}
					}
				},
				"ts": {
					"rotation": {
						"0.0": {
							"vector": [-90, 0, 0],
							"easing": "easeInSine"
						},
						"0.3": {
							"vector": [0, 0, 0]
						},
						"0.5333": {
							"vector": [0, 0, 0]
						}
					},
					"position": {
						"0.3": {
							"vector": [0, 0, 0]
						},
						"0.5333": {
							"vector": [0, 0, 0]
						}
					},
					"scale": {
						"0.3": {
							"vector": [1, 1, 1]
						},
						"0.5333": {
							"vector": [1, 1, 1]
						}
					}
				},
				"reload_thingy": {
					"rotation": {
						"0.3": {
							"vector": [0, 0, 0]
						},
						"0.5333": {
							"vector": [0, 0, 0]
						}
					},
					"position": {
						"0.3": {
							"vector": [0, 0, 0]
						},
						"0.5333": {
							"vector": [0, 0, 0]
						}
					},
					"scale": {
						"0.3": {
							"vector": [1, 1, 1]
						},
						"0.5333": {
							"vector": [1, 1, 1]
						}
					}
				},
				"hammer": {
					"rotation": {
						"0.0": {
							"vector": [0, 0, 0]
						},
						"0.3": {
							"vector": [50, 0, 0]
						},
						"0.5333": {
							"vector": [50, 0, 0]
						}
					}
				},
				"rightarm": {
					"position": {
						"0.0": {
							"vector": [9.26007, 0.04365, 3.7748]
						},
						"0.3": {
							"vector": [0, 0, 0]
						},
						"0.5333": {
							"vector": [0, 0, 0]
						}
					}
				},
				"leftarm": {
					"rotation": {
						"0.0": {
							"vector": [-20.26137, 15.02261, -17.02241]
						},
						"0.3": {
							"vector": [0, 0, 0]
						},
						"0.5333": {
							"vector": [0, 0, 0]
						}
					},
					"position": {
						"0.0": {
							"vector": [8.68848, 1.49997, -8.73273]
						},
						"0.3": {
							"vector": [0, -1, 0]
						},
						"0.5333": {
							"vector": [0, 0, 0]
						}
					}
				},
				"_camera_": {
					"rotation": {
						"0.0": {
							"vector": [0, 0, 0]
						},
						"0.1333": {
							"vector": [-1, 0, 0]
						},
						"0.7": {
							"vector": [0, 0, 0]
						}
					},
					"position": {
						"vector": [0, 0, 0]
					}
				}
			}
		},
		"animation.model.iterativeload": {
			"loop": true,
			"animation_length": 1.2667,
			"bones": {
				"main": {
					"rotation": {
						"0.0": {
							"vector": [-20.95097, 21.49394, 78.22919],
							"easing": "easeInSine"
						},
						"0.0667": {
							"vector": [-20.34639, 20.58165, 75.7353]
						},
						"0.2333": {
							"vector": [-20.34639, 20.58165, 75.7353]
						},
						"0.3333": {
							"vector": [-25.97948, 18.57551, 70.87937]
						},
						"0.4333": {
							"vector": [-24.47948, 18.57551, 70.87937]
						},
						"0.6333": {
							"vector": [-20.95097, 21.49394, 78.22919],
							"easing": "easeOutQuad"
						}
					},
					"position": {
						"0.0": {
							"vector": [4, 0, 0],
							"easing": "easeInSine"
						},
						"0.2333": {
							"vector": [3.74424, -0.40512, 0.87776]
						},
						"0.3333": {
							"vector": [4.51152, 0.81024, -1.75552]
						},
						"0.4333": {
							"vector": [3.25101, 0.14502, -1.11754]
						},
						"0.6333": {
							"vector": [4, 0, 0],
							"easing": "easeOutQuad"
						}
					}
				},
				"bone": {
					"rotation": {
						"vector": [0, 0, 0]
					},
					"position": {
						"vector": [0, 0, 0]
					},
					"scale": {
						"vector": [1, 1, 1]
					}
				},
				"ts": {
					"rotation": {
						"0.0": {
							"vector": [-37.5, 0, 0]
						},
						"0.0667": {
							"vector": [-32.5, 0, 0]
						},
						"0.2667": {
							"vector": [-62.5, 0, 0],
							"easing": "easeInQuad"
						},
						"0.3667": {
							"vector": [-30, 0, 0],
							"easing": "easeInSine"
						},
						"0.4333": {
							"vector": [-45, 0, 0]
						},
						"0.6333": {
							"vector": [-50, 0, 0],
							"easing": "easeOutSine"
						}
					},
					"position": {
						"vector": [0, 0, 0]
					},
					"scale": {
						"vector": [1, 1, 1]
					}
				},
				"reload_thingy": {
					"rotation": {
						"vector": [0, 0, 0]
					},
					"position": {
						"vector": [0, 0, 0]
					},
					"scale": {
						"vector": [1, 1, 1]
					}
				},
				"hammer": {
					"rotation": {
						"vector": [0, 0, 0]
					}
				},
				"rightarm": {
					"rotation": {
						"0.0": {
							"vector": [-3.90684, 4.91042, 58.70418]
						},
						"0.1333": {
							"vector": [-3.86842, 19.69285, 64.82449]
						},
						"0.3": {
							"vector": [5.01206, 38.31236, 68.66837]
						},
						"0.4": {
							"vector": [7.42374, 44.02321, 68.44874]
						},
						"0.4333": {
							"vector": [7.42374, 44.02321, 68.44874]
						},
						"0.5667": {
							"vector": [-3.90684, 4.91042, 58.70418],
							"easing": "easeInSine"
						}
					},
					"position": {
						"0.0": {
							"vector": [9.26007, 0.04365, 3.7748]
						},
						"0.1333": {
							"vector": [10.88833, -1.68794, -2.17666]
						},
						"0.3": {
							"vector": [13.91154, -0.22936, -13.64184]
						},
						"0.4": {
							"vector": [14.06149, 0.08393, -14.57728]
						},
						"0.4333": {
							"vector": [14.06149, 0.08393, -14.57728]
						},
						"0.5667": {
							"vector": [9.26007, 0.04365, 3.7748],
							"easing": "easeInSine"
						}
					}
				},
				"leftarm": {
					"rotation": {
						"vector": [14.00753, 22.25966, -19.12353]
					},
					"position": {
						"vector": [3.68848, 14.49997, 2.26727]
					},
					"scale": {
						"vector": [1, 1, 1]
					}
				},
				"bullet": {
					"rotation": {
						"0.0": {
							"vector": [0, 0, 32.5]
						},
						"0.1333": {
							"vector": [-15.02126, 13.35981, 40.73074]
						},
						"0.3": {
							"vector": [-10.86815, 6.21271, 29.40842]
						}
					},
					"position": {
						"0.0": {
							"vector": [2, -11, 14]
						},
						"0.1333": {
							"vector": [2, -8.20698, 5.84514]
						},
						"0.3": {
							"vector": [0, -1.37394, -1.23908],
							"easing": "easeInSine"
						},
						"0.4": {
							"vector": [0, -0.2878, -6.12148]
						}
					},
					"scale": {
						"0.3": {
							"vector": [1, 1, 1]
						},
						"0.4": {
							"vector": [0, 0, 0],
							"easing": "easeInSine"
						}
					}
				},
				"_camera_": {
					"rotation": {
						"0.6": {
							"vector": [0, 0, 0]
						},
						"0.8": {
							"vector": [1, 1, 1]
						},
						"0.8667": {
							"vector": [-1, 0, -1]
						},
						"1.2667": {
							"vector": [0, 0, 0]
						}
					},
					"position": {
						"0.6": {
							"vector": [0, 0, 0]
						},
						"1.2667": {
							"vector": [0, 0, 0]
						}
					}
				}
			},
			"sound_effects": {
				"0.0": {
					"effect": "shell"
				}
			}
		},
		"animation.model.chamberload": {
			"loop": true,
			"animation_length": 1.5667,
			"bones": {
				"main": {
					"rotation": {
						"0.0": {
							"vector": [-20.95097, 21.49394, 78.22919],
							"easing": "easeInSine"
						},
						"0.0667": {
							"vector": [-20.95, 21.49, 78.23]
						},
						"0.2333": {
							"vector": [-18.45, 21.49, 78.23]
						},
						"0.4": {
							"vector": [-18.45, 21.49, 78.23]
						},
						"0.5333": {
							"vector": [-17.68942, 22.11042, 80.27781]
						},
						"0.6333": {
							"vector": [-18.45, 21.49, 78.23]
						},
						"0.7333": {
							"vector": [-17.45, 21.49, 78.23]
						},
						"0.9667": {
							"vector": [-18.188, 20.87791, 76.18795]
						},
						"1.0": {
							"vector": [-17.64231, 21.83059, 79.2993]
						},
						"1.0667": {
							"vector": [-17.85077, 19.88301, 79.81604]
						},
						"1.2": {
							"vector": [-20.95097, 21.49394, 78.22919],
							"easing": "easeInSine"
						}
					},
					"position": {
						"0.0": {
							"vector": [4, 0, 0],
							"easing": "easeInSine"
						},
						"0.0667": {
							"vector": [4, 0, 0]
						},
						"0.2333": {
							"vector": [3.71975, -0.40786, 0.86897]
						},
						"0.4": {
							"vector": [3.72, -0.41, 0.87]
						},
						"0.5333": {
							"vector": [3.8149, -0.86546, 0.68683]
						},
						"0.7333": {
							"vector": [3.52431, -0.894, 0.60166]
						},
						"0.9667": {
							"vector": [3.60242, -0.99152, 0.3492]
						},
						"1.0": {
							"vector": [3.64447, -1.15243, 0.26563]
						},
						"1.0667": {
							"vector": [3.62012, -0.6352, 0.37845]
						},
						"1.2": {
							"vector": [4, 0, 0],
							"easing": "easeInSine"
						}
					}
				},
				"gun": {
					"rotation": {
						"vector": [0, 0, 0]
					},
					"position": {
						"vector": [0, 0, 0]
					},
					"scale": {
						"vector": [1, 1, 1]
					}
				},
				"ts": {
					"rotation": {
						"0.0": {
							"vector": [-37.5, 0, 0]
						},
						"0.0667": {
							"vector": [-37.5, 0, 0]
						},
						"0.1333": {
							"vector": [-7.5, 0, 0]
						},
						"0.1667": {
							"vector": [-43.75, 0, 0]
						},
						"0.2": {
							"vector": [-35, 0, 0]
						},
						"0.3": {
							"vector": [-27.5, 0, 0]
						},
						"0.4": {
							"vector": [-27.5, 0, 0]
						},
						"0.4333": {
							"vector": [-37.5, 0, 0]
						},
						"0.6667": {
							"vector": [-37.5, 0, 0]
						},
						"0.9": {
							"vector": [-40, 0, 0]
						},
						"1.0": {
							"vector": [-82.5, 0, 0]
						},
						"1.1": {
							"vector": [-25, 0, 0]
						},
						"1.1333": {
							"vector": [-40, 0, 0]
						}
					},
					"position": {
						"0.0": {
							"vector": [0, 0, 0]
						},
						"0.0667": {
							"vector": [0, 0, 0]
						},
						"0.4": {
							"vector": [0, 0, 0]
						},
						"0.6667": {
							"vector": [0, 0, 0]
						}
					},
					"scale": {
						"vector": [1, 1, 1]
					}
				},
				"reload_thingy": {
					"position": {
						"0.0": {
							"vector": [0, 0, 0]
						},
						"0.1": {
							"vector": [0, 0, 7],
							"easing": "easeInSine"
						},
						"0.7667": {
							"vector": [0, 0, 7],
							"easing": "easeInSine"
						},
						"0.9333": {
							"vector": [0, 0, 0],
							"easing": "easeInSine"
						}
					}
				},
				"rightarm": {
					"rotation": {
						"0.0": {
							"vector": [30, 0, 0]
						},
						"0.1": {
							"vector": [30, 0, 0]
						},
						"0.2667": {
							"vector": [30.95068, 0.77302, -2.56051]
						},
						"0.3333": {
							"vector": [15.57429, 9.35349, 33.52304]
						},
						"0.4": {
							"vector": [-3.24456, 24.4393, 52.9894]
						},
						"0.6": {
							"vector": [-3.79507, 26.57872, 60.71155]
						},
						"0.8": {
							"vector": [30, 0, 0],
							"easing": "easeInSine"
						}
					},
					"position": {
						"0.0": {
							"vector": [9.26007, 0.04365, 3.7748]
						},
						"0.1": {
							"vector": [9.26, 0.04, 3.77]
						},
						"0.2667": {
							"vector": [-2.70893, 6.12186, -0.2469]
						},
						"0.3333": {
							"vector": [0.62431, 6.91018, -7.7688]
						},
						"0.4": {
							"vector": [1.21921, 7.30976, -6.63371]
						},
						"0.6": {
							"vector": [1.48996, 7.54147, -7.15301]
						},
						"0.8": {
							"vector": [9.26007, 0.04365, 3.7748],
							"easing": "easeInSine"
						}
					}
				},
				"leftarm": {
					"rotation": {
						"0.0": {
							"vector": [14.00753, 22.25966, -19.12353]
						},
						"0.1": {
							"vector": [14.00753, 22.25966, -19.12353]
						},
						"0.8": {
							"vector": [14.00753, 22.25966, -19.12353]
						},
						"0.9333": {
							"vector": [14.00753, 22.25966, -19.12353],
							"easing": "easeInSine"
						},
						"1.3": {
							"vector": [14.00753, 22.25966, -19.12353]
						}
					},
					"position": {
						"0.0": {
							"vector": [3.68848, 14.49997, 2.26727]
						},
						"0.1": {
							"vector": [3.68848, 14.49997, 9.26727]
						},
						"0.8": {
							"vector": [3.68848, 14.49997, 9.26727]
						},
						"0.9333": {
							"vector": [3.68848, 14.49997, 2.26727],
							"easing": "easeInSine"
						},
						"1.3": {
							"vector": [3.68848, 14.49997, 2.26727]
						}
					}
				},
				"hammer": {
					"rotation": {
						"0.0": {
							"vector": [50, 0, 0]
						},
						"0.0667": {
							"vector": [0, 0, 0]
						}
					}
				},
				"bullet": {
					"rotation": {
						"0.0": {
							"vector": [40, 0, 0]
						},
						"0.1": {
							"vector": [40, 0, 0]
						},
						"0.2667": {
							"vector": [28.9854, -17.66046, -9.54013]
						},
						"0.3333": {
							"vector": [-5.64057, 5.94482, -35.23548]
						},
						"0.4": {
							"vector": [8.17644, -14.76356, -25.89893]
						},
						"0.6": {
							"vector": [-2.80901, 1.55354, -47.45961]
						},
						"0.8": {
							"vector": [-2.80901, 1.55354, -47.45961]
						}
					},
					"position": {
						"0.0": {
							"vector": [8.8046, -15.86487, 9.78698]
						},
						"0.1": {
							"vector": [8.8, -15.86, 9.79]
						},
						"0.2667": {
							"vector": [-5.2, -9.89286, 6.19568]
						},
						"0.3333": {
							"vector": [-3.14037, -4.85724, -1.21563]
						},
						"0.4": {
							"vector": [-1.42621, 2.58834, 2.29356]
						},
						"0.6": {
							"vector": [0.20436, 2.5251, -0.43683]
						},
						"0.8": {
							"vector": [0.20436, 2.5251, -0.43683]
						},
						"0.9667": {
							"vector": [-0.18091, 2.62228, -7.42902]
						}
					},
					"scale": {
						"0.8": {
							"vector": [1, 1, 1]
						},
						"0.9667": {
							"vector": [0, 0, 0],
							"easing": "easeInSine"
						}
					}
				},
				"_camera_": {
					"rotation": {
						"0.0": {
							"vector": [0, 0, 0]
						},
						"0.1": {
							"vector": [0, 0, 0]
						},
						"0.1667": {
							"vector": [1, 0, 0]
						},
						"0.2": {
							"vector": [1, 0, 1]
						},
						"0.3": {
							"vector": [0, 0, 0]
						},
						"0.3667": {
							"vector": [0, 0, 0]
						},
						"0.4667": {
							"vector": [1.2, 0, -1]
						},
						"0.8333": {
							"vector": [-3, 0, -0.07]
						},
						"0.9667": {
							"vector": [0, 0, 0],
							"easing": "easeOutQuad"
						}
					},
					"position": {
						"0.0": {
							"vector": [0, 0, 0]
						},
						"0.1": {
							"vector": [0, 0, 0]
						},
						"0.9667": {
							"vector": [0, 0, 0],
							"easing": "easeOutQuad"
						}
					}
				}
			},
			"sound_effects": {
				"0.0": {
					"effect": "pump2"
				},
				"0.2333": {
					"effect": "shell_chamber"
				},
				"0.7333": {
					"effect": "pump2"
				}
			}
		}
	},
	"geckolib_format_version": 2
}