{
	"format_version": "1.8.0",
	"animations": {
		"animation.model.draw": {
			"loop": true,
			"animation_length": 1.2,
			"bones": {
				"main": {
					"rotation": {
						"0.0": {
							"vector": [32.09413, -54.38778, -8.29667]
						},
						"0.35": {
							"vector": [0.50518, -5.08075, 6.8716]
						},
						"0.5": {
							"vector": [0.32389, -0.60235, -2.1558]
						},
						"0.6": {
							"vector": [0, 0, 0]
						}
					},
					"position": {
						"0.0": {
							"vector": [0, -17.3, 0]
						},
						"0.25": {
							"vector": [-0.4, -2.525, -1.625]
						},
						"0.4": {
							"vector": [-0.05, 0, -2.49]
						},
						"0.55": {
							"vector": [0, 0, 0]
						}
					}
				},
				"leftarm": {
					"rotation": {
						"0.0": {
							"vector": [0, 0, 0]
						},
						"0.2": {
							"vector": [1, 0, -22]
						},
						"0.4": {
							"vector": [0, 0, 0]
						}
					},
					"position": {
						"0.0": {
							"vector": [0, 0, 0]
						},
						"0.2": {
							"vector": [3.53901, 3.6754, 5.59783]
						},
						"0.4": {
							"vector": [0, 0, 0]
						}
					}
				}
			}
		},
		"animation.model.inspect": {
			"loop": true,
			"animation_length": 4.2667,
			"bones": {
				"main": {
					"rotation": {
						"0.0": {
							"vector": [0, 0, 0]
						},
						"0.1667": {
							"vector": [-8.41746, -13.59608, -21.21259]
						},
						"0.3": {
							"vector": [-8.39812, -20.10111, -31.77688]
						},
						"0.4333": {
							"vector": [-9.55676, -20.88889, -28.55629]
						},
						"0.5333": {
							"vector": [-8.77652, -21.21647, -30.72851]
						},
						"0.7667": {
							"vector": [-9.4227, -20.94881, -28.93303]
						},
						"1.0": {
							"vector": [-3.1216, -20.98207, -46.44405]
						},
						"1.1333": {
							"vector": [-4.564, -20.73064, -42.44007]
						},
						"1.2333": {
							"vector": [-4.86325, -20.9153, -41.60203]
						},
						"1.3333": {
							"vector": [-4.58308, -20.97575, -42.38574]
						},
						"1.4667": {
							"vector": [-4.01131, -21.08802, -43.97908]
						},
						"1.6": {
							"vector": [-4.38767, -21.01662, -42.9316]
						},
						"1.7": {
							"vector": [-4.18847, -21.05622, -43.48691]
						},
						"2.0333": {
							"vector": [-16.91438, 5.38499, 54.40399]
						},
						"2.1667": {
							"vector": [-15.22513, 5.80082, 60.04554]
						},
						"2.3": {
							"vector": [-15.70981, 5.86025, 59.48558]
						},
						"2.4333": {
							"vector": [-15.93602, 7.03904, 62.69373]
						},
						"2.5667": {
							"vector": [-15.60896, 7.75082, 65.23442]
						},
						"2.7333": {
							"vector": [-15.71675, 7.52491, 64.42194]
						},
						"2.9": {
							"vector": [-15.56389, 7.84019, 65.55973]
						},
						"3.1": {
							"vector": [-15.61778, 7.73186, 65.16659]
						},
						"3.2667": {
							"vector": [-15.9801, 6.93689, 62.33342]
						},
						"3.4": {
							"vector": [-8.86998, 2.42135, 33.56191]
						},
						"3.5333": {
							"vector": [0, -1.75, -2.75]
						},
						"3.7": {
							"vector": [0, 0, 0]
						}
					},
					"position": {
						"0.0": {
							"vector": [0, 0, 0]
						},
						"0.3": {
							"vector": [-0.475, 1.475, -8.7]
						},
						"0.4": {
							"vector": [-0.195, 1, -7.7]
						},
						"0.5333": {
							"vector": [-0.03, 0.725, -7.7]
						},
						"0.7": {
							"vector": [0, 1.125, -7.7]
						},
						"0.9": {
							"vector": [0.125, 1.4, -8.275]
						},
						"1.2": {
							"vector": [-0.02, 1.475, -8]
						},
						"1.4": {
							"vector": [0.11, 1.425, -8.175]
						},
						"1.6667": {
							"vector": [0.275, 1.25, -7.975]
						},
						"1.8": {
							"vector": [-0.13, -1.19, -8.65]
						},
						"1.9667": {
							"vector": [-0.545, -1.325, -11.15]
						},
						"2.1333": {
							"vector": [-0.415, -1.395, -10.545]
						},
						"2.2667": {
							"vector": [-0.525, -1.455, -9.17]
						},
						"2.4": {
							"vector": [-0.49, -1.43, -9.85]
						},
						"2.5667": {
							"vector": [-0.455, -1.5, -9.24]
						},
						"2.7667": {
							"vector": [-0.53, -1.5, -9.27]
						},
						"3.0": {
							"vector": [-0.49, -1.41, -9.3]
						},
						"3.2333": {
							"vector": [-0.545, -1.325, -9.325]
						},
						"3.3667": {
							"vector": [-1.005, -0.61, -7.41]
						},
						"3.6333": {
							"vector": [0, 0, 0]
						}
					}
				},
				"leftarm": {
					"rotation": {
						"0.0": {
							"vector": [0, 0, 0]
						},
						"0.1667": {
							"vector": [0, 0, -2.5]
						},
						"1.7333": {
							"vector": [0, 0, -2.5]
						},
						"2.0333": {
							"vector": [-20, 0, -45]
						},
						"3.3": {
							"vector": [-20, 0, -45]
						},
						"3.5667": {
							"vector": [0, 0, 0]
						}
					},
					"position": {
						"0.0": {
							"vector": [0, 0, 0]
						},
						"0.1667": {
							"vector": [11.23986, -30.20851, 24.64864]
						},
						"1.7333": {
							"vector": [11.23986, -30.20851, 24.64864]
						},
						"2.0333": {
							"vector": [7.35, 6.25, 2.33]
						},
						"3.3": {
							"vector": [7.35, 6.25, 2.33]
						},
						"3.5667": {
							"vector": [0, 0, 0]
						}
					}
				}
			}
		},
		"animation.model.reload": {
			"loop": true,
			"animation_length": 2.6333,
			"bones": {
				"main": {
					"rotation": {
						"0.0": {
							"vector": [0, 0, 0]
						},
						"0.1333": {
							"vector": [-5.21485, -2.95862, -15.29475]
						},
						"0.2": {
							"vector": [-5.32661, -2.7519, -13.05148]
						},
						"0.3": {
							"vector": [-6.02889, 0.16976, 5.24751]
						},
						"0.4": {
							"vector": [-6.12801, -1.35275, -6.40702]
						},
						"0.5333": {
							"vector": [-6.1187, -0.02873, -0.95691]
						},
						"0.6667": {
							"vector": [-5.5641, -3.67217, -16.73407]
						},
						"0.8": {
							"vector": [-7.69146, -9.02012, -38.24515]
						},
						"0.9333": {
							"vector": [-6.9176, -9.62441, -43.01967]
						},
						"1.0667": {
							"vector": [-7.61249, -9.0867, -38.74695]
						},
						"1.1667": {
							"vector": [-5.08218, -9.77905, -49.45405]
						},
						"1.2667": {
							"vector": [-6.08303, -9.67451, -43.52433]
						},
						"1.3667": {
							"vector": [-2.99846, -5.05599, -28.55349]
						},
						"1.5333": {
							"vector": [1.57141, -1.85374, -1.9128]
						},
						"1.6333": {
							"vector": [0.27288, -0.37236, 1.59554]
						},
						"1.7": {
							"vector": [0, 0, 0]
						}
					},
					"position": {
						"0.0": {
							"vector": [0, 0, 0]
						},
						"0.0667": {
							"vector": [-0.575, 0, 0]
						},
						"0.1667": {
							"vector": [-0.38, 0.875, 0.35]
						},
						"0.3": {
							"vector": [-0.705, -3.5, -0.675]
						},
						"0.4667": {
							"vector": [-1.475, -2.42, -1.475]
						},
						"0.7": {
							"vector": [-1.55, -1.545, -4.25]
						},
						"0.8667": {
							"vector": [-1.525, -0.55, -3.025]
						},
						"0.9667": {
							"vector": [-1.525, -0.45, -2.3]
						},
						"1.1": {
							"vector": [-1.475, -0.2, -1.3]
						},
						"1.2": {
							"vector": [-2.125, 0.925, -0.775]
						},
						"1.3": {
							"vector": [-1.35, -0.225, -1.025]
						},
						"1.4333": {
							"vector": [0.02894, -1.60775, -6.90297]
						},
						"1.5": {
							"vector": [0.05077, -1.45863, -3.79557]
						},
						"1.6333": {
							"vector": [-0.01391, -0.26895, -0.26276]
						},
						"1.7": {
							"vector": [0, 0, 0]
						}
					}
				},
				"leftarm": {
					"rotation": {
						"0.0": {
							"vector": [0, 0, 0]
						},
						"0.0667": {
							"vector": [-19.45644, -5.86858, 7.49224]
						},
						"0.1333": {
							"vector": [-19.1063, -9.63723, 4.18713]
						},
						"0.2333": {
							"vector": [-15.03103, -13.37925, 0.82083]
						},
						"0.3333": {
							"vector": [43.07804, 15.85303, 7.64839]
						},
						"0.8333": {
							"vector": [9.84584, 4.15599, 15.03241]
						},
						"0.9": {
							"vector": [9.77665, 5.80251, 14.43551]
						},
						"0.9667": {
							"vector": [6.77665, 5.80251, 14.43551]
						},
						"1.0333": {
							"vector": [6.85598, 4.18921, 15.11822]
						},
						"1.1": {
							"vector": [0.91192, 3.09309, 15.72168]
						},
						"1.2333": {
							"vector": [0.91192, 3.09309, 15.72168]
						},
						"1.3667": {
							"vector": [-3.00825, -1.87831, 5.87206]
						},
						"1.5333": {
							"vector": [0, 0, 0]
						}
					},
					"position": {
						"0.0": {
							"vector": [0, 0, 0]
						},
						"0.0667": {
							"vector": [2, -8.975, 3.45]
						},
						"0.1333": {
							"vector": [5, -9.975, 8.45]
						},
						"0.2333": {
							"vector": [5.425, -9.975, 10.425]
						},
						"0.3333": {
							"vector": [5.42, -9.97, 17.38]
						},
						"0.7": {
							"vector": [-0.055, -20.32, 19.98]
						},
						"0.8333": {
							"vector": [3.565, -10.77, 15.98]
						},
						"0.9": {
							"vector": [3.22, -10.42, 16.23]
						},
						"0.9667": {
							"vector": [3.195, -11.595, 17.755]
						},
						"1.0333": {
							"vector": [3.1, -10.575, 16.76]
						},
						"1.1": {
							"vector": [3.1, -7.175, 15.76]
						},
						"1.2333": {
							"vector": [3.1, -7.175, 15.76]
						},
						"1.3667": {
							"vector": [3.98, -15.045, 8.2]
						},
						"1.5333": {
							"vector": [0, 0, 0]
						}
					}
				},
				"magazine": {
					"rotation": {
						"0.0": {
							"vector": [0, 0, 0]
						},
						"0.2333": {
							"vector": [0, 0, 0]
						},
						"0.6667": {
							"vector": [0, 0, 0]
						}
					},
					"position": {
						"0.0": {
							"vector": [0, 0, 0]
						},
						"0.2333": {
							"vector": [0, 0, 0]
						},
						"0.3333": {
							"vector": [0, -23, 0]
						},
						"0.6667": {
							"vector": [0, -23, 0]
						},
						"0.8": {
							"vector": [0.725, -7.55, -1.9]
						},
						"0.9": {
							"vector": [0.125, -7.605, -2.075]
						},
						"0.9667": {
							"vector": [-0.645, -7.1, 0]
						},
						"1.0333": {
							"vector": [0, -6.025, 0]
						},
						"1.1": {
							"vector": [0, 0, 0]
						}
					}
				},
				"_camera_": {
					"rotation": {
						"0.0": {
							"vector": [0, 0, 0]
						},
						"0.2333": {
							"vector": [1.2566, 1.23888, 0.51628]
						},
						"0.4667": {
							"vector": [4.50662, 1.49352, 0.39843]
						},
						"0.8667": {
							"vector": [3.26887, 0.07099, -0.55578]
						},
						"1.1667": {
							"vector": [2.76973, -0.48523, 0.41407]
						},
						"1.6667": {
							"vector": [0, 0, 0]
						}
					}
				}
			},
			"sound_effects": {
				"0.0": {
					"effect": "ak_magout"
				},
				"0.2": {
					"effect": "foley_start"
				},
				"0.8": {
					"effect": "ak_magin"
				},
				"1.0": {
					"effect": "foley_end"
				}
			}
		},
		"animation.model.reloadempty": {
			"loop": true,
			"animation_length": 2,
			"bones": {
				"main": {
					"rotation": {
						"0.0": {
							"vector": [0, 0, 0]
						},
						"0.2": {
							"vector": [-5.21485, -2.95862, -15.29475]
						},
						"0.2667": {
							"vector": [-5.32661, -2.7519, -13.05148]
						},
						"0.3667": {
							"vector": [-6.02889, 0.16976, 5.24751]
						},
						"0.4667": {
							"vector": [-6.12801, -1.35275, -6.40702]
						},
						"0.6": {
							"vector": [-6.1187, -0.02873, -0.95691]
						},
						"0.7667": {
							"vector": [-5.5641, -3.67217, -16.73407]
						},
						"0.8667": {
							"vector": [-7.88595, -7.55317, -28.24841]
						},
						"1.0": {
							"vector": [-8.4828, -8.28104, -32.98754]
						},
						"1.1333": {
							"vector": [-9.07014, -7.63227, -28.74648]
						},
						"1.2333": {
							"vector": [-6.70888, -8.74921, -39.37529]
						},
						"1.3333": {
							"vector": [-6.67274, -8.47385, -33.47033]
						},
						"1.4667": {
							"vector": [-5.86289, -2.40977, -11.40369]
						},
						"1.5667": {
							"vector": [-4.2087, -2.63592, -10.37925]
						},
						"1.6333": {
							"vector": [-4.58987, -3.21883, -6.56827]
						},
						"1.7": {
							"vector": [-4.11046, -4.49378, -15.26629]
						},
						"1.8333": {
							"vector": [-2.20403, -1.87632, -8.36146]
						},
						"2.0": {
							"vector": [0, 0, 0]
						}
					},
					"position": {
						"0.0": {
							"vector": [0, 0, 0]
						},
						"0.1333": {
							"vector": [-0.575, -0.225, 0]
						},
						"0.2333": {
							"vector": [-0.38, 0.875, 0.35]
						},
						"0.3667": {
							"vector": [-0.705, -3.5, -0.675]
						},
						"0.5333": {
							"vector": [-1.475, -2.42, -1.475]
						},
						"0.6667": {
							"vector": [-0.705, -1.725, -1.575]
						},
						"0.8": {
							"vector": [-0.55, -1.27, -3.6]
						},
						"0.9333": {
							"vector": [-0.7, -0.55, -1.85]
						},
						"1.0333": {
							"vector": [-0.85, -0.45, -1.3]
						},
						"1.1": {
							"vector": [-1.025, -0.3, -1.3]
						},
						"1.2": {
							"vector": [-1.15, 0.125, -1.3]
						},
						"1.2667": {
							"vector": [-1.575, 0.5, -0.775]
						},
						"1.3667": {
							"vector": [-1.075, -0.55, -1.025]
						},
						"1.5": {
							"vector": [-0.18, -0.51, -0.98]
						},
						"1.6": {
							"vector": [-0.505, -0.985, -1.855]
						},
						"1.6333": {
							"vector": [-0.66, -0.96, -1.81]
						},
						"1.7": {
							"vector": [-2.04, -0.92, -1.73]
						},
						"1.8": {
							"vector": [-0.405, -0.81, -2.13]
						},
						"1.9333": {
							"vector": [0, 0, 0]
						}
					}
				},
				"reload_thing": {
					"position": {
						"0.0": {
							"vector": [0, 0, -8]
						},
						"1.4333": {
							"vector": [0, 0, -8]
						},
						"1.5667": {
							"vector": [0, 0, 0]
						},
						"1.6": {
							"vector": [0, 0, 0]
						}
					}
				},
				"leftarm": {
					"rotation": {
						"0.0": {
							"vector": [0, 0, 0]
						},
						"0.0667": {
							"vector": [-19.45644, -5.86858, 7.49224]
						},
						"0.1333": {
							"vector": [-19.1063, -9.63723, 4.18713]
						},
						"0.2333": {
							"vector": [-15.03103, -13.37925, 0.82083]
						},
						"0.3333": {
							"vector": [43.07804, 15.85303, 7.64839]
						},
						"0.8333": {
							"vector": [9.84584, 4.15599, 15.03241]
						},
						"0.9": {
							"vector": [9.77665, 5.80251, 14.43551]
						},
						"0.9667": {
							"vector": [6.77665, 5.80251, 14.43551]
						},
						"1.0333": {
							"vector": [6.85598, 4.18921, 15.11822]
						},
						"1.1": {
							"vector": [0.91192, 3.09309, 15.72168]
						},
						"1.2333": {
							"vector": [0.91192, 3.09309, 15.72168]
						},
						"1.4": {
							"vector": [27.07492, -34.28152, -100.4508]
						},
						"1.4333": {
							"vector": [27.07492, -34.28152, -100.4508]
						},
						"1.5667": {
							"vector": [27.07, -34.28, -100.45]
						},
						"1.6667": {
							"vector": [27.07, -34.28, -100.45]
						},
						"1.8667": {
							"vector": [0, 0, 0]
						}
					},
					"position": {
						"0.0": {
							"vector": [0, 0, 0]
						},
						"0.0667": {
							"vector": [2, -8.975, 3.45]
						},
						"0.1333": {
							"vector": [5, -9.975, 8.45]
						},
						"0.2333": {
							"vector": [5.425, -9.975, 10.425]
						},
						"0.3333": {
							"vector": [5.42, -9.97, 17.38]
						},
						"0.7": {
							"vector": [-0.055, -20.32, 19.98]
						},
						"0.8333": {
							"vector": [3.565, -10.77, 15.98]
						},
						"0.9": {
							"vector": [3.22, -10.42, 16.23]
						},
						"0.9667": {
							"vector": [3.195, -11.595, 17.755]
						},
						"1.0333": {
							"vector": [3.1, -10.575, 16.76]
						},
						"1.1": {
							"vector": [3.1, -7.175, 15.76]
						},
						"1.2333": {
							"vector": [3.1, -7.175, 15.76]
						},
						"1.4": {
							"vector": [4.8, 17, 19]
						},
						"1.4333": {
							"vector": [4.8, 17, 19]
						},
						"1.5667": {
							"vector": [4.8, 17, 29]
						},
						"1.6667": {
							"vector": [4.8, 17, 29]
						},
						"1.7667": {
							"vector": [5.4, 8.5, 14.5]
						},
						"1.8667": {
							"vector": [0, 0, 0]
						}
					},
					"scale": {
						"vector": [1, 1, 1]
					}
				},
				"magazine": {
					"rotation": {
						"0.0": {
							"vector": [0, 0, 0]
						},
						"0.2333": {
							"vector": [0, 0, 0]
						},
						"0.6667": {
							"vector": [0, 0, 0]
						}
					},
					"position": {
						"0.0": {
							"vector": [0, 0, 0]
						},
						"0.2333": {
							"vector": [0, 0, 0]
						},
						"0.3333": {
							"vector": [0, -23, 0]
						},
						"0.6667": {
							"vector": [0, -23, 0]
						},
						"0.8": {
							"vector": [0.725, -7.55, -1.9]
						},
						"0.9": {
							"vector": [0.125, -7.605, -2.075]
						},
						"0.9667": {
							"vector": [-0.645, -7.1, 0]
						},
						"1.0333": {
							"vector": [0, -6.025, 0]
						},
						"1.1": {
							"vector": [0, 0, 0]
						}
					}
				},
				"bullet": {
					"position": {
						"0.4667": {
							"vector": [0, -5, 0]
						},
						"0.5": {
							"vector": [0, 0, 0],
							"easing": "step"
						}
					}
				},
				"_camera_": {
					"rotation": {
						"0.0": {
							"vector": [0, 0, 0]
						},
						"0.3333": {
							"vector": [3.0066, 1.23888, 0.51628]
						},
						"0.5667": {
							"vector": [4.50662, 1.49352, 0.39843]
						},
						"1.3667": {
							"vector": [3.26887, 0.07099, -0.55578]
						},
						"1.6667": {
							"vector": [2.76973, -0.48523, 0.41407]
						},
						"2.0": {
							"vector": [0, 0, 0]
						}
					}
				}
			},
			"sound_effects": {
				"0.0": {
					"effect": "ak_magout"
				},
				"0.2": {
					"effect": "foley_start"
				},
				"0.8": {
					"effect": "ak_magin"
				},
				"1.0": {
					"effect": "foley_end"
				},
				"1.3333": {
					"effect": "ak_actionback"
				}
			}
		},
		"animation.model.fire": {
			"loop": true,
			"animation_length": 0.4167,
			"bones": {
				"main": {
					"rotation": {
						"0.0": {
							"vector": [0, 0, 0]
						},
						"0.0417": {
							"vector": [0.24722, -0.15263, -0.99759]
						},
						"0.0833": {
							"vector": [0.25995, -0.07447, -1.5556]
						},
						"0.2083": {
							"vector": [0, 0.01681, 0.95037]
						},
						"0.2917": {
							"vector": [0, 0.00851, -0.52127]
						},
						"0.3333": {
							"vector": [0, 0.0036, 0.23936]
						},
						"0.4167": {
							"vector": [0, 0, 0]
						}
					}
				},
				"reload_thing": {
					"rotation": {
						"0.0": {
							"vector": [0, 0, 0]
						},
						"0.0417": {
							"vector": [0, 0, 0]
						}
					},
					"position": {
						"0.0": {
							"vector": [0, 0, 0]
						},
						"0.0417": {
							"vector": [0, 0, -8]
						},
						"0.0833": {
							"vector": [0, 0, 0]
						}
					}
				}
			}
		}
	},
	"geckolib_format_version": 2
}