  {
  "name" : "mid_panzerfaust60",
  "type": "Gun",
  "maxAmmoCapacity" : 1,
  "compatibleAmmo" : ["ammocreative", "mid_panzerfaust60_warhead"],
  "damage" : 5,
  "rpm" : 400,
  "fireModes" : ["SINGLE"],
  "fireSound" : "panzerfaust_fire",
  "drawCooldownDuration" : 1167,
  "aimingZoom" : 0.35,
  "gunRecoilInitialAmplitude" : 0.6,
  "shakeRecoilAmplitude" : 0.2,
  "shakeRecoilSpeed" : 1.5,
  "viewRecoilAmplitude" : 1.1,
  "prepareFireCooldownDuration": 125,
  "inspectCooldownDuration": 3700,
  "phasedReloads": [
    {
      "phase": "RELOADING",
      "duration": 2208,
      "animation": "animation.model.reload"
    }
  ],
  "effects": [
    { 
      "phase": "firing",
      "name": "launcher_muzzle"
    }
  ],
  "idleAnimations": [
    {
      "name": "animation.model.idleempty",
      "duration": 130,
      "condition": "ammoCount == 0"
    },
    {
      "name": "animation.model.idle",
      "duration": 130,
      "condition": "ammoCount > 0"
    }
  ]
}