{
	"format_version": "1.8.0",
	"animations": {
		"animation.model.draw": {
			"animation_length": 0.6,
			"bones": {
				"main": {
					"rotation": {
						"0.0": {
							"vector": [32.09413, -54.38778, -8.29667]
						},
						"0.35": {
							"vector": [0.50518, -5.08075, 6.8716],
							"easing": "easeOutSine"
						},
						"0.5": {
							"vector": [0.32389, -0.60235, -2.1558],
							"easing": "linear"
						},
						"0.6": {
							"vector": [0, 0, 0],
							"easing": "linear"
						}
					},
					"position": {
						"0.0": {
							"vector": [0, -17.3, 0]
						},
						"0.25": {
							"vector": [-0.4, -2.525, -1.625],
							"easing": "linear"
						},
						"0.4": {
							"vector": [-0.05, 0, -2.49],
							"easing": "linear"
						},
						"0.55": {
							"vector": [0, 0, 0],
							"easing": "linear"
						}
					}
				},
				"leftarm": {
					"rotation": {
						"0.0": {
							"vector": [0, 0, 0]
						},
						"0.2": {
							"vector": [1, 0, -22]
						},
						"0.4": {
							"vector": [0, 0, 0]
						}
					},
					"position": {
						"0.0": {
							"vector": [0, 0, 0]
						},
						"0.2": {
							"vector": [3.53901, 3.6754, 5.59783]
						},
						"0.4": {
							"vector": [0, 0, 0]
						}
					}
				}
			},
			"sound_effects": {
				"0.0": {
					"effect": "foley_start"
				},
				"0.35": {
					"effect": "foley_end"
				}
			}
		},
		"animation.model.inspect": {
			"animation_length": 4.2667,
			"bones": {
				"main": {
					"rotation": {
						"0.0": {
							"vector": [0, 0, 0]
						},
						"0.1667": {
							"vector": [-8.41746, -13.59608, -21.21259],
							"easing": "linear"
						},
						"0.3": {
							"vector": [-8.39812, -20.10111, -31.77688]
						},
						"0.4333": {
							"vector": [-9.55676, -20.88889, -28.55629]
						},
						"0.5333": {
							"vector": [-8.77652, -21.21647, -30.72851]
						},
						"0.7667": {
							"vector": [-9.4227, -20.94881, -28.93303]
						},
						"1.0": {
							"vector": [-3.1216, -20.98207, -46.44405]
						},
						"1.1333": {
							"vector": [-4.564, -20.73064, -42.44007]
						},
						"1.2333": {
							"vector": [-4.86325, -20.9153, -41.60203]
						},
						"1.3333": {
							"vector": [-4.58308, -20.97575, -42.38574]
						},
						"1.4667": {
							"vector": [-4.01131, -21.08802, -43.97908]
						},
						"1.6": {
							"vector": [-4.38767, -21.01662, -42.9316]
						},
						"1.7": {
							"vector": [-4.18847, -21.05622, -43.48691],
							"easing": "linear"
						},
						"1.9": {
							"vector": [-36.93354, -3.72398, 14.23416]
						},
						"2.1333": {
							"vector": [-35.98628, -9.67656, 6.13967]
						},
						"2.3333": {
							"vector": [-44.41302, -3.47604, 14.02068]
						},
						"2.5": {
							"vector": [-36.56727, -6.71687, 10.21168]
						},
						"2.8667": {
							"vector": [-40.92191, -9.33541, 5.86498]
						},
						"3.2333": {
							"vector": [-38.11379, -11.13912, 4.07815]
						},
						"3.5": {
							"vector": [-36.93354, -3.72398, 14.23416]
						},
						"3.8667": {
							"vector": [5, 0, 0]
						},
						"4.0": {
							"vector": [0, 0, 0]
						}
					},
					"position": {
						"0.0": {
							"vector": [0, 0, 0]
						},
						"0.3": {
							"vector": [-0.475, 1.475, -8.7]
						},
						"0.4": {
							"vector": [-0.195, 1, -7.7]
						},
						"0.5333": {
							"vector": [-0.03, 0.725, -7.7]
						},
						"0.7": {
							"vector": [0, 1.125, -7.7]
						},
						"0.9": {
							"vector": [0.125, 1.4, -8.275]
						},
						"1.2": {
							"vector": [-0.02, 1.475, -8]
						},
						"1.4": {
							"vector": [0.11, 1.425, -8.175]
						},
						"1.6667": {
							"vector": [0.275, 1.25, -7.975]
						},
						"1.8": {
							"vector": [-0.13, -1.19, -8.65]
						},
						"1.9667": {
							"vector": [-0.545, -1.325, -11.15]
						},
						"2.1333": {
							"vector": [-0.415, -1.395, -10.545]
						},
						"2.2667": {
							"vector": [-0.525, -1.455, -9.17]
						},
						"2.4": {
							"vector": [-0.49, -1.43, -9.85]
						},
						"2.5667": {
							"vector": [-0.455, -1.5, -9.24]
						},
						"2.7667": {
							"vector": [-0.53, -1.5, -9.27]
						},
						"3.0": {
							"vector": [-0.49, -1.41, -9.3]
						},
						"3.2333": {
							"vector": [-0.545, -1.325, -9.325]
						},
						"3.3667": {
							"vector": [-1.005, -0.61, -7.41]
						},
						"3.6333": {
							"vector": [0, 0, 0]
						},
						"3.7333": {
							"vector": [0, -1, 0]
						},
						"4.0": {
							"vector": [0, 0, 0]
						}
					}
				},
				"leftarm": {
					"rotation": {
						"0.0": {
							"vector": [0, 0, 0]
						},
						"0.3": {
							"vector": [138.71387, -3.64233, 4.53512]
						},
						"1.3": {
							"vector": [138.71387, -3.64233, 4.53512]
						},
						"1.7333": {
							"vector": [-26.87469, -11.14104, 13.87187]
						},
						"2.0333": {
							"vector": [-20, 0, -45]
						},
						"3.3": {
							"vector": [-20, 0, -45]
						},
						"3.5667": {
							"vector": [0, 0, 0]
						}
					},
					"position": {
						"0.0": {
							"vector": [0, 0, 0]
						},
						"0.3": {
							"vector": [-0.79, -27.76, 2.9]
						},
						"1.3": {
							"vector": [-0.79, -27.76, 2.9]
						},
						"1.7333": {
							"vector": [-2.40319, -14.56413, 8.87877]
						},
						"2.0333": {
							"vector": [10.04841, 3.20572, 4.75519]
						},
						"3.3": {
							"vector": [10.04841, 3.20572, 4.75519]
						},
						"3.5667": {
							"vector": [0, 0, 0]
						}
					}
				},
				"rightarm": {
					"rotation": {
						"1.8667": {
							"vector": [0, 0, 0]
						},
						"2.0": {
							"vector": [0, 0, 0]
						},
						"2.3333": {
							"vector": [-3.81176, 6.91804, 36.11104]
						},
						"2.4333": {
							"vector": [-3.81176, 6.91804, 36.11104],
							"easing": "linear"
						},
						"3.2": {
							"vector": [-3.81176, 6.91804, 36.11104],
							"easing": "linear"
						},
						"3.3": {
							"vector": [-3.81176, 6.91804, 36.11104]
						},
						"3.6": {
							"vector": [0, 0, 0]
						}
					},
					"position": {
						"0.0": {
							"vector": [0, 0, 0]
						},
						"1.8667": {
							"vector": [0, 0, 0]
						},
						"2.0": {
							"vector": [0, 0, 0]
						},
						"2.3333": {
							"vector": [-5, 10, -16]
						},
						"2.4333": {
							"vector": [-5, 10, -10],
							"easing": "linear"
						},
						"3.2": {
							"vector": [-5, 10, -10],
							"easing": "linear"
						},
						"3.3": {
							"vector": [-5, 10, -16]
						},
						"3.6": {
							"vector": [0, 0, 0]
						}
					}
				},
				"action": {
					"position": {
						"2.3333": {
							"vector": [0, 0, 0]
						},
						"2.4333": {
							"vector": [0, 0, 6]
						},
						"3.2": {
							"vector": [0, 0, 6]
						},
						"3.3": {
							"vector": [0, 0, 0]
						}
					}
				},
				"shell": {
					"position": {
						"2.3": {
							"vector": [0, 0.5, -8]
						},
						"2.4333": {
							"vector": [0, 0.5, -2]
						},
						"3.2": {
							"vector": [0, 0.5, -2]
						},
						"3.3": {
							"vector": [0, 0.5, -8]
						}
					}
				}
			},
			"sound_effects": {
				"0.0": {
					"effect": "foley_start"
				},
				"0.5667": {
					"effect": "foley_end"
				},
				"1.4333": {
					"effect": "foley_end"
				},
				"2.2333": {
					"effect": "ak_actionback"
				},
				"2.7": {
					"effect": "foley_start"
				},
				"3.3": {
					"effect": "ak_actionforward"
				},
				"3.4667": {
					"effect": "foley_end"
				}
			}
		},
		"animation.model.fire": {
			"animation_length": 0.3,
			"bones": {
				"main": {
					"rotation": {
						"0.0": {
							"vector": [0, 0, 0]
						},
						"0.1": {
							"vector": [-0.99905, 0.04362, 2.49962],
							"easing": "easeOutElastic"
						},
						"0.3": {
							"vector": [0, 0, 0],
							"easing": "easeInElastic"
						}
					},
					"position": {
						"0.0": {
							"vector": [0, 0, 0]
						},
						"0.1": {
							"vector": [0, 1, 3],
							"easing": "easeOutElastic"
						},
						"0.3": {
							"vector": [0, 0, 0],
							"easing": "easeInElastic"
						}
					}
				},
				"action": {
					"position": {
						"0.0": {
							"vector": [0, 0, 0]
						},
						"0.1": {
							"vector": [0, 0, 8],
							"easing": "easeOutElastic"
						},
						"0.3": {
							"vector": [0, 0, 0],
							"easing": "easeOutQuart"
						}
					}
				},
				"cover": {
					"rotation": {
						"0.0": {
							"vector": [0, 0, 0]
						},
						"0.0333": {
							"vector": [-0.0237, -0.21643, 12.49816],
							"easing": "easeOutCirc"
						},
						"0.0667": {
							"vector": [0, 0, 0],
							"easing": "easeOutCirc"
						}
					}
				},
				"bullet": {
					"position": {
						"0.0": {
							"vector": [0, 0, 0]
						},
						"0.0333": {
							"vector": [-5, 10, 0],
							"easing": "easeInCirc"
						},
						"0.0667": {
							"vector": [-11.67, 23, 4]
						},
						"0.1": {
							"vector": [-17.83, 38, 9]
						},
						"0.1333": {
							"vector": [-24, 53, 18]
						}
					}
				}
			},
			"sound_effects": {
				"0.0333": {
					"effect": "ak_actionback"
				},
				"0.1333": {
					"effect": "ak_actionforward"
				}
			}
		},
		"animation.model.reload_prepare": {
			"animation_length": 1.1,
			"bones": {
				"main": {
					"rotation": {
						"0.0": {
							"vector": [0, 0, 0]
						},
						"0.2": {
							"vector": [-4.74028, -1.62322, 0.57363]
						},
						"0.3": {
							"vector": [-3.23016, -1.52639, -9.35641]
						},
						"0.4667": {
							"vector": [-1.9021, -1.76859, -10.82077]
						},
						"0.5667": {
							"vector": [-2.62335, -1.40596, -5.63661]
						},
						"0.6333": {
							"vector": [-2.27389, -0.63599, -8.62124]
						},
						"0.7333": {
							"vector": [-2.24455, -0.70673, -6.06838]
						},
						"0.8667": {
							"vector": [-2.62335, -1.40596, -5.63661]
						},
						"1.0": {
							"vector": [-2.24455, -0.70673, -6.06838]
						}
					},
					"position": {
						"0.0": {
							"vector": [0, 0, 0]
						},
						"0.2333": {
							"vector": [-0.34, -0.65, 5.135]
						},
						"0.4": {
							"vector": [-0.29, -0.305, 3.255]
						},
						"0.5333": {
							"vector": [-0.22, -0.23, 2.98]
						},
						"0.6": {
							"vector": [-0.22, -0.23, 5.33]
						},
						"0.7": {
							"vector": [-0.18, -0.32, 3.7]
						},
						"0.8333": {
							"vector": [-0.22, -0.23, 2.98]
						},
						"1.0": {
							"vector": [-0.18, -0.32, 3.7]
						}
					}
				},
				"bolt": {
					"position": {
						"vector": [0, 0, 7.6]
					}
				},
				"action": {
					"position": {
						"0.2": {
							"vector": [0, 0, 0]
						},
						"0.6333": {
							"vector": [0, 0, 9],
							"easing": "easeInElastic"
						}
					}
				},
				"magazine": {
					"position": {
						"vector": [0, 1, 0]
					}
				},
				"rightarm": {
					"rotation": {
						"0.0": {
							"vector": [0, 0, 0]
						},
						"0.2": {
							"vector": [-3.81176, 6.91804, 36.11104]
						},
						"0.6333": {
							"vector": [-3.81176, 6.91804, 36.11104],
							"easing": "easeInElastic"
						},
						"0.8": {
							"vector": [5.16856, 2.23936, 7.53086]
						}
					},
					"position": {
						"0.0": {
							"vector": [0, 0, 0]
						},
						"0.2": {
							"vector": [-5, 10, -16]
						},
						"0.6333": {
							"vector": [-5, 10, -6],
							"easing": "easeInElastic"
						},
						"0.8": {
							"vector": [-6, 4, -14]
						}
					}
				},
				"bullet": {
					"position": {
						"0.0": {
							"vector": [0, -1, 0]
						},
						"0.4667": {
							"vector": [0, -1, 0]
						},
						"0.5": {
							"vector": [-5, 10, 0],
							"easing": "easeInCirc"
						},
						"0.5333": {
							"vector": [-11.67, 23, 4]
						},
						"0.5667": {
							"vector": [-17.83, 38, 9]
						},
						"0.6": {
							"vector": [-24, 53, 18]
						}
					}
				}
			},
			"sound_effects": {
				"0.0": {
					"effect": "foley_start"
				},
				"0.1667": {
					"effect": "ak_actionback"
				},
				"0.5": {
					"effect": "foley_end"
				}
			}
		},
		"animation.model.reload_prepareempty": {
			"animation_length": 2.2333,
			"bones": {
				"main": {
					"rotation": {
						"0.0": {
							"vector": [0, 0, 0]
						},
						"0.1667": {
							"vector": [-4.92074, -2.12162, -7.81848]
						},
						"0.3": {
							"vector": [-3.23016, -1.52639, -9.35641]
						},
						"0.4": {
							"vector": [-2.62335, -1.40596, -5.63661]
						},
						"0.5": {
							"vector": [-2.24455, -0.70673, -6.06838]
						}
					},
					"position": {
						"0.0": {
							"vector": [0, 0, 0]
						},
						"0.2": {
							"vector": [-0.18, -0.32, 3.7],
							"easing": "easeOutSine"
						},
						"0.3333": {
							"vector": [-0.22, -0.23, 5.33]
						},
						"0.5": {
							"vector": [-0.18, -0.32, 3.7]
						}
					}
				},
				"bolt": {
					"position": {
						"vector": [0, 0, 7.6]
					}
				},
				"action": {
					"position": {
						"vector": [0, 0, 9]
					}
				},
				"magazine": {
					"position": {
						"2.1333": {
							"vector": [0, 0, 0]
						},
						"2.2333": {
							"vector": [0, 0, -5]
						}
					}
				},
				"rightarm": {
					"rotation": {
						"0.0": {
							"vector": [0, 0, 0]
						},
						"0.5": {
							"vector": [5.16856, 2.23936, 7.53086]
						}
					},
					"position": {
						"0.0": {
							"vector": [0, 0, 0]
						},
						"0.5": {
							"vector": [-6, 4, -14]
						}
					}
				},
				"bullet": {
					"position": {
						"vector": [0, -1, 0]
					}
				}
			},
			"sound_effects": {
				"0.0": {
					"effect": "foley_start"
				},
				"0.5": {
					"effect": "foley_end"
				}
			}
		},
		"animation.model.reload_load": {
			"animation_length": 2.3333,
			"bones": {
				"main": {
					"rotation": {
						"0.0": {
							"vector": [-2.24455, -0.70673, -6.06838]
						},
						"0.5": {
							"vector": [-0.12335, -1.40596, -5.63661],
							"easing": "easeInBack"
						},
						"0.6": {
							"vector": [-2.24455, -0.70673, -6.06838]
						}
					},
					"position": {
						"0.0": {
							"vector": [-0.18, -0.32, 3.7]
						},
						"0.1667": {
							"vector": [-0.18, -0.32, 3.7]
						},
						"0.3667": {
							"vector": [-0.22, -0.67, 3.91],
							"easing": "easeInBack"
						},
						"0.6": {
							"vector": [-0.18, -0.32, 3.7],
							"easing": "easeInBack"
						}
					}
				},
				"action": {
					"position": {
						"vector": [0, 0, 9]
					}
				},
				"magazine": {
					"position": {
						"vector": [0, 1, 0]
					}
				},
				"rightarm": {
					"rotation": {
						"0.0": {
							"vector": [5.16856, 2.23936, 7.53086]
						},
						"0.1": {
							"vector": [-21.47011, -6.72755, 38.89244],
							"easing": "linear"
						},
						"0.5": {
							"vector": [-8.53657, -4.39752, 37.88795],
							"easing": "linear"
						},
						"0.6": {
							"vector": [5.16856, 2.23936, 7.53086]
						}
					},
					"position": {
						"0.0": {
							"vector": [-6, 4, -14]
						},
						"0.1": {
							"vector": [-6, 4, -18]
						},
						"0.5": {
							"vector": [-6, 4, -18]
						},
						"0.6": {
							"vector": [-6, 4, -14]
						}
					}
				},
				"bullet": {
					"position": {
						"0.0333": {
							"vector": [0, -1, 0]
						},
						"0.1333": {
							"vector": [0, -1, 0]
						},
						"0.1667": {
							"vector": [-1, 3, 0]
						},
						"0.4667": {
							"vector": [0, -1, 0]
						}
					}
				}
			},
			"sound_effects": {
				"0.0": {
					"effect": "foley_start"
				},
				"0.2": {
					"effect": "bulletinsert"
				},
				"0.6333": {
					"effect": "foley_end"
				}
			}
		},
		"animation.model.reload_finish": {
			"animation_length": 2.2333,
			"bones": {
				"main": {
					"rotation": {
						"0.0": {
							"vector": [-2.24455, -0.70673, -6.06838]
						},
						"0.2": {
							"vector": [-4.74028, -1.62322, 0.57363]
						},
						"0.4": {
							"vector": [-1.9021, -1.76859, -10.82077]
						},
						"0.5667": {
							"vector": [-2.27389, -0.63599, -8.62124]
						},
						"0.7": {
							"vector": [-2.24455, -0.70673, -6.06838]
						},
						"0.8667": {
							"vector": [-2.62335, -1.40596, -5.63661]
						},
						"1.0667": {
							"vector": [-2.24455, -0.70673, -6.06838]
						},
						"1.3": {
							"vector": [0, 0, 0],
							"easing": "linear"
						}
					},
					"position": {
						"0.0": {
							"vector": [-0.18, -0.32, 3.7]
						},
						"0.1667": {
							"vector": [-0.34, -0.65, 5.135]
						},
						"0.3333": {
							"vector": [-0.29, -0.305, 3.255]
						},
						"0.5333": {
							"vector": [-0.22, -0.23, 5.33]
						},
						"0.6667": {
							"vector": [-0.18, -0.32, 3.7]
						},
						"0.8": {
							"vector": [-0.22, -0.23, 2.98]
						},
						"1.0": {
							"vector": [-0.18, -0.32, 3.7]
						},
						"1.3": {
							"vector": [0, 0, 0],
							"easing": "linear"
						}
					}
				},
				"bolt": {
					"position": {
						"vector": [0, 0, 7.6]
					}
				},
				"action": {
					"position": {
						"0.5": {
							"vector": [0, 0, 9]
						},
						"0.6": {
							"vector": [0, 0, 0]
						}
					}
				},
				"magazine": {
					"position": {
						"2.1333": {
							"vector": [0, 0, 0]
						},
						"2.2333": {
							"vector": [0, 0, -5]
						}
					}
				},
				"rightarm": {
					"rotation": {
						"0.0": {
							"vector": [5.16856, 2.23936, 7.53086]
						},
						"0.3": {
							"vector": [-3.81176, 6.91804, 36.11104]
						},
						"0.5": {
							"vector": [-3.81176, 6.91804, 36.11104]
						},
						"0.7667": {
							"vector": [-16.31176, 6.91804, 36.11104]
						},
						"0.9667": {
							"vector": [2.49417, 7.49995, 2.52796]
						},
						"1.3": {
							"vector": [0, 0, 0]
						}
					},
					"position": {
						"0.0": {
							"vector": [-6, 4, -14]
						},
						"0.3": {
							"vector": [-5, 10, -6]
						},
						"0.5": {
							"vector": [-5, 10, -6]
						},
						"0.7667": {
							"vector": [-5, 10, -3]
						},
						"0.9667": {
							"vector": [0, 6, -3]
						},
						"1.0333": {
							"vector": [0, 6, -2]
						},
						"1.3": {
							"vector": [0, 0, 0]
						}
					}
				}
			},
			"sound_effects": {
				"0.0": {
					"effect": "foley_start"
				},
				"0.4667": {
					"effect": "ak_actionforward"
				},
				"0.6333": {
					"effect": "foley_end"
				}
			}
		}
	},
	"geckolib_format_version": 2
}