{
	"format_version": "1.8.0",
	"animations": {
		"animation.model.inspect": {
			"animation_length": 4,
			"bones": {
				"main": {
					"rotation": {
						"0.0": {
							"vector": [0, 0, 0]
						},
						"0.1667": {
							"vector": [-8.41746, -13.59608, -21.21259],
							"easing": "linear"
						},
						"0.3": {
							"vector": [-8.39812, -20.10111, -31.77688]
						},
						"0.4333": {
							"vector": [-9.55676, -20.88889, -28.55629]
						},
						"0.5333": {
							"vector": [-8.77652, -21.21647, -30.72851]
						},
						"0.7667": {
							"vector": [-9.4227, -20.94881, -28.93303]
						},
						"1.0": {
							"vector": [-3.1216, -20.98207, -46.44405]
						},
						"1.1333": {
							"vector": [-4.564, -20.73064, -42.44007]
						},
						"1.2333": {
							"vector": [-4.86325, -20.9153, -41.60203]
						},
						"1.3333": {
							"vector": [-4.58308, -20.97575, -42.38574]
						},
						"1.4667": {
							"vector": [-4.01131, -21.08802, -43.97908]
						},
						"1.6": {
							"vector": [-4.38767, -21.01662, -42.9316]
						},
						"1.7": {
							"vector": [-4.18847, -21.05622, -43.48691],
							"easing": "linear"
						},
						"1.9": {
							"vector": [-36.93354, -3.72398, 14.23416]
						},
						"2.1333": {
							"vector": [-35.98628, -9.67656, 6.13967]
						},
						"2.3333": {
							"vector": [-44.41302, -3.47604, 14.02068]
						},
						"2.5": {
							"vector": [-36.56727, -6.71687, 10.21168]
						},
						"2.8667": {
							"vector": [-40.92191, -9.33541, 5.86498]
						},
						"3.2333": {
							"vector": [-38.11379, -11.13912, 4.07815]
						},
						"3.5": {
							"vector": [-36.93354, -3.72398, 14.23416]
						},
						"3.8667": {
							"vector": [5, 0, 0]
						},
						"4.0": {
							"vector": [0, 0, 0]
						}
					},
					"position": {
						"0.0": {
							"vector": [0, 0, 0]
						},
						"0.3": {
							"vector": [-0.475, 1.475, -8.7]
						},
						"0.4": {
							"vector": [-0.195, 1, -7.7]
						},
						"0.5333": {
							"vector": [-0.03, 0.725, -7.7]
						},
						"0.7": {
							"vector": [0, 1.125, -7.7]
						},
						"0.9": {
							"vector": [0.125, 1.4, -8.275]
						},
						"1.2": {
							"vector": [-0.02, 1.475, -8]
						},
						"1.4": {
							"vector": [0.11, 1.425, -8.175]
						},
						"1.6667": {
							"vector": [0.275, 1.25, -7.975]
						},
						"1.8": {
							"vector": [-0.13, -1.19, -8.65]
						},
						"1.9667": {
							"vector": [-0.545, -1.325, -11.15]
						},
						"2.1333": {
							"vector": [-0.415, -1.395, -10.545]
						},
						"2.2667": {
							"vector": [-0.525, -1.455, -9.17]
						},
						"2.4": {
							"vector": [-0.49, -1.43, -9.85]
						},
						"2.5667": {
							"vector": [-0.455, -1.5, -9.24]
						},
						"2.7667": {
							"vector": [-0.53, -1.5, -9.27]
						},
						"3.0": {
							"vector": [-0.49, -1.41, -9.3]
						},
						"3.2333": {
							"vector": [-0.545, -1.325, -9.325]
						},
						"3.3667": {
							"vector": [-1.005, -0.61, -7.41]
						},
						"3.6333": {
							"vector": [0, 0, 0]
						},
						"3.7333": {
							"vector": [0, -1, 0]
						},
						"4.0": {
							"vector": [0, 0, 0]
						}
					}
				},
				"leftarm": {
					"rotation": {
						"0.0": {
							"vector": [0, 0, 0]
						},
						"0.3": {
							"vector": [138.71387, -3.64233, 4.53512]
						},
						"1.3": {
							"vector": [138.71387, -3.64233, 4.53512]
						},
						"1.7333": {
							"vector": [-26.87469, -11.14104, 13.87187]
						},
						"2.0333": {
							"vector": [0, 12.5, 0]
						},
						"3.3": {
							"vector": [0, 12.5, 0]
						},
						"3.5667": {
							"vector": [0, 0, 0]
						}
					},
					"position": {
						"0.0": {
							"vector": [0, 0, 0]
						},
						"0.3": {
							"vector": [-0.79, -27.76, 2.9]
						},
						"1.3": {
							"vector": [-0.79, -27.76, 2.9]
						},
						"1.7333": {
							"vector": [-2.40319, -14.56413, 8.87877]
						},
						"2.0333": {
							"vector": [4.89178, 0.30894, -0.98742]
						},
						"3.3": {
							"vector": [4.89178, 0.30894, -0.98742]
						},
						"3.5667": {
							"vector": [0, 0, 0]
						}
					}
				},
				"action": {
					"position": {
						"2.3": {
							"vector": [0, 0, 0]
						},
						"2.4": {
							"vector": [0, 0, 6]
						},
						"3.1": {
							"vector": [0, 0, 6]
						},
						"3.2": {
							"vector": [0, 0, 0]
						}
					}
				},
				"bolt": {
					"rotation": {
						"2.2": {
							"vector": [0, 0, 0]
						},
						"2.3": {
							"vector": [0, 0, 90]
						},
						"3.2": {
							"vector": [0, 0, 90]
						},
						"3.3": {
							"vector": [0, 0, 0]
						}
					}
				},
				"rightarm": {
					"rotation": {
						"0.0": {
							"vector": [0, 0, 0]
						},
						"1.8667": {
							"vector": [0, 0, 0]
						},
						"2.0": {
							"vector": [0, 0, 0]
						},
						"2.2": {
							"vector": [0.02498, 6.71874, -6.67071]
						},
						"2.3": {
							"vector": [-27.23609, -8.69434, 32.36941],
							"easing": "easeInQuart"
						},
						"3.2": {
							"vector": [-27.23609, -8.69434, 32.36941],
							"easing": "easeInQuart"
						},
						"3.3": {
							"vector": [0.02498, 6.71874, -6.67071]
						},
						"3.5667": {
							"vector": [0, 0, 0]
						}
					},
					"position": {
						"0.0": {
							"vector": [0, 0, 0]
						},
						"1.8667": {
							"vector": [0, 0, 0]
						},
						"2.0": {
							"vector": [0, 0, 0]
						},
						"2.2": {
							"vector": [-0.93653, 2.14712, -0.00428]
						},
						"2.3": {
							"vector": [-8.57, 5.88, -7.45],
							"easing": "easeInQuart"
						},
						"2.4": {
							"vector": [-9.21674, 5.96502, -1.20622],
							"easing": "easeInQuart"
						},
						"3.1": {
							"vector": [-9.21674, 5.96502, -1.20622],
							"easing": "easeInQuart"
						},
						"3.2": {
							"vector": [-8.57, 5.88, -7.45]
						},
						"3.3": {
							"vector": [-1, 2, -3]
						},
						"3.5667": {
							"vector": [0, 0, 0]
						}
					}
				},
				"bullet": {
					"position": {
						"0.0": {
							"vector": [0, 0, 0]
						},
						"2.3": {
							"vector": [0, 1, -7.5]
						},
						"2.4": {
							"vector": [0, 1, -1.5]
						},
						"3.1": {
							"vector": [0, 1, -1.5]
						},
						"3.2": {
							"vector": [0, 1, -7.5]
						}
					}
				}
			},
			"sound_effects": {
				"0.0": {
					"effect": "foley_start"
				},
				"0.5667": {
					"effect": "foley_end"
				},
				"1.4333": {
					"effect": "foley_end"
				},
				"2.2333": {
					"effect": "bolt_2_back"
				},
				"3.1333": {
					"effect": "bolt_2_forward"
				},
				"3.4333": {
					"effect": "foley_end"
				}
			}
		},
		"animation.model.draw": {
			"animation_length": 1,
			"bones": {
				"main": {
					"rotation": {
						"0.0": {
							"vector": [32.09413, -54.38778, -8.29667]
						},
						"0.4": {
							"vector": [1.77698, -9.99529, -4.30852]
						},
						"0.55": {
							"vector": [0.58201, -1.04064, 2.6563]
						},
						"0.7": {
							"vector": [0.32388, 0.39763, -2.15014]
						},
						"0.8": {
							"vector": [0, 0, 0]
						}
					},
					"position": {
						"0.0": {
							"vector": [0, -17.3, 0]
						},
						"0.25": {
							"vector": [0, -7.41, -4.07]
						},
						"0.4": {
							"vector": [-0.4, -1.2, -2.75]
						},
						"0.5": {
							"vector": [0.4, 0, -2.6]
						},
						"0.65": {
							"vector": [0.16, -0.15, 0.275]
						},
						"0.75": {
							"vector": [0, 0, 0]
						}
					}
				},
				"leftarm": {
					"rotation": {
						"0.0": {
							"vector": [0, 0, 0]
						},
						"0.2": {
							"vector": [1, 0, -22]
						},
						"0.4": {
							"vector": [0, 0, 0]
						}
					},
					"position": {
						"0.0": {
							"vector": [0, 0, 0]
						},
						"0.2": {
							"vector": [3.53901, 3.6754, 5.59783]
						},
						"0.4": {
							"vector": [0, 0, 0]
						}
					}
				},
				"action": {
					"position": {
						"0.4": {
							"vector": [0, 0, 9]
						},
						"0.5": {
							"vector": [0, 0, 0]
						}
					}
				},
				"bolt": {
					"rotation": {
						"0.5": {
							"vector": [0, 0, 90]
						},
						"0.6": {
							"vector": [0, 0, 0]
						}
					}
				},
				"rightarm": {
					"rotation": {
						"0.0": {
							"vector": [0, 0, 0]
						},
						"0.2": {
							"vector": [0, 0, 0]
						},
						"0.4": {
							"vector": [-18.9963, -5.44825, 21.24869],
							"easing": "easeInQuart"
						},
						"0.5": {
							"vector": [-18.9963, -5.44825, 21.24869],
							"easing": "easeInQuart"
						},
						"0.6": {
							"vector": [6.09178, -1.69439, -4.53218]
						},
						"0.75": {
							"vector": [0, 0, 0]
						}
					},
					"position": {
						"0.0": {
							"vector": [0, 0, 0]
						},
						"0.2": {
							"vector": [0, 0, 0]
						},
						"0.4": {
							"vector": [-8.57, 5.88, 3.55]
						},
						"0.5": {
							"vector": [-8.57, 5.88, -5.45]
						},
						"0.75": {
							"vector": [0, 0, 0]
						}
					}
				}
			},
			"sound_effects": {
				"0.0": {
					"effect": "foley_end"
				},
				"0.3": {
					"effect": "bolt_2_forward"
				}
			}
		},
		"animation.model.fire": {
			"animation_length": 1.7667,
			"bones": {
				"main": {
					"rotation": {
						"0.0": {
							"vector": [0, 0, 0]
						},
						"0.0667": {
							"vector": [-8.70704, -2.00287, -6.82365]
						},
						"0.1333": {
							"vector": [-4.92074, -2.12162, -7.81848]
						},
						"0.4667": {
							"vector": [0, 0, 0]
						},
						"0.7": {
							"vector": [-4.92074, -2.12162, -7.81848]
						},
						"0.8": {
							"vector": [-4.74028, -1.62322, 0.57363]
						},
						"0.9": {
							"vector": [-3.23016, -1.52639, -9.35641]
						},
						"1.0": {
							"vector": [-1.9021, -1.76859, -10.82077]
						},
						"1.1": {
							"vector": [-2.62335, -1.40596, -5.63661]
						},
						"1.1667": {
							"vector": [-2.27389, -0.63599, -8.62124]
						},
						"1.2667": {
							"vector": [-2.24455, -0.70673, -6.06838]
						},
						"1.3667": {
							"vector": [-1.70472, -1.37749, 3.16024]
						},
						"1.4667": {
							"vector": [-1.24192, -1.11967, -1.13748]
						},
						"1.5667": {
							"vector": [0, 0, 0]
						}
					},
					"position": {
						"0.0": {
							"vector": [0, 0, 0]
						},
						"0.0667": {
							"vector": [-0.375, -0.9, 8.575]
						},
						"0.4667": {
							"vector": [0, 0, 0]
						},
						"0.7667": {
							"vector": [-0.34, -0.65, 5.135]
						},
						"0.9333": {
							"vector": [-0.29, -0.305, 3.255]
						},
						"1.0667": {
							"vector": [-0.22, -0.23, 2.98]
						},
						"1.1333": {
							"vector": [-0.22, -0.23, 5.33]
						},
						"1.2333": {
							"vector": [-0.18, -0.32, 3.7]
						},
						"1.3667": {
							"vector": [-0.65, -0.455, 1.855]
						},
						"1.5": {
							"vector": [0, 0, 0]
						}
					}
				},
				"bullet1": {
					"rotation": {
						"0.0": {
							"vector": [0, 0, 0]
						},
						"0.3667": {
							"vector": [0, 0, 0]
						},
						"0.4": {
							"vector": [-8.25, 17.5, 0]
						},
						"0.5": {
							"vector": [7.15693, 49.42141, -39.46974]
						},
						"0.6667": {
							"vector": [34.04085, 59.18532, -29.8048]
						},
						"0.7": {
							"vector": [34.04085, 59.18532, -29.8048]
						},
						"0.8": {
							"vector": [0, 0, 0]
						}
					},
					"position": {
						"0.0": {
							"vector": [0, 0, 0]
						},
						"0.3667": {
							"vector": [-0.10225, 4.99349, -0.23358]
						},
						"0.4": {
							"vector": [-1.3717, 5.92082, 0.82248]
						},
						"0.4667": {
							"vector": [-9.79792, 9.47065, 0.88356]
						},
						"0.5": {
							"vector": [-22.56403, 11.27775, 0.90952],
							"easing": "easeInSine"
						},
						"0.6667": {
							"vector": [-56.43327, 0.40704, 0.83514],
							"easing": "easeOutSine"
						},
						"0.7": {
							"vector": [-56.47, -5.59, 35.02],
							"easing": "easeOutSine"
						},
						"0.7667": {
							"vector": [-0.23, -7.6, 35.51]
						},
						"0.8": {
							"vector": [0, 0, 0]
						}
					},
					"scale": {
						"0.0": {
							"vector": [1, 1, 1]
						},
						"0.6667": {
							"vector": [1, 1, 1]
						},
						"0.7": {
							"vector": [0, 0, 0]
						},
						"0.8": {
							"vector": [0, 0, 0]
						}
					}
				},
				"rightarm": {
					"rotation": {
						"0.0": {
							"vector": [0, 0, 0]
						},
						"0.1333": {
							"vector": [0, 0, 0]
						},
						"0.6": {
							"vector": [0.02498, 6.71874, -6.67071]
						},
						"0.8667": {
							"vector": [-27.23609, -8.69434, 32.36941],
							"easing": "easeInQuart"
						},
						"1.3": {
							"vector": [-27.23609, -8.69434, 32.36941],
							"easing": "easeInQuart"
						},
						"1.4": {
							"vector": [0.02498, 6.71874, -6.67071]
						},
						"1.5667": {
							"vector": [0, 0, 0]
						}
					},
					"position": {
						"0.0": {
							"vector": [0, 0, 0]
						},
						"0.1333": {
							"vector": [0, 0, 0]
						},
						"0.6": {
							"vector": [-0.93653, 2.14712, -0.00428]
						},
						"0.8667": {
							"vector": [-8.57, 5.88, -7.45],
							"easing": "easeInQuart"
						},
						"0.9667": {
							"vector": [-8.61907, 5.78849, 1.5527],
							"easing": "easeInQuart"
						},
						"1.2": {
							"vector": [-8.61907, 5.78849, 1.5527]
						},
						"1.3": {
							"vector": [-8.57, 5.88, -7.45]
						},
						"1.4": {
							"vector": [-1, 2, -3]
						},
						"1.5667": {
							"vector": [0, 0, 0]
						}
					}
				},
				"bolt1": {
					"rotation": {
						"0.0": {
							"vector": [0, 0, 0]
						},
						"0.4667": {
							"vector": [0, 0, 0]
						}
					},
					"position": {
						"0.0": {
							"vector": [0, 0, 0]
						},
						"0.4667": {
							"vector": [0, 0, 0]
						},
						"0.5667": {
							"vector": [0, 0, 12.775]
						},
						"0.6667": {
							"vector": [0, 0, 12.775]
						},
						"0.7667": {
							"vector": [0, 0, 0]
						}
					}
				},
				"bolt2": {
					"rotation": {
						"0.0": {
							"vector": [0, 0, 0]
						},
						"0.3": {
							"vector": [0, 0, 0]
						},
						"0.3667": {
							"vector": [0, 0, 75]
						},
						"0.4": {
							"vector": [0, 0, 75]
						},
						"0.7667": {
							"vector": [0, 0, 75]
						},
						"0.9": {
							"vector": [0, 0, 0]
						}
					},
					"position": {
						"0.0": {
							"vector": [0, 0, 0]
						},
						"0.3": {
							"vector": [0, 0, 0]
						}
					}
				},
				"bullet": {
					"position": {
						"0.9667": {
							"vector": [0, 0, 0]
						},
						"1.0": {
							"vector": [-4, 7, 0]
						},
						"1.0333": {
							"vector": [-18.5, 11.75, 3]
						},
						"1.0667": {
							"vector": [-33, 9.5, 9]
						},
						"1.1": {
							"vector": [-45.5, 2.25, 16]
						},
						"1.1333": {
							"vector": [-58, -24, 10]
						}
					}
				},
				"action": {
					"position": {
						"0.8667": {
							"vector": [0, 0, 0]
						},
						"0.9667": {
							"vector": [0, 0, 9],
							"easing": "easeInQuart"
						},
						"1.2": {
							"vector": [0, 0, 9]
						},
						"1.3": {
							"vector": [0, 0, 0]
						}
					}
				},
				"bolt": {
					"rotation": {
						"0.6": {
							"vector": [0, 0, 0]
						},
						"0.8667": {
							"vector": [0, 0, 90],
							"easing": "easeInQuart"
						},
						"1.3": {
							"vector": [0, 0, 90]
						},
						"1.4": {
							"vector": [0, 0, 0]
						}
					}
				}
			},
			"sound_effects": {
				"0.7": {
					"effect": "bolt_2_back"
				},
				"1.1667": {
					"effect": "bolt_2_forward"
				}
			}
		},
		"animation.model.reload_prepare": {
			"animation_length": 1,
			"bones": {
				"main": {
					"rotation": {
						"0.0": {
							"vector": [0, 0, 0]
						},
						"0.1667": {
							"vector": [-4.92074, -2.12162, -7.81848]
						},
						"0.3333": {
							"vector": [-4.74028, -1.62322, 0.57363]
						},
						"0.4667": {
							"vector": [-3.23016, -1.52639, -9.35641]
						},
						"0.7": {
							"vector": [-24.66581, -1.72061, -3.10948],
							"easing": "easeInElastic"
						},
						"1.0": {
							"vector": [-29.66581, -1.72061, -3.10948],
							"easing": "easeInElastic"
						}
					},
					"position": {
						"0.0": {
							"vector": [0, 0, 0]
						},
						"0.2333": {
							"vector": [-0.34, -0.65, 5.135]
						},
						"0.4": {
							"vector": [-0.29, -0.305, 3.255]
						},
						"0.5333": {
							"vector": [-0.22, -0.23, 2.98]
						},
						"0.6": {
							"vector": [-0.22, -0.23, 5.33]
						},
						"0.7": {
							"vector": [-0.18, -0.32, 3.7]
						},
						"0.8333": {
							"vector": [-0.22, -0.23, 2.98]
						},
						"0.9667": {
							"vector": [-0.18, -0.32, 3.7]
						}
					}
				},
				"bullet1": {
					"rotation": {
						"0.0": {
							"vector": [0, 0, 0]
						},
						"0.3667": {
							"vector": [0, 0, 0]
						},
						"0.4": {
							"vector": [-8.25, 17.5, 0]
						},
						"0.5": {
							"vector": [7.15693, 49.42141, -39.46974]
						},
						"0.6667": {
							"vector": [34.04085, 59.18532, -29.8048]
						},
						"0.7": {
							"vector": [34.04085, 59.18532, -29.8048]
						},
						"0.8": {
							"vector": [0, 0, 0]
						}
					},
					"position": {
						"0.0": {
							"vector": [0, 0, 0]
						},
						"0.3667": {
							"vector": [-0.10225, 4.99349, -0.23358]
						},
						"0.4": {
							"vector": [-1.3717, 5.92082, 0.82248]
						},
						"0.4667": {
							"vector": [-9.79792, 9.47065, 0.88356]
						},
						"0.5": {
							"vector": [-22.56403, 11.27775, 0.90952],
							"easing": "easeInSine"
						},
						"0.6667": {
							"vector": [-56.43327, 0.40704, 0.83514],
							"easing": "easeOutSine"
						},
						"0.7": {
							"vector": [-56.47, -5.59, 35.02],
							"easing": "easeOutSine"
						},
						"0.7667": {
							"vector": [-0.23, -7.6, 35.51]
						},
						"0.8": {
							"vector": [0, 0, 0]
						}
					},
					"scale": {
						"0.0": {
							"vector": [1, 1, 1]
						},
						"0.6667": {
							"vector": [1, 1, 1]
						},
						"0.7": {
							"vector": [0, 0, 0]
						},
						"0.8": {
							"vector": [0, 0, 0]
						}
					}
				},
				"rightarm": {
					"rotation": {
						"0.0": {
							"vector": [0, 0, 0]
						},
						"0.1333": {
							"vector": [0, 0, 0]
						},
						"0.2": {
							"vector": [2.55091, 9.19676, -7.00253]
						},
						"0.3333": {
							"vector": [6.09178, -1.69439, -4.53218]
						},
						"0.4667": {
							"vector": [-18.9963, -5.44825, 21.24869],
							"easing": "easeInQuart"
						},
						"0.5667": {
							"vector": [-18.9963, -5.44825, 21.24869],
							"easing": "easeInQuart"
						},
						"0.8": {
							"vector": [5.16856, 2.23936, 7.53086]
						}
					},
					"position": {
						"0.0": {
							"vector": [0, 0, 0]
						},
						"0.1333": {
							"vector": [0, 0, 0]
						},
						"0.2": {
							"vector": [-0.93653, 2.14712, -0.00428]
						},
						"0.4667": {
							"vector": [-8.57, 5.88, -5.45]
						},
						"0.5667": {
							"vector": [-8.57, 5.88, 3.55]
						},
						"0.8": {
							"vector": [-6, 4, -14]
						}
					}
				},
				"bolt1": {
					"rotation": {
						"0.0": {
							"vector": [0, 0, 0]
						},
						"0.4667": {
							"vector": [0, 0, 0]
						}
					},
					"position": {
						"0.0": {
							"vector": [0, 0, 0]
						},
						"0.4667": {
							"vector": [0, 0, 0]
						},
						"0.5667": {
							"vector": [0, 0, 12.775]
						},
						"0.6667": {
							"vector": [0, 0, 12.775]
						},
						"0.7667": {
							"vector": [0, 0, 0]
						}
					}
				},
				"bolt2": {
					"rotation": {
						"0.0": {
							"vector": [0, 0, 0]
						},
						"0.3": {
							"vector": [0, 0, 0]
						},
						"0.3667": {
							"vector": [0, 0, 75]
						},
						"0.4": {
							"vector": [0, 0, 75]
						},
						"0.7667": {
							"vector": [0, 0, 75]
						},
						"0.9": {
							"vector": [0, 0, 0]
						}
					},
					"position": {
						"0.0": {
							"vector": [0, 0, 0]
						},
						"0.3": {
							"vector": [0, 0, 0]
						}
					}
				},
				"bullet": {
					"position": {
						"0.5333": {
							"vector": [0, 0, 0]
						},
						"0.5667": {
							"vector": [-4, 7, 0]
						},
						"0.6": {
							"vector": [-18.5, 11.75, 3]
						},
						"0.6333": {
							"vector": [-33, 9.5, 9]
						},
						"0.6667": {
							"vector": [-45.5, 2.25, 16]
						},
						"0.7": {
							"vector": [-58, -24, 10]
						}
					}
				},
				"action": {
					"position": {
						"0.4667": {
							"vector": [0, 0, 0]
						},
						"0.5667": {
							"vector": [0, 0, 9]
						}
					}
				},
				"bolt": {
					"rotation": {
						"0.3667": {
							"vector": [0, 0, 0]
						},
						"0.4667": {
							"vector": [0, 0, 90]
						}
					}
				},
				"set": {
					"position": {
						"vector": [0, 1, 0]
					}
				}
			},
			"sound_effects": {
				"0.0": {
					"effect": "foley_end"
				},
				"0.3667": {
					"effect": "bolt_2_back"
				}
			}
		},
		"animation.model.reload_prepareempty": {
			"animation_length": 1,
			"bones": {
				"main": {
					"rotation": {
						"0.0": {
							"vector": [0, 0, 0]
						},
						"0.1667": {
							"vector": [-4.92074, -2.12162, -7.81848]
						},
						"0.3333": {
							"vector": [-4.74028, -1.62322, 0.57363]
						},
						"0.4667": {
							"vector": [-3.23016, -1.52639, -9.35641]
						},
						"0.7": {
							"vector": [-24.66581, -1.72061, -3.10948],
							"easing": "easeInElastic"
						},
						"1.0": {
							"vector": [-29.66581, -1.72061, -3.10948],
							"easing": "easeInElastic"
						}
					},
					"position": {
						"0.0": {
							"vector": [0, 0, 0]
						},
						"0.2333": {
							"vector": [-0.34, -0.65, 5.135]
						},
						"0.4": {
							"vector": [-0.29, -0.305, 3.255]
						},
						"0.5333": {
							"vector": [-0.22, -0.23, 2.98]
						},
						"0.6": {
							"vector": [-0.22, -0.23, 5.33]
						},
						"0.7": {
							"vector": [-0.18, -0.32, 3.7]
						},
						"0.8333": {
							"vector": [-0.22, -0.23, 2.98]
						},
						"0.9667": {
							"vector": [-0.18, -0.32, 3.7]
						}
					}
				},
				"rightarm": {
					"rotation": {
						"0.0": {
							"vector": [0, 0, 0]
						},
						"0.1333": {
							"vector": [0, 0, 0]
						},
						"0.2": {
							"vector": [2.55091, 9.19676, -7.00253]
						},
						"0.3333": {
							"vector": [6.09178, -1.69439, -4.53218]
						},
						"0.4667": {
							"vector": [-18.9963, -5.44825, 21.24869],
							"easing": "easeInQuart"
						},
						"0.5667": {
							"vector": [-18.9963, -5.44825, 21.24869],
							"easing": "easeInQuart"
						},
						"0.8": {
							"vector": [5.16856, 2.23936, 7.53086]
						}
					},
					"position": {
						"0.0": {
							"vector": [0, 0, 0]
						},
						"0.1333": {
							"vector": [0, 0, 0]
						},
						"0.2": {
							"vector": [-0.93653, 2.14712, -0.00428]
						},
						"0.4667": {
							"vector": [-8.57, 5.88, -5.45]
						},
						"0.5667": {
							"vector": [-8.57, 5.88, 3.55]
						},
						"0.8": {
							"vector": [-6, 4, -14]
						}
					}
				},
				"bullet": {
					"position": {
						"vector": [0, -2, 0]
					}
				},
				"action": {
					"position": {
						"0.4667": {
							"vector": [0, 0, 0]
						},
						"0.5667": {
							"vector": [0, 0, 9]
						}
					}
				},
				"bolt": {
					"rotation": {
						"0.3667": {
							"vector": [0, 0, 0]
						},
						"0.4667": {
							"vector": [0, 0, 90]
						}
					}
				},
				"set": {
					"position": {
						"vector": [0, -2, 0]
					}
				}
			},
			"sound_effects": {
				"0.0": {
					"effect": "foley_end"
				},
				"0.3667": {
					"effect": "bolt_2_back"
				}
			}
		},
		"animation.model.reload_load": {
			"loop": true,
			"animation_length": 0.4,
			"bones": {
				"main": {
					"rotation": {
						"0.0": {
							"vector": [-29.66581, -1.72061, -3.10948]
						},
						"0.2667": {
							"vector": [-27.07704, -2.95643, -5.28452],
							"easing": "easeOutElastic"
						},
						"0.4": {
							"vector": [-29.66581, -1.72061, -3.10948],
							"easing": "easeInOutSine"
						}
					},
					"position": {
						"0.0": {
							"vector": [-0.18, -0.32, 3.7]
						},
						"0.2667": {
							"vector": [-0.14838, -0.76533, 3.56363],
							"easing": "easeOutElastic"
						},
						"0.4": {
							"vector": [-0.18, -0.32, 3.7],
							"easing": "easeInOutQuad"
						}
					}
				},
				"rightarm": {
					"rotation": {
						"0.0": {
							"vector": [5.16856, 2.23936, 7.53086]
						},
						"0.1": {
							"vector": [-22.13979, -2.80441, 22.61717],
							"easing": "easeInSine"
						},
						"0.3": {
							"vector": [-14.63979, -2.80441, 22.61717],
							"easing": "easeInSine"
						},
						"0.4": {
							"vector": [5.16856, 2.23936, 7.53086],
							"easing": "easeInSine"
						}
					},
					"position": {
						"vector": [-6, 4, -14]
					}
				},
				"bullet": {
					"position": {
						"0.0": {
							"vector": [-5.86, -5.41, -4.27]
						},
						"0.1": {
							"vector": [-0.56709, 2.8172, -1.00486],
							"easing": "easeInSine"
						},
						"0.3": {
							"vector": [-0.02108, -0.74003, 0.04156],
							"easing": "easeInSine"
						}
					}
				},
				"action": {
					"position": {
						"vector": [0, 0, 9]
					}
				},
				"bolt": {
					"rotation": {
						"vector": [0, 0, 90]
					}
				},
				"leftarm": {
					"rotation": {
						"vector": [0, 0, 0]
					},
					"position": {
						"vector": [0, 0, 0]
					}
				}
			},
			"sound_effects": {
				"0.0333": {
					"effect": "bulletinsert"
				}
			}
		},
		"animation.model.reload_finish": {
			"animation_length": 1.0667,
			"bones": {
				"main": {
					"rotation": {
						"0.0": {
							"vector": [-29.66581, -1.72061, -3.10948],
							"easing": "easeInElastic"
						},
						"0.4333": {
							"vector": [-3.23016, -1.52639, -9.35641],
							"easing": "easeOutSine"
						},
						"0.5333": {
							"vector": [2.4905, -0.21782, 4.99527],
							"easing": "easeOutSine"
						},
						"0.6667": {
							"vector": [0, 0, 0],
							"easing": "easeOutSine"
						}
					},
					"position": {
						"0.0": {
							"vector": [-0.18, -0.32, 3.7]
						},
						"0.1": {
							"vector": [-0.22, -0.23, 2.98]
						},
						"0.2": {
							"vector": [-0.18, -0.32, 3.7]
						},
						"0.3333": {
							"vector": [-0.22, -0.23, 5.33],
							"easing": "easeOutCubic"
						},
						"0.4": {
							"vector": [-0.22, -0.23, 2.98],
							"easing": "easeOutCubic"
						},
						"0.4667": {
							"vector": [-0.29, -0.305, 3.255],
							"easing": "easeOutCubic"
						},
						"0.5667": {
							"vector": [0, 0, -1],
							"easing": "easeOutCubic"
						},
						"0.6667": {
							"vector": [0, 0, 0],
							"easing": "easeOutCubic"
						}
					}
				},
				"rightarm": {
					"rotation": {
						"0.0": {
							"vector": [5.16856, 2.23936, 7.53086]
						},
						"0.3667": {
							"vector": [-18.9963, -5.44825, 21.24869],
							"easing": "easeInQuart"
						},
						"0.4667": {
							"vector": [-18.9963, -5.44825, 21.24869],
							"easing": "easeInQuart"
						},
						"0.5667": {
							"vector": [6.09178, -1.69439, -4.53218]
						},
						"0.7": {
							"vector": [2.55091, 9.19676, -7.00253]
						}
					},
					"position": {
						"0.0": {
							"vector": [-6, 4, -14]
						},
						"0.3667": {
							"vector": [-8.57, 5.88, 3.55]
						},
						"0.4667": {
							"vector": [-8.57, 5.88, -5.45]
						},
						"0.7": {
							"vector": [-0.93653, 2.14712, -0.00428]
						}
					}
				},
				"action": {
					"position": {
						"0.3667": {
							"vector": [0, 0, 9]
						},
						"0.4667": {
							"vector": [0, 0, 0]
						}
					}
				},
				"bolt": {
					"rotation": {
						"0.4667": {
							"vector": [0, 0, 90]
						},
						"0.5667": {
							"vector": [0, 0, 0]
						}
					}
				}
			},
			"sound_effects": {
				"0.0": {
					"effect": "foley_end"
				},
				"0.3": {
					"effect": "bolt_2_forward"
				}
			}
		}
	},
	"geckolib_format_version": 2
}