{
	"format_version": "1.8.0",
	"animations": {
		"animation.model.inspect": {
			"animation_length": 4,
			"bones": {
				"main": {
					"rotation": {
						"0.0": {
							"vector": [0, 0, 0]
						},
						"0.1667": {
							"vector": [-8.41746, -13.59608, -21.21259],
							"easing": "linear"
						},
						"0.3": {
							"vector": [-8.39812, -20.10111, -31.77688]
						},
						"0.4333": {
							"vector": [-9.55676, -20.88889, -28.55629]
						},
						"0.5333": {
							"vector": [-8.77652, -21.21647, -30.72851]
						},
						"0.7667": {
							"vector": [-9.4227, -20.94881, -28.93303]
						},
						"1.0": {
							"vector": [-3.1216, -20.98207, -46.44405]
						},
						"1.1333": {
							"vector": [-4.564, -20.73064, -42.44007]
						},
						"1.2333": {
							"vector": [-4.86325, -20.9153, -41.60203]
						},
						"1.3333": {
							"vector": [-4.58308, -20.97575, -42.38574]
						},
						"1.4667": {
							"vector": [-4.01131, -21.08802, -43.97908]
						},
						"1.6": {
							"vector": [-4.38767, -21.01662, -42.9316]
						},
						"1.7": {
							"vector": [-4.18847, -21.05622, -43.48691],
							"easing": "linear"
						},
						"1.9": {
							"vector": [-36.93354, -3.72398, 14.23416]
						},
						"2.1333": {
							"vector": [-35.98628, -9.67656, 6.13967]
						},
						"2.3333": {
							"vector": [-44.41302, -3.47604, 14.02068]
						},
						"2.5": {
							"vector": [-36.56727, -6.71687, 10.21168]
						},
						"2.8667": {
							"vector": [-40.92191, -9.33541, 5.86498]
						},
						"3.2333": {
							"vector": [-38.11379, -11.13912, 4.07815]
						},
						"3.5": {
							"vector": [-36.93354, -3.72398, 14.23416]
						},
						"3.8667": {
							"vector": [5, 0, 0]
						},
						"4.0": {
							"vector": [0, 0, 0]
						}
					},
					"position": {
						"0.0": {
							"vector": [0, 0, 0]
						},
						"0.3": {
							"vector": [-0.475, 1.475, -8.7]
						},
						"0.4": {
							"vector": [-0.195, 1, -7.7]
						},
						"0.5333": {
							"vector": [-0.03, 0.725, -7.7]
						},
						"0.7": {
							"vector": [0, 1.125, -7.7]
						},
						"0.9": {
							"vector": [0.125, 1.4, -8.275]
						},
						"1.2": {
							"vector": [-0.02, 1.475, -8]
						},
						"1.4": {
							"vector": [0.11, 1.425, -8.175]
						},
						"1.6667": {
							"vector": [0.275, 1.25, -7.975]
						},
						"1.8": {
							"vector": [-0.13, -1.19, -8.65]
						},
						"1.9667": {
							"vector": [-0.545, -1.325, -11.15]
						},
						"2.1333": {
							"vector": [-0.415, -1.395, -10.545]
						},
						"2.2667": {
							"vector": [-0.525, -1.455, -9.17]
						},
						"2.4": {
							"vector": [-0.49, -1.43, -9.85]
						},
						"2.5667": {
							"vector": [-0.455, -1.5, -9.24]
						},
						"2.7667": {
							"vector": [-0.53, -1.5, -9.27]
						},
						"3.0": {
							"vector": [-0.49, -1.41, -9.3]
						},
						"3.2333": {
							"vector": [-0.545, -1.325, -9.325]
						},
						"3.3667": {
							"vector": [-1.005, -0.61, -7.41]
						},
						"3.6333": {
							"vector": [0, 0, 0]
						},
						"3.7333": {
							"vector": [0, -1, 0]
						},
						"4.0": {
							"vector": [0, 0, 0]
						}
					}
				},
				"leftarm": {
					"rotation": {
						"0.0": {
							"vector": [0, 0, 0]
						},
						"0.1667": {
							"vector": [87.5, 0, 0]
						},
						"1.7": {
							"vector": [87.5, 0, 0]
						},
						"1.9": {
							"vector": [0, 0, 0]
						},
						"2.0": {
							"vector": [0, 0, 0]
						},
						"2.1333": {
							"vector": [-5.20588, -0.04992, -3.23444]
						},
						"2.3": {
							"vector": [12.29412, -10.04992, -13.23444]
						},
						"2.9667": {
							"vector": [12.29412, -10.04992, -13.23444]
						},
						"3.0667": {
							"vector": [-5.20588, -0.04992, -3.23444],
							"easing": "linear"
						},
						"3.2": {
							"vector": [0, 0, 0],
							"easing": "linear"
						}
					},
					"position": {
						"0.0": {
							"vector": [0, 0, 0]
						},
						"0.1667": {
							"vector": [7.61173, -10.56627, 18.42323]
						},
						"1.7": {
							"vector": [7.61173, -10.56627, 18.42323]
						},
						"1.9": {
							"vector": [0, 0, 0]
						},
						"2.0": {
							"vector": [-0.04443, -0.10304, -3.99843]
						},
						"2.3": {
							"vector": [-0.04443, -0.10304, -3.99843]
						},
						"2.9667": {
							"vector": [-0.04443, -0.10304, -3.99843]
						},
						"3.4": {
							"vector": [0, 0, 0],
							"easing": "linear"
						}
					}
				},
				"action": {
					"rotation": {
						"2.1333": {
							"vector": [0, 0, 0]
						},
						"2.3": {
							"vector": [30, 0, 0],
							"easing": "linear"
						},
						"2.9667": {
							"vector": [30, 0, 0],
							"easing": "linear"
						},
						"3.0667": {
							"vector": [0, 0, 0],
							"easing": "linear"
						}
					}
				},
				"rightarm": {
					"rotation": {
						"2.0": {
							"vector": [0, 0, 0]
						},
						"2.1": {
							"vector": [-12.34991, 2.38344, -0.76928]
						},
						"2.2": {
							"vector": [-12.5, 0, 0]
						},
						"3.2": {
							"vector": [-12.5, 0, 0],
							"easing": "linear"
						},
						"3.3": {
							"vector": [-12.34991, 2.38344, -0.76928],
							"easing": "linear"
						},
						"3.4": {
							"vector": [0, 0, 0],
							"easing": "linear"
						}
					}
				},
				"lever": {
					"rotation": {
						"2.1": {
							"vector": [0, 0, 0]
						},
						"2.2": {
							"vector": [0, 12.5, 0]
						},
						"3.2": {
							"vector": [0, 12.5, 0]
						},
						"3.3": {
							"vector": [0, 0, 0]
						}
					}
				}
			},
			"sound_effects": {
				"0.0": {
					"effect": "foley_start"
				},
				"1.7333": {
					"effect": "foley_end"
				},
				"2.1333": {
					"effect": "mgl_open"
				},
				"2.5333": {
					"effect": "foley_start"
				},
				"3.0667": {
					"effect": "mgl_close"
				},
				"3.2667": {
					"effect": "foley_end"
				}
			}
		},
		"animation.model.draw": {
			"animation_length": 1,
			"bones": {
				"main": {
					"rotation": {
						"0.0": {
							"vector": [32.09413, -54.38778, -8.29667]
						},
						"0.4": {
							"vector": [1.77698, -9.99529, -4.30852]
						},
						"0.55": {
							"vector": [0.58201, -1.04064, 2.6563]
						},
						"0.7": {
							"vector": [0.32388, 0.39763, -2.15014]
						},
						"0.8": {
							"vector": [0, 0, 0]
						}
					},
					"position": {
						"0.0": {
							"vector": [0, -17.3, 0]
						},
						"0.25": {
							"vector": [0, -7.41, -4.07]
						},
						"0.4": {
							"vector": [-0.4, -1.2, -2.75]
						},
						"0.5": {
							"vector": [0.4, 0, -2.6]
						},
						"0.65": {
							"vector": [0.16, -0.15, 0.275]
						},
						"0.75": {
							"vector": [0, 0, 0]
						},
						"0.9": {
							"vector": [0.16, -0.15, 0.275]
						}
					}
				},
				"leftarm": {
					"rotation": {
						"0.45": {
							"vector": [0, 0, 0]
						},
						"0.65": {
							"vector": [-13.1418, 7.21656, -2.14212]
						},
						"1.0": {
							"vector": [0, 0, 0]
						}
					},
					"position": {
						"0.45": {
							"vector": [0, 0, 0]
						},
						"0.65": {
							"vector": [0.02, 0.02, -4]
						},
						"1.0": {
							"vector": [0, 0, 0]
						}
					}
				},
				"sight": {
					"rotation": {
						"0.45": {
							"vector": [90, 0, 0]
						},
						"0.65": {
							"vector": [0, 0, 0]
						}
					}
				}
			},
			"sound_effects": {
				"0.0": {
					"effect": "foley_start"
				},
				"0.45": {
					"effect": "foley_end"
				},
				"0.6": {
					"effect": "mgl_open"
				}
			}
		},
		"animation.model.fire": {
			"animation_length": 1.1333,
			"bones": {
				"main": {
					"rotation": {
						"0.0": {
							"vector": [0, 0, 0]
						},
						"0.0667": {
							"vector": [-8.70704, -2.00287, -6.82365]
						},
						"0.1333": {
							"vector": [-4.92074, -2.12162, -7.81848]
						},
						"0.4667": {
							"vector": [0, 0, 0]
						}
					},
					"position": {
						"0.0": {
							"vector": [0, 0, 0]
						},
						"0.0667": {
							"vector": [-0.375, -0.9, 6.575]
						},
						"0.4667": {
							"vector": [0, 0, 0]
						}
					}
				},
				"bullet1": {
					"rotation": {
						"0.0": {
							"vector": [0, 0, 0]
						},
						"0.3667": {
							"vector": [0, 0, 0]
						},
						"0.4": {
							"vector": [-8.25, 17.5, 0]
						},
						"0.5": {
							"vector": [7.15693, 49.42141, -39.46974]
						},
						"0.6667": {
							"vector": [34.04085, 59.18532, -29.8048]
						},
						"0.7": {
							"vector": [34.04085, 59.18532, -29.8048]
						},
						"0.8": {
							"vector": [0, 0, 0]
						}
					},
					"position": {
						"0.0": {
							"vector": [0, 0, 0]
						},
						"0.3667": {
							"vector": [-0.10225, 4.99349, -0.23358]
						},
						"0.4": {
							"vector": [-1.3717, 5.92082, 0.82248]
						},
						"0.4667": {
							"vector": [-9.79792, 9.47065, 0.88356]
						},
						"0.5": {
							"vector": [-22.56403, 11.27775, 0.90952],
							"easing": "easeInSine"
						},
						"0.6667": {
							"vector": [-56.43327, 0.40704, 0.83514],
							"easing": "easeOutSine"
						},
						"0.7": {
							"vector": [-56.47, -5.59, 35.02],
							"easing": "easeOutSine"
						},
						"0.7667": {
							"vector": [-0.23, -7.6, 35.51]
						},
						"0.8": {
							"vector": [0, 0, 0]
						}
					},
					"scale": {
						"0.0": {
							"vector": [1, 1, 1]
						},
						"0.6667": {
							"vector": [1, 1, 1]
						},
						"0.7": {
							"vector": [0, 0, 0]
						},
						"0.8": {
							"vector": [0, 0, 0]
						}
					}
				},
				"bolt1": {
					"rotation": {
						"0.0": {
							"vector": [0, 0, 0]
						},
						"0.4667": {
							"vector": [0, 0, 0]
						}
					},
					"position": {
						"0.0": {
							"vector": [0, 0, 0]
						},
						"0.4667": {
							"vector": [0, 0, 0]
						},
						"0.5667": {
							"vector": [0, 0, 12.775]
						},
						"0.6667": {
							"vector": [0, 0, 12.775]
						},
						"0.7667": {
							"vector": [0, 0, 0]
						}
					}
				},
				"bolt2": {
					"rotation": {
						"0.0": {
							"vector": [0, 0, 0]
						},
						"0.3": {
							"vector": [0, 0, 0]
						},
						"0.3667": {
							"vector": [0, 0, 75]
						},
						"0.4": {
							"vector": [0, 0, 75]
						},
						"0.7667": {
							"vector": [0, 0, 75]
						},
						"0.9": {
							"vector": [0, 0, 0]
						}
					},
					"position": {
						"0.0": {
							"vector": [0, 0, 0]
						},
						"0.3": {
							"vector": [0, 0, 0]
						}
					}
				}
			}
		},
		"animation.model.reload": {
			"animation_length": 3,
			"bones": {
				"main": {
					"rotation": {
						"0.0": {
							"vector": [0, 0, 0]
						},
						"0.3333": {
							"vector": [-4.92074, -2.12162, -7.81848],
							"easing": "linear"
						},
						"0.5": {
							"vector": [-4.92, -2.12, -7.82],
							"easing": "linear"
						},
						"0.8333": {
							"vector": [-9.97023, 10.78475, 86.42659],
							"easing": "easeInElastic"
						},
						"1.2": {
							"vector": [-5.26135, -1.00676, 4.63546],
							"easing": "easeInElastic"
						},
						"2.2667": {
							"vector": [2.17118, -0.54505, 9.61456],
							"easing": "linear"
						},
						"2.4": {
							"vector": [-5.34745, -0.31243, 12.10379],
							"easing": "linear"
						},
						"2.5667": {
							"vector": [-6.59093, -1.09173, 6.34359],
							"easing": "linear"
						},
						"2.7333": {
							"vector": [-8.07727, -1.97335, -6.72845],
							"easing": "linear"
						},
						"2.9333": {
							"vector": [0.48068, -0.49334, -1.68211]
						},
						"3.0": {
							"vector": [0, 0, 0],
							"easing": "linear"
						}
					},
					"position": {
						"0.0": {
							"vector": [0, 0, 0]
						},
						"0.1333": {
							"vector": [-0.375, -0.9, 6.575],
							"easing": "linear"
						},
						"0.5333": {
							"vector": [-0.375, -0.9, 6.575],
							"easing": "linear"
						},
						"0.8667": {
							"vector": [2.63, -1.9, 6.58]
						},
						"1.4": {
							"vector": [-1.375, -0.9, 6.575],
							"easing": "linear"
						},
						"1.8333": {
							"vector": [-0.375, -0.9, 6.575],
							"easing": "easeInOutExpo"
						},
						"2.1667": {
							"vector": [-0.37, -2.9, 6.58],
							"easing": "easeInElastic"
						},
						"2.4667": {
							"vector": [-0.37, -2.9, 6.58],
							"easing": "easeInElastic"
						},
						"2.8333": {
							"vector": [0, 0, 0],
							"easing": "easeInElastic"
						}
					}
				},
				"action": {
					"rotation": {
						"0.2333": {
							"vector": [0, 0, 0]
						},
						"0.6": {
							"vector": [50, 0, 0]
						},
						"2.5333": {
							"vector": [50, 0, 0]
						},
						"2.8": {
							"vector": [0, 0, 0]
						}
					}
				},
				"leftarm": {
					"rotation": {
						"0.1": {
							"vector": [0, 0, 0]
						},
						"0.2333": {
							"vector": [-5.20588, -0.04992, -3.23444]
						},
						"0.6": {
							"vector": [12.29412, -10.04992, -13.23444]
						},
						"0.8667": {
							"vector": [64.35967, -68.89832, -27.37873]
						},
						"1.1667": {
							"vector": [64.35967, -68.89832, -27.37873]
						},
						"1.5": {
							"vector": [4.78429, -0.84231, -34.78929]
						},
						"1.8": {
							"vector": [-25.21571, -0.84231, -34.78929]
						},
						"1.9667": {
							"vector": [-15.21571, -0.84231, -34.78929]
						},
						"2.5333": {
							"vector": [12.29412, -10.04992, -13.23444]
						},
						"2.6667": {
							"vector": [-5.20588, -0.04992, -3.23444]
						},
						"2.8": {
							"vector": [0, 0, 0]
						}
					},
					"position": {
						"0.0": {
							"vector": [0, 0, 0]
						},
						"0.1": {
							"vector": [-0.04443, -0.10304, -3.99843]
						},
						"0.6": {
							"vector": [-0.04443, -0.10304, -3.99843]
						},
						"0.8667": {
							"vector": [-2.65968, 2.2811, 9.54502]
						},
						"1.1667": {
							"vector": [-2.65968, 2.2811, 9.54502]
						},
						"1.5": {
							"vector": [8.04343, -0.64255, 15.61421]
						},
						"1.8": {
							"vector": [1.62749, 5.7773, 11.29897]
						},
						"1.9667": {
							"vector": [1.62749, 5.7773, 11.29897]
						},
						"2.5333": {
							"vector": [-0.04443, -0.10304, -3.99843]
						},
						"3.0": {
							"vector": [0, 0, 0]
						}
					}
				},
				"rightarm": {
					"rotation": {
						"0.0": {
							"vector": [0, 0, 0]
						},
						"0.1": {
							"vector": [-12.34991, 2.38344, -0.76928]
						},
						"0.2": {
							"vector": [-12.5, 0, 0]
						},
						"0.3": {
							"vector": [-12.34991, 2.38344, -0.76928]
						},
						"0.4": {
							"vector": [0, 0, 0]
						}
					}
				},
				"lever": {
					"rotation": {
						"0.1": {
							"vector": [0, 0, 0]
						},
						"0.2": {
							"vector": [0, 12.5, 0]
						},
						"2.8": {
							"vector": [0, 12.5, 0]
						},
						"3.0": {
							"vector": [0, 0, 0]
						}
					}
				},
				"grenade": {
					"position": {
						"0.7333": {
							"vector": [0, 0, 0]
						},
						"0.9": {
							"vector": [0, 0, 39],
							"easing": "linear"
						},
						"1.1667": {
							"vector": [68, 0, -15]
						},
						"1.5": {
							"vector": [6, -13, -6]
						},
						"1.8": {
							"vector": [0, 0, 6]
						},
						"2.0333": {
							"vector": [0, 0, 0]
						}
					}
				}
			},
			"sound_effects": {
				"0.0": {
					"effect": "foley_start"
				},
				"0.2": {
					"effect": "mgl_open"
				},
				"0.4": {
					"effect": "foley_end"
				},
				"0.6333": {
					"effect": "mgl_unload"
				},
				"0.8667": {
					"effect": "foley_start"
				},
				"1.2": {
					"effect": "foley_end"
				},
				"1.8667": {
					"effect": "mgl_load"
				},
				"2.4333": {
					"effect": "foley_end"
				},
				"2.7": {
					"effect": "mgl_close"
				}
			}
		}
	},
	"geckolib_format_version": 2
}