{
	"format_version": "1.8.0",
	"animations": {
		"animation.model.draw": {
			"animation_length": 1.2,
			"bones": {
				"main": {
					"rotation": {
						"0.0": {
							"vector": [32.09413, -54.38778, -8.29667]
						},
						"0.35": {
							"vector": [0.50518, -5.08075, 6.8716],
							"easing": "easeOutSine"
						},
						"0.5": {
							"vector": [0.32389, -0.60235, -2.1558],
							"easing": "linear"
						},
						"0.6": {
							"vector": [0, 0, 0],
							"easing": "linear"
						}
					},
					"position": {
						"0.0": {
							"vector": [0, -17.3, 0]
						},
						"0.25": {
							"vector": [-0.4, -2.525, -1.625],
							"easing": "linear"
						},
						"0.4": {
							"vector": [-0.05, 0, -2.49],
							"easing": "linear"
						},
						"0.55": {
							"vector": [0, 0, 0],
							"easing": "linear"
						}
					}
				},
				"leftarm": {
					"rotation": {
						"0.0": {
							"vector": [0, 0, 0]
						},
						"0.2": {
							"vector": [1, 0, -22]
						},
						"0.4": {
							"vector": [0, 0, 0]
						}
					},
					"position": {
						"0.0": {
							"vector": [0, 0, 0]
						},
						"0.2": {
							"vector": [3.53901, 3.6754, 5.59783]
						},
						"0.4": {
							"vector": [0, 0, 0]
						}
					}
				}
			},
			"sound_effects": {
				"0.0": {
					"effect": "foley_start"
				},
				"0.55": {
					"effect": "foley_end "
				}
			}
		},
		"animation.model.fire": {
			"loop": true,
			"animation_length": 0.13333,
			"bones": {
				"main": {
					"rotation": {
						"0.0": {
							"vector": [0, 0, 0]
						},
						"0.0333": {
							"vector": [-0.99905, 0.04362, 2.49962],
							"easing": "easeOutElastic"
						},
						"0.1": {
							"vector": [0, 0, 0],
							"easing": "easeInElastic"
						}
					},
					"position": {
						"0.0": {
							"vector": [0, 0, 0]
						},
						"0.0333": {
							"vector": [0, 0, 2],
							"easing": "easeOutElastic"
						},
						"0.1": {
							"vector": [0, 0, 0],
							"easing": "easeInElastic"
						}
					}
				},
				"action": {
					"position": {
						"0.0": {
							"vector": [0, 0, 0]
						},
						"0.0333": {
							"vector": [0, 0, 8],
							"easing": "easeOutElastic"
						},
						"0.1": {
							"vector": [0, 0, 0],
							"easing": "easeOutQuart"
						}
					}
				},
				"cover": {
					"rotation": {
						"0.0": {
							"vector": [0, 0, 0]
						},
						"0.0333": {
							"vector": [-0.0237, -0.21643, 12.49816],
							"easing": "easeOutCirc"
						},
						"0.0667": {
							"vector": [0, 0, 0],
							"easing": "easeOutCirc"
						}
					}
				},
				"shell": {
					"position": {
						"0.0": {
							"vector": [0, 0, 0]
						},
						"0.0333": {
							"vector": [0, 10, 0],
							"easing": "easeInCirc"
						},
						"0.0667": {
							"vector": [-4.67, 23, 6]
						},
						"0.1333": {
							"vector": [-14, 45, 18]
						}
					}
				}
			}
		},
		"animation.model.reload": {
			"animation_length": 2.8333,
			"blend_weight": "1",
			"bones": {
				"main": {
					"rotation": {
						"0.0": {
							"vector": [0, 0, 0],
							"easing": "easeInElastic"
						},
						"0.4": {
							"vector": [-21.81389, -0.01802, 13.64917],
							"easing": "easeInElastic"
						},
						"0.6": {
							"vector": [-26.81389, -0.01802, 13.64917]
						},
						"1.0": {
							"vector": [-14.58987, -3.21883, -6.56827]
						},
						"1.2": {
							"vector": [-12.08987, -3.21883, -6.56827],
							"easing": "easeOutElastic"
						},
						"1.5": {
							"vector": [-14.58987, -3.21883, -6.56827],
							"easing": "easeInElastic"
						},
						"1.6333": {
							"vector": [-14.31389, -0.01802, 13.64917]
						},
						"1.8667": {
							"vector": [-9.31389, -0.01802, 13.64917]
						},
						"1.9667": {
							"vector": [-14.33404, 2.26012, 12.61931],
							"easing": "easeInElastic"
						},
						"2.4": {
							"vector": [-1.81389, -0.01802, 13.64917],
							"easing": "easeInBack"
						},
						"2.5333": {
							"vector": [2.39243, -1.73624, 10.6883],
							"easing": "easeOutQuart"
						},
						"2.8333": {
							"vector": [0, 0, 0],
							"easing": "easeInElastic"
						}
					},
					"position": {
						"0.0": {
							"vector": [0, 0, 0],
							"easing": "easeInElastic"
						},
						"0.2667": {
							"vector": [-2.04, -0.92, 4.27],
							"easing": "easeInElastic"
						},
						"0.3667": {
							"vector": [-2.04, -0.92, 4.27],
							"easing": "easeInElastic"
						},
						"0.7667": {
							"vector": [-2.04, -0.92, 10.27],
							"easing": "easeInElastic"
						},
						"1.0": {
							"vector": [-0.66, -0.96, 5.19]
						},
						"1.2": {
							"vector": [-0.66, -1.21, 6.19],
							"easing": "easeOutElastic"
						},
						"1.5": {
							"vector": [-0.66, -0.96, 5.19],
							"easing": "easeInElastic"
						},
						"1.6333": {
							"vector": [-2.04, -0.92, 4.27]
						},
						"1.7333": {
							"vector": [-2.04, -0.92, 4.27],
							"easing": "easeInElastic"
						},
						"2.1333": {
							"vector": [-2.04, -0.92, 9.27],
							"easing": "easeInElastic"
						},
						"2.4667": {
							"vector": [-2.04, -0.92, 4.27],
							"easing": "easeInElastic"
						},
						"2.8333": {
							"vector": [0, 0, 0],
							"easing": "easeInElastic"
						}
					}
				},
				"magazine": {
					"rotation": {
						"0.0": {
							"vector": [0, 0, 0]
						},
						"0.4667": {
							"vector": [0, 0, 0]
						},
						"0.5667": {
							"vector": [0, 0, 0]
						},
						"0.6667": {
							"vector": [-0.26089, -1.15045, -1.56793]
						},
						"0.8": {
							"vector": [-70.70042, -2.16252, -4.56501]
						},
						"0.9": {
							"vector": [-70.80176, -2.13657, -0.84623]
						},
						"1.1667": {
							"vector": [-70.80176, -2.13657, -0.84623]
						}
					},
					"position": {
						"0.0": {
							"vector": [0, 0, 0]
						},
						"0.4667": {
							"vector": [0, 0, 0]
						},
						"0.5667": {
							"vector": [0, 0, 0]
						},
						"0.6667": {
							"vector": [0.3, -8.425, -0.2]
						},
						"0.7": {
							"vector": [-0.15, -12.605, -4.275]
						},
						"0.7667": {
							"vector": [-1.77, -10.16, -8.625]
						},
						"0.8": {
							"vector": [-3.65, -3.605, -10.525]
						},
						"0.8667": {
							"vector": [-3.45, -1.61, -10.52]
						},
						"1.0": {
							"vector": [-3.65, 4.39, -10.52]
						},
						"1.1667": {
							"vector": [-3.65, 4.39, -10.52]
						},
						"1.4": {
							"vector": [-3.65, -26.21, 0.73]
						}
					}
				},
				"magazine2": {
					"rotation": {
						"0.0": {
							"vector": [0, 0, 0]
						},
						"0.3": {
							"vector": [0, 0, 0]
						},
						"0.4667": {
							"vector": [51.25255, 0.44831, -2.31714]
						},
						"0.5667": {
							"vector": [51.25255, 0.44831, -2.31714]
						},
						"0.6667": {
							"vector": [51.25129, 0.29183, -2.51212]
						},
						"0.8": {
							"vector": [-5.0289, -7.32168, -3.37272]
						},
						"0.9": {
							"vector": [-0.26089, -1.15045, -1.56793]
						},
						"1.0": {
							"vector": [0, 0, 0]
						}
					},
					"position": {
						"0.0": {
							"vector": [0, 0, 0]
						},
						"0.3": {
							"vector": [0, -20, 0]
						},
						"0.4667": {
							"vector": [4.3, 4.275, 4.725]
						},
						"0.5667": {
							"vector": [4.3, 4.275, 4.725]
						},
						"0.6667": {
							"vector": [4.35, -2.125, 4.725]
						},
						"0.7": {
							"vector": [3.4, -7.32, 2.72]
						},
						"0.7667": {
							"vector": [1.7, -8.335, 0.71]
						},
						"0.8": {
							"vector": [0, -6.675, -1.3]
						},
						"0.9": {
							"vector": [0.3, -5.6, -0.2]
						},
						"1.0": {
							"vector": [0, 0, 0]
						}
					},
					"scale": {
						"0.0": {
							"vector": [-0.01, 0, 0]
						},
						"0.3": {
							"vector": [1, 1, 1]
						}
					}
				},
				"action": {
					"position": {
						"0.2": {
							"vector": [0, 0, 0]
						},
						"0.6333": {
							"vector": [0, 0, 9],
							"easing": "easeInElastic"
						},
						"2.0": {
							"vector": [0, 0, 9],
							"easing": "easeInElastic"
						},
						"2.0667": {
							"vector": [0, 0, 0]
						}
					}
				},
				"rightarm": {
					"rotation": {
						"0.0": {
							"vector": [0, 0, 0]
						},
						"0.2": {
							"vector": [2.49417, 7.49995, 2.52796]
						},
						"0.6333": {
							"vector": [2.49417, 7.49995, 2.52796],
							"easing": "easeInElastic"
						},
						"0.9333": {
							"vector": [42.88639, 13.79191, 2.19635]
						},
						"1.1": {
							"vector": [-4.75886, 6.08371, 25.93646],
							"easing": "easeInElastic"
						},
						"1.1667": {
							"vector": [-5.2344, -1.01051, 28.41751],
							"easing": "easeInElastic"
						},
						"1.3667": {
							"vector": [2.2656, -1.01051, 28.41751],
							"easing": "easeInElastic"
						},
						"1.8": {
							"vector": [2.49417, 7.49995, 2.52796]
						},
						"2.0": {
							"vector": [2.49417, 7.49995, 2.52796]
						},
						"2.3333": {
							"vector": [0, 0, 0]
						}
					},
					"position": {
						"0.0": {
							"vector": [0, 0, 0]
						},
						"0.2": {
							"vector": [0, 6, -12]
						},
						"0.6333": {
							"vector": [0, 6, -3],
							"easing": "easeInElastic"
						},
						"0.9333": {
							"vector": [-2.75298, 10.52658, 7.77269]
						},
						"1.1667": {
							"vector": [-5, 7, -14]
						},
						"1.5": {
							"vector": [-5, 7, -14],
							"easing": "easeInElastic"
						},
						"1.8": {
							"vector": [0, 6, -3]
						},
						"2.0": {
							"vector": [0, 6, -3]
						},
						"2.0667": {
							"vector": [0, 6, -2]
						},
						"2.3333": {
							"vector": [0, 0, 0]
						}
					}
				},
				"set": {
					"position": {
						"0.3667": {
							"vector": [0, 0, 0]
						},
						"0.5": {
							"vector": [2, 27.64, 3.87]
						},
						"0.5667": {
							"vector": [12, 41.27, 6.73]
						},
						"0.6667": {
							"vector": [31.5, 35.95, 4.89]
						},
						"0.7333": {
							"vector": [44.5, 20.74, 3.67]
						},
						"0.8": {
							"vector": [49.9, 1.33, 2.45]
						},
						"0.9": {
							"vector": [48, -27.79, 0.61]
						},
						"1.0": {
							"vector": [-6, -17, 0]
						},
						"1.0333": {
							"vector": [-2, 9, 10]
						},
						"1.1": {
							"vector": [-3, 7, 3]
						},
						"1.1333": {
							"vector": [-0.9, 7, 1.5]
						},
						"1.1667": {
							"vector": [-0.8, 7, 0],
							"easing": "linear"
						},
						"1.3667": {
							"vector": [0, 0, 0],
							"easing": "easeInElastic"
						}
					}
				},
				"shell": {
					"position": {
						"vector": [0, 0, -7]
					}
				}
			},
			"sound_effects": {
				"0.0": {
					"effect": "foley_start"
				},
				"0.1333": {
					"effect": "ak_actionback"
				},
				"0.3": {
					"effect": "m1_garand_clip_eject"
				},
				"0.6333": {
					"effect": "foley_start"
				},
				"1.1333": {
					"effect": "ak_magin"
				},
				"1.5667": {
					"effect": "ak_actionback"
				},
				"1.8333": {
					"effect": "foley_start"
				},
				"2.2333": {
					"effect": "ak_actionforward"
				},
				"2.5": {
					"effect": "foley_end"
				}
			}
		},
		"animation.model.reloadempty": {
			"animation_length": 2.8333,
			"blend_weight": "1",
			"bones": {
				"main": {
					"rotation": {
						"0.0": {
							"vector": [0, 0, 0],
							"easing": "easeInElastic"
						},
						"0.3": {
							"vector": [-14.58987, -3.21883, -6.56827],
							"easing": "easeInElastic"
						},
						"0.8667": {
							"vector": [-12.08987, -3.21883, -6.56827],
							"easing": "easeOutElastic"
						},
						"1.2": {
							"vector": [-14.31389, -0.01802, 13.64917]
						},
						"1.4333": {
							"vector": [-9.31389, -0.01802, 13.64917]
						},
						"1.5333": {
							"vector": [-14.33404, 2.26012, 12.61931],
							"easing": "easeInElastic"
						},
						"1.9667": {
							"vector": [-1.81389, -0.01802, 13.64917],
							"easing": "easeInBack"
						},
						"2.1": {
							"vector": [2.39243, -1.73624, 10.6883],
							"easing": "easeOutQuart"
						},
						"2.4": {
							"vector": [0, 0, 0],
							"easing": "easeInElastic"
						}
					},
					"position": {
						"0.0": {
							"vector": [0, 0, 0],
							"easing": "easeInElastic"
						},
						"0.3": {
							"vector": [-0.66, -0.96, 5.19],
							"easing": "easeInElastic"
						},
						"0.8667": {
							"vector": [-0.66, -1.21, 6.19],
							"easing": "easeOutElastic"
						},
						"1.2": {
							"vector": [-2.04, -0.92, 4.27]
						},
						"1.3": {
							"vector": [-2.04, -0.92, 4.27],
							"easing": "easeInElastic"
						},
						"1.7": {
							"vector": [-2.04, -0.92, 9.27],
							"easing": "easeInElastic"
						},
						"2.0333": {
							"vector": [-2.04, -0.92, 4.27],
							"easing": "easeInElastic"
						},
						"2.4": {
							"vector": [0, 0, 0],
							"easing": "easeInElastic"
						}
					}
				},
				"magazine": {
					"rotation": {
						"0.0": {
							"vector": [0, 0, 0]
						},
						"0.4667": {
							"vector": [0, 0, 0]
						},
						"0.5667": {
							"vector": [0, 0, 0]
						},
						"0.6667": {
							"vector": [-0.26089, -1.15045, -1.56793]
						},
						"0.8": {
							"vector": [-70.70042, -2.16252, -4.56501]
						},
						"0.9": {
							"vector": [-70.80176, -2.13657, -0.84623]
						},
						"1.1667": {
							"vector": [-70.80176, -2.13657, -0.84623]
						}
					},
					"position": {
						"0.0": {
							"vector": [0, 0, 0]
						},
						"0.4667": {
							"vector": [0, 0, 0]
						},
						"0.5667": {
							"vector": [0, 0, 0]
						},
						"0.6667": {
							"vector": [0.3, -8.425, -0.2]
						},
						"0.7": {
							"vector": [-0.15, -12.605, -4.275]
						},
						"0.7667": {
							"vector": [-1.77, -10.16, -8.625]
						},
						"0.8": {
							"vector": [-3.65, -3.605, -10.525]
						},
						"0.8667": {
							"vector": [-3.45, -1.61, -10.52]
						},
						"1.0": {
							"vector": [-3.65, 4.39, -10.52]
						},
						"1.1667": {
							"vector": [-3.65, 4.39, -10.52]
						},
						"1.4": {
							"vector": [-3.65, -26.21, 0.73]
						}
					}
				},
				"magazine2": {
					"rotation": {
						"0.0": {
							"vector": [0, 0, 0]
						},
						"0.3": {
							"vector": [0, 0, 0]
						},
						"0.4667": {
							"vector": [51.25255, 0.44831, -2.31714]
						},
						"0.5667": {
							"vector": [51.25255, 0.44831, -2.31714]
						},
						"0.6667": {
							"vector": [51.25129, 0.29183, -2.51212]
						},
						"0.8": {
							"vector": [-5.0289, -7.32168, -3.37272]
						},
						"0.9": {
							"vector": [-0.26089, -1.15045, -1.56793]
						},
						"1.0": {
							"vector": [0, 0, 0]
						}
					},
					"position": {
						"0.0": {
							"vector": [0, 0, 0]
						},
						"0.3": {
							"vector": [0, -20, 0]
						},
						"0.4667": {
							"vector": [4.3, 4.275, 4.725]
						},
						"0.5667": {
							"vector": [4.3, 4.275, 4.725]
						},
						"0.6667": {
							"vector": [4.35, -2.125, 4.725]
						},
						"0.7": {
							"vector": [3.4, -7.32, 2.72]
						},
						"0.7667": {
							"vector": [1.7, -8.335, 0.71]
						},
						"0.8": {
							"vector": [0, -6.675, -1.3]
						},
						"0.9": {
							"vector": [0.3, -5.6, -0.2]
						},
						"1.0": {
							"vector": [0, 0, 0]
						}
					},
					"scale": {
						"0.0": {
							"vector": [-0.01, 0, 0]
						},
						"0.3": {
							"vector": [1, 1, 1]
						}
					}
				},
				"tassel": {
					"rotation": {
						"0.0": {
							"vector": [0, 0, 0]
						},
						"0.2": {
							"vector": [0, 0, 17.5],
							"easing": "easeInOutCubic"
						},
						"0.3": {
							"vector": [0, 0, -20],
							"easing": "easeInOutCubic"
						},
						"0.4333": {
							"vector": [0, 0, 0],
							"easing": "easeInOutCubic"
						},
						"0.7667": {
							"vector": [10, 0, -22.5],
							"easing": "easeInOutCubic"
						},
						"0.9333": {
							"vector": [10, 0, 17.5]
						},
						"1.0667": {
							"vector": [5, 0, 0],
							"easing": "easeInOutCubic"
						},
						"1.2333": {
							"vector": [-5, 0, 10],
							"easing": "easeInOutCubic"
						},
						"1.5667": {
							"vector": [2.5, 0, -5],
							"easing": "easeInOutQuad"
						},
						"1.9": {
							"vector": [0, 0, -12.5],
							"easing": "easeInOutCubic"
						},
						"2.0333": {
							"vector": [7.5, 0, 17.5]
						},
						"2.1667": {
							"vector": [0, 0, 5],
							"easing": "easeInOutCubic"
						},
						"2.3": {
							"vector": [-12.5, 0, 10],
							"easing": "easeInOutCubic"
						},
						"2.4667": {
							"vector": [2.5, 0, -7.5],
							"easing": "easeInOutQuad"
						},
						"2.7667": {
							"vector": [0, 0, 0],
							"easing": "easeInOutCubic"
						}
					}
				},
				"action": {
					"position": {
						"0.0": {
							"vector": [0, 0, 9],
							"easing": "easeInElastic"
						},
						"1.5": {
							"vector": [0, 0, 9],
							"easing": "easeInElastic"
						},
						"1.5667": {
							"vector": [0, 0, 0]
						}
					}
				},
				"rightarm": {
					"rotation": {
						"0.0": {
							"vector": [0, 0, 0]
						},
						"0.4333": {
							"vector": [42.88639, 13.79191, 2.19635]
						},
						"0.6": {
							"vector": [-4.75886, 6.08371, 25.93646],
							"easing": "easeInElastic"
						},
						"0.6667": {
							"vector": [-5.2344, -1.01051, 28.41751],
							"easing": "easeInElastic"
						},
						"0.8667": {
							"vector": [2.2656, -1.01051, 28.41751],
							"easing": "easeInElastic"
						},
						"1.3": {
							"vector": [2.49417, 7.49995, 2.52796]
						},
						"1.5": {
							"vector": [2.49417, 7.49995, 2.52796]
						},
						"1.8333": {
							"vector": [0, 0, 0]
						}
					},
					"position": {
						"0.0": {
							"vector": [0, 0, 0]
						},
						"0.4333": {
							"vector": [-2.75298, 10.52658, 7.77269]
						},
						"0.6667": {
							"vector": [-5, 7, -14]
						},
						"1.0": {
							"vector": [-5, 7, -14],
							"easing": "easeInElastic"
						},
						"1.3": {
							"vector": [0, 6, -3]
						},
						"1.5": {
							"vector": [0, 6, -3]
						},
						"1.5667": {
							"vector": [0, 6, -2]
						},
						"1.8333": {
							"vector": [0, 0, 0]
						}
					}
				},
				"set": {
					"position": {
						"0.5": {
							"vector": [-6, -17, 0]
						},
						"0.5333": {
							"vector": [-2, 9, 10]
						},
						"0.6": {
							"vector": [-3, 7, 3]
						},
						"0.6333": {
							"vector": [-0.9, 7, 1.5]
						},
						"0.6667": {
							"vector": [-0.8, 7, 0],
							"easing": "linear"
						},
						"0.8667": {
							"vector": [0, 0, 0],
							"easing": "easeInElastic"
						}
					}
				},
				"shell": {
					"position": {
						"vector": [0, 0, -7]
					}
				}
			},
			"sound_effects": {
				"0.0": {
					"effect": "m1_garand_clip_eject"
				},
				"0.1": {
					"effect": "foley_start"
				},
				"0.5": {
					"effect": "ak_magin"
				},
				"1.1": {
					"effect": "ak_actionback"
				},
				"1.2": {
					"effect": "foley_start"
				},
				"1.6": {
					"effect": "ak_actionforward"
				},
				"1.8667": {
					"effect": "foley_end"
				}
			}
		}
	},
	"geckolib_format_version": 2
}