{
	"format_version": "1.12.0",
	"minecraft:geometry": [
		{
			"description": {
				"identifier": "geometry.unknown",
				"texture_width": 128,
				"texture_height": 128,
				"visible_bounds_width": 12,
				"visible_bounds_height": 4,
				"visible_bounds_offset": [0, 1, 0]
			},
			"bones": [
				{
					"name": "main",
					"pivot": [0, 20, 0]
				},
				{
					"name": "gun",
					"parent": "main",
					"pivot": [1, 11, -1]
				},
				{
					"name": "Wood",
					"parent": "gun",
					"pivot": [0, 9, 1],
					"cubes": [
						{
							"origin": [12.64329, 32.94131, -29.23],
							"size": [0.9801, 1.37214, 1.2158],
							"pivot": [15.6816, 14.2214, -10.6259],
							"rotation": [0, 0, -45],
							"uv": {
								"north": {"uv": [107, 85], "uv_size": [1, 1]},
								"east": {"uv": [107, 86], "uv_size": [1, 1]},
								"south": {"uv": [87, 107], "uv_size": [1, 1]},
								"west": {"uv": [107, 87], "uv_size": [1, 1]},
								"up": {"uv": [88, 107], "uv_size": [1, 1]},
								"down": {"uv": [107, 89], "uv_size": [1, -1]}
							}
						},
						{
							"origin": [-1.9602, 25.9826, -29.23],
							"size": [1.9602, 0.9801, 1.2158],
							"uv": {
								"north": {"uv": [74, 33], "uv_size": [2, 1]},
								"east": {"uv": [89, 107], "uv_size": [1, 1]},
								"south": {"uv": [105, 35], "uv_size": [2, 1]},
								"west": {"uv": [107, 89], "uv_size": [1, 1]},
								"up": {"uv": [36, 105], "uv_size": [2, 1]},
								"down": {"uv": [105, 37], "uv_size": [2, -1]}
							}
						},
						{
							"origin": [-13.57438, 28.07021, -29.23],
							"size": [0.9801, 1.37214, 1.2158],
							"pivot": [-10.7811, 14.2214, -10.6259],
							"rotation": [0, 0, 45],
							"uv": {
								"north": {"uv": [90, 107], "uv_size": [1, 1]},
								"east": {"uv": [107, 90], "uv_size": [1, 1]},
								"south": {"uv": [91, 107], "uv_size": [1, 1]},
								"west": {"uv": [107, 91], "uv_size": [1, 1]},
								"up": {"uv": [92, 107], "uv_size": [1, 1]},
								"down": {"uv": [107, 93], "uv_size": [1, -1]}
							}
						},
						{
							"origin": [-3, 22, -83.125],
							"size": [4, 3, 29.25],
							"uv": {
								"north": {"uv": [93, 87], "uv_size": [4, 3]},
								"east": {"uv": [52, 54], "uv_size": [29, 3]},
								"south": {"uv": [89, 93], "uv_size": [4, 3]},
								"west": {"uv": [56, 10], "uv_size": [29, 3]},
								"up": {"uv": [20, 48], "uv_size": [4, 29]},
								"down": {"uv": [24, 77], "uv_size": [4, -29]}
							}
						},
						{
							"origin": [-3, 24, -54],
							"size": [4, 1, 36],
							"uv": {
								"north": {"uv": [88, 16], "uv_size": [4, 1]},
								"east": {"uv": [72, 64], "uv_size": [36, 1]},
								"south": {"uv": [101, 12], "uv_size": [4, 1]},
								"west": {"uv": [72, 65], "uv_size": [36, 1]},
								"up": {"uv": [36, 4], "uv_size": [4, 36]},
								"down": {"uv": [40, 40], "uv_size": [4, -36]}
							}
						},
						{
							"origin": [-2.99, 28.875, -51.75],
							"size": [3.98, 1.875, 10.125],
							"pivot": [0, 12.5, -2.5],
							"rotation": [6.04, 0, 0],
							"uv": {
								"north": {"uv": [48, 98], "uv_size": [4, 2]},
								"east": {"uv": [87, 77], "uv_size": [10, 2]},
								"south": {"uv": [98, 48], "uv_size": [4, 2]},
								"west": {"uv": [87, 79], "uv_size": [10, 2]},
								"up": {"uv": [52, 78], "uv_size": [4, 10]},
								"down": {"uv": [79, 81], "uv_size": [4, -10]}
							}
						},
						{
							"origin": [-2.99, 24.875, -43.375],
							"size": [3.98, 1.625, 14.25],
							"uv": {
								"north": {"uv": [99, 81], "uv_size": [4, 2]},
								"east": {"uv": [82, 46], "uv_size": [14, 2]},
								"south": {"uv": [99, 83], "uv_size": [4, 2]},
								"west": {"uv": [82, 48], "uv_size": [14, 2]},
								"up": {"uv": [56, 74], "uv_size": [4, 14]},
								"down": {"uv": [60, 88], "uv_size": [4, -14]}
							}
						},
						{
							"origin": [-2.99, 25, -83],
							"size": [3.98, 0.375, 28.5],
							"uv": {
								"north": {"uv": [103, 82], "uv_size": [4, 1]},
								"east": {"uv": [73, 58], "uv_size": [29, 1]},
								"south": {"uv": [103, 83], "uv_size": [4, 1]},
								"west": {"uv": [73, 59], "uv_size": [29, 1]},
								"up": {"uv": [28, 48], "uv_size": [4, 29]},
								"down": {"uv": [48, 65], "uv_size": [4, -29]}
							}
						},
						{
							"origin": [-2.99, 25, -29.125],
							"size": [3.98, 1, 1.125],
							"uv": {
								"north": {"uv": [60, 103], "uv_size": [4, 1]},
								"east": {"uv": [38, 108], "uv_size": [1, 1]},
								"south": {"uv": [103, 60], "uv_size": [4, 1]},
								"west": {"uv": [108, 39], "uv_size": [1, 1]},
								"up": {"uv": [103, 61], "uv_size": [4, 1]},
								"down": {"uv": [103, 72], "uv_size": [4, -1]}
							}
						},
						{
							"origin": [-3, 21, -54],
							"size": [4, 1, 36],
							"uv": {
								"north": {"uv": [102, 59], "uv_size": [4, 1]},
								"east": {"uv": [72, 68], "uv_size": [36, 1]},
								"south": {"uv": [56, 103], "uv_size": [4, 1]},
								"west": {"uv": [73, 57], "uv_size": [36, 1]},
								"up": {"uv": [44, 4], "uv_size": [4, 36]},
								"down": {"uv": [44, 76], "uv_size": [4, -36]}
							}
						},
						{
							"origin": [-2.75, 22, -54],
							"size": [3.5, 2, 36],
							"uv": {
								"north": {"uv": [0, 98], "uv_size": [4, 2]},
								"east": {"uv": [56, 50], "uv_size": [36, 2]},
								"south": {"uv": [98, 33], "uv_size": [4, 2]},
								"west": {"uv": [56, 52], "uv_size": [36, 2]},
								"up": {"uv": [0, 48], "uv_size": [4, 36]},
								"down": {"uv": [4, 84], "uv_size": [4, -36]}
							}
						},
						{
							"origin": [-3, 22, -54],
							"size": [4, 2, 10],
							"uv": {
								"north": {"uv": [98, 35], "uv_size": [4, 2]},
								"east": {"uv": [87, 73], "uv_size": [10, 2]},
								"south": {"uv": [98, 46], "uv_size": [4, 2]},
								"west": {"uv": [87, 75], "uv_size": [10, 2]},
								"up": {"uv": [24, 77], "uv_size": [4, 10]},
								"down": {"uv": [28, 87], "uv_size": [4, -10]}
							}
						},
						{
							"origin": [-3, 22, -19],
							"size": [4, 2, 1],
							"uv": {
								"north": {"uv": [75, 98], "uv_size": [4, 2]},
								"east": {"uv": [71, 106], "uv_size": [1, 2]},
								"south": {"uv": [85, 98], "uv_size": [4, 2]},
								"west": {"uv": [76, 106], "uv_size": [1, 2]},
								"up": {"uv": [103, 72], "uv_size": [4, 1]},
								"down": {"uv": [103, 74], "uv_size": [4, -1]}
							}
						},
						{
							"origin": [-2.998, 20.55, -85.125],
							"size": [3.99, 2, 31.925],
							"pivot": [2, 12, -36],
							"rotation": [-1.3, 0, 0],
							"uv": {
								"north": {"uv": [64, 97], "uv_size": [4, 2]},
								"east": {"uv": [60, 31], "uv_size": [32, 2]},
								"south": {"uv": [97, 71], "uv_size": [4, 2]},
								"west": {"uv": [56, 69], "uv_size": [32, 2]},
								"up": {"uv": [12, 48], "uv_size": [4, 32]},
								"down": {"uv": [16, 80], "uv_size": [4, -32]}
							}
						},
						{
							"origin": [-2.998, 19.55, -54],
							"size": [3.99, 1, 35.8],
							"pivot": [2.25, 11, -1],
							"rotation": [-1.5, 0, 0],
							"uv": {
								"north": {"uv": [101, 62], "uv_size": [4, 1]},
								"east": {"uv": [72, 66], "uv_size": [36, 1]},
								"south": {"uv": [101, 79], "uv_size": [4, 1]},
								"west": {"uv": [72, 67], "uv_size": [36, 1]},
								"up": {"uv": [36, 40], "uv_size": [4, 36]},
								"down": {"uv": [40, 76], "uv_size": [4, -36]}
							}
						},
						{
							"origin": [-3, 20, -18],
							"size": [4, 3, 22.25],
							"uv": {
								"north": {"uv": [93, 81], "uv_size": [4, 3]},
								"east": {"uv": [60, 17], "uv_size": [22, 3]},
								"south": {"uv": [93, 84], "uv_size": [4, 3]},
								"west": {"uv": [60, 20], "uv_size": [22, 3]},
								"up": {"uv": [52, 10], "uv_size": [4, 22]},
								"down": {"uv": [52, 54], "uv_size": [4, -22]}
							}
						},
						{
							"origin": [-3, 23, -2],
							"size": [1, 2, 6],
							"uv": {
								"north": {"uv": [15, 105], "uv_size": [1, 2]},
								"east": {"uv": [93, 7], "uv_size": [6, 2]},
								"south": {"uv": [32, 105], "uv_size": [1, 2]},
								"west": {"uv": [8, 93], "uv_size": [6, 2]},
								"up": {"uv": [0, 100], "uv_size": [1, 6]},
								"down": {"uv": [1, 106], "uv_size": [1, -6]}
							}
						},
						{
							"origin": [0, 23, -2],
							"size": [1, 2, 6],
							"uv": {
								"north": {"uv": [27, 107], "uv_size": [1, 2]},
								"east": {"uv": [93, 91], "uv_size": [6, 2]},
								"south": {"uv": [28, 107], "uv_size": [1, 2]},
								"west": {"uv": [93, 93], "uv_size": [6, 2]},
								"up": {"uv": [50, 100], "uv_size": [1, 6]},
								"down": {"uv": [51, 106], "uv_size": [1, -6]}
							}
						},
						{
							"origin": [-2, 23, -2],
							"size": [2, 2, 4.5],
							"uv": {
								"north": {"uv": [74, 103], "uv_size": [2, 2]},
								"east": {"uv": [64, 95], "uv_size": [5, 2]},
								"south": {"uv": [103, 91], "uv_size": [2, 2]},
								"west": {"uv": [93, 95], "uv_size": [5, 2]},
								"up": {"uv": [60, 95], "uv_size": [2, 5]},
								"down": {"uv": [69, 100], "uv_size": [2, -5]}
							}
						},
						{
							"origin": [-3, 23, -12],
							"size": [4, 2, 10],
							"uv": {
								"north": {"uv": [48, 96], "uv_size": [4, 2]},
								"east": {"uv": [83, 27], "uv_size": [10, 2]},
								"south": {"uv": [96, 69], "uv_size": [4, 2]},
								"west": {"uv": [87, 71], "uv_size": [10, 2]},
								"up": {"uv": [41, 76], "uv_size": [4, 10]},
								"down": {"uv": [20, 87], "uv_size": [4, -10]}
							}
						},
						{
							"origin": [-3, 23, -18],
							"size": [4, 2, 6],
							"uv": {
								"north": {"uv": [88, 96], "uv_size": [4, 2]},
								"east": {"uv": [93, 9], "uv_size": [6, 2]},
								"south": {"uv": [97, 61], "uv_size": [4, 2]},
								"west": {"uv": [93, 27], "uv_size": [6, 2]},
								"up": {"uv": [40, 86], "uv_size": [4, 6]},
								"down": {"uv": [79, 92], "uv_size": [4, -6]}
							}
						},
						{
							"origin": [-3.01, 20.6, 3.02],
							"size": [4.02, 3.8, 5],
							"pivot": [0, 11, -1],
							"rotation": [-7.5, 0, 0],
							"uv": {
								"north": {"uv": [88, 12], "uv_size": [4, 4]},
								"east": {"uv": [77, 13], "uv_size": [5, 4]},
								"south": {"uv": [58, 88], "uv_size": [4, 4]},
								"west": {"uv": [87, 17], "uv_size": [5, 4]},
								"up": {"uv": [20, 87], "uv_size": [4, 5]},
								"down": {"uv": [87, 26], "uv_size": [4, -5]}
							}
						},
						{
							"origin": [0.01, 21.6, 0.145],
							"size": [0.98, 4.2, 19.875],
							"pivot": [0, 11, -1],
							"rotation": [-15, 0, 0],
							"uv": {
								"north": {"uv": [88, 100], "uv_size": [1, 4]},
								"east": {"uv": [56, 34], "uv_size": [20, 4]},
								"south": {"uv": [101, 7], "uv_size": [1, 4]},
								"west": {"uv": [56, 38], "uv_size": [20, 4]},
								"up": {"uv": [7, 84], "uv_size": [1, 20]},
								"down": {"uv": [44, 106], "uv_size": [1, -20]}
							}
						},
						{
							"origin": [-2.115, 21.6, 3.145],
							"size": [2.23, 4.2, 16.875],
							"pivot": [-1, 11, -1],
							"rotation": [-15, 0, 0],
							"uv": {
								"north": {"uv": [99, 91], "uv_size": [2, 4]},
								"east": {"uv": [56, 57], "uv_size": [17, 4]},
								"south": {"uv": [92, 99], "uv_size": [2, 4]},
								"west": {"uv": [60, 13], "uv_size": [17, 4]},
								"up": {"uv": [75, 81], "uv_size": [2, 17]},
								"down": {"uv": [77, 98], "uv_size": [2, -17]}
							}
						},
						{
							"origin": [-2.115, 21.85, 0.02],
							"size": [2.23, 4.2, 4.5],
							"pivot": [-1, 11.25, -4.875],
							"rotation": [-10, 0, 0],
							"uv": {
								"north": {"uv": [94, 99], "uv_size": [2, 4]},
								"east": {"uv": [88, 4], "uv_size": [5, 4]},
								"south": {"uv": [96, 99], "uv_size": [2, 4]},
								"west": {"uv": [88, 8], "uv_size": [5, 4]},
								"up": {"uv": [12, 95], "uv_size": [2, 5]},
								"down": {"uv": [58, 100], "uv_size": [2, -5]}
							}
						},
						{
							"origin": [-2.99, 21.6, 0.145],
							"size": [0.98, 4.2, 19.875],
							"pivot": [0, 11, -1],
							"rotation": [-15, 0, 0],
							"uv": {
								"north": {"uv": [43, 102], "uv_size": [1, 4]},
								"east": {"uv": [56, 42], "uv_size": [20, 4]},
								"south": {"uv": [18, 103], "uv_size": [1, 4]},
								"west": {"uv": [56, 46], "uv_size": [20, 4]},
								"up": {"uv": [52, 88], "uv_size": [1, 20]},
								"down": {"uv": [53, 108], "uv_size": [1, -20]}
							}
						},
						{
							"origin": [-3, 21.1, 3.45],
							"size": [4.01, 2.8, 32.375],
							"pivot": [0, 8, 1],
							"rotation": [-20, 0, 0],
							"uv": {
								"north": {"uv": [64, 92], "uv_size": [4, 3]},
								"east": {"uv": [52, 4], "uv_size": [32, 3]},
								"south": {"uv": [68, 92], "uv_size": [4, 3]},
								"west": {"uv": [52, 7], "uv_size": [32, 3]},
								"up": {"uv": [48, 4], "uv_size": [4, 32]},
								"down": {"uv": [8, 80], "uv_size": [4, -32]}
							}
						},
						{
							"origin": [-2.96, 17.6, 20.02],
							"size": [3.93, 4.8, 6],
							"pivot": [0, 8, 1],
							"rotation": [-5, 0, 0],
							"uv": {
								"north": {"uv": [24, 87], "uv_size": [4, 5]},
								"east": {"uv": [76, 45], "uv_size": [6, 5]},
								"south": {"uv": [28, 87], "uv_size": [4, 5]},
								"west": {"uv": [79, 81], "uv_size": [6, 5]},
								"up": {"uv": [84, 33], "uv_size": [4, 6]},
								"down": {"uv": [84, 45], "uv_size": [4, -6]}
							}
						},
						{
							"origin": [-2.97, 15.6, 26.02],
							"size": [3.95, 6.8, 7],
							"pivot": [0, 8, 1],
							"rotation": [-5, 0, 0],
							"uv": {
								"north": {"uv": [82, 13], "uv_size": [4, 7]},
								"east": {"uv": [72, 74], "uv_size": [7, 7]},
								"south": {"uv": [83, 20], "uv_size": [4, 7]},
								"west": {"uv": [76, 23], "uv_size": [7, 7]},
								"up": {"uv": [32, 83], "uv_size": [4, 7]},
								"down": {"uv": [83, 78], "uv_size": [4, -7]}
							}
						},
						{
							"origin": [-2.97, 13.6, 33.02],
							"size": [3.95, 8.8, 5],
							"pivot": [0, 8, 1],
							"rotation": [-5, 0, 0],
							"uv": {
								"north": {"uv": [11, 80], "uv_size": [4, 9]},
								"east": {"uv": [76, 33], "uv_size": [5, 9]},
								"south": {"uv": [15, 80], "uv_size": [4, 9]},
								"west": {"uv": [36, 76], "uv_size": [5, 9]},
								"up": {"uv": [64, 87], "uv_size": [4, 5]},
								"down": {"uv": [68, 92], "uv_size": [4, -5]}
							}
						},
						{
							"origin": [-2.99, 21.6, 17.15],
							"size": [3.99, 3.05, 21.45],
							"pivot": [0, 8, 1],
							"rotation": [-5, 0, 0],
							"uv": {
								"north": {"uv": [76, 42], "uv_size": [4, 3]},
								"east": {"uv": [56, 71], "uv_size": [21, 3]},
								"south": {"uv": [58, 92], "uv_size": [4, 3]},
								"west": {"uv": [72, 61], "uv_size": [21, 3]},
								"up": {"uv": [56, 13], "uv_size": [4, 21]},
								"down": {"uv": [52, 78], "uv_size": [4, -21]}
							}
						},
						{
							"origin": [0.0101, 20.6, 1.145],
							"size": [0.9999, 4.8, 1.875],
							"pivot": [0, 11, -1],
							"rotation": [-7.5, 0, 0],
							"uv": {
								"north": {"uv": [77, 100], "uv_size": [1, 5]},
								"east": {"uv": [32, 94], "uv_size": [2, 5]},
								"south": {"uv": [78, 100], "uv_size": [1, 5]},
								"west": {"uv": [94, 33], "uv_size": [2, 5]},
								"up": {"uv": [25, 106], "uv_size": [1, 2]},
								"down": {"uv": [26, 108], "uv_size": [1, -2]}
							}
						},
						{
							"origin": [-3.0099, 20.6, 1.145],
							"size": [0.9999, 4.8, 1.875],
							"pivot": [-3, 11, -1],
							"rotation": [-7.5, 0, 0],
							"uv": {
								"north": {"uv": [81, 100], "uv_size": [1, 5]},
								"east": {"uv": [8, 95], "uv_size": [2, 5]},
								"south": {"uv": [82, 100], "uv_size": [1, 5]},
								"west": {"uv": [10, 95], "uv_size": [2, 5]},
								"up": {"uv": [22, 107], "uv_size": [1, 2]},
								"down": {"uv": [23, 109], "uv_size": [1, -2]}
							}
						},
						{
							"origin": [-2.97, 27.5, 0.425],
							"size": [3.95, 4.05, 2],
							"pivot": [0, 9, 1],
							"rotation": [-52.5, 0, 0],
							"uv": {
								"north": {"uv": [11, 89], "uv_size": [4, 4]},
								"east": {"uv": [96, 33], "uv_size": [2, 4]},
								"south": {"uv": [15, 89], "uv_size": [4, 4]},
								"west": {"uv": [96, 46], "uv_size": [2, 4]},
								"up": {"uv": [96, 17], "uv_size": [4, 2]},
								"down": {"uv": [96, 44], "uv_size": [4, -2]}
							}
						},
						{
							"origin": [-1.9602, 25.3576, -82.98],
							"size": [1.9602, 0.9801, 28.4658],
							"uv": {
								"north": {"uv": [87, 106], "uv_size": [2, 1]},
								"east": {"uv": [81, 56], "uv_size": [28, 1]},
								"south": {"uv": [91, 106], "uv_size": [2, 1]},
								"west": {"uv": [82, 45], "uv_size": [28, 1]},
								"up": {"uv": [48, 65], "uv_size": [2, 28]},
								"down": {"uv": [50, 93], "uv_size": [2, -28]}
							}
						},
						{
							"origin": [12.64329, 32.31631, -82.98],
							"size": [0.9801, 1.37214, 28.4658],
							"pivot": [15.6816, 13.5964, -29.1259],
							"rotation": [0, 0, -45],
							"uv": {
								"north": {"uv": [108, 51], "uv_size": [1, 1]},
								"east": {"uv": [81, 54], "uv_size": [28, 1]},
								"south": {"uv": [52, 108], "uv_size": [1, 1]},
								"west": {"uv": [81, 55], "uv_size": [28, 1]},
								"up": {"uv": [5, 84], "uv_size": [1, 28]},
								"down": {"uv": [6, 112], "uv_size": [1, -28]}
							}
						},
						{
							"origin": [-13.57438, 27.44521, -82.98],
							"size": [0.9801, 1.37214, 28.4658],
							"pivot": [-10.7811, 13.5964, -29.1259],
							"rotation": [0, 0, 45],
							"uv": {
								"north": {"uv": [49, 108], "uv_size": [1, 1]},
								"east": {"uv": [73, 60], "uv_size": [28, 1]},
								"south": {"uv": [108, 49], "uv_size": [1, 1]},
								"west": {"uv": [76, 30], "uv_size": [28, 1]},
								"up": {"uv": [19, 80], "uv_size": [1, 28]},
								"down": {"uv": [4, 112], "uv_size": [1, -28]}
							}
						},
						{
							"origin": [-13.57438, 28.57021, -43.355],
							"size": [0.9801, 1.37214, 14.2158],
							"pivot": [-10.7811, 14.7214, 8.1241],
							"rotation": [0, 0, 45],
							"uv": {
								"north": {"uv": [54, 108], "uv_size": [1, 1]},
								"east": {"uv": [92, 20], "uv_size": [14, 1]},
								"south": {"uv": [55, 108], "uv_size": [1, 1]},
								"west": {"uv": [92, 31], "uv_size": [14, 1]},
								"up": {"uv": [27, 92], "uv_size": [1, 14]},
								"down": {"uv": [28, 106], "uv_size": [1, -14]}
							}
						},
						{
							"origin": [12.64329, 33.44131, -43.355],
							"size": [0.9801, 1.37214, 14.2158],
							"pivot": [15.6816, 14.7214, 8.1241],
							"rotation": [0, 0, -45],
							"uv": {
								"north": {"uv": [108, 52], "uv_size": [1, 1]},
								"east": {"uv": [90, 41], "uv_size": [14, 1]},
								"south": {"uv": [53, 108], "uv_size": [1, 1]},
								"west": {"uv": [91, 25], "uv_size": [14, 1]},
								"up": {"uv": [25, 92], "uv_size": [1, 14]},
								"down": {"uv": [26, 106], "uv_size": [1, -14]}
							}
						},
						{
							"origin": [-1.9602, 26.4826, -43.355],
							"size": [1.9602, 0.9801, 14.2158],
							"uv": {
								"north": {"uv": [93, 106], "uv_size": [2, 1]},
								"east": {"uv": [60, 33], "uv_size": [14, 1]},
								"south": {"uv": [98, 106], "uv_size": [2, 1]},
								"west": {"uv": [88, 44], "uv_size": [14, 1]},
								"up": {"uv": [36, 85], "uv_size": [2, 14]},
								"down": {"uv": [38, 99], "uv_size": [2, -14]}
							}
						}
					]
				},
				{
					"name": "bone",
					"parent": "Wood",
					"pivot": [-10.7811, 14.5964, -11.5009],
					"rotation": [1, 0, 0],
					"cubes": [
						{
							"origin": [12.66626, 36.83928, -52.10985],
							"size": [0.9801, 1.37214, 9.9658],
							"pivot": [15.6816, 18.0964, -9.7509],
							"rotation": [3.54002, 3.53329, -44.89078],
							"uv": {
								"north": {"uv": [35, 108], "uv_size": [1, 1]},
								"east": {"uv": [94, 38], "uv_size": [10, 1]},
								"south": {"uv": [108, 35], "uv_size": [1, 1]},
								"west": {"uv": [94, 39], "uv_size": [10, 1]},
								"up": {"uv": [43, 92], "uv_size": [1, 10]},
								"down": {"uv": [18, 103], "uv_size": [1, -10]}
							}
						},
						{
							"origin": [-1.9602, 29.89008, -51.85985],
							"size": [1.9602, 0.9801, 9.9658],
							"pivot": [0, 15.1561, -9.7509],
							"rotation": [5, 0, 0],
							"uv": {
								"north": {"uv": [68, 106], "uv_size": [2, 1]},
								"east": {"uv": [94, 40], "uv_size": [10, 1]},
								"south": {"uv": [74, 106], "uv_size": [2, 1]},
								"west": {"uv": [95, 21], "uv_size": [10, 1]},
								"up": {"uv": [83, 86], "uv_size": [2, 10]},
								"down": {"uv": [87, 91], "uv_size": [2, -10]}
							}
						},
						{
							"origin": [-13.59735, 31.96818, -52.10985],
							"size": [0.9801, 1.37214, 9.9658],
							"pivot": [-10.7811, 18.0964, -9.7509],
							"rotation": [3.54002, -3.53329, 44.89078],
							"uv": {
								"north": {"uv": [108, 36], "uv_size": [1, 1]},
								"east": {"uv": [95, 22], "uv_size": [10, 1]},
								"south": {"uv": [37, 108], "uv_size": [1, 1]},
								"west": {"uv": [95, 23], "uv_size": [10, 1]},
								"up": {"uv": [74, 93], "uv_size": [1, 10]},
								"down": {"uv": [34, 104], "uv_size": [1, -10]}
							}
						}
					]
				},
				{
					"name": "Metal",
					"parent": "gun",
					"pivot": [0, 8, 1],
					"cubes": [
						{
							"origin": [-3.045, 11.6, 38.02],
							"size": [4.145, 13.15, 1],
							"pivot": [0, 8, 1],
							"rotation": [-5, 0, 0],
							"uv": {
								"north": {"uv": [64, 74], "uv_size": [4, 13]},
								"east": {"uv": [41, 92], "uv_size": [1, 13]},
								"south": {"uv": [68, 74], "uv_size": [4, 13]},
								"west": {"uv": [42, 92], "uv_size": [1, 13]},
								"up": {"uv": [103, 74], "uv_size": [4, 1]},
								"down": {"uv": [103, 82], "uv_size": [4, -1]}
							}
						},
						{
							"origin": [-2.42, 24.35, 35.02],
							"size": [2.895, 0.4, 3],
							"pivot": [0, 8, 1],
							"rotation": [-5, 0, 0],
							"uv": {
								"north": {"uv": [105, 21], "uv_size": [3, 1]},
								"east": {"uv": [105, 22], "uv_size": [3, 1]},
								"south": {"uv": [105, 23], "uv_size": [3, 1]},
								"west": {"uv": [105, 25], "uv_size": [3, 1]},
								"up": {"uv": [85, 95], "uv_size": [3, 3]},
								"down": {"uv": [14, 99], "uv_size": [3, -3]}
							}
						},
						{
							"origin": [-3, 21.75, -89],
							"size": [4, 3.45, 4],
							"uv": {
								"north": {"uv": [79, 92], "uv_size": [4, 3]},
								"east": {"uv": [14, 93], "uv_size": [4, 3]},
								"south": {"uv": [48, 93], "uv_size": [4, 3]},
								"west": {"uv": [93, 61], "uv_size": [4, 3]},
								"up": {"uv": [89, 81], "uv_size": [4, 4]},
								"down": {"uv": [89, 89], "uv_size": [4, -4]}
							}
						},
						{
							"origin": [-3, 25, -28],
							"size": [3, 1, 13],
							"uv": {
								"north": {"uv": [104, 47], "uv_size": [3, 1]},
								"east": {"uv": [92, 32], "uv_size": [13, 1]},
								"south": {"uv": [56, 104], "uv_size": [3, 1]},
								"west": {"uv": [92, 50], "uv_size": [13, 1]},
								"up": {"uv": [45, 76], "uv_size": [3, 13]},
								"down": {"uv": [8, 93], "uv_size": [3, -13]}
							}
						},
						{
							"origin": [0, 25, -28],
							"size": [1, 1, 18],
							"uv": {
								"north": {"uv": [101, 107], "uv_size": [1, 1]},
								"east": {"uv": [83, 29], "uv_size": [18, 1]},
								"south": {"uv": [107, 101], "uv_size": [1, 1]},
								"west": {"uv": [87, 26], "uv_size": [18, 1]},
								"up": {"uv": [54, 88], "uv_size": [1, 18]},
								"down": {"uv": [55, 106], "uv_size": [1, -18]}
							}
						},
						{
							"origin": [0, 25, -4.75],
							"size": [1, 1, 2.075],
							"uv": {
								"north": {"uv": [93, 107], "uv_size": [1, 1]},
								"east": {"uv": [105, 91], "uv_size": [2, 1]},
								"south": {"uv": [107, 93], "uv_size": [1, 1]},
								"west": {"uv": [92, 105], "uv_size": [2, 1]},
								"up": {"uv": [70, 105], "uv_size": [1, 2]},
								"down": {"uv": [89, 107], "uv_size": [1, -2]}
							}
						},
						{
							"origin": [-0.075, 25, -2.75],
							"size": [1, 0.925, 2.575],
							"uv": {
								"north": {"uv": [109, 51], "uv_size": [1, 1]},
								"east": {"uv": [105, 28], "uv_size": [3, 1]},
								"south": {"uv": [52, 109], "uv_size": [1, 1]},
								"west": {"uv": [29, 105], "uv_size": [3, 1]},
								"up": {"uv": [90, 104], "uv_size": [1, 3]},
								"down": {"uv": [2, 108], "uv_size": [1, -3]}
							}
						},
						{
							"origin": [0, 25, -0.176],
							"size": [1, 1, 0.5],
							"uv": {
								"north": {"uv": [109, 48], "uv_size": [1, 1]},
								"east": {"uv": [49, 109], "uv_size": [1, 1]},
								"south": {"uv": [109, 49], "uv_size": [1, 1]},
								"west": {"uv": [50, 109], "uv_size": [1, 1]},
								"up": {"uv": [109, 50], "uv_size": [1, 1]},
								"down": {"uv": [51, 110], "uv_size": [1, -1]}
							}
						},
						{
							"origin": [0.875, 25, -5.75],
							"size": [0.375, 0.8, 5.95],
							"uv": {
								"north": {"uv": [43, 108], "uv_size": [1, 1]},
								"east": {"uv": [100, 43], "uv_size": [6, 1]},
								"south": {"uv": [108, 43], "uv_size": [1, 1]},
								"west": {"uv": [58, 100], "uv_size": [6, 1]},
								"up": {"uv": [48, 100], "uv_size": [1, 6]},
								"down": {"uv": [49, 106], "uv_size": [1, -6]}
							}
						},
						{
							"origin": [5.125, 23.25, -2.25],
							"size": [0.375, 0.75, 1.2],
							"pivot": [0, 11, 1],
							"rotation": [0, 0, -17.5],
							"uv": {
								"north": {"uv": [37, 109], "uv_size": [1, 1]},
								"east": {"uv": [109, 37], "uv_size": [1, 1]},
								"south": {"uv": [38, 109], "uv_size": [1, 1]},
								"west": {"uv": [109, 38], "uv_size": [1, 1]},
								"up": {"uv": [39, 109], "uv_size": [1, 1]},
								"down": {"uv": [109, 40], "uv_size": [1, -1]}
							}
						},
						{
							"origin": [5.125, 24, -2.25],
							"size": [0.375, 0.125, 0.7],
							"pivot": [0, 11, 1],
							"rotation": [0, 0, -17.5],
							"uv": {
								"north": {"uv": [40, 109], "uv_size": [1, 1]},
								"east": {"uv": [109, 40], "uv_size": [1, 1]},
								"south": {"uv": [41, 109], "uv_size": [1, 1]},
								"west": {"uv": [109, 41], "uv_size": [1, 1]},
								"up": {"uv": [42, 109], "uv_size": [1, 1]},
								"down": {"uv": [109, 43], "uv_size": [1, -1]}
							}
						},
						{
							"origin": [0, 25, -10],
							"size": [1, 1, 5.325],
							"uv": {
								"north": {"uv": [42, 108], "uv_size": [1, 1]},
								"east": {"uv": [100, 69], "uv_size": [5, 1]},
								"south": {"uv": [108, 42], "uv_size": [1, 1]},
								"west": {"uv": [100, 70], "uv_size": [5, 1]},
								"up": {"uv": [79, 100], "uv_size": [1, 5]},
								"down": {"uv": [80, 105], "uv_size": [1, -5]}
							}
						},
						{
							"origin": [-3, 25, -4.8],
							"size": [1, 1, 3.5],
							"uv": {
								"north": {"uv": [0, 108], "uv_size": [1, 1]},
								"east": {"uv": [102, 7], "uv_size": [4, 1]},
								"south": {"uv": [1, 108], "uv_size": [1, 1]},
								"west": {"uv": [102, 8], "uv_size": [4, 1]},
								"up": {"uv": [102, 33], "uv_size": [1, 4]},
								"down": {"uv": [35, 106], "uv_size": [1, -4]}
							}
						},
						{
							"origin": [13.2, 33.1, -28],
							"size": [0.7, 1.4, 13],
							"pivot": [16, 14, 0],
							"rotation": [0, 0, -45],
							"uv": {
								"north": {"uv": [94, 107], "uv_size": [1, 1]},
								"east": {"uv": [92, 51], "uv_size": [13, 1]},
								"south": {"uv": [107, 94], "uv_size": [1, 1]},
								"west": {"uv": [92, 52], "uv_size": [13, 1]},
								"up": {"uv": [29, 92], "uv_size": [1, 13]},
								"down": {"uv": [30, 105], "uv_size": [1, -13]}
							}
						},
						{
							"origin": [13.2, 33.1, -15],
							"size": [0.7, 0.9, 5.75],
							"pivot": [16, 14, 0],
							"rotation": [0, 0, -45],
							"uv": {
								"north": {"uv": [108, 40], "uv_size": [1, 1]},
								"east": {"uv": [100, 18], "uv_size": [6, 1]},
								"south": {"uv": [41, 108], "uv_size": [1, 1]},
								"west": {"uv": [100, 42], "uv_size": [6, 1]},
								"up": {"uv": [22, 100], "uv_size": [1, 6]},
								"down": {"uv": [23, 106], "uv_size": [1, -6]}
							}
						},
						{
							"origin": [-2, 26, -27.999],
							"size": [2, 1, 13],
							"uv": {
								"north": {"uv": [105, 92], "uv_size": [2, 1]},
								"east": {"uv": [92, 53], "uv_size": [13, 1]},
								"south": {"uv": [105, 93], "uv_size": [2, 1]},
								"west": {"uv": [93, 4], "uv_size": [13, 1]},
								"up": {"uv": [85, 78], "uv_size": [2, 13]},
								"down": {"uv": [86, 17], "uv_size": [2, -13]}
							}
						},
						{
							"origin": [-13.85, 28.13, -28],
							"size": [1, 1.4, 13],
							"pivot": [-11, 14, 0],
							"rotation": [0, 0, 45],
							"uv": {
								"north": {"uv": [107, 95], "uv_size": [1, 1]},
								"east": {"uv": [93, 5], "uv_size": [13, 1]},
								"south": {"uv": [96, 107], "uv_size": [1, 1]},
								"west": {"uv": [93, 6], "uv_size": [13, 1]},
								"up": {"uv": [31, 92], "uv_size": [1, 13]},
								"down": {"uv": [40, 105], "uv_size": [1, -13]}
							}
						},
						{
							"origin": [13.2, 33.1, -2.676],
							"size": [0.575, 1.275, 2.5],
							"pivot": [16, 14, 9],
							"rotation": [0, 0, -45],
							"uv": {
								"north": {"uv": [107, 98], "uv_size": [1, 1]},
								"east": {"uv": [104, 76], "uv_size": [3, 1]},
								"south": {"uv": [99, 107], "uv_size": [1, 1]},
								"west": {"uv": [104, 77], "uv_size": [3, 1]},
								"up": {"uv": [85, 10], "uv_size": [1, 3]},
								"down": {"uv": [86, 20], "uv_size": [1, -3]}
							}
						},
						{
							"origin": [13.325, 34.1, -2.676],
							"size": [0.575, 0.4, 2.5],
							"pivot": [16, 14, 9],
							"rotation": [0, 0, -45],
							"uv": {
								"north": {"uv": [109, 47], "uv_size": [1, 1]},
								"east": {"uv": [105, 26], "uv_size": [3, 1]},
								"south": {"uv": [48, 109], "uv_size": [1, 1]},
								"west": {"uv": [105, 27], "uv_size": [3, 1]},
								"up": {"uv": [62, 104], "uv_size": [1, 3]},
								"down": {"uv": [63, 107], "uv_size": [1, -3]}
							}
						},
						{
							"origin": [13.2, 33.1, -0.176],
							"size": [0.7, 1.4, 0.5],
							"pivot": [16, 14, 9],
							"rotation": [0, 0, -45],
							"uv": {
								"north": {"uv": [44, 109], "uv_size": [1, 1]},
								"east": {"uv": [109, 44], "uv_size": [1, 1]},
								"south": {"uv": [45, 109], "uv_size": [1, 1]},
								"west": {"uv": [46, 109], "uv_size": [1, 1]},
								"up": {"uv": [109, 46], "uv_size": [1, 1]},
								"down": {"uv": [47, 110], "uv_size": [1, -1]}
							}
						},
						{
							"origin": [13.2, 33.1, -4.801],
							"size": [0.7, 1.4, 2.125],
							"pivot": [16, 14, 9],
							"rotation": [0, 0, -45],
							"uv": {
								"north": {"uv": [43, 109], "uv_size": [1, 1]},
								"east": {"uv": [107, 70], "uv_size": [2, 1]},
								"south": {"uv": [109, 43], "uv_size": [1, 1]},
								"west": {"uv": [107, 71], "uv_size": [2, 1]},
								"up": {"uv": [65, 107], "uv_size": [1, 2]},
								"down": {"uv": [70, 109], "uv_size": [1, -2]}
							}
						},
						{
							"origin": [-2.045, 27, -4.175],
							"size": [0.42, 0.375, 2.875],
							"uv": {
								"north": {"uv": [107, 97], "uv_size": [1, 1]},
								"east": {"uv": [59, 104], "uv_size": [3, 1]},
								"south": {"uv": [98, 107], "uv_size": [1, 1]},
								"west": {"uv": [104, 75], "uv_size": [3, 1]},
								"up": {"uv": [80, 42], "uv_size": [1, 3]},
								"down": {"uv": [82, 23], "uv_size": [1, -3]}
							}
						},
						{
							"origin": [-0.42, 27, -4.175],
							"size": [0.42, 0.375, 2.875],
							"uv": {
								"north": {"uv": [109, 55], "uv_size": [1, 1]},
								"east": {"uv": [105, 29], "uv_size": [3, 1]},
								"south": {"uv": [56, 109], "uv_size": [1, 1]},
								"west": {"uv": [105, 32], "uv_size": [3, 1]},
								"up": {"uv": [3, 105], "uv_size": [1, 3]},
								"down": {"uv": [14, 108], "uv_size": [1, -3]}
							}
						},
						{
							"origin": [-0.42, 26.75, -4.8],
							"size": [0.42, 0.25, 3.5],
							"uv": {
								"north": {"uv": [109, 55], "uv_size": [1, 1]},
								"east": {"uv": [105, 29], "uv_size": [3, 1]},
								"south": {"uv": [56, 109], "uv_size": [1, 1]},
								"west": {"uv": [105, 32], "uv_size": [3, 1]},
								"up": {"uv": [3, 105], "uv_size": [1, 3]},
								"down": {"uv": [14, 108], "uv_size": [1, -3]}
							}
						},
						{
							"origin": [-2.045, 26.75, -4.8],
							"size": [0.42, 0.25, 3.5],
							"uv": {
								"north": {"uv": [107, 97], "uv_size": [1, 1]},
								"east": {"uv": [59, 104], "uv_size": [3, 1]},
								"south": {"uv": [98, 107], "uv_size": [1, 1]},
								"west": {"uv": [104, 75], "uv_size": [3, 1]},
								"up": {"uv": [80, 42], "uv_size": [1, 3]},
								"down": {"uv": [82, 23], "uv_size": [1, -3]}
							}
						},
						{
							"origin": [-2.05, 27.375, -4.175],
							"size": [2.05, 0.25, 2.875],
							"uv": {
								"north": {"uv": [79, 107], "uv_size": [2, 1]},
								"east": {"uv": [105, 33], "uv_size": [3, 1]},
								"south": {"uv": [107, 79], "uv_size": [2, 1]},
								"west": {"uv": [105, 34], "uv_size": [3, 1]},
								"up": {"uv": [69, 100], "uv_size": [2, 3]},
								"down": {"uv": [75, 103], "uv_size": [2, -3]}
							}
						},
						{
							"origin": [-13.85, 28.13, -4.801],
							"size": [1, 1.4, 3.5],
							"pivot": [-11, 14, 9],
							"rotation": [0, 0, 45],
							"uv": {
								"north": {"uv": [107, 96], "uv_size": [1, 1]},
								"east": {"uv": [101, 15], "uv_size": [4, 1]},
								"south": {"uv": [97, 107], "uv_size": [1, 1]},
								"west": {"uv": [101, 29], "uv_size": [4, 1]},
								"up": {"uv": [101, 75], "uv_size": [1, 4]},
								"down": {"uv": [83, 105], "uv_size": [1, -4]}
							}
						},
						{
							"origin": [-13.71013, 27.59592, -54.5348],
							"size": [0.9899, 1.38586, 1.5],
							"pivot": [-10.88891, 13.60861, -23.87841],
							"rotation": [0, 0, 45],
							"uv": {
								"north": {"uv": [102, 107], "uv_size": [1, 1]},
								"east": {"uv": [94, 105], "uv_size": [2, 1]},
								"south": {"uv": [107, 102], "uv_size": [1, 1]},
								"west": {"uv": [105, 94], "uv_size": [2, 1]},
								"up": {"uv": [96, 105], "uv_size": [1, 2]},
								"down": {"uv": [97, 107], "uv_size": [1, -2]}
							}
						},
						{
							"origin": [-3.03, 25.25, -54.555],
							"size": [4.04, 0.255, 1.5],
							"uv": {
								"north": {"uv": [101, 80], "uv_size": [4, 1]},
								"east": {"uv": [105, 97], "uv_size": [2, 1]},
								"south": {"uv": [84, 101], "uv_size": [4, 1]},
								"west": {"uv": [98, 105], "uv_size": [2, 1]},
								"up": {"uv": [97, 73], "uv_size": [4, 2]},
								"down": {"uv": [97, 77], "uv_size": [4, -2]}
							}
						},
						{
							"origin": [-1.03, -3.1, -54.555],
							"size": [4.04, 4.425, 1.5],
							"pivot": [0, 11.11, -13.02],
							"rotation": [0, 0, 180],
							"uv": {
								"north": {"uv": [89, 89], "uv_size": [4, 4]},
								"east": {"uv": [45, 97], "uv_size": [2, 4]},
								"south": {"uv": [32, 90], "uv_size": [4, 4]},
								"west": {"uv": [56, 97], "uv_size": [2, 4]},
								"up": {"uv": [97, 77], "uv_size": [4, 2]},
								"down": {"uv": [97, 81], "uv_size": [4, -2]}
							}
						},
						{
							"origin": [-1.03, -0.975, -60.805],
							"size": [4.04, 0.65, 6.25],
							"pivot": [0, 11.11, -13.02],
							"rotation": [0, 0, 180],
							"uv": {
								"north": {"uv": [89, 89], "uv_size": [4, 4]},
								"east": {"uv": [45, 97], "uv_size": [2, 4]},
								"south": {"uv": [32, 90], "uv_size": [4, 4]},
								"west": {"uv": [56, 97], "uv_size": [2, 4]},
								"up": {"uv": [97, 77], "uv_size": [4, 2]},
								"down": {"uv": [97, 81], "uv_size": [4, -2]}
							}
						},
						{
							"origin": [12.76972, 32.51572, -54.5348],
							"size": [0.9899, 1.38586, 1.5],
							"pivot": [15.83842, 13.60861, -23.87841],
							"rotation": [0, 0, -45],
							"uv": {
								"north": {"uv": [103, 107], "uv_size": [1, 1]},
								"east": {"uv": [105, 98], "uv_size": [2, 1]},
								"south": {"uv": [104, 107], "uv_size": [1, 1]},
								"west": {"uv": [100, 105], "uv_size": [2, 1]},
								"up": {"uv": [102, 105], "uv_size": [1, 2]},
								"down": {"uv": [103, 107], "uv_size": [1, -2]}
							}
						},
						{
							"origin": [-1.9798, 25.48743, -54.5348],
							"size": [1.9798, 0.9899, 1.5],
							"uv": {
								"north": {"uv": [104, 105], "uv_size": [2, 1]},
								"east": {"uv": [105, 104], "uv_size": [2, 1]},
								"south": {"uv": [0, 106], "uv_size": [2, 1]},
								"west": {"uv": [106, 4], "uv_size": [2, 1]},
								"up": {"uv": [101, 91], "uv_size": [2, 2]},
								"down": {"uv": [101, 95], "uv_size": [2, -2]}
							}
						},
						{
							"origin": [-1.03, -3.085, -85.055],
							"size": [4.04, 3.685, 2],
							"pivot": [0, 11.11, -46.02],
							"rotation": [0, 0, 180],
							"uv": {
								"north": {"uv": [90, 33], "uv_size": [4, 4]},
								"east": {"uv": [97, 81], "uv_size": [2, 4]},
								"south": {"uv": [90, 37], "uv_size": [4, 4]},
								"west": {"uv": [97, 85], "uv_size": [2, 4]},
								"up": {"uv": [92, 97], "uv_size": [4, 2]},
								"down": {"uv": [96, 99], "uv_size": [4, -2]}
							}
						},
						{
							"origin": [-1.03, -2.96, -89.055],
							"size": [4.04, 3.56, 2.125],
							"pivot": [0, 11.11, -50.02],
							"rotation": [0, 0, 180],
							"uv": {
								"north": {"uv": [91, 21], "uv_size": [4, 4]},
								"east": {"uv": [89, 98], "uv_size": [2, 4]},
								"south": {"uv": [85, 91], "uv_size": [4, 4]},
								"west": {"uv": [99, 7], "uv_size": [2, 4]},
								"up": {"uv": [98, 95], "uv_size": [4, 2]},
								"down": {"uv": [99, 29], "uv_size": [4, -2]}
							}
						},
						{
							"origin": [-1.03, -2.96, -86.93],
							"size": [4.04, 3.56, 1.875],
							"pivot": [0, 11.11, -48.145],
							"rotation": [0, 0, 180],
							"uv": {
								"north": {"uv": [92, 12], "uv_size": [4, 4]},
								"east": {"uv": [14, 99], "uv_size": [2, 4]},
								"south": {"uv": [92, 16], "uv_size": [4, 4]},
								"west": {"uv": [32, 99], "uv_size": [2, 4]},
								"up": {"uv": [36, 99], "uv_size": [4, 2]},
								"down": {"uv": [64, 101], "uv_size": [4, -2]}
							}
						},
						{
							"origin": [12.76972, 32.19572, -89.0348],
							"size": [0.9899, 1.38586, 2],
							"pivot": [15.83842, 13.28861, -56.87841],
							"rotation": [0, 0, -45],
							"uv": {
								"north": {"uv": [106, 107], "uv_size": [1, 1]},
								"east": {"uv": [106, 20], "uv_size": [2, 1]},
								"south": {"uv": [107, 107], "uv_size": [1, 1]},
								"west": {"uv": [22, 106], "uv_size": [2, 1]},
								"up": {"uv": [13, 106], "uv_size": [1, 2]},
								"down": {"uv": [24, 108], "uv_size": [1, -2]}
							}
						},
						{
							"origin": [-1.9798, 25.16743, -89.0348],
							"size": [1.9798, 0.9899, 2],
							"uv": {
								"north": {"uv": [9, 106], "uv_size": [2, 1]},
								"east": {"uv": [11, 106], "uv_size": [2, 1]},
								"south": {"uv": [106, 18], "uv_size": [2, 1]},
								"west": {"uv": [20, 106], "uv_size": [2, 1]},
								"up": {"uv": [98, 101], "uv_size": [2, 2]},
								"down": {"uv": [100, 103], "uv_size": [2, -2]}
							}
						},
						{
							"origin": [-1.49, 24.54243, -98.6598],
							"size": [0.95, 1.95, 3.063],
							"uv": {
								"north": {"uv": [31, 106], "uv_size": [1, 2]},
								"east": {"uv": [102, 9], "uv_size": [2, 2]},
								"south": {"uv": [37, 106], "uv_size": [1, 2]},
								"west": {"uv": [102, 46], "uv_size": [2, 2]},
								"up": {"uv": [106, 37], "uv_size": [1, 2]},
								"down": {"uv": [38, 108], "uv_size": [1, -2]}
							}
						},
						{
							"origin": [-13.71013, 27.27592, -89.0348],
							"size": [0.9899, 1.38586, 2],
							"pivot": [-10.88891, 13.28861, -56.87841],
							"rotation": [0, 0, 45],
							"uv": {
								"north": {"uv": [107, 104], "uv_size": [1, 1]},
								"east": {"uv": [106, 5], "uv_size": [2, 1]},
								"south": {"uv": [105, 107], "uv_size": [1, 1]},
								"west": {"uv": [106, 6], "uv_size": [2, 1]},
								"up": {"uv": [106, 7], "uv_size": [1, 2]},
								"down": {"uv": [8, 108], "uv_size": [1, -2]}
							}
						},
						{
							"origin": [12.76972, 32.32072, -85.0348],
							"size": [0.9899, 1.38586, 2],
							"pivot": [15.83842, 13.41361, -52.87841],
							"rotation": [0, 0, -45],
							"uv": {
								"north": {"uv": [34, 108], "uv_size": [1, 1]},
								"east": {"uv": [106, 59], "uv_size": [2, 1]},
								"south": {"uv": [108, 34], "uv_size": [1, 1]},
								"west": {"uv": [64, 106], "uv_size": [2, 1]},
								"up": {"uv": [66, 106], "uv_size": [1, 2]},
								"down": {"uv": [67, 108], "uv_size": [1, -2]}
							}
						},
						{
							"origin": [-13.71013, 27.40092, -85.0348],
							"size": [0.9899, 1.38586, 2],
							"pivot": [-10.88891, 13.41361, -52.87841],
							"rotation": [0, 0, 45],
							"uv": {
								"north": {"uv": [108, 32], "uv_size": [1, 1]},
								"east": {"uv": [58, 106], "uv_size": [2, 1]},
								"south": {"uv": [108, 33], "uv_size": [1, 1]},
								"west": {"uv": [106, 58], "uv_size": [2, 1]},
								"up": {"uv": [60, 106], "uv_size": [1, 2]},
								"down": {"uv": [61, 108], "uv_size": [1, -2]}
							}
						},
						{
							"origin": [-1.9798, 25.29243, -85.0348],
							"size": [1.9798, 0.9899, 2],
							"uv": {
								"north": {"uv": [106, 49], "uv_size": [2, 1]},
								"east": {"uv": [50, 106], "uv_size": [2, 1]},
								"south": {"uv": [54, 106], "uv_size": [2, 1]},
								"west": {"uv": [56, 106], "uv_size": [2, 1]},
								"up": {"uv": [103, 35], "uv_size": [2, 2]},
								"down": {"uv": [36, 105], "uv_size": [2, -2]}
							}
						},
						{
							"origin": [-1.1, 27.5, -98.5],
							"size": [0.2, 0.7, 1.5],
							"uv": {
								"north": {"uv": [2, 108], "uv_size": [1, 1]},
								"east": {"uv": [3, 108], "uv_size": [1, 1]},
								"south": {"uv": [108, 4], "uv_size": [1, 1]},
								"west": {"uv": [108, 5], "uv_size": [1, 1]},
								"up": {"uv": [108, 6], "uv_size": [1, 1]},
								"down": {"uv": [8, 109], "uv_size": [1, -1]}
							}
						},
						{
							"origin": [-1.225, 26.375, -98.625],
							"size": [0.45, 1.15, 2.25],
							"uv": {
								"north": {"uv": [16, 109], "uv_size": [1, 1]},
								"east": {"uv": [107, 30], "uv_size": [2, 1]},
								"south": {"uv": [109, 16], "uv_size": [1, 1]},
								"west": {"uv": [34, 107], "uv_size": [2, 1]},
								"up": {"uv": [107, 35], "uv_size": [1, 2]},
								"down": {"uv": [36, 109], "uv_size": [1, -2]}
							}
						},
						{
							"origin": [-1.225, 26.875, -98.875],
							"size": [0.45, 0.65, 0.25],
							"uv": {
								"north": {"uv": [17, 109], "uv_size": [1, 1]},
								"east": {"uv": [109, 17], "uv_size": [1, 1]},
								"south": {"uv": [18, 109], "uv_size": [1, 1]},
								"west": {"uv": [109, 18], "uv_size": [1, 1]},
								"up": {"uv": [19, 109], "uv_size": [1, 1]},
								"down": {"uv": [109, 20], "uv_size": [1, -1]}
							}
						},
						{
							"origin": [-1.225, 88.375, -84.5],
							"size": [0.45, 1.15, 0.375],
							"pivot": [0, 12.25, 145.375],
							"rotation": [15, 0, 0],
							"uv": {
								"north": {"uv": [20, 109], "uv_size": [1, 1]},
								"east": {"uv": [109, 20], "uv_size": [1, 1]},
								"south": {"uv": [21, 109], "uv_size": [1, 1]},
								"west": {"uv": [109, 21], "uv_size": [1, 1]},
								"up": {"uv": [22, 109], "uv_size": [1, 1]},
								"down": {"uv": [109, 23], "uv_size": [1, -1]}
							}
						},
						{
							"origin": [-2, 24, -100],
							"size": [2, 2, 79],
							"uv": {
								"north": {"uv": [101, 13], "uv_size": [2, 2]},
								"east": {"uv": [32, 0], "uv_size": [79, 2]},
								"south": {"uv": [36, 101], "uv_size": [2, 2]},
								"west": {"uv": [32, 2], "uv_size": [79, 2]},
								"up": {"uv": [32, 4], "uv_size": [2, 79]},
								"down": {"uv": [34, 83], "uv_size": [2, -79]}
							}
						},
						{
							"origin": [-2.125, 23.875, -98.75],
							"size": [2.25, 2.25, 3.25],
							"uv": {
								"north": {"uv": [92, 103], "uv_size": [2, 2]},
								"east": {"uv": [103, 93], "uv_size": [2, 2]},
								"south": {"uv": [94, 103], "uv_size": [2, 2]},
								"west": {"uv": [96, 103], "uv_size": [2, 2]},
								"up": {"uv": [98, 103], "uv_size": [2, 2]},
								"down": {"uv": [100, 105], "uv_size": [2, -2]}
							}
						},
						{
							"origin": [-1.75, 20.875, -88.875],
							"size": [1.375, 0.375, 2.625],
							"uv": {
								"north": {"uv": [108, 44], "uv_size": [1, 1]},
								"east": {"uv": [102, 104], "uv_size": [3, 1]},
								"south": {"uv": [46, 108], "uv_size": [1, 1]},
								"west": {"uv": [104, 102], "uv_size": [3, 1]},
								"up": {"uv": [17, 104], "uv_size": [1, 3]},
								"down": {"uv": [34, 107], "uv_size": [1, -3]}
							}
						},
						{
							"origin": [-1.375, 21.25, -88.625],
							"size": [0.75, 0.375, 2],
							"uv": {
								"north": {"uv": [47, 108], "uv_size": [1, 1]},
								"east": {"uv": [81, 106], "uv_size": [2, 1]},
								"south": {"uv": [108, 48], "uv_size": [1, 1]},
								"west": {"uv": [83, 106], "uv_size": [2, 1]},
								"up": {"uv": [85, 106], "uv_size": [1, 2]},
								"down": {"uv": [86, 108], "uv_size": [1, -2]}
							}
						},
						{
							"origin": [-1.625, 20.875, -84.625],
							"size": [1.375, 1, 1.5],
							"uv": {
								"north": {"uv": [47, 108], "uv_size": [1, 1]},
								"east": {"uv": [81, 106], "uv_size": [2, 1]},
								"south": {"uv": [108, 48], "uv_size": [1, 1]},
								"west": {"uv": [83, 106], "uv_size": [2, 1]},
								"up": {"uv": [85, 106], "uv_size": [1, 2]},
								"down": {"uv": [86, 108], "uv_size": [1, -2]}
							}
						},
						{
							"origin": [-1.625, -35, -116],
							"size": [1.375, 1, 1],
							"pivot": [-0.5, -45, -32.875],
							"rotation": [-45, 0, 0],
							"uv": {
								"north": {"uv": [47, 108], "uv_size": [1, 1]},
								"east": {"uv": [81, 106], "uv_size": [2, 1]},
								"south": {"uv": [108, 48], "uv_size": [1, 1]},
								"west": {"uv": [83, 106], "uv_size": [2, 1]},
								"up": {"uv": [85, 106], "uv_size": [1, 2]},
								"down": {"uv": [86, 108], "uv_size": [1, -2]}
							}
						},
						{
							"origin": [-1.625, -35.75, -86],
							"size": [1.375, 1, 1],
							"pivot": [-0.5, -45.75, -2.875],
							"rotation": [-45, 0, 0],
							"uv": {
								"north": {"uv": [47, 108], "uv_size": [1, 1]},
								"east": {"uv": [81, 106], "uv_size": [2, 1]},
								"south": {"uv": [108, 48], "uv_size": [1, 1]},
								"west": {"uv": [83, 106], "uv_size": [2, 1]},
								"up": {"uv": [85, 106], "uv_size": [1, 2]},
								"down": {"uv": [86, 108], "uv_size": [1, -2]}
							}
						},
						{
							"origin": [-2.135, 22.6, 37.02],
							"size": [2.27, 0.9, 1],
							"pivot": [0, 8, 1],
							"rotation": [-5, 0, 0],
							"uv": {
								"north": {"uv": [27, 106], "uv_size": [2, 1]},
								"east": {"uv": [10, 108], "uv_size": [1, 1]},
								"south": {"uv": [29, 106], "uv_size": [2, 1]},
								"west": {"uv": [11, 108], "uv_size": [1, 1]},
								"up": {"uv": [106, 31], "uv_size": [2, 1]},
								"down": {"uv": [35, 107], "uv_size": [2, -1]}
							}
						},
						{
							"origin": [22.74, 22.6, 29.02],
							"size": [0.895, 0.9, 1.25],
							"pivot": [0, 8, 1],
							"rotation": [-6.76733, -42.30053, 4.56615],
							"uv": {
								"north": {"uv": [108, 11], "uv_size": [1, 1]},
								"east": {"uv": [12, 108], "uv_size": [1, 1]},
								"south": {"uv": [108, 12], "uv_size": [1, 1]},
								"west": {"uv": [13, 108], "uv_size": [1, 1]},
								"up": {"uv": [108, 13], "uv_size": [1, 1]},
								"down": {"uv": [14, 109], "uv_size": [1, -1]}
							}
						},
						{
							"origin": [-25.135, 22.6, 27.645],
							"size": [0.895, 0.9, 1.25],
							"pivot": [0, 8, 1],
							"rotation": [-6.76733, 42.30053, -4.56615],
							"uv": {
								"north": {"uv": [108, 14], "uv_size": [1, 1]},
								"east": {"uv": [15, 108], "uv_size": [1, 1]},
								"south": {"uv": [108, 15], "uv_size": [1, 1]},
								"west": {"uv": [16, 108], "uv_size": [1, 1]},
								"up": {"uv": [108, 16], "uv_size": [1, 1]},
								"down": {"uv": [17, 109], "uv_size": [1, -1]}
							}
						},
						{
							"origin": [3.765, 28.875, -98.5],
							"size": [0.125, 0.5, 1.75],
							"pivot": [5.25, 12.25, -17.25],
							"rotation": [0, 0, -15],
							"uv": {
								"north": {"uv": [23, 109], "uv_size": [1, 1]},
								"east": {"uv": [107, 37], "uv_size": [2, 1]},
								"south": {"uv": [109, 23], "uv_size": [1, 1]},
								"west": {"uv": [107, 38], "uv_size": [2, 1]},
								"up": {"uv": [39, 107], "uv_size": [1, 2]},
								"down": {"uv": [40, 109], "uv_size": [1, -2]}
							}
						},
						{
							"origin": [2.705, 28.725, -98.5],
							"size": [0.125, 0.5, 1.75],
							"pivot": [5.35, 12.125, -17.25],
							"rotation": [0, 0, -15],
							"uv": {
								"north": {"uv": [26, 109], "uv_size": [1, 1]},
								"east": {"uv": [107, 47], "uv_size": [2, 1]},
								"south": {"uv": [109, 26], "uv_size": [1, 1]},
								"west": {"uv": [107, 50], "uv_size": [2, 1]},
								"up": {"uv": [51, 107], "uv_size": [1, 2]},
								"down": {"uv": [107, 53], "uv_size": [1, -2]}
							}
						},
						{
							"origin": [-5.015, 27.375, -98.5],
							"size": [0.125, 0.5, 1.75],
							"pivot": [-2.4, 10.75, -17.25],
							"rotation": [0, 0, 15],
							"uv": {
								"north": {"uv": [27, 109], "uv_size": [1, 1]},
								"east": {"uv": [107, 53], "uv_size": [2, 1]},
								"south": {"uv": [109, 27], "uv_size": [1, 1]},
								"west": {"uv": [54, 107], "uv_size": [2, 1]},
								"up": {"uv": [56, 107], "uv_size": [1, 2]},
								"down": {"uv": [57, 109], "uv_size": [1, -2]}
							}
						},
						{
							"origin": [-1.5, 28.325, -98.5],
							"size": [1, 0.125, 1.75],
							"uv": {
								"north": {"uv": [24, 109], "uv_size": [1, 1]},
								"east": {"uv": [107, 41], "uv_size": [2, 1]},
								"south": {"uv": [109, 24], "uv_size": [1, 1]},
								"west": {"uv": [42, 107], "uv_size": [2, 1]},
								"up": {"uv": [44, 107], "uv_size": [1, 2]},
								"down": {"uv": [45, 109], "uv_size": [1, -2]}
							}
						},
						{
							"origin": [-1.5, 27.45, -98.5],
							"size": [1, 0.125, 1.75],
							"uv": {
								"north": {"uv": [28, 109], "uv_size": [1, 1]},
								"east": {"uv": [58, 107], "uv_size": [2, 1]},
								"south": {"uv": [109, 28], "uv_size": [1, 1]},
								"west": {"uv": [107, 60], "uv_size": [2, 1]},
								"up": {"uv": [107, 61], "uv_size": [1, 2]},
								"down": {"uv": [62, 109], "uv_size": [1, -2]}
							}
						},
						{
							"origin": [-5.965, 28.25, -98.5],
							"size": [0.125, 0.5, 1.75],
							"pivot": [-4.875, 11.625, -17.25],
							"rotation": [0, 0, 15],
							"uv": {
								"north": {"uv": [25, 109], "uv_size": [1, 1]},
								"east": {"uv": [46, 107], "uv_size": [2, 1]},
								"south": {"uv": [109, 25], "uv_size": [1, 1]},
								"west": {"uv": [107, 46], "uv_size": [2, 1]},
								"up": {"uv": [48, 107], "uv_size": [1, 2]},
								"down": {"uv": [50, 109], "uv_size": [1, -2]}
							}
						},
						{
							"origin": [-3.25, 53.595, -65.65],
							"size": [4.5, 1, 1],
							"pivot": [-1.375, 42.75, -82.025],
							"rotation": [-135, 0, 0],
							"uv": {
								"north": {"uv": [83, 100], "uv_size": [5, 1]},
								"east": {"uv": [109, 52], "uv_size": [1, 1]},
								"south": {"uv": [100, 97], "uv_size": [5, 1]},
								"west": {"uv": [53, 109], "uv_size": [1, 1]},
								"up": {"uv": [98, 100], "uv_size": [5, 1]},
								"down": {"uv": [100, 99], "uv_size": [5, -1]}
							}
						},
						{
							"origin": [-1.875, 56.845, -65.275],
							"size": [1.875, 0.75, 0.75],
							"pivot": [-1.375, 43, -81.9],
							"rotation": [-135, 0, 0],
							"uv": {
								"north": {"uv": [83, 100], "uv_size": [5, 1]},
								"east": {"uv": [109, 52], "uv_size": [1, 1]},
								"south": {"uv": [100, 97], "uv_size": [5, 1]},
								"west": {"uv": [53, 109], "uv_size": [1, 1]},
								"up": {"uv": [98, 100], "uv_size": [5, 1]},
								"down": {"uv": [100, 99], "uv_size": [5, -1]}
							}
						},
						{
							"origin": [-1.875, 56.095, -35.28],
							"size": [1.875, 0.75, 0.75],
							"pivot": [-1.375, 42.25, -51.9],
							"rotation": [-135, 0, 0],
							"uv": {
								"north": {"uv": [83, 100], "uv_size": [5, 1]},
								"east": {"uv": [109, 52], "uv_size": [1, 1]},
								"south": {"uv": [100, 97], "uv_size": [5, 1]},
								"west": {"uv": [53, 109], "uv_size": [1, 1]},
								"up": {"uv": [98, 100], "uv_size": [5, 1]},
								"down": {"uv": [100, 99], "uv_size": [5, -1]}
							}
						},
						{
							"origin": [-1.625, 20.125, -54.555],
							"size": [1.375, 1, 1.375],
							"uv": {
								"north": {"uv": [47, 108], "uv_size": [1, 1]},
								"east": {"uv": [81, 106], "uv_size": [2, 1]},
								"south": {"uv": [108, 48], "uv_size": [1, 1]},
								"west": {"uv": [83, 106], "uv_size": [2, 1]},
								"up": {"uv": [85, 106], "uv_size": [1, 2]},
								"down": {"uv": [86, 108], "uv_size": [1, -2]}
							}
						},
						{
							"origin": [-1.625, 25.625, -100.125],
							"size": [1.25, 0.375, 0.125],
							"uv": {
								"north": {"uv": [71, 96], "uv_size": [1, 1]},
								"east": {"uv": [97, 19], "uv_size": [1, 1]},
								"south": {"uv": [35, 97], "uv_size": [1, 1]},
								"west": {"uv": [97, 37], "uv_size": [1, 1]},
								"up": {"uv": [71, 97], "uv_size": [1, 1]},
								"down": {"uv": [98, 20], "uv_size": [1, -1]}
							}
						},
						{
							"origin": [-2, 24, -100.125],
							"size": [0.375, 2, 0.125],
							"uv": {
								"north": {"uv": [110.75, 126], "uv_size": [1, 2]},
								"east": {"uv": [106.875, 125.75], "uv_size": [1, 2]},
								"south": {"uv": [100.125, 126], "uv_size": [1, 2]},
								"west": {"uv": [103.5, 126], "uv_size": [1, 2]},
								"up": {"uv": [106.125, 127], "uv_size": [1, 1]},
								"down": {"uv": [111.75, 128], "uv_size": [1, -1]}
							}
						},
						{
							"origin": [-0.375, 24, -100.125],
							"size": [0.375, 2, 0.125],
							"uv": {
								"north": {"uv": [116.125, 126], "uv_size": [1, 2]},
								"east": {"uv": [107.5, 126], "uv_size": [1, 2]},
								"south": {"uv": [106.125, 126], "uv_size": [1, 2]},
								"west": {"uv": [109.75, 126], "uv_size": [1, 2]},
								"up": {"uv": [109.5, 127], "uv_size": [1, 1]},
								"down": {"uv": [107.125, 128], "uv_size": [1, -1]}
							}
						},
						{
							"origin": [-1.625, 24, -100.125],
							"size": [1.25, 0.375, 0.125],
							"uv": {
								"north": {"uv": [35, 94], "uv_size": [1, 1]},
								"east": {"uv": [35, 95], "uv_size": [1, 1]},
								"south": {"uv": [71, 95], "uv_size": [1, 1]},
								"west": {"uv": [96, 19], "uv_size": [1, 1]},
								"up": {"uv": [35, 96], "uv_size": [1, 1]},
								"down": {"uv": [96, 38], "uv_size": [1, -1]}
							}
						}
					]
				},
				{
					"name": "TriggerMag",
					"parent": "Metal",
					"pivot": [0, 0, 12],
					"cubes": [
						{
							"origin": [-2.025, 47.85, 13],
							"size": [2.05, 1, 1.5],
							"pivot": [0, 37, -3.4],
							"rotation": [-102.5, 0, 0],
							"uv": {
								"north": {"uv": [38, 105], "uv_size": [2, 1]},
								"east": {"uv": [40, 105], "uv_size": [2, 1]},
								"south": {"uv": [45, 105], "uv_size": [2, 1]},
								"west": {"uv": [105, 50], "uv_size": [2, 1]},
								"up": {"uv": [38, 101], "uv_size": [2, 2]},
								"down": {"uv": [45, 103], "uv_size": [2, -2]}
							}
						},
						{
							"origin": [-2.025, 4, 28.3],
							"size": [2.05, 2, 1],
							"pivot": [0, 0, 9],
							"rotation": [85, 0, 0],
							"uv": {
								"north": {"uv": [56, 101], "uv_size": [2, 2]},
								"east": {"uv": [33, 105], "uv_size": [1, 2]},
								"south": {"uv": [58, 101], "uv_size": [2, 2]},
								"west": {"uv": [42, 105], "uv_size": [1, 2]},
								"up": {"uv": [105, 51], "uv_size": [2, 1]},
								"down": {"uv": [105, 53], "uv_size": [2, -1]}
							}
						},
						{
							"origin": [-2.025, 6, 27.001],
							"size": [2.05, 1, 3],
							"pivot": [0, 0, 9],
							"rotation": [85, 0, 0],
							"uv": {
								"north": {"uv": [105, 53], "uv_size": [2, 1]},
								"east": {"uv": [104, 10], "uv_size": [3, 1]},
								"south": {"uv": [56, 105], "uv_size": [2, 1]},
								"west": {"uv": [104, 19], "uv_size": [3, 1]},
								"up": {"uv": [77, 71], "uv_size": [2, 3]},
								"down": {"uv": [83, 81], "uv_size": [2, -3]}
							}
						},
						{
							"origin": [-2.025, 46.1, 29.9],
							"size": [2.05, 1, 1.6],
							"pivot": [0, 35, 13.6],
							"rotation": [-154, 0, 0],
							"uv": {
								"north": {"uv": [58, 105], "uv_size": [2, 1]},
								"east": {"uv": [60, 105], "uv_size": [2, 1]},
								"south": {"uv": [105, 62], "uv_size": [2, 1]},
								"west": {"uv": [105, 63], "uv_size": [2, 1]},
								"up": {"uv": [60, 101], "uv_size": [2, 2]},
								"down": {"uv": [101, 62], "uv_size": [2, -2]}
							}
						},
						{
							"origin": [-2.025, 30.3, 34.4],
							"size": [2.05, 1, 1.6],
							"pivot": [0, 19, 18.6],
							"rotation": [150, 0, 0],
							"uv": {
								"north": {"uv": [64, 105], "uv_size": [2, 1]},
								"east": {"uv": [66, 105], "uv_size": [2, 1]},
								"south": {"uv": [68, 105], "uv_size": [2, 1]},
								"west": {"uv": [105, 69], "uv_size": [2, 1]},
								"up": {"uv": [62, 101], "uv_size": [2, 2]},
								"down": {"uv": [64, 103], "uv_size": [2, -2]}
							}
						},
						{
							"origin": [-2.025, 7.2, 34.27],
							"size": [2.05, 4, 1],
							"pivot": [0, -4, 14],
							"rotation": [90, 0, 0],
							"uv": {
								"north": {"uv": [62, 96], "uv_size": [2, 4]},
								"east": {"uv": [66, 101], "uv_size": [1, 4]},
								"south": {"uv": [83, 96], "uv_size": [2, 4]},
								"west": {"uv": [67, 101], "uv_size": [1, 4]},
								"up": {"uv": [105, 70], "uv_size": [2, 1]},
								"down": {"uv": [74, 106], "uv_size": [2, -1]}
							}
						},
						{
							"origin": [-2.025, 15, 28.6],
							"size": [2.05, 1, 2],
							"pivot": [0, 4, 12.6],
							"rotation": [102.5, 0, 0],
							"uv": {
								"north": {"uv": [77, 105], "uv_size": [2, 1]},
								"east": {"uv": [79, 105], "uv_size": [2, 1]},
								"south": {"uv": [105, 79], "uv_size": [2, 1]},
								"west": {"uv": [105, 80], "uv_size": [2, 1]},
								"up": {"uv": [101, 71], "uv_size": [2, 2]},
								"down": {"uv": [101, 75], "uv_size": [2, -2]}
							}
						},
						{
							"origin": [-2.025, 11, 28.001],
							"size": [2.05, 1, 3],
							"pivot": [0, 0, 9],
							"rotation": [90, 0, 0],
							"uv": {
								"north": {"uv": [81, 105], "uv_size": [2, 1]},
								"east": {"uv": [104, 24], "uv_size": [3, 1]},
								"south": {"uv": [83, 105], "uv_size": [2, 1]},
								"west": {"uv": [104, 30], "uv_size": [3, 1]},
								"up": {"uv": [2, 100], "uv_size": [2, 3]},
								"down": {"uv": [8, 103], "uv_size": [2, -3]}
							}
						},
						{
							"origin": [-2, 9.5, 31.3],
							"size": [1.5, 0.7, 3],
							"pivot": [0, -2, 12],
							"rotation": [85, 0, 0],
							"uv": {
								"north": {"uv": [85, 105], "uv_size": [2, 1]},
								"east": {"uv": [104, 41], "uv_size": [3, 1]},
								"south": {"uv": [87, 105], "uv_size": [2, 1]},
								"west": {"uv": [104, 46], "uv_size": [3, 1]},
								"up": {"uv": [10, 100], "uv_size": [2, 3]},
								"down": {"uv": [12, 103], "uv_size": [2, -3]}
							}
						},
						{
							"origin": [-1.775, 0, 16.9],
							"size": [1.55, 17, 1],
							"pivot": [0, 0, -3],
							"rotation": [90, 0, 0],
							"uv": {
								"north": {"uv": [0, 84], "uv_size": [2, 14]},
								"east": {"uv": [47, 89], "uv_size": [1, 14]},
								"south": {"uv": [2, 84], "uv_size": [2, 14]},
								"west": {"uv": [24, 92], "uv_size": [1, 14]},
								"up": {"uv": [105, 89], "uv_size": [2, 1]},
								"down": {"uv": [105, 91], "uv_size": [2, -1]}
							}
						},
						{
							"origin": [-2.025, -6.75, 16.9],
							"size": [2.05, 5.875, 1],
							"pivot": [0, 0, -3],
							"rotation": [90, 0, 0],
							"uv": {
								"north": {"uv": [84, 4], "uv_size": [2, 6]},
								"east": {"uv": [20, 100], "uv_size": [1, 6]},
								"south": {"uv": [72, 93], "uv_size": [2, 6]},
								"west": {"uv": [21, 100], "uv_size": [1, 6]},
								"up": {"uv": [77, 106], "uv_size": [2, 1]},
								"down": {"uv": [79, 107], "uv_size": [2, -1]}
							}
						},
						{
							"origin": [-2.4, 19.75, -14.999],
							"size": [2.8, 0.25, 11.5],
							"uv": {
								"north": {"uv": [104, 78], "uv_size": [3, 1]},
								"east": {"uv": [93, 11], "uv_size": [12, 1]},
								"south": {"uv": [84, 104], "uv_size": [3, 1]},
								"west": {"uv": [93, 90], "uv_size": [12, 1]},
								"up": {"uv": [81, 33], "uv_size": [3, 12]},
								"down": {"uv": [72, 93], "uv_size": [3, -12]}
							}
						}
					]
				},
				{
					"name": "Sight",
					"parent": "Metal",
					"pivot": [0, 11.1561, -1.7509],
					"cubes": [
						{
							"origin": [-0.84, 28, -21.85],
							"size": [0.8, 0.275, 0.3],
							"uv": {
								"north": {"uv": [58, 108], "uv_size": [1, 1]},
								"east": {"uv": [108, 58], "uv_size": [1, 1]},
								"south": {"uv": [59, 108], "uv_size": [1, 1]},
								"west": {"uv": [108, 59], "uv_size": [1, 1]},
								"up": {"uv": [60, 108], "uv_size": [1, 1]},
								"down": {"uv": [61, 109], "uv_size": [1, -1]}
							}
						},
						{
							"origin": [-1.175, 28, -21.83],
							"size": [0.675, 0.125, 0.27],
							"uv": {
								"north": {"uv": [108, 61], "uv_size": [1, 1]},
								"east": {"uv": [108, 62], "uv_size": [1, 1]},
								"south": {"uv": [63, 108], "uv_size": [1, 1]},
								"west": {"uv": [64, 108], "uv_size": [1, 1]},
								"up": {"uv": [108, 64], "uv_size": [1, 1]},
								"down": {"uv": [108, 66], "uv_size": [1, -1]}
							}
						},
						{
							"origin": [-1.96, 28, -21.85],
							"size": [0.8, 0.275, 0.3],
							"uv": {
								"north": {"uv": [66, 108], "uv_size": [1, 1]},
								"east": {"uv": [108, 66], "uv_size": [1, 1]},
								"south": {"uv": [67, 108], "uv_size": [1, 1]},
								"west": {"uv": [108, 67], "uv_size": [1, 1]},
								"up": {"uv": [68, 108], "uv_size": [1, 1]},
								"down": {"uv": [108, 69], "uv_size": [1, -1]}
							}
						},
						{
							"origin": [-2.025, 27.475, -28.1],
							"size": [0.475, 0.45, 7.8],
							"uv": {
								"north": {"uv": [69, 108], "uv_size": [1, 1]},
								"east": {"uv": [99, 85], "uv_size": [8, 1]},
								"south": {"uv": [71, 108], "uv_size": [1, 1]},
								"west": {"uv": [99, 86], "uv_size": [8, 1]},
								"up": {"uv": [91, 98], "uv_size": [1, 8]},
								"down": {"uv": [16, 107], "uv_size": [1, -8]}
							}
						},
						{
							"origin": [-1.65, 27.475, -28.1],
							"size": [1.225, 0.45, 0.425],
							"uv": {
								"north": {"uv": [95, 108], "uv_size": [1, 1]},
								"east": {"uv": [108, 95], "uv_size": [1, 1]},
								"south": {"uv": [96, 108], "uv_size": [1, 1]},
								"west": {"uv": [108, 96], "uv_size": [1, 1]},
								"up": {"uv": [97, 108], "uv_size": [1, 1]},
								"down": {"uv": [108, 98], "uv_size": [1, -1]}
							}
						},
						{
							"origin": [-3.985, 27.475, -96.225],
							"size": [1.975, 0.45, 0.55],
							"pivot": [-2, 0.875, -58],
							"rotation": [0, 180, 0],
							"uv": {
								"north": {"uv": [106, 99], "uv_size": [2, 1]},
								"east": {"uv": [72, 108], "uv_size": [1, 1]},
								"south": {"uv": [100, 106], "uv_size": [2, 1]},
								"west": {"uv": [73, 108], "uv_size": [1, 1]},
								"up": {"uv": [106, 103], "uv_size": [2, 1]},
								"down": {"uv": [104, 107], "uv_size": [2, -1]}
							}
						},
						{
							"origin": [-3.975, 27.725, -96.725],
							"size": [1.975, 0.125, 2.3],
							"pivot": [-2, 0.875, -58.5],
							"rotation": [0, 180, 0],
							"uv": {
								"north": {"uv": [107, 10], "uv_size": [2, 1]},
								"east": {"uv": [11, 107], "uv_size": [2, 1]},
								"south": {"uv": [15, 107], "uv_size": [2, 1]},
								"west": {"uv": [17, 107], "uv_size": [2, 1]},
								"up": {"uv": [38, 103], "uv_size": [2, 2]},
								"down": {"uv": [45, 105], "uv_size": [2, -2]}
							}
						},
						{
							"origin": [-3.6, 27.725, -102.475],
							"size": [1.225, 0.25, 0.55],
							"pivot": [-2, 0.875, -64.25],
							"rotation": [0, 180, 0],
							"uv": {
								"north": {"uv": [92, 108], "uv_size": [1, 1]},
								"east": {"uv": [108, 92], "uv_size": [1, 1]},
								"south": {"uv": [93, 108], "uv_size": [1, 1]},
								"west": {"uv": [108, 93], "uv_size": [1, 1]},
								"up": {"uv": [94, 108], "uv_size": [1, 1]},
								"down": {"uv": [108, 95], "uv_size": [1, -1]}
							}
						},
						{
							"origin": [-4.29, 27.6, -96.1],
							"size": [2.1, 0.2, 0.2],
							"pivot": [-2.125, 0.875, -58],
							"rotation": [0, 180, 0],
							"uv": {
								"north": {"uv": [0, 107], "uv_size": [2, 1]},
								"east": {"uv": [91, 108], "uv_size": [1, 1]},
								"south": {"uv": [107, 7], "uv_size": [2, 1]},
								"west": {"uv": [108, 91], "uv_size": [1, 1]},
								"up": {"uv": [107, 8], "uv_size": [2, 1]},
								"down": {"uv": [9, 108], "uv_size": [2, -1]}
							}
						},
						{
							"origin": [-3.65, 27.35, -95.975],
							"size": [1.225, 0.575, 0.55],
							"pivot": [-2, 0.875, -57.75],
							"rotation": [0, 180, 0],
							"uv": {
								"north": {"uv": [82, 108], "uv_size": [1, 1]},
								"east": {"uv": [108, 82], "uv_size": [1, 1]},
								"south": {"uv": [83, 108], "uv_size": [1, 1]},
								"west": {"uv": [108, 83], "uv_size": [1, 1]},
								"up": {"uv": [84, 108], "uv_size": [1, 1]},
								"down": {"uv": [108, 85], "uv_size": [1, -1]}
							}
						},
						{
							"origin": [-2.55, 27.475, -22.475],
							"size": [2.85, 0.575, 0.925],
							"uv": {
								"north": {"uv": [8, 105], "uv_size": [3, 1]},
								"east": {"uv": [74, 108], "uv_size": [1, 1]},
								"south": {"uv": [11, 105], "uv_size": [3, 1]},
								"west": {"uv": [75, 108], "uv_size": [1, 1]},
								"up": {"uv": [105, 11], "uv_size": [3, 1]},
								"down": {"uv": [105, 13], "uv_size": [3, -1]}
							}
						},
						{
							"origin": [-2.9, 12.225, -51.225],
							"size": [0.35, 0.75, 0.75],
							"pivot": [0, -14.625, -18.125],
							"rotation": [-45, 0, 0],
							"uv": {
								"north": {"uv": [78, 108], "uv_size": [1, 1]},
								"east": {"uv": [79, 108], "uv_size": [1, 1]},
								"south": {"uv": [80, 108], "uv_size": [1, 1]},
								"west": {"uv": [108, 80], "uv_size": [1, 1]},
								"up": {"uv": [81, 108], "uv_size": [1, 1]},
								"down": {"uv": [108, 82], "uv_size": [1, -1]}
							}
						},
						{
							"origin": [-45.05, 51.975, -51.15],
							"size": [0.575, 0.65, 0.65],
							"pivot": [-42.125, 25.125, -18],
							"rotation": [-45, 0, 90],
							"uv": {
								"north": {"uv": [88, 108], "uv_size": [1, 1]},
								"east": {"uv": [108, 88], "uv_size": [1, 1]},
								"south": {"uv": [89, 108], "uv_size": [1, 1]},
								"west": {"uv": [108, 89], "uv_size": [1, 1]},
								"up": {"uv": [90, 108], "uv_size": [1, 1]},
								"down": {"uv": [108, 91], "uv_size": [1, -1]}
							}
						},
						{
							"origin": [-2.95, 12.475, -50.975],
							"size": [0.35, 0.3, 0.3],
							"pivot": [-0.125, -14.625, -18.125],
							"rotation": [-45, 0, 0],
							"uv": {
								"north": {"uv": [85, 108], "uv_size": [1, 1]},
								"east": {"uv": [108, 85], "uv_size": [1, 1]},
								"south": {"uv": [86, 108], "uv_size": [1, 1]},
								"west": {"uv": [108, 86], "uv_size": [1, 1]},
								"up": {"uv": [87, 108], "uv_size": [1, 1]},
								"down": {"uv": [108, 88], "uv_size": [1, -1]}
							}
						},
						{
							"origin": [-1.9602, 26.825, -27.9],
							"size": [1.9602, 0.6, 8.6],
							"uv": {
								"north": {"uv": [106, 105], "uv_size": [2, 1]},
								"east": {"uv": [95, 24], "uv_size": [9, 1]},
								"south": {"uv": [106, 106], "uv_size": [2, 1]},
								"west": {"uv": [96, 16], "uv_size": [9, 1]},
								"up": {"uv": [88, 33], "uv_size": [2, 9]},
								"down": {"uv": [56, 97], "uv_size": [2, -9]}
							}
						},
						{
							"origin": [-0.45, 27.475, -28.1],
							"size": [0.475, 0.45, 7.8],
							"uv": {
								"north": {"uv": [76, 108], "uv_size": [1, 1]},
								"east": {"uv": [99, 87], "uv_size": [8, 1]},
								"south": {"uv": [77, 108], "uv_size": [1, 1]},
								"west": {"uv": [99, 88], "uv_size": [8, 1]},
								"up": {"uv": [72, 99], "uv_size": [1, 8]},
								"down": {"uv": [73, 107], "uv_size": [1, -8]}
							}
						}
					]
				},
				{
					"name": "bone2",
					"parent": "Sight",
					"pivot": [0.25, -15.5, -23.25],
					"cubes": [
						{
							"origin": [-2.95, 11.7, -56.475],
							"size": [0.35, 0.55, 0.55],
							"pivot": [-0.125, -15.5, -23.375],
							"rotation": [-45, 0, 0],
							"uv": {
								"north": {"uv": [98, 108], "uv_size": [1, 1]},
								"east": {"uv": [108, 98], "uv_size": [1, 1]},
								"south": {"uv": [99, 108], "uv_size": [1, 1]},
								"west": {"uv": [108, 99], "uv_size": [1, 1]},
								"up": {"uv": [100, 108], "uv_size": [1, 1]},
								"down": {"uv": [108, 101], "uv_size": [1, -1]}
							}
						},
						{
							"origin": [-2.9, 11.45, -56.725],
							"size": [0.35, 1, 1],
							"pivot": [0, -15.5, -23.375],
							"rotation": [-45, 0, 0],
							"uv": {
								"north": {"uv": [101, 108], "uv_size": [1, 1]},
								"east": {"uv": [108, 101], "uv_size": [1, 1]},
								"south": {"uv": [102, 108], "uv_size": [1, 1]},
								"west": {"uv": [108, 102], "uv_size": [1, 1]},
								"up": {"uv": [103, 108], "uv_size": [1, 1]},
								"down": {"uv": [108, 104], "uv_size": [1, -1]}
							}
						},
						{
							"origin": [-2.575, 11.7, -56.35],
							"size": [0.975, 0.4, 0.4],
							"pivot": [0.25, -15.5, -23.25],
							"rotation": [-45, 0, 0],
							"uv": {
								"north": {"uv": [104, 108], "uv_size": [1, 1]},
								"east": {"uv": [108, 104], "uv_size": [1, 1]},
								"south": {"uv": [105, 108], "uv_size": [1, 1]},
								"west": {"uv": [108, 105], "uv_size": [1, 1]},
								"up": {"uv": [106, 108], "uv_size": [1, 1]},
								"down": {"uv": [108, 107], "uv_size": [1, -1]}
							}
						}
					]
				},
				{
					"name": "Bolt",
					"parent": "gun",
					"pivot": [0, 0, 0]
				},
				{
					"name": "Bolt1",
					"parent": "Bolt",
					"pivot": [-1, 25.8529, -0.50538],
					"cubes": [
						{
							"origin": [8.25, 28.3, -1.51],
							"size": [1.5, 1.5, 2.217],
							"pivot": [8, 15.34, 12.1],
							"rotation": [0, 0, -45],
							"uv": {
								"north": {"uv": [8, 103], "uv_size": [2, 2]},
								"east": {"uv": [10, 103], "uv_size": [2, 2]},
								"south": {"uv": [12, 103], "uv_size": [2, 2]},
								"west": {"uv": [103, 13], "uv_size": [2, 2]},
								"up": {"uv": [14, 103], "uv_size": [2, 2]},
								"down": {"uv": [103, 29], "uv_size": [2, -2]}
							}
						},
						{
							"origin": [-3.25, 25.25, -1.175],
							"size": [2.25, 1.3, 1.3],
							"uv": {
								"north": {"uv": [39, 106], "uv_size": [2, 1]},
								"east": {"uv": [108, 18], "uv_size": [1, 1]},
								"south": {"uv": [106, 39], "uv_size": [2, 1]},
								"west": {"uv": [19, 108], "uv_size": [1, 1]},
								"up": {"uv": [106, 40], "uv_size": [2, 1]},
								"down": {"uv": [106, 43], "uv_size": [2, -1]}
							}
						},
						{
							"origin": [4.125, 34.625, -1.05],
							"size": [3.875, 1.05, 1.05],
							"pivot": [11.25, 20.25, 5],
							"rotation": [0, 0, -55],
							"uv": {
								"north": {"uv": [102, 44], "uv_size": [4, 1]},
								"east": {"uv": [108, 17], "uv_size": [1, 1]},
								"south": {"uv": [102, 48], "uv_size": [4, 1]},
								"west": {"uv": [18, 108], "uv_size": [1, 1]},
								"up": {"uv": [102, 49], "uv_size": [4, 1]},
								"down": {"uv": [102, 59], "uv_size": [4, -1]}
							}
						},
						{
							"origin": [-6.41, 21.495, -1.57],
							"size": [2, 2, 2],
							"uv": {
								"north": {"uv": [102, 75], "uv_size": [2, 2]},
								"east": {"uv": [102, 77], "uv_size": [2, 2]},
								"south": {"uv": [84, 102], "uv_size": [2, 2]},
								"west": {"uv": [86, 102], "uv_size": [2, 2]},
								"up": {"uv": [89, 102], "uv_size": [2, 2]},
								"down": {"uv": [102, 97], "uv_size": [2, -2]}
							}
						}
					]
				},
				{
					"name": "Bolt2",
					"parent": "Bolt",
					"pivot": [15.75, 14, 12.375],
					"cubes": [
						{
							"origin": [-2, 24.8, -4.875],
							"size": [2, 2, 3.55],
							"uv": {
								"north": {"uv": [104, 37], "uv_size": [2, 2]},
								"east": {"uv": [96, 12], "uv_size": [5, 2]},
								"south": {"uv": [104, 39], "uv_size": [2, 2]},
								"west": {"uv": [96, 14], "uv_size": [5, 2]},
								"up": {"uv": [79, 95], "uv_size": [2, 5]},
								"down": {"uv": [81, 100], "uv_size": [2, -5]}
							}
						},
						{
							"origin": [-9.75, 29.05, 0.74],
							"size": [1, 1, 0.717],
							"pivot": [-10.125, 15.34, 14.35],
							"rotation": [0, 0, 40],
							"uv": {
								"north": {"uv": [107, 108], "uv_size": [1, 1]},
								"east": {"uv": [108, 107], "uv_size": [1, 1]},
								"south": {"uv": [108, 108], "uv_size": [1, 1]},
								"west": {"uv": [0, 109], "uv_size": [1, 1]},
								"up": {"uv": [1, 109], "uv_size": [1, 1]},
								"down": {"uv": [2, 110], "uv_size": [1, -1]}
							}
						},
						{
							"origin": [7.125, 28.05, 0.74],
							"size": [1.25, 1, 0.717],
							"pivot": [6.875, 14.34, 14.35],
							"rotation": [0, 0, -40],
							"uv": {
								"north": {"uv": [3, 109], "uv_size": [1, 1]},
								"east": {"uv": [109, 4], "uv_size": [1, 1]},
								"south": {"uv": [109, 5], "uv_size": [1, 1]},
								"west": {"uv": [109, 6], "uv_size": [1, 1]},
								"up": {"uv": [7, 109], "uv_size": [1, 1]},
								"down": {"uv": [109, 8], "uv_size": [1, -1]}
							}
						},
						{
							"origin": [-2.375, 24.925, 0.74],
							"size": [2.75, 0.75, 0.717],
							"uv": {
								"north": {"uv": [105, 13], "uv_size": [3, 1]},
								"east": {"uv": [8, 109], "uv_size": [1, 1]},
								"south": {"uv": [105, 14], "uv_size": [3, 1]},
								"west": {"uv": [109, 8], "uv_size": [1, 1]},
								"up": {"uv": [105, 15], "uv_size": [3, 1]},
								"down": {"uv": [105, 17], "uv_size": [3, -1]}
							}
						},
						{
							"origin": [-10.125, 24.925, -2.01],
							"size": [1.375, 0.75, 0.717],
							"pivot": [-10.375, 11.215, 11.6],
							"rotation": [0, -37.5, 0],
							"uv": {
								"north": {"uv": [9, 109], "uv_size": [1, 1]},
								"east": {"uv": [109, 9], "uv_size": [1, 1]},
								"south": {"uv": [10, 109], "uv_size": [1, 1]},
								"west": {"uv": [109, 10], "uv_size": [1, 1]},
								"up": {"uv": [11, 109], "uv_size": [1, 1]},
								"down": {"uv": [109, 12], "uv_size": [1, -1]}
							}
						},
						{
							"origin": [7.125, 24.925, -0.885],
							"size": [1.375, 0.75, 0.717],
							"pivot": [6.875, 11.215, 12.725],
							"rotation": [0, 37.6, 0],
							"uv": {
								"north": {"uv": [12, 109], "uv_size": [1, 1]},
								"east": {"uv": [109, 12], "uv_size": [1, 1]},
								"south": {"uv": [13, 109], "uv_size": [1, 1]},
								"west": {"uv": [109, 13], "uv_size": [1, 1]},
								"up": {"uv": [14, 109], "uv_size": [1, 1]},
								"down": {"uv": [109, 15], "uv_size": [1, -1]}
							}
						},
						{
							"origin": [-2, 24.8, -15],
							"size": [2, 2, 8.3],
							"uv": {
								"north": {"uv": [102, 101], "uv_size": [2, 2]},
								"east": {"uv": [88, 42], "uv_size": [8, 2]},
								"south": {"uv": [2, 103], "uv_size": [2, 2]},
								"west": {"uv": [88, 69], "uv_size": [8, 2]},
								"up": {"uv": [62, 88], "uv_size": [2, 8]},
								"down": {"uv": [45, 97], "uv_size": [2, -8]}
							}
						},
						{
							"origin": [-2.5, 25.05, -15.01],
							"size": [1.875, 1.375, 8.3],
							"uv": {
								"north": {"uv": [72, 107], "uv_size": [2, 1]},
								"east": {"uv": [98, 99], "uv_size": [8, 1]},
								"south": {"uv": [107, 72], "uv_size": [2, 1]},
								"west": {"uv": [100, 17], "uv_size": [8, 1]},
								"up": {"uv": [20, 92], "uv_size": [2, 8]},
								"down": {"uv": [22, 100], "uv_size": [2, -8]}
							}
						},
						{
							"origin": [8.375, 29.425, 0.74],
							"size": [0.875, 0.875, 2.967],
							"pivot": [8.125, 16.215, 12.1],
							"rotation": [0, 0, -45],
							"uv": {
								"north": {"uv": [20, 108], "uv_size": [1, 1]},
								"east": {"uv": [87, 104], "uv_size": [3, 1]},
								"south": {"uv": [108, 20], "uv_size": [1, 1]},
								"west": {"uv": [104, 95], "uv_size": [3, 1]},
								"up": {"uv": [47, 103], "uv_size": [1, 3]},
								"down": {"uv": [71, 106], "uv_size": [1, -3]}
							}
						},
						{
							"origin": [8.25, 29.3, 2.24],
							"size": [1.125, 1.125, 1.592],
							"pivot": [8.125, 16.215, 12.1],
							"rotation": [0, 0, -45],
							"uv": {
								"north": {"uv": [15, 109], "uv_size": [1, 1]},
								"east": {"uv": [107, 24], "uv_size": [2, 1]},
								"south": {"uv": [109, 15], "uv_size": [1, 1]},
								"west": {"uv": [29, 107], "uv_size": [2, 1]},
								"up": {"uv": [32, 107], "uv_size": [1, 2]},
								"down": {"uv": [33, 109], "uv_size": [1, -2]}
							}
						},
						{
							"origin": [-1, 26.155, 2.23],
							"size": [1.5, 0.375, 1.592],
							"uv": {
								"north": {"uv": [43, 106], "uv_size": [2, 1]},
								"east": {"uv": [106, 43], "uv_size": [2, 1]},
								"south": {"uv": [106, 44], "uv_size": [2, 1]},
								"west": {"uv": [45, 106], "uv_size": [2, 1]},
								"up": {"uv": [32, 103], "uv_size": [2, 2]},
								"down": {"uv": [103, 35], "uv_size": [2, -2]}
							}
						},
						{
							"origin": [8.25, 28.55, 0.99],
							"size": [1, 1, 2.84],
							"pivot": [8.125, 15.465, 12.35],
							"rotation": [0, 0, -45],
							"uv": {
								"north": {"uv": [21, 108], "uv_size": [1, 1]},
								"east": {"uv": [104, 96], "uv_size": [3, 1]},
								"south": {"uv": [108, 21], "uv_size": [1, 1]},
								"west": {"uv": [104, 101], "uv_size": [3, 1]},
								"up": {"uv": [76, 103], "uv_size": [1, 3]},
								"down": {"uv": [7, 107], "uv_size": [1, -3]}
							}
						},
						{
							"origin": [-13.6, 27.88, 0.324],
							"size": [1, 1.4, 0.5],
							"pivot": [-10.75, 13.75, 12.375],
							"rotation": [0, 0, 45],
							"uv": {
								"north": {"uv": [33, 109], "uv_size": [1, 1]},
								"east": {"uv": [109, 33], "uv_size": [1, 1]},
								"south": {"uv": [34, 109], "uv_size": [1, 1]},
								"west": {"uv": [109, 34], "uv_size": [1, 1]},
								"up": {"uv": [35, 109], "uv_size": [1, 1]},
								"down": {"uv": [109, 36], "uv_size": [1, -1]}
							}
						},
						{
							"origin": [-2.75, 25, 0.325],
							"size": [3.5, 0.75, 0.5],
							"uv": {
								"north": {"uv": [103, 84], "uv_size": [4, 1]},
								"east": {"uv": [36, 109], "uv_size": [1, 1]},
								"south": {"uv": [103, 100], "uv_size": [4, 1]},
								"west": {"uv": [109, 36], "uv_size": [1, 1]},
								"up": {"uv": [102, 103], "uv_size": [4, 1]},
								"down": {"uv": [104, 10], "uv_size": [4, -1]}
							}
						},
						{
							"origin": [-1.75, 25.75, 0.325],
							"size": [1.5, 1, 0.5],
							"uv": {
								"north": {"uv": [63, 107], "uv_size": [2, 1]},
								"east": {"uv": [32, 109], "uv_size": [1, 1]},
								"south": {"uv": [107, 63], "uv_size": [2, 1]},
								"west": {"uv": [109, 32], "uv_size": [1, 1]},
								"up": {"uv": [68, 107], "uv_size": [2, 1]},
								"down": {"uv": [107, 70], "uv_size": [2, -1]}
							}
						},
						{
							"origin": [12.95, 32.85, 0.324],
							"size": [0.7, 1.4, 0.5],
							"pivot": [15.75, 13.75, 12.375],
							"rotation": [0, 0, -45],
							"uv": {
								"north": {"uv": [29, 109], "uv_size": [1, 1]},
								"east": {"uv": [109, 29], "uv_size": [1, 1]},
								"south": {"uv": [30, 109], "uv_size": [1, 1]},
								"west": {"uv": [109, 30], "uv_size": [1, 1]},
								"up": {"uv": [31, 109], "uv_size": [1, 1]},
								"down": {"uv": [109, 32], "uv_size": [1, -1]}
							}
						}
					]
				},
				{
					"name": "Bolt3",
					"parent": "Bolt",
					"pivot": [-0.625, 11.25, 7.25],
					"cubes": [
						{
							"origin": [-2, 24.8, -6.75],
							"size": [2, 2, 1.925],
							"uv": {
								"north": {"uv": [104, 37], "uv_size": [2, 2]},
								"east": {"uv": [96, 12], "uv_size": [5, 2]},
								"south": {"uv": [104, 39], "uv_size": [2, 2]},
								"west": {"uv": [96, 14], "uv_size": [5, 2]},
								"up": {"uv": [79, 95], "uv_size": [2, 5]},
								"down": {"uv": [81, 100], "uv_size": [2, -5]}
							}
						},
						{
							"origin": [-2.5, 25.05, -6.75],
							"size": [1.875, 1.375, 1.05],
							"uv": {
								"north": {"uv": [107, 76], "uv_size": [2, 1]},
								"east": {"uv": [109, 54], "uv_size": [1, 1]},
								"south": {"uv": [77, 107], "uv_size": [2, 1]},
								"west": {"uv": [55, 109], "uv_size": [1, 1]},
								"up": {"uv": [107, 77], "uv_size": [2, 1]},
								"down": {"uv": [107, 79], "uv_size": [2, -1]}
							}
						},
						{
							"origin": [-2.75, 25.05, -5.75],
							"size": [2.125, 1.375, 0.925],
							"uv": {
								"north": {"uv": [107, 73], "uv_size": [2, 1]},
								"east": {"uv": [109, 53], "uv_size": [1, 1]},
								"south": {"uv": [74, 107], "uv_size": [2, 1]},
								"west": {"uv": [54, 109], "uv_size": [1, 1]},
								"up": {"uv": [107, 74], "uv_size": [2, 1]},
								"down": {"uv": [107, 76], "uv_size": [2, -1]}
							}
						}
					]
				},
				{
					"name": "Bolt4",
					"parent": "Bolt",
					"pivot": [8.125, 15.465, 13.1],
					"cubes": [
						{
							"origin": [8.375, 28.675, 3.49],
							"size": [0.75, 0.75, 2.092],
							"pivot": [8.125, 15.465, 13.1],
							"rotation": [0, 0, -45],
							"uv": {
								"north": {"uv": [108, 22], "uv_size": [1, 1]},
								"east": {"uv": [47, 106], "uv_size": [2, 1]},
								"south": {"uv": [108, 23], "uv_size": [1, 1]},
								"west": {"uv": [106, 48], "uv_size": [2, 1]},
								"up": {"uv": [41, 106], "uv_size": [1, 2]},
								"down": {"uv": [49, 108], "uv_size": [1, -2]}
							}
						},
						{
							"origin": [8, 28.3, 5.365],
							"size": [1.5, 1.5, 0.592],
							"pivot": [8.125, 15.465, 13.1],
							"rotation": [0, 0, -45],
							"uv": {
								"north": {"uv": [64, 103], "uv_size": [2, 2]},
								"east": {"uv": [95, 106], "uv_size": [1, 2]},
								"south": {"uv": [69, 103], "uv_size": [2, 2]},
								"west": {"uv": [7, 107], "uv_size": [1, 2]},
								"up": {"uv": [107, 19], "uv_size": [2, 1]},
								"down": {"uv": [20, 108], "uv_size": [2, -1]}
							}
						}
					]
				},
				{
					"name": "bullet",
					"parent": "main",
					"pivot": [-0.15, 26.4, -25.7],
					"cubes": [
						{
							"origin": [-1.3, 20.3, -24.7],
							"size": [1, 1, 8],
							"inflate": 0.2,
							"pivot": [-0.15, 21.4, -24.7],
							"rotation": [0, 0, 45],
							"uv": {
								"north": {"uv": [9, 108], "uv_size": [1, 1]},
								"east": {"uv": [97, 63], "uv_size": [8, 1]},
								"south": {"uv": [108, 9], "uv_size": [1, 1]},
								"west": {"uv": [97, 89], "uv_size": [8, 1]},
								"up": {"uv": [17, 96], "uv_size": [1, 8]},
								"down": {"uv": [68, 105], "uv_size": [1, -8]}
							}
						}
					]
				},
				{
					"name": "bullet2",
					"parent": "main",
					"pivot": [-0.15, 26.4, -15.7],
					"cubes": [
						{
							"origin": [-1.3, 23.8, -24.7],
							"size": [1, 1, 8],
							"inflate": 0.2,
							"pivot": [-0.15, 24.9, -24.7],
							"rotation": [0, 0, 45],
							"uv": {
								"north": {"uv": [9, 108], "uv_size": [1, 1]},
								"east": {"uv": [97, 63], "uv_size": [8, 1]},
								"south": {"uv": [108, 9], "uv_size": [1, 1]},
								"west": {"uv": [97, 89], "uv_size": [8, 1]},
								"up": {"uv": [17, 96], "uv_size": [1, 8]},
								"down": {"uv": [68, 105], "uv_size": [1, -8]}
							}
						}
					]
				},
				{
					"name": "rightarm",
					"parent": "main",
					"pivot": [-4.3, 8.8, 21.8],
					"rotation": [-101.81106, -12.40003, -2.46982],
					"cubes": [
						{
							"origin": [-8.3, -8.2, 9.8],
							"size": [8, 24, 8],
							"pivot": [-1.3, -3.2, 18.8],
							"rotation": [0, 0, -22.5],
							"uv": {
								"north": {"uv": [0, 0], "uv_size": [8, 24]},
								"east": {"uv": [8, 0], "uv_size": [8, 24]},
								"south": {"uv": [16, 0], "uv_size": [8, 24]},
								"west": {"uv": [0, 24], "uv_size": [8, 24]},
								"up": {"uv": [60, 23], "uv_size": [8, 8]},
								"down": {"uv": [56, 69], "uv_size": [8, -8]}
							}
						}
					]
				},
				{
					"name": "leftarm",
					"parent": "main",
					"pivot": [10.7, 11.3, -8.6],
					"rotation": [-119.61483, 1.67666, -38.31282],
					"cubes": [
						{
							"origin": [6.7, -12.7, -12.6],
							"size": [8, 24, 8],
							"uv": {
								"north": {"uv": [24, 0], "uv_size": [8, 24]},
								"east": {"uv": [8, 24], "uv_size": [8, 24]},
								"south": {"uv": [16, 24], "uv_size": [8, 24]},
								"west": {"uv": [24, 24], "uv_size": [8, 24]},
								"up": {"uv": [64, 61], "uv_size": [8, 8]},
								"down": {"uv": [68, 31], "uv_size": [8, -8]}
							}
						}
					]
				},
				{
					"name": "muzzleflash",
					"parent": "main",
					"pivot": [-1, 24.975, -100.05],
					"cubes": [
						{
							"origin": [-1.5, 24.475, -100.55],
							"size": [1, 1, 1],
							"inflate": -0.4,
							"uv": {
								"north": {"uv": [40, 85], "uv_size": [1, 1]},
								"east": {"uv": [88, 95], "uv_size": [1, 1]},
								"south": {"uv": [92, 96], "uv_size": [1, 1]},
								"west": {"uv": [107, 80], "uv_size": [1, 1]},
								"up": {"uv": [81, 107], "uv_size": [1, 1]},
								"down": {"uv": [107, 82], "uv_size": [1, -1]}
							}
						}
					]
				},
				{
					"name": "scope",
					"parent": "main",
					"pivot": [-1, 28.225, 4.75],
					"cubes": [
						{
							"origin": [-1.5, 27.725, 4.25],
							"size": [1, 1, 1],
							"inflate": -0.4,
							"uv": {
								"north": {"uv": [82, 107], "uv_size": [1, 1]},
								"east": {"uv": [107, 82], "uv_size": [1, 1]},
								"south": {"uv": [83, 107], "uv_size": [1, 1]},
								"west": {"uv": [107, 83], "uv_size": [1, 1]},
								"up": {"uv": [84, 107], "uv_size": [1, 1]},
								"down": {"uv": [107, 85], "uv_size": [1, -1]}
							}
						}
					]
				},
				{
					"name": "_cb_scope2",
					"parent": "main",
					"pivot": [0.5, 26.375, -14.625],
					"cubes": [
						{
							"origin": [0.5, 25.375, -15.625],
							"size": [1, 1, 1],
							"uv": {
								"north": {"uv": [0, 0], "uv_size": [1, 1]},
								"east": {"uv": [0, 0], "uv_size": [1, 1]},
								"south": {"uv": [0, 0], "uv_size": [1, 1]},
								"west": {"uv": [0, 0], "uv_size": [1, 1]},
								"up": {"uv": [1, 1], "uv_size": [-1, -1]},
								"down": {"uv": [1, 1], "uv_size": [-1, -1]}
							}
						}
					]
				},
				{
					"name": "_cb_scope3",
					"parent": "main",
					"pivot": [1.5, 26.375, -16.5],
					"cubes": [
						{
							"origin": [0.4375, 25.125, -17.5],
							"size": [1, 1, 1],
							"uv": {
								"north": {"uv": [0, 0], "uv_size": [1, 1]},
								"east": {"uv": [0, 0], "uv_size": [1, 1]},
								"south": {"uv": [0, 0], "uv_size": [1, 1]},
								"west": {"uv": [0, 0], "uv_size": [1, 1]},
								"up": {"uv": [1, 1], "uv_size": [-1, -1]},
								"down": {"uv": [1, 1], "uv_size": [-1, -1]}
							}
						}
					]
				}
			]
		}
	]
}