{
	"format_version": "1.12.0",
	"minecraft:geometry": [
		{
			"description": {
				"identifier": "geometry.unknown",
				"texture_width": 128,
				"texture_height": 128,
				"visible_bounds_width": 12,
				"visible_bounds_height": 4,
				"visible_bounds_offset": [0, 1, 0]
			},
			"bones": [
				{
					"name": "main",
					"pivot": [0, 20, 0]
				},
				{
					"name": "gun",
					"parent": "main",
					"pivot": [1, 11, -1]
				},
				{
					"name": "Wood",
					"parent": "gun",
					"pivot": [0, 9, 1],
					"cubes": [
						{
							"origin": [-3, 22, -86.625],
							"size": [4, 3, 32.75],
							"uv": {
								"north": {"uv": [28, 89], "uv_size": [4, 3]},
								"east": {"uv": [48, 48], "uv_size": [33, 3]},
								"south": {"uv": [32, 89], "uv_size": [4, 3]},
								"west": {"uv": [48, 51], "uv_size": [33, 3]},
								"up": {"uv": [12, 48], "uv_size": [4, 33]},
								"down": {"uv": [16, 81], "uv_size": [4, -33]}
							}
						},
						{
							"origin": [-3, 24, -54],
							"size": [4, 1, 36],
							"uv": {
								"north": {"uv": [94, 58], "uv_size": [4, 1]},
								"east": {"uv": [68, 46], "uv_size": [36, 1]},
								"south": {"uv": [94, 59], "uv_size": [4, 1]},
								"west": {"uv": [68, 47], "uv_size": [36, 1]},
								"up": {"uv": [36, 4], "uv_size": [4, 36]},
								"down": {"uv": [40, 40], "uv_size": [4, -36]}
							}
						},
						{
							"origin": [-2.99, 25.375, -53.7],
							"size": [3.98, 1.25, 17.75],
							"pivot": [0, 12.625, -1],
							"rotation": [1, 0, 0],
							"uv": {
								"north": {"uv": [95, 96], "uv_size": [4, 1]},
								"east": {"uv": [76, 45], "uv_size": [18, 1]},
								"south": {"uv": [2, 97], "uv_size": [4, 1]},
								"west": {"uv": [83, 16], "uv_size": [18, 1]},
								"up": {"uv": [60, 4], "uv_size": [4, 18]},
								"down": {"uv": [60, 72], "uv_size": [4, -18]}
							}
						},
						{
							"origin": [-2.99, 25.25, -26.325],
							"size": [3.98, 1.375, 5.075],
							"pivot": [0, 12.625, -1],
							"rotation": [1, 0, 0],
							"uv": {
								"north": {"uv": [97, 94], "uv_size": [4, 1]},
								"east": {"uv": [94, 30], "uv_size": [5, 1]},
								"south": {"uv": [95, 97], "uv_size": [4, 1]},
								"west": {"uv": [94, 31], "uv_size": [5, 1]},
								"up": {"uv": [60, 84], "uv_size": [4, 5]},
								"down": {"uv": [84, 82], "uv_size": [4, -5]}
							}
						},
						{
							"origin": [-2.99, 25, -36.2],
							"size": [3.98, 1.125, 9.75],
							"uv": {
								"north": {"uv": [97, 95], "uv_size": [4, 1]},
								"east": {"uv": [89, 53], "uv_size": [10, 1]},
								"south": {"uv": [2, 98], "uv_size": [4, 1]},
								"west": {"uv": [89, 54], "uv_size": [10, 1]},
								"up": {"uv": [48, 75], "uv_size": [4, 10]},
								"down": {"uv": [52, 85], "uv_size": [4, -10]}
							}
						},
						{
							"origin": [-3, 21, -54],
							"size": [4, 1, 36],
							"uv": {
								"north": {"uv": [96, 92], "uv_size": [4, 1]},
								"east": {"uv": [76, 39], "uv_size": [36, 1]},
								"south": {"uv": [96, 93], "uv_size": [4, 1]},
								"west": {"uv": [76, 40], "uv_size": [36, 1]},
								"up": {"uv": [44, 4], "uv_size": [4, 36]},
								"down": {"uv": [44, 76], "uv_size": [4, -36]}
							}
						},
						{
							"origin": [-3, 22, -54],
							"size": [4, 2, 36],
							"uv": {
								"north": {"uv": [91, 65], "uv_size": [4, 2]},
								"east": {"uv": [52, 32], "uv_size": [36, 2]},
								"south": {"uv": [91, 68], "uv_size": [4, 2]},
								"west": {"uv": [52, 34], "uv_size": [36, 2]},
								"up": {"uv": [0, 48], "uv_size": [4, 36]},
								"down": {"uv": [4, 84], "uv_size": [4, -36]}
							}
						},
						{
							"origin": [-2.998, 20.55, -87],
							"size": [3.99, 2, 33.8],
							"pivot": [2, 12, -36],
							"rotation": [-1.3, 0, 0],
							"uv": {
								"north": {"uv": [89, 90], "uv_size": [4, 2]},
								"east": {"uv": [52, 36], "uv_size": [34, 2]},
								"south": {"uv": [91, 8], "uv_size": [4, 2]},
								"west": {"uv": [56, 24], "uv_size": [34, 2]},
								"up": {"uv": [48, 4], "uv_size": [4, 34]},
								"down": {"uv": [8, 82], "uv_size": [4, -34]}
							}
						},
						{
							"origin": [-2.998, 19.55, -54],
							"size": [3.99, 1, 35.8],
							"pivot": [2, 11, -1],
							"rotation": [-1.5, 0, 0],
							"uv": {
								"north": {"uv": [95, 10], "uv_size": [4, 1]},
								"east": {"uv": [72, 17], "uv_size": [36, 1]},
								"south": {"uv": [95, 11], "uv_size": [4, 1]},
								"west": {"uv": [76, 38], "uv_size": [36, 1]},
								"up": {"uv": [36, 40], "uv_size": [4, 36]},
								"down": {"uv": [40, 76], "uv_size": [4, -36]}
							}
						},
						{
							"origin": [-3, 20, -18],
							"size": [4, 3, 22],
							"uv": {
								"north": {"uv": [56, 88], "uv_size": [4, 3]},
								"east": {"uv": [64, 4], "uv_size": [22, 3]},
								"south": {"uv": [88, 77], "uv_size": [4, 3]},
								"west": {"uv": [64, 7], "uv_size": [22, 3]},
								"up": {"uv": [28, 48], "uv_size": [4, 22]},
								"down": {"uv": [52, 26], "uv_size": [4, -22]}
							}
						},
						{
							"origin": [-3, 23, -2],
							"size": [4, 2, 6],
							"uv": {
								"north": {"uv": [90, 6], "uv_size": [4, 2]},
								"east": {"uv": [85, 22], "uv_size": [6, 2]},
								"south": {"uv": [90, 24], "uv_size": [4, 2]},
								"west": {"uv": [85, 56], "uv_size": [6, 2]},
								"up": {"uv": [68, 82], "uv_size": [4, 6]},
								"down": {"uv": [83, 16], "uv_size": [4, -6]}
							}
						},
						{
							"origin": [-3, 23, -12],
							"size": [4, 2, 10],
							"uv": {
								"north": {"uv": [90, 30], "uv_size": [4, 2]},
								"east": {"uv": [83, 75], "uv_size": [10, 2]},
								"south": {"uv": [64, 90], "uv_size": [4, 2]},
								"west": {"uv": [84, 41], "uv_size": [10, 2]},
								"up": {"uv": [20, 75], "uv_size": [4, 10]},
								"down": {"uv": [24, 85], "uv_size": [4, -10]}
							}
						},
						{
							"origin": [-3, 23, -18],
							"size": [4, 2, 6],
							"uv": {
								"north": {"uv": [90, 80], "uv_size": [4, 2]},
								"east": {"uv": [86, 36], "uv_size": [6, 2]},
								"south": {"uv": [90, 82], "uv_size": [4, 2]},
								"west": {"uv": [64, 88], "uv_size": [6, 2]},
								"up": {"uv": [28, 83], "uv_size": [4, 6]},
								"down": {"uv": [43, 89], "uv_size": [4, -6]}
							}
						},
						{
							"origin": [-2.99, 20.975, 0.145],
							"size": [3.98, 4.825, 19.875],
							"pivot": [0, 11, -1],
							"rotation": [-15, 0, 0],
							"uv": {
								"north": {"uv": [56, 83], "uv_size": [4, 5]},
								"east": {"uv": [48, 38], "uv_size": [20, 5]},
								"south": {"uv": [83, 60], "uv_size": [4, 5]},
								"west": {"uv": [48, 43], "uv_size": [20, 5]},
								"up": {"uv": [56, 4], "uv_size": [4, 20]},
								"down": {"uv": [56, 74], "uv_size": [4, -20]}
							}
						},
						{
							"origin": [-3, 20.975, 8.2],
							"size": [4.01, 2.8, 27.125],
							"pivot": [0, 6.375, 1.125],
							"rotation": [-20, 0, 0],
							"uv": {
								"north": {"uv": [87, 71], "uv_size": [4, 3]},
								"east": {"uv": [52, 26], "uv_size": [27, 3]},
								"south": {"uv": [88, 32], "uv_size": [4, 3]},
								"west": {"uv": [52, 29], "uv_size": [27, 3]},
								"up": {"uv": [20, 48], "uv_size": [4, 27]},
								"down": {"uv": [24, 75], "uv_size": [4, -27]}
							}
						},
						{
							"origin": [-2.96, 17.6, 20.02],
							"size": [3.93, 4.8, 6],
							"pivot": [0, 8, 1],
							"rotation": [-5, 0, 0],
							"uv": {
								"north": {"uv": [64, 83], "uv_size": [4, 5]},
								"east": {"uv": [77, 58], "uv_size": [6, 5]},
								"south": {"uv": [83, 65], "uv_size": [4, 5]},
								"west": {"uv": [68, 77], "uv_size": [6, 5]},
								"up": {"uv": [81, 48], "uv_size": [4, 6]},
								"down": {"uv": [8, 88], "uv_size": [4, -6]}
							}
						},
						{
							"origin": [-2.97, 15.6, 26.02],
							"size": [3.95, 6.8, 7],
							"pivot": [0, 8, 1],
							"rotation": [-5, 0, 0],
							"uv": {
								"north": {"uv": [43, 76], "uv_size": [4, 7]},
								"east": {"uv": [68, 70], "uv_size": [7, 7]},
								"south": {"uv": [79, 10], "uv_size": [4, 7]},
								"west": {"uv": [72, 10], "uv_size": [7, 7]},
								"up": {"uv": [79, 63], "uv_size": [4, 7]},
								"down": {"uv": [79, 77], "uv_size": [4, -7]}
							}
						},
						{
							"origin": [-2.97, 13.6, 33.02],
							"size": [3.95, 8.8, 5],
							"pivot": [0, 8, 1],
							"rotation": [-5, 0, 0],
							"uv": {
								"north": {"uv": [75, 63], "uv_size": [4, 9]},
								"east": {"uv": [72, 54], "uv_size": [5, 9]},
								"south": {"uv": [75, 72], "uv_size": [4, 9]},
								"west": {"uv": [56, 74], "uv_size": [5, 9]},
								"up": {"uv": [83, 70], "uv_size": [4, 5]},
								"down": {"uv": [0, 89], "uv_size": [4, -5]}
							}
						},
						{
							"origin": [-2.99, 21.6, 17.15],
							"size": [3.99, 3.05, 21.45],
							"pivot": [0, 8, 1],
							"rotation": [-5, 0, 0],
							"uv": {
								"north": {"uv": [87, 12], "uv_size": [4, 3]},
								"east": {"uv": [64, 18], "uv_size": [21, 3]},
								"south": {"uv": [87, 68], "uv_size": [4, 3]},
								"west": {"uv": [64, 21], "uv_size": [21, 3]},
								"up": {"uv": [48, 54], "uv_size": [4, 21]},
								"down": {"uv": [52, 75], "uv_size": [4, -21]}
							}
						},
						{
							"origin": [-3.0199, 20.6, 1.145],
							"size": [3.9999, 4.8, 1.875],
							"pivot": [0, 11, -1],
							"rotation": [-7.5, 0, 0],
							"uv": {
								"north": {"uv": [4, 84], "uv_size": [4, 5]},
								"east": {"uv": [45, 89], "uv_size": [2, 5]},
								"south": {"uv": [32, 84], "uv_size": [4, 5]},
								"west": {"uv": [48, 89], "uv_size": [2, 5]},
								"up": {"uv": [91, 56], "uv_size": [4, 2]},
								"down": {"uv": [91, 65], "uv_size": [4, -2]}
							}
						},
						{
							"origin": [-2.97, 27.5, 0.425],
							"size": [3.95, 4.05, 2],
							"pivot": [0, 9, 1],
							"rotation": [-52.5, 0, 0],
							"uv": {
								"north": {"uv": [48, 85], "uv_size": [4, 4]},
								"east": {"uv": [62, 89], "uv_size": [2, 4]},
								"south": {"uv": [85, 48], "uv_size": [4, 4]},
								"west": {"uv": [89, 63], "uv_size": [2, 4]},
								"up": {"uv": [60, 22], "uv_size": [4, 2]},
								"down": {"uv": [90, 6], "uv_size": [4, -2]}
							}
						},
						{
							"origin": [13.2, 32.6, -55.875],
							"size": [0.7, 1.4, 1.375],
							"pivot": [16, 13.5, -40.875],
							"rotation": [0, 0, -45],
							"uv": {
								"north": {"uv": [6, 102], "uv_size": [1, 1]},
								"east": {"uv": [102, 6], "uv_size": [1, 1]},
								"south": {"uv": [7, 102], "uv_size": [1, 1]},
								"west": {"uv": [102, 7], "uv_size": [1, 1]},
								"up": {"uv": [8, 102], "uv_size": [1, 1]},
								"down": {"uv": [102, 9], "uv_size": [1, -1]}
							}
						},
						{
							"origin": [-3, 25, -55.875],
							"size": [4, 0.5, 1.375],
							"uv": {
								"north": {"uv": [97, 66], "uv_size": [4, 1]},
								"east": {"uv": [9, 102], "uv_size": [1, 1]},
								"south": {"uv": [97, 67], "uv_size": [4, 1]},
								"west": {"uv": [102, 9], "uv_size": [1, 1]},
								"up": {"uv": [97, 68], "uv_size": [4, 1]},
								"down": {"uv": [97, 70], "uv_size": [4, -1]}
							}
						},
						{
							"origin": [-2, 25.5, -55.874],
							"size": [2, 1, 1.375],
							"uv": {
								"north": {"uv": [40, 100], "uv_size": [2, 1]},
								"east": {"uv": [10, 102], "uv_size": [1, 1]},
								"south": {"uv": [43, 100], "uv_size": [2, 1]},
								"west": {"uv": [102, 10], "uv_size": [1, 1]},
								"up": {"uv": [100, 48], "uv_size": [2, 1]},
								"down": {"uv": [49, 101], "uv_size": [2, -1]}
							}
						},
						{
							"origin": [-13.85, 27.63, -55.875],
							"size": [1, 1.4, 1.375],
							"pivot": [-11, 13.5, -40.875],
							"rotation": [0, 0, 45],
							"uv": {
								"north": {"uv": [11, 102], "uv_size": [1, 1]},
								"east": {"uv": [102, 11], "uv_size": [1, 1]},
								"south": {"uv": [12, 102], "uv_size": [1, 1]},
								"west": {"uv": [102, 12], "uv_size": [1, 1]},
								"up": {"uv": [13, 102], "uv_size": [1, 1]},
								"down": {"uv": [102, 14], "uv_size": [1, -1]}
							}
						}
					]
				},
				{
					"name": "bone",
					"parent": "Wood",
					"pivot": [-10.7811, 14.5964, -11.5009],
					"rotation": [1, 0, 0],
					"cubes": [
						{
							"origin": [12.64329, 33.31631, -53.73],
							"size": [0.9801, 1.37214, 17.7158],
							"pivot": [15.6816, 14.5964, -11.5009],
							"rotation": [0, 0, -45],
							"uv": {
								"north": {"uv": [101, 78], "uv_size": [1, 1]},
								"east": {"uv": [84, 43], "uv_size": [18, 1]},
								"south": {"uv": [79, 101], "uv_size": [1, 1]},
								"west": {"uv": [84, 44], "uv_size": [18, 1]},
								"up": {"uv": [47, 76], "uv_size": [1, 18]},
								"down": {"uv": [18, 99], "uv_size": [1, -18]}
							}
						},
						{
							"origin": [-1.9602, 26.3576, -53.73],
							"size": [1.9602, 0.9801, 17.7158],
							"uv": {
								"north": {"uv": [99, 74], "uv_size": [2, 1]},
								"east": {"uv": [85, 18], "uv_size": [18, 1]},
								"south": {"uv": [77, 99], "uv_size": [2, 1]},
								"west": {"uv": [85, 19], "uv_size": [18, 1]},
								"up": {"uv": [39, 76], "uv_size": [2, 18]},
								"down": {"uv": [41, 94], "uv_size": [2, -18]}
							}
						},
						{
							"origin": [-13.57438, 28.44521, -53.73],
							"size": [0.9801, 1.37214, 17.7158],
							"pivot": [-10.7811, 14.5964, -11.5009],
							"rotation": [0, 0, 45],
							"uv": {
								"north": {"uv": [101, 79], "uv_size": [1, 1]},
								"east": {"uv": [85, 20], "uv_size": [18, 1]},
								"south": {"uv": [81, 101], "uv_size": [1, 1]},
								"west": {"uv": [85, 21], "uv_size": [18, 1]},
								"up": {"uv": [19, 81], "uv_size": [1, 18]},
								"down": {"uv": [77, 99], "uv_size": [1, -18]}
							}
						},
						{
							"origin": [-13.57438, 28.44521, -25.98],
							"size": [0.9801, 1.37214, 4.7158],
							"pivot": [-10.7811, 14.5964, 5.7491],
							"rotation": [0, 0, 45],
							"uv": {
								"north": {"uv": [16, 102], "uv_size": [1, 1]},
								"east": {"uv": [94, 24], "uv_size": [5, 1]},
								"south": {"uv": [102, 16], "uv_size": [1, 1]},
								"west": {"uv": [94, 25], "uv_size": [5, 1]},
								"up": {"uv": [36, 94], "uv_size": [1, 5]},
								"down": {"uv": [37, 99], "uv_size": [1, -5]}
							}
						},
						{
							"origin": [-1.9602, 26.3576, -25.98],
							"size": [1.9602, 0.9801, 4.7158],
							"uv": {
								"north": {"uv": [71, 100], "uv_size": [2, 1]},
								"east": {"uv": [94, 6], "uv_size": [5, 1]},
								"south": {"uv": [73, 100], "uv_size": [2, 1]},
								"west": {"uv": [94, 7], "uv_size": [5, 1]},
								"up": {"uv": [54, 89], "uv_size": [2, 5]},
								"down": {"uv": [60, 94], "uv_size": [2, -5]}
							}
						},
						{
							"origin": [12.64329, 33.31631, -25.98],
							"size": [0.9801, 1.37214, 4.7158],
							"pivot": [15.6816, 14.5964, 5.7491],
							"rotation": [0, 0, -45],
							"uv": {
								"north": {"uv": [15, 102], "uv_size": [1, 1]},
								"east": {"uv": [94, 4], "uv_size": [5, 1]},
								"south": {"uv": [102, 15], "uv_size": [1, 1]},
								"west": {"uv": [94, 5], "uv_size": [5, 1]},
								"up": {"uv": [20, 94], "uv_size": [1, 5]},
								"down": {"uv": [21, 99], "uv_size": [1, -5]}
							}
						},
						{
							"origin": [12.67723, 30.35025, -27.53],
							"size": [0.9801, 1.37214, 0.5],
							"pivot": [15.6816, 11.5964, 6.9991],
							"rotation": [-3.54002, -3.53329, -44.89078],
							"uv": {
								"north": {"uv": [102, 23], "uv_size": [1, 1]},
								"east": {"uv": [24, 102], "uv_size": [1, 1]},
								"south": {"uv": [102, 24], "uv_size": [1, 1]},
								"west": {"uv": [25, 102], "uv_size": [1, 1]},
								"up": {"uv": [102, 25], "uv_size": [1, 1]},
								"down": {"uv": [26, 103], "uv_size": [1, -1]}
							}
						},
						{
							"origin": [-1.9602, 23.40559, -27.78],
							"size": [1.9602, 0.9801, 0.5],
							"pivot": [0, 8.6561, 6.9991],
							"rotation": [-5, 0, 0],
							"uv": {
								"north": {"uv": [100, 73], "uv_size": [2, 1]},
								"east": {"uv": [102, 22], "uv_size": [1, 1]},
								"south": {"uv": [100, 75], "uv_size": [2, 1]},
								"west": {"uv": [23, 102], "uv_size": [1, 1]},
								"up": {"uv": [76, 100], "uv_size": [2, 1]},
								"down": {"uv": [100, 77], "uv_size": [2, -1]}
							}
						},
						{
							"origin": [-13.60832, 25.47915, -27.53],
							"size": [0.9801, 1.37214, 0.5],
							"pivot": [-10.7811, 11.5964, 6.9991],
							"rotation": [-3.54002, 3.53329, 44.89078],
							"uv": {
								"north": {"uv": [17, 102], "uv_size": [1, 1]},
								"east": {"uv": [18, 102], "uv_size": [1, 1]},
								"south": {"uv": [19, 102], "uv_size": [1, 1]},
								"west": {"uv": [20, 102], "uv_size": [1, 1]},
								"up": {"uv": [21, 102], "uv_size": [1, 1]},
								"down": {"uv": [22, 103], "uv_size": [1, -1]}
							}
						}
					]
				},
				{
					"name": "Metal",
					"parent": "gun",
					"pivot": [0, 8, 1],
					"cubes": [
						{
							"origin": [-3, 25, -21],
							"size": [3, 1, 6],
							"uv": {
								"north": {"uv": [98, 29], "uv_size": [3, 1]},
								"east": {"uv": [92, 32], "uv_size": [6, 1]},
								"south": {"uv": [98, 32], "uv_size": [3, 1]},
								"west": {"uv": [92, 33], "uv_size": [6, 1]},
								"up": {"uv": [72, 63], "uv_size": [3, 6]},
								"down": {"uv": [84, 88], "uv_size": [3, -6]}
							}
						},
						{
							"origin": [0, 25, -21],
							"size": [1, 1, 11],
							"uv": {
								"north": {"uv": [17, 101], "uv_size": [1, 1]},
								"east": {"uv": [88, 35], "uv_size": [11, 1]},
								"south": {"uv": [18, 101], "uv_size": [1, 1]},
								"west": {"uv": [89, 48], "uv_size": [11, 1]},
								"up": {"uv": [11, 88], "uv_size": [1, 11]},
								"down": {"uv": [38, 99], "uv_size": [1, -11]}
							}
						},
						{
							"origin": [0, 25, -4.75],
							"size": [1, 1, 5.075],
							"uv": {
								"north": {"uv": [53, 102], "uv_size": [1, 1]},
								"east": {"uv": [94, 41], "uv_size": [5, 1]},
								"south": {"uv": [102, 53], "uv_size": [1, 1]},
								"west": {"uv": [94, 42], "uv_size": [5, 1]},
								"up": {"uv": [39, 94], "uv_size": [1, 5]},
								"down": {"uv": [40, 99], "uv_size": [1, -5]}
							}
						},
						{
							"origin": [1, 24.5, -4.75],
							"size": [0.5, 1.25, 4.95],
							"uv": {
								"north": {"uv": [54, 102], "uv_size": [1, 1]},
								"east": {"uv": [45, 94], "uv_size": [5, 1]},
								"south": {"uv": [102, 54], "uv_size": [1, 1]},
								"west": {"uv": [94, 45], "uv_size": [5, 1]},
								"up": {"uv": [41, 94], "uv_size": [1, 5]},
								"down": {"uv": [42, 99], "uv_size": [1, -5]}
							}
						},
						{
							"origin": [0, 25, -10],
							"size": [1, 1, 5.325],
							"uv": {
								"north": {"uv": [86, 101], "uv_size": [1, 1]},
								"east": {"uv": [93, 75], "uv_size": [5, 1]},
								"south": {"uv": [87, 101], "uv_size": [1, 1]},
								"west": {"uv": [93, 76], "uv_size": [5, 1]},
								"up": {"uv": [9, 94], "uv_size": [1, 5]},
								"down": {"uv": [10, 99], "uv_size": [1, -5]}
							}
						},
						{
							"origin": [-3, 25, -4.8],
							"size": [1, 1, 3.5],
							"uv": {
								"north": {"uv": [101, 27], "uv_size": [1, 1]},
								"east": {"uv": [95, 13], "uv_size": [4, 1]},
								"south": {"uv": [28, 101], "uv_size": [1, 1]},
								"west": {"uv": [95, 22], "uv_size": [4, 1]},
								"up": {"uv": [24, 95], "uv_size": [1, 4]},
								"down": {"uv": [25, 99], "uv_size": [1, -4]}
							}
						},
						{
							"origin": [13.2, 33.1, -21],
							"size": [0.7, 1.4, 6],
							"pivot": [16, 14, 0],
							"rotation": [0, 0, -45],
							"uv": {
								"north": {"uv": [11, 101], "uv_size": [1, 1]},
								"east": {"uv": [92, 34], "uv_size": [6, 1]},
								"south": {"uv": [101, 11], "uv_size": [1, 1]},
								"west": {"uv": [92, 36], "uv_size": [6, 1]},
								"up": {"uv": [34, 92], "uv_size": [1, 6]},
								"down": {"uv": [35, 98], "uv_size": [1, -6]}
							}
						},
						{
							"origin": [13.2, 33.1, -15],
							"size": [0.7, 0.9, 10.25],
							"pivot": [16, 14, 0],
							"rotation": [0, 0, -45],
							"uv": {
								"north": {"uv": [101, 84], "uv_size": [1, 1]},
								"east": {"uv": [89, 49], "uv_size": [10, 1]},
								"south": {"uv": [85, 101], "uv_size": [1, 1]},
								"west": {"uv": [89, 50], "uv_size": [10, 1]},
								"up": {"uv": [50, 89], "uv_size": [1, 10]},
								"down": {"uv": [51, 99], "uv_size": [1, -10]}
							}
						},
						{
							"origin": [-2, 26, -20.999],
							"size": [2, 1, 6],
							"uv": {
								"north": {"uv": [99, 8], "uv_size": [2, 1]},
								"east": {"uv": [92, 37], "uv_size": [6, 1]},
								"south": {"uv": [9, 99], "uv_size": [2, 1]},
								"west": {"uv": [92, 77], "uv_size": [6, 1]},
								"up": {"uv": [9, 88], "uv_size": [2, 6]},
								"down": {"uv": [36, 94], "uv_size": [2, -6]}
							}
						},
						{
							"origin": [-3.05, 23.5, -15.499],
							"size": [1.05, 1.625, 11.375],
							"uv": {
								"north": {"uv": [100, 83], "uv_size": [1, 2]},
								"east": {"uv": [79, 30], "uv_size": [11, 2]},
								"south": {"uv": [84, 100], "uv_size": [1, 2]},
								"west": {"uv": [83, 58], "uv_size": [11, 2]},
								"up": {"uv": [43, 89], "uv_size": [1, 11]},
								"down": {"uv": [44, 100], "uv_size": [1, -11]}
							}
						},
						{
							"origin": [-13.85, 28.13, -21],
							"size": [1, 1.4, 6],
							"pivot": [-11, 14, 0],
							"rotation": [0, 0, 45],
							"uv": {
								"north": {"uv": [12, 101], "uv_size": [1, 1]},
								"east": {"uv": [92, 78], "uv_size": [6, 1]},
								"south": {"uv": [101, 12], "uv_size": [1, 1]},
								"west": {"uv": [92, 79], "uv_size": [6, 1]},
								"up": {"uv": [64, 92], "uv_size": [1, 6]},
								"down": {"uv": [65, 98], "uv_size": [1, -6]}
							}
						},
						{
							"origin": [13.2, 33.1, -4.801],
							"size": [0.7, 1.4, 5.125],
							"pivot": [16, 14, 9],
							"rotation": [0, 0, -45],
							"uv": {
								"north": {"uv": [15, 101], "uv_size": [1, 1]},
								"east": {"uv": [93, 72], "uv_size": [5, 1]},
								"south": {"uv": [101, 15], "uv_size": [1, 1]},
								"west": {"uv": [93, 73], "uv_size": [5, 1]},
								"up": {"uv": [63, 93], "uv_size": [1, 5]},
								"down": {"uv": [93, 95], "uv_size": [1, -5]}
							}
						},
						{
							"origin": [-2, 26, -3.925],
							"size": [2, 1, 2.625],
							"uv": {
								"north": {"uv": [99, 9], "uv_size": [2, 1]},
								"east": {"uv": [98, 33], "uv_size": [3, 1]},
								"south": {"uv": [99, 10], "uv_size": [2, 1]},
								"west": {"uv": [98, 34], "uv_size": [3, 1]},
								"up": {"uv": [66, 92], "uv_size": [2, 3]},
								"down": {"uv": [84, 95], "uv_size": [2, -3]}
							}
						},
						{
							"origin": [-0.25, 26.75, -4.8],
							"size": [0.25, 0.375, 0.875],
							"uv": {
								"north": {"uv": [74, 101], "uv_size": [1, 1]},
								"east": {"uv": [101, 74], "uv_size": [1, 1]},
								"south": {"uv": [75, 101], "uv_size": [1, 1]},
								"west": {"uv": [76, 101], "uv_size": [1, 1]},
								"up": {"uv": [77, 101], "uv_size": [1, 1]},
								"down": {"uv": [78, 102], "uv_size": [1, -1]}
							}
						},
						{
							"origin": [-2, 26.75, -4.8],
							"size": [0.25, 0.375, 0.875],
							"uv": {
								"north": {"uv": [74, 101], "uv_size": [1, 1]},
								"east": {"uv": [101, 74], "uv_size": [1, 1]},
								"south": {"uv": [75, 101], "uv_size": [1, 1]},
								"west": {"uv": [76, 101], "uv_size": [1, 1]},
								"up": {"uv": [77, 101], "uv_size": [1, 1]},
								"down": {"uv": [78, 102], "uv_size": [1, -1]}
							}
						},
						{
							"origin": [-1.75, 26.75, -4.175],
							"size": [1.5, 0.375, 0.25],
							"uv": {
								"north": {"uv": [74, 101], "uv_size": [1, 1]},
								"east": {"uv": [101, 74], "uv_size": [1, 1]},
								"south": {"uv": [75, 101], "uv_size": [1, 1]},
								"west": {"uv": [76, 101], "uv_size": [1, 1]},
								"up": {"uv": [77, 101], "uv_size": [1, 1]},
								"down": {"uv": [78, 102], "uv_size": [1, -1]}
							}
						},
						{
							"origin": [-13.85, 28.13, -4.801],
							"size": [1, 1.4, 3.5],
							"pivot": [-11, 14, 9],
							"rotation": [0, 0, 45],
							"uv": {
								"north": {"uv": [101, 13], "uv_size": [1, 1]},
								"east": {"uv": [95, 8], "uv_size": [4, 1]},
								"south": {"uv": [101, 14], "uv_size": [1, 1]},
								"west": {"uv": [95, 9], "uv_size": [4, 1]},
								"up": {"uv": [6, 95], "uv_size": [1, 4]},
								"down": {"uv": [7, 99], "uv_size": [1, -4]}
							}
						},
						{
							"origin": [-13.71013, 27.84592, -54.5348],
							"size": [0.9899, 1.38586, 1.5],
							"pivot": [-10.88891, 13.85861, -23.87841],
							"rotation": [0, 0, 45],
							"uv": {
								"north": {"uv": [19, 101], "uv_size": [1, 1]},
								"east": {"uv": [11, 99], "uv_size": [2, 1]},
								"south": {"uv": [20, 101], "uv_size": [1, 1]},
								"west": {"uv": [99, 11], "uv_size": [2, 1]},
								"up": {"uv": [76, 98], "uv_size": [1, 2]},
								"down": {"uv": [86, 100], "uv_size": [1, -2]}
							}
						},
						{
							"origin": [-3.03, 25.25, -54.555],
							"size": [4.04, 0.505, 1.5],
							"uv": {
								"north": {"uv": [12, 95], "uv_size": [4, 1]},
								"east": {"uv": [99, 12], "uv_size": [2, 1]},
								"south": {"uv": [95, 12], "uv_size": [4, 1]},
								"west": {"uv": [13, 99], "uv_size": [2, 1]},
								"up": {"uv": [91, 10], "uv_size": [4, 2]},
								"down": {"uv": [91, 14], "uv_size": [4, -2]}
							}
						},
						{
							"origin": [-1.03, -3.1, -54.555],
							"size": [4.04, 4.42, 1.5],
							"pivot": [0, 11.11, -13.02],
							"rotation": [0, 0, 180],
							"uv": {
								"north": {"uv": [52, 85], "uv_size": [4, 4]},
								"east": {"uv": [22, 91], "uv_size": [2, 4]},
								"south": {"uv": [85, 52], "uv_size": [4, 4]},
								"west": {"uv": [24, 91], "uv_size": [2, 4]},
								"up": {"uv": [91, 22], "uv_size": [4, 2]},
								"down": {"uv": [56, 93], "uv_size": [4, -2]}
							}
						},
						{
							"origin": [12.76972, 32.76572, -54.5348],
							"size": [0.9899, 1.38586, 1.5],
							"pivot": [15.83842, 13.85861, -23.87841],
							"rotation": [0, 0, -45],
							"uv": {
								"north": {"uv": [101, 22], "uv_size": [1, 1]},
								"east": {"uv": [99, 13], "uv_size": [2, 1]},
								"south": {"uv": [101, 23], "uv_size": [1, 1]},
								"west": {"uv": [99, 14], "uv_size": [2, 1]},
								"up": {"uv": [92, 98], "uv_size": [1, 2]},
								"down": {"uv": [16, 101], "uv_size": [1, -2]}
							}
						},
						{
							"origin": [-1.9798, 25.73743, -54.5348],
							"size": [1.9798, 0.9899, 1.5],
							"uv": {
								"north": {"uv": [99, 15], "uv_size": [2, 1]},
								"east": {"uv": [17, 99], "uv_size": [2, 1]},
								"south": {"uv": [19, 99], "uv_size": [2, 1]},
								"west": {"uv": [21, 99], "uv_size": [2, 1]},
								"up": {"uv": [16, 95], "uv_size": [2, 2]},
								"down": {"uv": [22, 97], "uv_size": [2, -2]}
							}
						},
						{
							"origin": [-1.03, -2.96, -89.055],
							"size": [4.04, 3.56, 2.625],
							"pivot": [0, 11.11, -50.02],
							"rotation": [0, 0, 180],
							"uv": {
								"north": {"uv": [86, 4], "uv_size": [4, 4]},
								"east": {"uv": [84, 88], "uv_size": [3, 4]},
								"south": {"uv": [87, 8], "uv_size": [4, 4]},
								"west": {"uv": [88, 86], "uv_size": [3, 4]},
								"up": {"uv": [0, 89], "uv_size": [4, 3]},
								"down": {"uv": [4, 92], "uv_size": [4, -3]}
							}
						},
						{
							"origin": [-0.155, -3.835, -86.68],
							"size": [2.29, 3.56, 7.75],
							"pivot": [0, 10.235, -46.77],
							"rotation": [1.3, 0, 180],
							"uv": {
								"north": {"uv": [91, 70], "uv_size": [2, 4]},
								"east": {"uv": [76, 41], "uv_size": [8, 4]},
								"south": {"uv": [72, 91], "uv_size": [2, 4]},
								"west": {"uv": [77, 54], "uv_size": [8, 4]},
								"up": {"uv": [81, 86], "uv_size": [2, 8]},
								"down": {"uv": [87, 68], "uv_size": [2, -8]}
							}
						},
						{
							"origin": [12.76972, 32.19572, -89.0348],
							"size": [0.9899, 1.38586, 2.5],
							"pivot": [15.83842, 13.28861, -56.87841],
							"rotation": [0, 0, -45],
							"uv": {
								"north": {"uv": [101, 26], "uv_size": [1, 1]},
								"east": {"uv": [98, 55], "uv_size": [3, 1]},
								"south": {"uv": [27, 101], "uv_size": [1, 1]},
								"west": {"uv": [57, 98], "uv_size": [3, 1]},
								"up": {"uv": [15, 98], "uv_size": [1, 3]},
								"down": {"uv": [31, 101], "uv_size": [1, -3]}
							}
						},
						{
							"origin": [-1.9798, 25.16743, -89.0348],
							"size": [1.9798, 0.9899, 2.5],
							"uv": {
								"north": {"uv": [99, 22], "uv_size": [2, 1]},
								"east": {"uv": [45, 98], "uv_size": [3, 1]},
								"south": {"uv": [23, 99], "uv_size": [2, 1]},
								"west": {"uv": [54, 98], "uv_size": [3, 1]},
								"up": {"uv": [89, 92], "uv_size": [2, 3]},
								"down": {"uv": [91, 95], "uv_size": [2, -3]}
							}
						},
						{
							"origin": [-1.49, 24.54243, -100.5348],
							"size": [0.95, 2.2, 2.063],
							"uv": {
								"north": {"uv": [27, 99], "uv_size": [1, 2]},
								"east": {"uv": [28, 95], "uv_size": [2, 2]},
								"south": {"uv": [28, 99], "uv_size": [1, 2]},
								"west": {"uv": [30, 95], "uv_size": [2, 2]},
								"up": {"uv": [29, 99], "uv_size": [1, 2]},
								"down": {"uv": [30, 101], "uv_size": [1, -2]}
							}
						},
						{
							"origin": [-13.71013, 27.27592, -89.0348],
							"size": [0.9899, 1.38586, 2.5],
							"pivot": [-10.88891, 13.28861, -56.87841],
							"rotation": [0, 0, 45],
							"uv": {
								"north": {"uv": [101, 24], "uv_size": [1, 1]},
								"east": {"uv": [98, 36], "uv_size": [3, 1]},
								"south": {"uv": [101, 25], "uv_size": [1, 1]},
								"west": {"uv": [98, 37], "uv_size": [3, 1]},
								"up": {"uv": [84, 97], "uv_size": [1, 3]},
								"down": {"uv": [85, 100], "uv_size": [1, -3]}
							}
						},
						{
							"origin": [-1.225, 24.5, -99.125],
							"size": [0.45, 3.15, 0.5],
							"uv": {
								"north": {"uv": [34, 98], "uv_size": [1, 3]},
								"east": {"uv": [35, 98], "uv_size": [1, 3]},
								"south": {"uv": [48, 98], "uv_size": [1, 3]},
								"west": {"uv": [60, 98], "uv_size": [1, 3]},
								"up": {"uv": [101, 28], "uv_size": [1, 1]},
								"down": {"uv": [29, 102], "uv_size": [1, -1]}
							}
						},
						{
							"origin": [-1.225, 24.5, -100.5],
							"size": [0.45, 2.775, 1.375],
							"uv": {
								"north": {"uv": [67, 98], "uv_size": [1, 3]},
								"east": {"uv": [68, 98], "uv_size": [1, 3]},
								"south": {"uv": [69, 98], "uv_size": [1, 3]},
								"west": {"uv": [70, 98], "uv_size": [1, 3]},
								"up": {"uv": [56, 102], "uv_size": [1, 1]},
								"down": {"uv": [102, 57], "uv_size": [1, -1]}
							}
						},
						{
							"origin": [-1.225, 78.225, -91.5],
							"size": [0.45, 0.4, 1.5],
							"pivot": [0, 11.75, 138.125],
							"rotation": [12.5, 0, 0],
							"uv": {
								"north": {"uv": [57, 102], "uv_size": [1, 1]},
								"east": {"uv": [100, 87], "uv_size": [2, 1]},
								"south": {"uv": [102, 57], "uv_size": [1, 1]},
								"west": {"uv": [100, 88], "uv_size": [2, 1]},
								"up": {"uv": [89, 100], "uv_size": [1, 2]},
								"down": {"uv": [100, 91], "uv_size": [1, -2]}
							}
						},
						{
							"origin": [-2, 24, -100.75],
							"size": [2, 2, 79.75],
							"uv": {
								"north": {"uv": [54, 94], "uv_size": [2, 2]},
								"east": {"uv": [32, 0], "uv_size": [80, 2]},
								"south": {"uv": [60, 94], "uv_size": [2, 2]},
								"west": {"uv": [32, 2], "uv_size": [80, 2]},
								"up": {"uv": [32, 4], "uv_size": [2, 80]},
								"down": {"uv": [34, 84], "uv_size": [2, -80]}
							}
						},
						{
							"origin": [-1.875, 24.125, -102],
							"size": [1.75, 1.75, 1.25],
							"uv": {
								"north": {"uv": [16, 97], "uv_size": [2, 2]},
								"east": {"uv": [100, 51], "uv_size": [1, 2]},
								"south": {"uv": [22, 97], "uv_size": [2, 2]},
								"west": {"uv": [100, 53], "uv_size": [1, 2]},
								"up": {"uv": [57, 100], "uv_size": [2, 1]},
								"down": {"uv": [64, 101], "uv_size": [2, -1]}
							}
						},
						{
							"origin": [-1.375, 22.125, -99.375],
							"size": [0.75, 0.75, 10.375],
							"uv": {
								"north": {"uv": [90, 101], "uv_size": [1, 1]},
								"east": {"uv": [89, 51], "uv_size": [10, 1]},
								"south": {"uv": [101, 90], "uv_size": [1, 1]},
								"west": {"uv": [89, 52], "uv_size": [10, 1]},
								"up": {"uv": [52, 89], "uv_size": [1, 10]},
								"down": {"uv": [53, 99], "uv_size": [1, -10]}
							}
						},
						{
							"origin": [-1.75, 20.5, -88.625],
							"size": [1.375, 0.375, 1.75],
							"uv": {
								"north": {"uv": [93, 101], "uv_size": [1, 1]},
								"east": {"uv": [97, 99], "uv_size": [2, 1]},
								"south": {"uv": [94, 101], "uv_size": [1, 1]},
								"west": {"uv": [99, 99], "uv_size": [2, 1]},
								"up": {"uv": [0, 100], "uv_size": [1, 2]},
								"down": {"uv": [1, 102], "uv_size": [1, -2]}
							}
						},
						{
							"origin": [-1.375, 20.875, -88.625],
							"size": [0.75, 0.375, 1.75],
							"uv": {
								"north": {"uv": [101, 94], "uv_size": [1, 1]},
								"east": {"uv": [2, 100], "uv_size": [2, 1]},
								"south": {"uv": [95, 101], "uv_size": [1, 1]},
								"west": {"uv": [4, 100], "uv_size": [2, 1]},
								"up": {"uv": [6, 100], "uv_size": [1, 2]},
								"down": {"uv": [7, 102], "uv_size": [1, -2]}
							}
						},
						{
							"origin": [-1.75, 21.25, -88.625],
							"size": [1.375, 0.375, 1.75],
							"uv": {
								"north": {"uv": [101, 95], "uv_size": [1, 1]},
								"east": {"uv": [9, 100], "uv_size": [2, 1]},
								"south": {"uv": [96, 101], "uv_size": [1, 1]},
								"west": {"uv": [11, 100], "uv_size": [2, 1]},
								"up": {"uv": [13, 100], "uv_size": [1, 2]},
								"down": {"uv": [14, 102], "uv_size": [1, -2]}
							}
						},
						{
							"origin": [-1.625, 22, -100.875],
							"size": [1.125, 1, 3.625],
							"uv": {
								"north": {"uv": [91, 101], "uv_size": [1, 1]},
								"east": {"uv": [97, 63], "uv_size": [4, 1]},
								"south": {"uv": [92, 101], "uv_size": [1, 1]},
								"west": {"uv": [97, 64], "uv_size": [4, 1]},
								"up": {"uv": [87, 95], "uv_size": [1, 4]},
								"down": {"uv": [93, 99], "uv_size": [1, -4]}
							}
						},
						{
							"origin": [-2.135, 22.6, 37.02],
							"size": [2.27, 0.9, 1],
							"pivot": [0, 8, 1],
							"rotation": [-5, 0, 0],
							"uv": {
								"north": {"uv": [99, 23], "uv_size": [2, 1]},
								"east": {"uv": [101, 30], "uv_size": [1, 1]},
								"south": {"uv": [99, 24], "uv_size": [2, 1]},
								"west": {"uv": [31, 101], "uv_size": [1, 1]},
								"up": {"uv": [25, 99], "uv_size": [2, 1]},
								"down": {"uv": [99, 26], "uv_size": [2, -1]}
							}
						},
						{
							"origin": [22.74, 22.6, 29.02],
							"size": [0.895, 0.9, 1.25],
							"pivot": [0, 8, 1],
							"rotation": [-6.76733, -42.30053, 4.56615],
							"uv": {
								"north": {"uv": [101, 31], "uv_size": [1, 1]},
								"east": {"uv": [32, 101], "uv_size": [1, 1]},
								"south": {"uv": [101, 32], "uv_size": [1, 1]},
								"west": {"uv": [33, 101], "uv_size": [1, 1]},
								"up": {"uv": [101, 33], "uv_size": [1, 1]},
								"down": {"uv": [34, 102], "uv_size": [1, -1]}
							}
						},
						{
							"origin": [37.75, 50.75, -33.749],
							"size": [1.625, 0.625, 0.625],
							"pivot": [37.125, 22.875, -4.5],
							"rotation": [-45, 0, -90],
							"uv": {
								"north": {"uv": [85, 100], "uv_size": [2, 1]},
								"east": {"uv": [55, 102], "uv_size": [1, 1]},
								"south": {"uv": [100, 85], "uv_size": [2, 1]},
								"west": {"uv": [102, 55], "uv_size": [1, 1]},
								"up": {"uv": [100, 86], "uv_size": [2, 1]},
								"down": {"uv": [87, 101], "uv_size": [2, -1]}
							}
						},
						{
							"origin": [-25.135, 22.6, 27.645],
							"size": [0.895, 0.9, 1.25],
							"pivot": [0, 8, 1],
							"rotation": [-6.76733, 42.30053, -4.56615],
							"uv": {
								"north": {"uv": [101, 34], "uv_size": [1, 1]},
								"east": {"uv": [35, 101], "uv_size": [1, 1]},
								"south": {"uv": [101, 35], "uv_size": [1, 1]},
								"west": {"uv": [101, 36], "uv_size": [1, 1]},
								"up": {"uv": [101, 37], "uv_size": [1, 1]},
								"down": {"uv": [40, 102], "uv_size": [1, -1]}
							}
						},
						{
							"origin": [-1.875, 24.125, -102.125],
							"size": [0.25, 1.75, 0.125],
							"uv": {
								"north": {"uv": [23, 100], "uv_size": [1, 2]},
								"east": {"uv": [24, 100], "uv_size": [1, 2]},
								"south": {"uv": [25, 100], "uv_size": [1, 2]},
								"west": {"uv": [26, 100], "uv_size": [1, 2]},
								"up": {"uv": [101, 97], "uv_size": [1, 1]},
								"down": {"uv": [98, 102], "uv_size": [1, -1]}
							}
						},
						{
							"origin": [-1.625, 25.625, -102.125],
							"size": [1.25, 0.25, 0.125],
							"uv": {
								"north": {"uv": [101, 98], "uv_size": [1, 1]},
								"east": {"uv": [99, 101], "uv_size": [1, 1]},
								"south": {"uv": [101, 99], "uv_size": [1, 1]},
								"west": {"uv": [100, 101], "uv_size": [1, 1]},
								"up": {"uv": [101, 100], "uv_size": [1, 1]},
								"down": {"uv": [101, 102], "uv_size": [1, -1]}
							}
						},
						{
							"origin": [-0.375, 24.125, -102.125],
							"size": [0.25, 1.75, 0.125],
							"uv": {
								"north": {"uv": [36, 100], "uv_size": [1, 2]},
								"east": {"uv": [37, 100], "uv_size": [1, 2]},
								"south": {"uv": [38, 100], "uv_size": [1, 2]},
								"west": {"uv": [39, 100], "uv_size": [1, 2]},
								"up": {"uv": [0, 102], "uv_size": [1, 1]},
								"down": {"uv": [1, 103], "uv_size": [1, -1]}
							}
						},
						{
							"origin": [-1.625, 24.125, -102.125],
							"size": [1.25, 0.25, 0.125],
							"uv": {
								"north": {"uv": [2, 102], "uv_size": [1, 1]},
								"east": {"uv": [3, 102], "uv_size": [1, 1]},
								"south": {"uv": [4, 102], "uv_size": [1, 1]},
								"west": {"uv": [102, 4], "uv_size": [1, 1]},
								"up": {"uv": [5, 102], "uv_size": [1, 1]},
								"down": {"uv": [102, 6], "uv_size": [1, -1]}
							}
						},
						{
							"origin": [-1.875, 56.22, -35.28],
							"size": [1.875, 0.75, 0.75],
							"pivot": [-1.375, 42.375, -51.9],
							"rotation": [-135, 0, 0],
							"uv": {
								"north": {"uv": [100, 91], "uv_size": [2, 1]},
								"east": {"uv": [58, 102], "uv_size": [1, 1]},
								"south": {"uv": [92, 100], "uv_size": [2, 1]},
								"west": {"uv": [102, 58], "uv_size": [1, 1]},
								"up": {"uv": [100, 92], "uv_size": [2, 1]},
								"down": {"uv": [100, 94], "uv_size": [2, -1]}
							}
						},
						{
							"origin": [-1.625, 20.25, -54.555],
							"size": [1.375, 1, 1.375],
							"uv": {
								"north": {"uv": [59, 102], "uv_size": [1, 1]},
								"east": {"uv": [102, 59], "uv_size": [1, 1]},
								"south": {"uv": [60, 102], "uv_size": [1, 1]},
								"west": {"uv": [102, 60], "uv_size": [1, 1]},
								"up": {"uv": [61, 102], "uv_size": [1, 1]},
								"down": {"uv": [102, 62], "uv_size": [1, -1]}
							}
						},
						{
							"origin": [-1.625, -35.625, -86],
							"size": [1.375, 1, 1],
							"pivot": [-0.5, -45.625, -2.875],
							"rotation": [-45, 0, 0],
							"uv": {
								"north": {"uv": [62, 102], "uv_size": [1, 1]},
								"east": {"uv": [102, 62], "uv_size": [1, 1]},
								"south": {"uv": [63, 102], "uv_size": [1, 1]},
								"west": {"uv": [102, 63], "uv_size": [1, 1]},
								"up": {"uv": [64, 102], "uv_size": [1, 1]},
								"down": {"uv": [102, 65], "uv_size": [1, -1]}
							}
						},
						{
							"origin": [-3.135, 11.6, 38.02],
							"size": [4.27, 13.15, 1],
							"pivot": [0, 8, 1],
							"rotation": [-5, 0, 0],
							"uv": {
								"north": {"uv": [28, 70], "uv_size": [4, 13]},
								"east": {"uv": [87, 82], "uv_size": [1, 13]},
								"south": {"uv": [64, 70], "uv_size": [4, 13]},
								"west": {"uv": [8, 88], "uv_size": [1, 13]},
								"up": {"uv": [97, 65], "uv_size": [4, 1]},
								"down": {"uv": [66, 98], "uv_size": [4, -1]}
							}
						},
						{
							"origin": [-2.26, 23.725, 32.395],
							"size": [2.52, 1.025, 5.625],
							"pivot": [0, 8, 1],
							"rotation": [-5, 0, 0],
							"uv": {
								"north": {"uv": [71, 98], "uv_size": [3, 1]},
								"east": {"uv": [93, 70], "uv_size": [6, 1]},
								"south": {"uv": [98, 72], "uv_size": [3, 1]},
								"west": {"uv": [93, 71], "uv_size": [6, 1]},
								"up": {"uv": [22, 85], "uv_size": [3, 6]},
								"down": {"uv": [25, 91], "uv_size": [3, -6]}
							}
						},
						{
							"origin": [12.64329, 33.19131, -21.48],
							"size": [0.9801, 1.37214, 0.4658],
							"pivot": [15.6816, 14.4714, -3.6259],
							"rotation": [0, 0, -45],
							"uv": {
								"north": {"uv": [2, 101], "uv_size": [1, 1]},
								"east": {"uv": [3, 101], "uv_size": [1, 1]},
								"south": {"uv": [4, 101], "uv_size": [1, 1]},
								"west": {"uv": [101, 4], "uv_size": [1, 1]},
								"up": {"uv": [5, 101], "uv_size": [1, 1]},
								"down": {"uv": [101, 6], "uv_size": [1, -1]}
							}
						},
						{
							"origin": [-1.9602, 26.2326, -21.48],
							"size": [1.9602, 0.9801, 0.4658],
							"uv": {
								"north": {"uv": [98, 73], "uv_size": [2, 1]},
								"east": {"uv": [101, 6], "uv_size": [1, 1]},
								"south": {"uv": [74, 98], "uv_size": [2, 1]},
								"west": {"uv": [101, 7], "uv_size": [1, 1]},
								"up": {"uv": [98, 75], "uv_size": [2, 1]},
								"down": {"uv": [98, 77], "uv_size": [2, -1]}
							}
						},
						{
							"origin": [-13.57438, 28.32021, -21.48],
							"size": [0.9801, 1.37214, 0.4658],
							"pivot": [-10.7811, 14.4714, -3.6259],
							"rotation": [0, 0, 45],
							"uv": {
								"north": {"uv": [8, 101], "uv_size": [1, 1]},
								"east": {"uv": [101, 8], "uv_size": [1, 1]},
								"south": {"uv": [9, 101], "uv_size": [1, 1]},
								"west": {"uv": [101, 9], "uv_size": [1, 1]},
								"up": {"uv": [10, 101], "uv_size": [1, 1]},
								"down": {"uv": [101, 11], "uv_size": [1, -1]}
							}
						},
						{
							"origin": [-3, 25, -21.5],
							"size": [4, 1.25, 0.5],
							"uv": {
								"north": {"uv": [28, 97], "uv_size": [4, 1]},
								"east": {"uv": [101, 81], "uv_size": [1, 1]},
								"south": {"uv": [45, 97], "uv_size": [4, 1]},
								"west": {"uv": [82, 101], "uv_size": [1, 1]},
								"up": {"uv": [54, 97], "uv_size": [4, 1]},
								"down": {"uv": [58, 98], "uv_size": [4, -1]}
							}
						}
					]
				},
				{
					"name": "Sight",
					"parent": "Metal",
					"pivot": [0, 14.75, -14.5],
					"cubes": [
						{
							"origin": [-0.375, 26.625, -35.874],
							"size": [1, 0.375, 7.25],
							"uv": {
								"north": {"uv": [101, 82], "uv_size": [1, 1]},
								"east": {"uv": [91, 86], "uv_size": [7, 1]},
								"south": {"uv": [101, 83], "uv_size": [1, 1]},
								"west": {"uv": [91, 87], "uv_size": [7, 1]},
								"up": {"uv": [79, 91], "uv_size": [1, 7]},
								"down": {"uv": [80, 98], "uv_size": [1, -7]}
							}
						},
						{
							"origin": [-1.625, 26.625, -35.874],
							"size": [1.25, 0.375, 2.375],
							"uv": {
								"north": {"uv": [102, 27], "uv_size": [1, 1]},
								"east": {"uv": [100, 77], "uv_size": [2, 1]},
								"south": {"uv": [28, 102], "uv_size": [1, 1]},
								"west": {"uv": [78, 100], "uv_size": [2, 1]},
								"up": {"uv": [100, 78], "uv_size": [1, 2]},
								"down": {"uv": [80, 102], "uv_size": [1, -2]}
							}
						},
						{
							"origin": [-2.625, 26.625, -35.874],
							"size": [1, 0.375, 7.25],
							"uv": {
								"north": {"uv": [102, 26], "uv_size": [1, 1]},
								"east": {"uv": [91, 88], "uv_size": [7, 1]},
								"south": {"uv": [27, 102], "uv_size": [1, 1]},
								"west": {"uv": [91, 89], "uv_size": [7, 1]},
								"up": {"uv": [0, 92], "uv_size": [1, 7]},
								"down": {"uv": [1, 99], "uv_size": [1, -7]}
							}
						},
						{
							"origin": [-0.5, 26.5, -30.124],
							"size": [1.375, 0.625, 1.625],
							"uv": {
								"north": {"uv": [88, 101], "uv_size": [1, 1]},
								"east": {"uv": [93, 99], "uv_size": [2, 1]},
								"south": {"uv": [101, 89], "uv_size": [1, 1]},
								"west": {"uv": [95, 99], "uv_size": [2, 1]},
								"up": {"uv": [91, 99], "uv_size": [1, 2]},
								"down": {"uv": [99, 98], "uv_size": [1, -2]}
							}
						},
						{
							"origin": [-0.5, 26.5, -28.499],
							"size": [1, 0.625, 1.5],
							"uv": {
								"north": {"uv": [102, 28], "uv_size": [1, 1]},
								"east": {"uv": [29, 102], "uv_size": [1, 1]},
								"south": {"uv": [102, 29], "uv_size": [1, 1]},
								"west": {"uv": [30, 102], "uv_size": [1, 1]},
								"up": {"uv": [102, 30], "uv_size": [1, 1]},
								"down": {"uv": [31, 103], "uv_size": [1, -1]}
							}
						},
						{
							"origin": [-2.5, 26.5, -28.499],
							"size": [1, 0.625, 1.5],
							"uv": {
								"north": {"uv": [102, 31], "uv_size": [1, 1]},
								"east": {"uv": [32, 102], "uv_size": [1, 1]},
								"south": {"uv": [102, 32], "uv_size": [1, 1]},
								"west": {"uv": [33, 102], "uv_size": [1, 1]},
								"up": {"uv": [102, 33], "uv_size": [1, 1]},
								"down": {"uv": [34, 103], "uv_size": [1, -1]}
							}
						},
						{
							"origin": [-2.5, 27.125, -27.499],
							"size": [1.125, 0.5, 0.5],
							"uv": {
								"north": {"uv": [43, 102], "uv_size": [1, 1]},
								"east": {"uv": [102, 43], "uv_size": [1, 1]},
								"south": {"uv": [44, 102], "uv_size": [1, 1]},
								"west": {"uv": [102, 44], "uv_size": [1, 1]},
								"up": {"uv": [45, 102], "uv_size": [1, 1]},
								"down": {"uv": [102, 46], "uv_size": [1, -1]}
							}
						},
						{
							"origin": [-0.625, 27.125, -27.499],
							"size": [1.125, 0.5, 0.5],
							"uv": {
								"north": {"uv": [46, 102], "uv_size": [1, 1]},
								"east": {"uv": [47, 102], "uv_size": [1, 1]},
								"south": {"uv": [48, 102], "uv_size": [1, 1]},
								"west": {"uv": [102, 48], "uv_size": [1, 1]},
								"up": {"uv": [49, 102], "uv_size": [1, 1]},
								"down": {"uv": [102, 50], "uv_size": [1, -1]}
							}
						},
						{
							"origin": [-1.375, 27.125, -27.499],
							"size": [0.75, 0.25, 0.5],
							"uv": {
								"north": {"uv": [50, 102], "uv_size": [1, 1]},
								"east": {"uv": [102, 50], "uv_size": [1, 1]},
								"south": {"uv": [51, 102], "uv_size": [1, 1]},
								"west": {"uv": [102, 51], "uv_size": [1, 1]},
								"up": {"uv": [52, 102], "uv_size": [1, 1]},
								"down": {"uv": [102, 53], "uv_size": [1, -1]}
							}
						},
						{
							"origin": [-1.5, 26.5, -28.749],
							"size": [1, 0.625, 1.75],
							"uv": {
								"north": {"uv": [102, 34], "uv_size": [1, 1]},
								"east": {"uv": [100, 80], "uv_size": [2, 1]},
								"south": {"uv": [35, 102], "uv_size": [1, 1]},
								"west": {"uv": [81, 100], "uv_size": [2, 1]},
								"up": {"uv": [100, 81], "uv_size": [1, 2]},
								"down": {"uv": [83, 102], "uv_size": [1, -2]}
							}
						},
						{
							"origin": [-2.875, 26.5, -30.124],
							"size": [1.375, 0.625, 1.625],
							"uv": {
								"north": {"uv": [101, 96], "uv_size": [1, 1]},
								"east": {"uv": [17, 100], "uv_size": [2, 1]},
								"south": {"uv": [97, 101], "uv_size": [1, 1]},
								"west": {"uv": [19, 100], "uv_size": [2, 1]},
								"up": {"uv": [21, 100], "uv_size": [1, 2]},
								"down": {"uv": [22, 102], "uv_size": [1, -2]}
							}
						},
						{
							"origin": [-2, 26.5, -35.749],
							"size": [2, 0.25, 8.625],
							"uv": {
								"north": {"uv": [79, 99], "uv_size": [2, 1]},
								"east": {"uv": [89, 61], "uv_size": [9, 1]},
								"south": {"uv": [81, 99], "uv_size": [2, 1]},
								"west": {"uv": [89, 62], "uv_size": [9, 1]},
								"up": {"uv": [72, 82], "uv_size": [2, 9]},
								"down": {"uv": [20, 94], "uv_size": [2, -9]}
							}
						},
						{
							"origin": [-2.5, 25.25, -35.749],
							"size": [3, 1.25, 8.625],
							"uv": {
								"north": {"uv": [98, 62], "uv_size": [3, 1]},
								"east": {"uv": [89, 55], "uv_size": [9, 1]},
								"south": {"uv": [64, 98], "uv_size": [3, 1]},
								"west": {"uv": [89, 60], "uv_size": [9, 1]},
								"up": {"uv": [74, 81], "uv_size": [3, 9]},
								"down": {"uv": [81, 86], "uv_size": [3, -9]}
							}
						},
						{
							"origin": [39.25, 53.5, -57.999],
							"size": [0.5, 0.5, 0.5],
							"pivot": [38.125, 25.625, -28.875],
							"rotation": [-45, -2.5, -90],
							"uv": {
								"north": {"uv": [102, 35], "uv_size": [1, 1]},
								"east": {"uv": [36, 102], "uv_size": [1, 1]},
								"south": {"uv": [102, 36], "uv_size": [1, 1]},
								"west": {"uv": [37, 102], "uv_size": [1, 1]},
								"up": {"uv": [102, 37], "uv_size": [1, 1]},
								"down": {"uv": [38, 103], "uv_size": [1, -1]}
							}
						},
						{
							"origin": [41.625, 53.5, -57.999],
							"size": [0.5, 0.5, 0.5],
							"pivot": [40.5, 25.625, -28.875],
							"rotation": [-45, -2.5, -90],
							"uv": {
								"north": {"uv": [39, 102], "uv_size": [1, 1]},
								"east": {"uv": [40, 102], "uv_size": [1, 1]},
								"south": {"uv": [41, 102], "uv_size": [1, 1]},
								"west": {"uv": [102, 41], "uv_size": [1, 1]},
								"up": {"uv": [42, 102], "uv_size": [1, 1]},
								"down": {"uv": [102, 43], "uv_size": [1, -1]}
							}
						}
					]
				},
				{
					"name": "TriggerMag",
					"parent": "Metal",
					"pivot": [0, 0, 12],
					"cubes": [
						{
							"origin": [-2.025, 47.85, 13],
							"size": [2.05, 1, 1.5],
							"pivot": [0, 37, -3.4],
							"rotation": [-102.5, 0, 0],
							"uv": {
								"north": {"uv": [98, 77], "uv_size": [2, 1]},
								"east": {"uv": [98, 78], "uv_size": [2, 1]},
								"south": {"uv": [79, 98], "uv_size": [2, 1]},
								"west": {"uv": [98, 79], "uv_size": [2, 1]},
								"up": {"uv": [68, 94], "uv_size": [2, 2]},
								"down": {"uv": [70, 96], "uv_size": [2, -2]}
							}
						},
						{
							"origin": [-2.025, 4, 28.3],
							"size": [2.05, 2, 1],
							"pivot": [0, 0, 9],
							"rotation": [85, 0, 0],
							"uv": {
								"north": {"uv": [74, 94], "uv_size": [2, 2]},
								"east": {"uv": [60, 72], "uv_size": [1, 2]},
								"south": {"uv": [94, 80], "uv_size": [2, 2]},
								"west": {"uv": [86, 8], "uv_size": [1, 2]},
								"up": {"uv": [81, 98], "uv_size": [2, 1]},
								"down": {"uv": [98, 83], "uv_size": [2, -1]}
							}
						},
						{
							"origin": [-2.025, 6, 27.001],
							"size": [2.05, 1, 3],
							"pivot": [0, 0, 9],
							"rotation": [85, 0, 0],
							"uv": {
								"north": {"uv": [98, 83], "uv_size": [2, 1]},
								"east": {"uv": [72, 69], "uv_size": [3, 1]},
								"south": {"uv": [98, 84], "uv_size": [2, 1]},
								"west": {"uv": [12, 98], "uv_size": [3, 1]},
								"up": {"uv": [2, 92], "uv_size": [2, 3]},
								"down": {"uv": [4, 95], "uv_size": [2, -3]}
							}
						},
						{
							"origin": [-2.025, 46.1, 29.9],
							"size": [2.05, 1, 1.6],
							"pivot": [0, 35, 13.6],
							"rotation": [-154, 0, 0],
							"uv": {
								"north": {"uv": [98, 85], "uv_size": [2, 1]},
								"east": {"uv": [98, 86], "uv_size": [2, 1]},
								"south": {"uv": [98, 87], "uv_size": [2, 1]},
								"west": {"uv": [88, 98], "uv_size": [2, 1]},
								"up": {"uv": [81, 94], "uv_size": [2, 2]},
								"down": {"uv": [94, 84], "uv_size": [2, -2]}
							}
						},
						{
							"origin": [-2.025, 30.3, 34.4],
							"size": [2.05, 1, 1.6],
							"pivot": [0, 19, 18.6],
							"rotation": [150, 0, 0],
							"uv": {
								"north": {"uv": [98, 88], "uv_size": [2, 1]},
								"east": {"uv": [98, 89], "uv_size": [2, 1]},
								"south": {"uv": [90, 98], "uv_size": [2, 1]},
								"west": {"uv": [98, 90], "uv_size": [2, 1]},
								"up": {"uv": [94, 90], "uv_size": [2, 2]},
								"down": {"uv": [94, 94], "uv_size": [2, -2]}
							}
						},
						{
							"origin": [-2.025, 7.2, 34.27],
							"size": [2.05, 4, 1],
							"pivot": [0, -4, 14],
							"rotation": [90, 0, 0],
							"uv": {
								"north": {"uv": [68, 90], "uv_size": [2, 4]},
								"east": {"uv": [74, 77], "uv_size": [1, 4]},
								"south": {"uv": [74, 90], "uv_size": [2, 4]},
								"west": {"uv": [94, 94], "uv_size": [1, 4]},
								"up": {"uv": [98, 91], "uv_size": [2, 1]},
								"down": {"uv": [94, 99], "uv_size": [2, -1]}
							}
						},
						{
							"origin": [-2.025, 15, 28.6],
							"size": [2.05, 1, 2],
							"pivot": [0, 4, 12.6],
							"rotation": [102.5, 0, 0],
							"uv": {
								"north": {"uv": [96, 98], "uv_size": [2, 1]},
								"east": {"uv": [98, 98], "uv_size": [2, 1]},
								"south": {"uv": [0, 99], "uv_size": [2, 1]},
								"west": {"uv": [2, 99], "uv_size": [2, 1]},
								"up": {"uv": [2, 95], "uv_size": [2, 2]},
								"down": {"uv": [4, 97], "uv_size": [2, -2]}
							}
						},
						{
							"origin": [-2.025, 11, 28.001],
							"size": [2.05, 1, 3],
							"pivot": [0, 0, 9],
							"rotation": [90, 0, 0],
							"uv": {
								"north": {"uv": [4, 99], "uv_size": [2, 1]},
								"east": {"uv": [98, 26], "uv_size": [3, 1]},
								"south": {"uv": [99, 4], "uv_size": [2, 1]},
								"west": {"uv": [98, 27], "uv_size": [3, 1]},
								"up": {"uv": [6, 92], "uv_size": [2, 3]},
								"down": {"uv": [28, 95], "uv_size": [2, -3]}
							}
						},
						{
							"origin": [-2, 9.5, 31.3],
							"size": [1.5, 0.7, 3],
							"pivot": [0, -2, 12],
							"rotation": [85, 0, 0],
							"uv": {
								"north": {"uv": [99, 5], "uv_size": [2, 1]},
								"east": {"uv": [28, 98], "uv_size": [3, 1]},
								"south": {"uv": [6, 99], "uv_size": [2, 1]},
								"west": {"uv": [98, 28], "uv_size": [3, 1]},
								"up": {"uv": [30, 92], "uv_size": [2, 3]},
								"down": {"uv": [32, 95], "uv_size": [2, -3]}
							}
						},
						{
							"origin": [-2.025, -0.125, 16.9],
							"size": [2.05, 14.125, 1],
							"pivot": [0, 0, -3],
							"rotation": [90, 0, 0],
							"uv": {
								"north": {"uv": [79, 77], "uv_size": [2, 14]},
								"east": {"uv": [78, 81], "uv_size": [1, 14]},
								"south": {"uv": [12, 81], "uv_size": [2, 14]},
								"west": {"uv": [83, 86], "uv_size": [1, 14]},
								"up": {"uv": [99, 6], "uv_size": [2, 1]},
								"down": {"uv": [99, 8], "uv_size": [2, -1]}
							}
						},
						{
							"origin": [-2.025, -6.75, 16.9],
							"size": [2.05, 5.875, 1],
							"pivot": [0, 0, -3],
							"rotation": [90, 0, 0],
							"uv": {
								"north": {"uv": [70, 88], "uv_size": [2, 6]},
								"east": {"uv": [86, 92], "uv_size": [1, 6]},
								"south": {"uv": [88, 80], "uv_size": [2, 6]},
								"west": {"uv": [62, 93], "uv_size": [1, 6]},
								"up": {"uv": [87, 99], "uv_size": [2, 1]},
								"down": {"uv": [89, 100], "uv_size": [2, -1]}
							}
						},
						{
							"origin": [-2.4, 19.625, -14.999],
							"size": [2.8, 0.375, 11.625],
							"uv": {
								"north": {"uv": [98, 58], "uv_size": [3, 1]},
								"east": {"uv": [87, 15], "uv_size": [12, 1]},
								"south": {"uv": [98, 59], "uv_size": [3, 1]},
								"west": {"uv": [87, 74], "uv_size": [12, 1]},
								"up": {"uv": [61, 72], "uv_size": [3, 12]},
								"down": {"uv": [36, 88], "uv_size": [3, -12]}
							}
						}
					]
				},
				{
					"name": "Bolt",
					"parent": "gun",
					"pivot": [0, 0, 0]
				},
				{
					"name": "Bolt1",
					"parent": "Bolt",
					"pivot": [-1, 25.85289, -0.50538],
					"cubes": [
						{
							"origin": [8.25, 28.3, -1.51],
							"size": [1.5, 1.5, 2.217],
							"pivot": [8, 15.34, 12.1],
							"rotation": [0, 0, -45],
							"uv": {
								"north": {"uv": [91, 95], "uv_size": [2, 2]},
								"east": {"uv": [95, 94], "uv_size": [2, 2]},
								"south": {"uv": [12, 96], "uv_size": [2, 2]},
								"west": {"uv": [14, 96], "uv_size": [2, 2]},
								"up": {"uv": [96, 26], "uv_size": [2, 2]},
								"down": {"uv": [96, 30], "uv_size": [2, -2]}
							}
						},
						{
							"origin": [-3.25, 25.25, -1.175],
							"size": [2.25, 1.3, 1.3],
							"uv": {
								"north": {"uv": [38, 99], "uv_size": [2, 1]},
								"east": {"uv": [101, 52], "uv_size": [1, 1]},
								"south": {"uv": [40, 99], "uv_size": [2, 1]},
								"west": {"uv": [53, 101], "uv_size": [1, 1]},
								"up": {"uv": [99, 41], "uv_size": [2, 1]},
								"down": {"uv": [99, 43], "uv_size": [2, -1]}
							}
						},
						{
							"origin": [-7.125, 25.375, -1.05],
							"size": [3.875, 1.05, 1.05],
							"uv": {
								"north": {"uv": [95, 23], "uv_size": [4, 1]},
								"east": {"uv": [41, 101], "uv_size": [1, 1]},
								"south": {"uv": [45, 95], "uv_size": [4, 1]},
								"west": {"uv": [101, 41], "uv_size": [1, 1]},
								"up": {"uv": [95, 56], "uv_size": [4, 1]},
								"down": {"uv": [95, 58], "uv_size": [4, -1]}
							}
						},
						{
							"origin": [-8.41, 24.87, -1.57],
							"size": [2, 2, 2],
							"uv": {
								"north": {"uv": [32, 95], "uv_size": [2, 2]},
								"east": {"uv": [95, 63], "uv_size": [2, 2]},
								"south": {"uv": [95, 65], "uv_size": [2, 2]},
								"west": {"uv": [66, 95], "uv_size": [2, 2]},
								"up": {"uv": [95, 68], "uv_size": [2, 2]},
								"down": {"uv": [72, 97], "uv_size": [2, -2]}
							}
						}
					]
				},
				{
					"name": "Bolt2",
					"parent": "Bolt",
					"pivot": [15.75, 14, 12.375],
					"cubes": [
						{
							"origin": [-2, 24.8, -15],
							"size": [2, 2, 13.8],
							"uv": {
								"north": {"uv": [84, 95], "uv_size": [2, 2]},
								"east": {"uv": [79, 26], "uv_size": [14, 2]},
								"south": {"uv": [89, 95], "uv_size": [2, 2]},
								"west": {"uv": [79, 28], "uv_size": [14, 2]},
								"up": {"uv": [14, 81], "uv_size": [2, 14]},
								"down": {"uv": [16, 95], "uv_size": [2, -14]}
							}
						},
						{
							"origin": [8.125, 28.175, 0.74],
							"size": [1.625, 1.75, 2.967],
							"pivot": [8, 15.34, 14.35],
							"rotation": [0, 0, -45],
							"uv": {
								"north": {"uv": [74, 96], "uv_size": [2, 2]},
								"east": {"uv": [93, 26], "uv_size": [3, 2]},
								"south": {"uv": [81, 96], "uv_size": [2, 2]},
								"west": {"uv": [93, 28], "uv_size": [3, 2]},
								"up": {"uv": [56, 93], "uv_size": [2, 3]},
								"down": {"uv": [58, 96], "uv_size": [2, -3]}
							}
						},
						{
							"origin": [-10, 28.175, 0.74],
							"size": [1.25, 1.875, 1.342],
							"pivot": [-10.125, 15.34, 14.35],
							"rotation": [0, 0, 40],
							"uv": {
								"north": {"uv": [99, 53], "uv_size": [1, 2]},
								"east": {"uv": [54, 99], "uv_size": [1, 2]},
								"south": {"uv": [55, 99], "uv_size": [1, 2]},
								"west": {"uv": [56, 99], "uv_size": [1, 2]},
								"up": {"uv": [101, 58], "uv_size": [1, 1]},
								"down": {"uv": [59, 102], "uv_size": [1, -1]}
							}
						},
						{
							"origin": [7.125, 27.175, 0.74],
							"size": [1.25, 1.875, 1.342],
							"pivot": [6.875, 14.34, 14.35],
							"rotation": [0, 0, -40],
							"uv": {
								"north": {"uv": [51, 99], "uv_size": [1, 2]},
								"east": {"uv": [99, 51], "uv_size": [1, 2]},
								"south": {"uv": [52, 99], "uv_size": [1, 2]},
								"west": {"uv": [53, 99], "uv_size": [1, 2]},
								"up": {"uv": [101, 57], "uv_size": [1, 1]},
								"down": {"uv": [58, 102], "uv_size": [1, -1]}
							}
						},
						{
							"origin": [8.125, 28.425, 3.615],
							"size": [0.875, 1.5, 0.467],
							"pivot": [8, 15.34, 17.225],
							"rotation": [0, 0, -45],
							"uv": {
								"north": {"uv": [42, 99], "uv_size": [1, 2]},
								"east": {"uv": [45, 99], "uv_size": [1, 2]},
								"south": {"uv": [46, 99], "uv_size": [1, 2]},
								"west": {"uv": [47, 99], "uv_size": [1, 2]},
								"up": {"uv": [101, 55], "uv_size": [1, 1]},
								"down": {"uv": [56, 102], "uv_size": [1, -1]}
							}
						},
						{
							"origin": [8.125, 28.175, 3.615],
							"size": [1.625, 1, 0.467],
							"pivot": [8, 15.34, 17.225],
							"rotation": [0, 0, -45],
							"uv": {
								"north": {"uv": [99, 45], "uv_size": [2, 1]},
								"east": {"uv": [101, 56], "uv_size": [1, 1]},
								"south": {"uv": [49, 99], "uv_size": [2, 1]},
								"west": {"uv": [57, 101], "uv_size": [1, 1]},
								"up": {"uv": [99, 49], "uv_size": [2, 1]},
								"down": {"uv": [99, 51], "uv_size": [2, -1]}
							}
						},
						{
							"origin": [8.375, 29.425, 3.615],
							"size": [1, 1, 0.592],
							"pivot": [8.125, 16.215, 12.475],
							"rotation": [0, 0, -45],
							"uv": {
								"north": {"uv": [101, 62], "uv_size": [1, 1]},
								"east": {"uv": [63, 101], "uv_size": [1, 1]},
								"south": {"uv": [101, 63], "uv_size": [1, 1]},
								"west": {"uv": [64, 101], "uv_size": [1, 1]},
								"up": {"uv": [101, 64], "uv_size": [1, 1]},
								"down": {"uv": [65, 102], "uv_size": [1, -1]}
							}
						},
						{
							"origin": [8.375, 29.425, 0.74],
							"size": [0.875, 0.875, 3.092],
							"pivot": [8.125, 16.215, 12.1],
							"rotation": [0, 0, -45],
							"uv": {
								"north": {"uv": [101, 53], "uv_size": [1, 1]},
								"east": {"uv": [98, 60], "uv_size": [3, 1]},
								"south": {"uv": [54, 101], "uv_size": [1, 1]},
								"west": {"uv": [98, 61], "uv_size": [3, 1]},
								"up": {"uv": [61, 98], "uv_size": [1, 3]},
								"down": {"uv": [63, 101], "uv_size": [1, -3]}
							}
						},
						{
							"origin": [8.74, 29.8, 3.99],
							"size": [0.31, 0.31, 0.467],
							"pivot": [8.125, 16.215, 12.6],
							"rotation": [0, 0, -45],
							"uv": {
								"north": {"uv": [101, 65], "uv_size": [1, 1]},
								"east": {"uv": [66, 101], "uv_size": [1, 1]},
								"south": {"uv": [101, 66], "uv_size": [1, 1]},
								"west": {"uv": [67, 101], "uv_size": [1, 1]},
								"up": {"uv": [101, 67], "uv_size": [1, 1]},
								"down": {"uv": [68, 102], "uv_size": [1, -1]}
							}
						},
						{
							"origin": [-1, 26.28, 2.865],
							"size": [1.75, 0.375, 1.592],
							"uv": {
								"north": {"uv": [99, 56], "uv_size": [2, 1]},
								"east": {"uv": [57, 99], "uv_size": [2, 1]},
								"south": {"uv": [99, 57], "uv_size": [2, 1]},
								"west": {"uv": [64, 99], "uv_size": [2, 1]},
								"up": {"uv": [96, 82], "uv_size": [2, 2]},
								"down": {"uv": [96, 92], "uv_size": [2, -2]}
							}
						},
						{
							"origin": [0.575, 26.26, 2.865],
							"size": [0.25, 0.425, 1.592],
							"uv": {
								"north": {"uv": [101, 68], "uv_size": [1, 1]},
								"east": {"uv": [99, 70], "uv_size": [2, 1]},
								"south": {"uv": [69, 101], "uv_size": [1, 1]},
								"west": {"uv": [71, 99], "uv_size": [2, 1]},
								"up": {"uv": [59, 99], "uv_size": [1, 2]},
								"down": {"uv": [62, 101], "uv_size": [1, -2]}
							}
						},
						{
							"origin": [-1.05, 26.26, 2.865],
							"size": [0.75, 0.425, 1.592],
							"uv": {
								"north": {"uv": [101, 69], "uv_size": [1, 1]},
								"east": {"uv": [99, 71], "uv_size": [2, 1]},
								"south": {"uv": [70, 101], "uv_size": [1, 1]},
								"west": {"uv": [73, 99], "uv_size": [2, 1]},
								"up": {"uv": [66, 99], "uv_size": [1, 2]},
								"down": {"uv": [75, 101], "uv_size": [1, -2]}
							}
						},
						{
							"origin": [8.125, 28.425, 0.74],
							"size": [1.25, 1.25, 3.842],
							"pivot": [8.125, 15.465, 12.1],
							"rotation": [0, 0, -45],
							"uv": {
								"north": {"uv": [14, 102], "uv_size": [1, 1]},
								"east": {"uv": [70, 97], "uv_size": [4, 1]},
								"south": {"uv": [102, 14], "uv_size": [1, 1]},
								"west": {"uv": [89, 97], "uv_size": [4, 1]},
								"up": {"uv": [32, 97], "uv_size": [1, 4]},
								"down": {"uv": [33, 101], "uv_size": [1, -4]}
							}
						},
						{
							"origin": [-13.6, 28.13, 0.324],
							"size": [1, 1.4, 0.5],
							"pivot": [-10.75, 14, 12.375],
							"rotation": [0, 0, 45],
							"uv": {
								"north": {"uv": [42, 101], "uv_size": [1, 1]},
								"east": {"uv": [101, 42], "uv_size": [1, 1]},
								"south": {"uv": [43, 101], "uv_size": [1, 1]},
								"west": {"uv": [44, 101], "uv_size": [1, 1]},
								"up": {"uv": [45, 101], "uv_size": [1, 1]},
								"down": {"uv": [101, 46], "uv_size": [1, -1]}
							}
						},
						{
							"origin": [-2.75, 25, 0.325],
							"size": [3.5, 1, 0.5],
							"uv": {
								"north": {"uv": [45, 96], "uv_size": [4, 1]},
								"east": {"uv": [46, 101], "uv_size": [1, 1]},
								"south": {"uv": [54, 96], "uv_size": [4, 1]},
								"west": {"uv": [47, 101], "uv_size": [1, 1]},
								"up": {"uv": [58, 96], "uv_size": [4, 1]},
								"down": {"uv": [68, 97], "uv_size": [4, -1]}
							}
						},
						{
							"origin": [-1.75, 26, 0.325],
							"size": [1.5, 1, 0.5],
							"uv": {
								"north": {"uv": [99, 30], "uv_size": [2, 1]},
								"east": {"uv": [48, 101], "uv_size": [1, 1]},
								"south": {"uv": [99, 31], "uv_size": [2, 1]},
								"west": {"uv": [49, 101], "uv_size": [1, 1]},
								"up": {"uv": [99, 35], "uv_size": [2, 1]},
								"down": {"uv": [36, 100], "uv_size": [2, -1]}
							}
						},
						{
							"origin": [12.95, 33.1, 0.324],
							"size": [0.7, 1.4, 0.5],
							"pivot": [15.75, 14, 12.375],
							"rotation": [0, 0, -45],
							"uv": {
								"north": {"uv": [101, 49], "uv_size": [1, 1]},
								"east": {"uv": [50, 101], "uv_size": [1, 1]},
								"south": {"uv": [101, 50], "uv_size": [1, 1]},
								"west": {"uv": [51, 101], "uv_size": [1, 1]},
								"up": {"uv": [101, 51], "uv_size": [1, 1]},
								"down": {"uv": [52, 102], "uv_size": [1, -1]}
							}
						}
					]
				},
				{
					"name": "Primer",
					"parent": "Bolt",
					"pivot": [8.125, 15.465, 14.725],
					"cubes": [
						{
							"origin": [8.25, 28.55, 3.365],
							"size": [1, 1, 3.842],
							"pivot": [8.125, 15.465, 14.725],
							"rotation": [0, 0, -45],
							"uv": {
								"north": {"uv": [101, 54], "uv_size": [1, 1]},
								"east": {"uv": [96, 80], "uv_size": [4, 1]},
								"south": {"uv": [55, 101], "uv_size": [1, 1]},
								"west": {"uv": [96, 81], "uv_size": [4, 1]},
								"up": {"uv": [49, 95], "uv_size": [1, 4]},
								"down": {"uv": [78, 99], "uv_size": [1, -4]}
							}
						},
						{
							"origin": [8.5, 28.8, 7.03],
							"size": [0.5, 0.5, 0.217],
							"pivot": [8.125, 15.465, 14.725],
							"rotation": [0, 0, -45],
							"uv": {
								"north": {"uv": [101, 59], "uv_size": [1, 1]},
								"east": {"uv": [60, 101], "uv_size": [1, 1]},
								"south": {"uv": [101, 60], "uv_size": [1, 1]},
								"west": {"uv": [61, 101], "uv_size": [1, 1]},
								"up": {"uv": [101, 61], "uv_size": [1, 1]},
								"down": {"uv": [62, 102], "uv_size": [1, -1]}
							}
						}
					]
				},
				{
					"name": "bullet",
					"parent": "main",
					"pivot": [-0.15, 26.4, -25.7],
					"cubes": [
						{
							"origin": [-1.3, 20.3, -24.7],
							"size": [1, 1, 8],
							"inflate": 0.2,
							"pivot": [-0.15, 21.4, -24.7],
							"rotation": [0, 0, 45],
							"uv": {
								"north": {"uv": [101, 29], "uv_size": [1, 1]},
								"east": {"uv": [90, 85], "uv_size": [8, 1]},
								"south": {"uv": [30, 101], "uv_size": [1, 1]},
								"west": {"uv": [91, 14], "uv_size": [8, 1]},
								"up": {"uv": [26, 91], "uv_size": [1, 8]},
								"down": {"uv": [27, 99], "uv_size": [1, -8]}
							}
						}
					]
				},
				{
					"name": "bullet2",
					"parent": "main",
					"pivot": [-0.15, 26.4, -15.7],
					"cubes": [
						{
							"origin": [-1.3, 23.8, -24.7],
							"size": [1, 1, 8],
							"inflate": 0.2,
							"pivot": [-0.15, 24.9, -24.7],
							"rotation": [0, 0, 45],
							"uv": {
								"north": {"uv": [101, 29], "uv_size": [1, 1]},
								"east": {"uv": [90, 85], "uv_size": [8, 1]},
								"south": {"uv": [30, 101], "uv_size": [1, 1]},
								"west": {"uv": [91, 14], "uv_size": [8, 1]},
								"up": {"uv": [26, 91], "uv_size": [1, 8]},
								"down": {"uv": [27, 99], "uv_size": [1, -8]}
							}
						}
					]
				},
				{
					"name": "rightarm",
					"parent": "main",
					"pivot": [-4.3, 8.8, 21.8],
					"rotation": [-101.81106, -12.40003, -2.46982],
					"cubes": [
						{
							"origin": [-8.3, -8.2, 9.8],
							"size": [8, 24, 8],
							"pivot": [-1.3, -3.2, 18.8],
							"rotation": [0, 0, -22.5],
							"uv": {
								"north": {"uv": [0, 0], "uv_size": [8, 24]},
								"east": {"uv": [8, 0], "uv_size": [8, 24]},
								"south": {"uv": [16, 0], "uv_size": [8, 24]},
								"west": {"uv": [0, 24], "uv_size": [8, 24]},
								"up": {"uv": [64, 10], "uv_size": [8, 8]},
								"down": {"uv": [64, 62], "uv_size": [8, -8]}
							}
						}
					]
				},
				{
					"name": "leftarm",
					"parent": "main",
					"pivot": [10.7, 11.3, -8.6],
					"rotation": [-119.61483, 1.67666, -38.31282],
					"cubes": [
						{
							"origin": [6.7, -12.7, -12.6],
							"size": [8, 24, 8],
							"uv": {
								"north": {"uv": [24, 0], "uv_size": [8, 24]},
								"east": {"uv": [8, 24], "uv_size": [8, 24]},
								"south": {"uv": [16, 24], "uv_size": [8, 24]},
								"west": {"uv": [24, 24], "uv_size": [8, 24]},
								"up": {"uv": [64, 62], "uv_size": [8, 8]},
								"down": {"uv": [68, 46], "uv_size": [8, -8]}
							}
						}
					]
				},
				{
					"name": "muzzleflash",
					"parent": "main",
					"pivot": [-1, 24.975, -102.25],
					"cubes": [
						{
							"origin": [-1.5, 24.475, -102.425],
							"size": [1, 1, 1],
							"inflate": -0.4,
							"uv": {
								"north": {"uv": [60, 83], "uv_size": [1, 1]},
								"east": {"uv": [90, 100], "uv_size": [1, 1]},
								"south": {"uv": [94, 100], "uv_size": [1, 1]},
								"west": {"uv": [95, 100], "uv_size": [1, 1]},
								"up": {"uv": [96, 100], "uv_size": [1, 1]},
								"down": {"uv": [100, 97], "uv_size": [1, -1]}
							}
						}
					]
				},
				{
					"name": "scope",
					"parent": "main",
					"pivot": [-1, 27.55, 4.75],
					"cubes": [
						{
							"origin": [-1.5, 27.05, 4.25],
							"size": [1, 1, 1],
							"inflate": -0.4,
							"uv": {
								"north": {"uv": [97, 100], "uv_size": [1, 1]},
								"east": {"uv": [100, 97], "uv_size": [1, 1]},
								"south": {"uv": [98, 100], "uv_size": [1, 1]},
								"west": {"uv": [100, 98], "uv_size": [1, 1]},
								"up": {"uv": [99, 100], "uv_size": [1, 1]},
								"down": {"uv": [100, 101], "uv_size": [1, -1]}
							}
						}
					]
				},
				{
					"name": "_cb_scope2",
					"parent": "main",
					"pivot": [4.25, 28.8125, -13.0625],
					"cubes": [
						{
							"origin": [0.5625, 25.375, -14.3125],
							"size": [1, 1, 1],
							"uv": {
								"north": {"uv": [0, 0], "uv_size": [1, 1]},
								"east": {"uv": [0, 0], "uv_size": [1, 1]},
								"south": {"uv": [0, 0], "uv_size": [1, 1]},
								"west": {"uv": [0, 0], "uv_size": [1, 1]},
								"up": {"uv": [1, 1], "uv_size": [-1, -1]},
								"down": {"uv": [1, 1], "uv_size": [-1, -1]}
							}
						}
					]
				}
			]
		}
	]
}