{
	"format_version": "1.12.0",
	"minecraft:geometry": [
		{
			"description": {
				"identifier": "geometry.unknown",
				"texture_width": 256,
				"texture_height": 256,
				"visible_bounds_width": 9,
				"visible_bounds_height": 3.5,
				"visible_bounds_offset": [0, 1.25, 0]
			},
			"bones": [
				{
					"name": "warhead",
					"pivot": [-2.6646, 19.2201, -34]
				},
				{
					"name": "octagon4",
					"parent": "warhead",
					"pivot": [-2.66455, 19.22014, -31.12923],
					"rotation": [0, -90, 0],
					"cubes": [
						{
							"origin": [-21.32126, 21.81403, -32.12091],
							"size": [6.35, 1.17648, 1.94926],
							"pivot": [-18.2811, 22.39379, -31.14628],
							"rotation": [0, 0, 152],
							"uv": {
								"north": {"uv": [51, 108], "uv_size": [6, 1]},
								"east": {"uv": [29, 117], "uv_size": [2, 1]},
								"south": {"uv": [108, 59], "uv_size": [6, 1]},
								"west": {"uv": [117, 29], "uv_size": [2, 1]},
								"up": {"uv": [62, 96], "uv_size": [6, 2]},
								"down": {"uv": [96, 65], "uv_size": [6, -2]}
							}
						},
						{
							"origin": [-2.4539, 20.53636, -32.12091],
							"size": [1.35, 1.30148, 1.94926],
							"pivot": [1.79409, 21.85353, -31.14628],
							"rotation": [0, 0, -154],
							"uv": {
								"north": {"uv": [121, 117], "uv_size": [1, 1]},
								"east": {"uv": [117, 30], "uv_size": [2, 1]},
								"south": {"uv": [118, 121], "uv_size": [1, 1]},
								"west": {"uv": [117, 31], "uv_size": [2, 1]},
								"up": {"uv": [35, 117], "uv_size": [1, 2]},
								"down": {"uv": [36, 119], "uv_size": [1, -2]}
							}
						},
						{
							"origin": [-9.71144, 14.46682, -32.12091],
							"size": [16.975, 1.17648, 1.94926],
							"pivot": [-2.83486, 18.98816, -31.14628],
							"rotation": [0, 0, -165.5],
							"uv": {
								"north": {"uv": [90, 62], "uv_size": [17, 1]},
								"east": {"uv": [37, 117], "uv_size": [2, 1]},
								"south": {"uv": [91, 82], "uv_size": [17, 1]},
								"west": {"uv": [39, 117], "uv_size": [2, 1]},
								"up": {"uv": [72, 75], "uv_size": [17, 2]},
								"down": {"uv": [76, 48], "uv_size": [17, -2]}
							}
						},
						{
							"origin": [-9.71144, 14.34182, -32.12091],
							"size": [0.875, 0.11398, 1.94926],
							"pivot": [-2.83486, 18.98816, -31.14628],
							"rotation": [0, 0, -165.5],
							"uv": {
								"north": {"uv": [121, 118], "uv_size": [1, 1]},
								"east": {"uv": [41, 117], "uv_size": [2, 1]},
								"south": {"uv": [119, 121], "uv_size": [1, 1]},
								"west": {"uv": [43, 117], "uv_size": [2, 1]},
								"up": {"uv": [117, 46], "uv_size": [1, 2]},
								"down": {"uv": [117, 50], "uv_size": [1, -2]}
							}
						},
						{
							"origin": [4.96498, 16.2504, -32.12091],
							"size": [0.875, 0.11398, 1.94926],
							"pivot": [4.92291, 16.66516, -31.14628],
							"rotation": [-180, 0, 165.5],
							"uv": {
								"north": {"uv": [121, 119], "uv_size": [1, 1]},
								"east": {"uv": [49, 117], "uv_size": [2, 1]},
								"south": {"uv": [120, 121], "uv_size": [1, 1]},
								"west": {"uv": [117, 50], "uv_size": [2, 1]},
								"up": {"uv": [51, 117], "uv_size": [1, 2]},
								"down": {"uv": [52, 119], "uv_size": [1, -2]}
							}
						},
						{
							"origin": [3.70665, 16.2694, -32.12091],
							"size": [1.35, 1.30148, 1.94926],
							"pivot": [4.92291, 16.66516, -31.14628],
							"rotation": [-180, 0, 154],
							"uv": {
								"north": {"uv": [121, 120], "uv_size": [1, 1]},
								"east": {"uv": [117, 51], "uv_size": [2, 1]},
								"south": {"uv": [121, 121], "uv_size": [1, 1]},
								"west": {"uv": [53, 117], "uv_size": [2, 1]},
								"up": {"uv": [55, 117], "uv_size": [1, 2]},
								"down": {"uv": [117, 57], "uv_size": [1, -2]}
							}
						},
						{
							"origin": [4.6002, 16.41319, -32.12091],
							"size": [1.35, 1.30148, 1.94926],
							"pivot": [4.84167, 18.99289, -31.14628],
							"rotation": [-90, 26, 180],
							"uv": {
								"north": {"uv": [0, 122], "uv_size": [1, 1]},
								"east": {"uv": [56, 117], "uv_size": [2, 1]},
								"south": {"uv": [122, 0], "uv_size": [1, 1]},
								"west": {"uv": [117, 57], "uv_size": [2, 1]},
								"up": {"uv": [58, 117], "uv_size": [1, 2]},
								"down": {"uv": [117, 60], "uv_size": [1, -2]}
							}
						},
						{
							"origin": [5.40356, 16.24369, -32.12091],
							"size": [0.875, 0.11398, 1.94926],
							"pivot": [4.84167, 18.99289, -31.14628],
							"rotation": [-90, 14.5, 180],
							"uv": {
								"north": {"uv": [1, 122], "uv_size": [1, 1]},
								"east": {"uv": [59, 117], "uv_size": [2, 1]},
								"south": {"uv": [122, 1], "uv_size": [1, 1]},
								"west": {"uv": [61, 117], "uv_size": [2, 1]},
								"up": {"uv": [63, 117], "uv_size": [1, 2]},
								"down": {"uv": [64, 119], "uv_size": [1, -2]}
							}
						},
						{
							"origin": [5.38028, 16.3337, -32.12091],
							"size": [0.875, 0.11398, 1.94926],
							"pivot": [4.84167, 18.99289, -31.14628],
							"rotation": [90, -14.5, -180],
							"uv": {
								"north": {"uv": [2, 122], "uv_size": [1, 1]},
								"east": {"uv": [117, 64], "uv_size": [2, 1]},
								"south": {"uv": [122, 2], "uv_size": [1, 1]},
								"west": {"uv": [65, 117], "uv_size": [2, 1]},
								"up": {"uv": [117, 65], "uv_size": [1, 2]},
								"down": {"uv": [67, 119], "uv_size": [1, -2]}
							}
						},
						{
							"origin": [5.19278, 16.0837, -31.49591],
							"size": [0.125, 0.36398, 0.69926],
							"pivot": [4.84167, 18.99289, -31.14628],
							"rotation": [90, -14.5, -180],
							"uv": {
								"north": {"uv": [2, 122], "uv_size": [1, 1]},
								"east": {"uv": [117, 64], "uv_size": [2, 1]},
								"south": {"uv": [122, 2], "uv_size": [1, 1]},
								"west": {"uv": [65, 117], "uv_size": [2, 1]},
								"up": {"uv": [117, 65], "uv_size": [1, 2]},
								"down": {"uv": [67, 119], "uv_size": [1, -2]}
							}
						},
						{
							"origin": [4.55944, 16.49675, -32.12091],
							"size": [1.35, 1.30148, 1.94926],
							"pivot": [4.84167, 18.99289, -31.14628],
							"rotation": [90, -26, -180],
							"uv": {
								"north": {"uv": [3, 122], "uv_size": [1, 1]},
								"east": {"uv": [117, 67], "uv_size": [2, 1]},
								"south": {"uv": [122, 3], "uv_size": [1, 1]},
								"west": {"uv": [68, 117], "uv_size": [2, 1]},
								"up": {"uv": [117, 68], "uv_size": [1, 2]},
								"down": {"uv": [70, 119], "uv_size": [1, -2]}
							}
						},
						{
							"origin": [4.73408, 16.49058, -32.16739],
							"size": [1.35, 1.30148, 1.94926],
							"pivot": [4.92291, 18.99289, -31.19276],
							"rotation": [-138.05099, 18.05774, 160.97176],
							"uv": {
								"north": {"uv": [4, 122], "uv_size": [1, 1]},
								"east": {"uv": [71, 117], "uv_size": [2, 1]},
								"south": {"uv": [122, 4], "uv_size": [1, 1]},
								"west": {"uv": [117, 71], "uv_size": [2, 1]},
								"up": {"uv": [117, 72], "uv_size": [1, 2]},
								"down": {"uv": [73, 119], "uv_size": [1, -2]}
							}
						},
						{
							"origin": [5.55181, 16.30904, -32.16739],
							"size": [0.875, 0.11398, 1.94926],
							"pivot": [4.92291, 18.99289, -31.19276],
							"rotation": [-135.92719, 10.19771, 169.63681],
							"uv": {
								"north": {"uv": [5, 122], "uv_size": [1, 1]},
								"east": {"uv": [74, 117], "uv_size": [2, 1]},
								"south": {"uv": [122, 5], "uv_size": [1, 1]},
								"west": {"uv": [117, 74], "uv_size": [2, 1]},
								"up": {"uv": [117, 75], "uv_size": [1, 2]},
								"down": {"uv": [76, 119], "uv_size": [1, -2]}
							}
						},
						{
							"origin": [5.55181, 16.30904, -32.16739],
							"size": [0.875, 0.11398, 1.94926],
							"pivot": [4.92291, 18.99289, -31.19276],
							"rotation": [44.07281, -10.19771, -169.63681],
							"uv": {
								"north": {"uv": [6, 122], "uv_size": [1, 1]},
								"east": {"uv": [77, 117], "uv_size": [2, 1]},
								"south": {"uv": [122, 6], "uv_size": [1, 1]},
								"west": {"uv": [117, 78], "uv_size": [2, 1]},
								"up": {"uv": [79, 117], "uv_size": [1, 2]},
								"down": {"uv": [117, 81], "uv_size": [1, -2]}
							}
						},
						{
							"origin": [4.73408, 16.49058, -32.16739],
							"size": [1.35, 1.30148, 1.94926],
							"pivot": [4.92291, 18.99289, -31.19276],
							"rotation": [41.94901, -18.05774, -160.97176],
							"uv": {
								"north": {"uv": [7, 122], "uv_size": [1, 1]},
								"east": {"uv": [80, 117], "uv_size": [2, 1]},
								"south": {"uv": [122, 7], "uv_size": [1, 1]},
								"west": {"uv": [117, 81], "uv_size": [2, 1]},
								"up": {"uv": [82, 117], "uv_size": [1, 2]},
								"down": {"uv": [83, 119], "uv_size": [1, -2]}
							}
						},
						{
							"origin": [4.73408, 16.49058, -32.16739],
							"size": [1.35, 1.30148, 1.94926],
							"pivot": [4.92291, 18.99289, -31.19276],
							"rotation": [-41.94901, 18.05774, -160.97176],
							"uv": {
								"north": {"uv": [8, 122], "uv_size": [1, 1]},
								"east": {"uv": [84, 117], "uv_size": [2, 1]},
								"south": {"uv": [122, 8], "uv_size": [1, 1]},
								"west": {"uv": [86, 117], "uv_size": [2, 1]},
								"up": {"uv": [88, 117], "uv_size": [1, 2]},
								"down": {"uv": [117, 90], "uv_size": [1, -2]}
							}
						},
						{
							"origin": [5.55181, 16.30904, -32.16739],
							"size": [0.875, 0.11398, 1.94926],
							"pivot": [4.92291, 18.99289, -31.19276],
							"rotation": [-44.07281, 10.19771, -169.63681],
							"uv": {
								"north": {"uv": [9, 122], "uv_size": [1, 1]},
								"east": {"uv": [89, 117], "uv_size": [2, 1]},
								"south": {"uv": [122, 9], "uv_size": [1, 1]},
								"west": {"uv": [117, 90], "uv_size": [2, 1]},
								"up": {"uv": [91, 117], "uv_size": [1, 2]},
								"down": {"uv": [92, 119], "uv_size": [1, -2]}
							}
						},
						{
							"origin": [5.55181, 16.30904, -32.16739],
							"size": [0.875, 0.11398, 1.94926],
							"pivot": [4.92291, 18.99289, -31.19276],
							"rotation": [135.92719, -10.19771, 169.63681],
							"uv": {
								"north": {"uv": [10, 122], "uv_size": [1, 1]},
								"east": {"uv": [117, 91], "uv_size": [2, 1]},
								"south": {"uv": [122, 10], "uv_size": [1, 1]},
								"west": {"uv": [93, 117], "uv_size": [2, 1]},
								"up": {"uv": [117, 94], "uv_size": [1, 2]},
								"down": {"uv": [96, 119], "uv_size": [1, -2]}
							}
						},
						{
							"origin": [5.55181, 16.18404, -31.41739],
							"size": [0.875, 0.11398, 0.44926],
							"pivot": [4.92291, 18.99289, -31.19276],
							"rotation": [-66.83676, 13.37485, -174.34792],
							"uv": {
								"north": {"uv": [11, 122], "uv_size": [1, 1]},
								"east": {"uv": [122, 11], "uv_size": [1, 1]},
								"south": {"uv": [12, 122], "uv_size": [1, 1]},
								"west": {"uv": [122, 12], "uv_size": [1, 1]},
								"up": {"uv": [13, 122], "uv_size": [1, 1]},
								"down": {"uv": [122, 14], "uv_size": [1, -1]}
							}
						},
						{
							"origin": [5.55181, 16.18404, -31.41739],
							"size": [0.875, 0.11398, 0.44926],
							"pivot": [4.92291, 18.99289, -31.19276],
							"rotation": [113.16324, -13.37485, 174.34792],
							"uv": {
								"north": {"uv": [14, 122], "uv_size": [1, 1]},
								"east": {"uv": [122, 14], "uv_size": [1, 1]},
								"south": {"uv": [15, 122], "uv_size": [1, 1]},
								"west": {"uv": [122, 15], "uv_size": [1, 1]},
								"up": {"uv": [16, 122], "uv_size": [1, 1]},
								"down": {"uv": [122, 17], "uv_size": [1, -1]}
							}
						},
						{
							"origin": [4.87592, 16.09805, -31.41739],
							"size": [0.875, 0.11398, 0.44926],
							"pivot": [4.5795, 18.99289, -31.19276],
							"rotation": [-158.14823, 5.4983, 166.56217],
							"uv": {
								"north": {"uv": [17, 122], "uv_size": [1, 1]},
								"east": {"uv": [122, 17], "uv_size": [1, 1]},
								"south": {"uv": [18, 122], "uv_size": [1, 1]},
								"west": {"uv": [122, 18], "uv_size": [1, 1]},
								"up": {"uv": [19, 122], "uv_size": [1, 1]},
								"down": {"uv": [122, 20], "uv_size": [1, -1]}
							}
						},
						{
							"origin": [4.87592, 16.09805, -31.41739],
							"size": [0.875, 0.11398, 0.44926],
							"pivot": [4.5795, 18.99289, -31.19276],
							"rotation": [21.85177, -5.4983, -166.56217],
							"uv": {
								"north": {"uv": [20, 122], "uv_size": [1, 1]},
								"east": {"uv": [122, 20], "uv_size": [1, 1]},
								"south": {"uv": [21, 122], "uv_size": [1, 1]},
								"west": {"uv": [122, 21], "uv_size": [1, 1]},
								"up": {"uv": [22, 122], "uv_size": [1, 1]},
								"down": {"uv": [122, 23], "uv_size": [1, -1]}
							}
						},
						{
							"origin": [4.87592, 16.09805, -31.41739],
							"size": [0.875, 0.11398, 0.44926],
							"pivot": [4.5795, 18.99289, -31.19276],
							"rotation": [66.83676, -13.37485, -174.34792],
							"uv": {
								"north": {"uv": [23, 122], "uv_size": [1, 1]},
								"east": {"uv": [122, 23], "uv_size": [1, 1]},
								"south": {"uv": [24, 122], "uv_size": [1, 1]},
								"west": {"uv": [122, 24], "uv_size": [1, 1]},
								"up": {"uv": [25, 122], "uv_size": [1, 1]},
								"down": {"uv": [122, 26], "uv_size": [1, -1]}
							}
						},
						{
							"origin": [4.87592, 16.09805, -31.41739],
							"size": [0.875, 0.11398, 0.44926],
							"pivot": [4.5795, 18.99289, -31.19276],
							"rotation": [-113.16324, 13.37485, 174.34792],
							"uv": {
								"north": {"uv": [26, 122], "uv_size": [1, 1]},
								"east": {"uv": [122, 26], "uv_size": [1, 1]},
								"south": {"uv": [27, 122], "uv_size": [1, 1]},
								"west": {"uv": [122, 27], "uv_size": [1, 1]},
								"up": {"uv": [28, 122], "uv_size": [1, 1]},
								"down": {"uv": [122, 29], "uv_size": [1, -1]}
							}
						},
						{
							"origin": [4.87592, 16.09805, -31.41739],
							"size": [0.875, 0.11398, 0.44926],
							"pivot": [4.5795, 18.99289, -31.19276],
							"rotation": [158.14823, -5.4983, 166.56217],
							"uv": {
								"north": {"uv": [29, 122], "uv_size": [1, 1]},
								"east": {"uv": [122, 29], "uv_size": [1, 1]},
								"south": {"uv": [30, 122], "uv_size": [1, 1]},
								"west": {"uv": [122, 30], "uv_size": [1, 1]},
								"up": {"uv": [31, 122], "uv_size": [1, 1]},
								"down": {"uv": [122, 32], "uv_size": [1, -1]}
							}
						},
						{
							"origin": [4.87592, 16.09805, -31.41739],
							"size": [0.875, 0.11398, 0.44926],
							"pivot": [4.5795, 18.99289, -31.19276],
							"rotation": [-21.85177, 5.4983, -166.56217],
							"uv": {
								"north": {"uv": [32, 122], "uv_size": [1, 1]},
								"east": {"uv": [33, 122], "uv_size": [1, 1]},
								"south": {"uv": [34, 122], "uv_size": [1, 1]},
								"west": {"uv": [35, 122], "uv_size": [1, 1]},
								"up": {"uv": [36, 122], "uv_size": [1, 1]},
								"down": {"uv": [37, 123], "uv_size": [1, -1]}
							}
						},
						{
							"origin": [4.73408, 16.49058, -32.16739],
							"size": [1.35, 1.30148, 1.94926],
							"pivot": [4.92291, 18.99289, -31.19276],
							"rotation": [138.05099, -18.05774, 160.97176],
							"uv": {
								"north": {"uv": [38, 122], "uv_size": [1, 1]},
								"east": {"uv": [97, 117], "uv_size": [2, 1]},
								"south": {"uv": [39, 122], "uv_size": [1, 1]},
								"west": {"uv": [99, 117], "uv_size": [2, 1]},
								"up": {"uv": [101, 117], "uv_size": [1, 2]},
								"down": {"uv": [102, 119], "uv_size": [1, -2]}
							}
						},
						{
							"origin": [-9.71144, 22.33302, -32.12091],
							"size": [16.975, 1.17648, 1.94926],
							"pivot": [-2.83486, 18.98816, -31.14628],
							"rotation": [0, 0, 165.5],
							"uv": {
								"north": {"uv": [91, 83], "uv_size": [17, 1]},
								"east": {"uv": [103, 117], "uv_size": [2, 1]},
								"south": {"uv": [91, 84], "uv_size": [17, 1]},
								"west": {"uv": [117, 103], "uv_size": [2, 1]},
								"up": {"uv": [76, 48], "uv_size": [17, 2]},
								"down": {"uv": [0, 79], "uv_size": [17, -2]}
							}
						},
						{
							"origin": [4.28856, 14.65432, -32.93341],
							"size": [2.975, 0.98898, 3.51176],
							"pivot": [-2.83486, 18.98816, -31.14628],
							"rotation": [21.85177, -5.4983, -166.56217],
							"uv": {
								"north": {"uv": [86, 114], "uv_size": [3, 1]},
								"east": {"uv": [8, 113], "uv_size": [4, 1]},
								"south": {"uv": [114, 88], "uv_size": [3, 1]},
								"west": {"uv": [12, 113], "uv_size": [4, 1]},
								"up": {"uv": [32, 92], "uv_size": [3, 4]},
								"down": {"uv": [96, 69], "uv_size": [3, -4]}
							}
						},
						{
							"origin": [-1.21144, 14.65432, -32.55841],
							"size": [5.5375, 0.98898, 2.82426],
							"pivot": [-2.83486, 18.98816, -31.14628],
							"rotation": [21.85177, -5.4983, -166.56217],
							"uv": {
								"north": {"uv": [108, 60], "uv_size": [6, 1]},
								"east": {"uv": [114, 89], "uv_size": [3, 1]},
								"south": {"uv": [108, 61], "uv_size": [6, 1]},
								"west": {"uv": [114, 90], "uv_size": [3, 1]},
								"up": {"uv": [33, 85], "uv_size": [6, 3]},
								"down": {"uv": [55, 88], "uv_size": [6, -3]}
							}
						},
						{
							"origin": [-9.77394, 14.65432, -31.99591],
							"size": [8.6, 0.98898, 1.69926],
							"pivot": [-2.83486, 18.98816, -31.14628],
							"rotation": [21.85177, -5.4983, -166.56217],
							"uv": {
								"north": {"uv": [97, 58], "uv_size": [9, 1]},
								"east": {"uv": [117, 104], "uv_size": [2, 1]},
								"south": {"uv": [97, 81], "uv_size": [9, 1]},
								"west": {"uv": [117, 105], "uv_size": [2, 1]},
								"up": {"uv": [84, 71], "uv_size": [9, 2]},
								"down": {"uv": [61, 87], "uv_size": [9, -2]}
							}
						},
						{
							"origin": [-9.77394, 14.65432, -31.99591],
							"size": [8.6, 0.98898, 1.69926],
							"pivot": [-2.83486, 18.98816, -31.14628],
							"rotation": [-158.14823, 5.4983, 166.56217],
							"uv": {
								"north": {"uv": [102, 70], "uv_size": [9, 1]},
								"east": {"uv": [106, 117], "uv_size": [2, 1]},
								"south": {"uv": [104, 67], "uv_size": [9, 1]},
								"west": {"uv": [117, 106], "uv_size": [2, 1]},
								"up": {"uv": [70, 85], "uv_size": [9, 2]},
								"down": {"uv": [85, 79], "uv_size": [9, -2]}
							}
						},
						{
							"origin": [-1.21144, 14.65432, -32.55841],
							"size": [5.5375, 0.98898, 2.82426],
							"pivot": [-2.83486, 18.98816, -31.14628],
							"rotation": [-158.14823, 5.4983, 166.56217],
							"uv": {
								"north": {"uv": [62, 108], "uv_size": [6, 1]},
								"east": {"uv": [114, 91], "uv_size": [3, 1]},
								"south": {"uv": [108, 73], "uv_size": [6, 1]},
								"west": {"uv": [114, 94], "uv_size": [3, 1]},
								"up": {"uv": [85, 79], "uv_size": [6, 3]},
								"down": {"uv": [85, 85], "uv_size": [6, -3]}
							}
						},
						{
							"origin": [4.28856, 14.65432, -32.93341],
							"size": [2.975, 0.98898, 3.51176],
							"pivot": [-2.83486, 18.98816, -31.14628],
							"rotation": [-158.14823, 5.4983, 166.56217],
							"uv": {
								"north": {"uv": [114, 95], "uv_size": [3, 1]},
								"east": {"uv": [16, 113], "uv_size": [4, 1]},
								"south": {"uv": [114, 103], "uv_size": [3, 1]},
								"west": {"uv": [20, 113], "uv_size": [4, 1]},
								"up": {"uv": [68, 96], "uv_size": [3, 4]},
								"down": {"uv": [71, 100], "uv_size": [3, -4]}
							}
						},
						{
							"origin": [4.28856, 14.65432, -32.93341],
							"size": [2.975, 0.98898, 3.51176],
							"pivot": [-2.83486, 18.98816, -31.14628],
							"rotation": [66.83676, -13.37485, -174.34792],
							"uv": {
								"north": {"uv": [114, 104], "uv_size": [3, 1]},
								"east": {"uv": [24, 113], "uv_size": [4, 1]},
								"south": {"uv": [114, 105], "uv_size": [3, 1]},
								"west": {"uv": [113, 31], "uv_size": [4, 1]},
								"up": {"uv": [74, 96], "uv_size": [3, 4]},
								"down": {"uv": [77, 100], "uv_size": [3, -4]}
							}
						},
						{
							"origin": [-1.21144, 14.65432, -32.55841],
							"size": [5.5375, 0.98898, 2.82426],
							"pivot": [-2.83486, 18.98816, -31.14628],
							"rotation": [66.83676, -13.37485, -174.34792],
							"uv": {
								"north": {"uv": [108, 74], "uv_size": [6, 1]},
								"east": {"uv": [114, 106], "uv_size": [3, 1]},
								"south": {"uv": [79, 108], "uv_size": [6, 1]},
								"west": {"uv": [114, 107], "uv_size": [3, 1]},
								"up": {"uv": [85, 85], "uv_size": [6, 3]},
								"down": {"uv": [0, 89], "uv_size": [6, -3]}
							}
						},
						{
							"origin": [-9.77394, 14.65432, -31.99591],
							"size": [8.6, 0.98898, 1.69926],
							"pivot": [-2.83486, 18.98816, -31.14628],
							"rotation": [66.83676, -13.37485, -174.34792],
							"uv": {
								"north": {"uv": [104, 93], "uv_size": [9, 1]},
								"east": {"uv": [117, 107], "uv_size": [2, 1]},
								"south": {"uv": [104, 102], "uv_size": [9, 1]},
								"west": {"uv": [108, 117], "uv_size": [2, 1]},
								"up": {"uv": [6, 86], "uv_size": [9, 2]},
								"down": {"uv": [15, 89], "uv_size": [9, -2]}
							}
						},
						{
							"origin": [4.28856, 14.65432, -32.93341],
							"size": [2.975, 0.98898, 3.51176],
							"pivot": [-2.83486, 18.98816, -31.14628],
							"rotation": [-113.16324, 13.37485, 174.34792],
							"uv": {
								"north": {"uv": [114, 108], "uv_size": [3, 1]},
								"east": {"uv": [43, 113], "uv_size": [4, 1]},
								"south": {"uv": [114, 112], "uv_size": [3, 1]},
								"west": {"uv": [47, 113], "uv_size": [4, 1]},
								"up": {"uv": [0, 97], "uv_size": [3, 4]},
								"down": {"uv": [3, 101], "uv_size": [3, -4]}
							}
						},
						{
							"origin": [-1.21144, 14.65432, -32.55841],
							"size": [5.5375, 0.98898, 2.82426],
							"pivot": [-2.83486, 18.98816, -31.14628],
							"rotation": [-113.16324, 13.37485, 174.34792],
							"uv": {
								"north": {"uv": [108, 79], "uv_size": [6, 1]},
								"east": {"uv": [114, 113], "uv_size": [3, 1]},
								"south": {"uv": [108, 80], "uv_size": [6, 1]},
								"west": {"uv": [114, 114], "uv_size": [3, 1]},
								"up": {"uv": [24, 87], "uv_size": [6, 3]},
								"down": {"uv": [39, 90], "uv_size": [6, -3]}
							}
						},
						{
							"origin": [-9.77394, 14.65432, -31.99591],
							"size": [8.6, 0.98898, 1.69926],
							"pivot": [-2.83486, 18.98816, -31.14628],
							"rotation": [-113.16324, 13.37485, 174.34792],
							"uv": {
								"north": {"uv": [77, 105], "uv_size": [9, 1]},
								"east": {"uv": [117, 108], "uv_size": [2, 1]},
								"south": {"uv": [96, 105], "uv_size": [9, 1]},
								"west": {"uv": [117, 109], "uv_size": [2, 1]},
								"up": {"uv": [45, 87], "uv_size": [9, 2]},
								"down": {"uv": [61, 89], "uv_size": [9, -2]}
							}
						},
						{
							"origin": [4.28856, 14.65432, -32.93341],
							"size": [2.975, 0.98898, 3.51176],
							"pivot": [-2.83486, 18.98816, -31.14628],
							"rotation": [113.16324, -13.37485, 174.34792],
							"uv": {
								"north": {"uv": [115, 0], "uv_size": [3, 1]},
								"east": {"uv": [51, 113], "uv_size": [4, 1]},
								"south": {"uv": [115, 1], "uv_size": [3, 1]},
								"west": {"uv": [55, 113], "uv_size": [4, 1]},
								"up": {"uv": [14, 97], "uv_size": [3, 4]},
								"down": {"uv": [17, 101], "uv_size": [3, -4]}
							}
						},
						{
							"origin": [-1.21144, 14.65432, -32.55841],
							"size": [5.5375, 0.98898, 2.82426],
							"pivot": [-2.83486, 18.98816, -31.14628],
							"rotation": [113.16324, -13.37485, 174.34792],
							"uv": {
								"north": {"uv": [108, 82], "uv_size": [6, 1]},
								"east": {"uv": [115, 2], "uv_size": [3, 1]},
								"south": {"uv": [108, 83], "uv_size": [6, 1]},
								"west": {"uv": [115, 3], "uv_size": [3, 1]},
								"up": {"uv": [70, 87], "uv_size": [6, 3]},
								"down": {"uv": [76, 90], "uv_size": [6, -3]}
							}
						},
						{
							"origin": [-9.77394, 14.65432, -31.99591],
							"size": [8.6, 0.98898, 1.69926],
							"pivot": [-2.83486, 18.98816, -31.14628],
							"rotation": [113.16324, -13.37485, 174.34792],
							"uv": {
								"north": {"uv": [105, 105], "uv_size": [9, 1]},
								"east": {"uv": [110, 117], "uv_size": [2, 1]},
								"south": {"uv": [2, 106], "uv_size": [9, 1]},
								"west": {"uv": [117, 110], "uv_size": [2, 1]},
								"up": {"uv": [6, 88], "uv_size": [9, 2]},
								"down": {"uv": [30, 90], "uv_size": [9, -2]}
							}
						},
						{
							"origin": [4.28856, 14.65432, -32.93341],
							"size": [2.975, 0.98898, 3.51176],
							"pivot": [-2.83486, 18.98816, -31.14628],
							"rotation": [-66.83676, 13.37485, -174.34792],
							"uv": {
								"north": {"uv": [115, 4], "uv_size": [3, 1]},
								"east": {"uv": [113, 58], "uv_size": [4, 1]},
								"south": {"uv": [115, 5], "uv_size": [3, 1]},
								"west": {"uv": [60, 113], "uv_size": [4, 1]},
								"up": {"uv": [20, 97], "uv_size": [3, 4]},
								"down": {"uv": [23, 101], "uv_size": [3, -4]}
							}
						},
						{
							"origin": [-1.21144, 14.65432, -32.55841],
							"size": [5.5375, 0.98898, 2.82426],
							"pivot": [-2.83486, 18.98816, -31.14628],
							"rotation": [-66.83676, 13.37485, -174.34792],
							"uv": {
								"north": {"uv": [108, 84], "uv_size": [6, 1]},
								"east": {"uv": [115, 6], "uv_size": [3, 1]},
								"south": {"uv": [85, 108], "uv_size": [6, 1]},
								"west": {"uv": [115, 7], "uv_size": [3, 1]},
								"up": {"uv": [54, 88], "uv_size": [6, 3]},
								"down": {"uv": [82, 91], "uv_size": [6, -3]}
							}
						},
						{
							"origin": [-9.77394, 14.65432, -31.99591],
							"size": [8.6, 0.98898, 1.69926],
							"pivot": [-2.83486, 18.98816, -31.14628],
							"rotation": [-66.83676, 13.37485, -174.34792],
							"uv": {
								"north": {"uv": [106, 20], "uv_size": [9, 1]},
								"east": {"uv": [117, 111], "uv_size": [2, 1]},
								"south": {"uv": [106, 21], "uv_size": [9, 1]},
								"west": {"uv": [112, 117], "uv_size": [2, 1]},
								"up": {"uv": [88, 73], "uv_size": [9, 2]},
								"down": {"uv": [88, 90], "uv_size": [9, -2]}
							}
						},
						{
							"origin": [4.28856, 14.65432, -32.93341],
							"size": [2.975, 0.98898, 3.51176],
							"pivot": [-2.83486, 18.98816, -31.14628],
							"rotation": [158.14823, -5.4983, 166.56217],
							"uv": {
								"north": {"uv": [19, 115], "uv_size": [3, 1]},
								"east": {"uv": [64, 113], "uv_size": [4, 1]},
								"south": {"uv": [115, 20], "uv_size": [3, 1]},
								"west": {"uv": [113, 67], "uv_size": [4, 1]},
								"up": {"uv": [26, 97], "uv_size": [3, 4]},
								"down": {"uv": [29, 101], "uv_size": [3, -4]}
							}
						},
						{
							"origin": [-1.21144, 14.65432, -32.55841],
							"size": [5.5375, 0.98898, 2.82426],
							"pivot": [-2.83486, 18.98816, -31.14628],
							"rotation": [158.14823, -5.4983, 166.56217],
							"uv": {
								"north": {"uv": [108, 85], "uv_size": [6, 1]},
								"east": {"uv": [115, 21], "uv_size": [3, 1]},
								"south": {"uv": [108, 86], "uv_size": [6, 1]},
								"west": {"uv": [22, 115], "uv_size": [3, 1]},
								"up": {"uv": [0, 89], "uv_size": [6, 3]},
								"down": {"uv": [15, 92], "uv_size": [6, -3]}
							}
						},
						{
							"origin": [-9.77394, 14.65432, -31.99591],
							"size": [8.6, 0.98898, 1.69926],
							"pivot": [-2.83486, 18.98816, -31.14628],
							"rotation": [158.14823, -5.4983, 166.56217],
							"uv": {
								"north": {"uv": [106, 22], "uv_size": [9, 1]},
								"east": {"uv": [117, 112], "uv_size": [2, 1]},
								"south": {"uv": [106, 23], "uv_size": [9, 1]},
								"west": {"uv": [117, 113], "uv_size": [2, 1]},
								"up": {"uv": [45, 89], "uv_size": [9, 2]},
								"down": {"uv": [60, 91], "uv_size": [9, -2]}
							}
						},
						{
							"origin": [4.28856, 14.65432, -32.93341],
							"size": [2.975, 0.98898, 3.51176],
							"pivot": [-2.83486, 18.98816, -31.14628],
							"rotation": [-21.85177, 5.4983, -166.56217],
							"uv": {
								"north": {"uv": [115, 22], "uv_size": [3, 1]},
								"east": {"uv": [68, 113], "uv_size": [4, 1]},
								"south": {"uv": [115, 23], "uv_size": [3, 1]},
								"west": {"uv": [113, 81], "uv_size": [4, 1]},
								"up": {"uv": [32, 97], "uv_size": [3, 4]},
								"down": {"uv": [35, 101], "uv_size": [3, -4]}
							}
						},
						{
							"origin": [-1.21144, 14.65432, -32.55841],
							"size": [5.5375, 0.98898, 2.82426],
							"pivot": [-2.83486, 18.98816, -31.14628],
							"rotation": [-21.85177, 5.4983, -166.56217],
							"uv": {
								"north": {"uv": [108, 87], "uv_size": [6, 1]},
								"east": {"uv": [115, 24], "uv_size": [3, 1]},
								"south": {"uv": [108, 88], "uv_size": [6, 1]},
								"west": {"uv": [25, 115], "uv_size": [3, 1]},
								"up": {"uv": [6, 90], "uv_size": [6, 3]},
								"down": {"uv": [21, 93], "uv_size": [6, -3]}
							}
						},
						{
							"origin": [-9.77394, 14.65432, -31.99591],
							"size": [8.6, 0.98898, 1.69926],
							"pivot": [-2.83486, 18.98816, -31.14628],
							"rotation": [-21.85177, 5.4983, -166.56217],
							"uv": {
								"north": {"uv": [106, 24], "uv_size": [9, 1]},
								"east": {"uv": [114, 117], "uv_size": [2, 1]},
								"south": {"uv": [106, 25], "uv_size": [9, 1]},
								"west": {"uv": [117, 114], "uv_size": [2, 1]},
								"up": {"uv": [89, 75], "uv_size": [9, 2]},
								"down": {"uv": [27, 92], "uv_size": [9, -2]}
							}
						},
						{
							"origin": [-9.71144, 14.46682, -32.12091],
							"size": [16.975, 1.17648, 1.94926],
							"pivot": [-2.83486, 18.98816, -31.14628],
							"rotation": [44.07281, -10.19771, -169.63681],
							"uv": {
								"north": {"uv": [91, 85], "uv_size": [17, 1]},
								"east": {"uv": [117, 116], "uv_size": [2, 1]},
								"south": {"uv": [91, 86], "uv_size": [17, 1]},
								"west": {"uv": [117, 117], "uv_size": [2, 1]},
								"up": {"uv": [17, 77], "uv_size": [17, 2]},
								"down": {"uv": [34, 79], "uv_size": [17, -2]}
							}
						},
						{
							"origin": [-9.71144, 22.33302, -32.12091],
							"size": [16.975, 1.17648, 1.94926],
							"pivot": [-2.83486, 18.98816, -31.14628],
							"rotation": [44.07281, 10.19771, 169.63681],
							"uv": {
								"north": {"uv": [91, 87], "uv_size": [17, 1]},
								"east": {"uv": [118, 0], "uv_size": [2, 1]},
								"south": {"uv": [15, 93], "uv_size": [17, 1]},
								"west": {"uv": [1, 118], "uv_size": [2, 1]},
								"up": {"uv": [51, 77], "uv_size": [17, 2]},
								"down": {"uv": [68, 79], "uv_size": [17, -2]}
							}
						},
						{
							"origin": [-9.71144, 14.46682, -32.12091],
							"size": [16.975, 1.17648, 1.94926],
							"pivot": [-2.83486, 18.98816, -31.14628],
							"rotation": [90, -14.5, -180],
							"uv": {
								"north": {"uv": [93, 46], "uv_size": [17, 1]},
								"east": {"uv": [118, 1], "uv_size": [2, 1]},
								"south": {"uv": [93, 47], "uv_size": [17, 1]},
								"west": {"uv": [118, 2], "uv_size": [2, 1]},
								"up": {"uv": [78, 52], "uv_size": [17, 2]},
								"down": {"uv": [78, 56], "uv_size": [17, -2]}
							}
						},
						{
							"origin": [-9.71144, 22.33302, -32.12091],
							"size": [16.975, 1.17648, 1.94926],
							"pivot": [-2.83486, 18.98816, -31.14628],
							"rotation": [90, 14.5, 180],
							"uv": {
								"north": {"uv": [93, 48], "uv_size": [17, 1]},
								"east": {"uv": [3, 118], "uv_size": [2, 1]},
								"south": {"uv": [93, 49], "uv_size": [17, 1]},
								"west": {"uv": [118, 3], "uv_size": [2, 1]},
								"up": {"uv": [0, 79], "uv_size": [17, 2]},
								"down": {"uv": [17, 81], "uv_size": [17, -2]}
							}
						},
						{
							"origin": [-9.71144, 14.46682, -32.12091],
							"size": [16.975, 1.17648, 1.94926],
							"pivot": [-2.83486, 18.98816, -31.14628],
							"rotation": [135.92719, -10.19771, 169.63681],
							"uv": {
								"north": {"uv": [93, 71], "uv_size": [17, 1]},
								"east": {"uv": [118, 4], "uv_size": [2, 1]},
								"south": {"uv": [93, 72], "uv_size": [17, 1]},
								"west": {"uv": [118, 5], "uv_size": [2, 1]},
								"up": {"uv": [34, 79], "uv_size": [17, 2]},
								"down": {"uv": [51, 81], "uv_size": [17, -2]}
							}
						},
						{
							"origin": [-9.71144, 22.33302, -32.12091],
							"size": [16.975, 1.17648, 1.94926],
							"pivot": [-2.83486, 18.98816, -31.14628],
							"rotation": [135.92719, 10.19771, -169.63681],
							"uv": {
								"north": {"uv": [87, 93], "uv_size": [17, 1]},
								"east": {"uv": [118, 6], "uv_size": [2, 1]},
								"south": {"uv": [15, 94], "uv_size": [17, 1]},
								"west": {"uv": [118, 7], "uv_size": [2, 1]},
								"up": {"uv": [68, 79], "uv_size": [17, 2]},
								"down": {"uv": [0, 83], "uv_size": [17, -2]}
							}
						},
						{
							"origin": [-24.68143, 27.58428, -32.12091],
							"size": [6.35, 1.17648, 1.94926],
							"pivot": [-18.39618, 22.323, -31.14628],
							"rotation": [0, 0, -152],
							"uv": {
								"north": {"uv": [108, 89], "uv_size": [6, 1]},
								"east": {"uv": [118, 8], "uv_size": [2, 1]},
								"south": {"uv": [108, 103], "uv_size": [6, 1]},
								"west": {"uv": [118, 9], "uv_size": [2, 1]},
								"up": {"uv": [96, 69], "uv_size": [6, 2]},
								"down": {"uv": [38, 99], "uv_size": [6, -2]}
							}
						},
						{
							"origin": [-23.1263, 15.49749, -32.12091],
							"size": [6.35, 1.17648, 1.94926],
							"pivot": [-18.39618, 19.0105, -31.14628],
							"rotation": [90, 28, -180],
							"uv": {
								"north": {"uv": [108, 104], "uv_size": [6, 1]},
								"east": {"uv": [118, 10], "uv_size": [2, 1]},
								"south": {"uv": [108, 106], "uv_size": [6, 1]},
								"west": {"uv": [118, 11], "uv_size": [2, 1]},
								"up": {"uv": [44, 97], "uv_size": [6, 2]},
								"down": {"uv": [50, 99], "uv_size": [6, -2]}
							}
						},
						{
							"origin": [-23.1263, 21.34702, -32.12091],
							"size": [6.35, 1.17648, 1.94926],
							"pivot": [-18.39618, 19.0105, -31.14628],
							"rotation": [90, -28, 180],
							"uv": {
								"north": {"uv": [108, 107], "uv_size": [6, 1]},
								"east": {"uv": [118, 12], "uv_size": [2, 1]},
								"south": {"uv": [108, 108], "uv_size": [6, 1]},
								"west": {"uv": [118, 13], "uv_size": [2, 1]},
								"up": {"uv": [56, 97], "uv_size": [6, 2]},
								"down": {"uv": [97, 75], "uv_size": [6, -2]}
							}
						},
						{
							"origin": [-23.1263, 21.34702, -32.12091],
							"size": [5.0375, 1.05148, 1.94926],
							"pivot": [-18.39618, 19.0105, -31.14628],
							"rotation": [64.86751, -25.70484, -168.49867],
							"uv": {
								"north": {"uv": [96, 111], "uv_size": [5, 1]},
								"east": {"uv": [118, 14], "uv_size": [2, 1]},
								"south": {"uv": [111, 96], "uv_size": [5, 1]},
								"west": {"uv": [118, 15], "uv_size": [2, 1]},
								"up": {"uv": [103, 73], "uv_size": [5, 2]},
								"down": {"uv": [103, 81], "uv_size": [5, -2]}
							}
						},
						{
							"origin": [-23.1263, 15.62249, -32.12091],
							"size": [5.0375, 1.05148, 1.94926],
							"pivot": [-18.39618, 19.0105, -31.14628],
							"rotation": [64.86751, 25.70484, 168.49867],
							"uv": {
								"north": {"uv": [111, 97], "uv_size": [5, 1]},
								"east": {"uv": [17, 118], "uv_size": [2, 1]},
								"south": {"uv": [111, 98], "uv_size": [5, 1]},
								"west": {"uv": [118, 18], "uv_size": [2, 1]},
								"up": {"uv": [84, 103], "uv_size": [5, 2]},
								"down": {"uv": [103, 90], "uv_size": [5, -2]}
							}
						},
						{
							"origin": [-23.1263, 21.34702, -32.12091],
							"size": [5.0375, 1.05148, 1.94926],
							"pivot": [-18.39618, 19.0105, -31.14628],
							"rotation": [20.08892, -10.3499, -153.83809],
							"uv": {
								"north": {"uv": [111, 99], "uv_size": [5, 1]},
								"east": {"uv": [19, 118], "uv_size": [2, 1]},
								"south": {"uv": [111, 100], "uv_size": [5, 1]},
								"west": {"uv": [118, 19], "uv_size": [2, 1]},
								"up": {"uv": [89, 103], "uv_size": [5, 2]},
								"down": {"uv": [98, 105], "uv_size": [5, -2]}
							}
						},
						{
							"origin": [-23.1263, 15.62249, -32.12091],
							"size": [5.0375, 1.05148, 1.94926],
							"pivot": [-18.39618, 19.0105, -31.14628],
							"rotation": [20.08892, 10.3499, 153.83809],
							"uv": {
								"north": {"uv": [101, 111], "uv_size": [5, 1]},
								"east": {"uv": [118, 20], "uv_size": [2, 1]},
								"south": {"uv": [111, 101], "uv_size": [5, 1]},
								"west": {"uv": [21, 118], "uv_size": [2, 1]},
								"up": {"uv": [103, 103], "uv_size": [5, 2]},
								"down": {"uv": [6, 106], "uv_size": [5, -2]}
							}
						},
						{
							"origin": [-23.1263, 21.34702, -32.12091],
							"size": [5.0375, 1.05148, 1.94926],
							"pivot": [-18.39618, 19.0105, -31.14628],
							"rotation": [-20.08892, 10.3499, -153.83809],
							"uv": {
								"north": {"uv": [110, 111], "uv_size": [5, 1]},
								"east": {"uv": [118, 21], "uv_size": [2, 1]},
								"south": {"uv": [0, 112], "uv_size": [5, 1]},
								"west": {"uv": [118, 22], "uv_size": [2, 1]},
								"up": {"uv": [104, 63], "uv_size": [5, 2]},
								"down": {"uv": [104, 67], "uv_size": [5, -2]}
							}
						},
						{
							"origin": [-23.1263, 15.62249, -32.12091],
							"size": [5.0375, 1.05148, 1.94926],
							"pivot": [-18.39618, 19.0105, -31.14628],
							"rotation": [-20.08892, -10.3499, 153.83809],
							"uv": {
								"north": {"uv": [5, 112], "uv_size": [5, 1]},
								"east": {"uv": [23, 118], "uv_size": [2, 1]},
								"south": {"uv": [10, 112], "uv_size": [5, 1]},
								"west": {"uv": [118, 23], "uv_size": [2, 1]},
								"up": {"uv": [104, 75], "uv_size": [5, 2]},
								"down": {"uv": [104, 98], "uv_size": [5, -2]}
							}
						},
						{
							"origin": [-23.1263, 21.34702, -32.12091],
							"size": [5.0375, 1.05148, 1.94926],
							"pivot": [-18.39618, 19.0105, -31.14628],
							"rotation": [-64.86751, 25.70484, -168.49867],
							"uv": {
								"north": {"uv": [15, 112], "uv_size": [5, 1]},
								"east": {"uv": [118, 24], "uv_size": [2, 1]},
								"south": {"uv": [20, 112], "uv_size": [5, 1]},
								"west": {"uv": [25, 118], "uv_size": [2, 1]},
								"up": {"uv": [104, 98], "uv_size": [5, 2]},
								"down": {"uv": [104, 102], "uv_size": [5, -2]}
							}
						},
						{
							"origin": [-23.1263, 15.62249, -32.12091],
							"size": [5.0375, 1.05148, 1.94926],
							"pivot": [-18.39618, 19.0105, -31.14628],
							"rotation": [-64.86751, -25.70484, 168.49867],
							"uv": {
								"north": {"uv": [25, 112], "uv_size": [5, 1]},
								"east": {"uv": [118, 27], "uv_size": [2, 1]},
								"south": {"uv": [112, 46], "uv_size": [5, 1]},
								"west": {"uv": [118, 28], "uv_size": [2, 1]},
								"up": {"uv": [26, 105], "uv_size": [5, 2]},
								"down": {"uv": [38, 107], "uv_size": [5, -2]}
							}
						},
						{
							"origin": [-23.1263, 15.49749, -32.12091],
							"size": [6.35, 1.17648, 1.94926],
							"pivot": [-18.39618, 19.0105, -31.14628],
							"rotation": [138.55718, 19.38818, -159.39498],
							"uv": {
								"north": {"uv": [39, 109], "uv_size": [6, 1]},
								"east": {"uv": [29, 118], "uv_size": [2, 1]},
								"south": {"uv": [45, 109], "uv_size": [6, 1]},
								"west": {"uv": [31, 118], "uv_size": [2, 1]},
								"up": {"uv": [97, 79], "uv_size": [6, 2]},
								"down": {"uv": [80, 99], "uv_size": [6, -2]}
							}
						},
						{
							"origin": [-23.1263, 21.34702, -32.12091],
							"size": [6.35, 1.17648, 1.94926],
							"pivot": [-18.39618, 19.0105, -31.14628],
							"rotation": [138.55718, -19.38818, 159.39498],
							"uv": {
								"north": {"uv": [51, 109], "uv_size": [6, 1]},
								"east": {"uv": [33, 118], "uv_size": [2, 1]},
								"south": {"uv": [62, 109], "uv_size": [6, 1]},
								"west": {"uv": [37, 118], "uv_size": [2, 1]},
								"up": {"uv": [86, 97], "uv_size": [6, 2]},
								"down": {"uv": [97, 90], "uv_size": [6, -2]}
							}
						},
						{
							"origin": [-23.1263, 15.49749, -32.12091],
							"size": [6.35, 1.17648, 1.94926],
							"pivot": [-18.39618, 19.0105, -31.14628],
							"rotation": [41.44282, 19.38818, 159.39498],
							"uv": {
								"north": {"uv": [109, 63], "uv_size": [6, 1]},
								"east": {"uv": [39, 118], "uv_size": [2, 1]},
								"south": {"uv": [109, 64], "uv_size": [6, 1]},
								"west": {"uv": [41, 118], "uv_size": [2, 1]},
								"up": {"uv": [92, 97], "uv_size": [6, 2]},
								"down": {"uv": [6, 100], "uv_size": [6, -2]}
							}
						},
						{
							"origin": [-23.1263, 21.34702, -32.12091],
							"size": [6.35, 1.17648, 1.94926],
							"pivot": [-18.39618, 19.0105, -31.14628],
							"rotation": [41.44282, -19.38818, -159.39498],
							"uv": {
								"north": {"uv": [109, 65], "uv_size": [6, 1]},
								"east": {"uv": [43, 118], "uv_size": [2, 1]},
								"south": {"uv": [109, 66], "uv_size": [6, 1]},
								"west": {"uv": [45, 118], "uv_size": [2, 1]},
								"up": {"uv": [62, 98], "uv_size": [6, 2]},
								"down": {"uv": [98, 77], "uv_size": [6, -2]}
							}
						},
						{
							"origin": [-21.46812, 16.65107, -32.12091],
							"size": [26.43576, 4.7075, 1.94926],
							"uv": {
								"north": {"uv": [32, 32], "uv_size": [26, 5]},
								"east": {"uv": [31, 103], "uv_size": [2, 5]},
								"south": {"uv": [32, 37], "uv_size": [26, 5]},
								"west": {"uv": [75, 103], "uv_size": [2, 5]},
								"up": {"uv": [58, 50], "uv_size": [26, 2]},
								"down": {"uv": [16, 69], "uv_size": [26, -2]}
							}
						},
						{
							"origin": [-21.46772, 16.65135, -32.12079],
							"size": [26.43576, 4.7075, 1.94926],
							"pivot": [-21.03126, 19.00415, -31.14616],
							"rotation": [135, 0, 0],
							"uv": {
								"north": {"uv": [32, 42], "uv_size": [26, 5]},
								"east": {"uv": [94, 103], "uv_size": [2, 5]},
								"south": {"uv": [32, 47], "uv_size": [26, 5]},
								"west": {"uv": [0, 104], "uv_size": [2, 5]},
								"up": {"uv": [16, 69], "uv_size": [26, 2]},
								"down": {"uv": [70, 65], "uv_size": [26, -2]}
							}
						},
						{
							"origin": [-21.46832, 18.0294, -33.49924],
							"size": [26.43576, 1.94926, 4.7075],
							"uv": {
								"north": {"uv": [70, 65], "uv_size": [26, 2]},
								"east": {"uv": [43, 105], "uv_size": [5, 2]},
								"south": {"uv": [70, 67], "uv_size": [26, 2]},
								"west": {"uv": [48, 105], "uv_size": [5, 2]},
								"up": {"uv": [0, 48], "uv_size": [26, 5]},
								"down": {"uv": [26, 57], "uv_size": [26, -5]}
							}
						},
						{
							"origin": [-21.46772, 18.02935, -33.49912],
							"size": [26.43576, 1.94926, 4.7075],
							"pivot": [-21.03126, 19.00415, -31.14616],
							"rotation": [-45, 0, 0],
							"uv": {
								"north": {"uv": [70, 69], "uv_size": [26, 2]},
								"east": {"uv": [53, 105], "uv_size": [5, 2]},
								"south": {"uv": [16, 71], "uv_size": [26, 2]},
								"west": {"uv": [58, 105], "uv_size": [5, 2]},
								"up": {"uv": [52, 52], "uv_size": [26, 5]},
								"down": {"uv": [0, 58], "uv_size": [26, -5]}
							}
						},
						{
							"origin": [4.82577, 16.88663, -32.02333],
							"size": [18.40469, 4.23675, 1.75434],
							"pivot": [6.53124, 19.00415, -31.14616],
							"rotation": [135, 0, 0],
							"uv": {
								"north": {"uv": [58, 46], "uv_size": [18, 4]},
								"east": {"uv": [72, 105], "uv_size": [2, 4]},
								"south": {"uv": [0, 59], "uv_size": [18, 4]},
								"west": {"uv": [33, 106], "uv_size": [2, 4]},
								"up": {"uv": [16, 73], "uv_size": [18, 2]},
								"down": {"uv": [34, 75], "uv_size": [18, -2]}
							}
						},
						{
							"origin": [4.82577, 16.88638, -32.02343],
							"size": [18.40469, 4.23675, 1.75433],
							"uv": {
								"north": {"uv": [18, 59], "uv_size": [18, 4]},
								"east": {"uv": [35, 106], "uv_size": [2, 4]},
								"south": {"uv": [36, 59], "uv_size": [18, 4]},
								"west": {"uv": [77, 106], "uv_size": [2, 4]},
								"up": {"uv": [52, 73], "uv_size": [18, 2]},
								"down": {"uv": [70, 75], "uv_size": [18, -2]}
							}
						},
						{
							"origin": [6.13827, 20.94888, -30.58593],
							"size": [0.15469, 0.54925, 0.12933],
							"uv": {
								"north": {"uv": [40, 122], "uv_size": [1, 1]},
								"east": {"uv": [41, 122], "uv_size": [1, 1]},
								"south": {"uv": [42, 122], "uv_size": [1, 1]},
								"west": {"uv": [43, 122], "uv_size": [1, 1]},
								"up": {"uv": [44, 122], "uv_size": [1, 1]},
								"down": {"uv": [45, 123], "uv_size": [1, -1]}
							}
						},
						{
							"origin": [6.13827, 20.94888, -31.89843],
							"size": [0.15469, 0.54925, 0.12933],
							"uv": {
								"north": {"uv": [46, 122], "uv_size": [1, 1]},
								"east": {"uv": [122, 46], "uv_size": [1, 1]},
								"south": {"uv": [47, 122], "uv_size": [1, 1]},
								"west": {"uv": [122, 47], "uv_size": [1, 1]},
								"up": {"uv": [48, 122], "uv_size": [1, 1]},
								"down": {"uv": [122, 49], "uv_size": [1, -1]}
							}
						},
						{
							"origin": [6.26327, 21.38638, -30.58593],
							"size": [0.34219, 0.11175, 0.12933],
							"uv": {
								"north": {"uv": [49, 122], "uv_size": [1, 1]},
								"east": {"uv": [122, 49], "uv_size": [1, 1]},
								"south": {"uv": [50, 122], "uv_size": [1, 1]},
								"west": {"uv": [122, 50], "uv_size": [1, 1]},
								"up": {"uv": [51, 122], "uv_size": [1, 1]},
								"down": {"uv": [122, 52], "uv_size": [1, -1]}
							}
						},
						{
							"origin": [6.26327, 21.38638, -31.89843],
							"size": [0.34219, 0.11175, 0.12933],
							"uv": {
								"north": {"uv": [52, 122], "uv_size": [1, 1]},
								"east": {"uv": [122, 52], "uv_size": [1, 1]},
								"south": {"uv": [53, 122], "uv_size": [1, 1]},
								"west": {"uv": [122, 53], "uv_size": [1, 1]},
								"up": {"uv": [54, 122], "uv_size": [1, 1]},
								"down": {"uv": [122, 55], "uv_size": [1, -1]}
							}
						},
						{
							"origin": [6.26327, 20.94888, -30.58593],
							"size": [0.34219, 0.23675, 0.12933],
							"uv": {
								"north": {"uv": [55, 122], "uv_size": [1, 1]},
								"east": {"uv": [122, 55], "uv_size": [1, 1]},
								"south": {"uv": [56, 122], "uv_size": [1, 1]},
								"west": {"uv": [122, 56], "uv_size": [1, 1]},
								"up": {"uv": [57, 122], "uv_size": [1, 1]},
								"down": {"uv": [122, 58], "uv_size": [1, -1]}
							}
						},
						{
							"origin": [6.26327, 20.94888, -31.89843],
							"size": [0.34219, 0.23675, 0.12933],
							"uv": {
								"north": {"uv": [58, 122], "uv_size": [1, 1]},
								"east": {"uv": [122, 58], "uv_size": [1, 1]},
								"south": {"uv": [59, 122], "uv_size": [1, 1]},
								"west": {"uv": [122, 59], "uv_size": [1, 1]},
								"up": {"uv": [60, 122], "uv_size": [1, 1]},
								"down": {"uv": [122, 61], "uv_size": [1, -1]}
							}
						},
						{
							"origin": [6.57577, 20.94888, -31.89843],
							"size": [0.15469, 0.54925, 0.12933],
							"uv": {
								"north": {"uv": [61, 122], "uv_size": [1, 1]},
								"east": {"uv": [122, 61], "uv_size": [1, 1]},
								"south": {"uv": [62, 122], "uv_size": [1, 1]},
								"west": {"uv": [122, 62], "uv_size": [1, 1]},
								"up": {"uv": [63, 122], "uv_size": [1, 1]},
								"down": {"uv": [122, 64], "uv_size": [1, -1]}
							}
						},
						{
							"origin": [6.57577, 20.94888, -30.58593],
							"size": [0.15469, 0.54925, 0.12933],
							"uv": {
								"north": {"uv": [64, 122], "uv_size": [1, 1]},
								"east": {"uv": [122, 64], "uv_size": [1, 1]},
								"south": {"uv": [65, 122], "uv_size": [1, 1]},
								"west": {"uv": [122, 65], "uv_size": [1, 1]},
								"up": {"uv": [66, 122], "uv_size": [1, 1]},
								"down": {"uv": [122, 67], "uv_size": [1, -1]}
							}
						},
						{
							"origin": [6.82577, 21.01138, -31.77343],
							"size": [0.46719, 0.36175, 1.19183],
							"uv": {
								"north": {"uv": [67, 122], "uv_size": [1, 1]},
								"east": {"uv": [122, 67], "uv_size": [1, 1]},
								"south": {"uv": [68, 122], "uv_size": [1, 1]},
								"west": {"uv": [122, 68], "uv_size": [1, 1]},
								"up": {"uv": [69, 122], "uv_size": [1, 1]},
								"down": {"uv": [122, 70], "uv_size": [1, -1]}
							}
						},
						{
							"origin": [4.82577, 18.12687, -33.26393],
							"size": [18.40469, 1.75434, 4.23675],
							"uv": {
								"north": {"uv": [0, 75], "uv_size": [18, 2]},
								"east": {"uv": [106, 29], "uv_size": [4, 2]},
								"south": {"uv": [18, 75], "uv_size": [18, 2]},
								"west": {"uv": [79, 106], "uv_size": [4, 2]},
								"up": {"uv": [54, 59], "uv_size": [18, 4]},
								"down": {"uv": [0, 67], "uv_size": [18, -4]}
							}
						},
						{
							"origin": [4.82577, 18.12683, -33.26382],
							"size": [18.40469, 1.75433, 4.23675],
							"pivot": [6.53124, 19.00415, -31.14616],
							"rotation": [-45, 0, 0],
							"uv": {
								"north": {"uv": [36, 75], "uv_size": [18, 2]},
								"east": {"uv": [83, 106], "uv_size": [4, 2]},
								"south": {"uv": [54, 75], "uv_size": [18, 2]},
								"west": {"uv": [87, 106], "uv_size": [4, 2]},
								"up": {"uv": [18, 63], "uv_size": [18, 4]},
								"down": {"uv": [36, 67], "uv_size": [18, -4]}
							}
						}
					]
				},
				{
					"name": "octagon5",
					"parent": "octagon4",
					"pivot": [3.56728, 18.98765, -27.94235],
					"rotation": [0, 14.5, 0],
					"cubes": [
						{
							"origin": [0.08886, 18.99367, -28.72965],
							"size": [4.7, 0.17648, 1.57426],
							"pivot": [2.42636, 18.98816, -27.94252],
							"rotation": [90, 0, 0],
							"uv": {
								"north": {"uv": [122, 75], "uv_size": [5, 1]},
								"east": {"uv": [122, 77], "uv_size": [2, 1]},
								"south": {"uv": [122, 76], "uv_size": [5, 1]},
								"west": {"uv": [78, 122], "uv_size": [2, 1]},
								"up": {"uv": [73, 122], "uv_size": [5, 2]},
								"down": {"uv": [122, 75], "uv_size": [5, -2]}
							}
						},
						{
							"origin": [9.95185, 18.99453, -32.29821],
							"size": [0.4125, 0.1725, 0.69926],
							"pivot": [5.7828, 18.98722, -28.13002],
							"rotation": [-90, 0, -135],
							"uv": {
								"north": {"uv": [122, 75], "uv_size": [5, 1]},
								"east": {"uv": [122, 77], "uv_size": [2, 1]},
								"south": {"uv": [122, 76], "uv_size": [5, 1]},
								"west": {"uv": [78, 122], "uv_size": [2, 1]},
								"up": {"uv": [78, 124], "uv_size": [-5, -2]},
								"down": {"uv": [127, 75], "uv_size": [-5, -2]}
							}
						},
						{
							"origin": [9.95669, 18.99453, -24.65626],
							"size": [0.4125, 0.1725, 0.69926],
							"pivot": [5.7828, 18.98722, -28.13002],
							"rotation": [-90, 0, 135],
							"uv": {
								"north": {"uv": [122, 75], "uv_size": [5, 1]},
								"east": {"uv": [122, 77], "uv_size": [2, 1]},
								"south": {"uv": [122, 76], "uv_size": [5, 1]},
								"west": {"uv": [78, 122], "uv_size": [2, 1]},
								"up": {"uv": [78, 124], "uv_size": [-5, -2]},
								"down": {"uv": [127, 75], "uv_size": [-5, -2]}
							}
						},
						{
							"origin": [-0.43577, 18.99453, -28.41715],
							"size": [0.5, 0.1725, 0.57426],
							"pivot": [-0.17327, 18.98816, -28.13002],
							"rotation": [-90, 0, -180],
							"uv": {
								"north": {"uv": [82, 122], "uv_size": [1, 1]},
								"east": {"uv": [122, 82], "uv_size": [1, 1]},
								"south": {"uv": [83, 122], "uv_size": [1, 1]},
								"west": {"uv": [122, 83], "uv_size": [1, 1]},
								"up": {"uv": [84, 122], "uv_size": [1, 1]},
								"down": {"uv": [122, 85], "uv_size": [1, -1]}
							}
						},
						{
							"origin": [0.00136, 16.18073, -31.54215],
							"size": [0.85, 0.1775, 0.38676],
							"pivot": [2.80136, 18.98816, -30.75502],
							"rotation": [90, 0, -180],
							"uv": {
								"north": {"uv": [70, 122], "uv_size": [1, 1]},
								"east": {"uv": [122, 70], "uv_size": [1, 1]},
								"south": {"uv": [71, 122], "uv_size": [1, 1]},
								"west": {"uv": [122, 71], "uv_size": [1, 1]},
								"up": {"uv": [72, 122], "uv_size": [1, 1]},
								"down": {"uv": [122, 73], "uv_size": [1, -1]}
							}
						},
						{
							"origin": [4.92369, 16.18117, -32.87781],
							"size": [0.4125, 0.1725, 0.69926],
							"pivot": [2.80136, 18.98816, -30.75502],
							"rotation": [90, 0, -45],
							"uv": {
								"north": {"uv": [70, 122], "uv_size": [1, 1]},
								"east": {"uv": [122, 70], "uv_size": [1, 1]},
								"south": {"uv": [71, 122], "uv_size": [1, 1]},
								"west": {"uv": [122, 71], "uv_size": [1, 1]},
								"up": {"uv": [72, 122], "uv_size": [1, 1]},
								"down": {"uv": [122, 73], "uv_size": [1, -1]}
							}
						},
						{
							"origin": [4.66479, 18.99453, -28.16281],
							"size": [0.4125, 0.1725, 0.69926],
							"pivot": [4.63113, 18.98722, -28.13002],
							"rotation": [-90, 0, -135],
							"uv": {
								"north": {"uv": [122, 75], "uv_size": [5, 1]},
								"east": {"uv": [122, 77], "uv_size": [2, 1]},
								"south": {"uv": [122, 76], "uv_size": [5, 1]},
								"west": {"uv": [78, 122], "uv_size": [2, 1]},
								"up": {"uv": [78, 124], "uv_size": [-5, -2]},
								"down": {"uv": [127, 75], "uv_size": [-5, -2]}
							}
						},
						{
							"origin": [4.66962, 18.99453, -28.79165],
							"size": [0.4125, 0.1725, 0.69926],
							"pivot": [4.63113, 18.98722, -28.13002],
							"rotation": [-90, 0, 135],
							"uv": {
								"north": {"uv": [122, 75], "uv_size": [5, 1]},
								"east": {"uv": [122, 77], "uv_size": [2, 1]},
								"south": {"uv": [122, 76], "uv_size": [5, 1]},
								"west": {"uv": [78, 122], "uv_size": [2, 1]},
								"up": {"uv": [78, 124], "uv_size": [-5, -2]},
								"down": {"uv": [127, 75], "uv_size": [-5, -2]}
							}
						},
						{
							"origin": [0.00136, 16.18073, -30.35465],
							"size": [0.85, 0.1775, 0.38676],
							"pivot": [2.80136, 18.98816, -30.75502],
							"rotation": [90, 0, -180],
							"uv": {
								"north": {"uv": [70, 122], "uv_size": [1, 1]},
								"east": {"uv": [122, 70], "uv_size": [1, 1]},
								"south": {"uv": [71, 122], "uv_size": [1, 1]},
								"west": {"uv": [122, 71], "uv_size": [1, 1]},
								"up": {"uv": [72, 122], "uv_size": [1, 1]},
								"down": {"uv": [122, 73], "uv_size": [1, -1]}
							}
						},
						{
							"origin": [6.03497, 19.36431, -28.81281],
							"size": [0.4125, 0.1725, 0.69926],
							"pivot": [5.67964, 19.3588, -27.94252],
							"rotation": [90, 0, 45],
							"uv": {
								"north": {"uv": [70, 122], "uv_size": [1, 1]},
								"east": {"uv": [122, 70], "uv_size": [1, 1]},
								"south": {"uv": [71, 122], "uv_size": [1, 1]},
								"west": {"uv": [122, 71], "uv_size": [1, 1]},
								"up": {"uv": [72, 122], "uv_size": [1, 1]},
								"down": {"uv": [122, 73], "uv_size": [1, -1]}
							}
						},
						{
							"origin": [-0.49864, 16.18073, -31.04215],
							"size": [0.475, 0.1775, 0.57426],
							"pivot": [2.80136, 18.98816, -30.75502],
							"rotation": [90, 0, -180],
							"uv": {
								"north": {"uv": [85, 122], "uv_size": [1, 1]},
								"east": {"uv": [122, 85], "uv_size": [1, 1]},
								"south": {"uv": [86, 122], "uv_size": [1, 1]},
								"west": {"uv": [122, 86], "uv_size": [1, 1]},
								"up": {"uv": [87, 122], "uv_size": [1, 1]},
								"down": {"uv": [122, 88], "uv_size": [1, -1]}
							}
						},
						{
							"origin": [0.38686, 20.82091, -25.87303],
							"size": [0.345, 0.36398, 0.335],
							"pivot": [1.80936, 18.8154, -25.89303],
							"rotation": [90, 0, 0],
							"uv": {
								"north": {"uv": [122, 78], "uv_size": [1, 1]},
								"east": {"uv": [122, 79], "uv_size": [1, 1]},
								"south": {"uv": [80, 122], "uv_size": [1, 1]},
								"west": {"uv": [122, 80], "uv_size": [1, 1]},
								"up": {"uv": [81, 122], "uv_size": [1, 1]},
								"down": {"uv": [122, 82], "uv_size": [1, -1]}
							}
						},
						{
							"origin": [1.26186, 20.82091, -25.87303],
							"size": [0.345, 0.36398, 0.335],
							"pivot": [1.80936, 18.8154, -25.89303],
							"rotation": [90, 0, 0],
							"uv": {
								"north": {"uv": [122, 78], "uv_size": [1, 1]},
								"east": {"uv": [122, 79], "uv_size": [1, 1]},
								"south": {"uv": [80, 122], "uv_size": [1, 1]},
								"west": {"uv": [122, 80], "uv_size": [1, 1]},
								"up": {"uv": [82, 123], "uv_size": [-1, -1]},
								"down": {"uv": [123, 82], "uv_size": [-1, -1]}
							}
						}
					]
				},
				{
					"name": "octagon2",
					"parent": "warhead",
					"pivot": [-2.62875, 19.00403, -40.67968],
					"rotation": [0, -90, -17.5],
					"cubes": [
						{
							"origin": [-4.29997, 16.14814, -47.5744],
							"size": [2.40744, 5.71178, 3.44736],
							"pivot": [-3.03375, 19.00403, -40.67968],
							"rotation": [-50, 0, 0],
							"uv": {
								"north": {"uv": [12, 98], "uv_size": [2, 6]},
								"east": {"uv": [12, 90], "uv_size": [3, 6]},
								"south": {"uv": [98, 97], "uv_size": [2, 6]},
								"west": {"uv": [36, 90], "uv_size": [3, 6]},
								"up": {"uv": [24, 108], "uv_size": [2, 3]},
								"down": {"uv": [30, 111], "uv_size": [2, -3]}
							}
						},
						{
							"origin": [-4.29997, 16.14814, -47.5744],
							"size": [2.40744, 5.71178, 3.44736],
							"pivot": [-3.03375, 19.00403, -40.67968],
							"rotation": [-5, 0, 0],
							"uv": {
								"north": {"uv": [38, 99], "uv_size": [2, 6]},
								"east": {"uv": [39, 90], "uv_size": [3, 6]},
								"south": {"uv": [40, 99], "uv_size": [2, 6]},
								"west": {"uv": [42, 90], "uv_size": [3, 6]},
								"up": {"uv": [57, 108], "uv_size": [2, 3]},
								"down": {"uv": [68, 111], "uv_size": [2, -3]}
							}
						},
						{
							"origin": [-4.29997, 16.14814, -37.23232],
							"size": [2.40744, 5.71178, 3.44736],
							"pivot": [-3.03375, 19.00403, -40.67968],
							"rotation": [-50, 0, 0],
							"uv": {
								"north": {"uv": [42, 99], "uv_size": [2, 6]},
								"east": {"uv": [69, 90], "uv_size": [3, 6]},
								"south": {"uv": [44, 99], "uv_size": [2, 6]},
								"west": {"uv": [72, 90], "uv_size": [3, 6]},
								"up": {"uv": [70, 108], "uv_size": [2, 3]},
								"down": {"uv": [74, 111], "uv_size": [2, -3]}
							}
						},
						{
							"origin": [-4.29997, 16.14814, -37.23232],
							"size": [2.40744, 5.71178, 3.44736],
							"pivot": [-3.03375, 19.00403, -40.67968],
							"rotation": [-5, 0, 0],
							"uv": {
								"north": {"uv": [46, 99], "uv_size": [2, 6]},
								"east": {"uv": [75, 90], "uv_size": [3, 6]},
								"south": {"uv": [48, 99], "uv_size": [2, 6]},
								"west": {"uv": [78, 90], "uv_size": [3, 6]},
								"up": {"uv": [93, 108], "uv_size": [2, 3]},
								"down": {"uv": [0, 112], "uv_size": [2, -3]}
							}
						},
						{
							"origin": [-4.29997, 12.10931, -43.53557],
							"size": [2.40744, 3.44736, 5.71178],
							"pivot": [-3.03375, 19.00403, -40.67968],
							"rotation": [-50, 0, 0],
							"uv": {
								"north": {"uv": [72, 109], "uv_size": [2, 3]},
								"east": {"uv": [90, 59], "uv_size": [6, 3]},
								"south": {"uv": [79, 109], "uv_size": [2, 3]},
								"west": {"uv": [88, 90], "uv_size": [6, 3]},
								"up": {"uv": [50, 99], "uv_size": [2, 6]},
								"down": {"uv": [52, 105], "uv_size": [2, -6]}
							}
						},
						{
							"origin": [-4.29997, 12.10931, -43.53557],
							"size": [2.40744, 3.44736, 5.71178],
							"pivot": [-3.03375, 19.00403, -40.67968],
							"rotation": [-5, 0, 0],
							"uv": {
								"north": {"uv": [81, 109], "uv_size": [2, 3]},
								"east": {"uv": [45, 91], "uv_size": [6, 3]},
								"south": {"uv": [83, 109], "uv_size": [2, 3]},
								"west": {"uv": [51, 91], "uv_size": [6, 3]},
								"up": {"uv": [54, 99], "uv_size": [2, 6]},
								"down": {"uv": [56, 105], "uv_size": [2, -6]}
							}
						},
						{
							"origin": [-4.29997, 22.45139, -43.53557],
							"size": [2.40744, 3.44736, 5.71178],
							"pivot": [-3.03375, 19.00403, -40.67968],
							"rotation": [-50, 0, 0],
							"uv": {
								"north": {"uv": [85, 109], "uv_size": [2, 3]},
								"east": {"uv": [57, 91], "uv_size": [6, 3]},
								"south": {"uv": [87, 109], "uv_size": [2, 3]},
								"west": {"uv": [63, 91], "uv_size": [6, 3]},
								"up": {"uv": [58, 99], "uv_size": [2, 6]},
								"down": {"uv": [60, 105], "uv_size": [2, -6]}
							}
						},
						{
							"origin": [-4.29997, 22.45139, -43.53557],
							"size": [2.40744, 3.44736, 5.71178],
							"pivot": [-3.03375, 19.00403, -40.67968],
							"rotation": [-5, 0, 0],
							"uv": {
								"north": {"uv": [89, 109], "uv_size": [2, 3]},
								"east": {"uv": [91, 79], "uv_size": [6, 3]},
								"south": {"uv": [109, 96], "uv_size": [2, 3]},
								"west": {"uv": [81, 91], "uv_size": [6, 3]},
								"up": {"uv": [80, 99], "uv_size": [2, 6]},
								"down": {"uv": [82, 105], "uv_size": [2, -6]}
							}
						},
						{
							"origin": [-2.41312, 16.0339, -47.85019],
							"size": [0.50374, 5.94026, 3.58526],
							"pivot": [-3.03375, 19.00403, -40.67968],
							"rotation": [-50, 0, 0],
							"uv": {
								"north": {"uv": [32, 108], "uv_size": [1, 6]},
								"east": {"uv": [17, 81], "uv_size": [4, 6]},
								"south": {"uv": [59, 108], "uv_size": [1, 6]},
								"west": {"uv": [21, 81], "uv_size": [4, 6]},
								"up": {"uv": [16, 83], "uv_size": [1, 4]},
								"down": {"uv": [35, 96], "uv_size": [1, -4]}
							}
						},
						{
							"origin": [-2.41312, 16.0339, -47.85019],
							"size": [0.50374, 5.94026, 3.58526],
							"pivot": [-3.03375, 19.00403, -40.67968],
							"rotation": [-5, 0, 0],
							"uv": {
								"north": {"uv": [76, 108], "uv_size": [1, 6]},
								"east": {"uv": [25, 81], "uv_size": [4, 6]},
								"south": {"uv": [95, 108], "uv_size": [1, 6]},
								"west": {"uv": [29, 81], "uv_size": [4, 6]},
								"up": {"uv": [79, 100], "uv_size": [1, 4]},
								"down": {"uv": [91, 116], "uv_size": [1, -4]}
							}
						},
						{
							"origin": [-2.41312, 11.83352, -43.64981],
							"size": [0.50374, 3.58526, 5.94026],
							"pivot": [-3.03375, 19.00403, -40.67968],
							"rotation": [-50, 0, 0],
							"uv": {
								"north": {"uv": [92, 112], "uv_size": [1, 4]},
								"east": {"uv": [26, 48], "uv_size": [6, 4]},
								"south": {"uv": [28, 113], "uv_size": [1, 4]},
								"west": {"uv": [42, 67], "uv_size": [6, 4]},
								"up": {"uv": [108, 109], "uv_size": [1, 6]},
								"down": {"uv": [109, 115], "uv_size": [1, -6]}
							}
						},
						{
							"origin": [-2.41312, 11.83352, -43.64981],
							"size": [0.50374, 3.58526, 5.94026],
							"pivot": [-3.03375, 19.00403, -40.67968],
							"rotation": [-5, 0, 0],
							"uv": {
								"north": {"uv": [29, 113], "uv_size": [1, 4]},
								"east": {"uv": [48, 67], "uv_size": [6, 4]},
								"south": {"uv": [37, 113], "uv_size": [1, 4]},
								"west": {"uv": [33, 81], "uv_size": [6, 4]},
								"up": {"uv": [110, 8], "uv_size": [1, 6]},
								"down": {"uv": [110, 20], "uv_size": [1, -6]}
							}
						},
						{
							"origin": [-2.41312, 16.0339, -37.09443],
							"size": [0.50374, 5.94026, 3.58526],
							"pivot": [-3.03375, 19.00403, -40.67968],
							"rotation": [-50, 0, 0],
							"uv": {
								"north": {"uv": [33, 110], "uv_size": [1, 6]},
								"east": {"uv": [39, 81], "uv_size": [4, 6]},
								"south": {"uv": [34, 110], "uv_size": [1, 6]},
								"west": {"uv": [43, 81], "uv_size": [4, 6]},
								"up": {"uv": [38, 113], "uv_size": [1, 4]},
								"down": {"uv": [74, 117], "uv_size": [1, -4]}
							}
						},
						{
							"origin": [-2.41312, 16.0339, -37.09443],
							"size": [0.50374, 5.94026, 3.58526],
							"pivot": [-3.03375, 19.00403, -40.67968],
							"rotation": [-5, 0, 0],
							"uv": {
								"north": {"uv": [35, 110], "uv_size": [1, 6]},
								"east": {"uv": [47, 81], "uv_size": [4, 6]},
								"south": {"uv": [36, 110], "uv_size": [1, 6]},
								"west": {"uv": [51, 81], "uv_size": [4, 6]},
								"up": {"uv": [75, 113], "uv_size": [1, 4]},
								"down": {"uv": [77, 117], "uv_size": [1, -4]}
							}
						},
						{
							"origin": [-2.41312, 22.58928, -43.64981],
							"size": [0.50374, 3.58526, 5.94026],
							"pivot": [-3.03375, 19.00403, -40.67968],
							"rotation": [-50, 0, 0],
							"uv": {
								"north": {"uv": [78, 113], "uv_size": [1, 4]},
								"east": {"uv": [55, 81], "uv_size": [6, 4]},
								"south": {"uv": [93, 113], "uv_size": [1, 4]},
								"west": {"uv": [61, 81], "uv_size": [6, 4]},
								"up": {"uv": [39, 110], "uv_size": [1, 6]},
								"down": {"uv": [40, 116], "uv_size": [1, -6]}
							}
						},
						{
							"origin": [-2.41312, 22.58928, -43.64981],
							"size": [0.50374, 3.58526, 5.94026],
							"pivot": [-3.03375, 19.00403, -40.67968],
							"rotation": [-5, 0, 0],
							"uv": {
								"north": {"uv": [94, 113], "uv_size": [1, 4]},
								"east": {"uv": [67, 81], "uv_size": [6, 4]},
								"south": {"uv": [96, 113], "uv_size": [1, 4]},
								"west": {"uv": [73, 81], "uv_size": [6, 4]},
								"up": {"uv": [41, 110], "uv_size": [1, 6]},
								"down": {"uv": [42, 116], "uv_size": [1, -6]}
							}
						}
					]
				},
				{
					"name": "octagon3",
					"parent": "warhead",
					"pivot": [-4.32246, 19.00403, 57.99925],
					"rotation": [0, -90, 0],
					"cubes": [
						{
							"origin": [-106.6814, 16.80091, 50.98675],
							"size": [2.05003, 4.40624, 2.6594],
							"pivot": [-4.32246, 19.00403, 56.30554],
							"rotation": [-45, 0, 0],
							"uv": {
								"north": {"uv": [91, 106], "uv_size": [2, 4]},
								"east": {"uv": [99, 65], "uv_size": [3, 4]},
								"south": {"uv": [96, 106], "uv_size": [2, 4]},
								"west": {"uv": [84, 99], "uv_size": [3, 4]},
								"up": {"uv": [109, 99], "uv_size": [2, 3]},
								"down": {"uv": [43, 113], "uv_size": [2, -3]}
							}
						},
						{
							"origin": [-106.6814, 16.80091, 50.98675],
							"size": [2.05003, 4.40624, 2.6594],
							"uv": {
								"north": {"uv": [98, 106], "uv_size": [2, 4]},
								"east": {"uv": [87, 99], "uv_size": [3, 4]},
								"south": {"uv": [100, 106], "uv_size": [2, 4]},
								"west": {"uv": [90, 99], "uv_size": [3, 4]},
								"up": {"uv": [45, 110], "uv_size": [2, 3]},
								"down": {"uv": [110, 49], "uv_size": [2, -3]}
							}
						},
						{
							"origin": [-106.6814, 16.80091, 58.96493],
							"size": [2.05003, 4.40624, 2.65939],
							"pivot": [-4.32246, 19.00403, 56.30554],
							"rotation": [-45, 0, 0],
							"uv": {
								"north": {"uv": [102, 106], "uv_size": [2, 4]},
								"east": {"uv": [93, 99], "uv_size": [3, 4]},
								"south": {"uv": [104, 106], "uv_size": [2, 4]},
								"west": {"uv": [6, 100], "uv_size": [3, 4]},
								"up": {"uv": [47, 110], "uv_size": [2, 3]},
								"down": {"uv": [49, 113], "uv_size": [2, -3]}
							}
						},
						{
							"origin": [-106.6814, 16.80091, 58.96493],
							"size": [2.05003, 4.40624, 2.65939],
							"uv": {
								"north": {"uv": [106, 106], "uv_size": [2, 4]},
								"east": {"uv": [9, 100], "uv_size": [3, 4]},
								"south": {"uv": [2, 107], "uv_size": [2, 4]},
								"west": {"uv": [62, 100], "uv_size": [3, 4]},
								"up": {"uv": [51, 110], "uv_size": [2, 3]},
								"down": {"uv": [53, 113], "uv_size": [2, -3]}
							}
						},
						{
							"origin": [-106.6814, 13.68525, 54.10242],
							"size": [2.05003, 2.65939, 4.40623],
							"pivot": [-4.32246, 19.00403, 56.30554],
							"rotation": [-45, 0, 0],
							"uv": {
								"north": {"uv": [55, 110], "uv_size": [2, 3]},
								"east": {"uv": [12, 83], "uv_size": [4, 3]},
								"south": {"uv": [60, 110], "uv_size": [2, 3]},
								"west": {"uv": [8, 93], "uv_size": [4, 3]},
								"up": {"uv": [4, 107], "uv_size": [2, 4]},
								"down": {"uv": [6, 111], "uv_size": [2, -4]}
							}
						},
						{
							"origin": [-106.6814, 13.68525, 54.10242],
							"size": [2.05003, 2.65939, 4.40623],
							"uv": {
								"north": {"uv": [62, 110], "uv_size": [2, 3]},
								"east": {"uv": [65, 100], "uv_size": [4, 3]},
								"south": {"uv": [64, 110], "uv_size": [2, 3]},
								"west": {"uv": [69, 100], "uv_size": [4, 3]},
								"up": {"uv": [8, 107], "uv_size": [2, 4]},
								"down": {"uv": [10, 111], "uv_size": [2, -4]}
							}
						},
						{
							"origin": [-106.6814, 21.66342, 54.10242],
							"size": [2.05003, 2.65939, 4.40623],
							"pivot": [-4.32246, 19.00403, 56.30554],
							"rotation": [-45, 0, 0],
							"uv": {
								"north": {"uv": [66, 110], "uv_size": [2, 3]},
								"east": {"uv": [73, 100], "uv_size": [4, 3]},
								"south": {"uv": [110, 75], "uv_size": [2, 3]},
								"west": {"uv": [100, 97], "uv_size": [4, 3]},
								"up": {"uv": [12, 107], "uv_size": [2, 4]},
								"down": {"uv": [26, 111], "uv_size": [2, -4]}
							}
						},
						{
							"origin": [-106.6814, 21.66342, 54.10242],
							"size": [2.05003, 2.65939, 4.40623],
							"uv": {
								"north": {"uv": [77, 110], "uv_size": [2, 3]},
								"east": {"uv": [100, 100], "uv_size": [4, 3]},
								"south": {"uv": [110, 90], "uv_size": [2, 3]},
								"west": {"uv": [0, 101], "uv_size": [4, 3]},
								"up": {"uv": [28, 107], "uv_size": [2, 4]},
								"down": {"uv": [37, 111], "uv_size": [2, -4]}
							}
						}
					]
				},
				{
					"name": "nozzle",
					"pivot": [-3.125, 18.5625, -4.775],
					"cubes": [
						{
							"origin": [-3.125, 18.5625, -5.775],
							"size": [1, 1, 1],
							"inflate": -0.6,
							"uv": {
								"north": {"uv": [0, 0], "uv_size": [1, 1]},
								"east": {"uv": [0, 0], "uv_size": [1, 1]},
								"south": {"uv": [0, 0], "uv_size": [1, 1]},
								"west": {"uv": [0, 0], "uv_size": [1, 1]},
								"up": {"uv": [1, 1], "uv_size": [-1, -1]},
								"down": {"uv": [1, 1], "uv_size": [-1, -1]}
							}
						}
					]
				}
			]
		}
	]
}