{
	"format_version": "1.12.0",
	"minecraft:geometry": [
		{
			"description": {
				"identifier": "geometry.unknown",
				"texture_width": 128,
				"texture_height": 128,
				"visible_bounds_width": 12,
				"visible_bounds_height": 4,
				"visible_bounds_offset": [0, 1, 0]
			},
			"bones": [
				{
					"name": "main",
					"pivot": [0, 20, 0]
				},
				{
					"name": "gun",
					"parent": "main",
					"pivot": [1, 11, -1]
				},
				{
					"name": "Wood",
					"parent": "gun",
					"pivot": [0, 9, 1],
					"cubes": [
						{
							"origin": [-3, 20.4375, -44.0625],
							"size": [4, 5.6875, 24.625],
							"uv": {
								"north": {"uv": [83, 9], "uv_size": [4, 6]},
								"east": {"uv": [32, 0], "uv_size": [25, 6]},
								"south": {"uv": [40, 83], "uv_size": [4, 6]},
								"west": {"uv": [32, 6], "uv_size": [25, 6]},
								"up": {"uv": [4, 48], "uv_size": [4, 25]},
								"down": {"uv": [8, 73], "uv_size": [4, -25]}
							}
						},
						{
							"origin": [-3, 21.4375, -58.9375],
							"size": [4, 4.6875, 14.875],
							"uv": {
								"north": {"uv": [85, 61], "uv_size": [4, 5]},
								"east": {"uv": [57, 0], "uv_size": [15, 5]},
								"south": {"uv": [82, 85], "uv_size": [4, 5]},
								"west": {"uv": [57, 5], "uv_size": [15, 5]},
								"up": {"uv": [44, 74], "uv_size": [4, 15]},
								"down": {"uv": [48, 89], "uv_size": [4, -15]}
							}
						},
						{
							"origin": [-2.988, 19.15, -59.3125],
							"size": [3.98, 2, 14.925],
							"pivot": [2, 13.8125, -24.6875],
							"rotation": [-3.8, 0, 0],
							"uv": {
								"north": {"uv": [92, 70], "uv_size": [4, 2]},
								"east": {"uv": [76, 54], "uv_size": [15, 2]},
								"south": {"uv": [4, 93], "uv_size": [4, 2]},
								"west": {"uv": [77, 0], "uv_size": [15, 2]},
								"up": {"uv": [70, 66], "uv_size": [4, 15]},
								"down": {"uv": [22, 86], "uv_size": [4, -15]}
							}
						},
						{
							"origin": [-2.98, 20.6, 3.02],
							"size": [3.96, 3.8, 5],
							"pivot": [0, 11, -1],
							"rotation": [-7.5, 0, 0],
							"uv": {
								"north": {"uv": [88, 30], "uv_size": [4, 4]},
								"east": {"uv": [67, 54], "uv_size": [5, 4]},
								"south": {"uv": [66, 88], "uv_size": [4, 4]},
								"west": {"uv": [83, 75], "uv_size": [5, 4]},
								"up": {"uv": [85, 34], "uv_size": [4, 5]},
								"down": {"uv": [36, 90], "uv_size": [4, -5]}
							}
						},
						{
							"origin": [-2.99, 21.6, 1.02],
							"size": [3.98, 4.275, 19],
							"pivot": [0, 11, -1],
							"rotation": [-15, 0, 0],
							"uv": {
								"north": {"uv": [86, 43], "uv_size": [4, 4]},
								"east": {"uv": [53, 41], "uv_size": [19, 4]},
								"south": {"uv": [86, 47], "uv_size": [4, 4]},
								"west": {"uv": [48, 54], "uv_size": [19, 4]},
								"up": {"uv": [16, 48], "uv_size": [4, 19]},
								"down": {"uv": [20, 67], "uv_size": [4, -19]}
							}
						},
						{
							"origin": [-2.98, 22.85, 1.645],
							"size": [3.95, 4.2, 8.75],
							"pivot": [0, 11, -1],
							"rotation": [-32.5, 0, 0],
							"uv": {
								"north": {"uv": [86, 79], "uv_size": [4, 4]},
								"east": {"uv": [74, 75], "uv_size": [9, 4]},
								"south": {"uv": [86, 83], "uv_size": [4, 4]},
								"west": {"uv": [76, 40], "uv_size": [9, 4]},
								"up": {"uv": [0, 76], "uv_size": [4, 9]},
								"down": {"uv": [36, 85], "uv_size": [4, -9]}
							}
						},
						{
							"origin": [-2.98, 13.1, 15.77],
							"size": [3.95, 4.2, 7.125],
							"pivot": [0, 7.875, 2],
							"rotation": [7.5, 0, 0],
							"uv": {
								"north": {"uv": [87, 9], "uv_size": [4, 4]},
								"east": {"uv": [81, 22], "uv_size": [7, 4]},
								"south": {"uv": [86, 87], "uv_size": [4, 4]},
								"west": {"uv": [81, 30], "uv_size": [7, 4]},
								"up": {"uv": [81, 56], "uv_size": [4, 7]},
								"down": {"uv": [81, 70], "uv_size": [4, -7]}
							}
						},
						{
							"origin": [-3, 22.6, 11.2],
							"size": [4.01, 2.8, 30.375],
							"pivot": [0, 8, 1],
							"rotation": [-22.5, 0, 0],
							"uv": {
								"north": {"uv": [89, 59], "uv_size": [4, 3]},
								"east": {"uv": [53, 12], "uv_size": [30, 3]},
								"south": {"uv": [89, 62], "uv_size": [4, 3]},
								"west": {"uv": [53, 15], "uv_size": [30, 3]},
								"up": {"uv": [36, 46], "uv_size": [4, 30]},
								"down": {"uv": [40, 76], "uv_size": [4, -30]}
							}
						},
						{
							"origin": [-2.96, 17.6, 20.02],
							"size": [3.93, 4.8, 6],
							"pivot": [0, 8, 1],
							"rotation": [-5, 0, 0],
							"uv": {
								"north": {"uv": [0, 85], "uv_size": [4, 5]},
								"east": {"uv": [76, 44], "uv_size": [6, 5]},
								"south": {"uv": [85, 2], "uv_size": [4, 5]},
								"west": {"uv": [76, 49], "uv_size": [6, 5]},
								"up": {"uv": [81, 34], "uv_size": [4, 6]},
								"down": {"uv": [82, 85], "uv_size": [4, -6]}
							}
						},
						{
							"origin": [-2.97, 15.6, 26.02],
							"size": [3.95, 6.8, 7],
							"pivot": [0, 8, 1],
							"rotation": [-5, 0, 0],
							"uv": {
								"north": {"uv": [40, 76], "uv_size": [4, 7]},
								"east": {"uv": [74, 33], "uv_size": [7, 7]},
								"south": {"uv": [77, 2], "uv_size": [4, 7]},
								"west": {"uv": [74, 66], "uv_size": [7, 7]},
								"up": {"uv": [77, 56], "uv_size": [4, 7]},
								"down": {"uv": [74, 86], "uv_size": [4, -7]}
							}
						},
						{
							"origin": [-2.97, 13.6, 33.02],
							"size": [3.95, 8.8, 7.25],
							"pivot": [0, 8, 1],
							"rotation": [-5, 0, 0],
							"uv": {
								"north": {"uv": [60, 75], "uv_size": [4, 9]},
								"east": {"uv": [56, 66], "uv_size": [7, 9]},
								"south": {"uv": [64, 75], "uv_size": [4, 9]},
								"west": {"uv": [63, 66], "uv_size": [7, 9]},
								"up": {"uv": [78, 79], "uv_size": [4, 7]},
								"down": {"uv": [81, 9], "uv_size": [4, -7]}
							}
						},
						{
							"origin": [-2.97, 12.1, 40.27],
							"size": [3.95, 10.3, 4.5],
							"pivot": [0, 8, 1],
							"rotation": [-5, 0, 0],
							"uv": {
								"north": {"uv": [52, 74], "uv_size": [4, 10]},
								"east": {"uv": [72, 0], "uv_size": [5, 10]},
								"south": {"uv": [56, 75], "uv_size": [4, 10]},
								"west": {"uv": [72, 56], "uv_size": [5, 10]},
								"up": {"uv": [22, 86], "uv_size": [4, 5]},
								"down": {"uv": [26, 91], "uv_size": [4, -5]}
							}
						},
						{
							"origin": [-3, 21.6, 17.15],
							"size": [4, 3.05, 27.825],
							"pivot": [0, 8, 1],
							"rotation": [-5, 0, 0],
							"uv": {
								"north": {"uv": [77, 63], "uv_size": [4, 3]},
								"east": {"uv": [53, 22], "uv_size": [28, 3]},
								"south": {"uv": [89, 56], "uv_size": [4, 3]},
								"west": {"uv": [53, 30], "uv_size": [28, 3]},
								"up": {"uv": [44, 46], "uv_size": [4, 28]},
								"down": {"uv": [0, 76], "uv_size": [4, -28]}
							}
						},
						{
							"origin": [-2.97, 27.5, 0.425],
							"size": [3.95, 4.05, 2],
							"pivot": [0, 9, 1],
							"rotation": [-52.5, 0, 0],
							"uv": {
								"north": {"uv": [74, 86], "uv_size": [4, 4]},
								"east": {"uv": [22, 67], "uv_size": [2, 4]},
								"south": {"uv": [78, 86], "uv_size": [4, 4]},
								"west": {"uv": [66, 84], "uv_size": [2, 4]},
								"up": {"uv": [92, 35], "uv_size": [4, 2]},
								"down": {"uv": [92, 39], "uv_size": [4, -2]}
							}
						}
					]
				},
				{
					"name": "bone",
					"parent": "Wood",
					"pivot": [-10.7811, 14.5964, -11.5009],
					"rotation": [1, 0, 0]
				},
				{
					"name": "Metal",
					"parent": "gun",
					"pivot": [0, 8, 1],
					"cubes": [
						{
							"origin": [-10.39763, 26.59592, -60.1598],
							"size": [0.9899, 2.07336, 1.375],
							"pivot": [-7.57641, 12.60861, -29.62841],
							"rotation": [0, 0, 30],
							"uv": {
								"north": {"uv": [4, 97], "uv_size": [1, 2]},
								"east": {"uv": [5, 97], "uv_size": [1, 2]},
								"south": {"uv": [6, 97], "uv_size": [1, 2]},
								"west": {"uv": [7, 97], "uv_size": [1, 2]},
								"up": {"uv": [71, 53], "uv_size": [1, 1]},
								"down": {"uv": [85, 44], "uv_size": [1, -1]}
							}
						},
						{
							"origin": [-10.39763, 26.59592, -61.7848],
							"size": [0.9899, 0.57336, 1.625],
							"pivot": [-7.57641, 12.60861, -29.62841],
							"rotation": [0, 0, 30],
							"uv": {
								"north": {"uv": [99, 56], "uv_size": [1, 1]},
								"east": {"uv": [12, 98], "uv_size": [2, 1]},
								"south": {"uv": [57, 99], "uv_size": [1, 1]},
								"west": {"uv": [14, 98], "uv_size": [2, 1]},
								"up": {"uv": [16, 98], "uv_size": [1, 2]},
								"down": {"uv": [17, 100], "uv_size": [1, -2]}
							}
						},
						{
							"origin": [2.78987, 26.59592, -121.5973],
							"size": [0.9899, 2.07336, 1.375],
							"pivot": [5.61109, 12.60861, -90.19091],
							"rotation": [180, 0, 150],
							"uv": {
								"north": {"uv": [56, 97], "uv_size": [1, 2]},
								"east": {"uv": [57, 97], "uv_size": [1, 2]},
								"south": {"uv": [60, 97], "uv_size": [1, 2]},
								"west": {"uv": [61, 97], "uv_size": [1, 2]},
								"up": {"uv": [99, 33], "uv_size": [1, 1]},
								"down": {"uv": [99, 35], "uv_size": [1, -1]}
							}
						},
						{
							"origin": [2.78987, 26.59592, -120.2223],
							"size": [0.9899, 0.57336, 1.625],
							"pivot": [5.61109, 12.60861, -90.19091],
							"rotation": [180, 0, 150],
							"uv": {
								"north": {"uv": [99, 55], "uv_size": [1, 1]},
								"east": {"uv": [98, 4], "uv_size": [2, 1]},
								"south": {"uv": [56, 99], "uv_size": [1, 1]},
								"west": {"uv": [98, 5], "uv_size": [2, 1]},
								"up": {"uv": [10, 98], "uv_size": [1, 2]},
								"down": {"uv": [11, 100], "uv_size": [1, -2]}
							}
						},
						{
							"origin": [-1.03, -3.0375, -61.805],
							"size": [4.04, 4.775, 3],
							"pivot": [0, 11.5475, -18.77],
							"rotation": [0, 0, 180],
							"uv": {
								"north": {"uv": [56, 85], "uv_size": [4, 5]},
								"east": {"uv": [89, 2], "uv_size": [3, 5]},
								"south": {"uv": [85, 56], "uv_size": [4, 5]},
								"west": {"uv": [89, 34], "uv_size": [3, 5]},
								"up": {"uv": [26, 91], "uv_size": [4, 3]},
								"down": {"uv": [86, 94], "uv_size": [4, -3]}
							}
						},
						{
							"origin": [-1.9798, 26.92493, -60.1598],
							"size": [1.9798, 0.9899, 1.375],
							"uv": {
								"north": {"uv": [97, 9], "uv_size": [2, 1]},
								"east": {"uv": [89, 94], "uv_size": [1, 1]},
								"south": {"uv": [97, 10], "uv_size": [2, 1]},
								"west": {"uv": [98, 89], "uv_size": [1, 1]},
								"up": {"uv": [97, 13], "uv_size": [2, 1]},
								"down": {"uv": [97, 15], "uv_size": [2, -1]}
							}
						},
						{
							"origin": [-1.03, -3.0375, -63.055],
							"size": [4.04, 1.025, 1.25],
							"pivot": [0, 11.5475, -21.77],
							"rotation": [0, 0, 180],
							"uv": {
								"north": {"uv": [95, 57], "uv_size": [4, 1]},
								"east": {"uv": [46, 99], "uv_size": [1, 1]},
								"south": {"uv": [95, 58], "uv_size": [4, 1]},
								"west": {"uv": [99, 46], "uv_size": [1, 1]},
								"up": {"uv": [95, 63], "uv_size": [4, 1]},
								"down": {"uv": [95, 65], "uv_size": [4, -1]}
							}
						},
						{
							"origin": [-1.02, -16.325, -70.18],
							"size": [4.02, 0.9, 1.375],
							"pivot": [0, -1.8275, -28.895],
							"rotation": [20, 0, 180],
							"uv": {
								"north": {"uv": [95, 65], "uv_size": [4, 1]},
								"east": {"uv": [47, 99], "uv_size": [1, 1]},
								"south": {"uv": [95, 66], "uv_size": [4, 1]},
								"west": {"uv": [99, 47], "uv_size": [1, 1]},
								"up": {"uv": [95, 67], "uv_size": [4, 1]},
								"down": {"uv": [95, 69], "uv_size": [4, -1]}
							}
						},
						{
							"origin": [2.78987, 26.59592, -124.5973],
							"size": [0.9899, 2.07336, 1.25],
							"pivot": [5.61109, 12.60861, -93.19091],
							"rotation": [180, 0, 150],
							"uv": {
								"north": {"uv": [76, 97], "uv_size": [1, 2]},
								"east": {"uv": [80, 97], "uv_size": [1, 2]},
								"south": {"uv": [81, 97], "uv_size": [1, 2]},
								"west": {"uv": [82, 97], "uv_size": [1, 2]},
								"up": {"uv": [44, 99], "uv_size": [1, 1]},
								"down": {"uv": [45, 100], "uv_size": [1, -1]}
							}
						},
						{
							"origin": [-1.9798, 26.92493, -63.0348],
							"size": [1.9798, 0.9899, 1.25],
							"uv": {
								"north": {"uv": [74, 97], "uv_size": [2, 1]},
								"east": {"uv": [42, 99], "uv_size": [1, 1]},
								"south": {"uv": [97, 77], "uv_size": [2, 1]},
								"west": {"uv": [43, 99], "uv_size": [1, 1]},
								"up": {"uv": [78, 97], "uv_size": [2, 1]},
								"down": {"uv": [97, 79], "uv_size": [2, -1]}
							}
						},
						{
							"origin": [-10.39763, 26.59592, -63.0348],
							"size": [0.9899, 2.07336, 1.25],
							"pivot": [-7.57641, 12.60861, -32.62841],
							"rotation": [0, 0, 30],
							"uv": {
								"north": {"uv": [69, 97], "uv_size": [1, 2]},
								"east": {"uv": [70, 97], "uv_size": [1, 2]},
								"south": {"uv": [71, 97], "uv_size": [1, 2]},
								"west": {"uv": [97, 73], "uv_size": [1, 2]},
								"up": {"uv": [36, 99], "uv_size": [1, 1]},
								"down": {"uv": [37, 100], "uv_size": [1, -1]}
							}
						},
						{
							"origin": [-1.49, 25.91743, -88.1598],
							"size": [0.95, 1.95, 2],
							"uv": {
								"north": {"uv": [26, 97], "uv_size": [1, 2]},
								"east": {"uv": [95, 9], "uv_size": [2, 2]},
								"south": {"uv": [27, 97], "uv_size": [1, 2]},
								"west": {"uv": [95, 13], "uv_size": [2, 2]},
								"up": {"uv": [28, 97], "uv_size": [1, 2]},
								"down": {"uv": [29, 99], "uv_size": [1, -2]}
							}
						},
						{
							"origin": [-1.1, 25.75, -87.75],
							"size": [0.2, 3.0875, 1.125],
							"uv": {
								"north": {"uv": [96, 45], "uv_size": [1, 3]},
								"east": {"uv": [47, 96], "uv_size": [1, 3]},
								"south": {"uv": [48, 96], "uv_size": [1, 3]},
								"west": {"uv": [96, 48], "uv_size": [1, 3]},
								"up": {"uv": [90, 98], "uv_size": [1, 1]},
								"down": {"uv": [98, 91], "uv_size": [1, -1]}
							}
						},
						{
							"origin": [-2, 25.4375, -90.25],
							"size": [2, 2, 70.75],
							"uv": {
								"north": {"uv": [88, 77], "uv_size": [2, 2]},
								"east": {"uv": [32, 26], "uv_size": [71, 2]},
								"south": {"uv": [94, 5], "uv_size": [2, 2]},
								"west": {"uv": [32, 28], "uv_size": [71, 2]},
								"up": {"uv": [32, 30], "uv_size": [2, 71]},
								"down": {"uv": [34, 101], "uv_size": [2, -71]}
							}
						},
						{
							"origin": [-2.125, 25.3125, -64.125],
							"size": [2.25, 2.25, 44.625],
							"uv": {
								"north": {"uv": [50, 95], "uv_size": [2, 2]},
								"east": {"uv": [53, 18], "uv_size": [45, 2]},
								"south": {"uv": [56, 95], "uv_size": [2, 2]},
								"west": {"uv": [53, 20], "uv_size": [45, 2]},
								"up": {"uv": [12, 48], "uv_size": [2, 45]},
								"down": {"uv": [14, 93], "uv_size": [2, -45]}
							}
						},
						{
							"origin": [-2, 25.4375, -90.375],
							"size": [0.375, 2, 0.125],
							"uv": {
								"north": {"uv": [97, 45], "uv_size": [1, 2]},
								"east": {"uv": [46, 97], "uv_size": [1, 2]},
								"south": {"uv": [97, 47], "uv_size": [1, 2]},
								"west": {"uv": [97, 49], "uv_size": [1, 2]},
								"up": {"uv": [2, 99], "uv_size": [1, 1]},
								"down": {"uv": [4, 100], "uv_size": [1, -1]}
							}
						},
						{
							"origin": [-1.625, 27.0625, -90.375],
							"size": [1.25, 0.375, 0.125],
							"uv": {
								"north": {"uv": [5, 99], "uv_size": [1, 1]},
								"east": {"uv": [6, 99], "uv_size": [1, 1]},
								"south": {"uv": [7, 99], "uv_size": [1, 1]},
								"west": {"uv": [9, 99], "uv_size": [1, 1]},
								"up": {"uv": [99, 9], "uv_size": [1, 1]},
								"down": {"uv": [99, 11], "uv_size": [1, -1]}
							}
						},
						{
							"origin": [-0.375, 25.4375, -90.375],
							"size": [0.375, 2, 0.125],
							"uv": {
								"north": {"uv": [50, 97], "uv_size": [1, 2]},
								"east": {"uv": [51, 97], "uv_size": [1, 2]},
								"south": {"uv": [52, 97], "uv_size": [1, 2]},
								"west": {"uv": [53, 97], "uv_size": [1, 2]},
								"up": {"uv": [99, 11], "uv_size": [1, 1]},
								"down": {"uv": [12, 100], "uv_size": [1, -1]}
							}
						},
						{
							"origin": [-1.625, 25.4375, -90.375],
							"size": [1.25, 0.375, 0.125],
							"uv": {
								"north": {"uv": [13, 99], "uv_size": [1, 1]},
								"east": {"uv": [99, 13], "uv_size": [1, 1]},
								"south": {"uv": [14, 99], "uv_size": [1, 1]},
								"west": {"uv": [99, 14], "uv_size": [1, 1]},
								"up": {"uv": [15, 99], "uv_size": [1, 1]},
								"down": {"uv": [99, 19], "uv_size": [1, -1]}
							}
						},
						{
							"origin": [-3.02, 22.15, -1.175],
							"size": [4.04, 4.3, 3],
							"pivot": [0, 8.125, -7.625],
							"rotation": [-11.5, 0, 0],
							"uv": {
								"north": {"uv": [16, 88], "uv_size": [4, 4]},
								"east": {"uv": [0, 90], "uv_size": [3, 4]},
								"south": {"uv": [88, 22], "uv_size": [4, 4]},
								"west": {"uv": [36, 90], "uv_size": [3, 4]},
								"up": {"uv": [90, 43], "uv_size": [4, 3]},
								"down": {"uv": [90, 49], "uv_size": [4, -3]}
							}
						},
						{
							"origin": [-2, 20.2, -18.925],
							"size": [3, 4.3, 23.125],
							"pivot": [0, 8.125, -7.625],
							"rotation": [-1, 0, 0],
							"uv": {
								"north": {"uv": [90, 83], "uv_size": [3, 4]},
								"east": {"uv": [48, 46], "uv_size": [23, 4]},
								"south": {"uv": [90, 87], "uv_size": [3, 4]},
								"west": {"uv": [48, 50], "uv_size": [23, 4]},
								"up": {"uv": [24, 48], "uv_size": [3, 23]},
								"down": {"uv": [27, 71], "uv_size": [3, -23]}
							}
						},
						{
							"origin": [-1.75, 20.175, -14.55],
							"size": [1.5, 0.3, 2.625],
							"pivot": [0, 8.125, -7.625],
							"rotation": [-1, 0, 0],
							"uv": {
								"north": {"uv": [22, 98], "uv_size": [2, 1]},
								"east": {"uv": [78, 96], "uv_size": [3, 1]},
								"south": {"uv": [24, 98], "uv_size": [2, 1]},
								"west": {"uv": [96, 80], "uv_size": [3, 1]},
								"up": {"uv": [22, 94], "uv_size": [2, 3]},
								"down": {"uv": [24, 97], "uv_size": [2, -3]}
							}
						},
						{
							"origin": [-3.02, 26.525, -0.3],
							"size": [4.04, 0.55, 3],
							"pivot": [0, 12.5, -7.625],
							"rotation": [-11.5, 0, 0],
							"uv": {
								"north": {"uv": [95, 11], "uv_size": [4, 1]},
								"east": {"uv": [96, 59], "uv_size": [3, 1]},
								"south": {"uv": [95, 24], "uv_size": [4, 1]},
								"west": {"uv": [96, 60], "uv_size": [3, 1]},
								"up": {"uv": [90, 80], "uv_size": [4, 3]},
								"down": {"uv": [82, 93], "uv_size": [4, -3]}
							}
						},
						{
							"origin": [-2.02, 27.175, 1.7],
							"size": [2.04, 0.55, 4.75],
							"pivot": [0, 12.5, -7.625],
							"rotation": [-15, 0, 0],
							"uv": {
								"north": {"uv": [98, 50], "uv_size": [2, 1]},
								"east": {"uv": [92, 25], "uv_size": [5, 1]},
								"south": {"uv": [74, 98], "uv_size": [2, 1]},
								"west": {"uv": [93, 90], "uv_size": [5, 1]},
								"up": {"uv": [92, 2], "uv_size": [2, 5]},
								"down": {"uv": [92, 35], "uv_size": [2, -5]}
							}
						},
						{
							"origin": [-1.395, 27.3, 3.325],
							"size": [0.79, 0.55, 0.75],
							"pivot": [0, 12.5, -7.625],
							"rotation": [-15, 0, 0],
							"uv": {
								"north": {"uv": [94, 99], "uv_size": [1, 1]},
								"east": {"uv": [99, 94], "uv_size": [1, 1]},
								"south": {"uv": [95, 99], "uv_size": [1, 1]},
								"west": {"uv": [99, 95], "uv_size": [1, 1]},
								"up": {"uv": [96, 99], "uv_size": [1, 1]},
								"down": {"uv": [99, 97], "uv_size": [1, -1]}
							}
						},
						{
							"origin": [-2.895, 27.175, 0.825],
							"size": [3.79, 0.55, 0.875],
							"pivot": [0, 12.5, -7.625],
							"rotation": [-15, 0, 0],
							"uv": {
								"north": {"uv": [95, 69], "uv_size": [4, 1]},
								"east": {"uv": [93, 99], "uv_size": [1, 1]},
								"south": {"uv": [95, 85], "uv_size": [4, 1]},
								"west": {"uv": [99, 93], "uv_size": [1, 1]},
								"up": {"uv": [96, 6], "uv_size": [4, 1]},
								"down": {"uv": [96, 13], "uv_size": [4, -1]}
							}
						},
						{
							"origin": [-2.99, 28.085, -14.15],
							"size": [3.98, 2.8, 2.875],
							"pivot": [0, 12.125, -9.75],
							"rotation": [-52.5, 0, 0],
							"uv": {
								"north": {"uv": [56, 90], "uv_size": [4, 3]},
								"east": {"uv": [80, 9], "uv_size": [3, 3]},
								"south": {"uv": [74, 90], "uv_size": [4, 3]},
								"west": {"uv": [92, 22], "uv_size": [3, 3]},
								"up": {"uv": [90, 77], "uv_size": [4, 3]},
								"down": {"uv": [78, 93], "uv_size": [4, -3]}
							}
						},
						{
							"origin": [-2.24, 28.085, -15.4],
							"size": [2.48, 2.8, 1.25],
							"pivot": [0, 12.125, -9.75],
							"rotation": [-52.5, 0, 0],
							"uv": {
								"north": {"uv": [80, 93], "uv_size": [2, 3]},
								"east": {"uv": [67, 96], "uv_size": [1, 3]},
								"south": {"uv": [82, 93], "uv_size": [2, 3]},
								"west": {"uv": [68, 96], "uv_size": [1, 3]},
								"up": {"uv": [97, 54], "uv_size": [2, 1]},
								"down": {"uv": [97, 56], "uv_size": [2, -1]}
							}
						},
						{
							"origin": [-8.92, 22.825, -21.09],
							"size": [20.41, 0.675, 1.25],
							"pivot": [0, 12.125, -9.75],
							"rotation": [0, -90, -53],
							"uv": {
								"north": {"uv": [83, 16], "uv_size": [20, 1]},
								"east": {"uv": [99, 19], "uv_size": [1, 1]},
								"south": {"uv": [83, 17], "uv_size": [20, 1]},
								"west": {"uv": [99, 20], "uv_size": [1, 1]},
								"up": {"uv": [85, 7], "uv_size": [20, 1]},
								"down": {"uv": [85, 9], "uv_size": [20, -1]}
							}
						},
						{
							"origin": [-10.99, 22.825, -18.59],
							"size": [20.41, 0.675, 1.25],
							"pivot": [-2, 12.125, -7.25],
							"rotation": [0, 90, 53],
							"uv": {
								"north": {"uv": [85, 39], "uv_size": [20, 1]},
								"east": {"uv": [99, 21], "uv_size": [1, 1]},
								"south": {"uv": [85, 40], "uv_size": [20, 1]},
								"west": {"uv": [22, 99], "uv_size": [1, 1]},
								"up": {"uv": [85, 41], "uv_size": [20, 1]},
								"down": {"uv": [85, 43], "uv_size": [20, -1]}
							}
						},
						{
							"origin": [-3, 23.22, -5.4],
							"size": [3.97, 2.8, 1.375],
							"pivot": [0, 7.25, -2],
							"rotation": [-27.5, 0, 0],
							"uv": {
								"north": {"uv": [91, 9], "uv_size": [4, 3]},
								"east": {"uv": [49, 96], "uv_size": [1, 3]},
								"south": {"uv": [22, 91], "uv_size": [4, 3]},
								"west": {"uv": [66, 96], "uv_size": [1, 3]},
								"up": {"uv": [95, 32], "uv_size": [4, 1]},
								"down": {"uv": [95, 34], "uv_size": [4, -1]}
							}
						},
						{
							"origin": [-2.01, 20.475, -18.675],
							"size": [3.02, 6.55, 21.125],
							"uv": {
								"north": {"uv": [52, 84], "uv_size": [3, 7]},
								"east": {"uv": [32, 12], "uv_size": [21, 7]},
								"south": {"uv": [60, 84], "uv_size": [3, 7]},
								"west": {"uv": [32, 19], "uv_size": [21, 7]},
								"up": {"uv": [16, 67], "uv_size": [3, 21]},
								"down": {"uv": [19, 88], "uv_size": [3, -21]}
							}
						},
						{
							"origin": [-3.01, 26.475, -18.675],
							"size": [1.02, 0.55, 21.125],
							"uv": {
								"north": {"uv": [99, 57], "uv_size": [1, 1]},
								"east": {"uv": [53, 25], "uv_size": [21, 1]},
								"south": {"uv": [58, 99], "uv_size": [1, 1]},
								"west": {"uv": [81, 72], "uv_size": [21, 1]},
								"up": {"uv": [55, 84], "uv_size": [1, 21]},
								"down": {"uv": [63, 105], "uv_size": [1, -21]}
							}
						},
						{
							"origin": [-3.01, 20.475, -18.675],
							"size": [1.02, 3.8, 21.125],
							"uv": {
								"north": {"uv": [58, 95], "uv_size": [1, 4]},
								"east": {"uv": [53, 33], "uv_size": [21, 4]},
								"south": {"uv": [95, 95], "uv_size": [1, 4]},
								"west": {"uv": [53, 37], "uv_size": [21, 4]},
								"up": {"uv": [64, 84], "uv_size": [1, 21]},
								"down": {"uv": [65, 105], "uv_size": [1, -21]}
							}
						},
						{
							"origin": [-3.01, 24.225, -7.175],
							"size": [1.02, 2.3, 9.625],
							"uv": {
								"north": {"uv": [19, 98], "uv_size": [1, 2]},
								"east": {"uv": [85, 66], "uv_size": [10, 2]},
								"south": {"uv": [20, 98], "uv_size": [1, 2]},
								"west": {"uv": [85, 68], "uv_size": [10, 2]},
								"up": {"uv": [3, 90], "uv_size": [1, 10]},
								"down": {"uv": [39, 100], "uv_size": [1, -10]}
							}
						},
						{
							"origin": [-3.01, 24.225, -18.675],
							"size": [1.02, 2.3, 3.125],
							"uv": {
								"north": {"uv": [98, 20], "uv_size": [1, 2]},
								"east": {"uv": [93, 86], "uv_size": [3, 2]},
								"south": {"uv": [21, 98], "uv_size": [1, 2]},
								"west": {"uv": [93, 88], "uv_size": [3, 2]},
								"up": {"uv": [77, 96], "uv_size": [1, 3]},
								"down": {"uv": [96, 80], "uv_size": [1, -3]}
							}
						},
						{
							"origin": [-3, 20.2, -18.925],
							"size": [1, 1.675, 23.125],
							"pivot": [-1.125, 8.125, -7.625],
							"rotation": [-1, 0, 0],
							"uv": {
								"north": {"uv": [18, 98], "uv_size": [1, 2]},
								"east": {"uv": [57, 10], "uv_size": [23, 2]},
								"south": {"uv": [98, 18], "uv_size": [1, 2]},
								"west": {"uv": [74, 73], "uv_size": [23, 2]},
								"up": {"uv": [10, 73], "uv_size": [1, 23]},
								"down": {"uv": [11, 96], "uv_size": [1, -23]}
							}
						},
						{
							"origin": [-3.1582, 20.28325, -19.5435],
							"size": [4.3014, 6.7585, 1.31125],
							"uv": {
								"north": {"uv": [68, 81], "uv_size": [4, 7]},
								"east": {"uv": [73, 92], "uv_size": [1, 7]},
								"south": {"uv": [82, 44], "uv_size": [4, 7]},
								"west": {"uv": [8, 93], "uv_size": [1, 7]},
								"up": {"uv": [95, 34], "uv_size": [4, 1]},
								"down": {"uv": [95, 57], "uv_size": [4, -1]}
							}
						},
						{
							"origin": [-2.26, 26.975, -18.675],
							"size": [2.52, 1.05, 20.375],
							"uv": {
								"north": {"uv": [96, 61], "uv_size": [3, 1]},
								"east": {"uv": [82, 53], "uv_size": [20, 1]},
								"south": {"uv": [96, 62], "uv_size": [3, 1]},
								"west": {"uv": [83, 15], "uv_size": [20, 1]},
								"up": {"uv": [4, 73], "uv_size": [3, 20]},
								"down": {"uv": [7, 93], "uv_size": [3, -20]}
							}
						},
						{
							"origin": [-9.49, 22.225, -8.925],
							"size": [0.25, 0.425, 1.5],
							"pivot": [-7.75, 16.125, 2.375],
							"rotation": [-65.74955, -22.32924, 40.144],
							"uv": {
								"north": {"uv": [82, 99], "uv_size": [1, 1]},
								"east": {"uv": [98, 44], "uv_size": [2, 1]},
								"south": {"uv": [83, 99], "uv_size": [1, 1]},
								"west": {"uv": [98, 45], "uv_size": [2, 1]},
								"up": {"uv": [38, 98], "uv_size": [1, 2]},
								"down": {"uv": [98, 48], "uv_size": [1, -2]}
							}
						},
						{
							"origin": [-9.24, 22.225, -7.675],
							"size": [1, 0.425, 0.25],
							"pivot": [-7.75, 16.125, 2.375],
							"rotation": [-65.74955, -22.32924, 40.144],
							"uv": {
								"north": {"uv": [99, 85], "uv_size": [1, 1]},
								"east": {"uv": [86, 99], "uv_size": [1, 1]},
								"south": {"uv": [87, 99], "uv_size": [1, 1]},
								"west": {"uv": [88, 99], "uv_size": [1, 1]},
								"up": {"uv": [89, 99], "uv_size": [1, 1]},
								"down": {"uv": [99, 90], "uv_size": [1, -1]}
							}
						},
						{
							"origin": [-9.24, 22.225, -8.925],
							"size": [1, 0.425, 0.25],
							"pivot": [-7.75, 16.125, 2.375],
							"rotation": [-65.74955, -22.32924, 40.144],
							"uv": {
								"north": {"uv": [90, 99], "uv_size": [1, 1]},
								"east": {"uv": [99, 90], "uv_size": [1, 1]},
								"south": {"uv": [91, 99], "uv_size": [1, 1]},
								"west": {"uv": [99, 91], "uv_size": [1, 1]},
								"up": {"uv": [92, 99], "uv_size": [1, 1]},
								"down": {"uv": [99, 93], "uv_size": [1, -1]}
							}
						},
						{
							"origin": [-9.24, 21.6, -8.675],
							"size": [1, 0.925, 1],
							"pivot": [-7.75, 16.125, 2.375],
							"rotation": [-65.74955, -22.32924, 40.144],
							"uv": {
								"north": {"uv": [100, 9], "uv_size": [1, 1]},
								"east": {"uv": [10, 100], "uv_size": [1, 1]},
								"south": {"uv": [100, 10], "uv_size": [1, 1]},
								"west": {"uv": [11, 100], "uv_size": [1, 1]},
								"up": {"uv": [100, 11], "uv_size": [1, 1]},
								"down": {"uv": [12, 101], "uv_size": [1, -1]}
							}
						},
						{
							"origin": [-8.24, 22.225, -8.925],
							"size": [0.25, 0.425, 1.5],
							"pivot": [-7.75, 16.125, 2.375],
							"rotation": [-65.74955, -22.32924, 40.144],
							"uv": {
								"north": {"uv": [84, 99], "uv_size": [1, 1]},
								"east": {"uv": [98, 48], "uv_size": [2, 1]},
								"south": {"uv": [85, 99], "uv_size": [1, 1]},
								"west": {"uv": [98, 49], "uv_size": [2, 1]},
								"up": {"uv": [62, 98], "uv_size": [1, 2]},
								"down": {"uv": [98, 75], "uv_size": [1, -2]}
							}
						},
						{
							"origin": [8.92695, 22.54775, -19.3188],
							"size": [1.3487, 0.72225, 1.3375],
							"pivot": [-2.0775, 11.09875, -7.185],
							"rotation": [0, 90, 53],
							"uv": {
								"north": {"uv": [27, 99], "uv_size": [1, 1]},
								"east": {"uv": [28, 99], "uv_size": [1, 1]},
								"south": {"uv": [29, 99], "uv_size": [1, 1]},
								"west": {"uv": [99, 30], "uv_size": [1, 1]},
								"up": {"uv": [99, 31], "uv_size": [1, 1]},
								"down": {"uv": [99, 33], "uv_size": [1, -1]}
							}
						},
						{
							"origin": [-2.3557, 26.98825, -19.5435],
							"size": [2.6964, 1.1235, 1.31125],
							"uv": {
								"north": {"uv": [69, 96], "uv_size": [3, 1]},
								"east": {"uv": [99, 25], "uv_size": [1, 1]},
								"south": {"uv": [96, 70], "uv_size": [3, 1]},
								"west": {"uv": [26, 99], "uv_size": [1, 1]},
								"up": {"uv": [96, 71], "uv_size": [3, 1]},
								"down": {"uv": [74, 97], "uv_size": [3, -1]}
							}
						},
						{
							"origin": [-9.61565, 22.54775, -21.9938],
							"size": [1.3487, 0.72225, 1.3375],
							"pivot": [0.0625, 11.09875, -9.86],
							"rotation": [0, -90, -53],
							"uv": {
								"north": {"uv": [99, 22], "uv_size": [1, 1]},
								"east": {"uv": [23, 99], "uv_size": [1, 1]},
								"south": {"uv": [99, 23], "uv_size": [1, 1]},
								"west": {"uv": [24, 99], "uv_size": [1, 1]},
								"up": {"uv": [99, 24], "uv_size": [1, 1]},
								"down": {"uv": [25, 100], "uv_size": [1, -1]}
							}
						},
						{
							"origin": [-2.125, 54.97, 12.47],
							"size": [2.25, 0.75, 0.75],
							"pivot": [-1.375, 41.125, -4.15],
							"rotation": [-135, 0, 0],
							"uv": {
								"north": {"uv": [78, 98], "uv_size": [2, 1]},
								"east": {"uv": [97, 99], "uv_size": [1, 1]},
								"south": {"uv": [98, 82], "uv_size": [2, 1]},
								"west": {"uv": [99, 97], "uv_size": [1, 1]},
								"up": {"uv": [98, 83], "uv_size": [2, 1]},
								"down": {"uv": [84, 99], "uv_size": [2, -1]}
							}
						},
						{
							"origin": [-3.02, 9.475, 44.02],
							"size": [4.04, 15.15, 1],
							"pivot": [0, 8, 2.25],
							"rotation": [-5, 0, 0],
							"uv": {
								"north": {"uv": [26, 71], "uv_size": [4, 15]},
								"east": {"uv": [40, 89], "uv_size": [1, 15]},
								"south": {"uv": [72, 41], "uv_size": [4, 15]},
								"west": {"uv": [41, 89], "uv_size": [1, 15]},
								"up": {"uv": [67, 45], "uv_size": [4, 1]},
								"down": {"uv": [89, 66], "uv_size": [4, -1]}
							}
						}
					]
				},
				{
					"name": "Sight",
					"parent": "Metal",
					"pivot": [0, 12.625, -14.5],
					"cubes": [
						{
							"origin": [-1.875, 27.5, -29.749],
							"size": [1.75, 0.25, 3],
							"uv": {
								"north": {"uv": [97, 25], "uv_size": [2, 1]},
								"east": {"uv": [96, 51], "uv_size": [3, 1]},
								"south": {"uv": [97, 30], "uv_size": [2, 1]},
								"west": {"uv": [96, 52], "uv_size": [3, 1]},
								"up": {"uv": [76, 93], "uv_size": [2, 3]},
								"down": {"uv": [78, 96], "uv_size": [2, -3]}
							}
						},
						{
							"origin": [-1.25, 27.75, -28.374],
							"size": [0.5, 0.375, 1.5],
							"uv": {
								"north": {"uv": [76, 99], "uv_size": [1, 1]},
								"east": {"uv": [99, 76], "uv_size": [1, 1]},
								"south": {"uv": [77, 99], "uv_size": [1, 1]},
								"west": {"uv": [99, 77], "uv_size": [1, 1]},
								"up": {"uv": [78, 99], "uv_size": [1, 1]},
								"down": {"uv": [99, 79], "uv_size": [1, -1]}
							}
						},
						{
							"origin": [-1.25, 21.125, -31.499],
							"size": [0.5, 0.5, 1.375],
							"pivot": [0, 14.375, -14.5],
							"rotation": [-25, 0, 0],
							"uv": {
								"north": {"uv": [79, 99], "uv_size": [1, 1]},
								"east": {"uv": [99, 79], "uv_size": [1, 1]},
								"south": {"uv": [80, 99], "uv_size": [1, 1]},
								"west": {"uv": [99, 80], "uv_size": [1, 1]},
								"up": {"uv": [81, 99], "uv_size": [1, 1]},
								"down": {"uv": [99, 82], "uv_size": [1, -1]}
							}
						},
						{
							"origin": [-1.75, 27.75, -26.999],
							"size": [1.5, 0.125, 0.25],
							"uv": {
								"north": {"uv": [98, 38], "uv_size": [2, 1]},
								"east": {"uv": [99, 65], "uv_size": [1, 1]},
								"south": {"uv": [42, 98], "uv_size": [2, 1]},
								"west": {"uv": [66, 99], "uv_size": [1, 1]},
								"up": {"uv": [98, 43], "uv_size": [2, 1]},
								"down": {"uv": [44, 99], "uv_size": [2, -1]}
							}
						},
						{
							"origin": [-1.375, 27.875, -26.999],
							"size": [0.75, 0.625, 0.25],
							"uv": {
								"north": {"uv": [73, 99], "uv_size": [1, 1]},
								"east": {"uv": [99, 73], "uv_size": [1, 1]},
								"south": {"uv": [74, 99], "uv_size": [1, 1]},
								"west": {"uv": [99, 74], "uv_size": [1, 1]},
								"up": {"uv": [75, 99], "uv_size": [1, 1]},
								"down": {"uv": [99, 76], "uv_size": [1, -1]}
							}
						},
						{
							"origin": [-1.875, 27.875, -26.999],
							"size": [0.5, 1, 0.25],
							"uv": {
								"north": {"uv": [99, 66], "uv_size": [1, 1]},
								"east": {"uv": [67, 99], "uv_size": [1, 1]},
								"south": {"uv": [99, 67], "uv_size": [1, 1]},
								"west": {"uv": [68, 99], "uv_size": [1, 1]},
								"up": {"uv": [99, 68], "uv_size": [1, 1]},
								"down": {"uv": [69, 100], "uv_size": [1, -1]}
							}
						},
						{
							"origin": [-0.625, 27.875, -26.999],
							"size": [0.5, 1, 0.25],
							"uv": {
								"north": {"uv": [99, 69], "uv_size": [1, 1]},
								"east": {"uv": [70, 99], "uv_size": [1, 1]},
								"south": {"uv": [99, 70], "uv_size": [1, 1]},
								"west": {"uv": [71, 99], "uv_size": [1, 1]},
								"up": {"uv": [99, 71], "uv_size": [1, 1]},
								"down": {"uv": [72, 100], "uv_size": [1, -1]}
							}
						},
						{
							"origin": [-1.625, 27.5, -34.624],
							"size": [1.25, 0.25, 4.875],
							"uv": {
								"north": {"uv": [99, 58], "uv_size": [1, 1]},
								"east": {"uv": [74, 25], "uv_size": [5, 1]},
								"south": {"uv": [59, 99], "uv_size": [1, 1]},
								"west": {"uv": [91, 12], "uv_size": [5, 1]},
								"up": {"uv": [2, 94], "uv_size": [1, 5]},
								"down": {"uv": [94, 35], "uv_size": [1, -5]}
							}
						},
						{
							"origin": [-1.75, 27.5, -35.999],
							"size": [1.5, 0.25, 1.375],
							"uv": {
								"north": {"uv": [98, 35], "uv_size": [2, 1]},
								"east": {"uv": [99, 59], "uv_size": [1, 1]},
								"south": {"uv": [36, 98], "uv_size": [2, 1]},
								"west": {"uv": [60, 99], "uv_size": [1, 1]},
								"up": {"uv": [98, 36], "uv_size": [2, 1]},
								"down": {"uv": [98, 38], "uv_size": [2, -1]}
							}
						},
						{
							"origin": [-1.625, 27.5, -36.374],
							"size": [1.25, 0.25, 0.375],
							"uv": {
								"north": {"uv": [99, 60], "uv_size": [1, 1]},
								"east": {"uv": [61, 99], "uv_size": [1, 1]},
								"south": {"uv": [99, 61], "uv_size": [1, 1]},
								"west": {"uv": [99, 62], "uv_size": [1, 1]},
								"up": {"uv": [99, 63], "uv_size": [1, 1]},
								"down": {"uv": [99, 65], "uv_size": [1, -1]}
							}
						}
					]
				},
				{
					"name": "TriggerMag",
					"parent": "Metal",
					"pivot": [0, -5.875, 4.875],
					"cubes": [
						{
							"origin": [-2.025, 47.85, 9.875],
							"size": [2.05, 1, 1.5],
							"pivot": [0, 37, -6.525],
							"rotation": [-102.5, 0, 0],
							"uv": {
								"north": {"uv": [74, 40], "uv_size": [2, 1]},
								"east": {"uv": [79, 25], "uv_size": [2, 1]},
								"south": {"uv": [96, 82], "uv_size": [2, 1]},
								"west": {"uv": [84, 96], "uv_size": [2, 1]},
								"up": {"uv": [36, 94], "uv_size": [2, 2]},
								"down": {"uv": [94, 45], "uv_size": [2, -2]}
							}
						},
						{
							"origin": [-2.025, 6, 23.876],
							"size": [2.05, 1, 3],
							"pivot": [0, 0, 5.875],
							"rotation": [85, 0, 0],
							"uv": {
								"north": {"uv": [96, 86], "uv_size": [2, 1]},
								"east": {"uv": [77, 9], "uv_size": [3, 1]},
								"south": {"uv": [87, 96], "uv_size": [2, 1]},
								"west": {"uv": [44, 96], "uv_size": [3, 1]},
								"up": {"uv": [12, 93], "uv_size": [2, 3]},
								"down": {"uv": [14, 96], "uv_size": [2, -3]}
							}
						},
						{
							"origin": [-2.025, 46.1, 26.775],
							"size": [2.05, 1, 1.6],
							"pivot": [0, 35, 10.475],
							"rotation": [-154, 0, 0],
							"uv": {
								"north": {"uv": [96, 87], "uv_size": [2, 1]},
								"east": {"uv": [96, 88], "uv_size": [2, 1]},
								"south": {"uv": [96, 89], "uv_size": [2, 1]},
								"west": {"uv": [96, 91], "uv_size": [2, 1]},
								"up": {"uv": [94, 45], "uv_size": [2, 2]},
								"down": {"uv": [94, 49], "uv_size": [2, -2]}
							}
						},
						{
							"origin": [-2.015, 30.3, 31.275],
							"size": [2.03, 1, 1.6],
							"pivot": [0, 19, 15.475],
							"rotation": [150, 0, 0],
							"uv": {
								"north": {"uv": [96, 92], "uv_size": [2, 1]},
								"east": {"uv": [96, 93], "uv_size": [2, 1]},
								"south": {"uv": [96, 94], "uv_size": [2, 1]},
								"west": {"uv": [96, 95], "uv_size": [2, 1]},
								"up": {"uv": [94, 77], "uv_size": [2, 2]},
								"down": {"uv": [94, 81], "uv_size": [2, -2]}
							}
						},
						{
							"origin": [-2.015, 25.3, 35.9],
							"size": [2.03, 1.875, 5.725],
							"pivot": [0, 19, 15.475],
							"rotation": [160, 0, 0],
							"uv": {
								"north": {"uv": [96, 2], "uv_size": [2, 2]},
								"east": {"uv": [90, 49], "uv_size": [6, 2]},
								"south": {"uv": [96, 4], "uv_size": [2, 2]},
								"west": {"uv": [91, 54], "uv_size": [6, 2]},
								"up": {"uv": [52, 91], "uv_size": [2, 6]},
								"down": {"uv": [60, 97], "uv_size": [2, -6]}
							}
						},
						{
							"origin": [-2, 33.3, 30.4],
							"size": [2.01, 1.625, 2.725],
							"pivot": [0, 19, 15.475],
							"rotation": [137.5, 0, 0],
							"uv": {
								"north": {"uv": [10, 96], "uv_size": [2, 2]},
								"east": {"uv": [90, 93], "uv_size": [3, 2]},
								"south": {"uv": [12, 96], "uv_size": [2, 2]},
								"west": {"uv": [93, 93], "uv_size": [3, 2]},
								"up": {"uv": [0, 94], "uv_size": [2, 3]},
								"down": {"uv": [94, 5], "uv_size": [2, -3]}
							}
						},
						{
							"origin": [-2.025, 7.2, 31.145],
							"size": [2.05, 4, 1],
							"pivot": [0, -4, 10.875],
							"rotation": [90, 0, 0],
							"uv": {
								"north": {"uv": [66, 92], "uv_size": [2, 4]},
								"east": {"uv": [38, 94], "uv_size": [1, 4]},
								"south": {"uv": [68, 92], "uv_size": [2, 4]},
								"west": {"uv": [86, 94], "uv_size": [1, 4]},
								"up": {"uv": [96, 96], "uv_size": [2, 1]},
								"down": {"uv": [0, 98], "uv_size": [2, -1]}
							}
						},
						{
							"origin": [-2.025, 14.875, 24.475],
							"size": [2.05, 1.75, 3],
							"pivot": [0, 4, 9.475],
							"rotation": [102.5, 0, 0],
							"uv": {
								"north": {"uv": [94, 81], "uv_size": [2, 2]},
								"east": {"uv": [93, 51], "uv_size": [3, 2]},
								"south": {"uv": [87, 94], "uv_size": [2, 2]},
								"west": {"uv": [56, 93], "uv_size": [3, 2]},
								"up": {"uv": [30, 93], "uv_size": [2, 3]},
								"down": {"uv": [93, 59], "uv_size": [2, -3]}
							}
						},
						{
							"origin": [-2.025, 16.625, 24.475],
							"size": [2.05, 0.625, 0.25],
							"pivot": [0, 4, 9.475],
							"rotation": [102.5, 0, 0],
							"uv": {
								"north": {"uv": [91, 97], "uv_size": [2, 1]},
								"east": {"uv": [99, 52], "uv_size": [1, 1]},
								"south": {"uv": [93, 97], "uv_size": [2, 1]},
								"west": {"uv": [53, 99], "uv_size": [1, 1]},
								"up": {"uv": [96, 97], "uv_size": [2, 1]},
								"down": {"uv": [0, 99], "uv_size": [2, -1]}
							}
						},
						{
							"origin": [-2.03, 10.875, 24.626],
							"size": [2.06, 1.75, 3.25],
							"pivot": [0, 0, 5.875],
							"rotation": [90, 0, 0],
							"uv": {
								"north": {"uv": [4, 95], "uv_size": [2, 2]},
								"east": {"uv": [93, 59], "uv_size": [3, 2]},
								"south": {"uv": [6, 95], "uv_size": [2, 2]},
								"west": {"uv": [93, 61], "uv_size": [3, 2]},
								"up": {"uv": [93, 63], "uv_size": [2, 3]},
								"down": {"uv": [74, 96], "uv_size": [2, -3]}
							}
						},
						{
							"origin": [-2.03, 8.75, 25.126],
							"size": [2.06, 0.625, 2.75],
							"pivot": [0, -3.25, 5.875],
							"rotation": [90, 0, 0],
							"uv": {
								"north": {"uv": [87, 97], "uv_size": [2, 1]},
								"east": {"uv": [96, 75], "uv_size": [3, 1]},
								"south": {"uv": [89, 97], "uv_size": [2, 1]},
								"west": {"uv": [96, 76], "uv_size": [3, 1]},
								"up": {"uv": [93, 83], "uv_size": [2, 3]},
								"down": {"uv": [84, 96], "uv_size": [2, -3]}
							}
						},
						{
							"origin": [-2.025, -6.75, 13.775],
							"size": [2.05, 5.875, 1],
							"pivot": [0, 0, -6.125],
							"rotation": [90, 0, 0],
							"uv": {
								"north": {"uv": [68, 75], "uv_size": [2, 6]},
								"east": {"uv": [9, 93], "uv_size": [1, 6]},
								"south": {"uv": [50, 89], "uv_size": [2, 6]},
								"west": {"uv": [59, 93], "uv_size": [1, 6]},
								"up": {"uv": [97, 31], "uv_size": [2, 1]},
								"down": {"uv": [44, 98], "uv_size": [2, -1]}
							}
						},
						{
							"origin": [-1.765, 25.09, 35.9],
							"size": [1.53, 1.875, 5.85],
							"pivot": [0, 18.875, 15.475],
							"rotation": [160, 0, 0],
							"uv": {
								"north": {"uv": [42, 96], "uv_size": [2, 2]},
								"east": {"uv": [90, 91], "uv_size": [6, 2]},
								"south": {"uv": [96, 43], "uv_size": [2, 2]},
								"west": {"uv": [92, 0], "uv_size": [6, 2]},
								"up": {"uv": [16, 92], "uv_size": [2, 6]},
								"down": {"uv": [18, 98], "uv_size": [2, -6]}
							}
						},
						{
							"origin": [-1.75, 33.1, 31.15],
							"size": [1.51, 1.625, 1.975],
							"pivot": [0, 18.875, 15.475],
							"rotation": [137.5, 0, 0],
							"uv": {
								"north": {"uv": [14, 96], "uv_size": [2, 2]},
								"east": {"uv": [20, 96], "uv_size": [2, 2]},
								"south": {"uv": [30, 96], "uv_size": [2, 2]},
								"west": {"uv": [96, 35], "uv_size": [2, 2]},
								"up": {"uv": [36, 96], "uv_size": [2, 2]},
								"down": {"uv": [96, 39], "uv_size": [2, -2]}
							}
						},
						{
							"origin": [-2, -2.625, 31.675],
							"size": [1.5, 0.7, 3],
							"pivot": [0, -2, 9],
							"rotation": [115, 0, 0],
							"uv": {
								"north": {"uv": [98, 84], "uv_size": [2, 1]},
								"east": {"uv": [81, 96], "uv_size": [3, 1]},
								"south": {"uv": [86, 98], "uv_size": [2, 1]},
								"west": {"uv": [96, 81], "uv_size": [3, 1]},
								"up": {"uv": [26, 94], "uv_size": [2, 3]},
								"down": {"uv": [28, 97], "uv_size": [2, -3]}
							}
						},
						{
							"origin": [-2, 12.125, 25.55],
							"size": [1.5, 0.7, 1.25],
							"pivot": [0, -2, 9],
							"rotation": [75, 0, 0],
							"uv": {
								"north": {"uv": [98, 86], "uv_size": [2, 1]},
								"east": {"uv": [8, 100], "uv_size": [1, 1]},
								"south": {"uv": [98, 87], "uv_size": [2, 1]},
								"west": {"uv": [9, 100], "uv_size": [1, 1]},
								"up": {"uv": [88, 98], "uv_size": [2, 1]},
								"down": {"uv": [98, 89], "uv_size": [2, -1]}
							}
						}
					]
				},
				{
					"name": "Metal2",
					"parent": "Metal",
					"pivot": [-18, 42.875, 4.5],
					"rotation": [0, 0, -180]
				},
				{
					"name": "magazine",
					"parent": "main",
					"pivot": [0, -0.75, 5.625],
					"cubes": [
						{
							"origin": [-1.78, 12.375, 10.751],
							"size": [1.56, 7.75, 16.875],
							"pivot": [0, 0, 5.625],
							"rotation": [90, 0, 0],
							"uv": {
								"north": {"uv": [20, 88], "uv_size": [2, 8]},
								"east": {"uv": [36, 30], "uv_size": [17, 8]},
								"south": {"uv": [70, 88], "uv_size": [2, 8]},
								"west": {"uv": [36, 38], "uv_size": [17, 8]},
								"up": {"uv": [30, 48], "uv_size": [2, 17]},
								"down": {"uv": [30, 82], "uv_size": [2, -17]}
							}
						},
						{
							"origin": [-1.47, 13.375, 27.251],
							"size": [1, 5.625, 1],
							"pivot": [0, 0, 5.625],
							"rotation": [90, 0, 0],
							"uv": {
								"north": {"uv": [126, 109], "uv_size": [1, 5.625]},
								"east": {"uv": [100, 109], "uv_size": [1, 5.625]},
								"south": {"uv": [126, 109], "uv_size": [1, 5.625]},
								"west": {"uv": [27, 27], "uv_size": [1, 5.625]},
								"up": {"uv": [1.47, 28], "uv_size": [-1, -1]},
								"down": {"uv": [1, 128], "uv_size": [-1, -1]}
							}
						},
						{
							"origin": [-1.775, 11, 10.251],
							"size": [1.55, 7.375, 1.5],
							"pivot": [0, -1.75, 5.125],
							"rotation": [85, 0, 0],
							"uv": {
								"north": {"uv": [42, 89], "uv_size": [2, 7]},
								"east": {"uv": [44, 89], "uv_size": [2, 7]},
								"south": {"uv": [46, 89], "uv_size": [2, 7]},
								"west": {"uv": [48, 89], "uv_size": [2, 7]},
								"up": {"uv": [91, 95], "uv_size": [2, 2]},
								"down": {"uv": [93, 97], "uv_size": [2, -2]}
							}
						},
						{
							"origin": [-1.78, 11.625, 10.85],
							"size": [1.56, 0.375, 0.75],
							"pivot": [0, -0.75, 5.625],
							"rotation": [90, 0, 0],
							"uv": {
								"north": {"uv": [98, 0], "uv_size": [2, 1]},
								"east": {"uv": [54, 99], "uv_size": [1, 1]},
								"south": {"uv": [98, 1], "uv_size": [2, 1]},
								"west": {"uv": [99, 54], "uv_size": [1, 1]},
								"up": {"uv": [98, 2], "uv_size": [2, 1]},
								"down": {"uv": [98, 4], "uv_size": [2, -1]}
							}
						},
						{
							"origin": [-1.685, 53.22, 9.47],
							"size": [1.475, 0.75, 0.75],
							"pivot": [-1.375, 39.375, -7.15],
							"rotation": [-135, 0, 0],
							"uv": {
								"north": {"uv": [98, 99], "uv_size": [1, 1]},
								"east": {"uv": [99, 98], "uv_size": [1, 1]},
								"south": {"uv": [99, 99], "uv_size": [1, 1]},
								"west": {"uv": [0, 100], "uv_size": [1, 1]},
								"up": {"uv": [100, 0], "uv_size": [1, 1]},
								"down": {"uv": [1, 101], "uv_size": [1, -1]}
							}
						},
						{
							"origin": [-1.685, 50.47, 9.47],
							"size": [1.475, 0.75, 0.75],
							"pivot": [-1.375, 36.625, -7.15],
							"rotation": [-135, 0, 0],
							"uv": {
								"north": {"uv": [100, 1], "uv_size": [1, 1]},
								"east": {"uv": [2, 100], "uv_size": [1, 1]},
								"south": {"uv": [100, 2], "uv_size": [1, 1]},
								"west": {"uv": [3, 100], "uv_size": [1, 1]},
								"up": {"uv": [100, 3], "uv_size": [1, 1]},
								"down": {"uv": [4, 101], "uv_size": [1, -1]}
							}
						},
						{
							"origin": [-1.685, 47.72, 9.47],
							"size": [1.475, 0.75, 0.75],
							"pivot": [-1.375, 33.875, -7.15],
							"rotation": [-135, 0, 0],
							"uv": {
								"north": {"uv": [100, 4], "uv_size": [1, 1]},
								"east": {"uv": [5, 100], "uv_size": [1, 1]},
								"south": {"uv": [100, 5], "uv_size": [1, 1]},
								"west": {"uv": [6, 100], "uv_size": [1, 1]},
								"up": {"uv": [100, 6], "uv_size": [1, 1]},
								"down": {"uv": [7, 101], "uv_size": [1, -1]}
							}
						}
					]
				},
				{
					"name": "Bolt",
					"parent": "main",
					"pivot": [-1.125, 8.5, -6.875],
					"cubes": [
						{
							"origin": [-2.76, 24.225, -15.55],
							"size": [0.77, 2.3, 8.375],
							"uv": {
								"north": {"uv": [30, 98], "uv_size": [1, 2]},
								"east": {"uv": [87, 13], "uv_size": [8, 2]},
								"south": {"uv": [31, 98], "uv_size": [1, 2]},
								"west": {"uv": [88, 75], "uv_size": [8, 2]},
								"up": {"uv": [71, 45], "uv_size": [1, 8]},
								"down": {"uv": [54, 99], "uv_size": [1, -8]}
							}
						},
						{
							"origin": [-1.625, 22.4375, -72.125],
							"size": [1.25, 1.25, 6.625],
							"uv": {
								"north": {"uv": [0, 99], "uv_size": [1, 1]},
								"east": {"uv": [53, 45], "uv_size": [7, 1]},
								"south": {"uv": [1, 99], "uv_size": [1, 1]},
								"west": {"uv": [60, 45], "uv_size": [7, 1]},
								"up": {"uv": [62, 91], "uv_size": [1, 7]},
								"down": {"uv": [72, 99], "uv_size": [1, -7]}
							}
						},
						{
							"origin": [-2, 22.0625, -72.375],
							"size": [2, 2, 0.625],
							"uv": {
								"north": {"uv": [95, 83], "uv_size": [2, 2]},
								"east": {"uv": [83, 97], "uv_size": [1, 2]},
								"south": {"uv": [89, 95], "uv_size": [2, 2]},
								"west": {"uv": [97, 83], "uv_size": [1, 2]},
								"up": {"uv": [97, 79], "uv_size": [2, 1]},
								"down": {"uv": [84, 98], "uv_size": [2, -1]}
							}
						},
						{
							"origin": [-1.625, 22.4375, -72.5],
							"size": [1.25, 1.25, 0.125],
							"uv": {
								"north": {"uv": [48, 99], "uv_size": [1, 1]},
								"east": {"uv": [49, 99], "uv_size": [1, 1]},
								"south": {"uv": [50, 99], "uv_size": [1, 1]},
								"west": {"uv": [51, 99], "uv_size": [1, 1]},
								"up": {"uv": [99, 51], "uv_size": [1, 1]},
								"down": {"uv": [52, 100], "uv_size": [1, -1]}
							}
						},
						{
							"origin": [-1.875, 22.3125, -70.875],
							"size": [1.625, 1.5, 10.5],
							"uv": {
								"north": {"uv": [95, 22], "uv_size": [2, 2]},
								"east": {"uv": [81, 70], "uv_size": [11, 2]},
								"south": {"uv": [95, 30], "uv_size": [2, 2]},
								"west": {"uv": [82, 51], "uv_size": [11, 2]},
								"up": {"uv": [72, 81], "uv_size": [2, 11]},
								"down": {"uv": [30, 93], "uv_size": [2, -11]}
							}
						}
					]
				},
				{
					"name": "rightarm",
					"parent": "main",
					"pivot": [-5.89423, 18.21195, 16.17773],
					"rotation": [-101.81106, -12.40003, -2.46982],
					"cubes": [
						{
							"origin": [-7.44381, 7.89284, 12.17773],
							"size": [8, 24, 8],
							"pivot": [-0.44381, 12.89284, 21.17773],
							"rotation": [0, 0, -22.5],
							"uv": {
								"north": {"uv": [0, 0], "uv_size": [8, 24]},
								"east": {"uv": [8, 0], "uv_size": [8, 24]},
								"south": {"uv": [16, 0], "uv_size": [8, 24]},
								"west": {"uv": [0, 0], "uv_size": [8, 24]},
								"up": {"uv": [48, 58], "uv_size": [8, 8]},
								"down": {"uv": [56, 66], "uv_size": [8, -8]}
							}
						}
					]
				},
				{
					"name": "leftarm",
					"parent": "main",
					"pivot": [6.78416, 15.76367, -19.02794],
					"rotation": [-119.61483, 1.67666, -38.31282],
					"cubes": [
						{
							"origin": [2.78416, 3.76367, -23.02794],
							"size": [8, 24, 8],
							"uv": {
								"north": {"uv": [24, 0], "uv_size": [8, 24]},
								"east": {"uv": [8, 24], "uv_size": [8, 24]},
								"south": {"uv": [16, 24], "uv_size": [8, 24]},
								"west": {"uv": [8.75, 0], "uv_size": [8, 24]},
								"up": {"uv": [64, 58], "uv_size": [8, 8]},
								"down": {"uv": [48, 74], "uv_size": [8, -8]}
							}
						}
					]
				},
				{
					"name": "muzzleflash",
					"parent": "main",
					"pivot": [-1, 26.35, -90.5],
					"cubes": [
						{
							"origin": [-1.5, 25.85, -90.675],
							"size": [1, 1, 1],
							"inflate": -0.4,
							"uv": {
								"north": {"uv": [47, 76], "uv_size": [1, 1]},
								"east": {"uv": [27, 82], "uv_size": [1, 1]},
								"south": {"uv": [55, 83], "uv_size": [1, 1]},
								"west": {"uv": [71, 84], "uv_size": [1, 1]},
								"up": {"uv": [15, 88], "uv_size": [1, 1]},
								"down": {"uv": [8, 90], "uv_size": [1, -1]}
							}
						}
					]
				},
				{
					"name": "scope",
					"parent": "main",
					"pivot": [-1, 28.8, 4.75],
					"cubes": [
						{
							"origin": [-1.5, 28.3, 4.25],
							"size": [1, 1, 1],
							"inflate": -0.4,
							"uv": {
								"north": {"uv": [19, 89], "uv_size": [1, 1]},
								"east": {"uv": [23, 90], "uv_size": [1, 1]},
								"south": {"uv": [91, 30], "uv_size": [1, 1]},
								"west": {"uv": [76, 103], "uv_size": [1, 1]},
								"up": {"uv": [103, 77], "uv_size": [1, 1]},
								"down": {"uv": [78, 104], "uv_size": [1, -1]}
							}
						}
					]
				}
			]
		}
	]
}