{
	"format_version": "1.12.0",
	"minecraft:geometry": [
		{
			"description": {
				"identifier": "geometry.unknown",
				"texture_width": 128,
				"texture_height": 128,
				"visible_bounds_width": 9,
				"visible_bounds_height": 3.5,
				"visible_bounds_offset": [0, 1.25, 0]
			},
			"bones": [
				{
					"name": "main",
					"pivot": [0, 20, 0]
				},
				{
					"name": "gun",
					"parent": "main",
					"pivot": [1, 11, -1]
				},
				{
					"name": "wood",
					"parent": "gun",
					"pivot": [0, 13.3, 31.2],
					"cubes": [
						{
							"origin": [-1.655, 21.45, -53.6],
							"size": [3.25, 2, 40.3],
							"uv": {
								"north": {"uv": [66, 53], "uv_size": [3, 2]},
								"east": {"uv": [38, 24], "uv_size": [40, 2]},
								"south": {"uv": [64, 78], "uv_size": [3, 2]},
								"west": {"uv": [38, 26], "uv_size": [40, 2]},
								"up": {"uv": [32, 14], "uv_size": [3, 40]},
								"down": {"uv": [35, 54], "uv_size": [3, -40]}
							}
						},
						{
							"origin": [-0.655, 23.45, -53.6],
							"size": [2.25, 2, 40.3],
							"uv": {
								"north": {"uv": [80, 80], "uv_size": [2, 2]},
								"east": {"uv": [38, 28], "uv_size": [40, 2]},
								"south": {"uv": [81, 0], "uv_size": [2, 2]},
								"west": {"uv": [38, 30], "uv_size": [40, 2]},
								"up": {"uv": [38, 32], "uv_size": [2, 40]},
								"down": {"uv": [40, 72], "uv_size": [2, -40]}
							}
						},
						{
							"origin": [0.63429, 25.42929, -53.6],
							"size": [1, 2, 40.3],
							"pivot": [1.6, 25.4, -15],
							"rotation": [0, 0, -53],
							"uv": {
								"north": {"uv": [28, 83], "uv_size": [1, 2]},
								"east": {"uv": [42, 32], "uv_size": [40, 2]},
								"south": {"uv": [83, 33], "uv_size": [1, 2]},
								"west": {"uv": [42, 34], "uv_size": [40, 2]},
								"up": {"uv": [21, 56], "uv_size": [1, 40]},
								"down": {"uv": [22, 96], "uv_size": [1, -40]}
							}
						},
						{
							"origin": [-1.55, 20.69309, -40.97691],
							"size": [3, 1, 18.5],
							"pivot": [-0.05, 20.7, -23.5],
							"rotation": [-2.5, 0, 0],
							"uv": {
								"north": {"uv": [82, 4], "uv_size": [3, 1]},
								"east": {"uv": [57, 23], "uv_size": [19, 1]},
								"south": {"uv": [82, 26], "uv_size": [3, 1]},
								"west": {"uv": [63, 4], "uv_size": [19, 1]},
								"up": {"uv": [24, 48], "uv_size": [3, 19]},
								"down": {"uv": [27, 67], "uv_size": [3, -19]}
							}
						},
						{
							"origin": [-1.75, 19.3, -23.6],
							"size": [3.4, 4, 8],
							"pivot": [-0.05, 19.3, -15.6],
							"rotation": [-10, 0, 0],
							"uv": {
								"north": {"uv": [30, 74], "uv_size": [3, 4]},
								"east": {"uv": [63, 9], "uv_size": [8, 4]},
								"south": {"uv": [33, 74], "uv_size": [3, 4]},
								"west": {"uv": [63, 47], "uv_size": [8, 4]},
								"up": {"uv": [65, 13], "uv_size": [3, 8]},
								"down": {"uv": [30, 74], "uv_size": [3, -8]}
							}
						},
						{
							"origin": [0.95, 19.3, -13.35],
							"size": [0.75, 5, 8],
							"uv": {
								"north": {"uv": [14, 80], "uv_size": [1, 5]},
								"east": {"uv": [57, 13], "uv_size": [8, 5]},
								"south": {"uv": [15, 80], "uv_size": [1, 5]},
								"west": {"uv": [57, 18], "uv_size": [8, 5]},
								"up": {"uv": [76, 59], "uv_size": [1, 8]},
								"down": {"uv": [72, 84], "uv_size": [1, -8]}
							}
						},
						{
							"origin": [-1.8, 19.3, -15.6],
							"size": [3.5, 5, 2.25],
							"uv": {
								"north": {"uv": [68, 13], "uv_size": [4, 5]},
								"east": {"uv": [30, 48], "uv_size": [2, 5]},
								"south": {"uv": [69, 53], "uv_size": [4, 5]},
								"west": {"uv": [3, 76], "uv_size": [2, 5]},
								"up": {"uv": [76, 18], "uv_size": [4, 2]},
								"down": {"uv": [77, 7], "uv_size": [4, -2]}
							}
						},
						{
							"origin": [-1.8, 19.3, -5.35],
							"size": [3.5, 5, 12],
							"uv": {
								"north": {"uv": [69, 58], "uv_size": [4, 5]},
								"east": {"uv": [50, 43], "uv_size": [12, 5]},
								"south": {"uv": [69, 63], "uv_size": [4, 5]},
								"west": {"uv": [51, 0], "uv_size": [12, 5]},
								"up": {"uv": [30, 54], "uv_size": [4, 12]},
								"down": {"uv": [34, 66], "uv_size": [4, -12]}
							}
						},
						{
							"origin": [-1.6, 15.29553, 2.77787],
							"size": [3.2, 4, 12.25],
							"pivot": [-0.1, 17.05, 10.7],
							"rotation": [-45, 0, 0],
							"uv": {
								"north": {"uv": [44, 74], "uv_size": [3, 4]},
								"east": {"uv": [51, 9], "uv_size": [12, 4]},
								"south": {"uv": [47, 74], "uv_size": [3, 4]},
								"west": {"uv": [54, 51], "uv_size": [12, 4]},
								"up": {"uv": [12, 59], "uv_size": [3, 12]},
								"down": {"uv": [55, 75], "uv_size": [3, -12]}
							}
						},
						{
							"origin": [-1.55, 17.3, 9.2],
							"size": [3.1, 4, 4],
							"uv": {
								"north": {"uv": [69, 74], "uv_size": [3, 4]},
								"east": {"uv": [44, 70], "uv_size": [4, 4]},
								"south": {"uv": [74, 69], "uv_size": [3, 4]},
								"west": {"uv": [48, 70], "uv_size": [4, 4]},
								"up": {"uv": [74, 73], "uv_size": [3, 4]},
								"down": {"uv": [75, 13], "uv_size": [3, -4]}
							}
						},
						{
							"origin": [-1.55, 15.3, 13.2],
							"size": [3.1, 7, 19],
							"uv": {
								"north": {"uv": [66, 66], "uv_size": [3, 7]},
								"east": {"uv": [32, 0], "uv_size": [19, 7]},
								"south": {"uv": [24, 67], "uv_size": [3, 7]},
								"west": {"uv": [32, 7], "uv_size": [19, 7]},
								"up": {"uv": [42, 51], "uv_size": [3, 19]},
								"down": {"uv": [45, 70], "uv_size": [3, -19]}
							}
						},
						{
							"origin": [-1.5, 20.55, 8.77787],
							"size": [3, 2, 3.25],
							"pivot": [-0.1, 17.05, 10.7],
							"rotation": [-45, 0, 0],
							"uv": {
								"north": {"uv": [69, 78], "uv_size": [3, 2]},
								"east": {"uv": [78, 77], "uv_size": [3, 2]},
								"south": {"uv": [5, 79], "uv_size": [3, 2]},
								"west": {"uv": [79, 21], "uv_size": [3, 2]},
								"up": {"uv": [5, 76], "uv_size": [3, 3]},
								"down": {"uv": [76, 24], "uv_size": [3, -3]}
							}
						},
						{
							"origin": [-1.5, 10.3, 13.2],
							"size": [3, 5, 18.9],
							"pivot": [0, 13.3, 31.2],
							"rotation": [-17.5, 0, 0],
							"uv": {
								"north": {"uv": [73, 53], "uv_size": [3, 5]},
								"east": {"uv": [38, 14], "uv_size": [19, 5]},
								"south": {"uv": [73, 58], "uv_size": [3, 5]},
								"west": {"uv": [38, 19], "uv_size": [19, 5]},
								"up": {"uv": [48, 51], "uv_size": [3, 19]},
								"down": {"uv": [51, 70], "uv_size": [3, -19]}
							}
						},
						{
							"origin": [-1.63429, 25.42929, -53.6],
							"size": [1, 2, 40.3],
							"pivot": [-1.6, 25.4, -15],
							"rotation": [0, 0, 53],
							"uv": {
								"north": {"uv": [83, 35], "uv_size": [1, 2]},
								"east": {"uv": [42, 36], "uv_size": [40, 2]},
								"south": {"uv": [83, 43], "uv_size": [1, 2]},
								"west": {"uv": [42, 38], "uv_size": [40, 2]},
								"up": {"uv": [23, 56], "uv_size": [1, 40]},
								"down": {"uv": [54, 98], "uv_size": [1, -40]}
							}
						},
						{
							"origin": [-1.655, 23.45, -53.6],
							"size": [1, 2, 26],
							"uv": {
								"north": {"uv": [83, 45], "uv_size": [1, 2]},
								"east": {"uv": [51, 5], "uv_size": [26, 2]},
								"south": {"uv": [55, 83], "uv_size": [1, 2]},
								"west": {"uv": [51, 7], "uv_size": [26, 2]},
								"up": {"uv": [61, 63], "uv_size": [1, 26]},
								"down": {"uv": [62, 89], "uv_size": [1, -26]}
							}
						},
						{
							"origin": [-0.905, 23.45, -11.3],
							"size": [0.25, 1.75, 10.6],
							"uv": {
								"north": {"uv": [56, 83], "uv_size": [1, 2]},
								"east": {"uv": [65, 21], "uv_size": [11, 2]},
								"south": {"uv": [83, 71], "uv_size": [1, 2]},
								"west": {"uv": [66, 51], "uv_size": [11, 2]},
								"up": {"uv": [50, 74], "uv_size": [1, 11]},
								"down": {"uv": [51, 85], "uv_size": [1, -11]}
							}
						},
						{
							"origin": [-1.655, 23.45, -27.6],
							"size": [1, 1.25, 14.3],
							"uv": {
								"north": {"uv": [56, 13], "uv_size": [1, 1]},
								"east": {"uv": [68, 20], "uv_size": [14, 1]},
								"south": {"uv": [62, 47], "uv_size": [1, 1]},
								"west": {"uv": [71, 42], "uv_size": [14, 1]},
								"up": {"uv": [20, 71], "uv_size": [1, 14]},
								"down": {"uv": [29, 87], "uv_size": [1, -14]}
							}
						},
						{
							"origin": [-0.95, 19.3, -13.35],
							"size": [1.9, 1, 8],
							"uv": {
								"north": {"uv": [30, 53], "uv_size": [2, 1]},
								"east": {"uv": [76, 67], "uv_size": [8, 1]},
								"south": {"uv": [83, 37], "uv_size": [2, 1]},
								"west": {"uv": [77, 7], "uv_size": [8, 1]},
								"up": {"uv": [52, 70], "uv_size": [2, 8]},
								"down": {"uv": [63, 78], "uv_size": [2, -8]}
							}
						},
						{
							"origin": [-1.8, 19.3, -13.35],
							"size": [0.85, 5, 8],
							"uv": {
								"north": {"uv": [16, 80], "uv_size": [1, 5]},
								"east": {"uv": [55, 58], "uv_size": [8, 5]},
								"south": {"uv": [17, 80], "uv_size": [1, 5]},
								"west": {"uv": [0, 59], "uv_size": [8, 5]},
								"up": {"uv": [73, 76], "uv_size": [1, 8]},
								"down": {"uv": [77, 67], "uv_size": [1, -8]}
							}
						}
					]
				},
				{
					"name": "metal",
					"parent": "gun",
					"pivot": [0, 19.3, 4.75],
					"cubes": [
						{
							"origin": [-1.655, 19.2, -35.3],
							"size": [3.25, 1.5, 1],
							"uv": {
								"north": {"uv": [79, 23], "uv_size": [3, 2]},
								"east": {"uv": [83, 73], "uv_size": [1, 2]},
								"south": {"uv": [79, 25], "uv_size": [3, 2]},
								"west": {"uv": [74, 83], "uv_size": [1, 2]},
								"up": {"uv": [82, 27], "uv_size": [3, 1]},
								"down": {"uv": [82, 29], "uv_size": [3, -1]}
							}
						},
						{
							"origin": [-0.655, 20.7, -35.3],
							"size": [1.25, 0.5, 1],
							"uv": {
								"north": {"uv": [77, 8], "uv_size": [1, 1]},
								"east": {"uv": [7, 81], "uv_size": [1, 1]},
								"south": {"uv": [85, 44], "uv_size": [1, 1]},
								"west": {"uv": [85, 45], "uv_size": [1, 1]},
								"up": {"uv": [46, 85], "uv_size": [1, 1]},
								"down": {"uv": [85, 47], "uv_size": [1, -1]}
							}
						},
						{
							"origin": [-1.655, 9.7, 25.7],
							"size": [3.25, 1.5, 1],
							"uv": {
								"north": {"uv": [79, 27], "uv_size": [3, 2]},
								"east": {"uv": [75, 83], "uv_size": [1, 2]},
								"south": {"uv": [79, 29], "uv_size": [3, 2]},
								"west": {"uv": [76, 83], "uv_size": [1, 2]},
								"up": {"uv": [82, 29], "uv_size": [3, 1]},
								"down": {"uv": [82, 31], "uv_size": [3, -1]}
							}
						},
						{
							"origin": [-0.655, 11.2, 25.7],
							"size": [1.25, 0.5, 1],
							"uv": {
								"north": {"uv": [47, 85], "uv_size": [1, 1]},
								"east": {"uv": [85, 47], "uv_size": [1, 1]},
								"south": {"uv": [48, 85], "uv_size": [1, 1]},
								"west": {"uv": [85, 48], "uv_size": [1, 1]},
								"up": {"uv": [49, 85], "uv_size": [1, 1]},
								"down": {"uv": [85, 50], "uv_size": [1, -1]}
							}
						},
						{
							"origin": [-1.3, 26.8, -65.9],
							"size": [1, 2, 2.5],
							"inflate": -0.3,
							"pivot": [-0.5, 27, -16.75],
							"rotation": [0, 0, -5],
							"uv": {
								"north": {"uv": [77, 83], "uv_size": [1, 2]},
								"east": {"uv": [79, 40], "uv_size": [3, 2]},
								"south": {"uv": [83, 77], "uv_size": [1, 2]},
								"west": {"uv": [79, 53], "uv_size": [3, 2]},
								"up": {"uv": [65, 70], "uv_size": [1, 3]},
								"down": {"uv": [57, 84], "uv_size": [1, -3]}
							}
						},
						{
							"origin": [-0.4, 26.8, -65.65],
							"size": [0.8, 1.45, 2],
							"inflate": -0.2,
							"uv": {
								"north": {"uv": [50, 85], "uv_size": [1, 1]},
								"east": {"uv": [83, 66], "uv_size": [2, 1]},
								"south": {"uv": [85, 50], "uv_size": [1, 1]},
								"west": {"uv": [78, 83], "uv_size": [2, 1]},
								"up": {"uv": [80, 83], "uv_size": [1, 2]},
								"down": {"uv": [83, 83], "uv_size": [1, -2]}
							}
						},
						{
							"origin": [0.3, 26.8, -65.9],
							"size": [1, 2, 2.5],
							"inflate": -0.3,
							"pivot": [0.5, 27, -16.75],
							"rotation": [0, 0, 5],
							"uv": {
								"north": {"uv": [83, 83], "uv_size": [1, 2]},
								"east": {"uv": [55, 79], "uv_size": [3, 2]},
								"south": {"uv": [0, 84], "uv_size": [1, 2]},
								"west": {"uv": [79, 55], "uv_size": [3, 2]},
								"up": {"uv": [2, 82], "uv_size": [1, 3]},
								"down": {"uv": [9, 85], "uv_size": [1, -3]}
							}
						},
						{
							"origin": [0.86, 27.55, 0.05],
							"size": [0.52, 0.715, 1],
							"uv": {
								"north": {"uv": [51, 85], "uv_size": [1, 1]},
								"east": {"uv": [85, 51], "uv_size": [1, 1]},
								"south": {"uv": [52, 85], "uv_size": [1, 1]},
								"west": {"uv": [85, 52], "uv_size": [1, 1]},
								"up": {"uv": [53, 85], "uv_size": [1, 1]},
								"down": {"uv": [85, 54], "uv_size": [1, -1]}
							}
						},
						{
							"origin": [0.875, 26.7, -0.6],
							"size": [0.5, 1, 0.75],
							"pivot": [0, 27.195, 0.4],
							"rotation": [-45, 0, 0],
							"uv": {
								"north": {"uv": [85, 54], "uv_size": [1, 1]},
								"east": {"uv": [55, 85], "uv_size": [1, 1]},
								"south": {"uv": [85, 55], "uv_size": [1, 1]},
								"west": {"uv": [56, 85], "uv_size": [1, 1]},
								"up": {"uv": [85, 56], "uv_size": [1, 1]},
								"down": {"uv": [85, 58], "uv_size": [1, -1]}
							}
						},
						{
							"origin": [0.875, 26.95, 0.4],
							"size": [0.5, 0.75, 1],
							"pivot": [0, 27.195, 1.4],
							"rotation": [-45, 0, 0],
							"uv": {
								"north": {"uv": [58, 85], "uv_size": [1, 1]},
								"east": {"uv": [85, 58], "uv_size": [1, 1]},
								"south": {"uv": [59, 85], "uv_size": [1, 1]},
								"west": {"uv": [85, 59], "uv_size": [1, 1]},
								"up": {"uv": [60, 85], "uv_size": [1, 1]},
								"down": {"uv": [85, 61], "uv_size": [1, -1]}
							}
						},
						{
							"origin": [0.86, 24.26, -0.64],
							"size": [0.52, 3.29, 2.4],
							"uv": {
								"north": {"uv": [82, 32], "uv_size": [1, 3]},
								"east": {"uv": [58, 79], "uv_size": [2, 3]},
								"south": {"uv": [82, 35], "uv_size": [1, 3]},
								"west": {"uv": [79, 69], "uv_size": [2, 3]},
								"up": {"uv": [1, 84], "uv_size": [1, 2]},
								"down": {"uv": [3, 86], "uv_size": [1, -2]}
							}
						},
						{
							"origin": [-1.3, 21.45, -54.6],
							"size": [2.5, 5, 1],
							"uv": {
								"north": {"uv": [73, 63], "uv_size": [3, 5]},
								"east": {"uv": [31, 80], "uv_size": [1, 5]},
								"south": {"uv": [65, 73], "uv_size": [3, 5]},
								"west": {"uv": [32, 80], "uv_size": [1, 5]},
								"up": {"uv": [82, 38], "uv_size": [3, 1]},
								"down": {"uv": [82, 40], "uv_size": [3, -1]}
							}
						},
						{
							"origin": [-1.05, 21.95, -59.4],
							"size": [2, 4, 2],
							"uv": {
								"north": {"uv": [77, 69], "uv_size": [2, 4]},
								"east": {"uv": [77, 73], "uv_size": [2, 4]},
								"south": {"uv": [74, 77], "uv_size": [2, 4]},
								"west": {"uv": [76, 77], "uv_size": [2, 4]},
								"up": {"uv": [81, 2], "uv_size": [2, 2]},
								"down": {"uv": [3, 83], "uv_size": [2, -2]}
							}
						},
						{
							"origin": [-1.05, 23.45, -66.65],
							"size": [2, 2.5, 4],
							"uv": {
								"north": {"uv": [79, 72], "uv_size": [2, 3]},
								"east": {"uv": [12, 75], "uv_size": [4, 3]},
								"south": {"uv": [78, 79], "uv_size": [2, 3]},
								"west": {"uv": [16, 75], "uv_size": [4, 3]},
								"up": {"uv": [8, 78], "uv_size": [2, 4]},
								"down": {"uv": [78, 12], "uv_size": [2, -4]}
							}
						},
						{
							"origin": [-1.05, 25.95, -65.65],
							"size": [2, 1.25, 2],
							"uv": {
								"north": {"uv": [4, 84], "uv_size": [2, 1]},
								"east": {"uv": [7, 84], "uv_size": [2, 1]},
								"south": {"uv": [84, 8], "uv_size": [2, 1]},
								"west": {"uv": [84, 9], "uv_size": [2, 1]},
								"up": {"uv": [5, 81], "uv_size": [2, 2]},
								"down": {"uv": [81, 7], "uv_size": [2, -2]}
							}
						},
						{
							"origin": [-0.55, 18.8, 0],
							"size": [1, 1, 1],
							"pivot": [0, 19.3, 0.5],
							"rotation": [45, 0, 0],
							"uv": {
								"north": {"uv": [85, 61], "uv_size": [1, 1]},
								"east": {"uv": [85, 62], "uv_size": [1, 1]},
								"south": {"uv": [63, 85], "uv_size": [1, 1]},
								"west": {"uv": [64, 85], "uv_size": [1, 1]},
								"up": {"uv": [85, 64], "uv_size": [1, 1]},
								"down": {"uv": [65, 86], "uv_size": [1, -1]}
							}
						},
						{
							"origin": [-1.3, 19.25, -1.6],
							"size": [2.5, 1, 8],
							"uv": {
								"north": {"uv": [82, 40], "uv_size": [3, 1]},
								"east": {"uv": [77, 51], "uv_size": [8, 1]},
								"south": {"uv": [82, 41], "uv_size": [3, 1]},
								"west": {"uv": [77, 52], "uv_size": [8, 1]},
								"up": {"uv": [33, 66], "uv_size": [3, 8]},
								"down": {"uv": [66, 66], "uv_size": [3, -8]}
							}
						},
						{
							"origin": [-0.55, 22.3, -60.85],
							"size": [1, 1, 7.25],
							"pivot": [-0.05, 22.8, -13.85],
							"rotation": [0, 0, -22.5],
							"uv": {
								"north": {"uv": [85, 65], "uv_size": [1, 1]},
								"east": {"uv": [78, 64], "uv_size": [7, 1]},
								"south": {"uv": [66, 85], "uv_size": [1, 1]},
								"west": {"uv": [78, 65], "uv_size": [7, 1]},
								"up": {"uv": [35, 78], "uv_size": [1, 7]},
								"down": {"uv": [63, 85], "uv_size": [1, -7]}
							}
						},
						{
							"origin": [-0.8, 24.05, -72.6],
							"size": [1.5, 1.5, 19],
							"pivot": [-0.05, 24.8, -16.6],
							"rotation": [0, 0, -22.5],
							"uv": {
								"north": {"uv": [27, 81], "uv_size": [2, 2]},
								"east": {"uv": [62, 43], "uv_size": [19, 2]},
								"south": {"uv": [81, 43], "uv_size": [2, 2]},
								"west": {"uv": [62, 45], "uv_size": [19, 2]},
								"up": {"uv": [8, 59], "uv_size": [2, 19]},
								"down": {"uv": [10, 78], "uv_size": [2, -19]}
							}
						},
						{
							"origin": [-0.55, 17.9, 4.1],
							"size": [1, 0.5, 1.6],
							"pivot": [0, 18.05, 4.85],
							"rotation": [90, 0, 0],
							"uv": {
								"north": {"uv": [85, 66], "uv_size": [1, 1]},
								"east": {"uv": [10, 84], "uv_size": [2, 1]},
								"south": {"uv": [69, 85], "uv_size": [1, 1]},
								"west": {"uv": [84, 10], "uv_size": [2, 1]},
								"up": {"uv": [12, 84], "uv_size": [1, 2]},
								"down": {"uv": [84, 22], "uv_size": [1, -2]}
							}
						},
						{
							"origin": [-0.55, 17.25, 3.35],
							"size": [1, 0.5, 1.6],
							"pivot": [0, 17.3, 4.9],
							"rotation": [45, 0, 0],
							"uv": {
								"north": {"uv": [85, 69], "uv_size": [1, 1]},
								"east": {"uv": [84, 22], "uv_size": [2, 1]},
								"south": {"uv": [70, 85], "uv_size": [1, 1]},
								"west": {"uv": [84, 23], "uv_size": [2, 1]},
								"up": {"uv": [84, 24], "uv_size": [1, 2]},
								"down": {"uv": [84, 35], "uv_size": [1, -2]}
							}
						},
						{
							"origin": [-0.55, 18.15, 1.85],
							"size": [1, 0.5, 1.5],
							"pivot": [0, 18.3, 3.4],
							"rotation": [67.5, 0, 0],
							"uv": {
								"north": {"uv": [85, 70], "uv_size": [1, 1]},
								"east": {"uv": [84, 31], "uv_size": [2, 1]},
								"south": {"uv": [71, 85], "uv_size": [1, 1]},
								"west": {"uv": [84, 35], "uv_size": [2, 1]},
								"up": {"uv": [84, 43], "uv_size": [1, 2]},
								"down": {"uv": [84, 47], "uv_size": [1, -2]}
							}
						},
						{
							"origin": [-0.55, 18, 1.6],
							"size": [1, 0.5, 1.5],
							"pivot": [0, 18.05, 3.15],
							"rotation": [-67.5, 0, 0],
							"uv": {
								"north": {"uv": [72, 85], "uv_size": [1, 1]},
								"east": {"uv": [84, 36], "uv_size": [2, 1]},
								"south": {"uv": [85, 72], "uv_size": [1, 1]},
								"west": {"uv": [84, 67], "uv_size": [2, 1]},
								"up": {"uv": [57, 84], "uv_size": [1, 2]},
								"down": {"uv": [67, 86], "uv_size": [1, -2]}
							}
						},
						{
							"origin": [-0.55, 16.25, -0.15],
							"size": [1, 0.5, 1.6],
							"pivot": [0, 16.3, 1.4],
							"rotation": [-45, 0, 0],
							"uv": {
								"north": {"uv": [73, 85], "uv_size": [1, 1]},
								"east": {"uv": [84, 71], "uv_size": [2, 1]},
								"south": {"uv": [85, 73], "uv_size": [1, 1]},
								"west": {"uv": [72, 84], "uv_size": [2, 1]},
								"up": {"uv": [84, 72], "uv_size": [1, 2]},
								"down": {"uv": [84, 79], "uv_size": [1, -2]}
							}
						},
						{
							"origin": [-0.55, 16.15, 1.35],
							"size": [1, 0.5, 2.5],
							"uv": {
								"north": {"uv": [74, 85], "uv_size": [1, 1]},
								"east": {"uv": [82, 53], "uv_size": [3, 1]},
								"south": {"uv": [75, 85], "uv_size": [1, 1]},
								"west": {"uv": [82, 54], "uv_size": [3, 1]},
								"up": {"uv": [48, 82], "uv_size": [1, 3]},
								"down": {"uv": [49, 85], "uv_size": [1, -3]}
							}
						},
						{
							"origin": [-0.55, 17.9, -0.15],
							"size": [1, 0.5, 1.6],
							"pivot": [0, 18.05, 0.6],
							"rotation": [90, 0, 0],
							"uv": {
								"north": {"uv": [85, 75], "uv_size": [1, 1]},
								"east": {"uv": [84, 74], "uv_size": [2, 1]},
								"south": {"uv": [76, 85], "uv_size": [1, 1]},
								"west": {"uv": [78, 84], "uv_size": [2, 1]},
								"up": {"uv": [84, 81], "uv_size": [1, 2]},
								"down": {"uv": [82, 86], "uv_size": [1, -2]}
							}
						},
						{
							"origin": [-0.3, 18.4, 0.35],
							"size": [0.5, 1.5, 1.5],
							"pivot": [0, 18.05, 0.6],
							"rotation": [90, 0, 0],
							"uv": {
								"north": {"uv": [84, 83], "uv_size": [1, 2]},
								"east": {"uv": [81, 45], "uv_size": [2, 2]},
								"south": {"uv": [2, 85], "uv_size": [1, 2]},
								"west": {"uv": [55, 81], "uv_size": [2, 2]},
								"up": {"uv": [4, 85], "uv_size": [1, 2]},
								"down": {"uv": [5, 87], "uv_size": [1, -2]}
							}
						},
						{
							"origin": [-1.375, 24.3, 1.15],
							"size": [2.75, 1.4, 4],
							"uv": {
								"north": {"uv": [82, 55], "uv_size": [3, 1]},
								"east": {"uv": [81, 69], "uv_size": [4, 1]},
								"south": {"uv": [82, 56], "uv_size": [3, 1]},
								"west": {"uv": [81, 70], "uv_size": [4, 1]},
								"up": {"uv": [75, 47], "uv_size": [3, 4]},
								"down": {"uv": [55, 79], "uv_size": [3, -4]}
							}
						},
						{
							"origin": [-1.375, 26, -6.35],
							"size": [0.75, 1, 3],
							"uv": {
								"north": {"uv": [85, 76], "uv_size": [1, 1]},
								"east": {"uv": [82, 57], "uv_size": [3, 1]},
								"south": {"uv": [77, 85], "uv_size": [1, 1]},
								"west": {"uv": [82, 58], "uv_size": [3, 1]},
								"up": {"uv": [52, 82], "uv_size": [1, 3]},
								"down": {"uv": [53, 85], "uv_size": [1, -3]}
							}
						},
						{
							"origin": [0.625, 26, -6.35],
							"size": [0.75, 1, 3],
							"uv": {
								"north": {"uv": [85, 77], "uv_size": [1, 1]},
								"east": {"uv": [82, 75], "uv_size": [3, 1]},
								"south": {"uv": [78, 85], "uv_size": [1, 1]},
								"west": {"uv": [82, 76], "uv_size": [3, 1]},
								"up": {"uv": [58, 82], "uv_size": [1, 3]},
								"down": {"uv": [59, 85], "uv_size": [1, -3]}
							}
						},
						{
							"origin": [-0.625, 26, -5.35],
							"size": [1.25, 1, 2],
							"uv": {
								"north": {"uv": [85, 78], "uv_size": [1, 1]},
								"east": {"uv": [85, 4], "uv_size": [2, 1]},
								"south": {"uv": [79, 85], "uv_size": [1, 1]},
								"west": {"uv": [7, 85], "uv_size": [2, 1]},
								"up": {"uv": [9, 85], "uv_size": [1, 2]},
								"down": {"uv": [10, 87], "uv_size": [1, -2]}
							}
						},
						{
							"origin": [-1.325, 25.25, -4.35],
							"size": [2.65, 1.5, 4],
							"uv": {
								"north": {"uv": [79, 57], "uv_size": [3, 2]},
								"east": {"uv": [10, 78], "uv_size": [4, 2]},
								"south": {"uv": [79, 75], "uv_size": [3, 2]},
								"west": {"uv": [14, 78], "uv_size": [4, 2]},
								"up": {"uv": [58, 75], "uv_size": [3, 4]},
								"down": {"uv": [0, 80], "uv_size": [3, -4]}
							}
						},
						{
							"origin": [-1.35, 27.55, -0.85],
							"size": [4, 4, 3.5],
							"inflate": -1.5,
							"pivot": [2.25, 27.95, 16.75],
							"rotation": [0, 0, -45],
							"uv": {
								"north": {"uv": [71, 9], "uv_size": [4, 4]},
								"east": {"uv": [12, 71], "uv_size": [4, 4]},
								"south": {"uv": [16, 71], "uv_size": [4, 4]},
								"west": {"uv": [71, 47], "uv_size": [4, 4]},
								"up": {"uv": [0, 72], "uv_size": [4, 4]},
								"down": {"uv": [4, 76], "uv_size": [4, -4]}
							}
						},
						{
							"origin": [-1.9, 26.65, 0.35],
							"size": [0.8, 0.8, 0.5],
							"pivot": [-1.5, 27.05, 0.55],
							"rotation": [90, -45, -90],
							"uv": {
								"north": {"uv": [85, 79], "uv_size": [1, 1]},
								"east": {"uv": [80, 85], "uv_size": [1, 1]},
								"south": {"uv": [85, 80], "uv_size": [1, 1]},
								"west": {"uv": [81, 85], "uv_size": [1, 1]},
								"up": {"uv": [85, 81], "uv_size": [1, 1]},
								"down": {"uv": [85, 83], "uv_size": [1, -1]}
							}
						},
						{
							"origin": [1.3, 26.65, 0.4],
							"size": [0.8, 0.8, 0.5],
							"pivot": [1.7, 27.05, 0.55],
							"rotation": [90, -45, -90],
							"uv": {
								"north": {"uv": [83, 85], "uv_size": [1, 1]},
								"east": {"uv": [85, 83], "uv_size": [1, 1]},
								"south": {"uv": [84, 85], "uv_size": [1, 1]},
								"west": {"uv": [85, 84], "uv_size": [1, 1]},
								"up": {"uv": [85, 85], "uv_size": [1, 1]},
								"down": {"uv": [0, 87], "uv_size": [1, -1]}
							}
						},
						{
							"origin": [-0.15, 27.4, 0.45],
							"size": [0.3, 0.3, 0.2],
							"uv": {
								"north": {"uv": [86, 0], "uv_size": [1, 1]},
								"east": {"uv": [1, 86], "uv_size": [1, 1]},
								"south": {"uv": [86, 1], "uv_size": [1, 1]},
								"west": {"uv": [86, 2], "uv_size": [1, 1]},
								"up": {"uv": [3, 86], "uv_size": [1, 1]},
								"down": {"uv": [86, 4], "uv_size": [1, -1]}
							}
						},
						{
							"origin": [-1.375, 25.2, 0.4],
							"size": [2.75, 1, 2],
							"pivot": [0, 25.695, 1.9],
							"rotation": [-45, 0, 0],
							"uv": {
								"north": {"uv": [78, 82], "uv_size": [3, 1]},
								"east": {"uv": [85, 7], "uv_size": [2, 1]},
								"south": {"uv": [82, 80], "uv_size": [3, 1]},
								"west": {"uv": [14, 85], "uv_size": [2, 1]},
								"up": {"uv": [0, 80], "uv_size": [3, 2]},
								"down": {"uv": [80, 10], "uv_size": [3, -2]}
							}
						},
						{
							"origin": [-1.375, 26.95, 0.4],
							"size": [0.5, 0.75, 1],
							"pivot": [0, 27.195, 1.4],
							"rotation": [-45, 0, 0],
							"uv": {
								"north": {"uv": [86, 5], "uv_size": [1, 1]},
								"east": {"uv": [6, 86], "uv_size": [1, 1]},
								"south": {"uv": [86, 6], "uv_size": [1, 1]},
								"west": {"uv": [7, 86], "uv_size": [1, 1]},
								"up": {"uv": [8, 86], "uv_size": [1, 1]},
								"down": {"uv": [86, 9], "uv_size": [1, -1]}
							}
						},
						{
							"origin": [-1.375, 26.7, -0.6],
							"size": [0.5, 1, 0.75],
							"pivot": [0, 27.195, 0.4],
							"rotation": [-45, 0, 0],
							"uv": {
								"north": {"uv": [86, 9], "uv_size": [1, 1]},
								"east": {"uv": [86, 10], "uv_size": [1, 1]},
								"south": {"uv": [86, 11], "uv_size": [1, 1]},
								"west": {"uv": [12, 86], "uv_size": [1, 1]},
								"up": {"uv": [86, 12], "uv_size": [1, 1]},
								"down": {"uv": [13, 87], "uv_size": [1, -1]}
							}
						},
						{
							"origin": [-1.38, 27.55, 0.05],
							"size": [0.52, 0.715, 1],
							"uv": {
								"north": {"uv": [86, 13], "uv_size": [1, 1]},
								"east": {"uv": [14, 86], "uv_size": [1, 1]},
								"south": {"uv": [86, 14], "uv_size": [1, 1]},
								"west": {"uv": [15, 86], "uv_size": [1, 1]},
								"up": {"uv": [86, 15], "uv_size": [1, 1]},
								"down": {"uv": [86, 17], "uv_size": [1, -1]}
							}
						},
						{
							"origin": [-1.38, 24.26, -0.64],
							"size": [0.52, 3.29, 2.4],
							"uv": {
								"north": {"uv": [81, 82], "uv_size": [1, 3]},
								"east": {"uv": [10, 80], "uv_size": [2, 3]},
								"south": {"uv": [82, 81], "uv_size": [1, 3]},
								"west": {"uv": [12, 80], "uv_size": [2, 3]},
								"up": {"uv": [11, 85], "uv_size": [1, 2]},
								"down": {"uv": [85, 17], "uv_size": [1, -2]}
							}
						},
						{
							"origin": [-1.275, 21.7, -1.65],
							"size": [2.55, 5.75, 1],
							"pivot": [0, 25.695, -0.1],
							"rotation": [-75, 0, 0],
							"uv": {
								"north": {"uv": [27, 67], "uv_size": [3, 6]},
								"east": {"uv": [67, 78], "uv_size": [1, 6]},
								"south": {"uv": [69, 68], "uv_size": [3, 6]},
								"west": {"uv": [60, 79], "uv_size": [1, 6]},
								"up": {"uv": [83, 0], "uv_size": [3, 1]},
								"down": {"uv": [83, 2], "uv_size": [3, -1]}
							}
						},
						{
							"origin": [-1.38, 23.8, 4.39],
							"size": [2.75, 1.75, 1],
							"pivot": [-1.55, 24.3, 4.4],
							"rotation": [10, 0, 0],
							"uv": {
								"north": {"uv": [80, 10], "uv_size": [3, 2]},
								"east": {"uv": [16, 85], "uv_size": [1, 2]},
								"south": {"uv": [80, 13], "uv_size": [3, 2]},
								"west": {"uv": [17, 85], "uv_size": [1, 2]},
								"up": {"uv": [83, 2], "uv_size": [3, 1]},
								"down": {"uv": [3, 84], "uv_size": [3, -1]}
							}
						},
						{
							"origin": [-1.6, 9.9, 31.8],
							"size": [3.2, 12.5, 1.2],
							"pivot": [0, 18, 32],
							"rotation": [-5, 0, 0],
							"uv": {
								"north": {"uv": [58, 63], "uv_size": [3, 12]},
								"east": {"uv": [25, 74], "uv_size": [1, 12]},
								"south": {"uv": [63, 58], "uv_size": [3, 12]},
								"west": {"uv": [26, 74], "uv_size": [1, 12]},
								"up": {"uv": [83, 3], "uv_size": [3, 1]},
								"down": {"uv": [83, 6], "uv_size": [3, -1]}
							}
						},
						{
							"origin": [0.755, 23.8, -13.3],
							"size": [0.75, 1.9, 18.45],
							"pivot": [1.5, 24.3, 4.4],
							"rotation": [0, 0, -5],
							"uv": {
								"north": {"uv": [85, 18], "uv_size": [1, 2]},
								"east": {"uv": [63, 0], "uv_size": [18, 2]},
								"south": {"uv": [20, 85], "uv_size": [1, 2]},
								"west": {"uv": [63, 2], "uv_size": [18, 2]},
								"up": {"uv": [42, 70], "uv_size": [1, 18]},
								"down": {"uv": [43, 88], "uv_size": [1, -18]}
							}
						},
						{
							"origin": [1.005, 23.8, -6.3],
							"size": [1, 1, 2],
							"pivot": [1.5, 24.3, 4.4],
							"rotation": [0, 0, -5],
							"uv": {
								"north": {"uv": [86, 17], "uv_size": [1, 1]},
								"east": {"uv": [85, 20], "uv_size": [2, 1]},
								"south": {"uv": [18, 86], "uv_size": [1, 1]},
								"west": {"uv": [85, 21], "uv_size": [2, 1]},
								"up": {"uv": [85, 24], "uv_size": [1, 2]},
								"down": {"uv": [85, 28], "uv_size": [1, -2]}
							}
						},
						{
							"origin": [-1.505, 23.8, 2.7],
							"size": [0.75, 1.9, 2.45],
							"pivot": [-1.5, 24.3, 4.4],
							"rotation": [0, 0, 5],
							"uv": {
								"north": {"uv": [28, 85], "uv_size": [1, 2]},
								"east": {"uv": [81, 71], "uv_size": [2, 2]},
								"south": {"uv": [85, 28], "uv_size": [1, 2]},
								"west": {"uv": [81, 73], "uv_size": [2, 2]},
								"up": {"uv": [31, 85], "uv_size": [1, 2]},
								"down": {"uv": [32, 87], "uv_size": [1, -2]}
							}
						},
						{
							"origin": [-0.55, 18.8, 4.25],
							"size": [1, 1, 1],
							"pivot": [0, 19.3, 4.75],
							"rotation": [45, 0, 0],
							"uv": {
								"north": {"uv": [86, 18], "uv_size": [1, 1]},
								"east": {"uv": [19, 86], "uv_size": [1, 1]},
								"south": {"uv": [86, 19], "uv_size": [1, 1]},
								"west": {"uv": [86, 22], "uv_size": [1, 1]},
								"up": {"uv": [86, 23], "uv_size": [1, 1]},
								"down": {"uv": [86, 25], "uv_size": [1, -1]}
							}
						}
					]
				},
				{
					"name": "clip",
					"parent": "gun",
					"pivot": [-0.05, 22.3, -9.35]
				},
				{
					"name": "shell",
					"parent": "clip",
					"pivot": [-0.05, 25.55, -13.6],
					"cubes": [
						{
							"origin": [-1.15, 23.8, -11.85],
							"size": [1, 1, 5.25],
							"inflate": -0.001,
							"pivot": [-0.15, 25.8, -13.6],
							"rotation": [0, 0, -22.5],
							"uv": {
								"north": {"uv": [25, 86], "uv_size": [1, 1]},
								"east": {"uv": [51, 13], "uv_size": [5, 1]},
								"south": {"uv": [86, 25], "uv_size": [1, 1]},
								"west": {"uv": [78, 66], "uv_size": [5, 1]},
								"up": {"uv": [33, 80], "uv_size": [1, 5]},
								"down": {"uv": [34, 85], "uv_size": [1, -5]}
							}
						},
						{
							"origin": [-1.15, 23.3, -11.85],
							"size": [1, 1, 5.25],
							"pivot": [-0.15, 25.3, -13.6],
							"rotation": [0, 0, -22.5],
							"uv": {
								"north": {"uv": [26, 86], "uv_size": [1, 1]},
								"east": {"uv": [79, 31], "uv_size": [5, 1]},
								"south": {"uv": [86, 26], "uv_size": [1, 1]},
								"west": {"uv": [80, 15], "uv_size": [5, 1]},
								"up": {"uv": [38, 80], "uv_size": [1, 5]},
								"down": {"uv": [39, 85], "uv_size": [1, -5]}
							}
						},
						{
							"origin": [-1.15, 22.8, -11.85],
							"size": [1, 1, 5.25],
							"inflate": -0.001,
							"pivot": [-0.15, 24.8, -13.6],
							"rotation": [0, 0, -22.5],
							"uv": {
								"north": {"uv": [27, 86], "uv_size": [1, 1]},
								"east": {"uv": [80, 16], "uv_size": [5, 1]},
								"south": {"uv": [86, 27], "uv_size": [1, 1]},
								"west": {"uv": [80, 18], "uv_size": [5, 1]},
								"up": {"uv": [40, 80], "uv_size": [1, 5]},
								"down": {"uv": [41, 85], "uv_size": [1, -5]}
							}
						},
						{
							"origin": [-1.15, 22.3, -11.85],
							"size": [1, 1, 5.25],
							"pivot": [-0.15, 24.3, -13.6],
							"rotation": [0, 0, -22.5],
							"uv": {
								"north": {"uv": [86, 28], "uv_size": [1, 1]},
								"east": {"uv": [80, 19], "uv_size": [5, 1]},
								"south": {"uv": [86, 29], "uv_size": [1, 1]},
								"west": {"uv": [80, 47], "uv_size": [5, 1]},
								"up": {"uv": [44, 80], "uv_size": [1, 5]},
								"down": {"uv": [45, 85], "uv_size": [1, -5]}
							}
						},
						{
							"origin": [-1.15, 21.8, -11.85],
							"size": [1, 1, 5.25],
							"inflate": -0.001,
							"pivot": [-0.15, 23.8, -13.6],
							"rotation": [0, 0, -22.5],
							"uv": {
								"north": {"uv": [30, 86], "uv_size": [1, 1]},
								"east": {"uv": [80, 48], "uv_size": [5, 1]},
								"south": {"uv": [86, 31], "uv_size": [1, 1]},
								"west": {"uv": [80, 49], "uv_size": [5, 1]},
								"up": {"uv": [46, 80], "uv_size": [1, 5]},
								"down": {"uv": [47, 85], "uv_size": [1, -5]}
							}
						},
						{
							"origin": [-1.15, 21.3, -11.85],
							"size": [1, 1, 5.25],
							"pivot": [-0.15, 23.3, -13.6],
							"rotation": [0, 0, -22.5],
							"uv": {
								"north": {"uv": [86, 32], "uv_size": [1, 1]},
								"east": {"uv": [80, 50], "uv_size": [5, 1]},
								"south": {"uv": [86, 33], "uv_size": [1, 1]},
								"west": {"uv": [80, 59], "uv_size": [5, 1]},
								"up": {"uv": [64, 80], "uv_size": [1, 5]},
								"down": {"uv": [65, 85], "uv_size": [1, -5]}
							}
						},
						{
							"origin": [-1.15, 20.8, -11.85],
							"size": [1, 1, 5.25],
							"inflate": -0.001,
							"pivot": [-0.15, 22.8, -13.6],
							"rotation": [0, 0, -22.5],
							"uv": {
								"north": {"uv": [86, 34], "uv_size": [1, 1]},
								"east": {"uv": [80, 60], "uv_size": [5, 1]},
								"south": {"uv": [86, 35], "uv_size": [1, 1]},
								"west": {"uv": [80, 61], "uv_size": [5, 1]},
								"up": {"uv": [66, 80], "uv_size": [1, 5]},
								"down": {"uv": [69, 85], "uv_size": [1, -5]}
							}
						},
						{
							"origin": [-1.15, 20.3, -11.85],
							"size": [1, 1, 5.25],
							"pivot": [-0.15, 22.3, -13.6],
							"rotation": [0, 0, -22.5],
							"uv": {
								"north": {"uv": [86, 36], "uv_size": [1, 1]},
								"east": {"uv": [80, 62], "uv_size": [5, 1]},
								"south": {"uv": [86, 38], "uv_size": [1, 1]},
								"west": {"uv": [80, 79], "uv_size": [5, 1]},
								"up": {"uv": [70, 80], "uv_size": [1, 5]},
								"down": {"uv": [71, 85], "uv_size": [1, -5]}
							}
						}
					]
				},
				{
					"name": "set",
					"parent": "clip",
					"pivot": [-0.05, 22.3, -9.35],
					"cubes": [
						{
							"origin": [-0.8, 20.3, -8.35],
							"size": [1.5, 4, 2],
							"uv": {
								"north": {"uv": [78, 47], "uv_size": [2, 4]},
								"east": {"uv": [48, 78], "uv_size": [2, 4]},
								"south": {"uv": [52, 78], "uv_size": [2, 4]},
								"west": {"uv": [78, 59], "uv_size": [2, 4]},
								"up": {"uv": [74, 81], "uv_size": [2, 2]},
								"down": {"uv": [76, 83], "uv_size": [2, -2]}
							}
						}
					]
				},
				{
					"name": "action",
					"parent": "main",
					"pivot": [0.05, 25.85, -13.3],
					"cubes": [
						{
							"origin": [-1.655, 24.3, -13.3],
							"size": [0.75, 1, 3],
							"uv": {
								"north": {"uv": [39, 86], "uv_size": [1, 1]},
								"east": {"uv": [83, 6], "uv_size": [3, 1]},
								"south": {"uv": [86, 39], "uv_size": [1, 1]},
								"west": {"uv": [10, 83], "uv_size": [3, 1]},
								"up": {"uv": [13, 83], "uv_size": [1, 3]},
								"down": {"uv": [27, 86], "uv_size": [1, -3]}
							}
						},
						{
							"origin": [-1.655, 25.3, -13.3],
							"size": [0.75, 1, 2],
							"uv": {
								"north": {"uv": [40, 86], "uv_size": [1, 1]},
								"east": {"uv": [85, 30], "uv_size": [2, 1]},
								"south": {"uv": [86, 41], "uv_size": [1, 1]},
								"west": {"uv": [85, 37], "uv_size": [2, 1]},
								"up": {"uv": [38, 85], "uv_size": [1, 2]},
								"down": {"uv": [85, 40], "uv_size": [1, -2]}
							}
						},
						{
							"origin": [-1.65, 25.26, -11.9],
							"size": [0.74, 0.75, 1.8],
							"pivot": [-1.5, 25.3, -11.3],
							"rotation": [-35, 0, 0],
							"uv": {
								"north": {"uv": [86, 42], "uv_size": [1, 1]},
								"east": {"uv": [39, 85], "uv_size": [2, 1]},
								"south": {"uv": [44, 86], "uv_size": [1, 1]},
								"west": {"uv": [85, 40], "uv_size": [2, 1]},
								"up": {"uv": [41, 85], "uv_size": [1, 2]},
								"down": {"uv": [85, 43], "uv_size": [1, -2]}
							}
						},
						{
							"origin": [-3.405, 24.3, -10.3],
							"size": [2.5, 1, 0.5],
							"uv": {
								"north": {"uv": [83, 11], "uv_size": [3, 1]},
								"east": {"uv": [86, 44], "uv_size": [1, 1]},
								"south": {"uv": [83, 13], "uv_size": [3, 1]},
								"west": {"uv": [45, 86], "uv_size": [1, 1]},
								"up": {"uv": [83, 14], "uv_size": [3, 1]},
								"down": {"uv": [83, 33], "uv_size": [3, -1]}
							}
						},
						{
							"origin": [-1.655, 24.7, -27.6],
							"size": [1, 0.75, 14.3],
							"uv": {
								"north": {"uv": [86, 45], "uv_size": [1, 1]},
								"east": {"uv": [72, 17], "uv_size": [14, 1]},
								"south": {"uv": [46, 86], "uv_size": [1, 1]},
								"west": {"uv": [74, 68], "uv_size": [14, 1]},
								"up": {"uv": [68, 73], "uv_size": [1, 14]},
								"down": {"uv": [24, 88], "uv_size": [1, -14]}
							}
						}
					]
				},
				{
					"name": "cover",
					"parent": "action",
					"pivot": [0.7, 24.3, -10],
					"cubes": [
						{
							"origin": [-0.8, 24.3, -13.3],
							"size": [1.5, 0.75, 8],
							"uv": {
								"north": {"uv": [85, 43], "uv_size": [2, 1]},
								"east": {"uv": [78, 12], "uv_size": [8, 1]},
								"south": {"uv": [44, 85], "uv_size": [2, 1]},
								"west": {"uv": [78, 63], "uv_size": [8, 1]},
								"up": {"uv": [72, 68], "uv_size": [2, 8]},
								"down": {"uv": [27, 81], "uv_size": [2, -8]}
							}
						}
					]
				},
				{
					"name": "leftarm",
					"parent": "main",
					"pivot": [10.7, 11.3, -5.6],
					"rotation": [-119.61483, 1.67666, -38.31282],
					"cubes": [
						{
							"origin": [6.7, -12.7, -9.6],
							"size": [8, 24, 8],
							"uv": {
								"north": {"uv": [0, 0], "uv_size": [8, 24]},
								"east": {"uv": [8, 0], "uv_size": [8, 24]},
								"south": {"uv": [16, 0], "uv_size": [8, 24]},
								"west": {"uv": [0, 24], "uv_size": [8, 24]},
								"up": {"uv": [42, 40], "uv_size": [8, 8]},
								"down": {"uv": [0, 56], "uv_size": [8, -8]}
							}
						}
					]
				},
				{
					"name": "rightarm",
					"parent": "main",
					"pivot": [-6.55, 11.05, 23.55],
					"rotation": [-103.96325, -13.5636, -22.43191],
					"cubes": [
						{
							"origin": [-10.55, -12.95, 19.05],
							"size": [8, 24, 8],
							"uv": {
								"north": {"uv": [24, 0], "uv_size": [8, 24]},
								"east": {"uv": [8, 24], "uv_size": [8, 24]},
								"south": {"uv": [16, 24], "uv_size": [8, 24]},
								"west": {"uv": [24, 24], "uv_size": [8, 24]},
								"up": {"uv": [8, 48], "uv_size": [8, 8]},
								"down": {"uv": [16, 56], "uv_size": [8, -8]}
							}
						}
					]
				},
				{
					"name": "muzzleflash",
					"parent": "main",
					"pivot": [0, 24.35, -68.25],
					"cubes": [
						{
							"origin": [-1, 23.8, -76.9],
							"size": [2, 2, 2],
							"inflate": -0.4,
							"uv": {
								"north": {"uv": [81, 77], "uv_size": [2, 2]},
								"east": {"uv": [0, 82], "uv_size": [2, 2]},
								"south": {"uv": [7, 82], "uv_size": [2, 2]},
								"west": {"uv": [82, 20], "uv_size": [2, 2]},
								"up": {"uv": [82, 22], "uv_size": [2, 2]},
								"down": {"uv": [82, 26], "uv_size": [2, -2]}
							}
						}
					]
				},
				{
					"name": "scope",
					"parent": "main",
					"pivot": [0, 28.05, 9.75],
					"cubes": [
						{
							"origin": [-0.5, 27.55, 10.45],
							"size": [1, 1, 1],
							"inflate": -0.4,
							"uv": {
								"north": {"uv": [14, 35], "uv_size": [0.5, 0.5]},
								"east": {"uv": [13.5, 35], "uv_size": [0.5, 0.5]},
								"south": {"uv": [15, 35], "uv_size": [0.5, 0.5]},
								"west": {"uv": [14.5, 35], "uv_size": [0.5, 0.5]},
								"up": {"uv": [14, 34.5], "uv_size": [0.5, 0.5]},
								"down": {"uv": [14.5, 35], "uv_size": [0.5, -0.5]}
							}
						}
					]
				},
				{
					"name": "_cb_suppressor",
					"parent": "main",
					"pivot": [-0.1, 24.85, -72.4],
					"cubes": [
						{
							"origin": [-0.6, 24.35, -72.9],
							"size": [1, 1, 1],
							"uv": {
								"north": {"uv": [86, 46], "uv_size": [1, 1]},
								"east": {"uv": [47, 86], "uv_size": [1, 1]},
								"south": {"uv": [86, 47], "uv_size": [1, 1]},
								"west": {"uv": [48, 86], "uv_size": [1, 1]},
								"up": {"uv": [86, 48], "uv_size": [1, 1]},
								"down": {"uv": [49, 87], "uv_size": [1, -1]}
							}
						}
					]
				},
				{
					"name": "_camera_",
					"pivot": [6.825, 33.725, 26.45]
				}
			]
		}
	]
}