{
	"format_version": "1.12.0",
	"minecraft:geometry": [
		{
			"description": {
				"identifier": "geometry.unknown",
				"texture_width": 128,
				"texture_height": 128,
				"visible_bounds_width": 11,
				"visible_bounds_height": 3,
				"visible_bounds_offset": [0, 0.5, 0]
			},
			"bones": [
				{
					"name": "bb_main",
					"pivot": [0, 0, 0]
				},
				{
					"name": "main",
					"pivot": [0, 20, 0]
				},
				{
					"name": "gun",
					"parent": "main",
					"pivot": [8.25, 20, 0]
				},
				{
					"name": "bone2",
					"parent": "gun",
					"pivot": [0.5, 2.75, 2.5],
					"cubes": [
						{
							"origin": [-1.5, 5.75, -87.75],
							"size": [2, 2, 35],
							"pivot": [-0.5, 6.75, -86.75],
							"rotation": [0, 0, 15],
							"uv": {
								"north": {"uv": [71, 82], "uv_size": [2, 2]},
								"east": {"uv": [36, 0], "uv_size": [35, 2]},
								"south": {"uv": [87, 75], "uv_size": [2, 2]},
								"west": {"uv": [36, 2], "uv_size": [35, 2]},
								"up": {"uv": [50, 54], "uv_size": [2, 35]},
								"down": {"uv": [52, 89], "uv_size": [2, -35]}
							}
						},
						{
							"origin": [-1.14471, 6.60007, -86.4505],
							"size": [1.27323, 2.28297, 2.84866],
							"uv": {
								"north": {"uv": [72, 77], "uv_size": [1, 2]},
								"east": {"uv": [65, 85], "uv_size": [3, 2]},
								"west": {"uv": [68, 85], "uv_size": [3, 2]},
								"up": {"uv": [32, 88], "uv_size": [1, 3]}
							}
						},
						{
							"origin": [-0.6016, 6.50109, -85.94542],
							"size": [0.2, 3, 1.5],
							"uv": {
								"north": {"uv": [41, 88], "uv_size": [1, 3]},
								"east": {"uv": [41, 85], "uv_size": [2, 3]},
								"south": {"uv": [42, 88], "uv_size": [1, 3]},
								"west": {"uv": [74, 85], "uv_size": [2, 3]},
								"up": {"uv": [24, 80], "uv_size": [1, 2]},
								"down": {"uv": [43, 84], "uv_size": [1, -2]}
							}
						},
						{
							"origin": [-1.14471, 6.14189, -84.1471],
							"size": [1.27323, 2.28297, 2.14155],
							"pivot": [-0.50809, 7.28339, -82.72276],
							"rotation": [-22.5, 0, 0],
							"uv": {
								"east": {"uv": [76, 87], "uv_size": [2, 2]},
								"south": {"uv": [82, 89], "uv_size": [1, 2]},
								"west": {"uv": [87, 77], "uv_size": [2, 2]},
								"up": {"uv": [83, 89], "uv_size": [1, 2]},
								"down": {"uv": [22, 92], "uv_size": [1, -2]}
							}
						},
						{
							"origin": [-1.5, 7.25, -70.75],
							"size": [2, 1, 3],
							"inflate": 0.001,
							"uv": {
								"north": {"uv": [78, 77], "uv_size": [2, 1]},
								"east": {"uv": [88, 37], "uv_size": [3, 1]},
								"south": {"uv": [44, 79], "uv_size": [2, 1]},
								"west": {"uv": [88, 38], "uv_size": [3, 1]},
								"up": {"uv": [33, 86], "uv_size": [2, 3]},
								"down": {"uv": [86, 39], "uv_size": [2, -3]}
							}
						},
						{
							"origin": [-2, 5.75, -70.75],
							"size": [3, 2, 3],
							"inflate": 0.002,
							"uv": {
								"north": {"uv": [86, 61], "uv_size": [3, 2]},
								"east": {"uv": [85, 86], "uv_size": [3, 2]},
								"south": {"uv": [87, 1], "uv_size": [3, 2]},
								"west": {"uv": [4, 87], "uv_size": [3, 2]},
								"up": {"uv": [74, 11], "uv_size": [3, 3]},
								"down": {"uv": [40, 85], "uv_size": [3, -3]}
							}
						},
						{
							"origin": [0.09289, 7.25, -70.75],
							"size": [0.7, 1, 3],
							"pivot": [0.29289, 7.75, -69.25],
							"rotation": [0, 0, 45],
							"uv": {
								"north": {"uv": [43, 91], "uv_size": [1, 1]},
								"east": {"uv": [88, 67], "uv_size": [3, 1]},
								"south": {"uv": [44, 91], "uv_size": [1, 1]},
								"west": {"uv": [68, 88], "uv_size": [3, 1]},
								"up": {"uv": [88, 68], "uv_size": [1, 3]},
								"down": {"uv": [71, 91], "uv_size": [1, -3]}
							}
						},
						{
							"origin": [-1.79289, 7.25, -70.75],
							"size": [0.7, 1, 3],
							"pivot": [-1.29289, 7.75, -69.25],
							"rotation": [0, 0, -45],
							"uv": {
								"north": {"uv": [46, 91], "uv_size": [1, 1]},
								"east": {"uv": [88, 71], "uv_size": [3, 1]},
								"south": {"uv": [51, 91], "uv_size": [1, 1]},
								"west": {"uv": [88, 72], "uv_size": [3, 1]},
								"up": {"uv": [72, 88], "uv_size": [1, 3]},
								"down": {"uv": [74, 91], "uv_size": [1, -3]}
							}
						},
						{
							"origin": [-1.79289, 7.25, -66.75],
							"size": [0.7, 1, 3],
							"pivot": [-1.29289, 7.75, -65.25],
							"rotation": [0, 0, -45],
							"uv": {
								"north": {"uv": [52, 91], "uv_size": [1, 1]},
								"east": {"uv": [78, 88], "uv_size": [3, 1]},
								"south": {"uv": [59, 91], "uv_size": [1, 1]},
								"west": {"uv": [85, 88], "uv_size": [3, 1]},
								"up": {"uv": [75, 88], "uv_size": [1, 3]},
								"down": {"uv": [81, 91], "uv_size": [1, -3]}
							}
						},
						{
							"origin": [0.09289, 7.25, -66.75],
							"size": [0.7, 1, 3],
							"pivot": [0.29289, 7.75, -65.25],
							"rotation": [0, 0, 45],
							"uv": {
								"north": {"uv": [60, 91], "uv_size": [1, 1]},
								"east": {"uv": [88, 86], "uv_size": [3, 1]},
								"south": {"uv": [91, 63], "uv_size": [1, 1]},
								"west": {"uv": [88, 87], "uv_size": [3, 1]},
								"up": {"uv": [88, 88], "uv_size": [1, 3]},
								"down": {"uv": [4, 92], "uv_size": [1, -3]}
							}
						},
						{
							"origin": [-2, 5.75, -66.75],
							"size": [3, 2, 3],
							"inflate": 0.002,
							"uv": {
								"north": {"uv": [7, 87], "uv_size": [3, 2]},
								"east": {"uv": [10, 87], "uv_size": [3, 2]},
								"south": {"uv": [13, 87], "uv_size": [3, 2]},
								"west": {"uv": [18, 87], "uv_size": [3, 2]},
								"up": {"uv": [82, 42], "uv_size": [3, 3]},
								"down": {"uv": [65, 85], "uv_size": [3, -3]}
							}
						},
						{
							"origin": [-1.5, 7.25, -66.75],
							"size": [2, 1, 3],
							"inflate": 0.001,
							"uv": {
								"north": {"uv": [83, 39], "uv_size": [2, 1]},
								"east": {"uv": [5, 89], "uv_size": [3, 1]},
								"south": {"uv": [90, 15], "uv_size": [2, 1]},
								"west": {"uv": [8, 89], "uv_size": [3, 1]},
								"up": {"uv": [47, 86], "uv_size": [2, 3]},
								"down": {"uv": [87, 23], "uv_size": [2, -3]}
							}
						},
						{
							"origin": [-2.29289, 2.75, -66.75],
							"size": [0.7, 1, 3],
							"pivot": [-1.79289, 3.25, -65.25],
							"rotation": [0, 0, 45],
							"uv": {
								"north": {"uv": [91, 64], "uv_size": [1, 1]},
								"east": {"uv": [11, 89], "uv_size": [3, 1]},
								"south": {"uv": [65, 91], "uv_size": [1, 1]},
								"west": {"uv": [89, 12], "uv_size": [3, 1]},
								"up": {"uv": [89, 13], "uv_size": [1, 3]},
								"down": {"uv": [14, 92], "uv_size": [1, -3]}
							}
						},
						{
							"origin": [0.59289, 2.75, -66.75],
							"size": [0.7, 1, 3],
							"pivot": [0.79289, 3.25, -65.25],
							"rotation": [0, 0, -45],
							"uv": {
								"north": {"uv": [66, 91], "uv_size": [1, 1]},
								"east": {"uv": [89, 16], "uv_size": [3, 1]},
								"south": {"uv": [91, 67], "uv_size": [1, 1]},
								"west": {"uv": [89, 17], "uv_size": [3, 1]},
								"up": {"uv": [15, 89], "uv_size": [1, 3]},
								"down": {"uv": [18, 92], "uv_size": [1, -3]}
							}
						},
						{
							"origin": [-2.5, 3.25, -66.75],
							"size": [4, 3, 3],
							"inflate": 0.003,
							"uv": {
								"north": {"uv": [78, 28], "uv_size": [4, 3]},
								"east": {"uv": [68, 82], "uv_size": [3, 3]},
								"south": {"uv": [76, 78], "uv_size": [4, 3]},
								"west": {"uv": [83, 36], "uv_size": [3, 3]},
								"up": {"uv": [4, 79], "uv_size": [4, 3]},
								"down": {"uv": [25, 82], "uv_size": [4, -3]}
							}
						},
						{
							"origin": [-2, 2.75, -66.75],
							"size": [3, 1, 3],
							"inflate": 0.001,
							"uv": {
								"north": {"uv": [89, 18], "uv_size": [3, 1]},
								"east": {"uv": [89, 19], "uv_size": [3, 1]},
								"south": {"uv": [89, 20], "uv_size": [3, 1]},
								"west": {"uv": [89, 21], "uv_size": [3, 1]},
								"up": {"uv": [84, 1], "uv_size": [3, 3]},
								"down": {"uv": [8, 87], "uv_size": [3, -3]}
							}
						},
						{
							"origin": [-2, 2.75, -70.75],
							"size": [3, 1, 3],
							"inflate": 0.001,
							"uv": {
								"north": {"uv": [22, 89], "uv_size": [3, 1]},
								"east": {"uv": [89, 22], "uv_size": [3, 1]},
								"south": {"uv": [89, 26], "uv_size": [3, 1]},
								"west": {"uv": [89, 27], "uv_size": [3, 1]},
								"up": {"uv": [11, 84], "uv_size": [3, 3]},
								"down": {"uv": [14, 87], "uv_size": [3, -3]}
							}
						},
						{
							"origin": [-2.5, 3.25, -70.75],
							"size": [4, 3, 3],
							"inflate": 0.003,
							"uv": {
								"north": {"uv": [40, 79], "uv_size": [4, 3]},
								"east": {"uv": [84, 20], "uv_size": [3, 3]},
								"south": {"uv": [65, 79], "uv_size": [4, 3]},
								"west": {"uv": [24, 84], "uv_size": [3, 3]},
								"up": {"uv": [69, 79], "uv_size": [4, 3]},
								"down": {"uv": [80, 4], "uv_size": [4, -3]}
							}
						},
						{
							"origin": [0.59289, 2.75, -70.75],
							"size": [0.7, 1, 3],
							"pivot": [0.79289, 3.25, -69.25],
							"rotation": [0, 0, -45],
							"uv": {
								"north": {"uv": [69, 91], "uv_size": [1, 1]},
								"east": {"uv": [89, 39], "uv_size": [3, 1]},
								"south": {"uv": [70, 91], "uv_size": [1, 1]},
								"west": {"uv": [89, 40], "uv_size": [3, 1]},
								"up": {"uv": [19, 89], "uv_size": [1, 3]},
								"down": {"uv": [20, 92], "uv_size": [1, -3]}
							}
						},
						{
							"origin": [-2.29289, 2.75, -70.75],
							"size": [0.7, 1, 3],
							"pivot": [-1.79289, 3.25, -69.25],
							"rotation": [0, 0, 45],
							"uv": {
								"north": {"uv": [71, 91], "uv_size": [1, 1]},
								"east": {"uv": [43, 89], "uv_size": [3, 1]},
								"south": {"uv": [91, 71], "uv_size": [1, 1]},
								"west": {"uv": [50, 89], "uv_size": [3, 1]},
								"up": {"uv": [33, 89], "uv_size": [1, 3]},
								"down": {"uv": [34, 92], "uv_size": [1, -3]}
							}
						},
						{
							"origin": [-1, 4.5, -76.75],
							"size": [1, 2, 6],
							"uv": {
								"north": {"uv": [23, 90], "uv_size": [1, 2]},
								"east": {"uv": [52, 12], "uv_size": [6, 2]},
								"south": {"uv": [24, 90], "uv_size": [1, 2]},
								"west": {"uv": [18, 80], "uv_size": [6, 2]},
								"up": {"uv": [16, 87], "uv_size": [1, 6]},
								"down": {"uv": [21, 93], "uv_size": [1, -6]}
							}
						},
						{
							"origin": [-1, 3.5, -84.75],
							"size": [1, 1, 14],
							"pivot": [-0.5, 4, -77.75],
							"rotation": [0, 0, -15],
							"uv": {
								"north": {"uv": [72, 91], "uv_size": [1, 1]},
								"east": {"uv": [76, 45], "uv_size": [14, 1]},
								"south": {"uv": [91, 72], "uv_size": [1, 1]},
								"west": {"uv": [78, 6], "uv_size": [14, 1]},
								"up": {"uv": [57, 76], "uv_size": [1, 14]},
								"down": {"uv": [58, 90], "uv_size": [1, -14]}
							}
						},
						{
							"origin": [-2, 2.75, -68.75],
							"size": [3, 4, 16],
							"inflate": -0.25,
							"uv": {
								"north": {"uv": [80, 36], "uv_size": [3, 4]},
								"east": {"uv": [58, 6], "uv_size": [16, 4]},
								"south": {"uv": [44, 80], "uv_size": [3, 4]},
								"west": {"uv": [58, 10], "uv_size": [16, 4]},
								"up": {"uv": [33, 60], "uv_size": [3, 16]},
								"down": {"uv": [62, 72], "uv_size": [3, -16]}
							}
						},
						{
							"origin": [-2.5, 2.75, -53.25],
							"size": [4, 5, 2],
							"inflate": 0.002,
							"uv": {
								"north": {"uv": [74, 6], "uv_size": [4, 5]},
								"east": {"uv": [4, 82], "uv_size": [2, 5]},
								"south": {"uv": [74, 63], "uv_size": [4, 5]},
								"west": {"uv": [6, 82], "uv_size": [2, 5]},
								"up": {"uv": [82, 29], "uv_size": [4, 2]},
								"down": {"uv": [85, 14], "uv_size": [4, -2]}
							}
						},
						{
							"origin": [-2.29289, 7.25, -53.25],
							"size": [0.7, 1, 2],
							"pivot": [-1.79289, 7.75, -51.75],
							"rotation": [0, 0, -45],
							"uv": {
								"north": {"uv": [73, 91], "uv_size": [1, 1]},
								"east": {"uv": [36, 90], "uv_size": [2, 1]},
								"south": {"uv": [74, 91], "uv_size": [1, 1]},
								"west": {"uv": [43, 90], "uv_size": [2, 1]},
								"up": {"uv": [45, 90], "uv_size": [1, 2]},
								"down": {"uv": [50, 92], "uv_size": [1, -2]}
							}
						},
						{
							"origin": [0.59289, 7.25, -53.25],
							"size": [0.7, 1, 2],
							"pivot": [0.79289, 7.75, -51.75],
							"rotation": [0, 0, 45],
							"uv": {
								"north": {"uv": [75, 91], "uv_size": [1, 1]},
								"east": {"uv": [90, 45], "uv_size": [2, 1]},
								"south": {"uv": [91, 76], "uv_size": [1, 1]},
								"west": {"uv": [51, 90], "uv_size": [2, 1]},
								"up": {"uv": [57, 90], "uv_size": [1, 2]},
								"down": {"uv": [58, 92], "uv_size": [1, -2]}
							}
						},
						{
							"origin": [-2, 7.25, -53.25],
							"size": [3, 1, 2],
							"inflate": 0.001,
							"uv": {
								"north": {"uv": [59, 89], "uv_size": [3, 1]},
								"east": {"uv": [90, 52], "uv_size": [2, 1]},
								"south": {"uv": [89, 61], "uv_size": [3, 1]},
								"west": {"uv": [59, 90], "uv_size": [2, 1]},
								"up": {"uv": [22, 87], "uv_size": [3, 2]},
								"down": {"uv": [43, 89], "uv_size": [3, -2]}
							}
						},
						{
							"origin": [-2.5, 3.75, -51.75],
							"size": [4, 3, 44.5],
							"inflate": -0.249,
							"uv": {
								"north": {"uv": [80, 20], "uv_size": [4, 3]},
								"east": {"uv": [22, 20], "uv_size": [45, 3]},
								"south": {"uv": [80, 63], "uv_size": [4, 3]},
								"west": {"uv": [22, 23], "uv_size": [45, 3]},
								"up": {"uv": [14, 20], "uv_size": [4, 45]},
								"down": {"uv": [18, 65], "uv_size": [4, -45]}
							}
						},
						{
							"origin": [-2.25, 6.25, -51.25],
							"size": [3.5, 1, 21],
							"pivot": [-0.5, 7, -40.75],
							"rotation": [0.5, 0, 0],
							"uv": {
								"north": {"uv": [18, 77], "uv_size": [4, 1]},
								"east": {"uv": [72, 59], "uv_size": [21, 1]},
								"south": {"uv": [78, 87], "uv_size": [4, 1]},
								"west": {"uv": [72, 60], "uv_size": [21, 1]},
								"up": {"uv": [46, 26], "uv_size": [4, 21]},
								"down": {"uv": [46, 68], "uv_size": [4, -21]}
							}
						},
						{
							"origin": [-1.56066, 7.41421, -51.25],
							"size": [0.7, 1, 21],
							"pivot": [-0.5, 7, -40.75],
							"rotation": [0.35356, 0.35355, -44.99891],
							"uv": {
								"north": {"uv": [91, 77], "uv_size": [1, 1]},
								"east": {"uv": [73, 46], "uv_size": [21, 1]},
								"south": {"uv": [91, 79], "uv_size": [1, 1]},
								"west": {"uv": [73, 47], "uv_size": [21, 1]},
								"up": {"uv": [63, 72], "uv_size": [1, 21]},
								"down": {"uv": [64, 93], "uv_size": [1, -21]}
							}
						},
						{
							"origin": [-0.13934, 7.41421, -51.25],
							"size": [0.7, 1, 21],
							"pivot": [-0.5, 7, -40.75],
							"rotation": [0.35356, -0.35355, 44.99891],
							"uv": {
								"north": {"uv": [91, 80], "uv_size": [1, 1]},
								"east": {"uv": [73, 48], "uv_size": [21, 1]},
								"south": {"uv": [81, 91], "uv_size": [1, 1]},
								"west": {"uv": [73, 49], "uv_size": [21, 1]},
								"up": {"uv": [73, 63], "uv_size": [1, 21]},
								"down": {"uv": [0, 95], "uv_size": [1, -21]}
							}
						},
						{
							"origin": [-1.75, 6.75, -51.25],
							"size": [2.5, 1, 21],
							"pivot": [-0.5, 7, -40.75],
							"rotation": [0.5, 0, 0],
							"uv": {
								"north": {"uv": [89, 62], "uv_size": [3, 1]},
								"east": {"uv": [73, 50], "uv_size": [21, 1]},
								"south": {"uv": [65, 89], "uv_size": [3, 1]},
								"west": {"uv": [73, 51], "uv_size": [21, 1]},
								"up": {"uv": [40, 58], "uv_size": [3, 21]},
								"down": {"uv": [43, 79], "uv_size": [3, -21]}
							}
						},
						{
							"origin": [-1.75, 6.75, -20.25],
							"size": [2.5, 1, 3],
							"inflate": 0.001,
							"pivot": [-0.5, 7, -40.75],
							"rotation": [0.5, 0, 0],
							"uv": {
								"north": {"uv": [90, 10], "uv_size": [3, 1]},
								"east": {"uv": [11, 90], "uv_size": [3, 1]},
								"south": {"uv": [90, 13], "uv_size": [3, 1]},
								"west": {"uv": [90, 14], "uv_size": [3, 1]},
								"up": {"uv": [79, 84], "uv_size": [3, 3]},
								"down": {"uv": [84, 84], "uv_size": [3, -3]}
							}
						},
						{
							"origin": [-1.75, 2.6, -51.5],
							"size": [2.5, 1, 64],
							"pivot": [-0.5, 3.35, -41],
							"rotation": [-2, 0, 0],
							"uv": {
								"north": {"uv": [68, 89], "uv_size": [3, 1]},
								"east": {"uv": [59, 32], "uv_size": [64, 1]},
								"south": {"uv": [89, 68], "uv_size": [3, 1]},
								"west": {"uv": [59, 33], "uv_size": [64, 1]},
								"up": {"uv": [8, 20], "uv_size": [3, 64]},
								"down": {"uv": [11, 84], "uv_size": [3, -64]}
							}
						},
						{
							"origin": [-0.13934, 1.93579, -51.5],
							"size": [0.7, 1, 64],
							"pivot": [-0.5, 3.35, -41],
							"rotation": [-1.4145, -1.41407, -44.98254],
							"uv": {
								"north": {"uv": [82, 91], "uv_size": [1, 1]},
								"east": {"uv": [59, 34], "uv_size": [64, 1]},
								"south": {"uv": [83, 91], "uv_size": [1, 1]},
								"west": {"uv": [59, 35], "uv_size": [64, 1]},
								"up": {"uv": [38, 58], "uv_size": [1, 64]},
								"down": {"uv": [39, 122], "uv_size": [1, -64]}
							}
						},
						{
							"origin": [-1.56066, 1.93579, -51.5],
							"size": [0.7, 1, 64],
							"pivot": [-0.5, 3.35, -41],
							"rotation": [-1.4145, 1.41407, 44.98254],
							"uv": {
								"north": {"uv": [91, 83], "uv_size": [1, 1]},
								"east": {"uv": [36, 4], "uv_size": [66, 1]},
								"south": {"uv": [84, 91], "uv_size": [1, 1]},
								"west": {"uv": [36, 5], "uv_size": [66, 1]},
								"up": {"uv": [54, 54], "uv_size": [1, 66]},
								"down": {"uv": [55, 120], "uv_size": [1, -66]}
							}
						},
						{
							"origin": [-2.25, 3.1, -51.5],
							"size": [3.5, 3, 65],
							"pivot": [-0.5, 3.35, -41],
							"rotation": [-2, 0, 0],
							"uv": {
								"north": {"uv": [80, 66], "uv_size": [4, 3]},
								"east": {"uv": [8, 14], "uv_size": [65, 3]},
								"south": {"uv": [80, 69], "uv_size": [4, 3]},
								"west": {"uv": [8, 17], "uv_size": [65, 3]},
								"up": {"uv": [0, 0], "uv_size": [4, 65]},
								"down": {"uv": [4, 65], "uv_size": [4, -65]}
							}
						},
						{
							"origin": [-2.5, 3.25, -7.75],
							"size": [4, 3, 22],
							"inflate": -0.249,
							"uv": {
								"north": {"uv": [80, 72], "uv_size": [4, 3]},
								"east": {"uv": [36, 6], "uv_size": [22, 3]},
								"south": {"uv": [80, 75], "uv_size": [4, 3]},
								"west": {"uv": [36, 9], "uv_size": [22, 3]},
								"up": {"uv": [38, 36], "uv_size": [4, 22]},
								"down": {"uv": [42, 58], "uv_size": [4, -22]}
							}
						},
						{
							"origin": [-1.78368, 6.93019, -30.15254],
							"size": [0.42983, 0.92935, 1.45464],
							"uv": {
								"north": {"uv": [9, 92], "uv_size": [1, 1]},
								"east": {"uv": [10, 92], "uv_size": [1, 1]},
								"south": {"uv": [11, 92], "uv_size": [1, 1]},
								"west": {"uv": [92, 11], "uv_size": [1, 1]},
								"up": {"uv": [12, 92], "uv_size": [1, 1]},
								"down": {"uv": [92, 13], "uv_size": [1, -1]}
							}
						},
						{
							"origin": [0.33766, 6.93019, -30.15254],
							"size": [0.42983, 0.92935, 1.45464],
							"uv": {
								"north": {"uv": [6, 92], "uv_size": [1, 1]},
								"east": {"uv": [92, 6], "uv_size": [1, 1]},
								"south": {"uv": [7, 92], "uv_size": [1, 1]},
								"west": {"uv": [92, 7], "uv_size": [1, 1]},
								"up": {"uv": [8, 92], "uv_size": [1, 1]},
								"down": {"uv": [92, 9], "uv_size": [1, -1]}
							}
						},
						{
							"origin": [-1.85, 7.65593, -21.32532],
							"size": [1, 2, 1.5],
							"inflate": -0.1,
							"uv": {
								"north": {"uv": [3, 91], "uv_size": [1, 2]},
								"east": {"uv": [87, 81], "uv_size": [2, 2]},
								"south": {"uv": [13, 91], "uv_size": [1, 2]},
								"west": {"uv": [82, 87], "uv_size": [2, 2]},
								"up": {"uv": [17, 91], "uv_size": [1, 2]},
								"down": {"uv": [27, 93], "uv_size": [1, -2]}
							}
						},
						{
							"origin": [-1.34641, 7.57651, -21.32532],
							"size": [1, 2, 1.5],
							"inflate": -0.101,
							"pivot": [-0.84641, 8.57651, -20.57532],
							"rotation": [0, 0, -30],
							"uv": {
								"north": {"uv": [3, 91], "uv_size": [1, 2]},
								"east": {"uv": [87, 81], "uv_size": [2, 2]},
								"south": {"uv": [13, 91], "uv_size": [1, 2]},
								"west": {"uv": [82, 87], "uv_size": [2, 2]},
								"up": {"uv": [17, 91], "uv_size": [1, 2]},
								"down": {"uv": [27, 93], "uv_size": [1, -2]}
							}
						},
						{
							"origin": [-0.65396, 7.57787, -21.32432],
							"size": [1, 2, 1.5],
							"inflate": -0.101,
							"pivot": [-0.15396, 8.57787, -20.57432],
							"rotation": [0, 0, 30],
							"uv": {
								"north": {"uv": [4, 91], "uv_size": [-1, 2]},
								"east": {"uv": [84, 87], "uv_size": [-2, 2]},
								"south": {"uv": [14, 91], "uv_size": [-1, 2]},
								"west": {"uv": [89, 81], "uv_size": [-2, 2]},
								"up": {"uv": [18, 91], "uv_size": [-1, 2]},
								"down": {"uv": [28, 93], "uv_size": [-1, -2]}
							}
						},
						{
							"origin": [-0.15, 7.65593, -21.32532],
							"size": [1, 2, 1.5],
							"inflate": -0.1,
							"uv": {
								"north": {"uv": [28, 91], "uv_size": [1, 2]},
								"east": {"uv": [88, 9], "uv_size": [2, 2]},
								"south": {"uv": [32, 91], "uv_size": [1, 2]},
								"west": {"uv": [36, 88], "uv_size": [2, 2]},
								"up": {"uv": [36, 91], "uv_size": [1, 2]},
								"down": {"uv": [37, 93], "uv_size": [1, -2]}
							}
						},
						{
							"origin": [-1.48063, 7.65593, -29.70968],
							"size": [1.84406, 0.44447, 10],
							"inflate": -0.001,
							"uv": {
								"north": {"uv": [11, 91], "uv_size": [2, 1]},
								"east": {"uv": [78, 31], "uv_size": [10, 1]},
								"south": {"uv": [91, 23], "uv_size": [2, 1]},
								"west": {"uv": [82, 28], "uv_size": [10, 1]},
								"up": {"uv": [1, 74], "uv_size": [2, 10]},
								"down": {"uv": [33, 86], "uv_size": [2, -10]}
							}
						},
						{
							"origin": [-1.78368, 7.95369, -20.65843],
							"size": [2.55117, 1.2, 2.2122],
							"uv": {
								"north": {"uv": [8, 90], "uv_size": [3, 1]},
								"east": {"uv": [7, 91], "uv_size": [2, 1]},
								"south": {"uv": [90, 9], "uv_size": [3, 1]},
								"west": {"uv": [9, 91], "uv_size": [2, 1]},
								"up": {"uv": [65, 87], "uv_size": [3, 2]},
								"down": {"uv": [87, 67], "uv_size": [3, -2]}
							}
						},
						{
							"origin": [-1.98368, 8.70369, -21.15843],
							"size": [2.95117, 0.5, 2.2122],
							"uv": {
								"north": {"uv": [88, 31], "uv_size": [4, 1]},
								"east": {"uv": [91, 38], "uv_size": [2, 1]},
								"south": {"uv": [88, 36], "uv_size": [4, 1]},
								"west": {"uv": [41, 91], "uv_size": [2, 1]},
								"up": {"uv": [85, 26], "uv_size": [4, 2]},
								"down": {"uv": [85, 41], "uv_size": [4, -2]}
							}
						},
						{
							"origin": [-1.35107, 8.58728, -85.32432],
							"size": [0.15, 1, 0.5],
							"uv": {
								"north": {"uv": [92, 45], "uv_size": [1, 1]},
								"east": {"uv": [46, 92], "uv_size": [1, 1]},
								"south": {"uv": [47, 92], "uv_size": [1, 1]},
								"west": {"uv": [48, 92], "uv_size": [1, 1]},
								"up": {"uv": [50, 92], "uv_size": [1, 1]},
								"down": {"uv": [51, 93], "uv_size": [1, -1]}
							}
						},
						{
							"origin": [0.05523, 8.27431, -85.32532],
							"size": [0.1, 0.3, 0.5],
							"inflate": -0.001,
							"pivot": [0.10523, 8.52431, -84.82532],
							"rotation": [0, 0, -115.5],
							"uv": {
								"north": {"uv": [93, 42], "uv_size": [-1, 1]},
								"east": {"uv": [45, 92], "uv_size": [-1, 1]},
								"south": {"uv": [93, 43], "uv_size": [-1, 1]},
								"west": {"uv": [44, 92], "uv_size": [-1, 1]},
								"up": {"uv": [93, 44], "uv_size": [-1, 1]},
								"down": {"uv": [46, 93], "uv_size": [-1, -1]}
							}
						},
						{
							"origin": [-0.29162, 9.82714, -85.32532],
							"size": [0.15, 0.3, 0.5],
							"inflate": -0.001,
							"pivot": [-0.24162, 10.07714, -84.82532],
							"rotation": [0, 0, -67.5],
							"uv": {
								"north": {"uv": [93, 42], "uv_size": [-1, 1]},
								"east": {"uv": [45, 92], "uv_size": [-1, 1]},
								"south": {"uv": [93, 43], "uv_size": [-1, 1]},
								"west": {"uv": [44, 92], "uv_size": [-1, 1]},
								"up": {"uv": [93, 44], "uv_size": [-1, 1]},
								"down": {"uv": [46, 93], "uv_size": [-1, -1]}
							}
						},
						{
							"origin": [0.11432, 9.52944, -85.32532],
							"size": [0.15, 0.3, 0.5],
							"inflate": -0.001,
							"pivot": [0.16432, 9.77944, -84.82532],
							"rotation": [0, 0, -22.5],
							"uv": {
								"north": {"uv": [93, 42], "uv_size": [-1, 1]},
								"east": {"uv": [45, 92], "uv_size": [-1, 1]},
								"south": {"uv": [93, 43], "uv_size": [-1, 1]},
								"west": {"uv": [44, 92], "uv_size": [-1, 1]},
								"up": {"uv": [93, 44], "uv_size": [-1, 1]},
								"down": {"uv": [46, 93], "uv_size": [-1, -1]}
							}
						},
						{
							"origin": [-0.05904, 9.71867, -85.32532],
							"size": [0.15, 0.3, 0.5],
							"inflate": -0.001,
							"pivot": [-0.00904, 9.96867, -84.82532],
							"rotation": [0, 0, -45],
							"uv": {
								"north": {"uv": [93, 42], "uv_size": [-1, 1]},
								"east": {"uv": [45, 92], "uv_size": [-1, 1]},
								"south": {"uv": [93, 43], "uv_size": [-1, 1]},
								"west": {"uv": [44, 92], "uv_size": [-1, 1]},
								"up": {"uv": [93, 44], "uv_size": [-1, 1]},
								"down": {"uv": [46, 93], "uv_size": [-1, -1]}
							}
						},
						{
							"origin": [0.20107, 8.58728, -85.32432],
							"size": [0.15, 1, 0.5],
							"uv": {
								"north": {"uv": [93, 45], "uv_size": [-1, 1]},
								"east": {"uv": [49, 92], "uv_size": [-1, 1]},
								"south": {"uv": [48, 92], "uv_size": [-1, 1]},
								"west": {"uv": [47, 92], "uv_size": [-1, 1]},
								"up": {"uv": [51, 92], "uv_size": [-1, 1]},
								"down": {"uv": [52, 93], "uv_size": [-1, -1]}
							}
						},
						{
							"origin": [-1.09096, 9.71867, -85.32532],
							"size": [0.15, 0.3, 0.5],
							"inflate": -0.001,
							"pivot": [-0.99096, 9.96867, -84.82532],
							"rotation": [0, 0, 45],
							"uv": {
								"north": {"uv": [92, 42], "uv_size": [1, 1]},
								"east": {"uv": [43, 92], "uv_size": [1, 1]},
								"south": {"uv": [92, 43], "uv_size": [1, 1]},
								"west": {"uv": [44, 92], "uv_size": [1, 1]},
								"up": {"uv": [92, 44], "uv_size": [1, 1]},
								"down": {"uv": [45, 93], "uv_size": [1, -1]}
							}
						},
						{
							"origin": [-1.26432, 9.52944, -85.32532],
							"size": [0.15, 0.3, 0.5],
							"inflate": -0.001,
							"pivot": [-1.16432, 9.77944, -84.82532],
							"rotation": [0, 0, 22.5],
							"uv": {
								"north": {"uv": [92, 42], "uv_size": [1, 1]},
								"east": {"uv": [43, 92], "uv_size": [1, 1]},
								"south": {"uv": [92, 43], "uv_size": [1, 1]},
								"west": {"uv": [44, 92], "uv_size": [1, 1]},
								"up": {"uv": [92, 44], "uv_size": [1, 1]},
								"down": {"uv": [45, 93], "uv_size": [1, -1]}
							}
						},
						{
							"origin": [-0.85838, 9.82714, -85.32532],
							"size": [0.15, 0.3, 0.5],
							"inflate": -0.001,
							"pivot": [-0.75838, 10.07714, -84.82532],
							"rotation": [0, 0, 67.5],
							"uv": {
								"north": {"uv": [92, 42], "uv_size": [1, 1]},
								"east": {"uv": [43, 92], "uv_size": [1, 1]},
								"south": {"uv": [92, 43], "uv_size": [1, 1]},
								"west": {"uv": [44, 92], "uv_size": [1, 1]},
								"up": {"uv": [92, 44], "uv_size": [1, 1]},
								"down": {"uv": [45, 93], "uv_size": [1, -1]}
							}
						},
						{
							"origin": [-1.15523, 8.27431, -85.32532],
							"size": [0.1, 0.3, 0.5],
							"inflate": -0.001,
							"pivot": [-1.10523, 8.52431, -84.82532],
							"rotation": [0, 0, 115.5],
							"uv": {
								"north": {"uv": [92, 42], "uv_size": [1, 1]},
								"east": {"uv": [43, 92], "uv_size": [1, 1]},
								"south": {"uv": [92, 43], "uv_size": [1, 1]},
								"west": {"uv": [44, 92], "uv_size": [1, 1]},
								"up": {"uv": [92, 44], "uv_size": [1, 1]},
								"down": {"uv": [45, 93], "uv_size": [1, -1]}
							}
						},
						{
							"origin": [-0.75, 10.03636, -85.32332],
							"size": [0.5, 0.15, 0.5],
							"inflate": 0.001,
							"uv": {
								"north": {"uv": [92, 39], "uv_size": [1, 1]},
								"east": {"uv": [40, 92], "uv_size": [1, 1]},
								"south": {"uv": [92, 40], "uv_size": [1, 1]},
								"west": {"uv": [41, 92], "uv_size": [1, 1]},
								"up": {"uv": [92, 41], "uv_size": [1, 1]},
								"down": {"uv": [42, 93], "uv_size": [1, -1]}
							}
						}
					]
				},
				{
					"name": "bone3",
					"parent": "gun",
					"pivot": [-0.85, -1, 0],
					"cubes": [
						{
							"origin": [-2.4072, 5.22998, 1.96442],
							"size": [0.64651, 1.60676, 4.46493],
							"uv": {
								"north": {"uv": [61, 90], "uv_size": [1, 2]},
								"east": {"uv": [85, 14], "uv_size": [4, 2]},
								"south": {"uv": [90, 63], "uv_size": [1, 2]}
							}
						},
						{
							"origin": [-1.27107, 7.32637, 2],
							"size": [1.60676, 0.64651, 4.5],
							"inflate": 0.001,
							"uv": {
								"north": {"uv": [65, 90], "uv_size": [2, 1]},
								"south": {"uv": [90, 65], "uv_size": [2, 1]},
								"west": {"uv": [86, 30], "uv_size": [5, 1]},
								"up": {"uv": [18, 82], "uv_size": [2, 5]},
								"down": {"uv": [20, 87], "uv_size": [2, -5]}
							}
						},
						{
							"origin": [-2.4072, 5.22998, 2],
							"size": [1.24244, 1.60676, 4.5],
							"pivot": [-0.46769, 6.03336, 3.84333],
							"rotation": [0, 0, 45],
							"uv": {
								"north": {"uv": [67, 90], "uv_size": [1, 2]},
								"east": {"uv": [80, 40], "uv_size": [5, 2]},
								"south": {"uv": [68, 90], "uv_size": [1, 2]}
							}
						},
						{
							"origin": [-1.27107, 6.73043, 2],
							"size": [1.60676, 1.24244, 4.5],
							"pivot": [-0.46769, 6.03336, 3.84333],
							"rotation": [0, 0, 45],
							"uv": {
								"north": {"uv": [90, 66], "uv_size": [2, 1]},
								"south": {"uv": [69, 90], "uv_size": [2, 1]},
								"up": {"uv": [22, 82], "uv_size": [2, 5]}
							}
						},
						{
							"origin": [0.82532, 5.22998, 1.96442],
							"size": [0.64651, 1.60676, 5.47509],
							"uv": {
								"north": {"uv": [76, 90], "uv_size": [1, 2]},
								"east": {"uv": [81, 61], "uv_size": [5, 2]},
								"south": {"uv": [90, 76], "uv_size": [1, 2]},
								"west": {"uv": [24, 82], "uv_size": [5, 2]},
								"up": {"uv": [21, 65], "uv_size": [1, 5]}
							}
						},
						{
							"origin": [0.82532, 5.22998, -14.08703],
							"size": [0.64651, 1.60676, 16.10076],
							"uv": {
								"north": {"uv": [77, 90], "uv_size": [1, 2]},
								"east": {"uv": [36, 12], "uv_size": [16, 2]},
								"south": {"uv": [78, 90], "uv_size": [1, 2]},
								"west": {"uv": [65, 61], "uv_size": [16, 2]},
								"up": {"uv": [56, 76], "uv_size": [1, 16]}
							}
						},
						{
							"origin": [-2.03035, 5.36995, -8.6308],
							"size": [3.2232, 1.33509, 13.9616],
							"uv": {
								"north": {"uv": [89, 69], "uv_size": [3, 1]},
								"east": {"uv": [78, 7], "uv_size": [14, 1]},
								"south": {"uv": [89, 70], "uv_size": [3, 1]},
								"west": {"uv": [78, 8], "uv_size": [14, 1]},
								"up": {"uv": [59, 63], "uv_size": [3, 14]},
								"down": {"uv": [22, 78], "uv_size": [3, -14]}
							}
						},
						{
							"origin": [-2.4072, 5.22998, -14.08703],
							"size": [0.64651, 1.60676, 6.98017],
							"uv": {
								"north": {"uv": [85, 90], "uv_size": [1, 2]},
								"east": {"uv": [65, 77], "uv_size": [7, 2]},
								"south": {"uv": [86, 90], "uv_size": [1, 2]},
								"west": {"uv": [78, 9], "uv_size": [7, 2]}
							}
						},
						{
							"origin": [-2.4072, 5.22998, -14],
							"size": [0.64651, 1.60676, 6.98017],
							"pivot": [-0.46769, 6.03336, -12.30914],
							"rotation": [0, 0, 45],
							"uv": {
								"north": {"uv": [87, 90], "uv_size": [1, 2]},
								"east": {"uv": [18, 78], "uv_size": [7, 2]},
								"south": {"uv": [89, 90], "uv_size": [1, 2]},
								"west": {"uv": [78, 26], "uv_size": [7, 2]}
							}
						},
						{
							"origin": [-1.27107, 7.32637, -14],
							"size": [1.60676, 0.64651, 6.98017],
							"inflate": 0.001,
							"uv": {
								"north": {"uv": [90, 78], "uv_size": [2, 1]},
								"south": {"uv": [90, 90], "uv_size": [2, 1]},
								"up": {"uv": [59, 77], "uv_size": [2, 7]},
								"down": {"uv": [78, 70], "uv_size": [2, -7]}
							}
						},
						{
							"origin": [-1.27107, 7.32637, -14],
							"size": [1.60676, 0.64651, 6.98017],
							"pivot": [-0.46769, 6.03336, -12.30914],
							"rotation": [0, 0, 45],
							"uv": {
								"north": {"uv": [1, 91], "uv_size": [2, 1]},
								"south": {"uv": [5, 91], "uv_size": [2, 1]},
								"up": {"uv": [78, 70], "uv_size": [2, 7]},
								"down": {"uv": [74, 85], "uv_size": [2, -7]}
							}
						},
						{
							"origin": [-2.12436, 5.31444, -30.38638],
							"size": [0.64651, 1.33898, 16.68792],
							"uv": {
								"north": {"uv": [91, 86], "uv_size": [1, 1]},
								"east": {"uv": [73, 52], "uv_size": [17, 1]},
								"south": {"uv": [91, 87], "uv_size": [1, 1]},
								"west": {"uv": [74, 23], "uv_size": [17, 1]},
								"up": {"uv": [3, 74], "uv_size": [1, 17]},
								"down": {"uv": [35, 93], "uv_size": [1, -17]}
							}
						},
						{
							"origin": [-2, 4.75, -29.5],
							"size": [3, 3, 22],
							"inflate": -0.25,
							"pivot": [-0.5, 6.25, -7.5],
							"rotation": [0, 0, 15],
							"uv": {
								"north": {"uv": [82, 84], "uv_size": [3, 3]},
								"east": {"uv": [56, 26], "uv_size": [22, 3]},
								"south": {"uv": [85, 9], "uv_size": [3, 3]},
								"west": {"uv": [56, 29], "uv_size": [22, 3]},
								"up": {"uv": [56, 32], "uv_size": [3, 22]},
								"down": {"uv": [56, 76], "uv_size": [3, -22]}
							}
						}
					]
				},
				{
					"name": "bone4",
					"parent": "gun",
					"pivot": [8.25, 0, 0],
					"cubes": [
						{
							"origin": [-2.25, -0.11103, 12.58553],
							"size": [3.5, 5, 7],
							"inflate": 0.002,
							"pivot": [-0.5, 1.88897, 16.08553],
							"rotation": [-22.5, 0, 0],
							"uv": {
								"north": {"uv": [74, 68], "uv_size": [4, 5]},
								"east": {"uv": [14, 65], "uv_size": [7, 5]},
								"south": {"uv": [74, 73], "uv_size": [4, 5]},
								"west": {"uv": [65, 56], "uv_size": [7, 5]},
								"up": {"uv": [4, 65], "uv_size": [4, 7]},
								"down": {"uv": [65, 70], "uv_size": [4, -7]}
							}
						},
						{
							"origin": [-2.25, -1.86103, 14.83553],
							"size": [3.5, 4, 7],
							"inflate": -0.001,
							"pivot": [-0.5, 0.13897, 18.33553],
							"rotation": [-42.5, 0, 0],
							"uv": {
								"north": {"uv": [14, 77], "uv_size": [4, 4]},
								"east": {"uv": [67, 20], "uv_size": [7, 4]},
								"south": {"uv": [77, 16], "uv_size": [4, 4]},
								"west": {"uv": [69, 42], "uv_size": [7, 4]},
								"up": {"uv": [46, 68], "uv_size": [4, 7]},
								"down": {"uv": [69, 53], "uv_size": [4, -7]}
							}
						},
						{
							"origin": [-2.25, -5.3667, 20.08213],
							"size": [3.5, 3, 1],
							"pivot": [-0.5, -3.3667, 23.58213],
							"rotation": [-25, 0, 0],
							"uv": {
								"north": {"uv": [80, 78], "uv_size": [4, 3]},
								"east": {"uv": [47, 89], "uv_size": [1, 3]},
								"south": {"uv": [81, 11], "uv_size": [4, 3]},
								"west": {"uv": [48, 89], "uv_size": [1, 3]},
								"up": {"uv": [87, 79], "uv_size": [4, 1]},
								"down": {"uv": [87, 81], "uv_size": [4, -1]}
							}
						},
						{
							"origin": [-2.25, -4.12277, 20.47113],
							"size": [3.5, 7, 7],
							"inflate": 0.001,
							"uv": {
								"north": {"uv": [69, 63], "uv_size": [4, 7]},
								"east": {"uv": [62, 42], "uv_size": [7, 7]},
								"south": {"uv": [14, 70], "uv_size": [4, 7]},
								"west": {"uv": [62, 49], "uv_size": [7, 7]},
								"up": {"uv": [18, 70], "uv_size": [4, 7]},
								"down": {"uv": [65, 77], "uv_size": [4, -7]}
							}
						},
						{
							"origin": [-2.25, 0.37723, 17.47113],
							"size": [3.5, 3, 6],
							"uv": {
								"north": {"uv": [14, 81], "uv_size": [4, 3]},
								"east": {"uv": [74, 20], "uv_size": [6, 3]},
								"south": {"uv": [81, 14], "uv_size": [4, 3]},
								"west": {"uv": [76, 42], "uv_size": [6, 3]},
								"up": {"uv": [73, 14], "uv_size": [4, 6]},
								"down": {"uv": [25, 79], "uv_size": [4, -6]}
							}
						},
						{
							"origin": [-2.25, -3.18717, 27.16508],
							"size": [3.5, 5, 24],
							"pivot": [-0.5, -1.68717, 24.16508],
							"rotation": [-20, 0, 0],
							"uv": {
								"north": {"uv": [46, 75], "uv_size": [4, 5]},
								"east": {"uv": [22, 26], "uv_size": [24, 5]},
								"south": {"uv": [77, 11], "uv_size": [4, 5]},
								"west": {"uv": [22, 31], "uv_size": [24, 5]},
								"up": {"uv": [30, 36], "uv_size": [4, 24]},
								"down": {"uv": [34, 60], "uv_size": [4, -24]}
							}
						},
						{
							"origin": [-2.25, 0.33992, 42.93556],
							"size": [3.5, 2.77, 9],
							"inflate": -0.001,
							"pivot": [-0.5, 1.83992, 14.93556],
							"rotation": [-12.5, 0, 0],
							"uv": {
								"north": {"uv": [81, 17], "uv_size": [4, 3]},
								"east": {"uv": [71, 1], "uv_size": [9, 3]},
								"south": {"uv": [81, 56], "uv_size": [4, 3]},
								"west": {"uv": [72, 56], "uv_size": [9, 3]},
								"up": {"uv": [25, 64], "uv_size": [4, 9]},
								"down": {"uv": [0, 74], "uv_size": [4, -9]}
							}
						},
						{
							"origin": [-0.39347, 3.79852, 21.66621],
							"size": [0.7, 1, 3],
							"pivot": [-0.24749, 3.22766, 24.22422],
							"rotation": [20.20848, -19.05681, 41.57337],
							"uv": {
								"north": {"uv": [88, 91], "uv_size": [1, 1]},
								"east": {"uv": [89, 75], "uv_size": [3, 1]},
								"south": {"uv": [90, 91], "uv_size": [1, 1]},
								"west": {"uv": [76, 89], "uv_size": [3, 1]},
								"up": {"uv": [53, 89], "uv_size": [1, 3]},
								"down": {"uv": [89, 79], "uv_size": [1, -3]}
							}
						},
						{
							"origin": [-2.25, 1.94668, 21.66621],
							"size": [3.5, 2, 3],
							"inflate": -0.001,
							"pivot": [-0.24749, 3.22766, 24.22422],
							"rotation": [27.5, 0, 0],
							"uv": {
								"north": {"uv": [85, 16], "uv_size": [4, 2]},
								"east": {"uv": [59, 87], "uv_size": [3, 2]},
								"south": {"uv": [85, 18], "uv_size": [4, 2]},
								"west": {"uv": [87, 63], "uv_size": [3, 2]},
								"up": {"uv": [76, 81], "uv_size": [4, 3]},
								"down": {"uv": [80, 84], "uv_size": [4, -3]}
							}
						},
						{
							"origin": [-1.74497, 3.44668, 21.66621],
							"size": [2.5, 1, 3],
							"pivot": [-0.24749, 3.22766, 24.22422],
							"rotation": [27.5, 0, 0],
							"uv": {
								"north": {"uv": [89, 81], "uv_size": [3, 1]},
								"east": {"uv": [89, 82], "uv_size": [3, 1]},
								"south": {"uv": [85, 89], "uv_size": [3, 1]},
								"west": {"uv": [89, 88], "uv_size": [3, 1]},
								"up": {"uv": [76, 84], "uv_size": [3, 3]},
								"down": {"uv": [84, 81], "uv_size": [3, -3]}
							}
						},
						{
							"origin": [-1.29795, 3.79496, 21.66621],
							"size": [0.7, 1, 3],
							"pivot": [-0.74749, 3.22766, 24.22422],
							"rotation": [20.20848, 19.05681, -41.57337],
							"uv": {
								"north": {"uv": [91, 91], "uv_size": [1, 1]},
								"east": {"uv": [89, 89], "uv_size": [3, 1]},
								"south": {"uv": [1, 92], "uv_size": [1, 1]},
								"west": {"uv": [90, 1], "uv_size": [3, 1]},
								"up": {"uv": [79, 89], "uv_size": [1, 3]},
								"down": {"uv": [80, 92], "uv_size": [1, -3]}
							}
						},
						{
							"origin": [-1.44706, 2.71587, 23.9134],
							"size": [0.7, 1, 28],
							"pivot": [-0.73995, 2.30166, 37.9134],
							"rotation": [-3.54002, -3.53329, -44.89078],
							"uv": {
								"north": {"uv": [2, 92], "uv_size": [1, 1]},
								"east": {"uv": [67, 24], "uv_size": [28, 1]},
								"south": {"uv": [92, 3], "uv_size": [1, 1]},
								"west": {"uv": [67, 25], "uv_size": [28, 1]},
								"up": {"uv": [36, 60], "uv_size": [1, 28]},
								"down": {"uv": [37, 88], "uv_size": [1, -28]}
							}
						},
						{
							"origin": [-1.73995, 2.30166, 23.9134],
							"size": [2.5, 1, 28],
							"pivot": [-0.23995, 2.30166, 37.9134],
							"rotation": [-5, 0, 0],
							"uv": {
								"north": {"uv": [90, 2], "uv_size": [3, 1]},
								"east": {"uv": [69, 53], "uv_size": [28, 1]},
								"south": {"uv": [5, 90], "uv_size": [3, 1]},
								"west": {"uv": [69, 54], "uv_size": [28, 1]},
								"up": {"uv": [50, 26], "uv_size": [3, 28]},
								"down": {"uv": [53, 54], "uv_size": [3, -28]}
							}
						},
						{
							"origin": [-2.23995, -4.19834, 23.9134],
							"size": [3.5, 7, 28],
							"inflate": 0.001,
							"pivot": [-0.23995, 2.30166, 37.9134],
							"rotation": [-5, 0, 0],
							"uv": {
								"north": {"uv": [69, 70], "uv_size": [4, 7]},
								"east": {"uv": [8, 0], "uv_size": [28, 7]},
								"south": {"uv": [4, 72], "uv_size": [4, 7]},
								"west": {"uv": [8, 7], "uv_size": [28, 7]},
								"up": {"uv": [22, 36], "uv_size": [4, 28]},
								"down": {"uv": [26, 64], "uv_size": [4, -28]}
							}
						},
						{
							"origin": [-0.23284, 2.71587, 23.9134],
							"size": [0.7, 1, 28],
							"pivot": [-0.23995, 2.30166, 37.9134],
							"rotation": [-3.54002, 3.53329, 44.89078],
							"uv": {
								"north": {"uv": [4, 92], "uv_size": [1, 1]},
								"east": {"uv": [69, 55], "uv_size": [28, 1]},
								"south": {"uv": [5, 92], "uv_size": [1, 1]},
								"west": {"uv": [71, 0], "uv_size": [28, 1]},
								"up": {"uv": [29, 64], "uv_size": [1, 28]},
								"down": {"uv": [62, 100], "uv_size": [1, -28]}
							}
						}
					]
				},
				{
					"name": "clip",
					"parent": "gun",
					"pivot": [-0.5, -6.5, 49]
				},
				{
					"name": "stick",
					"parent": "clip",
					"pivot": [-0.5, -3.5, 48.5],
					"cubes": [
						{
							"origin": [-1.5, -6.5, 48],
							"size": [2, 6, 1],
							"inflate": -0.25,
							"uv": {
								"north": {"uv": [47, 80], "uv_size": [2, 6]},
								"east": {"uv": [49, 87], "uv_size": [1, 6]},
								"south": {"uv": [30, 81], "uv_size": [2, 6]},
								"west": {"uv": [87, 67], "uv_size": [1, 6]},
								"up": {"uv": [91, 30], "uv_size": [2, 1]},
								"down": {"uv": [91, 38], "uv_size": [2, -1]}
							}
						}
					]
				},
				{
					"name": "bullets3",
					"parent": "clip",
					"pivot": [0, -12, 47],
					"cubes": [
						{
							"origin": [-1, -4, 41.25],
							"size": [1, 1, 7],
							"pivot": [-0.5, -3.5, 44.75],
							"rotation": [0, 0, 15],
							"uv": {
								"north": {"uv": [92, 17], "uv_size": [1, 1]},
								"east": {"uv": [85, 56], "uv_size": [7, 1]},
								"south": {"uv": [18, 92], "uv_size": [1, 1]},
								"west": {"uv": [85, 57], "uv_size": [7, 1]},
								"up": {"uv": [2, 84], "uv_size": [1, 7]},
								"down": {"uv": [17, 91], "uv_size": [1, -7]}
							}
						},
						{
							"origin": [-1, -3, 41.25],
							"size": [1, 1, 7],
							"pivot": [-0.5, -2.5, 44.75],
							"rotation": [0, 0, 15],
							"uv": {
								"north": {"uv": [92, 18], "uv_size": [1, 1]},
								"east": {"uv": [85, 58], "uv_size": [7, 1]},
								"south": {"uv": [19, 92], "uv_size": [1, 1]},
								"west": {"uv": [85, 84], "uv_size": [7, 1]},
								"up": {"uv": [27, 84], "uv_size": [1, 7]},
								"down": {"uv": [28, 91], "uv_size": [1, -7]}
							}
						},
						{
							"origin": [-1, -2, 41.25],
							"size": [1, 1, 7],
							"pivot": [-0.5, -1.5, 44.75],
							"rotation": [0, 0, 15],
							"uv": {
								"north": {"uv": [92, 19], "uv_size": [1, 1]},
								"east": {"uv": [85, 85], "uv_size": [7, 1]},
								"south": {"uv": [20, 92], "uv_size": [1, 1]},
								"west": {"uv": [86, 29], "uv_size": [7, 1]},
								"up": {"uv": [46, 84], "uv_size": [1, 7]},
								"down": {"uv": [40, 92], "uv_size": [1, -7]}
							}
						}
					]
				},
				{
					"name": "bullet2",
					"parent": "clip",
					"pivot": [0, -13, 47],
					"cubes": [
						{
							"origin": [-1, -5, 41.25],
							"size": [1, 1, 7],
							"pivot": [-0.5, -4.5, 44.75],
							"rotation": [0, 0, 15],
							"uv": {
								"north": {"uv": [92, 15], "uv_size": [1, 1]},
								"east": {"uv": [85, 43], "uv_size": [7, 1]},
								"south": {"uv": [92, 16], "uv_size": [1, 1]},
								"west": {"uv": [85, 44], "uv_size": [7, 1]},
								"up": {"uv": [32, 81], "uv_size": [1, 7]},
								"down": {"uv": [1, 91], "uv_size": [1, -7]}
							}
						}
					]
				},
				{
					"name": "bullet1",
					"parent": "clip",
					"pivot": [-0.5, -5.5, 44.75],
					"cubes": [
						{
							"origin": [-1, -6, 41.25],
							"size": [1, 1, 7],
							"pivot": [-0.5, -5.5, 44.75],
							"rotation": [0, 0, 15],
							"uv": {
								"north": {"uv": [14, 92], "uv_size": [1, 1]},
								"east": {"uv": [85, 41], "uv_size": [7, 1]},
								"south": {"uv": [15, 92], "uv_size": [1, 1]},
								"west": {"uv": [85, 42], "uv_size": [7, 1]},
								"up": {"uv": [61, 77], "uv_size": [1, 7]},
								"down": {"uv": [49, 87], "uv_size": [1, -7]}
							}
						}
					]
				},
				{
					"name": "casing",
					"parent": "gun",
					"pivot": [-0.5, -5.5, 46.25],
					"cubes": [
						{
							"origin": [-1, -6, 44.25],
							"size": [1, 1, 4],
							"pivot": [-0.5, -5.5, 47.75],
							"rotation": [0, 0, 15],
							"uv": {
								"north": {"uv": [92, 20], "uv_size": [1, 1]},
								"east": {"uv": [87, 83], "uv_size": [4, 1]},
								"south": {"uv": [92, 21], "uv_size": [1, 1]},
								"west": {"uv": [88, 11], "uv_size": [4, 1]},
								"up": {"uv": [73, 87], "uv_size": [1, 4]},
								"down": {"uv": [84, 91], "uv_size": [1, -4]}
							}
						}
					]
				},
				{
					"name": "bolt",
					"parent": "gun",
					"pivot": [-2.29829, 4.35204, 5.06694],
					"cubes": [
						{
							"origin": [-2, 4.75, -7.5],
							"size": [3, 3, 16],
							"inflate": -0.25,
							"pivot": [-0.5, 6.25, -8.5],
							"rotation": [0, 0, 15],
							"uv": {
								"north": {"uv": [84, 72], "uv_size": [3, 3]},
								"east": {"uv": [59, 36], "uv_size": [21, 3]},
								"south": {"uv": [84, 75], "uv_size": [3, 3]},
								"west": {"uv": [59, 39], "uv_size": [21, 3]},
								"up": {"uv": [59, 42], "uv_size": [3, 21]},
								"down": {"uv": [30, 81], "uv_size": [3, -21]}
							}
						},
						{
							"origin": [-2, 4.75, 7.5],
							"size": [3, 3, 5],
							"inflate": -0.75,
							"pivot": [-0.5, 6.25, 6.5],
							"rotation": [0, 0, 15],
							"uv": {
								"north": {"uv": [84, 72], "uv_size": [3, 3]},
								"east": {"uv": [59, 36], "uv_size": [21, 3]},
								"south": {"uv": [84, 75], "uv_size": [3, 3]},
								"west": {"uv": [59, 39], "uv_size": [21, 3]},
								"up": {"uv": [59, 42], "uv_size": [3, 21]},
								"down": {"uv": [30, 81], "uv_size": [3, -21]}
							}
						}
					]
				},
				{
					"name": "handle",
					"parent": "bolt",
					"pivot": [-0.6804, 5.80441, 7.03704],
					"cubes": [
						{
							"origin": [-5.29107, 5.31444, 6.68666],
							"size": [5, 1.13694, 0.70115],
							"uv": {
								"north": {"uv": [87, 3], "uv_size": [5, 1]},
								"south": {"uv": [68, 87], "uv_size": [5, 1]},
								"up": {"uv": [87, 73], "uv_size": [5, 1]},
								"down": {"uv": [87, 75], "uv_size": [5, -1]}
							}
						},
						{
							"origin": [-5.86664, -0.74291, 6.68666],
							"size": [1.13691, 5.8892, 0.70115],
							"inflate": -0.001,
							"pivot": [-2.29829, 4.35204, 6.21694],
							"rotation": [0, 0, 22.5],
							"uv": {
								"north": {"uv": [25, 87], "uv_size": [1, 6]},
								"east": {"uv": [26, 87], "uv_size": [1, 6]},
								"south": {"uv": [30, 87], "uv_size": [1, 6]},
								"west": {"uv": [31, 87], "uv_size": [1, 6]}
							}
						},
						{
							"origin": [-6.82973, -1.74291, 5.53666],
							"size": [3, 3, 3],
							"pivot": [-2.29829, 4.35204, 5.06694],
							"rotation": [0, 0, 22.5],
							"uv": {
								"north": {"uv": [43, 84], "uv_size": [3, 3]},
								"east": {"uv": [59, 84], "uv_size": [3, 3]},
								"south": {"uv": [84, 63], "uv_size": [3, 3]},
								"west": {"uv": [84, 66], "uv_size": [3, 3]},
								"up": {"uv": [84, 69], "uv_size": [3, 3]},
								"down": {"uv": [71, 87], "uv_size": [3, -3]}
							}
						}
					]
				},
				{
					"name": "rightarm",
					"parent": "main",
					"pivot": [-7.8, 1.8, 41.7],
					"rotation": [-86.01781, -10.40481, 10.23788],
					"cubes": [
						{
							"origin": [-11.8, -22.2, 37.7],
							"size": [8, 24, 8],
							"uv": {
								"north": {"uv": [8, 20], "uv_size": [8, 24]},
								"east": {"uv": [16, 20], "uv_size": [8, 24]},
								"south": {"uv": [24, 20], "uv_size": [8, 24]},
								"west": {"uv": [32, 20], "uv_size": [8, 24]},
								"up": {"uv": [11, 68], "uv_size": [8, 8]},
								"down": {"uv": [19, 76], "uv_size": [8, -8]}
							}
						}
					]
				},
				{
					"name": "leftarm",
					"parent": "main",
					"pivot": [8.2, -10.7, 1.4],
					"rotation": [-89.25888, 32.92009, 64.7728],
					"cubes": [
						{
							"origin": [4.2, -34.7, -2.6],
							"size": [8, 24, 8],
							"uv": {
								"north": {"uv": [40, 20], "uv_size": [8, 24]},
								"east": {"uv": [8, 44], "uv_size": [8, 24]},
								"south": {"uv": [16, 44], "uv_size": [8, 24]},
								"west": {"uv": [24, 44], "uv_size": [8, 24]},
								"up": {"uv": [69, 52], "uv_size": [8, 8]},
								"down": {"uv": [69, 68], "uv_size": [8, -8]}
							}
						}
					]
				},
				{
					"name": "muzzleflash",
					"parent": "main",
					"pivot": [0, 6.6, -88.25],
					"cubes": [
						{
							"origin": [-1, 6.1, -88.55],
							"size": [1, 1, 1],
							"inflate": -0.4,
							"uv": {
								"north": {"uv": [14, 35], "uv_size": [0.5, 0.5]},
								"east": {"uv": [13.5, 35], "uv_size": [0.5, 0.5]},
								"south": {"uv": [15, 35], "uv_size": [0.5, 0.5]},
								"west": {"uv": [14.5, 35], "uv_size": [0.5, 0.5]},
								"up": {"uv": [14, 34.5], "uv_size": [0.5, 0.5]},
								"down": {"uv": [14.5, 35], "uv_size": [0.5, -0.5]}
							}
						}
					]
				},
				{
					"name": "scope",
					"parent": "main",
					"pivot": [0, 9.55, 9.75],
					"cubes": [
						{
							"origin": [-0.85, 8.3, 10.45],
							"size": [1, 1, 1],
							"inflate": -0.4,
							"uv": {
								"north": {"uv": [14, 35], "uv_size": [0.5, 0.5]},
								"east": {"uv": [13.5, 35], "uv_size": [0.5, 0.5]},
								"south": {"uv": [15, 35], "uv_size": [0.5, 0.5]},
								"west": {"uv": [14.5, 35], "uv_size": [0.5, 0.5]},
								"up": {"uv": [14, 34.5], "uv_size": [0.5, 0.5]},
								"down": {"uv": [14.5, 35], "uv_size": [0.5, -0.5]}
							}
						}
					]
				},
				{
					"name": "_camera_",
					"pivot": [8, 13, 42.5]
				}
			]
		}
	]
}