{
	"format_version": "1.12.0",
	"minecraft:geometry": [
		{
			"description": {
				"identifier": "geometry.unknown",
				"texture_width": 256,
				"texture_height": 256,
				"visible_bounds_width": 11,
				"visible_bounds_height": 5.5,
				"visible_bounds_offset": [0, 2.25, 0]
			},
			"bones": [
				{
					"name": "main",
					"pivot": [0, 26.25, 6.5]
				},
				{
					"name": "gun",
					"parent": "main",
					"pivot": [1, 32.25, 5.5],
					"cubes": [
						{"origin": [7.5, 19.275, -17.725], "size": [5, 5, 18.2], "pivot": [12.5, 19.275, -17.525], "rotation": [0, 0, -35], "uv": [0, 136]},
						{"origin": [9, 20.775, -0.725], "size": [2, 2, 2.2], "pivot": [12.5, 19.275, 0.475], "rotation": [0, 0, -35], "uv": [46, 76]},
						{"origin": [8.725, 19.95, 1.15], "size": [1, 1, 4.2], "pivot": [9.725, 19.95, 1.15], "rotation": [-42.52339, -16.81535, -10.89509], "uv": [56, 21]},
						{"origin": [8.225, 16.85, 4.225], "size": [1, 1, 4.2], "pivot": [9.225, 16.85, 4.225], "rotation": [-31.96681, -32.65656, 7.19129], "uv": [55, 5]},
						{"origin": [5.975, 14.875, 7.35], "size": [1, 1, 5.2], "pivot": [6.975, 14.875, 7.35], "rotation": [26.29382, -40.56216, 4.24642], "uv": [53, 55]},
						{"origin": [2.925, 17.325, 10.925], "size": [1, 1, 7.2], "pivot": [3.925, 17.325, 10.925], "rotation": [60.83226, -53.82882, 10.15819], "uv": [9, 84]},
						{"origin": [1.25, 23.975, 12.925], "size": [1, 1, 2.95], "pivot": [2.25, 23.975, 12.925], "rotation": [112.4281, -63.1194, -65.68094], "uv": [20, 13]},
						{"origin": [-0.825, 25.825, 12.425], "size": [1, 1, 2.95], "pivot": [0.175, 25.825, 12.425], "rotation": [110.44762, -72.88865, -31.4501], "uv": [20, 0]},
						{"origin": [6.825, 22.55, -20.525], "size": [3, 5, 2.8], "pivot": [11.825, 22.55, -17.525], "rotation": [0, 0, -67], "uv": [34, 0]},
						{"origin": [-11.75, 19.275, -17.525], "size": [5, 5, 8], "pivot": [-11.75, 19.275, -17.525], "rotation": [0, 0, 35], "uv": [0, 35]},
						{"origin": [-13.725, 20.775, -5.4], "size": [5, 1, 4], "pivot": [-13.725, 20.775, -5.4], "rotation": [0, 23.5, 0], "uv": [104, 43]},
						{"origin": [-13.725, 18.825, -5.9], "size": [5, 2.95, 1], "inflate": 0.001, "pivot": [-13.725, 20.775, -5.4], "rotation": [0, 23.5, 0], "uv": [0, 112]},
						{"origin": [-12.55, 16.325, -9.525], "size": [2, 1.95, 7], "inflate": 0.001, "pivot": [-13.725, 20.775, -5.4], "rotation": [0, 0, -27.25], "uv": [70, 78]},
						{"origin": [-13.725, 18.825, -1.5], "size": [5, 2.95, 1], "inflate": 0.001, "pivot": [-13.725, 20.775, -5.4], "rotation": [0, 23.5, 0], "uv": [84, 111]},
						{"origin": [-13.725, 18.825, -5.4], "size": [5, 1, 4], "pivot": [-13.725, 18.525, -5.4], "rotation": [0, 23.5, 0], "uv": [104, 38]},
						{"origin": [-7.7, 20.35, -17.525], "size": [2, 6, 8], "inflate": 0.001, "pivot": [-10.7, 20.35, -17.525], "rotation": [0, 0, 52.25], "uv": [0, 68]},
						{"origin": [-8.85, 20.375, -17.525], "size": [5, 3, 8], "inflate": -0.001, "uv": [34, 35]},
						{"origin": [-11.75, 19.275, -2.525], "size": [5, 5, 2], "pivot": [-11.75, 19.275, -8.525], "rotation": [0, 0, 35], "uv": [46, 106]},
						{"origin": [-8.85, 20.375, -2.525], "size": [5, 3, 2], "inflate": -0.001, "uv": [70, 108]},
						{"origin": [-7.7, 20.35, -2.525], "size": [2, 6, 2], "inflate": 0.001, "pivot": [-10.7, 20.35, -8.525], "rotation": [0, 0, 52.25], "uv": [18, 35]},
						{"origin": [-11.75, 19.275, -10.525], "size": [5, 5, 17], "inflate": -0.7, "pivot": [-11.75, 19.275, -10.525], "rotation": [0, 0, 35], "uv": [70, 138]},
						{"origin": [-1.75, 24.975, -2.525], "size": [3, 3, 17], "inflate": -0.7, "pivot": [-3.75, 24.975, -2.525], "rotation": [0, 0, 35], "uv": [140, 158]},
						{"origin": [-2.25, 24.475, -2.525], "size": [4, 4, 9], "inflate": -0.7, "pivot": [-3.75, 24.975, -2.525], "rotation": [0, 0, 35], "uv": [34, 12]},
						{"origin": [-1.75, 24.975, 9.475], "size": [3, 3, 5], "inflate": -0.5, "pivot": [-3.75, 24.975, 9.475], "rotation": [0, 0, 35], "uv": [104, 30]},
						{"origin": [11, 25.025, -28.475], "size": [1, 6.25, 3], "uv": [15, 13]},
						{"origin": [7, 27.025, -28.475], "size": [1, 4.25, 3], "uv": [0, 68]},
						{"origin": [-8, 27.025, -28.475], "size": [1, 4.25, 3], "uv": [0, 48]},
						{"origin": [-12, 25.025, -28.475], "size": [1, 6.25, 3], "uv": [15, 0]},
						{"origin": [-12, 31.275, -28.475], "size": [24, 2, 3], "uv": [70, 60]},
						{"origin": [-1.5, 33.275, -13.475], "size": [3, 1, 15.35], "inflate": 0.001, "uv": [24, 159]},
						{"origin": [-2.5, 27.775, 4.275], "size": [5, 1, 11], "inflate": 0.001, "uv": [34, 0]},
						{"origin": [-2.25, 20.775, 7.625], "size": [4.5, 7, 2], "inflate": 0.001, "uv": [34, 106]},
						{"origin": [-1.5, 27.775, 1.775], "size": [3, 1, 2.5], "inflate": 0.001, "uv": [0, 91]},
						{"origin": [-1.5, 27.775, 1.775], "size": [3, 6.3, 1.5], "inflate": 0.002, "pivot": [1.5, 27.775, 1.8], "rotation": [12.25, 0, 0], "uv": [34, 46]},
						{"origin": [0.5, 33.275, -29.475], "size": [1, 1, 17], "pivot": [1.5, 33.275, -13.45], "rotation": [0, -33.25, 0], "uv": [97, 143]},
						{"origin": [0.5, 48.5, -33.425], "size": [1, 1, 2], "inflate": -0.001, "pivot": [1.5, 44.075, -13.45], "rotation": [48.25, -33.25, 0], "uv": [5, 13]},
						{"origin": [-1.5, 48.5, -33.425], "size": [1, 1, 2], "inflate": -0.001, "pivot": [-1.5, 44.075, -13.45], "rotation": [48.25, 33.25, 0], "uv": [5, 0]},
						{"origin": [-1.5, 33.275, -29.475], "size": [1, 1, 17], "pivot": [-1.5, 33.275, -13.45], "rotation": [0, 33.25, 0], "uv": [28, 136]},
						{"origin": [11, 17.025, -28.475], "size": [1, 8, 3], "pivot": [12, 25.025, -28.45], "rotation": [0, 0, 25], "uv": [0, 13]},
						{"origin": [-12, 17.025, -28.475], "size": [1, 8, 3], "pivot": [-12, 25.025, -28.45], "rotation": [0, 0, -25], "uv": [0, 0]},
						{"origin": [-8.65, 8.225, -28.475], "size": [1, 9.6, 3], "pivot": [-8.65, 17.825, -28.45], "rotation": [0, 0, -63.75], "uv": [104, 106]},
						{"origin": [7.65, 8.225, -28.475], "size": [1, 9.6, 3], "pivot": [8.65, 17.825, -28.45], "rotation": [0, 0, 63.75], "uv": [18, 79]},
						{"origin": [6.65, 24.8, -21.475], "size": [1.6, 5.25, 3.775], "pivot": [8.25, 24.55, -17.7], "rotation": [0, 0, -25.5], "uv": [0, 35]},
						{"origin": [6.65, 17.95, -21.475], "size": [1.6, 5.25, 3.775], "pivot": [8.25, 23.45, -17.7], "rotation": [0, 0, 25.5], "uv": [34, 12]},
						{"origin": [6.5, 27.15, -19.475], "size": [3.6, 2.5, 1.775], "inflate": -0.001, "pivot": [9.5, 26.9, -17.7], "rotation": [0, 0, -37.75], "uv": [46, 98]},
						{"origin": [-10.1, 27.15, -19.475], "size": [3.6, 2.5, 1.775], "inflate": -0.001, "pivot": [-9.5, 26.9, -17.7], "rotation": [0, 0, 37.75], "uv": [58, 85]},
						{"origin": [7.1, 27.375, -19.725], "size": [3, 3, 2.275], "inflate": -0.001, "pivot": [10.1, 27.375, -17.45], "rotation": [0, 0, 22], "uv": [55, 0]},
						{"origin": [7.1, 27.375, -24.475], "size": [3, 3, 5.025], "inflate": -0.2, "pivot": [10.1, 27.375, -19.45], "rotation": [0, 0, 22], "uv": [104, 14]},
						{"origin": [7.6, 27.875, -27.975], "size": [2, 2, 11.025], "inflate": -0.2, "pivot": [10.1, 27.375, -19.45], "rotation": [0, 0, 22], "uv": [0, 13]},
						{"origin": [-9.6, 27.875, -27.975], "size": [2, 2, 11.025], "inflate": -0.2, "pivot": [-10.1, 27.375, -19.45], "rotation": [0, 0, -22], "uv": [0, 0]},
						{"origin": [-10.1, 27.375, -19.725], "size": [3, 3, 2.275], "inflate": -0.001, "pivot": [-10.1, 27.375, -17.45], "rotation": [0, 0, -22], "uv": [15, 48]},
						{"origin": [-10.1, 27.375, -24.475], "size": [3, 3, 5.025], "inflate": -0.2, "pivot": [-10.1, 27.375, -19.45], "rotation": [0, 0, -22], "uv": [104, 6]},
						{"origin": [-8.25, 25.05, -21.475], "size": [1.6, 4.5, 3.775], "pivot": [-8.25, 24.55, -17.7], "rotation": [0, 0, 25.5], "uv": [34, 35]},
						{"origin": [4.55, 27.5, -14.7], "size": [4.5, 1, 1.775], "pivot": [4.35, 28.5, -14.7], "rotation": [0, -12, 61.75], "uv": [15, 22]},
						{"origin": [4.3, 18.525, -10.275], "size": [6.5, 1, 1.775], "pivot": [3.85, 19.525, -10.275], "rotation": [-6.11014, -49.81626, 153.82352], "uv": [0, 58]},
						{"origin": [0.475, 16.375, -5.275], "size": [5.55, 1, 1.775], "pivot": [0.325, 17.375, -5.275], "rotation": [-14.65434, -1.49198, -154.09244], "uv": [82, 24]},
						{"origin": [6.4, 23, -13.725], "size": [6, 1, 1.775], "pivot": [6.2, 24, -13.725], "rotation": [-0.6463, -35.49437, 115.22564], "uv": [51, 19]},
						{"origin": [-0.35, 27.5, -14.7], "size": [4.5, 1, 1.775], "pivot": [4.35, 28.5, -14.5], "rotation": [0, 12.25, 27.75], "uv": [15, 9]},
						{"origin": [-5.875, 29.45, -14], "size": [5.55, 1, 1.775], "pivot": [-0.125, 30.45, -13.8], "rotation": [-1.92317, 30.48864, -23.13496], "uv": [70, 54]},
						{"origin": [-10.15, 27.3, -11.15], "size": [5.25, 1, 1.775], "pivot": [-4.7, 28.3, -10.95], "rotation": [-9.98094, 35.10851, -65.04022], "uv": [70, 24]},
						{"origin": [-11.85, 23.025, -8.225], "size": [5.25, 1, 1.775], "pivot": [-6.4, 24.025, -8.025], "rotation": [-5.69796, 34.48312, -115.67422], "uv": [46, 58]}
					]
				},
				{
					"name": "bone",
					"parent": "gun",
					"pivot": [0, 29.775, 1.05],
					"cubes": [
						{"origin": [-4.5, 25.275, -25.725], "size": [4.5, 5, 26.775], "inflate": 0.001, "pivot": [0, 30.275, 1.05], "rotation": [0, 0, -24.75], "uv": [0, 35]},
						{"origin": [0, 21.275, -25.725], "size": [4.5, 9, 26.775], "pivot": [0, 30.275, 1.05], "rotation": [0, 0, 24.75], "uv": [0, 0]},
						{"origin": [1.6, 29.475, -12.725], "size": [3, 1, 9.775], "pivot": [0, 30.275, 0.05], "rotation": [0, 0, 24.75], "uv": [0, 48]},
						{"origin": [3.625, 27.525, -5.975], "size": [2, 1, 3], "pivot": [5.625, 28.525, -2.975], "rotation": [36.75, 0, 45], "uv": [16, 115]},
						{"origin": [4.925, 26.125, -3.975], "size": [1, 2.5, 1.3], "inflate": -0.2, "pivot": [5.625, 28.525, -2.975], "rotation": [36.75, 0, 45], "uv": [49, 46]},
						{"origin": [3.325, 26.125, -3.975], "size": [1, 2.5, 1.3], "inflate": -0.2, "pivot": [5.625, 28.525, -2.975], "rotation": [36.75, 0, 45], "uv": [5, 48]},
						{"origin": [3.325, 26.125, -13.075], "size": [1, 2.5, 1.3], "inflate": -0.2, "pivot": [5.625, 28.525, -12.775], "rotation": [-36.75, 0, 45], "uv": [41, 7]},
						{"origin": [4.925, 26.125, -13.075], "size": [1, 2.5, 1.3], "inflate": -0.2, "pivot": [5.625, 28.525, -12.775], "rotation": [-36.75, 0, 45], "uv": [39, 12]},
						{"origin": [3.625, 27.525, -12.775], "size": [2, 1, 3], "pivot": [5.625, 28.525, -12.775], "rotation": [-36.75, 0, 45], "uv": [115, 14]}
					]
				},
				{
					"name": "bone5",
					"parent": "gun",
					"pivot": [0, 31.025, -17.45],
					"cubes": [
						{"origin": [-5.6, 29.525, -24.225], "size": [5.6, 2, 6.775], "pivot": [0, 31.525, -17.45], "rotation": [0, 0, -24.75], "uv": [70, 70]},
						{"origin": [-5.35, 29.525, -17.475], "size": [5.1, 2, 3.025], "pivot": [0, 31.525, -17.45], "rotation": [-31, 0, -24.75], "uv": [8, 106]},
						{"origin": [0, 29.525, -24.225], "size": [5.6, 2, 6.775], "pivot": [0, 31.525, -17.45], "rotation": [0, 0, 24.75], "uv": [70, 46]},
						{"origin": [-5.85, 29.875, -24.475], "size": [5.85, 2, 1.775], "pivot": [0, 31.875, -17.7], "rotation": [0, 0, -24.75], "uv": [13, 111]},
						{"origin": [0, 29.875, -24.475], "size": [5.85, 2, 1.775], "pivot": [0, 31.875, -17.7], "rotation": [0, 0, 24.75], "uv": [109, 106]},
						{"origin": [0.25, 29.525, -17.475], "size": [5.1, 2, 4.025], "pivot": [0, 31.525, -17.45], "rotation": [-31, 0, 24.75], "uv": [104, 0]}
					]
				},
				{
					"name": "bone8",
					"parent": "gun",
					"pivot": [0, 16.975, -17.45],
					"cubes": [
						{"origin": [-5.6, 16.475, -24.225], "size": [5.6, 2, 6.775], "pivot": [0, 16.475, -17.45], "rotation": [0, 0, 24.75], "uv": [70, 38]},
						{"origin": [-5.1, 16.475, -17.475], "size": [4.6, 2, 5.025], "pivot": [0, 16.475, -17.45], "rotation": [31, 0, 24.75], "uv": [0, 98]},
						{"origin": [0.5, 16.475, -17.475], "size": [4.6, 2, 5.025], "pivot": [0, 16.475, -17.45], "rotation": [31, 0, -24.75], "uv": [70, 86]},
						{"origin": [0, 16.475, -24.225], "size": [5.6, 2, 6.775], "pivot": [0, 16.475, -17.45], "rotation": [0, 0, -24.75], "uv": [70, 30]},
						{"origin": [0, 16.125, -24.475], "size": [5.85, 2, 1.775], "pivot": [0, 16.125, -17.7], "rotation": [0, 0, -24.75], "uv": [84, 108]},
						{"origin": [-5.85, 16.125, -24.475], "size": [5.85, 2, 1.775], "pivot": [0, 16.125, -17.7], "rotation": [0, 0, 24.75], "uv": [104, 22]}
					]
				},
				{
					"name": "bone6",
					"parent": "gun",
					"pivot": [7, 24.025, -17.45],
					"rotation": [0, 0, 90],
					"cubes": [
						{"origin": [1.4, 22.525, -24.225], "size": [5.6, 2, 6.775], "pivot": [7, 24.525, -17.45], "rotation": [0, 0, -24.75], "uv": [70, 16]},
						{"origin": [1.19653, 22.84285, -24.475], "size": [5.95, 2, 1.775], "pivot": [7, 24.525, -17.45], "rotation": [0, 0, -24.75], "uv": [70, 93]},
						{"origin": [5.56747, 28.70409, -24.475], "size": [5.95, 2, 1.775], "pivot": [-7, 24.525, -17.45], "rotation": [0, 0, 24.75], "uv": [34, 91]},
						{"origin": [1.65, 22.525, -17.475], "size": [4.85, 2, 4.025], "pivot": [7, 24.525, -17.45], "rotation": [-30, 0, -24.75], "uv": [104, 76]},
						{"origin": [6.214, 27.60098, -20.40562], "size": [4.85, 2, 4.025], "pivot": [-7, 24.525, -17.45], "rotation": [-30, 0, 24.75], "uv": [104, 70]},
						{"origin": [7, 22.525, -24.225], "size": [5.7, 2, 6.775], "pivot": [7, 24.525, -17.45], "rotation": [0, 0, 24.75], "uv": [70, 8]}
					]
				},
				{
					"name": "bone7",
					"parent": "gun",
					"pivot": [-7, 24.025, -17.45],
					"rotation": [0, 0, -90],
					"cubes": [
						{"origin": [-7, 22.525, -24.225], "size": [5.6, 2, 6.775], "pivot": [-7, 24.525, -17.45], "rotation": [0, 0, 24.75], "uv": [70, 0]},
						{"origin": [-7.14653, 22.84285, -24.475], "size": [5.95, 2, 1.775], "pivot": [-7, 24.525, -17.45], "rotation": [0, 0, 24.75], "uv": [34, 58]},
						{"origin": [-11.51747, 28.70409, -24.475], "size": [5.95, 2, 1.775], "pivot": [7, 24.525, -17.45], "rotation": [0, 0, -24.75], "uv": [14, 58]},
						{"origin": [-6.5, 22.525, -17.475], "size": [4.85, 2, 5.025], "pivot": [-7, 24.525, -17.45], "rotation": [-31, 0, 24.75], "uv": [45, 85]},
						{"origin": [-12.7, 22.525, -24.225], "size": [5.7, 2, 6.775], "pivot": [-7, 24.525, -17.45], "rotation": [0, 0, -24.75], "uv": [34, 68]},
						{"origin": [-12.2, 22.525, -17.475], "size": [4.95, 2, 4.025], "pivot": [-7, 24.525, -17.45], "rotation": [-31, 0, -24.75], "uv": [104, 48]}
					]
				},
				{
					"name": "bone4",
					"parent": "gun",
					"pivot": [0, 18.725, 1.05],
					"cubes": [
						{"origin": [-4.5, 18.225, -25.725], "size": [4.5, 2, 26.775], "inflate": -0.001, "pivot": [0, 18.225, 1.05], "rotation": [0, 0, 24.75], "uv": [70, 99]},
						{"origin": [0, 18.225, -25.725], "size": [4.5, 4, 26.775], "inflate": 0.001, "pivot": [0, 18.225, 1.05], "rotation": [0, 0, -24.75], "uv": [70, 30]}
					]
				},
				{
					"name": "bone2",
					"parent": "gun",
					"pivot": [5.5, 24.275, 1.05],
					"rotation": [0, 0, 90],
					"cubes": [
						{"origin": [1, 21.775, -25.725], "size": [4.5, 3, 26.775], "inflate": 0.001, "pivot": [5.5, 24.775, 1.05], "rotation": [0, 0, -24.75], "uv": [70, 70]},
						{"origin": [0.9, 21.975, -12.725], "size": [3, 3, 9.775], "pivot": [5.5, 24.775, 1.05], "rotation": [0, 0, -24.75], "uv": [34, 46]},
						{"origin": [5.5, 20.775, -25.725], "size": [4.5, 4, 26.775], "inflate": -0.001, "pivot": [5.5, 24.775, 1.05], "rotation": [0, 0, 24.75], "uv": [70, 0]}
					]
				},
				{
					"name": "bone3",
					"parent": "gun",
					"pivot": [-5.5, 24.275, 1.05],
					"rotation": [0, 0, -90],
					"cubes": [
						{"origin": [-5.5, 20.775, -25.725], "size": [4.5, 4, 26.775], "inflate": -0.001, "pivot": [-5.5, 24.775, 1.05], "rotation": [0, 0, 24.75], "uv": [0, 68]},
						{"origin": [-10, 22.775, -25.725], "size": [4.5, 2, 26.775], "inflate": 0.001, "pivot": [-5.5, 24.775, 1.05], "rotation": [0, 0, -24.75], "uv": [0, 98]}
					]
				},
				{
					"name": "spinny",
					"parent": "gun",
					"pivot": [0, 24.35, -25.5],
					"cubes": [
						{"origin": [3, 23.4, -90.05], "size": [2, 2, 66], "inflate": -0.1, "pivot": [4, 24.4, -90.05], "rotation": [0, 0, -20], "uv": [70, 138]},
						{"origin": [0.5, 26.9, -90.05], "size": [2, 2, 66], "inflate": -0.1, "pivot": [1.5, 27.9, -90.05], "rotation": [0, 0, -20], "uv": [0, 136]},
						{"origin": [-2.5, 26.9, -90.05], "size": [2, 2, 66], "inflate": -0.1, "pivot": [-1.5, 27.9, -90.05], "rotation": [0, 0, -20], "uv": [70, 70]},
						{"origin": [0.5, 19.5, -90.05], "size": [2, 2, 66], "inflate": -0.1, "pivot": [1.5, 20.5, -90.05], "rotation": [0, 0, -20], "uv": [70, 2]},
						{"origin": [-2.5, 19.5, -90.05], "size": [2, 2, 66], "inflate": -0.1, "pivot": [-1.5, 20.5, -90.05], "rotation": [0, 0, -20], "uv": [0, 68]},
						{"origin": [-5, 23.4, -90.05], "size": [2, 2, 66], "inflate": -0.1, "pivot": [-4, 24.4, -90.05], "rotation": [0, 0, -20], "uv": [0, 0]},
						{"origin": [0, 21.275, -89.725], "size": [4.5, 9, 16], "pivot": [0, 30.275, -62.95], "rotation": [0, 0, 24.75], "uv": [140, 0]},
						{"origin": [-4.5, 25.275, -89.725], "size": [4.5, 5, 16], "inflate": 0.001, "pivot": [0, 30.275, -62.95], "rotation": [0, 0, -24.75], "uv": [140, 70]},
						{"origin": [0, 21.275, -60.725], "size": [4.5, 9, 4.025], "pivot": [0, 30.275, -33.95], "rotation": [0, 0, 24.75], "uv": [34, 76]},
						{"origin": [-4.5, 25.275, -60.725], "size": [4.5, 5, 4.025], "inflate": 0.001, "pivot": [0, 30.275, -33.95], "rotation": [0, 0, -24.75], "uv": [0, 82]},
						{"origin": [1.525, 19.275, -60.725], "size": [4.5, 5, 4.025], "inflate": 0.002, "pivot": [6.025, 24.275, -33.95], "rotation": [0, 0, 65.25], "uv": [50, 76]},
						{"origin": [6.025, 20.275, -60.725], "size": [4.5, 4, 4.025], "pivot": [6.025, 24.275, -33.95], "rotation": [0, 0, 114.75], "uv": [70, 99]},
						{"origin": [-10.525, 20.275, -60.725], "size": [4.5, 4, 4.025], "inflate": 0.002, "pivot": [-6.025, 24.275, -33.95], "rotation": [0, 0, -114.75], "uv": [50, 98]},
						{"origin": [-6.025, 19.275, -60.725], "size": [4.5, 5, 4.025], "inflate": 0.003, "pivot": [-6.025, 24.275, -33.95], "rotation": [0, 0, -65.25], "uv": [49, 46]},
						{"origin": [-10.525, 20.275, -89.725], "size": [4.5, 4, 16], "inflate": 0.002, "pivot": [-6.025, 24.275, -62.95], "rotation": [0, 0, -114.75], "uv": [140, 138]},
						{"origin": [-6.025, 19.275, -89.725], "size": [4.5, 5, 16], "inflate": 0.003, "pivot": [-6.025, 24.275, -62.95], "rotation": [0, 0, -65.25], "uv": [140, 46]},
						{"origin": [1.525, 19.275, -89.725], "size": [4.5, 5, 16], "inflate": 0.002, "pivot": [6.025, 24.275, -62.95], "rotation": [0, 0, 65.25], "uv": [140, 25]},
						{"origin": [6.025, 20.275, -89.725], "size": [4.5, 4, 16], "pivot": [6.025, 24.275, -62.95], "rotation": [0, 0, 114.75], "uv": [140, 111]},
						{"origin": [0, 18.225, -89.725], "size": [4.5, 4, 16], "inflate": 0.001, "pivot": [0, 18.225, -62.95], "rotation": [0, 0, -24.75], "uv": [140, 91]},
						{"origin": [-4.5, 18.225, -89.725], "size": [4.5, 2, 16], "inflate": -0.001, "pivot": [0, 18.225, -62.95], "rotation": [0, 0, 24.75], "uv": [0, 159]},
						{"origin": [0, 18.225, -60.725], "size": [4.5, 4, 4.025], "inflate": 0.001, "pivot": [0, 18.225, -33.95], "rotation": [0, 0, -24.75], "uv": [34, 98]},
						{"origin": [-4.5, 18.225, -60.725], "size": [4.5, 2, 4.025], "inflate": -0.001, "pivot": [0, 18.225, -33.95], "rotation": [0, 0, 24.75], "uv": [50, 68]}
					]
				},
				{
					"name": "rightarm",
					"parent": "main",
					"pivot": [-4.25, 30.975, 31.85],
					"rotation": [-98.99584, -14.28315, -11.33299],
					"cubes": [
						{"origin": [-8.25, 6.975, 27.85], "size": [8, 24, 8], "uv": [140, 32]}
					]
				},
				{
					"name": "leftarm",
					"parent": "main",
					"pivot": [14.35, 34.625, -8.05],
					"rotation": [-112.72403, -7.94656, -81.2927],
					"cubes": [
						{"origin": [10.35, 10.625, -12.05], "size": [8, 24, 8], "uv": [140, 0]}
					]
				},
				{
					"name": "muzzleflash",
					"parent": "main",
					"pivot": [0, 28.1, -90.75],
					"cubes": [
						{"origin": [-0.5, 27.6, -91.05], "size": [1, 1, 1], "inflate": -0.4, "uv": [51, 14]}
					]
				},
				{
					"name": "scope",
					"parent": "main",
					"pivot": [6, 58.8, 18.25],
					"cubes": [
						{"origin": [5.5, 58.3, 17.95], "size": [1, 1, 1], "inflate": -0.4, "uv": [51, 12]}
					]
				}
			]
		}
	]
}