{
	"format_version": "1.12.0",
	"minecraft:geometry": [
		{
			"description": {
				"identifier": "geometry.unknown",
				"texture_width": 256,
				"texture_height": 256,
				"visible_bounds_width": 18,
				"visible_bounds_height": 4,
				"visible_bounds_offset": [0, 0, 0]
			},
			"bones": [
				{
					"name": "main",
					"pivot": [3.5, 0, -36]
				},
				{
					"name": "gun",
					"parent": "main",
					"pivot": [3.5, 0, -36]
				},
				{
					"name": "body",
					"parent": "gun",
					"pivot": [0, 7, -49.5],
					"cubes": [
						{
							"origin": [-3.5, 3.5, -72],
							"size": [7, 7, 35],
							"pivot": [0, 7, -49.5],
							"rotation": [0, 0, 20],
							"uv": {
								"north": {"uv": [108, 10], "uv_size": [7, 7]},
								"east": {"uv": [90, 74], "uv_size": [35, 7]},
								"south": {"uv": [45, 111], "uv_size": [7, 7]},
								"west": {"uv": [93, 18], "uv_size": [35, 7]},
								"up": {"uv": [28, 96], "uv_size": [7, 35]},
								"down": {"uv": [35, 131], "uv_size": [7, -35]}
							}
						},
						{
							"origin": [-4.5, 12, -37],
							"size": [9, 3, 60],
							"inflate": 0.25,
							"uv": {
								"north": {"uv": [97, 118], "uv_size": [9, 3]},
								"east": {"uv": [93, 41], "uv_size": [60, 3]},
								"south": {"uv": [119, 116], "uv_size": [9, 3]},
								"west": {"uv": [97, 90], "uv_size": [60, 3]},
								"up": {"uv": [0, 0], "uv_size": [9, 60]},
								"down": {"uv": [9, 60], "uv_size": [9, -60]}
							}
						},
						{
							"origin": [-4.5, 0, -37],
							"size": [9, 4, 60],
							"uv": {
								"north": {"uv": [45, 60], "uv_size": [9, 4]},
								"east": {"uv": [93, 25], "uv_size": [60, 4]},
								"south": {"uv": [112, 110], "uv_size": [9, 4]},
								"west": {"uv": [93, 29], "uv_size": [60, 4]},
								"up": {"uv": [18, 0], "uv_size": [9, 60]},
								"down": {"uv": [27, 60], "uv_size": [9, -60]}
							}
						},
						{
							"origin": [-4.5, 4, 21],
							"size": [9, 2, 2],
							"uv": {
								"north": {"uv": [45, 64], "uv_size": [9, 2]},
								"east": {"uv": [127, 103], "uv_size": [2, 2]},
								"south": {"uv": [97, 121], "uv_size": [9, 2]},
								"west": {"uv": [127, 114], "uv_size": [2, 2]},
								"up": {"uv": [121, 105], "uv_size": [9, 2]},
								"down": {"uv": [121, 109], "uv_size": [9, -2]}
							}
						},
						{
							"origin": [-4.5, 4, -37],
							"size": [9, 2, 37],
							"uv": {
								"north": {"uv": [121, 109], "uv_size": [9, 2]},
								"east": {"uv": [105, 71], "uv_size": [37, 2]},
								"south": {"uv": [121, 111], "uv_size": [9, 2]},
								"west": {"uv": [108, 0], "uv_size": [37, 2]},
								"up": {"uv": [10, 90], "uv_size": [9, 37]},
								"down": {"uv": [19, 127], "uv_size": [9, -37]}
							}
						},
						{
							"origin": [-4.5, 6, -37],
							"size": [9, 4, 60],
							"uv": {
								"north": {"uv": [52, 114], "uv_size": [9, 4]},
								"east": {"uv": [93, 33], "uv_size": [60, 4]},
								"south": {"uv": [97, 114], "uv_size": [9, 4]},
								"west": {"uv": [93, 37], "uv_size": [60, 4]},
								"up": {"uv": [36, 0], "uv_size": [9, 60]},
								"down": {"uv": [45, 60], "uv_size": [9, -60]}
							}
						},
						{
							"origin": [-4.5, 10, -37],
							"size": [9, 2, 3],
							"uv": {
								"north": {"uv": [122, 12], "uv_size": [9, 2]},
								"east": {"uv": [24, 127], "uv_size": [3, 2]},
								"south": {"uv": [122, 14], "uv_size": [9, 2]},
								"west": {"uv": [127, 95], "uv_size": [3, 2]},
								"up": {"uv": [119, 119], "uv_size": [9, 3]},
								"down": {"uv": [120, 69], "uv_size": [9, -3]}
							}
						},
						{
							"origin": [-4.5, 10, -23],
							"size": [9, 2, 46],
							"uv": {
								"north": {"uv": [45, 122], "uv_size": [9, 2]},
								"east": {"uv": [93, 44], "uv_size": [46, 2]},
								"south": {"uv": [122, 81], "uv_size": [9, 2]},
								"west": {"uv": [105, 64], "uv_size": [46, 2]},
								"up": {"uv": [84, 0], "uv_size": [9, 46]},
								"down": {"uv": [88, 127], "uv_size": [9, -46]}
							}
						},
						{
							"origin": [-4.5, 2.5, -62],
							"size": [9, 9, 25],
							"pivot": [0, 7, -49.5],
							"rotation": [0, 0, 20],
							"uv": {
								"north": {"uv": [57, 105], "uv_size": [9, 9]},
								"east": {"uv": [42, 96], "uv_size": [25, 9]},
								"south": {"uv": [97, 105], "uv_size": [9, 9]},
								"west": {"uv": [97, 81], "uv_size": [25, 9]},
								"up": {"uv": [67, 96], "uv_size": [9, 25]},
								"down": {"uv": [76, 121], "uv_size": [9, -25]}
							}
						}
					]
				},
				{
					"name": "bits",
					"parent": "gun",
					"pivot": [-1.06616, 6.68043, -15.498],
					"cubes": [
						{
							"origin": [0.90911, 14.99489, -36.82332],
							"size": [0.3, 2, 2],
							"inflate": -0.001,
							"uv": {
								"north": {"uv": [66, 112], "uv_size": [1, 2]},
								"east": {"uv": [128, 100], "uv_size": [2, 2]},
								"south": {"uv": [26, 129], "uv_size": [1, 2]},
								"west": {"uv": [101, 128], "uv_size": [2, 2]},
								"up": {"uv": [108, 129], "uv_size": [1, 2]},
								"down": {"uv": [50, 132], "uv_size": [1, -2]}
							}
						},
						{
							"origin": [-0.09089, 14.29489, -36.32332],
							"size": [0.3, 2, 1],
							"inflate": -0.001,
							"uv": {
								"north": {"uv": [124, 130], "uv_size": [1, 2]},
								"east": {"uv": [125, 130], "uv_size": [1, 2]},
								"south": {"uv": [126, 130], "uv_size": [1, 2]},
								"west": {"uv": [128, 130], "uv_size": [1, 2]},
								"up": {"uv": [103, 131], "uv_size": [1, 1]},
								"down": {"uv": [106, 132], "uv_size": [1, -1]}
							}
						},
						{
							"origin": [-1.04597, 16.88531, -36.82232],
							"size": [0.3, 1, 2],
							"pivot": [-0.99597, 17.13531, -36.32232],
							"rotation": [0, 0, 45],
							"uv": {
								"north": {"uv": [101, 131], "uv_size": [1, 1]},
								"east": {"uv": [121, 130], "uv_size": [2, 1]},
								"south": {"uv": [102, 131], "uv_size": [1, 1]},
								"west": {"uv": [130, 122], "uv_size": [2, 1]},
								"up": {"uv": [123, 130], "uv_size": [1, 2]},
								"down": {"uv": [130, 125], "uv_size": [1, -2]}
							}
						},
						{
							"origin": [-1.20911, 14.99489, -36.82332],
							"size": [0.3, 2, 2],
							"inflate": -0.001,
							"uv": {
								"north": {"uv": [130, 111], "uv_size": [1, 2]},
								"east": {"uv": [103, 128], "uv_size": [2, 2]},
								"south": {"uv": [119, 130], "uv_size": [1, 2]},
								"west": {"uv": [109, 128], "uv_size": [2, 2]},
								"up": {"uv": [120, 130], "uv_size": [1, 2]},
								"down": {"uv": [130, 122], "uv_size": [1, -2]}
							}
						},
						{
							"origin": [0.74597, 16.88531, -36.82232],
							"size": [0.3, 1, 2],
							"pivot": [0.99597, 17.13531, -36.32232],
							"rotation": [0, 0, -45],
							"uv": {
								"north": {"uv": [26, 131], "uv_size": [1, 1]},
								"east": {"uv": [28, 95], "uv_size": [2, 1]},
								"south": {"uv": [93, 131], "uv_size": [1, 1]},
								"west": {"uv": [85, 130], "uv_size": [2, 1]},
								"up": {"uv": [51, 130], "uv_size": [1, 2]},
								"down": {"uv": [104, 132], "uv_size": [1, -2]}
							}
						},
						{
							"origin": [-0.5, 17.4, -36.82332],
							"size": [1, 0.3, 2],
							"inflate": 0.001,
							"uv": {
								"north": {"uv": [99, 131], "uv_size": [1, 1]},
								"east": {"uv": [130, 108], "uv_size": [2, 1]},
								"south": {"uv": [100, 131], "uv_size": [1, 1]},
								"west": {"uv": [109, 130], "uv_size": [2, 1]},
								"up": {"uv": [105, 130], "uv_size": [1, 2]},
								"down": {"uv": [130, 111], "uv_size": [1, -2]}
							}
						},
						{
							"origin": [-1.5, 14.9, 8.17668],
							"size": [3, 1, 7],
							"uv": {
								"north": {"uv": [130, 78], "uv_size": [3, 1]},
								"east": {"uv": [127, 87], "uv_size": [7, 1]},
								"south": {"uv": [130, 79], "uv_size": [3, 1]},
								"west": {"uv": [88, 127], "uv_size": [7, 1]},
								"up": {"uv": [75, 121], "uv_size": [3, 7]},
								"down": {"uv": [78, 128], "uv_size": [3, -7]}
							}
						},
						{
							"origin": [-1.5, 14.65, 2.17668],
							"size": [3, 1, 18],
							"uv": {
								"north": {"uv": [130, 80], "uv_size": [3, 1]},
								"east": {"uv": [120, 70], "uv_size": [18, 1]},
								"south": {"uv": [130, 95], "uv_size": [3, 1]},
								"west": {"uv": [121, 113], "uv_size": [18, 1]},
								"up": {"uv": [109, 110], "uv_size": [3, 18]},
								"down": {"uv": [42, 129], "uv_size": [3, -18]}
							}
						},
						{
							"origin": [1.5, 15.15, 8.17668],
							"size": [0.5, 4, 7],
							"uv": {
								"north": {"uv": [94, 128], "uv_size": [1, 4]},
								"east": {"uv": [115, 12], "uv_size": [7, 4]},
								"south": {"uv": [111, 128], "uv_size": [1, 4]},
								"west": {"uv": [112, 116], "uv_size": [7, 4]},
								"up": {"uv": [66, 105], "uv_size": [1, 7]},
								"down": {"uv": [105, 130], "uv_size": [1, -7]}
							}
						},
						{
							"origin": [-2, 15.15, 8.17668],
							"size": [0.5, 4, 7],
							"uv": {
								"north": {"uv": [128, 116], "uv_size": [1, 4]},
								"east": {"uv": [45, 118], "uv_size": [7, 4]},
								"south": {"uv": [128, 126], "uv_size": [1, 4]},
								"west": {"uv": [52, 118], "uv_size": [7, 4]},
								"up": {"uv": [22, 127], "uv_size": [1, 7]},
								"down": {"uv": [23, 134], "uv_size": [1, -7]}
							}
						},
						{
							"origin": [0.7, 15.45, 14.17668],
							"size": [0.7, 6, 0.5],
							"uv": {
								"north": {"uv": [27, 127], "uv_size": [1, 6]},
								"east": {"uv": [95, 127], "uv_size": [1, 6]},
								"south": {"uv": [96, 127], "uv_size": [1, 6]},
								"west": {"uv": [127, 97], "uv_size": [1, 6]},
								"up": {"uv": [107, 131], "uv_size": [1, 1]},
								"down": {"uv": [108, 132], "uv_size": [1, -1]}
							}
						},
						{
							"origin": [0.9, 21.45, 14.17668],
							"size": [0.5, 2, 0.5],
							"uv": {
								"north": {"uv": [129, 130], "uv_size": [1, 2]},
								"east": {"uv": [130, 130], "uv_size": [1, 2]},
								"south": {"uv": [131, 4], "uv_size": [1, 2]},
								"west": {"uv": [131, 6], "uv_size": [1, 2]},
								"up": {"uv": [109, 131], "uv_size": [1, 1]},
								"down": {"uv": [131, 110], "uv_size": [1, -1]}
							}
						},
						{
							"origin": [-1.4, 15.45, 14.17668],
							"size": [0.7, 6, 0.5],
							"uv": {
								"north": {"uv": [127, 126], "uv_size": [1, 6]},
								"east": {"uv": [128, 18], "uv_size": [1, 6]},
								"south": {"uv": [75, 128], "uv_size": [1, 6]},
								"west": {"uv": [76, 128], "uv_size": [1, 6]},
								"up": {"uv": [110, 131], "uv_size": [1, 1]},
								"down": {"uv": [131, 111], "uv_size": [1, -1]}
							}
						},
						{
							"origin": [-1.4, 21.45, 14.17668],
							"size": [0.5, 2, 0.5],
							"uv": {
								"north": {"uv": [131, 8], "uv_size": [1, 2]},
								"east": {"uv": [10, 131], "uv_size": [1, 2]},
								"south": {"uv": [11, 131], "uv_size": [1, 2]},
								"west": {"uv": [12, 131], "uv_size": [1, 2]},
								"up": {"uv": [131, 111], "uv_size": [1, 1]},
								"down": {"uv": [112, 132], "uv_size": [1, -1]}
							}
						},
						{
							"origin": [-1, 15.55, 14.17668],
							"size": [2, 2, 0.5],
							"inflate": -0.01,
							"uv": {
								"north": {"uv": [128, 120], "uv_size": [2, 2]},
								"east": {"uv": [131, 12], "uv_size": [1, 2]},
								"south": {"uv": [129, 18], "uv_size": [2, 2]},
								"west": {"uv": [13, 131], "uv_size": [1, 2]},
								"up": {"uv": [130, 125], "uv_size": [2, 1]},
								"down": {"uv": [14, 132], "uv_size": [2, -1]}
							}
						},
						{
							"origin": [-1, 22.95, 14.17668],
							"size": [2, 0.5, 0.5],
							"inflate": -0.01,
							"uv": {
								"north": {"uv": [131, 14], "uv_size": [2, 1]},
								"east": {"uv": [131, 112], "uv_size": [1, 1]},
								"south": {"uv": [131, 15], "uv_size": [2, 1]},
								"west": {"uv": [113, 131], "uv_size": [1, 1]},
								"up": {"uv": [16, 131], "uv_size": [2, 1]},
								"down": {"uv": [18, 132], "uv_size": [2, -1]}
							}
						}
					]
				},
				{
					"name": "ammobox",
					"parent": "gun",
					"pivot": [21, -4, -28.5],
					"cubes": [
						{
							"origin": [6, -9, -36],
							"size": [30, 18, 15],
							"uv": {
								"north": {"uv": [54, 0], "uv_size": [30, 18]},
								"east": {"uv": [90, 56], "uv_size": [15, 18]},
								"south": {"uv": [54, 18], "uv_size": [30, 18]},
								"west": {"uv": [93, 0], "uv_size": [15, 18]},
								"up": {"uv": [54, 36], "uv_size": [30, 15]},
								"down": {"uv": [54, 66], "uv_size": [30, -15]}
							}
						},
						{
							"origin": [6.1651, -5.11286, -36],
							"size": [29, 4, 15],
							"inflate": 0.24,
							"pivot": [20.7651, -3.11286, -28.5],
							"rotation": [0, 0, 10],
							"uv": {
								"north": {"uv": [105, 56], "uv_size": [29, 4]},
								"east": {"uv": [108, 2], "uv_size": [15, 4]},
								"south": {"uv": [105, 60], "uv_size": [29, 4]},
								"west": {"uv": [108, 6], "uv_size": [15, 4]},
								"up": {"uv": [30, 81], "uv_size": [29, 15]},
								"down": {"uv": [59, 96], "uv_size": [29, -15]}
							}
						},
						{
							"origin": [6, -9, -36],
							"size": [30, 6, 15],
							"inflate": 0.25,
							"uv": {
								"north": {"uv": [97, 93], "uv_size": [30, 6]},
								"east": {"uv": [30, 60], "uv_size": [15, 6]},
								"south": {"uv": [97, 99], "uv_size": [30, 6]},
								"west": {"uv": [42, 105], "uv_size": [15, 6]},
								"up": {"uv": [0, 60], "uv_size": [30, 15]},
								"down": {"uv": [30, 81], "uv_size": [30, -15]}
							}
						},
						{
							"origin": [6, -3, -36],
							"size": [2, 5, 15],
							"inflate": 0.25,
							"uv": {
								"north": {"uv": [28, 90], "uv_size": [2, 5]},
								"east": {"uv": [105, 66], "uv_size": [15, 5]},
								"south": {"uv": [52, 124], "uv_size": [2, 5]},
								"west": {"uv": [106, 105], "uv_size": [15, 5]},
								"up": {"uv": [61, 114], "uv_size": [2, 15]},
								"down": {"uv": [63, 129], "uv_size": [2, -15]}
							}
						},
						{
							"origin": [3.5, 0, -36],
							"size": [2, 2, 15],
							"inflate": 0.25,
							"uv": {
								"north": {"uv": [24, 129], "uv_size": [2, 2]},
								"east": {"uv": [112, 114], "uv_size": [15, 2]},
								"south": {"uv": [42, 129], "uv_size": [2, 2]},
								"west": {"uv": [115, 10], "uv_size": [15, 2]},
								"up": {"uv": [65, 114], "uv_size": [2, 15]},
								"down": {"uv": [85, 130], "uv_size": [2, -15]}
							}
						}
					]
				},
				{
					"name": "lid",
					"parent": "ammobox",
					"pivot": [36.5, 8.5, -35],
					"rotation": [0, 0, 4.5],
					"cubes": [
						{
							"origin": [6, 9, -36],
							"size": [30, 1, 15],
							"inflate": 0.25,
							"uv": {
								"north": {"uv": [105, 73], "uv_size": [30, 1]},
								"east": {"uv": [122, 85], "uv_size": [15, 1]},
								"south": {"uv": [108, 17], "uv_size": [30, 1]},
								"west": {"uv": [122, 86], "uv_size": [15, 1]},
								"up": {"uv": [60, 66], "uv_size": [30, 15]},
								"down": {"uv": [0, 90], "uv_size": [30, -15]}
							}
						},
						{
							"origin": [36, 8, -36.5],
							"size": [1, 1, 16],
							"inflate": 0.25,
							"pivot": [36.5, 8.5, -28.5],
							"rotation": [0, 0, 20],
							"uv": {
								"north": {"uv": [114, 131], "uv_size": [1, 1]},
								"east": {"uv": [122, 83], "uv_size": [16, 1]},
								"south": {"uv": [115, 131], "uv_size": [1, 1]},
								"west": {"uv": [122, 84], "uv_size": [16, 1]},
								"up": {"uv": [87, 115], "uv_size": [1, 16]},
								"down": {"uv": [118, 136], "uv_size": [1, -16]}
							}
						}
					]
				},
				{
					"name": "barrel",
					"parent": "gun",
					"pivot": [0, 7, -49.5],
					"cubes": [
						{
							"origin": [-2.5, 4.5, -151.75],
							"size": [5, 5, 80],
							"inflate": -0.25,
							"pivot": [0, 7, -49.5],
							"rotation": [0, 0, 20],
							"uv": {
								"north": {"uv": [84, 56], "uv_size": [5, 5]},
								"east": {"uv": [84, 46], "uv_size": [80, 5]},
								"south": {"uv": [84, 61], "uv_size": [5, 5]},
								"west": {"uv": [84, 51], "uv_size": [80, 5]},
								"up": {"uv": [0, 90], "uv_size": [5, 80]},
								"down": {"uv": [5, 170], "uv_size": [5, -80]}
							}
						}
					]
				},
				{
					"name": "bolt",
					"parent": "gun",
					"pivot": [-1.5, 5.5, -17.5],
					"cubes": [
						{
							"origin": [-4.75, 4, 0.25],
							"size": [6, 2, 2],
							"pivot": [-1.75, 5, 1.25],
							"rotation": [-20, 0, 0],
							"uv": {
								"north": {"uv": [125, 4], "uv_size": [6, 2]},
								"east": {"uv": [129, 20], "uv_size": [2, 2]},
								"south": {"uv": [125, 6], "uv_size": [6, 2]},
								"west": {"uv": [129, 22], "uv_size": [2, 2]},
								"up": {"uv": [125, 8], "uv_size": [6, 2]},
								"down": {"uv": [125, 76], "uv_size": [6, -2]}
							}
						},
						{
							"origin": [-1.5, 4.5, -18.5],
							"size": [3, 1, 19],
							"uv": {
								"north": {"uv": [130, 96], "uv_size": [3, 1]},
								"east": {"uv": [115, 16], "uv_size": [19, 1]},
								"south": {"uv": [130, 97], "uv_size": [3, 1]},
								"west": {"uv": [120, 69], "uv_size": [19, 1]},
								"up": {"uv": [85, 96], "uv_size": [3, 19]},
								"down": {"uv": [106, 129], "uv_size": [3, -19]}
							}
						}
					]
				},
				{
					"name": "handles",
					"parent": "gun",
					"pivot": [-4.56473, 2.5, 24.9663],
					"cubes": [
						{
							"origin": [-1.5, 7, 23],
							"size": [3, 3, 5],
							"pivot": [0, 8.5, 25.5],
							"rotation": [0, 0, 20],
							"uv": {
								"north": {"uv": [125, 78], "uv_size": [3, 3]},
								"east": {"uv": [52, 111], "uv_size": [5, 3]},
								"south": {"uv": [45, 126], "uv_size": [3, 3]},
								"west": {"uv": [122, 87], "uv_size": [5, 3]},
								"up": {"uv": [99, 123], "uv_size": [3, 5]},
								"down": {"uv": [102, 128], "uv_size": [3, -5]}
							}
						},
						{
							"origin": [-3.5, 14, 23],
							"size": [7, 1, 2],
							"uv": {
								"north": {"uv": [127, 88], "uv_size": [7, 1]},
								"east": {"uv": [131, 18], "uv_size": [2, 1]},
								"south": {"uv": [127, 89], "uv_size": [7, 1]},
								"west": {"uv": [131, 19], "uv_size": [2, 1]},
								"up": {"uv": [123, 122], "uv_size": [7, 2]},
								"down": {"uv": [45, 126], "uv_size": [7, -2]}
							}
						},
						{
							"origin": [-3.5, 2, 23],
							"size": [7, 1, 2],
							"uv": {
								"north": {"uv": [127, 93], "uv_size": [7, 1]},
								"east": {"uv": [87, 131], "uv_size": [2, 1]},
								"south": {"uv": [127, 94], "uv_size": [7, 1]},
								"west": {"uv": [89, 131], "uv_size": [2, 1]},
								"up": {"uv": [123, 124], "uv_size": [7, 2]},
								"down": {"uv": [125, 4], "uv_size": [7, -2]}
							}
						},
						{
							"origin": [4.6415, 3, 28.60011],
							"size": [2, 11, 2],
							"pivot": [5.6415, 8.5, 29.60011],
							"rotation": [0, -20, 0],
							"uv": {
								"north": {"uv": [59, 118], "uv_size": [2, 11]},
								"east": {"uv": [112, 120], "uv_size": [2, 11]},
								"south": {"uv": [114, 120], "uv_size": [2, 11]},
								"west": {"uv": [116, 120], "uv_size": [2, 11]},
								"up": {"uv": [52, 129], "uv_size": [2, 2]},
								"down": {"uv": [59, 131], "uv_size": [2, -2]}
							}
						},
						{
							"origin": [4.6415, 4.5, 28.60011],
							"size": [2, 8, 2],
							"inflate": 0.5,
							"pivot": [5.6415, 8.5, 29.60011],
							"rotation": [0, -20, 0],
							"uv": {
								"north": {"uv": [81, 121], "uv_size": [2, 8]},
								"east": {"uv": [83, 121], "uv_size": [2, 8]},
								"south": {"uv": [54, 122], "uv_size": [2, 8]},
								"west": {"uv": [56, 122], "uv_size": [2, 8]},
								"up": {"uv": [129, 126], "uv_size": [2, 2]},
								"down": {"uv": [129, 130], "uv_size": [2, -2]}
							}
						},
						{
							"origin": [-6.6415, 3, 28.60011],
							"size": [2, 11, 2],
							"pivot": [-5.6415, 8.5, 29.60011],
							"rotation": [0, -20, 0],
							"uv": {
								"north": {"uv": [67, 121], "uv_size": [2, 11]},
								"east": {"uv": [69, 121], "uv_size": [2, 11]},
								"south": {"uv": [71, 121], "uv_size": [2, 11]},
								"west": {"uv": [73, 121], "uv_size": [2, 11]},
								"up": {"uv": [65, 129], "uv_size": [2, 2]},
								"down": {"uv": [81, 131], "uv_size": [2, -2]}
							}
						},
						{
							"origin": [-6.6415, 4.5, 28.60011],
							"size": [2, 8, 2],
							"inflate": 0.5,
							"pivot": [-5.6415, 8.5, 29.60011],
							"rotation": [0, -20, 0],
							"uv": {
								"north": {"uv": [119, 122], "uv_size": [2, 8]},
								"east": {"uv": [121, 122], "uv_size": [2, 8]},
								"south": {"uv": [123, 2], "uv_size": [2, 8]},
								"west": {"uv": [97, 123], "uv_size": [2, 8]},
								"up": {"uv": [130, 10], "uv_size": [2, 2]},
								"down": {"uv": [48, 132], "uv_size": [2, -2]}
							}
						},
						{
							"origin": [3.56473, 14, 22.9663],
							"size": [2, 1, 3],
							"inflate": -0.01,
							"pivot": [4.56473, 14.5, 24.9663],
							"rotation": [0, 55, 0],
							"uv": {
								"north": {"uv": [20, 131], "uv_size": [2, 1]},
								"east": {"uv": [130, 98], "uv_size": [3, 1]},
								"south": {"uv": [131, 20], "uv_size": [2, 1]},
								"west": {"uv": [130, 99], "uv_size": [3, 1]},
								"up": {"uv": [77, 128], "uv_size": [2, 3]},
								"down": {"uv": [128, 81], "uv_size": [2, -3]}
							}
						},
						{
							"origin": [4.01776, 14, 25.06275],
							"size": [2, 1, 2],
							"inflate": -0.02,
							"pivot": [5.01776, 14.5, 25.06275],
							"rotation": [0, 20, 0],
							"uv": {
								"north": {"uv": [131, 23], "uv_size": [2, 1]},
								"east": {"uv": [24, 131], "uv_size": [2, 1]},
								"south": {"uv": [28, 131], "uv_size": [2, 1]},
								"west": {"uv": [30, 131], "uv_size": [2, 1]},
								"up": {"uv": [44, 129], "uv_size": [2, 2]},
								"down": {"uv": [46, 131], "uv_size": [2, -2]}
							}
						},
						{
							"origin": [4.6415, 14, 26.60011],
							"size": [2, 1, 4],
							"uv": {
								"north": {"uv": [131, 21], "uv_size": [2, 1]},
								"east": {"uv": [128, 24], "uv_size": [4, 1]},
								"south": {"uv": [131, 22], "uv_size": [2, 1]},
								"west": {"uv": [128, 102], "uv_size": [4, 1]},
								"up": {"uv": [48, 126], "uv_size": [2, 4]},
								"down": {"uv": [50, 130], "uv_size": [2, -4]}
							}
						},
						{
							"origin": [-6.6415, 14, 26.60011],
							"size": [2, 1, 4],
							"uv": {
								"north": {"uv": [44, 131], "uv_size": [2, 1]},
								"east": {"uv": [129, 66], "uv_size": [4, 1]},
								"south": {"uv": [46, 131], "uv_size": [2, 1]},
								"west": {"uv": [129, 67], "uv_size": [4, 1]},
								"up": {"uv": [123, 126], "uv_size": [2, 4]},
								"down": {"uv": [125, 130], "uv_size": [2, -4]}
							}
						},
						{
							"origin": [-6.01776, 14, 25.06275],
							"size": [2, 1, 2],
							"inflate": -0.02,
							"pivot": [-5.01776, 14.5, 25.06275],
							"rotation": [0, -20, 0],
							"uv": {
								"north": {"uv": [36, 131], "uv_size": [2, 1]},
								"east": {"uv": [38, 131], "uv_size": [2, 1]},
								"south": {"uv": [40, 131], "uv_size": [2, 1]},
								"west": {"uv": [42, 131], "uv_size": [2, 1]},
								"up": {"uv": [61, 129], "uv_size": [2, 2]},
								"down": {"uv": [63, 131], "uv_size": [2, -2]}
							}
						},
						{
							"origin": [-5.56473, 14, 22.9663],
							"size": [2, 1, 3],
							"inflate": -0.01,
							"pivot": [-4.56473, 14.5, 24.9663],
							"rotation": [0, -55, 0],
							"uv": {
								"north": {"uv": [32, 131], "uv_size": [2, 1]},
								"east": {"uv": [130, 100], "uv_size": [3, 1]},
								"south": {"uv": [34, 131], "uv_size": [2, 1]},
								"west": {"uv": [101, 130], "uv_size": [3, 1]},
								"up": {"uv": [79, 128], "uv_size": [2, 3]},
								"down": {"uv": [88, 131], "uv_size": [2, -3]}
							}
						},
						{
							"origin": [3.56473, 2, 22.9663],
							"size": [2, 1, 3],
							"inflate": -0.01,
							"pivot": [4.56473, 2.5, 24.9663],
							"rotation": [0, 55, 0],
							"uv": {
								"north": {"uv": [83, 131], "uv_size": [2, 1]},
								"east": {"uv": [130, 106], "uv_size": [3, 1]},
								"south": {"uv": [85, 131], "uv_size": [2, 1]},
								"west": {"uv": [130, 107], "uv_size": [3, 1]},
								"up": {"uv": [128, 97], "uv_size": [2, 3]},
								"down": {"uv": [99, 131], "uv_size": [2, -3]}
							}
						},
						{
							"origin": [4.01776, 2, 25.06275],
							"size": [2, 1, 2],
							"inflate": -0.02,
							"pivot": [5.01776, 2.5, 25.06275],
							"rotation": [0, 20, 0],
							"uv": {
								"north": {"uv": [79, 131], "uv_size": [2, 1]},
								"east": {"uv": [81, 131], "uv_size": [2, 1]},
								"south": {"uv": [131, 81], "uv_size": [2, 1]},
								"west": {"uv": [131, 82], "uv_size": [2, 1]},
								"up": {"uv": [129, 115], "uv_size": [2, 2]},
								"down": {"uv": [129, 119], "uv_size": [2, -2]}
							}
						},
						{
							"origin": [4.6415, 2, 26.60011],
							"size": [2, 1, 4],
							"uv": {
								"north": {"uv": [131, 75], "uv_size": [2, 1]},
								"east": {"uv": [129, 104], "uv_size": [4, 1]},
								"south": {"uv": [77, 131], "uv_size": [2, 1]},
								"west": {"uv": [129, 114], "uv_size": [4, 1]},
								"up": {"uv": [14, 127], "uv_size": [2, 4]},
								"down": {"uv": [16, 131], "uv_size": [2, -4]}
							}
						},
						{
							"origin": [-6.01776, 2, 25.06275],
							"size": [2, 1, 2],
							"inflate": -0.02,
							"pivot": [-5.01776, 2.5, 25.06275],
							"rotation": [0, -20, 0],
							"uv": {
								"north": {"uv": [61, 131], "uv_size": [2, 1]},
								"east": {"uv": [63, 131], "uv_size": [2, 1]},
								"south": {"uv": [65, 131], "uv_size": [2, 1]},
								"west": {"uv": [131, 74], "uv_size": [2, 1]},
								"up": {"uv": [83, 129], "uv_size": [2, 2]},
								"down": {"uv": [106, 131], "uv_size": [2, -2]}
							}
						},
						{
							"origin": [-6.6415, 2, 26.60011],
							"size": [2, 1, 4],
							"uv": {
								"north": {"uv": [56, 131], "uv_size": [2, 1]},
								"east": {"uv": [129, 68], "uv_size": [4, 1]},
								"south": {"uv": [59, 131], "uv_size": [2, 1]},
								"west": {"uv": [129, 103], "uv_size": [4, 1]},
								"up": {"uv": [10, 127], "uv_size": [2, 4]},
								"down": {"uv": [12, 131], "uv_size": [2, -4]}
							}
						},
						{
							"origin": [-5.56473, 2, 22.9663],
							"size": [2, 1, 3],
							"inflate": -0.01,
							"pivot": [-4.56473, 2.5, 24.9663],
							"rotation": [0, -55, 0],
							"uv": {
								"north": {"uv": [52, 131], "uv_size": [2, 1]},
								"east": {"uv": [130, 101], "uv_size": [3, 1]},
								"south": {"uv": [54, 131], "uv_size": [2, 1]},
								"west": {"uv": [130, 105], "uv_size": [3, 1]},
								"up": {"uv": [90, 128], "uv_size": [2, 3]},
								"down": {"uv": [92, 131], "uv_size": [2, -3]}
							}
						}
					]
				},
				{
					"name": "link1",
					"parent": "gun",
					"pivot": [3, -0.25, -29.5],
					"cubes": [
						{
							"origin": [3.75, 10.25, -33.5],
							"size": [1, 1, 10],
							"inflate": 0.35,
							"pivot": [4.25, 10.75, -28.5],
							"rotation": [0, 0, 20],
							"uv": {
								"north": {"uv": [131, 115], "uv_size": [1, 1]},
								"east": {"uv": [125, 76], "uv_size": [10, 1]},
								"south": {"uv": [116, 131], "uv_size": [1, 1]},
								"west": {"uv": [125, 77], "uv_size": [10, 1]},
								"up": {"uv": [89, 56], "uv_size": [1, 10]},
								"down": {"uv": [58, 132], "uv_size": [1, -10]}
							}
						},
						{
							"origin": [2.5, 10.25, -30.5],
							"size": [2, 1, 4],
							"uv": {
								"north": {"uv": [91, 131], "uv_size": [2, 1]},
								"east": {"uv": [129, 119], "uv_size": [4, 1]},
								"south": {"uv": [97, 131], "uv_size": [2, 1]},
								"west": {"uv": [54, 130], "uv_size": [4, 1]},
								"up": {"uv": [18, 127], "uv_size": [2, 4]},
								"down": {"uv": [20, 131], "uv_size": [2, -4]}
							}
						}
					]
				},
				{
					"name": "link2",
					"parent": "link1",
					"pivot": [5.5, 10.75, -29.5],
					"rotation": [0, 0, 15],
					"cubes": [
						{
							"origin": [6.25, 10.25, -33.5],
							"size": [1, 1, 10],
							"inflate": 0.35,
							"pivot": [6.75, 10.75, -28.5],
							"rotation": [0, 0, 20],
							"uv": {
								"north": {"uv": [131, 115], "uv_size": [1, 1]},
								"east": {"uv": [125, 76], "uv_size": [10, 1]},
								"south": {"uv": [116, 131], "uv_size": [1, 1]},
								"west": {"uv": [125, 77], "uv_size": [10, 1]},
								"up": {"uv": [89, 56], "uv_size": [1, 10]},
								"down": {"uv": [58, 132], "uv_size": [1, -10]}
							}
						},
						{
							"origin": [5, 10.25, -30.5],
							"size": [2, 1, 4],
							"uv": {
								"north": {"uv": [91, 131], "uv_size": [2, 1]},
								"east": {"uv": [129, 119], "uv_size": [4, 1]},
								"south": {"uv": [97, 131], "uv_size": [2, 1]},
								"west": {"uv": [54, 130], "uv_size": [4, 1]},
								"up": {"uv": [18, 127], "uv_size": [2, 4]},
								"down": {"uv": [20, 131], "uv_size": [2, -4]}
							}
						}
					]
				},
				{
					"name": "link3",
					"parent": "link2",
					"pivot": [8, 10.75, -29.5],
					"rotation": [0, 0, 12.5],
					"cubes": [
						{
							"origin": [8.75, 10.25, -33.5],
							"size": [1, 1, 10],
							"inflate": 0.35,
							"pivot": [9.25, 10.75, -28.5],
							"rotation": [0, 0, 20],
							"uv": {
								"north": {"uv": [131, 115], "uv_size": [1, 1]},
								"east": {"uv": [125, 76], "uv_size": [10, 1]},
								"south": {"uv": [116, 131], "uv_size": [1, 1]},
								"west": {"uv": [125, 77], "uv_size": [10, 1]},
								"up": {"uv": [89, 56], "uv_size": [1, 10]},
								"down": {"uv": [58, 132], "uv_size": [1, -10]}
							}
						},
						{
							"origin": [7.5, 10.25, -30.5],
							"size": [2, 1, 4],
							"uv": {
								"north": {"uv": [91, 131], "uv_size": [2, 1]},
								"east": {"uv": [129, 119], "uv_size": [4, 1]},
								"south": {"uv": [97, 131], "uv_size": [2, 1]},
								"west": {"uv": [54, 130], "uv_size": [4, 1]},
								"up": {"uv": [18, 127], "uv_size": [2, 4]},
								"down": {"uv": [20, 131], "uv_size": [2, -4]}
							}
						}
					]
				},
				{
					"name": "link4",
					"parent": "link3",
					"pivot": [10.5, 10.75, -29.5],
					"rotation": [0, 0, 22.5],
					"cubes": [
						{
							"origin": [11.25, 10.25, -33.5],
							"size": [1, 1, 10],
							"inflate": 0.35,
							"pivot": [11.75, 10.75, -28.5],
							"rotation": [0, 0, 20],
							"uv": {
								"north": {"uv": [131, 115], "uv_size": [1, 1]},
								"east": {"uv": [125, 76], "uv_size": [10, 1]},
								"south": {"uv": [116, 131], "uv_size": [1, 1]},
								"west": {"uv": [125, 77], "uv_size": [10, 1]},
								"up": {"uv": [89, 56], "uv_size": [1, 10]},
								"down": {"uv": [58, 132], "uv_size": [1, -10]}
							}
						},
						{
							"origin": [10, 10.25, -30.5],
							"size": [2, 1, 4],
							"uv": {
								"north": {"uv": [91, 131], "uv_size": [2, 1]},
								"east": {"uv": [129, 119], "uv_size": [4, 1]},
								"south": {"uv": [97, 131], "uv_size": [2, 1]},
								"west": {"uv": [54, 130], "uv_size": [4, 1]},
								"up": {"uv": [18, 127], "uv_size": [2, 4]},
								"down": {"uv": [20, 131], "uv_size": [2, -4]}
							}
						}
					]
				},
				{
					"name": "link5",
					"parent": "link4",
					"pivot": [13, 10.75, -29.5],
					"cubes": [
						{
							"origin": [13.75, 10.25, -33.5],
							"size": [1, 1, 10],
							"inflate": 0.35,
							"pivot": [14.25, 10.75, -28.5],
							"rotation": [0, 0, 20],
							"uv": {
								"north": {"uv": [131, 115], "uv_size": [1, 1]},
								"east": {"uv": [125, 76], "uv_size": [10, 1]},
								"south": {"uv": [116, 131], "uv_size": [1, 1]},
								"west": {"uv": [125, 77], "uv_size": [10, 1]},
								"up": {"uv": [89, 56], "uv_size": [1, 10]},
								"down": {"uv": [58, 132], "uv_size": [1, -10]}
							}
						},
						{
							"origin": [12.5, 10.25, -30.5],
							"size": [2, 1, 4],
							"uv": {
								"north": {"uv": [91, 131], "uv_size": [2, 1]},
								"east": {"uv": [129, 119], "uv_size": [4, 1]},
								"south": {"uv": [97, 131], "uv_size": [2, 1]},
								"west": {"uv": [54, 130], "uv_size": [4, 1]},
								"up": {"uv": [18, 127], "uv_size": [2, 4]},
								"down": {"uv": [20, 131], "uv_size": [2, -4]}
							}
						}
					]
				},
				{
					"name": "link6",
					"parent": "link5",
					"pivot": [15.5, 10.75, -29.5],
					"cubes": [
						{
							"origin": [16.25, 10.25, -33.5],
							"size": [1, 1, 10],
							"inflate": 0.35,
							"pivot": [16.75, 10.75, -28.5],
							"rotation": [0, 0, 20],
							"uv": {
								"north": {"uv": [131, 115], "uv_size": [1, 1]},
								"east": {"uv": [125, 76], "uv_size": [10, 1]},
								"south": {"uv": [116, 131], "uv_size": [1, 1]},
								"west": {"uv": [125, 77], "uv_size": [10, 1]},
								"up": {"uv": [89, 56], "uv_size": [1, 10]},
								"down": {"uv": [58, 132], "uv_size": [1, -10]}
							}
						},
						{
							"origin": [15, 10.25, -30.5],
							"size": [2, 1, 4],
							"uv": {
								"north": {"uv": [91, 131], "uv_size": [2, 1]},
								"east": {"uv": [129, 119], "uv_size": [4, 1]},
								"south": {"uv": [97, 131], "uv_size": [2, 1]},
								"west": {"uv": [54, 130], "uv_size": [4, 1]},
								"up": {"uv": [18, 127], "uv_size": [2, 4]},
								"down": {"uv": [20, 131], "uv_size": [2, -4]}
							}
						}
					]
				},
				{
					"name": "muzzleflash",
					"parent": "main",
					"pivot": [0, 7.1, -151.5],
					"cubes": [
						{
							"origin": [-0.5, 6.6, -151.8],
							"size": [1, 1, 1],
							"inflate": -0.4,
							"uv": {
								"north": {"uv": [46, 63], "uv_size": [1, 1]},
								"east": {"uv": [45, 63], "uv_size": [1, 1]},
								"south": {"uv": [48, 63], "uv_size": [1, 1]},
								"west": {"uv": [47, 63], "uv_size": [1, 1]},
								"up": {"uv": [46, 62], "uv_size": [1, 1]},
								"down": {"uv": [47, 63], "uv_size": [1, -1]}
							}
						}
					]
				},
				{
					"name": "rightarm",
					"parent": "main",
					"pivot": [-12.3, -20.2, 6.8],
					"rotation": [-90.42573, -13.91546, 2.4237],
					"cubes": [
						{"origin": [-6.41759, 0.52769, -26.25742], "size": [8, 24, 8], "uv": [24, 24]}
					]
				},
				{
					"name": "leftarm",
					"parent": "main",
					"pivot": [12.3, -20.2, 6.8],
					"rotation": [-90.42573, 13.91546, -2.4237],
					"cubes": [
						{"origin": [-1.58241, 0.52769, -26.25742], "size": [8, 24, 8], "uv": [0, 0]}
					]
				}
			]
		}
	]
}