{
	"format_version": "1.12.0",
	"minecraft:geometry": [
		{
			"description": {
				"identifier": "geometry.unknown",
				"texture_width": 128,
				"texture_height": 128,
				"visible_bounds_width": 13,
				"visible_bounds_height": 3.5,
				"visible_bounds_offset": [0, 1.25, 0]
			},
			"bones": [
				{
					"name": "main",
					"pivot": [0, 21, 0]
				},
				{
					"name": "gun",
					"parent": "main",
					"pivot": [0, 0, 0]
				},
				{
					"name": "magazine",
					"parent": "gun",
					"pivot": [0, 0, -0.5],
					"cubes": [
						{
							"origin": [-15, -3, -28.5],
							"size": [29, 21, 11],
							"uv": {
								"north": {"uv": [0, 0], "uv_size": [29, 21]},
								"east": {"uv": [29, 36], "uv_size": [11, 21]},
								"south": {"uv": [0, 21], "uv_size": [29, 21]},
								"west": {"uv": [40, 36], "uv_size": [11, 21]},
								"up": {"uv": [29, 0], "uv_size": [29, 11]},
								"down": {"uv": [29, 22], "uv_size": [29, -11]}
							}
						},
						{
							"origin": [2, 17.5, -25],
							"size": [1, 1, 2],
							"pivot": [2.5, 18, -24],
							"rotation": [0, 0, 15],
							"uv": {
								"north": {"uv": [117, 31], "uv_size": [1, 1]},
								"east": {"uv": [24, 116], "uv_size": [2, 1]},
								"south": {"uv": [32, 117], "uv_size": [1, 1]},
								"west": {"uv": [116, 27], "uv_size": [2, 1]},
								"up": {"uv": [28, 116], "uv_size": [1, 2]},
								"down": {"uv": [29, 118], "uv_size": [1, -2]}
							}
						},
						{
							"origin": [2, 17.5, -22],
							"size": [1, 1, 2],
							"pivot": [2.5, 18, -21],
							"rotation": [0, 0, 15],
							"uv": {
								"north": {"uv": [117, 32], "uv_size": [1, 1]},
								"east": {"uv": [116, 28], "uv_size": [2, 1]},
								"south": {"uv": [117, 33], "uv_size": [1, 1]},
								"west": {"uv": [31, 116], "uv_size": [2, 1]},
								"up": {"uv": [116, 32], "uv_size": [1, 2]},
								"down": {"uv": [33, 118], "uv_size": [1, -2]}
							}
						}
					]
				},
				{
					"name": "magflap",
					"parent": "magazine",
					"pivot": [-13.2, 18, -23.5],
					"rotation": [0, 0, -55],
					"cubes": [
						{
							"origin": [-13.3, 17.25, -28.5],
							"size": [4, 1, 11],
							"inflate": -0.1,
							"uv": {
								"north": {"uv": [114, 44], "uv_size": [4, 1]},
								"east": {"uv": [101, 43], "uv_size": [11, 1]},
								"south": {"uv": [114, 45], "uv_size": [4, 1]},
								"west": {"uv": [102, 67], "uv_size": [11, 1]},
								"up": {"uv": [22, 77], "uv_size": [4, 11]},
								"down": {"uv": [77, 51], "uv_size": [4, -11]}
							}
						}
					]
				},
				{
					"name": "link1",
					"parent": "magazine",
					"pivot": [-11.5, 16.5, -23],
					"cubes": [
						{
							"origin": [-12, 16, -26.5],
							"size": [1, 1, 7],
							"inflate": 0.2,
							"pivot": [-11.5, 16.5, -23],
							"rotation": [0, 0, -20],
							"uv": {
								"north": {"uv": [56, 117], "uv_size": [1, 1]},
								"east": {"uv": [110, 34], "uv_size": [7, 1]},
								"south": {"uv": [57, 117], "uv_size": [1, 1]},
								"west": {"uv": [110, 50], "uv_size": [7, 1]},
								"up": {"uv": [57, 110], "uv_size": [1, 7]},
								"down": {"uv": [59, 117], "uv_size": [1, -7]}
							}
						}
					]
				},
				{
					"name": "link2",
					"parent": "link1",
					"pivot": [-10.5, 18.5, -23],
					"cubes": [
						{
							"origin": [-11, 18, -26.5],
							"size": [1, 1, 7],
							"inflate": 0.2,
							"pivot": [-10.5, 18.5, -23],
							"rotation": [0, 0, -20],
							"uv": {
								"north": {"uv": [56, 117], "uv_size": [1, 1]},
								"east": {"uv": [110, 34], "uv_size": [7, 1]},
								"south": {"uv": [57, 117], "uv_size": [1, 1]},
								"west": {"uv": [110, 50], "uv_size": [7, 1]},
								"up": {"uv": [57, 110], "uv_size": [1, 7]},
								"down": {"uv": [59, 117], "uv_size": [1, -7]}
							}
						}
					]
				},
				{
					"name": "link3",
					"parent": "link2",
					"pivot": [-8.5, 19, -23],
					"cubes": [
						{
							"origin": [-9, 18.5, -26.5],
							"size": [1, 1, 7],
							"inflate": 0.2,
							"pivot": [-8.5, 19, -23],
							"rotation": [0, 0, -20],
							"uv": {
								"north": {"uv": [56, 117], "uv_size": [1, 1]},
								"east": {"uv": [110, 34], "uv_size": [7, 1]},
								"south": {"uv": [57, 117], "uv_size": [1, 1]},
								"west": {"uv": [110, 50], "uv_size": [7, 1]},
								"up": {"uv": [57, 110], "uv_size": [1, 7]},
								"down": {"uv": [59, 117], "uv_size": [1, -7]}
							}
						}
					]
				},
				{
					"name": "link4",
					"parent": "link3",
					"pivot": [-6.75, 20, -23],
					"cubes": [
						{
							"origin": [-7.25, 19.5, -26.5],
							"size": [1, 1, 7],
							"inflate": 0.2,
							"pivot": [-6.75, 20, -23],
							"rotation": [0, 0, -20],
							"uv": {
								"north": {"uv": [56, 117], "uv_size": [1, 1]},
								"east": {"uv": [110, 34], "uv_size": [7, 1]},
								"south": {"uv": [57, 117], "uv_size": [1, 1]},
								"west": {"uv": [110, 50], "uv_size": [7, 1]},
								"up": {"uv": [57, 110], "uv_size": [1, 7]},
								"down": {"uv": [59, 117], "uv_size": [1, -7]}
							}
						}
					]
				},
				{
					"name": "link5",
					"parent": "link4",
					"pivot": [-6, 21.75, -23],
					"cubes": [
						{
							"origin": [-6.5, 21.25, -26.5],
							"size": [1, 1, 7],
							"inflate": 0.2,
							"pivot": [-6, 21.75, -23],
							"rotation": [0, 0, -20],
							"uv": {
								"north": {"uv": [56, 117], "uv_size": [1, 1]},
								"east": {"uv": [110, 34], "uv_size": [7, 1]},
								"south": {"uv": [57, 117], "uv_size": [1, 1]},
								"west": {"uv": [110, 50], "uv_size": [7, 1]},
								"up": {"uv": [57, 110], "uv_size": [1, 7]},
								"down": {"uv": [59, 117], "uv_size": [1, -7]}
							}
						}
					]
				},
				{
					"name": "link6",
					"parent": "link5",
					"pivot": [-5.6, 23.5, -23],
					"cubes": [
						{
							"origin": [-6.1, 23, -26.5],
							"size": [1, 1, 7],
							"inflate": 0.2,
							"pivot": [-5.6, 23.5, -23],
							"rotation": [0, 0, -20],
							"uv": {
								"north": {"uv": [56, 117], "uv_size": [1, 1]},
								"east": {"uv": [110, 34], "uv_size": [7, 1]},
								"south": {"uv": [57, 117], "uv_size": [1, 1]},
								"west": {"uv": [110, 50], "uv_size": [7, 1]},
								"up": {"uv": [57, 110], "uv_size": [1, 7]},
								"down": {"uv": [59, 117], "uv_size": [1, -7]}
							}
						}
					]
				},
				{
					"name": "link7",
					"parent": "link6",
					"pivot": [-5.4, 25.25, -23],
					"cubes": [
						{
							"origin": [-5.9, 24.75, -26.5],
							"size": [1, 1, 7],
							"inflate": 0.2,
							"pivot": [-5.4, 25.25, -23],
							"rotation": [0, 0, -20],
							"uv": {
								"north": {"uv": [56, 117], "uv_size": [1, 1]},
								"east": {"uv": [110, 34], "uv_size": [7, 1]},
								"south": {"uv": [57, 117], "uv_size": [1, 1]},
								"west": {"uv": [110, 50], "uv_size": [7, 1]},
								"up": {"uv": [57, 110], "uv_size": [1, 7]},
								"down": {"uv": [59, 117], "uv_size": [1, -7]}
							}
						}
					]
				},
				{
					"name": "link8",
					"parent": "link7",
					"pivot": [-5.3, 27, -23],
					"cubes": [
						{
							"origin": [-5.8, 26.5, -26.5],
							"size": [1, 1, 7],
							"inflate": 0.2,
							"pivot": [-5.3, 27, -23],
							"rotation": [0, 0, -20],
							"uv": {
								"north": {"uv": [56, 117], "uv_size": [1, 1]},
								"east": {"uv": [110, 34], "uv_size": [7, 1]},
								"south": {"uv": [57, 117], "uv_size": [1, 1]},
								"west": {"uv": [110, 50], "uv_size": [7, 1]},
								"up": {"uv": [57, 110], "uv_size": [1, 7]},
								"down": {"uv": [59, 117], "uv_size": [1, -7]}
							}
						}
					]
				},
				{
					"name": "link9",
					"parent": "link8",
					"pivot": [-4.7, 28.5, -23],
					"cubes": [
						{
							"origin": [-5.2, 28, -26.5],
							"size": [1, 1, 7],
							"inflate": 0.2,
							"pivot": [-4.7, 28.5, -23],
							"rotation": [0, 0, -20],
							"uv": {
								"north": {"uv": [56, 117], "uv_size": [1, 1]},
								"east": {"uv": [110, 34], "uv_size": [7, 1]},
								"south": {"uv": [57, 117], "uv_size": [1, 1]},
								"west": {"uv": [110, 50], "uv_size": [7, 1]},
								"up": {"uv": [57, 110], "uv_size": [1, 7]},
								"down": {"uv": [59, 117], "uv_size": [1, -7]}
							}
						}
					]
				},
				{
					"name": "link10",
					"parent": "link9",
					"pivot": [-3.3, 28.65, -23],
					"cubes": [
						{
							"origin": [-3.8, 28.15, -26.5],
							"size": [1, 1, 7],
							"inflate": 0.2,
							"pivot": [-3.3, 28.65, -23],
							"rotation": [0, 0, -20],
							"uv": {
								"north": {"uv": [56, 117], "uv_size": [1, 1]},
								"east": {"uv": [110, 34], "uv_size": [7, 1]},
								"south": {"uv": [57, 117], "uv_size": [1, 1]},
								"west": {"uv": [110, 50], "uv_size": [7, 1]},
								"up": {"uv": [57, 110], "uv_size": [1, 7]},
								"down": {"uv": [59, 117], "uv_size": [1, -7]}
							}
						}
					]
				},
				{
					"name": "link11",
					"parent": "link10",
					"pivot": [-1.85, 28.65, -23],
					"cubes": [
						{
							"origin": [-2.35, 28.15, -26.5],
							"size": [1, 1, 7],
							"inflate": 0.2,
							"pivot": [-1.85, 28.65, -23],
							"rotation": [0, 0, -20],
							"uv": {
								"north": {"uv": [56, 117], "uv_size": [1, 1]},
								"east": {"uv": [110, 34], "uv_size": [7, 1]},
								"south": {"uv": [57, 117], "uv_size": [1, 1]},
								"west": {"uv": [110, 50], "uv_size": [7, 1]},
								"up": {"uv": [57, 110], "uv_size": [1, 7]},
								"down": {"uv": [59, 117], "uv_size": [1, -7]}
							}
						}
					]
				},
				{
					"name": "link12",
					"parent": "link11",
					"pivot": [-0.3, 28.7, -23],
					"cubes": [
						{
							"origin": [-0.8, 28.2, -26.5],
							"size": [1, 1, 7],
							"inflate": 0.2,
							"pivot": [-0.3, 28.7, -23],
							"rotation": [0, 0, -20],
							"uv": {
								"north": {"uv": [56, 117], "uv_size": [1, 1]},
								"east": {"uv": [110, 34], "uv_size": [7, 1]},
								"south": {"uv": [57, 117], "uv_size": [1, 1]},
								"west": {"uv": [110, 50], "uv_size": [7, 1]},
								"up": {"uv": [57, 110], "uv_size": [1, 7]},
								"down": {"uv": [59, 117], "uv_size": [1, -7]}
							}
						}
					]
				},
				{
					"name": "handle",
					"parent": "gun",
					"pivot": [-0.25, 25, -39],
					"rotation": [0, 0, 62.5],
					"cubes": [
						{
							"origin": [-1, 24, -41.75],
							"size": [2, 2, 5.5],
							"inflate": 0.25,
							"pivot": [-0.25, 25, -55],
							"rotation": [0, 0, 15],
							"uv": {
								"north": {"uv": [33, 114], "uv_size": [2, 2]},
								"east": {"uv": [103, 24], "uv_size": [6, 2]},
								"south": {"uv": [114, 41], "uv_size": [2, 2]},
								"west": {"uv": [103, 54], "uv_size": [6, 2]},
								"up": {"uv": [41, 104], "uv_size": [2, 6]},
								"down": {"uv": [14, 111], "uv_size": [2, -6]}
							}
						},
						{
							"origin": [-0.5, 26, -40.25],
							"size": [1, 2, 4],
							"inflate": 0.001,
							"uv": {
								"north": {"uv": [15, 116], "uv_size": [1, 2]},
								"east": {"uv": [110, 32], "uv_size": [4, 2]},
								"south": {"uv": [116, 15], "uv_size": [1, 2]},
								"west": {"uv": [110, 40], "uv_size": [4, 2]},
								"up": {"uv": [2, 113], "uv_size": [1, 4]},
								"down": {"uv": [14, 117], "uv_size": [1, -4]}
							}
						},
						{
							"origin": [-0.5, 29.76777, -36.48223],
							"size": [1, 5, 2],
							"inflate": 0.001,
							"uv": {
								"north": {"uv": [27, 112], "uv_size": [1, 5]},
								"east": {"uv": [77, 105], "uv_size": [2, 5]},
								"south": {"uv": [52, 112], "uv_size": [1, 5]},
								"west": {"uv": [79, 105], "uv_size": [2, 5]},
								"up": {"uv": [116, 19], "uv_size": [1, 2]},
								"down": {"uv": [21, 118], "uv_size": [1, -2]}
							}
						},
						{
							"origin": [-0.5, 28.62853, -37.33394],
							"size": [1, 7.5, 2],
							"inflate": 0.002,
							"pivot": [-0.5, 32.12853, -36.33394],
							"rotation": [-20, 0, 0],
							"uv": {
								"north": {"uv": [93, 109], "uv_size": [1, 8]},
								"east": {"uv": [41, 96], "uv_size": [2, 8]},
								"south": {"uv": [11, 110], "uv_size": [1, 8]},
								"west": {"uv": [61, 96], "uv_size": [2, 8]},
								"up": {"uv": [116, 21], "uv_size": [1, 2]},
								"down": {"uv": [22, 118], "uv_size": [1, -2]}
							}
						},
						{
							"origin": [-0.5, 28.25736, -42.49264],
							"size": [1, 4, 2],
							"pivot": [-0.5, 23.75736, -40.49264],
							"rotation": [-45, 0, 0],
							"uv": {
								"north": {"uv": [10, 114], "uv_size": [1, 4]},
								"east": {"uv": [41, 110], "uv_size": [2, 4]},
								"south": {"uv": [19, 114], "uv_size": [1, 4]},
								"west": {"uv": [43, 110], "uv_size": [2, 4]},
								"up": {"uv": [16, 116], "uv_size": [1, 2]},
								"down": {"uv": [17, 118], "uv_size": [1, -2]}
							}
						},
						{
							"origin": [-0.5, 28.34315, -45.07843],
							"size": [1, 3, 2],
							"inflate": -0.001,
							"pivot": [-0.5, 22.34315, -43.07843],
							"rotation": [-45, 0, 0],
							"uv": {
								"north": {"uv": [69, 114], "uv_size": [1, 3]},
								"east": {"uv": [15, 112], "uv_size": [2, 3]},
								"south": {"uv": [72, 114], "uv_size": [1, 3]},
								"west": {"uv": [112, 15], "uv_size": [2, 3]},
								"up": {"uv": [116, 17], "uv_size": [1, 2]},
								"down": {"uv": [18, 118], "uv_size": [1, -2]}
							}
						},
						{
							"origin": [-1, 30.46016, -28.37563],
							"size": [2, 12, 3.5],
							"pivot": [0, 38.96016, -27.87563],
							"rotation": [-70, 0, 0],
							"uv": {
								"north": {"uv": [22, 88], "uv_size": [2, 12]},
								"east": {"uv": [57, 68], "uv_size": [4, 12]},
								"south": {"uv": [24, 88], "uv_size": [2, 12]},
								"west": {"uv": [68, 57], "uv_size": [4, 12]},
								"up": {"uv": [45, 110], "uv_size": [2, 4]},
								"down": {"uv": [110, 50], "uv_size": [2, -4]}
							}
						}
					]
				},
				{
					"name": "bipod",
					"parent": "gun",
					"pivot": [0, 20.25, -65.5],
					"cubes": [
						{
							"origin": [-1.5, 19.2, -66.5],
							"size": [3, 2, 2],
							"inflate": -0.3,
							"uv": {
								"north": {"uv": [111, 97], "uv_size": [3, 2]},
								"east": {"uv": [114, 19], "uv_size": [2, 2]},
								"south": {"uv": [112, 3], "uv_size": [3, 2]},
								"west": {"uv": [114, 21], "uv_size": [2, 2]},
								"up": {"uv": [8, 112], "uv_size": [3, 2]},
								"down": {"uv": [112, 15], "uv_size": [3, -2]}
							}
						}
					]
				},
				{
					"name": "leg",
					"parent": "bipod",
					"pivot": [0.3, 20, -65.5],
					"rotation": [0, 0, -20],
					"cubes": [
						{
							"origin": [0.13107, -7.78368, -67.5],
							"size": [2, 1, 4],
							"pivot": [1.4, -7.35, -65.5],
							"rotation": [0, 0, 15],
							"uv": {
								"north": {"uv": [115, 111], "uv_size": [2, 1]},
								"east": {"uv": [113, 73], "uv_size": [4, 1]},
								"south": {"uv": [116, 2], "uv_size": [2, 1]},
								"west": {"uv": [114, 23], "uv_size": [4, 1]},
								"up": {"uv": [28, 109], "uv_size": [2, 4]},
								"down": {"uv": [88, 113], "uv_size": [2, -4]}
							}
						},
						{
							"origin": [-0.15, -7.5, -66.5],
							"size": [2, 28, 2],
							"inflate": -0.25,
							"uv": {
								"north": {"uv": [64, 57], "uv_size": [2, 28]},
								"east": {"uv": [14, 66], "uv_size": [2, 28]},
								"south": {"uv": [16, 66], "uv_size": [2, 28]},
								"west": {"uv": [18, 66], "uv_size": [2, 28]},
								"up": {"uv": [24, 114], "uv_size": [2, 2]},
								"down": {"uv": [114, 29], "uv_size": [2, -2]}
							}
						},
						{
							"origin": [1.3, 12, -66],
							"size": [1, 8, 1],
							"uv": {
								"north": {"uv": [38, 107], "uv_size": [1, 8]},
								"east": {"uv": [62, 107], "uv_size": [1, 8]},
								"south": {"uv": [70, 108], "uv_size": [1, 8]},
								"west": {"uv": [74, 108], "uv_size": [1, 8]},
								"up": {"uv": [117, 29], "uv_size": [1, 1]},
								"down": {"uv": [30, 118], "uv_size": [1, -1]}
							}
						}
					]
				},
				{
					"name": "leg2",
					"parent": "bipod",
					"pivot": [-0.3, 20, -65.5],
					"rotation": [0, 0, 20],
					"cubes": [
						{
							"origin": [-2.13107, -7.78368, -67.5],
							"size": [2, 1, 4],
							"pivot": [-1.4, -7.35, -65.5],
							"rotation": [0, 0, -15],
							"uv": {
								"north": {"uv": [8, 116], "uv_size": [2, 1]},
								"east": {"uv": [114, 40], "uv_size": [4, 1]},
								"south": {"uv": [12, 116], "uv_size": [2, 1]},
								"west": {"uv": [41, 114], "uv_size": [4, 1]},
								"up": {"uv": [32, 110], "uv_size": [2, 4]},
								"down": {"uv": [34, 114], "uv_size": [2, -4]}
							}
						},
						{
							"origin": [-2.55, 12, -66],
							"size": [1, 8, 1],
							"uv": {
								"north": {"uv": [4, 109], "uv_size": [1, 8]},
								"east": {"uv": [30, 109], "uv_size": [1, 8]},
								"south": {"uv": [90, 109], "uv_size": [1, 8]},
								"west": {"uv": [92, 109], "uv_size": [1, 8]},
								"up": {"uv": [117, 30], "uv_size": [1, 1]},
								"down": {"uv": [31, 118], "uv_size": [1, -1]}
							}
						},
						{
							"origin": [-1.85, -7.5, -66.5],
							"size": [2, 28, 2],
							"inflate": -0.25,
							"uv": {
								"north": {"uv": [20, 66], "uv_size": [2, 28]},
								"east": {"uv": [66, 57], "uv_size": [2, 28]},
								"south": {"uv": [40, 68], "uv_size": [2, 28]},
								"west": {"uv": [42, 68], "uv_size": [2, 28]},
								"up": {"uv": [31, 114], "uv_size": [2, 2]},
								"down": {"uv": [114, 34], "uv_size": [2, -2]}
							}
						}
					]
				},
				{
					"name": "barrel",
					"parent": "gun",
					"pivot": [0, 0, 0],
					"cubes": [
						{
							"origin": [-1.5, 19.5, -42],
							"size": [3, 4, 6],
							"uv": {
								"north": {"uv": [28, 102], "uv_size": [3, 4]},
								"east": {"uv": [88, 5], "uv_size": [6, 4]},
								"south": {"uv": [55, 103], "uv_size": [3, 4]},
								"west": {"uv": [32, 88], "uv_size": [6, 4]},
								"up": {"uv": [91, 94], "uv_size": [3, 6]},
								"down": {"uv": [94, 100], "uv_size": [3, -6]}
							}
						},
						{
							"origin": [-1.5, 19.5, -49],
							"size": [3, 3, 7],
							"uv": {
								"north": {"uv": [18, 107], "uv_size": [3, 3]},
								"east": {"uv": [89, 68], "uv_size": [7, 3]},
								"south": {"uv": [107, 18], "uv_size": [3, 3]},
								"west": {"uv": [89, 71], "uv_size": [7, 3]},
								"up": {"uv": [89, 74], "uv_size": [3, 7]},
								"down": {"uv": [90, 20], "uv_size": [3, -7]}
							}
						},
						{
							"origin": [-1.5, 19.5, -71],
							"size": [3, 3, 7],
							"pivot": [0, 21, -67.5],
							"rotation": [0, 0, 15],
							"uv": {
								"north": {"uv": [107, 91], "uv_size": [3, 3]},
								"east": {"uv": [91, 91], "uv_size": [7, 3]},
								"south": {"uv": [95, 107], "uv_size": [3, 3]},
								"west": {"uv": [0, 92], "uv_size": [7, 3]},
								"up": {"uv": [7, 92], "uv_size": [3, 7]},
								"down": {"uv": [92, 27], "uv_size": [3, -7]}
							}
						},
						{
							"origin": [-1.5, 19.5, -73.5],
							"size": [3, 3, 2.5],
							"uv": {
								"north": {"uv": [107, 32], "uv_size": [3, 3]},
								"east": {"uv": [34, 107], "uv_size": [3, 3]},
								"south": {"uv": [45, 107], "uv_size": [3, 3]},
								"west": {"uv": [48, 107], "uv_size": [3, 3]},
								"up": {"uv": [55, 107], "uv_size": [3, 3]},
								"down": {"uv": [59, 110], "uv_size": [3, -3]}
							}
						},
						{
							"origin": [-1.5, 19.7685, -74.15015],
							"size": [3, 5, 2.5],
							"inflate": -0.001,
							"pivot": [0, 21.2685, -73.15015],
							"rotation": [22.5, 0, 0],
							"uv": {
								"north": {"uv": [55, 98], "uv_size": [3, 5]},
								"east": {"uv": [88, 98], "uv_size": [3, 5]},
								"south": {"uv": [7, 99], "uv_size": [3, 5]},
								"west": {"uv": [19, 99], "uv_size": [3, 5]},
								"up": {"uv": [107, 99], "uv_size": [3, 3]},
								"down": {"uv": [107, 105], "uv_size": [3, -3]}
							}
						},
						{
							"origin": [-1.5, 23.5, -76],
							"size": [3, 3, 4],
							"uv": {
								"north": {"uv": [65, 107], "uv_size": [3, 3]},
								"east": {"uv": [104, 94], "uv_size": [4, 3]},
								"south": {"uv": [107, 70], "uv_size": [3, 3]},
								"west": {"uv": [105, 0], "uv_size": [4, 3]},
								"up": {"uv": [72, 104], "uv_size": [3, 4]},
								"down": {"uv": [105, 17], "uv_size": [3, -4]}
							}
						},
						{
							"origin": [-1, 24, -107],
							"size": [2, 2, 65],
							"pivot": [-0.25, 25, -55],
							"rotation": [0, 0, 15],
							"uv": {
								"north": {"uv": [68, 112], "uv_size": [2, 2]},
								"east": {"uv": [51, 36], "uv_size": [65, 2]},
								"south": {"uv": [72, 112], "uv_size": [2, 2]},
								"west": {"uv": [51, 38], "uv_size": [65, 2]},
								"up": {"uv": [10, 42], "uv_size": [2, 65]},
								"down": {"uv": [12, 107], "uv_size": [2, -65]}
							}
						},
						{
							"origin": [-1, 24, -98],
							"size": [2, 2, 6],
							"inflate": 0.25,
							"pivot": [-0.25, 25, -46],
							"rotation": [0, 0, 15],
							"uv": {
								"north": {"uv": [17, 114], "uv_size": [2, 2]},
								"east": {"uv": [86, 60], "uv_size": [6, 2]},
								"south": {"uv": [114, 17], "uv_size": [2, 2]},
								"west": {"uv": [102, 51], "uv_size": [6, 2]},
								"up": {"uv": [92, 103], "uv_size": [2, 6]},
								"down": {"uv": [7, 110], "uv_size": [2, -6]}
							}
						},
						{
							"origin": [-1, 20, -64],
							"size": [2, 2, 15],
							"pivot": [0, 21, -56.5],
							"rotation": [0, 0, 15],
							"uv": {
								"north": {"uv": [81, 112], "uv_size": [2, 2]},
								"east": {"uv": [77, 62], "uv_size": [15, 2]},
								"south": {"uv": [86, 112], "uv_size": [2, 2]},
								"west": {"uv": [77, 64], "uv_size": [15, 2]},
								"up": {"uv": [27, 42], "uv_size": [2, 15]},
								"down": {"uv": [61, 96], "uv_size": [2, -15]}
							}
						},
						{
							"origin": [-1.5, 23.5, -36],
							"size": [3, 3, 7],
							"pivot": [-0.25, 25, -55],
							"rotation": [0, 0, 15],
							"uv": {
								"north": {"uv": [107, 21], "uv_size": [3, 3]},
								"east": {"uv": [90, 40], "uv_size": [7, 3]},
								"south": {"uv": [107, 27], "uv_size": [3, 3]},
								"west": {"uv": [90, 43], "uv_size": [7, 3]},
								"up": {"uv": [68, 90], "uv_size": [3, 7]},
								"down": {"uv": [88, 98], "uv_size": [3, -7]}
							}
						},
						{
							"origin": [-0.75, 25.675, -94.3],
							"size": [1.5, 2, 1.75],
							"inflate": -0.2,
							"uv": {
								"north": {"uv": [0, 113], "uv_size": [2, 2]},
								"east": {"uv": [12, 113], "uv_size": [2, 2]},
								"south": {"uv": [22, 113], "uv_size": [2, 2]},
								"west": {"uv": [28, 113], "uv_size": [2, 2]},
								"up": {"uv": [39, 113], "uv_size": [2, 2]},
								"down": {"uv": [75, 115], "uv_size": [2, -2]}
							}
						},
						{
							"origin": [-0.9, 29.975, -95.65],
							"size": [1, 1.7, 2],
							"inflate": -0.301,
							"pivot": [-0.6, 30.475, -95.35],
							"rotation": [0, 0, -28],
							"uv": {
								"north": {"uv": [62, 115], "uv_size": [1, 2]},
								"east": {"uv": [113, 84], "uv_size": [2, 2]},
								"south": {"uv": [94, 115], "uv_size": [1, 2]},
								"west": {"uv": [88, 113], "uv_size": [2, 2]},
								"up": {"uv": [115, 107], "uv_size": [1, 2]},
								"down": {"uv": [108, 117], "uv_size": [1, -2]}
							}
						},
						{
							"origin": [-1.32, 30.965, -95.65],
							"size": [1, 1.5, 2],
							"inflate": -0.302,
							"pivot": [-1, 31.275, -95.35],
							"rotation": [0, 0, 15],
							"uv": {
								"north": {"uv": [109, 115], "uv_size": [1, 2]},
								"east": {"uv": [113, 106], "uv_size": [2, 2]},
								"south": {"uv": [115, 109], "uv_size": [1, 2]},
								"west": {"uv": [108, 113], "uv_size": [2, 2]},
								"up": {"uv": [110, 115], "uv_size": [1, 2]},
								"down": {"uv": [111, 117], "uv_size": [1, -2]}
							}
						},
						{
							"origin": [-0.1, 29.975, -95.65],
							"size": [1, 1.7, 2],
							"inflate": -0.301,
							"pivot": [0.6, 30.475, -95.35],
							"rotation": [0, 0, 28],
							"uv": {
								"north": {"uv": [112, 115], "uv_size": [1, 2]},
								"east": {"uv": [113, 108], "uv_size": [2, 2]},
								"south": {"uv": [113, 115], "uv_size": [1, 2]},
								"west": {"uv": [110, 113], "uv_size": [2, 2]},
								"up": {"uv": [114, 115], "uv_size": [1, 2]},
								"down": {"uv": [115, 117], "uv_size": [1, -2]}
							}
						},
						{
							"origin": [0.32, 30.965, -95.65],
							"size": [1, 1.5, 2],
							"inflate": -0.302,
							"pivot": [1, 31.275, -95.35],
							"rotation": [0, 0, -15],
							"uv": {
								"north": {"uv": [0, 116], "uv_size": [1, 2]},
								"east": {"uv": [113, 110], "uv_size": [2, 2]},
								"south": {"uv": [1, 116], "uv_size": [1, 2]},
								"west": {"uv": [112, 113], "uv_size": [2, 2]},
								"up": {"uv": [3, 116], "uv_size": [1, 2]},
								"down": {"uv": [5, 118], "uv_size": [1, -2]}
							}
						},
						{
							"origin": [-0.5, 30.075, -95.4],
							"size": [1, 2, 1.25],
							"inflate": -0.35,
							"uv": {
								"north": {"uv": [116, 5], "uv_size": [1, 2]},
								"east": {"uv": [6, 116], "uv_size": [1, 2]},
								"south": {"uv": [7, 116], "uv_size": [1, 2]},
								"west": {"uv": [116, 7], "uv_size": [1, 2]},
								"up": {"uv": [117, 26], "uv_size": [1, 1]},
								"down": {"uv": [27, 118], "uv_size": [1, -1]}
							}
						},
						{
							"origin": [-0.75, 26.55, -94.775],
							"size": [1.5, 3.675, 1.75],
							"inflate": -0.201,
							"pivot": [0.25, 28.3, -94.775],
							"rotation": [22.25, 0, 0],
							"uv": {
								"north": {"uv": [84, 107], "uv_size": [2, 4]},
								"east": {"uv": [68, 108], "uv_size": [2, 4]},
								"south": {"uv": [72, 108], "uv_size": [2, 4]},
								"west": {"uv": [81, 108], "uv_size": [2, 4]},
								"up": {"uv": [114, 5], "uv_size": [2, 2]},
								"down": {"uv": [114, 9], "uv_size": [2, -2]}
							}
						},
						{
							"origin": [-0.75, 25.175, -95.55],
							"size": [1.5, 6, 1.75],
							"inflate": -0.2,
							"uv": {
								"north": {"uv": [4, 101], "uv_size": [2, 6]},
								"east": {"uv": [84, 101], "uv_size": [2, 6]},
								"south": {"uv": [69, 102], "uv_size": [2, 6]},
								"west": {"uv": [81, 102], "uv_size": [2, 6]},
								"up": {"uv": [8, 114], "uv_size": [2, 2]},
								"down": {"uv": [114, 17], "uv_size": [2, -2]}
							}
						}
					]
				},
				{
					"name": "grip",
					"parent": "gun",
					"pivot": [-0.8, 16.425, 4.3],
					"cubes": [
						{
							"origin": [-1.8, 4.66932, 0.51116],
							"size": [3.6, 11, 5.225],
							"inflate": 0.001,
							"pivot": [0.8, 14.66932, 0.51116],
							"rotation": [16.5, 0, 0],
							"uv": {
								"north": {"uv": [73, 73], "uv_size": [4, 11]},
								"east": {"uv": [22, 42], "uv_size": [5, 11]},
								"south": {"uv": [74, 17], "uv_size": [4, 11]},
								"west": {"uv": [62, 11], "uv_size": [5, 11]},
								"up": {"uv": [32, 92], "uv_size": [4, 5]},
								"down": {"uv": [36, 97], "uv_size": [4, -5]}
							}
						},
						{
							"origin": [-2.15, 17.91932, -0.86384],
							"size": [4.3, 2.35, 7.5],
							"inflate": -0.001,
							"pivot": [-0.8, 15.91932, -0.86384],
							"rotation": [-1.5, 0, 0],
							"uv": {
								"north": {"uv": [88, 26], "uv_size": [4, 2]},
								"east": {"uv": [95, 57], "uv_size": [8, 2]},
								"south": {"uv": [107, 62], "uv_size": [4, 2]},
								"west": {"uv": [95, 82], "uv_size": [8, 2]},
								"up": {"uv": [44, 81], "uv_size": [4, 8]},
								"down": {"uv": [48, 89], "uv_size": [4, -8]}
							}
						},
						{
							"origin": [-1.8, 15.91932, -0.86384],
							"size": [3.6, 3, 6.5],
							"inflate": -0.001,
							"pivot": [0.8, 15.91932, -0.86384],
							"rotation": [-1.5, 0, 0],
							"uv": {
								"north": {"uv": [100, 88], "uv_size": [4, 3]},
								"east": {"uv": [88, 82], "uv_size": [7, 3]},
								"south": {"uv": [91, 100], "uv_size": [4, 3]},
								"west": {"uv": [88, 85], "uv_size": [7, 3]},
								"up": {"uv": [84, 21], "uv_size": [4, 7]},
								"down": {"uv": [85, 75], "uv_size": [4, -7]}
							}
						},
						{
							"origin": [-1.8, 15.91932, -0.86384],
							"size": [3.6, 3, 4.5],
							"inflate": -0.002,
							"pivot": [0.8, 15.91932, -0.86384],
							"rotation": [-38.25, 0, 0],
							"uv": {
								"north": {"uv": [100, 94], "uv_size": [4, 3]},
								"east": {"uv": [95, 88], "uv_size": [5, 3]},
								"south": {"uv": [0, 101], "uv_size": [4, 3]},
								"west": {"uv": [96, 76], "uv_size": [5, 3]},
								"up": {"uv": [44, 92], "uv_size": [4, 5]},
								"down": {"uv": [48, 97], "uv_size": [4, -5]}
							}
						},
						{
							"origin": [-1.8, 4.76932, 2.41116],
							"size": [3.6, 2, 4.225],
							"pivot": [0.8, 6.76932, 2.41116],
							"rotation": [9.75, 0, 0],
							"uv": {
								"north": {"uv": [108, 13], "uv_size": [4, 2]},
								"east": {"uv": [108, 15], "uv_size": [4, 2]},
								"south": {"uv": [108, 51], "uv_size": [4, 2]},
								"west": {"uv": [108, 57], "uv_size": [4, 2]},
								"up": {"uv": [95, 84], "uv_size": [4, 4]},
								"down": {"uv": [96, 72], "uv_size": [4, -4]}
							}
						},
						{
							"origin": [-1.8, 5.76932, 2.41116],
							"size": [3.6, 1, 1.225],
							"inflate": -0.001,
							"pivot": [0.8, 6.76932, 2.41116],
							"rotation": [55.25, 0, 0],
							"uv": {
								"north": {"uv": [58, 21], "uv_size": [4, 1]},
								"east": {"uv": [45, 60], "uv_size": [1, 1]},
								"south": {"uv": [26, 98], "uv_size": [4, 1]},
								"west": {"uv": [85, 57], "uv_size": [1, 1]},
								"up": {"uv": [101, 16], "uv_size": [4, 1]},
								"down": {"uv": [102, 81], "uv_size": [4, -1]}
							}
						},
						{
							"origin": [-1.8, 5.51932, 6.91116],
							"size": [3.6, 1, 1.775],
							"inflate": -0.001,
							"pivot": [0.8, 5.51932, 6.91116],
							"rotation": [36, 0, 0],
							"uv": {
								"north": {"uv": [113, 25], "uv_size": [4, 1]},
								"east": {"uv": [82, 21], "uv_size": [2, 1]},
								"south": {"uv": [113, 35], "uv_size": [4, 1]},
								"west": {"uv": [86, 20], "uv_size": [2, 1]},
								"up": {"uv": [108, 82], "uv_size": [4, 2]},
								"down": {"uv": [108, 90], "uv_size": [4, -2]}
							}
						},
						{
							"origin": [-1.8, 16.09432, 4.76116],
							"size": [3.6, 1, 2.5],
							"inflate": -0.002,
							"pivot": [-0.8, 16.09432, 4.76116],
							"rotation": [40.25, 0, 0],
							"uv": {
								"north": {"uv": [113, 53], "uv_size": [4, 1]},
								"east": {"uv": [77, 101], "uv_size": [3, 1]},
								"south": {"uv": [113, 54], "uv_size": [4, 1]},
								"west": {"uv": [100, 105], "uv_size": [3, 1]},
								"up": {"uv": [101, 0], "uv_size": [4, 3]},
								"down": {"uv": [101, 16], "uv_size": [4, -3]}
							}
						}
					]
				},
				{
					"name": "trigger",
					"parent": "gun",
					"pivot": [1.65, 15.35, -2.15],
					"cubes": [
						{
							"origin": [-1, 15.05, -4.4],
							"size": [2, 4, 1],
							"inflate": -0.1,
							"pivot": [1, 15.05, -3.4],
							"rotation": [-21, 0, 0],
							"uv": {
								"north": {"uv": [38, 88], "uv_size": [2, 4]},
								"east": {"uv": [63, 57], "uv_size": [1, 4]},
								"south": {"uv": [12, 107], "uv_size": [2, 4]},
								"west": {"uv": [77, 13], "uv_size": [1, 4]},
								"up": {"uv": [92, 27], "uv_size": [2, 1]},
								"down": {"uv": [55, 93], "uv_size": [2, -1]}
							}
						},
						{
							"origin": [-1.35, 14.825, -8],
							"size": [2.75, 5, 1],
							"inflate": -0.098,
							"uv": {
								"north": {"uv": [97, 59], "uv_size": [3, 5]},
								"east": {"uv": [3, 111], "uv_size": [1, 5]},
								"south": {"uv": [68, 97], "uv_size": [3, 5]},
								"west": {"uv": [51, 111], "uv_size": [1, 5]},
								"up": {"uv": [107, 8], "uv_size": [3, 1]},
								"down": {"uv": [107, 47], "uv_size": [3, -1]}
							}
						},
						{
							"origin": [-1.35, 14.7, -2.525],
							"size": [2.75, 4.6, 1],
							"inflate": -0.098,
							"pivot": [1.65, 14.7, -2.525],
							"rotation": [-12.75, 0, 0],
							"uv": {
								"north": {"uv": [80, 97], "uv_size": [3, 5]},
								"east": {"uv": [85, 111], "uv_size": [1, 5]},
								"south": {"uv": [97, 94], "uv_size": [3, 5]},
								"west": {"uv": [102, 111], "uv_size": [1, 5]},
								"up": {"uv": [114, 65], "uv_size": [3, 1]},
								"down": {"uv": [114, 67], "uv_size": [3, -1]}
							}
						},
						{
							"origin": [-1.35, 16.65, -8.375],
							"size": [2.75, 4.45, 1],
							"inflate": -0.099,
							"pivot": [1.65, 15.15, -8.375],
							"rotation": [-95.5, 0, 0],
							"uv": {
								"north": {"uv": [82, 4], "uv_size": [3, 4]},
								"east": {"uv": [84, 0], "uv_size": [1, 4]},
								"south": {"uv": [65, 100], "uv_size": [3, 4]},
								"west": {"uv": [58, 112], "uv_size": [1, 4]},
								"up": {"uv": [114, 76], "uv_size": [3, 1]},
								"down": {"uv": [114, 78], "uv_size": [3, -1]}
							}
						},
						{
							"origin": [-1.35, 14.85, -7.025],
							"size": [2.75, 1.5, 1],
							"inflate": -0.1,
							"pivot": [1.65, 15.35, -7.025],
							"rotation": [-129.5, 0, 0],
							"uv": {
								"north": {"uv": [0, 111], "uv_size": [3, 2]},
								"east": {"uv": [56, 78], "uv_size": [1, 2]},
								"south": {"uv": [12, 111], "uv_size": [3, 2]},
								"west": {"uv": [72, 82], "uv_size": [1, 2]},
								"up": {"uv": [114, 78], "uv_size": [3, 1]},
								"down": {"uv": [114, 80], "uv_size": [3, -1]}
							}
						},
						{
							"origin": [-1.35, 15.35, -2.15],
							"size": [2.75, 1, 1.625],
							"inflate": -0.1,
							"pivot": [1.65, 15.35, -2.15],
							"rotation": [-137.25, 0, 0],
							"uv": {
								"north": {"uv": [114, 80], "uv_size": [3, 1]},
								"east": {"uv": [95, 59], "uv_size": [2, 1]},
								"south": {"uv": [81, 114], "uv_size": [3, 1]},
								"west": {"uv": [101, 3], "uv_size": [2, 1]},
								"up": {"uv": [111, 44], "uv_size": [3, 2]},
								"down": {"uv": [111, 64], "uv_size": [3, -2]}
							}
						},
						{
							"origin": [-2.15, 18, -9.27418],
							"size": [4.3, 1.35, 8.5],
							"inflate": -0.001,
							"uv": {
								"north": {"uv": [113, 55], "uv_size": [4, 1]},
								"east": {"uv": [105, 42], "uv_size": [9, 1]},
								"south": {"uv": [113, 67], "uv_size": [4, 1]},
								"west": {"uv": [105, 61], "uv_size": [9, 1]},
								"up": {"uv": [78, 13], "uv_size": [4, 9]},
								"down": {"uv": [52, 87], "uv_size": [4, -9]}
							}
						}
					]
				},
				{
					"name": "reciever",
					"parent": "gun",
					"pivot": [1.2, 26.22205, -29.77945],
					"cubes": [
						{
							"origin": [-4.225, 27.1019, -28.42945],
							"size": [3, 2, 10],
							"uv": {
								"north": {"uv": [17, 112], "uv_size": [3, 2]},
								"east": {"uv": [92, 66], "uv_size": [10, 2]},
								"south": {"uv": [24, 112], "uv_size": [3, 2]},
								"west": {"uv": [92, 79], "uv_size": [10, 2]},
								"up": {"uv": [72, 84], "uv_size": [3, 10]},
								"down": {"uv": [85, 10], "uv_size": [3, -10]}
							}
						},
						{
							"origin": [-3.50302, 21.50952, -26.42945],
							"size": [3, 6, 6],
							"pivot": [-2.00302, 24.00952, -23.42945],
							"rotation": [0, 0, -12.5],
							"uv": {
								"north": {"uv": [0, 95], "uv_size": [3, 6]},
								"east": {"uv": [78, 22], "uv_size": [6, 6]},
								"south": {"uv": [3, 95], "uv_size": [3, 6]},
								"west": {"uv": [26, 80], "uv_size": [6, 6]},
								"up": {"uv": [95, 20], "uv_size": [3, 6]},
								"down": {"uv": [77, 101], "uv_size": [3, -6]}
							}
						},
						{
							"origin": [-2.275, 24.72205, -30.17945],
							"size": [4.55, 5, 2],
							"uv": {
								"north": {"uv": [0, 87], "uv_size": [5, 5]},
								"east": {"uv": [32, 105], "uv_size": [2, 5]},
								"south": {"uv": [5, 87], "uv_size": [5, 5]},
								"west": {"uv": [43, 105], "uv_size": [2, 5]},
								"up": {"uv": [45, 105], "uv_size": [5, 2]},
								"down": {"uv": [105, 61], "uv_size": [5, -2]}
							}
						},
						{
							"origin": [-2.5, 19, -36],
							"size": [5, 6.5, 45],
							"inflate": 0.001,
							"uv": {
								"north": {"uv": [56, 80], "uv_size": [5, 7]},
								"east": {"uv": [29, 22], "uv_size": [45, 7]},
								"south": {"uv": [80, 68], "uv_size": [5, 7]},
								"west": {"uv": [29, 29], "uv_size": [45, 7]},
								"up": {"uv": [0, 42], "uv_size": [5, 45]},
								"down": {"uv": [5, 87], "uv_size": [5, -45]}
							}
						},
						{
							"origin": [-2.5, 18, -25],
							"size": [5, 1, 5],
							"uv": {
								"north": {"uv": [112, 83], "uv_size": [5, 1]},
								"east": {"uv": [112, 87], "uv_size": [5, 1]},
								"south": {"uv": [112, 88], "uv_size": [5, 1]},
								"west": {"uv": [112, 89], "uv_size": [5, 1]},
								"up": {"uv": [52, 87], "uv_size": [5, 5]},
								"down": {"uv": [88, 5], "uv_size": [5, -5]}
							}
						},
						{
							"origin": [-2.5, 18.37577, -20.305],
							"size": [5, 1, 3],
							"inflate": -0.001,
							"pivot": [0, 18.87577, -19.305],
							"rotation": [25, 0, 0],
							"uv": {
								"north": {"uv": [112, 94], "uv_size": [5, 1]},
								"east": {"uv": [114, 114], "uv_size": [3, 1]},
								"south": {"uv": [112, 95], "uv_size": [5, 1]},
								"west": {"uv": [115, 3], "uv_size": [3, 1]},
								"up": {"uv": [99, 84], "uv_size": [5, 3]},
								"down": {"uv": [97, 102], "uv_size": [5, -3]}
							}
						},
						{
							"origin": [-2.5, 18.37577, -27.695],
							"size": [5, 1, 3],
							"inflate": -0.001,
							"pivot": [0, 18.87577, -25.695],
							"rotation": [-25, 0, 0],
							"uv": {
								"north": {"uv": [111, 112], "uv_size": [5, 1]},
								"east": {"uv": [115, 4], "uv_size": [3, 1]},
								"south": {"uv": [113, 0], "uv_size": [5, 1]},
								"west": {"uv": [5, 115], "uv_size": [3, 1]},
								"up": {"uv": [100, 59], "uv_size": [5, 3]},
								"down": {"uv": [100, 71], "uv_size": [5, -3]}
							}
						},
						{
							"origin": [-2.5, 23.88612, -18.84611],
							"size": [5, 2, 9],
							"pivot": [0, 27.38612, -13.84611],
							"rotation": [-15, 0, 0],
							"uv": {
								"north": {"uv": [95, 105], "uv_size": [5, 2]},
								"east": {"uv": [94, 34], "uv_size": [9, 2]},
								"south": {"uv": [106, 64], "uv_size": [5, 2]},
								"west": {"uv": [94, 54], "uv_size": [9, 2]},
								"up": {"uv": [72, 57], "uv_size": [5, 9]},
								"down": {"uv": [68, 82], "uv_size": [5, -9]}
							}
						},
						{
							"origin": [-2.5, 25.23132, -29.06397],
							"size": [5, 2, 10],
							"uv": {
								"north": {"uv": [106, 76], "uv_size": [5, 2]},
								"east": {"uv": [92, 51], "uv_size": [10, 2]},
								"south": {"uv": [106, 78], "uv_size": [5, 2]},
								"west": {"uv": [92, 64], "uv_size": [10, 2]},
								"up": {"uv": [67, 11], "uv_size": [5, 10]},
								"down": {"uv": [52, 78], "uv_size": [5, -10]}
							}
						},
						{
							"origin": [-1.5, 26.23132, -29.06397],
							"size": [3, 2, 20],
							"uv": {
								"north": {"uv": [112, 30], "uv_size": [3, 2]},
								"east": {"uv": [74, 32], "uv_size": [20, 2]},
								"south": {"uv": [112, 46], "uv_size": [3, 2]},
								"west": {"uv": [74, 34], "uv_size": [20, 2]},
								"up": {"uv": [26, 60], "uv_size": [3, 20]},
								"down": {"uv": [29, 80], "uv_size": [3, -20]}
							}
						}
					]
				},
				{
					"name": "flap",
					"parent": "reciever",
					"pivot": [2.5, 23.25, -13],
					"cubes": [
						{
							"origin": [2, 19.5, -19.5],
							"size": [1, 4, 12],
							"inflate": -0.25,
							"uv": {
								"north": {"uv": [26, 114], "uv_size": [1, 4]},
								"east": {"uv": [68, 69], "uv_size": [12, 4]},
								"south": {"uv": [35, 114], "uv_size": [1, 4]},
								"west": {"uv": [70, 4], "uv_size": [12, 4]},
								"up": {"uv": [39, 101], "uv_size": [1, 12]},
								"down": {"uv": [94, 115], "uv_size": [1, -12]}
							}
						},
						{
							"origin": [2, 22.75, -20],
							"size": [1, 1, 13],
							"inflate": -0.1,
							"pivot": [2.5, 23.25, -13.5],
							"rotation": [0, 0, 15],
							"uv": {
								"north": {"uv": [34, 117], "uv_size": [1, 1]},
								"east": {"uv": [64, 53], "uv_size": [13, 1]},
								"south": {"uv": [117, 34], "uv_size": [1, 1]},
								"west": {"uv": [98, 31], "uv_size": [13, 1]},
								"up": {"uv": [22, 100], "uv_size": [1, 13]},
								"down": {"uv": [23, 113], "uv_size": [1, -13]}
							}
						}
					]
				},
				{
					"name": "stock",
					"parent": "reciever",
					"pivot": [1.5, 19, -35],
					"cubes": [
						{
							"origin": [1.5, 18.75, 9],
							"size": [1, 6.5, 8],
							"pivot": [2.5, 22, 9],
							"rotation": [0, -5, 0],
							"uv": {
								"north": {"uv": [20, 110], "uv_size": [1, 7]},
								"east": {"uv": [40, 61], "uv_size": [8, 7]},
								"south": {"uv": [36, 110], "uv_size": [1, 7]},
								"west": {"uv": [48, 61], "uv_size": [8, 7]},
								"up": {"uv": [91, 106], "uv_size": [1, 8]},
								"down": {"uv": [5, 115], "uv_size": [1, -8]}
							}
						},
						{
							"origin": [-2.5, 18.75, 9],
							"size": [1, 6.5, 8],
							"pivot": [-2.5, 22, 9],
							"rotation": [0, 5, 0],
							"uv": {
								"north": {"uv": [47, 110], "uv_size": [1, 7]},
								"east": {"uv": [56, 61], "uv_size": [8, 7]},
								"south": {"uv": [48, 110], "uv_size": [1, 7]},
								"west": {"uv": [62, 4], "uv_size": [8, 7]},
								"up": {"uv": [21, 107], "uv_size": [1, 8]},
								"down": {"uv": [37, 115], "uv_size": [1, -8]}
							}
						},
						{
							"origin": [-1.8, 23.75, 20],
							"size": [3.6, 3, 24],
							"inflate": 0.001,
							"uv": {
								"north": {"uv": [35, 101], "uv_size": [4, 3]},
								"east": {"uv": [51, 54], "uv_size": [24, 3]},
								"south": {"uv": [101, 40], "uv_size": [4, 3]},
								"west": {"uv": [22, 57], "uv_size": [24, 3]},
								"up": {"uv": [14, 42], "uv_size": [4, 24]},
								"down": {"uv": [18, 66], "uv_size": [4, -24]}
							}
						},
						{
							"origin": [-1.8, 14.5, 24],
							"size": [3.6, 4, 17],
							"uv": {
								"north": {"uv": [96, 72], "uv_size": [4, 4]},
								"east": {"uv": [46, 57], "uv_size": [17, 4]},
								"south": {"uv": [97, 0], "uv_size": [4, 4]},
								"west": {"uv": [58, 0], "uv_size": [17, 4]},
								"up": {"uv": [58, 4], "uv_size": [4, 17]},
								"down": {"uv": [22, 77], "uv_size": [4, -17]}
							}
						},
						{
							"origin": [-1.8, 15.25, 16.90886],
							"size": [3.6, 5, 8],
							"inflate": 0.001,
							"pivot": [1.88754, 16.5, 21.40886],
							"rotation": [-55, 0, 0],
							"uv": {
								"north": {"uv": [92, 74], "uv_size": [4, 5]},
								"east": {"uv": [77, 8], "uv_size": [8, 5]},
								"south": {"uv": [80, 92], "uv_size": [4, 5]},
								"west": {"uv": [77, 53], "uv_size": [8, 5]},
								"up": {"uv": [82, 13], "uv_size": [4, 8]},
								"down": {"uv": [68, 90], "uv_size": [4, -8]}
							}
						},
						{
							"origin": [-1.8, 14.7959, 23.52971],
							"size": [3.6, 3, 2],
							"inflate": -0.001,
							"pivot": [1.88754, 16.7959, 17.02971],
							"rotation": [-25, 0, 0],
							"uv": {
								"north": {"uv": [24, 102], "uv_size": [4, 3]},
								"east": {"uv": [70, 8], "uv_size": [2, 3]},
								"south": {"uv": [102, 64], "uv_size": [4, 3]},
								"west": {"uv": [75, 54], "uv_size": [2, 3]},
								"up": {"uv": [102, 108], "uv_size": [4, 2]},
								"down": {"uv": [106, 110], "uv_size": [4, -2]}
							}
						},
						{
							"origin": [-1.8, 20.39891, 41.85962],
							"size": [3.6, 3, 2],
							"inflate": -0.002,
							"pivot": [1.88754, 22.39891, 22.35962],
							"rotation": [-25, 0, 0],
							"uv": {
								"north": {"uv": [103, 91], "uv_size": [4, 3]},
								"east": {"uv": [96, 111], "uv_size": [2, 3]},
								"south": {"uv": [103, 100], "uv_size": [4, 3]},
								"west": {"uv": [98, 111], "uv_size": [2, 3]},
								"up": {"uv": [109, 24], "uv_size": [4, 2]},
								"down": {"uv": [109, 56], "uv_size": [4, -2]}
							}
						},
						{
							"origin": [-1.8, 18.8121, 15.91236],
							"size": [3.6, 3, 2],
							"inflate": -0.001,
							"pivot": [1.88754, 33.8121, -3.58764],
							"rotation": [12.5, 0, 0],
							"uv": {
								"north": {"uv": [18, 104], "uv_size": [4, 3]},
								"east": {"uv": [100, 111], "uv_size": [2, 3]},
								"south": {"uv": [35, 104], "uv_size": [4, 3]},
								"west": {"uv": [111, 106], "uv_size": [2, 3]},
								"up": {"uv": [109, 84], "uv_size": [4, 2]},
								"down": {"uv": [110, 7], "uv_size": [4, -2]}
							}
						},
						{
							"origin": [-1.8, 7.74899, 13.18517],
							"size": [3.6, 3, 2],
							"pivot": [1.88754, 22.74899, -6.31483],
							"rotation": [37.5, 0, 0],
							"uv": {
								"north": {"uv": [59, 104], "uv_size": [4, 3]},
								"east": {"uv": [111, 109], "uv_size": [2, 3]},
								"south": {"uv": [65, 104], "uv_size": [4, 3]},
								"west": {"uv": [6, 112], "uv_size": [2, 3]},
								"up": {"uv": [7, 110], "uv_size": [4, 2]},
								"down": {"uv": [110, 9], "uv_size": [4, -2]}
							}
						},
						{
							"origin": [-1.8, 24.77023, 43.78035],
							"size": [3.6, 3, 5],
							"inflate": -0.001,
							"pivot": [1.88754, 33.77023, 24.28035],
							"rotation": [-35, 0, 0],
							"uv": {
								"north": {"uv": [103, 103], "uv_size": [4, 3]},
								"east": {"uv": [14, 99], "uv_size": [5, 3]},
								"south": {"uv": [0, 104], "uv_size": [4, 3]},
								"west": {"uv": [26, 99], "uv_size": [5, 3]},
								"up": {"uv": [93, 0], "uv_size": [4, 5]},
								"down": {"uv": [93, 18], "uv_size": [4, -5]}
							}
						},
						{
							"origin": [-1.8, 18.2959, 15.52971],
							"size": [3.6, 3, 4],
							"pivot": [1.88754, 16.7959, 17.02971],
							"rotation": [-25, 0, 0],
							"uv": {
								"north": {"uv": [103, 21], "uv_size": [4, 3]},
								"east": {"uv": [103, 27], "uv_size": [4, 3]},
								"south": {"uv": [103, 32], "uv_size": [4, 3]},
								"west": {"uv": [88, 103], "uv_size": [4, 3]},
								"up": {"uv": [36, 97], "uv_size": [4, 4]},
								"down": {"uv": [97, 44], "uv_size": [4, -4]}
							}
						},
						{
							"origin": [-1.8, 20.42761, 27.88765],
							"size": [3.6, 3, 7],
							"pivot": [1.88754, 27.42761, 21.38765],
							"rotation": [-60, 0, 0],
							"uv": {
								"north": {"uv": [103, 6], "uv_size": [4, 3]},
								"east": {"uv": [88, 88], "uv_size": [7, 3]},
								"south": {"uv": [103, 18], "uv_size": [4, 3]},
								"west": {"uv": [44, 89], "uv_size": [7, 3]},
								"up": {"uv": [26, 86], "uv_size": [4, 7]},
								"down": {"uv": [86, 47], "uv_size": [4, -7]}
							}
						},
						{
							"origin": [-1.8, 34.42761, 33.88765],
							"size": [3.6, 2, 5],
							"inflate": -0.001,
							"pivot": [1.88754, 27.42761, 21.38765],
							"rotation": [-42.5, 0, 0],
							"uv": {
								"north": {"uv": [16, 110], "uv_size": [4, 2]},
								"east": {"uv": [106, 80], "uv_size": [5, 2]},
								"south": {"uv": [110, 18], "uv_size": [4, 2]},
								"west": {"uv": [106, 97], "uv_size": [5, 2]},
								"up": {"uv": [26, 93], "uv_size": [4, 5]},
								"down": {"uv": [55, 98], "uv_size": [4, -5]}
							}
						},
						{
							"origin": [-1.8, 4.57239, 33.88765],
							"size": [3.6, 2, 5],
							"inflate": -0.001,
							"pivot": [1.88754, 13.57239, 21.38765],
							"rotation": [42.5, 0, 0],
							"uv": {
								"north": {"uv": [110, 20], "uv_size": [4, 2]},
								"east": {"uv": [100, 106], "uv_size": [5, 2]},
								"south": {"uv": [110, 22], "uv_size": [4, 2]},
								"west": {"uv": [105, 106], "uv_size": [5, 2]},
								"up": {"uv": [94, 5], "uv_size": [4, 5]},
								"down": {"uv": [14, 99], "uv_size": [4, -5]}
							}
						},
						{
							"origin": [-1.8, 10.82239, 17.88765],
							"size": [3.6, 2, 5],
							"inflate": -0.001,
							"pivot": [1.88754, 19.82239, 5.38765],
							"rotation": [42.5, 0, 0],
							"uv": {
								"north": {"uv": [24, 110], "uv_size": [4, 2]},
								"east": {"uv": [0, 107], "uv_size": [5, 2]},
								"south": {"uv": [110, 27], "uv_size": [4, 2]},
								"west": {"uv": [107, 3], "uv_size": [5, 2]},
								"up": {"uv": [18, 94], "uv_size": [4, 5]},
								"down": {"uv": [94, 32], "uv_size": [4, -5]}
							}
						},
						{
							"origin": [-1.8, -5.06716, 26.65],
							"size": [3.6, 3, 2],
							"inflate": -0.002,
							"pivot": [1.88754, -3.06716, -11.85],
							"rotation": [25, 0, 0],
							"uv": {
								"north": {"uv": [77, 102], "uv_size": [4, 3]},
								"east": {"uv": [108, 110], "uv_size": [2, 3]},
								"south": {"uv": [102, 77], "uv_size": [4, 3]},
								"west": {"uv": [83, 111], "uv_size": [2, 3]},
								"up": {"uv": [0, 109], "uv_size": [4, 2]},
								"down": {"uv": [109, 2], "uv_size": [4, -2]}
							}
						},
						{
							"origin": [-1.8, -12.97897, 33.42241],
							"size": [3.6, 3, 4],
							"inflate": -0.003,
							"pivot": [1.88754, -10.97897, -5.07759],
							"rotation": [40, 0, 0],
							"uv": {
								"north": {"uv": [95, 102], "uv_size": [4, 3]},
								"east": {"uv": [102, 97], "uv_size": [4, 3]},
								"south": {"uv": [99, 102], "uv_size": [4, 3]},
								"west": {"uv": [103, 3], "uv_size": [4, 3]},
								"up": {"uv": [97, 13], "uv_size": [4, 4]},
								"down": {"uv": [32, 101], "uv_size": [4, -4]}
							}
						},
						{
							"origin": [-1.8, 11.5, 41],
							"size": [3.6, 13, 3],
							"uv": {
								"north": {"uv": [44, 68], "uv_size": [4, 13]},
								"east": {"uv": [61, 68], "uv_size": [3, 13]},
								"south": {"uv": [48, 68], "uv_size": [4, 13]},
								"west": {"uv": [77, 73], "uv_size": [3, 13]},
								"up": {"uv": [101, 74], "uv_size": [4, 3]},
								"down": {"uv": [14, 105], "uv_size": [4, -3]}
							}
						},
						{
							"origin": [-1.8, 18.5, 38],
							"size": [3.6, 6, 3],
							"uv": {
								"north": {"uv": [57, 87], "uv_size": [4, 6]},
								"east": {"uv": [65, 94], "uv_size": [3, 6]},
								"south": {"uv": [88, 20], "uv_size": [4, 6]},
								"west": {"uv": [72, 94], "uv_size": [3, 6]},
								"up": {"uv": [104, 82], "uv_size": [4, 3]},
								"down": {"uv": [104, 91], "uv_size": [4, -3]}
							}
						},
						{
							"origin": [-1.8, 18.75, 9],
							"size": [3.6, 6.5, 13],
							"inflate": 0.002,
							"uv": {
								"north": {"uv": [85, 75], "uv_size": [4, 7]},
								"east": {"uv": [51, 40], "uv_size": [13, 7]},
								"south": {"uv": [86, 13], "uv_size": [4, 7]},
								"west": {"uv": [51, 47], "uv_size": [13, 7]},
								"up": {"uv": [64, 40], "uv_size": [4, 13]},
								"down": {"uv": [68, 53], "uv_size": [4, -13]}
							}
						}
					]
				},
				{
					"name": "bolt",
					"parent": "reciever",
					"pivot": [1.5, 19, -35],
					"cubes": [
						{
							"origin": [-5.5, 21, -15],
							"size": [5, 1, 1],
							"uv": {
								"north": {"uv": [113, 1], "uv_size": [5, 1]},
								"east": {"uv": [117, 35], "uv_size": [1, 1]},
								"south": {"uv": [113, 9], "uv_size": [5, 1]},
								"west": {"uv": [36, 117], "uv_size": [1, 1]},
								"up": {"uv": [113, 10], "uv_size": [5, 1]},
								"down": {"uv": [113, 12], "uv_size": [5, -1]}
							}
						}
					]
				},
				{
					"name": "cover",
					"parent": "gun",
					"pivot": [1.2, 29.65, -28.85]
				},
				{
					"name": "_cb_scope",
					"parent": "cover",
					"pivot": [0, 30.6, -4.65],
					"cubes": [
						{
							"origin": [-0.5, 30.15, -5.15],
							"size": [1, 1, 1],
							"uv": {
								"north": {"uv": [36, 106], "uv_size": [1, 1]},
								"east": {"uv": [35, 106], "uv_size": [1, 1]},
								"south": {"uv": [38, 106], "uv_size": [1, 1]},
								"west": {"uv": [37, 106], "uv_size": [1, 1]},
								"up": {"uv": [36, 105], "uv_size": [1, 1]},
								"down": {"uv": [37, 106], "uv_size": [1, -1]}
							}
						}
					]
				},
				{
					"name": "upper2",
					"parent": "cover",
					"pivot": [1.2, 30.15, 5.15],
					"cubes": [
						{
							"origin": [-1.2, 30.65, -9],
							"size": [2.4, 1, 4.9],
							"inflate": -0.001,
							"pivot": [1.2, 31.65, -9.6],
							"rotation": [-45.5, 0, 0],
							"uv": {
								"north": {"uv": [115, 105], "uv_size": [2, 1]},
								"east": {"uv": [112, 43], "uv_size": [5, 1]},
								"south": {"uv": [115, 106], "uv_size": [2, 1]},
								"west": {"uv": [112, 48], "uv_size": [5, 1]},
								"up": {"uv": [24, 105], "uv_size": [2, 5]},
								"down": {"uv": [26, 110], "uv_size": [2, -5]}
							}
						},
						{
							"origin": [-2.275, 27.10192, -18.58101],
							"size": [4.55, 3, 9],
							"uv": {
								"north": {"uv": [98, 20], "uv_size": [5, 3]},
								"east": {"uv": [85, 54], "uv_size": [9, 3]},
								"south": {"uv": [98, 23], "uv_size": [5, 3]},
								"west": {"uv": [86, 57], "uv_size": [9, 3]},
								"up": {"uv": [72, 8], "uv_size": [5, 9]},
								"down": {"uv": [72, 49], "uv_size": [5, -9]}
							}
						},
						{
							"origin": [-2.273, 26.48194, -19.07577],
							"size": [4.55, 2, 7],
							"inflate": -0.001,
							"pivot": [0.002, 27.98194, -16.07577],
							"rotation": [-15, 0, 0],
							"uv": {
								"north": {"uv": [105, 68], "uv_size": [5, 2]},
								"east": {"uv": [100, 62], "uv_size": [7, 2]},
								"south": {"uv": [105, 74], "uv_size": [5, 2]},
								"west": {"uv": [100, 71], "uv_size": [7, 2]},
								"up": {"uv": [80, 75], "uv_size": [5, 7]},
								"down": {"uv": [81, 47], "uv_size": [5, -7]}
							}
						},
						{
							"origin": [-1.2, 27.22205, -27.17945],
							"size": [3.475, 4, 9],
							"uv": {
								"north": {"uv": [72, 100], "uv_size": [3, 4]},
								"east": {"uv": [75, 0], "uv_size": [9, 4]},
								"south": {"uv": [32, 101], "uv_size": [3, 4]},
								"west": {"uv": [77, 58], "uv_size": [9, 4]},
								"up": {"uv": [65, 85], "uv_size": [3, 9]},
								"down": {"uv": [77, 95], "uv_size": [3, -9]}
							}
						},
						{
							"origin": [-4.225, 29.1019, -28.42945],
							"size": [3, 1, 10],
							"uv": {
								"north": {"uv": [115, 13], "uv_size": [3, 1]},
								"east": {"uv": [103, 9], "uv_size": [10, 1]},
								"south": {"uv": [115, 14], "uv_size": [3, 1]},
								"west": {"uv": [103, 35], "uv_size": [10, 1]},
								"up": {"uv": [80, 82], "uv_size": [3, 10]},
								"down": {"uv": [83, 92], "uv_size": [3, -10]}
							}
						},
						{
							"origin": [-2.275, 27.22205, -28.17945],
							"size": [4.55, 3, 1],
							"uv": {
								"north": {"uv": [98, 27], "uv_size": [5, 3]},
								"east": {"uv": [51, 89], "uv_size": [1, 3]},
								"south": {"uv": [98, 91], "uv_size": [5, 3]},
								"west": {"uv": [9, 104], "uv_size": [1, 3]},
								"up": {"uv": [112, 49], "uv_size": [5, 1]},
								"down": {"uv": [112, 52], "uv_size": [5, -1]}
							}
						},
						{
							"origin": [-1.2, 29.98601, -29.17915],
							"size": [3.475, 1, 3.236],
							"pivot": [0, 28.48601, -27.06115],
							"rotation": [26.57, 0, 0],
							"uv": {
								"north": {"uv": [114, 97], "uv_size": [3, 1]},
								"east": {"uv": [114, 98], "uv_size": [3, 1]},
								"south": {"uv": [99, 114], "uv_size": [3, 1]},
								"west": {"uv": [114, 113], "uv_size": [3, 1]},
								"up": {"uv": [107, 5], "uv_size": [3, 3]},
								"down": {"uv": [9, 110], "uv_size": [3, -3]}
							}
						},
						{
							"origin": [-2.5, 29.05107, -29.90286],
							"size": [5, 1, 1],
							"pivot": [0, 29.55107, -29.40286],
							"rotation": [-15, 0, 0],
							"uv": {
								"north": {"uv": [112, 52], "uv_size": [5, 1]},
								"east": {"uv": [25, 117], "uv_size": [1, 1]},
								"south": {"uv": [112, 57], "uv_size": [5, 1]},
								"west": {"uv": [117, 25], "uv_size": [1, 1]},
								"up": {"uv": [112, 58], "uv_size": [5, 1]},
								"down": {"uv": [112, 83], "uv_size": [5, -1]}
							}
						},
						{
							"origin": [-1.2, 29.22205, -18.17945],
							"size": [2.4, 2, 9],
							"uv": {
								"north": {"uv": [100, 97], "uv_size": [2, 2]},
								"east": {"uv": [93, 18], "uv_size": [9, 2]},
								"south": {"uv": [59, 102], "uv_size": [2, 2]},
								"west": {"uv": [94, 32], "uv_size": [9, 2]},
								"up": {"uv": [84, 92], "uv_size": [2, 9]},
								"down": {"uv": [59, 102], "uv_size": [2, -9]}
							}
						}
					]
				},
				{
					"name": "upper",
					"parent": "cover",
					"pivot": [0, 2.65, 1.5],
					"cubes": [
						{
							"origin": [1.275, 25.5, -12.6],
							"size": [1, 2.25, 20.1],
							"inflate": 0.001,
							"uv": {
								"north": {"uv": [100, 74], "uv_size": [1, 2]},
								"east": {"uv": [72, 51], "uv_size": [20, 2]},
								"south": {"uv": [101, 77], "uv_size": [1, 2]},
								"west": {"uv": [72, 66], "uv_size": [20, 2]},
								"up": {"uv": [71, 90], "uv_size": [1, 20]},
								"down": {"uv": [52, 112], "uv_size": [1, -20]}
							}
						},
						{
							"origin": [-2.575, 26, -9.6],
							"size": [1, 1.25, 16.85],
							"inflate": -0.2,
							"uv": {
								"north": {"uv": [23, 117], "uv_size": [1, 1]},
								"east": {"uv": [94, 56], "uv_size": [17, 1]},
								"south": {"uv": [24, 117], "uv_size": [1, 1]},
								"west": {"uv": [95, 26], "uv_size": [17, 1]},
								"up": {"uv": [87, 95], "uv_size": [1, 17]},
								"down": {"uv": [40, 113], "uv_size": [1, -17]}
							}
						},
						{
							"origin": [-2.275, 25.5, -12.6],
							"size": [1, 2.25, 20.1],
							"inflate": 0.001,
							"uv": {
								"north": {"uv": [91, 114], "uv_size": [1, 2]},
								"east": {"uv": [74, 28], "uv_size": [20, 2]},
								"south": {"uv": [23, 115], "uv_size": [1, 2]},
								"west": {"uv": [74, 30], "uv_size": [20, 2]},
								"up": {"uv": [53, 92], "uv_size": [1, 20]},
								"down": {"uv": [54, 112], "uv_size": [1, -20]}
							}
						},
						{
							"origin": [1.575, 26, -9.6],
							"size": [1, 1.25, 16.85],
							"inflate": -0.2,
							"uv": {
								"north": {"uv": [93, 9], "uv_size": [1, 1]},
								"east": {"uv": [89, 81], "uv_size": [17, 1]},
								"south": {"uv": [43, 96], "uv_size": [1, 1]},
								"west": {"uv": [90, 46], "uv_size": [17, 1]},
								"up": {"uv": [6, 95], "uv_size": [1, 17]},
								"down": {"uv": [86, 112], "uv_size": [1, -17]}
							}
						},
						{
							"origin": [-2.275, 25.225, 6.9],
							"size": [4.55, 1.075, 2.025],
							"pivot": [2.275, 26.3, 8.925],
							"rotation": [-45.5, 0, 0],
							"uv": {
								"north": {"uv": [40, 60], "uv_size": [5, 1]},
								"east": {"uv": [105, 70], "uv_size": [2, 1]},
								"south": {"uv": [67, 21], "uv_size": [5, 1]},
								"west": {"uv": [98, 107], "uv_size": [2, 1]},
								"up": {"uv": [72, 49], "uv_size": [5, 2]},
								"down": {"uv": [103, 59], "uv_size": [5, -2]}
							}
						},
						{
							"origin": [2.125, 25.225, 6.1],
							"size": [1.55, 1.075, 1.275],
							"inflate": -0.001,
							"pivot": [2.275, 26.3, 8.925],
							"rotation": [-54.74377, 29.13654, -34.55821],
							"uv": {
								"north": {"uv": [86, 114], "uv_size": [2, 1]},
								"east": {"uv": [97, 4], "uv_size": [1, 1]},
								"south": {"uv": [0, 115], "uv_size": [2, 1]},
								"west": {"uv": [105, 76], "uv_size": [1, 1]},
								"up": {"uv": [12, 115], "uv_size": [2, 1]},
								"down": {"uv": [15, 116], "uv_size": [2, -1]}
							}
						},
						{
							"origin": [-2.375, 25.4, 6.55],
							"size": [4.75, 1, 2.5],
							"inflate": -0.101,
							"uv": {
								"north": {"uv": [88, 9], "uv_size": [5, 1]},
								"east": {"uv": [114, 81], "uv_size": [3, 1]},
								"south": {"uv": [110, 104], "uv_size": [5, 1]},
								"west": {"uv": [96, 114], "uv_size": [3, 1]},
								"up": {"uv": [98, 4], "uv_size": [5, 3]},
								"down": {"uv": [98, 10], "uv_size": [5, -3]}
							}
						},
						{
							"origin": [-2.375, 28.4, -12.45],
							"size": [4.75, 2, 4],
							"inflate": -0.102,
							"pivot": [0, 26.9, -11.2],
							"rotation": [-45.5, 0, 0],
							"uv": {
								"north": {"uv": [104, 85], "uv_size": [5, 2]},
								"east": {"uv": [108, 94], "uv_size": [4, 2]},
								"south": {"uv": [105, 40], "uv_size": [5, 2]},
								"west": {"uv": [98, 108], "uv_size": [4, 2]},
								"up": {"uv": [22, 53], "uv_size": [5, 4]},
								"down": {"uv": [92, 64], "uv_size": [5, -4]}
							}
						},
						{
							"origin": [-0.625, 29.52013, -21.04845],
							"size": [3, 2, 2.5],
							"inflate": -0.101,
							"pivot": [-1.074, 28.02013, -19.79845],
							"rotation": [-45.5, 0, 0],
							"uv": {
								"north": {"uv": [111, 64], "uv_size": [3, 2]},
								"east": {"uv": [111, 76], "uv_size": [3, 2]},
								"south": {"uv": [111, 78], "uv_size": [3, 2]},
								"west": {"uv": [111, 80], "uv_size": [3, 2]},
								"up": {"uv": [28, 106], "uv_size": [3, 3]},
								"down": {"uv": [88, 109], "uv_size": [3, -3]}
							}
						},
						{
							"origin": [1.2, 28.725, -22.1],
							"size": [2.25, 1, 27.6],
							"inflate": 0.001,
							"pivot": [1.2, 29.725, -22.1],
							"rotation": [0, 0, 77.75],
							"uv": {
								"north": {"uv": [115, 85], "uv_size": [2, 1]},
								"east": {"uv": [85, 10], "uv_size": [28, 1]},
								"south": {"uv": [86, 115], "uv_size": [2, 1]},
								"west": {"uv": [85, 11], "uv_size": [28, 1]},
								"up": {"uv": [32, 60], "uv_size": [2, 28]},
								"down": {"uv": [34, 88], "uv_size": [2, -28]}
							}
						},
						{
							"origin": [-2.275, 26.75, -22.1],
							"size": [1, 1, 29.05],
							"pivot": [-2.275, 27.75, -22.1],
							"rotation": [0, 0, -35.75],
							"uv": {
								"north": {"uv": [117, 21], "uv_size": [1, 1]},
								"east": {"uv": [81, 49], "uv_size": [29, 1]},
								"south": {"uv": [117, 22], "uv_size": [1, 1]},
								"west": {"uv": [81, 50], "uv_size": [29, 1]},
								"up": {"uv": [76, 84], "uv_size": [1, 29]},
								"down": {"uv": [64, 114], "uv_size": [1, -29]}
							}
						},
						{
							"origin": [-3.45, 28.725, -22.1],
							"size": [2.25, 1, 27.6],
							"inflate": 0.001,
							"pivot": [-1.2, 29.725, -22.1],
							"rotation": [0, 0, -77.75],
							"uv": {
								"north": {"uv": [100, 115], "uv_size": [2, 1]},
								"east": {"uv": [85, 12], "uv_size": [28, 1]},
								"south": {"uv": [115, 104], "uv_size": [2, 1]},
								"west": {"uv": [85, 53], "uv_size": [28, 1]},
								"up": {"uv": [36, 60], "uv_size": [2, 28]},
								"down": {"uv": [38, 88], "uv_size": [2, -28]}
							}
						},
						{
							"origin": [1.275, 26.75, -22.1],
							"size": [1, 1, 29.05],
							"pivot": [2.275, 27.75, -22.1],
							"rotation": [0, 0, 35.75],
							"uv": {
								"north": {"uv": [106, 99], "uv_size": [1, 1]},
								"east": {"uv": [81, 47], "uv_size": [29, 1]},
								"south": {"uv": [68, 107], "uv_size": [1, 1]},
								"west": {"uv": [81, 48], "uv_size": [29, 1]},
								"up": {"uv": [63, 81], "uv_size": [1, 29]},
								"down": {"uv": [75, 113], "uv_size": [1, -29]}
							}
						},
						{
							"origin": [0.925, 26.95, 6.575],
							"size": [1.25, 1, 1.05],
							"inflate": -0.201,
							"pivot": [2.275, 27.75, 7.5],
							"rotation": [0, -25.75, 35.75],
							"uv": {
								"north": {"uv": [108, 84], "uv_size": [1, 1]},
								"east": {"uv": [15, 111], "uv_size": [1, 1]},
								"south": {"uv": [111, 17], "uv_size": [1, 1]},
								"west": {"uv": [111, 31], "uv_size": [1, 1]},
								"up": {"uv": [31, 113], "uv_size": [1, 1]},
								"down": {"uv": [84, 115], "uv_size": [1, -1]}
							}
						},
						{
							"origin": [-3.675, 25.225, 6.1],
							"size": [1.55, 1.075, 1.275],
							"inflate": -0.001,
							"pivot": [-2.275, 26.3, 8.925],
							"rotation": [-54.74377, -29.13654, 34.55821],
							"uv": {
								"north": {"uv": [21, 115], "uv_size": [2, 1]},
								"east": {"uv": [34, 116], "uv_size": [1, 1]},
								"south": {"uv": [28, 115], "uv_size": [2, 1]},
								"west": {"uv": [51, 116], "uv_size": [1, 1]},
								"up": {"uv": [115, 30], "uv_size": [2, 1]},
								"down": {"uv": [115, 32], "uv_size": [2, -1]}
							}
						},
						{
							"origin": [-2.175, 26.95, 6.575],
							"size": [1.25, 1, 1.05],
							"inflate": -0.201,
							"pivot": [-2.275, 27.75, 7.5],
							"rotation": [0, 25.75, -35.75],
							"uv": {
								"north": {"uv": [58, 116], "uv_size": [1, 1]},
								"east": {"uv": [70, 116], "uv_size": [1, 1]},
								"south": {"uv": [89, 116], "uv_size": [1, 1]},
								"west": {"uv": [91, 116], "uv_size": [1, 1]},
								"up": {"uv": [102, 116], "uv_size": [1, 1]},
								"down": {"uv": [116, 108], "uv_size": [1, -1]}
							}
						},
						{
							"origin": [-1.25, 29.15, -9.1],
							"size": [1.25, 1, 14.275],
							"pivot": [0, 30.15, -9.1],
							"rotation": [0, 0, -18.75],
							"uv": {
								"north": {"uv": [116, 108], "uv_size": [1, 1]},
								"east": {"uv": [97, 17], "uv_size": [14, 1]},
								"south": {"uv": [116, 109], "uv_size": [1, 1]},
								"west": {"uv": [97, 44], "uv_size": [14, 1]},
								"up": {"uv": [51, 97], "uv_size": [1, 14]},
								"down": {"uv": [83, 111], "uv_size": [1, -14]}
							}
						},
						{
							"origin": [-1.2, 29.15, 5.75],
							"size": [2.4, 1, 4.9],
							"pivot": [1.2, 30.15, 5.15],
							"rotation": [-45.5, 0, 0],
							"uv": {
								"north": {"uv": [37, 115], "uv_size": [2, 1]},
								"east": {"uv": [111, 56], "uv_size": [5, 1]},
								"south": {"uv": [39, 115], "uv_size": [2, 1]},
								"west": {"uv": [112, 26], "uv_size": [5, 1]},
								"up": {"uv": [72, 17], "uv_size": [2, 5]},
								"down": {"uv": [16, 110], "uv_size": [2, -5]}
							}
						},
						{
							"origin": [-1, 28.8, 7.125],
							"size": [2, 1, 1.9],
							"inflate": -0.3,
							"pivot": [1, 29.8, 6.525],
							"rotation": [-51, 0, 0],
							"uv": {
								"north": {"uv": [41, 115], "uv_size": [2, 1]},
								"east": {"uv": [43, 115], "uv_size": [2, 1]},
								"south": {"uv": [115, 46], "uv_size": [2, 1]},
								"west": {"uv": [115, 47], "uv_size": [2, 1]},
								"up": {"uv": [24, 100], "uv_size": [2, 2]},
								"down": {"uv": [95, 102], "uv_size": [2, -2]}
							}
						},
						{
							"origin": [0.125, 29.15, 5.675],
							"size": [1.3, 1, 1],
							"inflate": -0.001,
							"pivot": [1.2, 30.15, 5.15],
							"rotation": [-48.3109, -17.23053, 18.39682],
							"uv": {
								"north": {"uv": [116, 110], "uv_size": [1, 1]},
								"east": {"uv": [116, 112], "uv_size": [1, 1]},
								"south": {"uv": [116, 115], "uv_size": [1, 1]},
								"west": {"uv": [116, 116], "uv_size": [1, 1]},
								"up": {"uv": [2, 117], "uv_size": [1, 1]},
								"down": {"uv": [4, 118], "uv_size": [1, -1]}
							}
						},
						{
							"origin": [-1.425, 29.15, 5.675],
							"size": [1.3, 1, 1],
							"inflate": -0.002,
							"pivot": [-1.2, 30.15, 5.15],
							"rotation": [-48.3109, 17.23053, -18.39682],
							"uv": {
								"north": {"uv": [117, 5], "uv_size": [1, 1]},
								"east": {"uv": [117, 6], "uv_size": [1, 1]},
								"south": {"uv": [117, 7], "uv_size": [1, 1]},
								"west": {"uv": [8, 117], "uv_size": [1, 1]},
								"up": {"uv": [117, 8], "uv_size": [1, 1]},
								"down": {"uv": [9, 118], "uv_size": [1, -1]}
							}
						},
						{
							"origin": [0, 29.15, -9.1],
							"size": [1.25, 1, 14.275],
							"pivot": [0, 30.15, -9.1],
							"rotation": [0, 0, 18.75],
							"uv": {
								"north": {"uv": [12, 117], "uv_size": [1, 1]},
								"east": {"uv": [97, 45], "uv_size": [14, 1]},
								"south": {"uv": [13, 117], "uv_size": [1, 1]},
								"west": {"uv": [98, 30], "uv_size": [14, 1]},
								"up": {"uv": [58, 98], "uv_size": [1, 14]},
								"down": {"uv": [31, 113], "uv_size": [1, -14]}
							}
						},
						{
							"origin": [-0.3, 29.45, 4.875],
							"size": [1, 1, 1.8],
							"inflate": -0.301,
							"pivot": [0, 30.15, 5.175],
							"rotation": [0, 75.75, 18.75],
							"uv": {
								"north": {"uv": [14, 117], "uv_size": [1, 1]},
								"east": {"uv": [75, 115], "uv_size": [2, 1]},
								"south": {"uv": [117, 15], "uv_size": [1, 1]},
								"west": {"uv": [81, 115], "uv_size": [2, 1]},
								"up": {"uv": [18, 102], "uv_size": [1, 2]},
								"down": {"uv": [102, 20], "uv_size": [1, -2]}
							}
						},
						{
							"origin": [-0.7, 29.45, 4.875],
							"size": [1, 1, 1.8],
							"inflate": -0.301,
							"pivot": [0, 30.15, 5.175],
							"rotation": [0, -75.75, -18.75],
							"uv": {
								"north": {"uv": [117, 16], "uv_size": [1, 1]},
								"east": {"uv": [83, 115], "uv_size": [2, 1]},
								"south": {"uv": [117, 17], "uv_size": [1, 1]},
								"west": {"uv": [115, 84], "uv_size": [2, 1]},
								"up": {"uv": [68, 102], "uv_size": [1, 2]},
								"down": {"uv": [102, 102], "uv_size": [1, -2]}
							}
						},
						{
							"origin": [1.475, 28.725, 5.675],
							"size": [1.25, 1, 2],
							"pivot": [1.2, 29.725, 5.9],
							"rotation": [0, 44.25, 77.75],
							"uv": {
								"north": {"uv": [117, 18], "uv_size": [1, 1]},
								"east": {"uv": [88, 115], "uv_size": [2, 1]},
								"south": {"uv": [117, 19], "uv_size": [1, 1]},
								"west": {"uv": [96, 115], "uv_size": [2, 1]},
								"up": {"uv": [103, 82], "uv_size": [1, 2]},
								"down": {"uv": [34, 107], "uv_size": [1, -2]}
							}
						},
						{
							"origin": [-2.725, 28.725, 5.675],
							"size": [1.25, 1, 2],
							"pivot": [-1.2, 29.725, 5.9],
							"rotation": [0, -44.25, -77.75],
							"uv": {
								"north": {"uv": [20, 117], "uv_size": [1, 1]},
								"east": {"uv": [115, 96], "uv_size": [2, 1]},
								"south": {"uv": [117, 20], "uv_size": [1, 1]},
								"west": {"uv": [98, 115], "uv_size": [2, 1]},
								"up": {"uv": [50, 105], "uv_size": [1, 2]},
								"down": {"uv": [73, 116], "uv_size": [1, -2]}
							}
						}
					]
				},
				{
					"name": "rail",
					"parent": "cover",
					"pivot": [1, 14, -3],
					"cubes": [
						{
							"origin": [-0.5, 29.9, -5.25],
							"size": [1, 1, 5],
							"uv": {
								"north": {"uv": [117, 69], "uv_size": [1, 1]},
								"east": {"uv": [113, 12], "uv_size": [5, 1]},
								"south": {"uv": [70, 117], "uv_size": [1, 1]},
								"west": {"uv": [113, 24], "uv_size": [5, 1]},
								"up": {"uv": [53, 112], "uv_size": [1, 5]},
								"down": {"uv": [54, 117], "uv_size": [1, -5]}
							}
						},
						{
							"origin": [-1, 30.15, -9.75],
							"size": [2, 1, 13],
							"uv": {
								"north": {"uv": [98, 116], "uv_size": [2, 1]},
								"east": {"uv": [99, 87], "uv_size": [13, 1]},
								"south": {"uv": [100, 116], "uv_size": [2, 1]},
								"west": {"uv": [100, 73], "uv_size": [13, 1]},
								"up": {"uv": [30, 86], "uv_size": [2, 13]},
								"down": {"uv": [86, 95], "uv_size": [2, -13]}
							}
						}
					]
				},
				{
					"name": "sights",
					"parent": "cover",
					"pivot": [-1.75, 31.625, -7.575],
					"cubes": [
						{
							"origin": [0.5, 30.6, -6.05],
							"size": [1, 1.1, 3.5],
							"inflate": -0.001,
							"pivot": [1.5, 31.7, -2.55],
							"rotation": [16.75, 0, 0],
							"uv": {
								"north": {"uv": [37, 117], "uv_size": [1, 1]},
								"east": {"uv": [114, 61], "uv_size": [4, 1]},
								"south": {"uv": [38, 117], "uv_size": [1, 1]},
								"west": {"uv": [114, 62], "uv_size": [4, 1]},
								"up": {"uv": [45, 114], "uv_size": [1, 4]},
								"down": {"uv": [46, 118], "uv_size": [1, -4]}
							}
						},
						{
							"origin": [-1.5, 30.6, -6.05],
							"size": [1, 1.1, 3.5],
							"inflate": -0.001,
							"pivot": [-1.5, 31.7, -2.55],
							"rotation": [16.75, 0, 0],
							"uv": {
								"north": {"uv": [39, 117], "uv_size": [1, 1]},
								"east": {"uv": [114, 63], "uv_size": [4, 1]},
								"south": {"uv": [40, 117], "uv_size": [1, 1]},
								"west": {"uv": [114, 64], "uv_size": [4, 1]},
								"up": {"uv": [64, 114], "uv_size": [1, 4]},
								"down": {"uv": [68, 118], "uv_size": [1, -4]}
							}
						},
						{
							"origin": [0.35, 30.525, -8.575],
							"size": [1.9, 1, 1],
							"inflate": -0.001,
							"pivot": [1.75, 31.625, -7.575],
							"rotation": [24.25, 0, 0],
							"uv": {
								"north": {"uv": [116, 36], "uv_size": [2, 1]},
								"east": {"uv": [41, 117], "uv_size": [1, 1]},
								"south": {"uv": [37, 116], "uv_size": [2, 1]},
								"west": {"uv": [42, 117], "uv_size": [1, 1]},
								"up": {"uv": [116, 37], "uv_size": [2, 1]},
								"down": {"uv": [116, 39], "uv_size": [2, -1]}
							}
						},
						{
							"origin": [-0.075, 30.65, -9.375],
							"size": [1.65, 1, 7.6],
							"inflate": -0.3,
							"uv": {
								"north": {"uv": [39, 116], "uv_size": [2, 1]},
								"east": {"uv": [72, 68], "uv_size": [8, 1]},
								"south": {"uv": [116, 39], "uv_size": [2, 1]},
								"west": {"uv": [106, 66], "uv_size": [8, 1]},
								"up": {"uv": [43, 97], "uv_size": [2, 8]},
								"down": {"uv": [45, 105], "uv_size": [2, -8]}
							}
						},
						{
							"origin": [-0.075, 30.65, -10.075],
							"size": [1.65, 1, 1.3],
							"inflate": -0.301,
							"pivot": [1.275, 30.95, -9.075],
							"rotation": [-73.75, 0, 0],
							"uv": {
								"north": {"uv": [41, 116], "uv_size": [2, 1]},
								"east": {"uv": [43, 117], "uv_size": [1, 1]},
								"south": {"uv": [116, 41], "uv_size": [2, 1]},
								"west": {"uv": [117, 43], "uv_size": [1, 1]},
								"up": {"uv": [116, 42], "uv_size": [2, 1]},
								"down": {"uv": [43, 117], "uv_size": [2, -1]}
							}
						},
						{
							"origin": [-1.575, 30.65, -10.075],
							"size": [1.65, 1, 1.3],
							"inflate": -0.301,
							"pivot": [-1.275, 30.95, -9.075],
							"rotation": [-73.75, 0, 0],
							"uv": {
								"north": {"uv": [116, 56], "uv_size": [2, 1]},
								"east": {"uv": [44, 117], "uv_size": [1, 1]},
								"south": {"uv": [73, 116], "uv_size": [2, 1]},
								"west": {"uv": [117, 46], "uv_size": [1, 1]},
								"up": {"uv": [75, 116], "uv_size": [2, 1]},
								"down": {"uv": [81, 117], "uv_size": [2, -1]}
							}
						},
						{
							"origin": [-1.575, 30.65, -9.375],
							"size": [1.65, 1, 7.6],
							"inflate": -0.3,
							"uv": {
								"north": {"uv": [83, 116], "uv_size": [2, 1]},
								"east": {"uv": [107, 105], "uv_size": [8, 1]},
								"south": {"uv": [85, 116], "uv_size": [2, 1]},
								"west": {"uv": [108, 90], "uv_size": [8, 1]},
								"up": {"uv": [47, 97], "uv_size": [2, 8]},
								"down": {"uv": [49, 105], "uv_size": [2, -8]}
							}
						},
						{
							"origin": [-2.25, 30.525, -8.575],
							"size": [1.9, 1, 1],
							"inflate": -0.001,
							"pivot": [-1.75, 31.625, -7.575],
							"rotation": [24.25, 0, 0],
							"uv": {
								"north": {"uv": [116, 86], "uv_size": [2, 1]},
								"east": {"uv": [47, 117], "uv_size": [1, 1]},
								"south": {"uv": [87, 116], "uv_size": [2, 1]},
								"west": {"uv": [117, 47], "uv_size": [1, 1]},
								"up": {"uv": [116, 90], "uv_size": [2, 1]},
								"down": {"uv": [96, 117], "uv_size": [2, -1]}
							}
						},
						{
							"origin": [-0.575, 30.65, -9.775],
							"size": [1.15, 1, 1],
							"inflate": -0.302,
							"pivot": [-0.275, 30.95, -9.075],
							"rotation": [-73.75, 0, 0],
							"uv": {
								"north": {"uv": [48, 117], "uv_size": [1, 1]},
								"east": {"uv": [117, 48], "uv_size": [1, 1]},
								"south": {"uv": [49, 117], "uv_size": [1, 1]},
								"west": {"uv": [117, 49], "uv_size": [1, 1]},
								"up": {"uv": [50, 117], "uv_size": [1, 1]},
								"down": {"uv": [117, 51], "uv_size": [1, -1]}
							}
						},
						{
							"origin": [-0.45, 30.35, -8.575],
							"size": [1, 1, 1],
							"inflate": -0.002,
							"pivot": [-1.75, 31.625, -7.575],
							"rotation": [24.25, 0, 0],
							"uv": {
								"north": {"uv": [51, 117], "uv_size": [1, 1]},
								"east": {"uv": [117, 51], "uv_size": [1, 1]},
								"south": {"uv": [52, 117], "uv_size": [1, 1]},
								"west": {"uv": [117, 52], "uv_size": [1, 1]},
								"up": {"uv": [53, 117], "uv_size": [1, 1]},
								"down": {"uv": [117, 54], "uv_size": [1, -1]}
							}
						}
					]
				},
				{
					"name": "rightarm",
					"parent": "main",
					"pivot": [-4.3, 8.8, 21.8],
					"rotation": [-101.81106, -12.40003, -2.46982],
					"cubes": [
						{
							"origin": [-8.3, -15.2, 17.8],
							"size": [8, 24, 8],
							"uv": {
								"north": {"uv": [44, 91], "uv_size": [8, 24]},
								"east": {"uv": [36, 91], "uv_size": [8, 24]},
								"south": {"uv": [60, 91], "uv_size": [8, 24]},
								"west": {"uv": [52, 91], "uv_size": [8, 24]},
								"up": {"uv": [44, 83], "uv_size": [8, 8]},
								"down": {"uv": [52, 91], "uv_size": [8, -8]}
							}
						}
					]
				},
				{
					"name": "leftarm",
					"parent": "main",
					"pivot": [16, 7.4, 2.3],
					"rotation": [-96.57681, -11.10136, -90.81493],
					"cubes": [
						{
							"origin": [12, -16.6, -1.7],
							"size": [8, 24, 8],
							"uv": {
								"north": {"uv": [88, 87], "uv_size": [8, 24]},
								"east": {"uv": [80, 87], "uv_size": [8, 24]},
								"south": {"uv": [104, 87], "uv_size": [8, 24]},
								"west": {"uv": [96, 87], "uv_size": [8, 24]},
								"up": {"uv": [88, 79], "uv_size": [8, 8]},
								"down": {"uv": [96, 87], "uv_size": [8, -8]}
							}
						}
					]
				},
				{
					"name": "scope",
					"parent": "main",
					"pivot": [0, 32.7, 8.25],
					"cubes": [
						{
							"origin": [-0.5, 31.225, 7.95],
							"size": [1, 1, 1],
							"inflate": -0.4,
							"uv": {
								"north": {"uv": [28, 70], "uv_size": [1, 1]},
								"east": {"uv": [27, 70], "uv_size": [1, 1]},
								"south": {"uv": [30, 70], "uv_size": [1, 1]},
								"west": {"uv": [29, 70], "uv_size": [1, 1]},
								"up": {"uv": [28, 69], "uv_size": [1, 1]},
								"down": {"uv": [29, 70], "uv_size": [1, -1]}
							}
						}
					]
				},
				{
					"name": "muzzleflash",
					"parent": "main",
					"pivot": [0, 25.1, -107.5],
					"cubes": [
						{
							"origin": [-0.5, 24.6, -107.8],
							"size": [1, 1, 1],
							"inflate": -0.4,
							"uv": {
								"north": {"uv": [46, 63], "uv_size": [1, 1]},
								"east": {"uv": [45, 63], "uv_size": [1, 1]},
								"south": {"uv": [48, 63], "uv_size": [1, 1]},
								"west": {"uv": [47, 63], "uv_size": [1, 1]},
								"up": {"uv": [46, 62], "uv_size": [1, 1]},
								"down": {"uv": [47, 63], "uv_size": [1, -1]}
							}
						}
					]
				}
			]
		}
	]
}