{
	"format_version": "1.12.0",
	"minecraft:geometry": [
		{
			"description": {
				"identifier": "geometry.unknown",
				"texture_width": 256,
				"texture_height": 256,
				"visible_bounds_width": 9,
				"visible_bounds_height": 1.5,
				"visible_bounds_offset": [0, 0.25, 0]
			},
			"bones": [
				{
					"name": "rocket",
					"pivot": [0, 0.5, -43.4],
					"cubes": [
						{"origin": [-1, -4.44345, -13.86244], "size": [2, 1, 3], "uv": [65, 30]},
						{"origin": [-1, 4.27145, -13.86244], "size": [2, 1, 3], "uv": [65, 26]},
						{"origin": [-1, -4.44345, -13.86244], "size": [2, 1, 3], "pivot": [0, 0.414, -11.86244], "rotation": [0, 0, 45], "uv": [27, 63]},
						{"origin": [-1, 4.27145, -13.86244], "size": [2, 1, 3], "pivot": [0, 0.414, -11.86244], "rotation": [0, 0, 45], "uv": [56, 62]},
						{"origin": [-1, -4.44345, -13.86244], "size": [2, 1, 3], "pivot": [0, 0.414, -11.86244], "rotation": [0, 0, 90], "uv": [56, 53]},
						{"origin": [-1, 4.27145, -13.86244], "size": [2, 1, 3], "pivot": [0, 0.414, -11.86244], "rotation": [0, 0, 90], "uv": [56, 49]},
						{"origin": [-1, -4.44345, -13.86244], "size": [2, 1, 3], "pivot": [0, 0.414, -11.86244], "rotation": [0, 0, 135], "uv": [52, 30]},
						{"origin": [-1, 4.27145, -13.86244], "size": [2, 1, 3], "pivot": [0, 0.414, -11.86244], "rotation": [0, 0, 135], "uv": [52, 26]},
						{"origin": [-0.75, -4.44345, -13.86244], "size": [1.5, 1, 3], "uv": [18, 53]},
						{"origin": [-0.75, 4.27145, -13.86244], "size": [1.5, 1, 3], "uv": [30, 49]},
						{"origin": [-0.75, -4.44345, -13.86244], "size": [1.5, 1, 3], "pivot": [0, 0.414, -11.86244], "rotation": [0, 0, 45], "uv": [18, 49]},
						{"origin": [-0.75, 4.27145, -13.86244], "size": [1.5, 1, 3], "pivot": [0, 0.414, -11.86244], "rotation": [0, 0, 45], "uv": [23, 34]},
						{"origin": [-0.75, -4.44345, -13.86244], "size": [1.5, 1, 3], "pivot": [0, 0.414, -11.86244], "rotation": [0, 0, 90], "uv": [23, 30]},
						{"origin": [-0.75, 4.27145, -13.86244], "size": [1.5, 1, 3], "pivot": [0, 0.414, -11.86244], "rotation": [0, 0, 90], "uv": [11, 30]},
						{"origin": [-0.75, -4.44345, -13.86244], "size": [1.5, 1, 3], "pivot": [0, 0.414, -11.86244], "rotation": [0, 0, 135], "uv": [23, 25]},
						{"origin": [-0.75, 4.27145, -13.86244], "size": [1.5, 1, 3], "pivot": [0, 0.414, -11.86244], "rotation": [0, 0, 135], "uv": [23, 21]},
						{"origin": [-1, -0.5, -44.9], "size": [2, 2, 4], "pivot": [0, 0.5, -43.4], "rotation": [0, 0, 20], "uv": [52, 13]},
						{"origin": [-1.5, -1, 12.1], "size": [3, 3, 46], "pivot": [0, 0.5, 13.6], "rotation": [0, 0, 20], "uv": [0, 0]}
					]
				},
				{
					"name": "bone23",
					"parent": "rocket",
					"pivot": [0, 0.414, 49],
					"cubes": [
						{"origin": [-1, -2, 11], "size": [2, 1, 3], "pivot": [0, -2, 11], "rotation": [-17.5, 0, 0], "uv": [36, 41]},
						{"origin": [-1, 1.828, 11], "size": [2, 1, 3], "pivot": [0, 2.828, 11], "rotation": [17.5, 0, 0], "uv": [26, 41]},
						{"origin": [-3.414, 0.414, 11], "size": [2, 1, 3], "pivot": [-2.414, 0.414, 11], "rotation": [-17.5, 0, 90], "uv": [36, 0]},
						{"origin": [1.414, -0.586, 11], "size": [2, 1, 3], "pivot": [2.414, 0.414, 11], "rotation": [17.5, 0, 90], "uv": [35, 34]},
						{"origin": [-1, -2.22027, 11.777], "size": [2, 1, 3], "pivot": [0, 0.414, 12.10407], "rotation": [-17.5, 0, 45], "uv": [35, 30]},
						{"origin": [-1, 2.04827, 11.777], "size": [2, 1, 3], "pivot": [0, 0.414, 12.10407], "rotation": [17.5, 0, 45], "uv": [35, 25]},
						{"origin": [-1, -2.22027, 11.777], "size": [2, 1, 3], "pivot": [0, 0.414, 12.10407], "rotation": [-17.5, 0, 135], "uv": [35, 21]},
						{"origin": [-1, 2.04827, 11.777], "size": [2, 1, 3], "pivot": [0, 0.414, 12.10407], "rotation": [17.5, 0, 135], "uv": [8, 0]}
					]
				},
				{
					"name": "bone22",
					"parent": "rocket",
					"pivot": [0, 0.414, -19.45],
					"cubes": [
						{"origin": [-1, -4.604, -14.05], "size": [2, 2, 4], "inflate": 0.01, "uv": [94, 13]},
						{"origin": [-1, 3.451, -14.05], "size": [2, 2, 4], "inflate": 0.01, "uv": [94, 6]},
						{"origin": [-1, -4.604, -14.05], "size": [2, 2, 4], "pivot": [0, 0.4235, -13.55], "rotation": [0, 0, 22.5], "uv": [94, 0]},
						{"origin": [-1, 3.451, -14.05], "size": [2, 2, 4], "pivot": [0, 0.4235, -13.55], "rotation": [0, 0, 22.5], "uv": [0, 94]},
						{"origin": [-1, -4.604, -14.05], "size": [2, 2, 4], "inflate": 0.01, "pivot": [0, 0.4235, -13.55], "rotation": [0, 0, 45], "uv": [84, 89]},
						{"origin": [-1, 3.451, -14.05], "size": [2, 2, 4], "inflate": 0.01, "pivot": [0, 0.4235, -13.55], "rotation": [0, 0, 45], "uv": [0, 88]},
						{"origin": [-1, -4.604, -14.05], "size": [2, 2, 4], "pivot": [0, 0.4235, -13.55], "rotation": [0, 0, 67.5], "uv": [84, 68]},
						{"origin": [-1, 3.451, -14.05], "size": [2, 2, 4], "pivot": [0, 0.4235, -13.55], "rotation": [0, 0, 67.5], "uv": [84, 62]},
						{"origin": [-1, -4.604, -14.05], "size": [2, 2, 4], "inflate": 0.01, "pivot": [0, 0.4235, -13.55], "rotation": [0, 0, 90], "uv": [84, 55]},
						{"origin": [-1, 3.451, -14.05], "size": [2, 2, 4], "inflate": 0.01, "pivot": [0, 0.4235, -13.55], "rotation": [0, 0, 90], "uv": [84, 49]},
						{"origin": [-1, -4.604, -14.05], "size": [2, 2, 4], "pivot": [0, 0.4235, -13.55], "rotation": [0, 0, 112.5], "uv": [82, 39]},
						{"origin": [-1, 3.451, -14.05], "size": [2, 2, 4], "pivot": [0, 0.4235, -13.55], "rotation": [0, 0, 112.5], "uv": [0, 72]},
						{"origin": [-1, -4.604, -14.05], "size": [2, 2, 4], "inflate": 0.01, "pivot": [0, 0.4235, -13.55], "rotation": [0, 0, 135], "uv": [42, 68]},
						{"origin": [-1, 3.451, -14.05], "size": [2, 2, 4], "inflate": 0.01, "pivot": [0, 0.4235, -13.55], "rotation": [0, 0, 135], "uv": [0, 66]},
						{"origin": [-1, -4.604, -14.05], "size": [2, 2, 4], "pivot": [0, 0.4235, -13.55], "rotation": [0, 0, 157.5], "uv": [42, 62]},
						{"origin": [-1, 3.451, -14.05], "size": [2, 2, 4], "pivot": [0, 0.4235, -13.55], "rotation": [0, 0, 157.5], "uv": [52, 19]}
					]
				},
				{
					"name": "bone20",
					"parent": "rocket",
					"pivot": [0, 0.414, 3.85439]
				},
				{
					"name": "bone21",
					"parent": "bone20",
					"pivot": [0, 0.414, 3.85439],
					"rotation": [0, 0, -22.5]
				},
				{
					"name": "bone17",
					"parent": "rocket",
					"pivot": [0, 0.414, -31.85439],
					"cubes": [
						{"origin": [-0.75, -2.31154, -40.68705], "size": [1.5, 1, 27], "pivot": [0, 0.414, -31.85439], "rotation": [-6.8, 0, 0], "uv": [168, 153]},
						{"origin": [-0.75, 2.13954, -40.68705], "size": [1.5, 1, 27], "pivot": [0, 0.414, -31.85439], "rotation": [6.8, 0, 0], "uv": [165, 114]},
						{"origin": [-0.75, -2.31154, -40.68705], "size": [1.5, 1, 27], "pivot": [0, 0.414, -31.85439], "rotation": [-6.8, 0, 90], "uv": [165, 72]},
						{"origin": [-0.75, 2.13954, -40.68705], "size": [1.5, 1, 27], "pivot": [0, 0.414, -31.85439], "rotation": [6.8, 0, 90], "uv": [165, 29]},
						{"origin": [-0.75, -2.31154, -40.68705], "size": [1.5, 1, 27], "pivot": [0, 0.414, -31.85439], "rotation": [-6.8, 0, -45], "uv": [29, 165]},
						{"origin": [-0.75, 2.13954, -40.68705], "size": [1.5, 1, 27], "pivot": [0, 0.414, -31.85439], "rotation": [6.8, 0, -45], "uv": [0, 163]},
						{"origin": [-0.75, -2.31154, -40.68705], "size": [1.5, 1, 27], "pivot": [0, 0.414, -31.85439], "rotation": [-6.8, 0, 45], "uv": [162, 1]},
						{"origin": [-0.75, 2.13954, -40.68705], "size": [1.5, 1, 27], "pivot": [0, 0.414, -31.85439], "rotation": [6.8, 0, 45], "uv": [133, 0]}
					]
				},
				{
					"name": "bone18",
					"parent": "bone17",
					"pivot": [0, 0.414, -31.85439],
					"rotation": [0, 0, -22.5],
					"cubes": [
						{"origin": [-0.5, -2.31154, -34.68705], "size": [1, 1, 11], "pivot": [0, 0.414, -31.85439], "rotation": [-6.8, 0, 0], "uv": [14, 88]},
						{"origin": [-0.5, 2.13954, -34.68705], "size": [1, 1, 11], "pivot": [0, 0.414, -31.85439], "rotation": [6.8, 0, 0], "uv": [42, 75]},
						{"origin": [-0.5, -2.31154, -34.68705], "size": [1, 1, 11], "pivot": [0, 0.414, -31.85439], "rotation": [-6.8, 0, 90], "uv": [14, 66]},
						{"origin": [-0.5, 2.13954, -34.68705], "size": [1, 1, 11], "pivot": [0, 0.414, -31.85439], "rotation": [6.8, 0, 90], "uv": [66, 13]},
						{"origin": [-0.5, -2.31154, -34.68705], "size": [1, 1, 11], "pivot": [0, 0.414, -31.85439], "rotation": [-6.8, 0, -45], "uv": [66, 0]},
						{"origin": [-0.5, 2.13954, -34.68705], "size": [1, 1, 11], "pivot": [0, 0.414, -31.85439], "rotation": [6.8, 0, -45], "uv": [56, 62]},
						{"origin": [-0.5, -2.31154, -34.68705], "size": [1, 1, 11], "pivot": [0, 0.414, -31.85439], "rotation": [-6.8, 0, 45], "uv": [56, 49]},
						{"origin": [-0.5, 2.13954, -34.68705], "size": [1, 1, 11], "pivot": [0, 0.414, -31.85439], "rotation": [6.8, 0, 45], "uv": [52, 26]}
					]
				},
				{
					"name": "bone19",
					"parent": "bone17",
					"pivot": [0, 0.414, -31.85439],
					"rotation": [0, 0, -22.5],
					"cubes": [
						{"origin": [-1, -2.31154, -23.68705], "size": [2, 1, 10], "pivot": [0, 0.414, -31.85439], "rotation": [-6.8, 0, 0], "uv": [56, 102]},
						{"origin": [-1, 2.13954, -23.68705], "size": [2, 1, 10], "pivot": [0, 0.414, -31.85439], "rotation": [6.8, 0, 0], "uv": [14, 101]},
						{"origin": [-1, -2.31154, -23.68705], "size": [2, 1, 10], "pivot": [0, 0.414, -31.85439], "rotation": [-6.8, 0, 90], "uv": [98, 89]},
						{"origin": [-1, 2.13954, -23.68705], "size": [2, 1, 10], "pivot": [0, 0.414, -31.85439], "rotation": [6.8, 0, 90], "uv": [98, 62]},
						{"origin": [-1, -2.31154, -23.68705], "size": [2, 1, 10], "pivot": [0, 0.414, -31.85439], "rotation": [-6.8, 0, -45], "uv": [98, 50]},
						{"origin": [-1, 2.13954, -23.68705], "size": [2, 1, 10], "pivot": [0, 0.414, -31.85439], "rotation": [6.8, 0, -45], "uv": [98, 39]},
						{"origin": [-1, -2.31154, -23.68705], "size": [2, 1, 10], "pivot": [0, 0.414, -31.85439], "rotation": [-6.8, 0, 45], "uv": [55, 75]},
						{"origin": [-1, 2.13954, -23.68705], "size": [2, 1, 10], "pivot": [0, 0.414, -31.85439], "rotation": [6.8, 0, 45], "uv": [65, 26]}
					]
				},
				{
					"name": "bone15",
					"parent": "rocket",
					"pivot": [0, 0.414, 6.85439],
					"cubes": [
						{"origin": [-1, -2.31154, -11.31295], "size": [2, 1, 22], "pivot": [0, 0.414, 6.85439], "rotation": [6.8, 0, 0], "uv": [89, 193]},
						{"origin": [-1, 2.13954, -11.31295], "size": [2, 1, 22], "pivot": [0, 0.414, 6.85439], "rotation": [-6.8, 0, 0], "uv": [26, 193]},
						{"origin": [-1, -2.31154, -11.31295], "size": [2, 1, 22], "pivot": [0, 0.414, 6.85439], "rotation": [6.8, 0, 90], "uv": [63, 192]},
						{"origin": [-1, 2.13954, -11.31295], "size": [2, 1, 22], "pivot": [0, 0.414, 6.85439], "rotation": [-6.8, 0, 90], "uv": [191, 0]},
						{"origin": [-1, -2.31154, -11.31295], "size": [2, 1, 22], "pivot": [0, 0.414, 6.85439], "rotation": [6.8, 0, -45], "uv": [0, 191]},
						{"origin": [-1, 2.13954, -11.31295], "size": [2, 1, 22], "pivot": [0, 0.414, 6.85439], "rotation": [-6.8, 0, -45], "uv": [130, 189]},
						{"origin": [-1, -2.31154, -11.31295], "size": [2, 1, 22], "pivot": [0, 0.414, 6.85439], "rotation": [6.8, 0, 45], "uv": [181, 181]},
						{"origin": [-1, 2.13954, -11.31295], "size": [2, 1, 22], "pivot": [0, 0.414, 6.85439], "rotation": [-6.8, 0, 45], "uv": [58, 164]}
					]
				},
				{
					"name": "bone16",
					"parent": "bone15",
					"pivot": [0, 0.414, 6.85439],
					"rotation": [0, 0, -22.5],
					"cubes": [
						{"origin": [-0.75, -2.31154, -11.31295], "size": [1.5, 1, 12], "pivot": [0, 0.414, 6.85439], "rotation": [6.8, 0, 0], "uv": [0, 88]},
						{"origin": [-0.75, 2.13954, -11.31295], "size": [1.5, 1, 12], "pivot": [0, 0.414, 6.85439], "rotation": [-6.8, 0, 0], "uv": [84, 62]},
						{"origin": [-0.75, -2.31154, -11.31295], "size": [1.5, 1, 12], "pivot": [0, 0.414, 6.85439], "rotation": [6.8, 0, 90], "uv": [84, 49]},
						{"origin": [-0.75, 2.13954, -11.31295], "size": [1.5, 1, 12], "pivot": [0, 0.414, 6.85439], "rotation": [-6.8, 0, 90], "uv": [0, 66]},
						{"origin": [-0.75, -2.31154, -11.31295], "size": [1.5, 1, 12], "pivot": [0, 0.414, 6.85439], "rotation": [6.8, 0, -45], "uv": [42, 62]},
						{"origin": [-0.75, 2.13954, -11.31295], "size": [1.5, 1, 12], "pivot": [0, 0.414, 6.85439], "rotation": [-6.8, 0, -45], "uv": [52, 13]},
						{"origin": [-0.75, -2.31154, -11.31295], "size": [1.5, 1, 12], "pivot": [0, 0.414, 6.85439], "rotation": [6.8, 0, 45], "uv": [52, 0]},
						{"origin": [-0.75, 2.13954, -11.31295], "size": [1.5, 1, 12], "pivot": [0, 0.414, 6.85439], "rotation": [-6.8, 0, 45], "uv": [42, 49]}
					]
				},
				{
					"name": "nozzle",
					"pivot": [0, 0.5, 59.6],
					"cubes": [
						{
							"origin": [0, 0.5, 58.6],
							"size": [1, 1, 1],
							"inflate": -0.6,
							"uv": {
								"north": {"uv": [0, 0], "uv_size": [1, 1]},
								"east": {"uv": [0, 0], "uv_size": [1, 1]},
								"south": {"uv": [0, 0], "uv_size": [1, 1]},
								"west": {"uv": [0, 0], "uv_size": [1, 1]},
								"up": {"uv": [1, 1], "uv_size": [-1, -1]},
								"down": {"uv": [1, 1], "uv_size": [-1, -1]}
							}
						}
					]
				}
			]
		}
	]
}