{
	"format_version": "1.12.0",
	"minecraft:geometry": [
		{
			"description": {
				"identifier": "geometry.unknown",
				"texture_width": 128,
				"texture_height": 128,
				"visible_bounds_width": 10,
				"visible_bounds_height": 3,
				"visible_bounds_offset": [0, 0.5, 0]
			},
			"bones": [
				{
					"name": "bb_main",
					"pivot": [0, 0, 0]
				},
				{
					"name": "main",
					"pivot": [0, 4, 0]
				},
				{
					"name": "gun",
					"parent": "main",
					"pivot": [8.25, 20, 0]
				},
				{
					"name": "reciever",
					"parent": "gun",
					"pivot": [0.501, 5.02919, -10.19589]
				},
				{
					"name": "body",
					"parent": "reciever",
					"pivot": [-1.5, 0.01782, -12.59642],
					"cubes": [
						{
							"origin": [-1.75, 4.75, -6.44589],
							"size": [2, 3, 17],
							"uv": {
								"north": {"uv": [72, 66], "uv_size": [2, 3]},
								"east": {"uv": [46, 60], "uv_size": [17, 3]},
								"south": {"uv": [93, 48], "uv_size": [2, 3]},
								"west": {"uv": [60, 52], "uv_size": [17, 3]},
								"up": {"uv": [23, 61], "uv_size": [2, 17]},
								"down": {"uv": [56, 83], "uv_size": [2, -17]}
							}
						},
						{
							"origin": [-1.75, 4.75, -45.44589],
							"size": [3.5, 3, 31],
							"inflate": 0.001,
							"uv": {
								"north": {"uv": [83, 85], "uv_size": [4, 3]},
								"east": {"uv": [24, 24], "uv_size": [31, 3]},
								"south": {"uv": [86, 48], "uv_size": [4, 3]},
								"west": {"uv": [24, 27], "uv_size": [31, 3]},
								"up": {"uv": [0, 14], "uv_size": [4, 31]},
								"down": {"uv": [4, 45], "uv_size": [4, -31]}
							}
						},
						{
							"origin": [0.751, 4.75, -14.44589],
							"size": [1, 3, 13],
							"inflate": 0.001,
							"uv": {
								"north": {"uv": [70, 99], "uv_size": [1, 3]},
								"east": {"uv": [56, 63], "uv_size": [13, 3]},
								"south": {"uv": [71, 99], "uv_size": [1, 3]},
								"west": {"uv": [63, 60], "uv_size": [13, 3]},
								"up": {"uv": [9, 84], "uv_size": [1, 13]},
								"down": {"uv": [10, 97], "uv_size": [1, -13]}
							}
						},
						{
							"origin": [-1.75, 4.5, -14.44589],
							"size": [3.5, 2, 23],
							"inflate": -0.002,
							"uv": {
								"north": {"uv": [90, 10], "uv_size": [4, 2]},
								"east": {"uv": [61, 44], "uv_size": [23, 2]},
								"south": {"uv": [90, 69], "uv_size": [4, 2]},
								"west": {"uv": [61, 46], "uv_size": [23, 2]},
								"up": {"uv": [24, 30], "uv_size": [4, 23]},
								"down": {"uv": [28, 53], "uv_size": [4, -23]}
							}
						},
						{
							"origin": [-0.249, 4.75, 8.55411],
							"size": [2, 3, 2],
							"inflate": -0.001,
							"uv": {
								"north": {"uv": [94, 74], "uv_size": [2, 3]},
								"east": {"uv": [94, 77], "uv_size": [2, 3]},
								"south": {"uv": [87, 94], "uv_size": [2, 3]},
								"west": {"uv": [89, 94], "uv_size": [2, 3]},
								"up": {"uv": [98, 78], "uv_size": [2, 2]},
								"down": {"uv": [98, 83], "uv_size": [2, -2]}
							}
						},
						{
							"origin": [-0.8446, 0.75, -8],
							"size": [1.6893, 4, 22],
							"uv": {
								"north": {"uv": [5, 67], "uv_size": [2, 4]},
								"east": {"uv": [28, 0], "uv_size": [22, 4]},
								"south": {"uv": [56, 90], "uv_size": [2, 4]},
								"west": {"uv": [28, 4], "uv_size": [22, 4]},
								"up": {"uv": [36, 58], "uv_size": [2, 22]},
								"down": {"uv": [11, 82], "uv_size": [2, -22]}
							}
						},
						{
							"origin": [-0.8446, 2.04211, -35.5943],
							"size": [1.6893, 4, 13],
							"uv": {
								"north": {"uv": [89, 90], "uv_size": [2, 4]},
								"east": {"uv": [55, 22], "uv_size": [13, 4]},
								"south": {"uv": [38, 91], "uv_size": [2, 4]},
								"west": {"uv": [55, 26], "uv_size": [13, 4]},
								"up": {"uv": [54, 70], "uv_size": [2, 13]},
								"down": {"uv": [9, 84], "uv_size": [2, -13]}
							}
						},
						{
							"origin": [-0.8446, 1.7011, -22.78383],
							"size": [1.6893, 4, 15],
							"pivot": [-1, 3.7011, -18.78383],
							"rotation": [-5, 0, 0],
							"uv": {
								"north": {"uv": [64, 90], "uv_size": [2, 4]},
								"east": {"uv": [46, 44], "uv_size": [15, 4]},
								"south": {"uv": [87, 90], "uv_size": [2, 4]},
								"west": {"uv": [46, 48], "uv_size": [15, 4]},
								"up": {"uv": [58, 66], "uv_size": [2, 15]},
								"down": {"uv": [60, 81], "uv_size": [2, -15]}
							}
						},
						{
							"origin": [-0.8446, -1.98218, -45.59642],
							"size": [1.6893, 4, 10],
							"pivot": [-1, 0.01782, -12.59642],
							"rotation": [-10, 0, 0],
							"uv": {
								"north": {"uv": [40, 91], "uv_size": [2, 4]},
								"east": {"uv": [61, 48], "uv_size": [10, 4]},
								"south": {"uv": [42, 91], "uv_size": [2, 4]},
								"west": {"uv": [46, 63], "uv_size": [10, 4]},
								"up": {"uv": [52, 77], "uv_size": [2, 10]},
								"down": {"uv": [22, 88], "uv_size": [2, -10]}
							}
						},
						{
							"origin": [-1.749, 5.63478, -6.86664],
							"size": [1, 2, 1],
							"inflate": -0.003,
							"pivot": [-1.249, 6.63478, -6.36664],
							"rotation": [-22.5, 0, 0],
							"uv": {
								"north": {"uv": [102, 9], "uv_size": [1, 2]},
								"east": {"uv": [102, 14], "uv_size": [1, 2]},
								"south": {"uv": [15, 102], "uv_size": [1, 2]},
								"west": {"uv": [16, 102], "uv_size": [1, 2]},
								"up": {"uv": [36, 103], "uv_size": [1, 1]},
								"down": {"uv": [103, 37], "uv_size": [1, -1]}
							}
						},
						{
							"origin": [-1.749, 5.63478, -15.02515],
							"size": [1, 2, 1],
							"inflate": -0.003,
							"pivot": [-1.249, 6.63478, -14.52515],
							"rotation": [22.5, 0, 0],
							"uv": {
								"north": {"uv": [18, 102], "uv_size": [1, 2]},
								"east": {"uv": [19, 102], "uv_size": [1, 2]},
								"south": {"uv": [102, 23], "uv_size": [1, 2]},
								"west": {"uv": [102, 27], "uv_size": [1, 2]},
								"up": {"uv": [37, 103], "uv_size": [1, 1]},
								"down": {"uv": [103, 38], "uv_size": [1, -1]}
							}
						}
					]
				},
				{
					"name": "side",
					"parent": "reciever",
					"pivot": [-2.5, 0.01782, -12.59642],
					"cubes": [
						{
							"origin": [-1.75, -1.56598, -45.52304],
							"size": [1, 3, 10],
							"inflate": -0.001,
							"pivot": [-0.00091, 0.43402, -12.52304],
							"rotation": [-10, 0, 0],
							"uv": {
								"north": {"uv": [59, 99], "uv_size": [1, 3]},
								"east": {"uv": [68, 21], "uv_size": [10, 3]},
								"south": {"uv": [60, 99], "uv_size": [1, 3]},
								"west": {"uv": [68, 24], "uv_size": [10, 3]},
								"up": {"uv": [22, 88], "uv_size": [1, 10]},
								"down": {"uv": [23, 98], "uv_size": [1, -10]}
							}
						},
						{
							"origin": [-0.92909, 3.00758, -45.14854],
							"size": [1, 1, 10],
							"pivot": [-0.67909, 5.00758, -40.14854],
							"rotation": [-9.07947, 4.20854, 24.66569],
							"uv": {
								"north": {"uv": [102, 93], "uv_size": [1, 1]},
								"east": {"uv": [86, 60], "uv_size": [10, 1]},
								"south": {"uv": [94, 102], "uv_size": [1, 1]},
								"west": {"uv": [88, 55], "uv_size": [10, 1]},
								"up": {"uv": [75, 88], "uv_size": [1, 10]},
								"down": {"uv": [76, 98], "uv_size": [1, -10]}
							}
						},
						{
							"origin": [-1.75, 2.46473, -35.5943],
							"size": [1, 4, 13],
							"uv": {
								"north": {"uv": [18, 97], "uv_size": [1, 4]},
								"east": {"uv": [13, 57], "uv_size": [13, 4]},
								"south": {"uv": [19, 97], "uv_size": [1, 4]},
								"west": {"uv": [59, 56], "uv_size": [13, 4]},
								"up": {"uv": [70, 83], "uv_size": [1, 13]},
								"down": {"uv": [71, 96], "uv_size": [1, -13]}
							}
						},
						{
							"origin": [-0.95252, 2.06604, -35.5943],
							"size": [1, 1, 13],
							"pivot": [-0.45252, 4.06604, -29.0943],
							"rotation": [0, 0, 25],
							"uv": {
								"north": {"uv": [102, 94], "uv_size": [1, 1]},
								"east": {"uv": [83, 28], "uv_size": [13, 1]},
								"south": {"uv": [95, 102], "uv_size": [1, 1]},
								"west": {"uv": [83, 36], "uv_size": [13, 1]},
								"up": {"uv": [72, 83], "uv_size": [1, 13]},
								"down": {"uv": [83, 85], "uv_size": [1, -13]}
							}
						},
						{
							"origin": [-1.75, 2.12211, -22.747],
							"size": [1, 4, 15],
							"inflate": -0.001,
							"pivot": [3.99909, 4.12211, -18.747],
							"rotation": [-5, 0, 0],
							"uv": {
								"north": {"uv": [20, 97], "uv_size": [1, 4]},
								"east": {"uv": [50, 8], "uv_size": [15, 4]},
								"south": {"uv": [21, 97], "uv_size": [1, 4]},
								"west": {"uv": [0, 52], "uv_size": [15, 4]},
								"up": {"uv": [3, 82], "uv_size": [1, 15]},
								"down": {"uv": [11, 97], "uv_size": [1, -15]}
							}
						},
						{
							"origin": [-0.95252, 1.41989, -22.79506],
							"size": [1, 1, 15],
							"pivot": [-0.45252, 3.41989, -15.29506],
							"rotation": [-4.53359, 2.11089, 24.91643],
							"uv": {
								"north": {"uv": [102, 95], "uv_size": [1, 1]},
								"east": {"uv": [82, 21], "uv_size": [15, 1]},
								"south": {"uv": [102, 96], "uv_size": [1, 1]},
								"west": {"uv": [82, 22], "uv_size": [15, 1]},
								"up": {"uv": [12, 82], "uv_size": [1, 15]},
								"down": {"uv": [31, 97], "uv_size": [1, -15]}
							}
						},
						{
							"origin": [-1.75091, 1.17262, -8],
							"size": [1, 4, 22],
							"uv": {
								"north": {"uv": [31, 97], "uv_size": [1, 4]},
								"east": {"uv": [32, 16], "uv_size": [22, 4]},
								"south": {"uv": [36, 97], "uv_size": [1, 4]},
								"west": {"uv": [32, 20], "uv_size": [22, 4]},
								"up": {"uv": [18, 75], "uv_size": [1, 22]},
								"down": {"uv": [35, 98], "uv_size": [1, -22]}
							}
						},
						{
							"origin": [-0.92909, 0.87958, -8],
							"size": [1, 1, 22],
							"pivot": [-0.67909, 2.87958, 3],
							"rotation": [0, 0, 25],
							"uv": {
								"north": {"uv": [102, 97], "uv_size": [1, 1]},
								"east": {"uv": [72, 56], "uv_size": [22, 1]},
								"south": {"uv": [102, 98], "uv_size": [1, 1]},
								"west": {"uv": [72, 57], "uv_size": [22, 1]},
								"up": {"uv": [62, 76], "uv_size": [1, 22]},
								"down": {"uv": [63, 98], "uv_size": [1, -22]}
							}
						}
					]
				},
				{
					"name": "side2",
					"parent": "reciever",
					"pivot": [-1.5, 0.01782, -12.59642],
					"cubes": [
						{
							"origin": [0.75, -1.56598, -45.52304],
							"size": [1, 3, 10],
							"inflate": -0.001,
							"pivot": [0.00101, 0.43402, -12.52304],
							"rotation": [-10, 0, 0],
							"uv": {
								"north": {"uv": [57, 99], "uv_size": [1, 3]},
								"east": {"uv": [62, 66], "uv_size": [10, 3]},
								"south": {"uv": [58, 99], "uv_size": [1, 3]},
								"west": {"uv": [46, 67], "uv_size": [10, 3]},
								"up": {"uv": [73, 87], "uv_size": [1, 10]},
								"down": {"uv": [74, 97], "uv_size": [1, -10]}
							}
						},
						{
							"origin": [-0.07081, 3.00758, -45.14854],
							"size": [1, 1, 10],
							"pivot": [0.67919, 5.00758, -40.14854],
							"rotation": [-9.07947, -4.20854, -24.66569],
							"uv": {
								"north": {"uv": [44, 95], "uv_size": [1, 1]},
								"east": {"uv": [85, 3], "uv_size": [10, 1]},
								"south": {"uv": [95, 50], "uv_size": [1, 1]},
								"west": {"uv": [85, 42], "uv_size": [10, 1]},
								"up": {"uv": [44, 85], "uv_size": [1, 10]},
								"down": {"uv": [82, 96], "uv_size": [1, -10]}
							}
						},
						{
							"origin": [0.75, 2.46473, -35.5943],
							"size": [1, 4, 13],
							"uv": {
								"north": {"uv": [23, 48], "uv_size": [1, 4]},
								"east": {"uv": [0, 56], "uv_size": [13, 4]},
								"south": {"uv": [10, 97], "uv_size": [1, 4]},
								"west": {"uv": [46, 56], "uv_size": [13, 4]},
								"up": {"uv": [68, 83], "uv_size": [1, 13]},
								"down": {"uv": [69, 96], "uv_size": [1, -13]}
							}
						},
						{
							"origin": [-0.04738, 2.06604, -35.5943],
							"size": [1, 1, 13],
							"pivot": [0.45262, 4.06604, -29.0943],
							"rotation": [0, 0, -25],
							"uv": {
								"north": {"uv": [61, 97], "uv_size": [1, 1]},
								"east": {"uv": [83, 14], "uv_size": [13, 1]},
								"south": {"uv": [84, 102], "uv_size": [1, 1]},
								"west": {"uv": [83, 27], "uv_size": [13, 1]},
								"up": {"uv": [66, 83], "uv_size": [1, 13]},
								"down": {"uv": [67, 96], "uv_size": [1, -13]}
							}
						},
						{
							"origin": [0.75, 2.12211, -22.747],
							"size": [1, 4, 15],
							"inflate": -0.001,
							"pivot": [-3.99899, 4.12211, -18.747],
							"rotation": [-5, 0, 0],
							"uv": {
								"north": {"uv": [11, 97], "uv_size": [1, 4]},
								"east": {"uv": [50, 0], "uv_size": [15, 4]},
								"south": {"uv": [12, 97], "uv_size": [1, 4]},
								"west": {"uv": [50, 4], "uv_size": [15, 4]},
								"up": {"uv": [1, 82], "uv_size": [1, 15]},
								"down": {"uv": [2, 97], "uv_size": [1, -15]}
							}
						},
						{
							"origin": [-0.04738, 1.41989, -22.79506],
							"size": [1, 1, 15],
							"pivot": [0.45262, 3.41989, -15.29506],
							"rotation": [-4.53359, -2.11089, -24.91643],
							"uv": {
								"north": {"uv": [102, 91], "uv_size": [1, 1]},
								"east": {"uv": [80, 62], "uv_size": [15, 1]},
								"south": {"uv": [92, 102], "uv_size": [1, 1]},
								"west": {"uv": [81, 43], "uv_size": [15, 1]},
								"up": {"uv": [16, 81], "uv_size": [1, 15]},
								"down": {"uv": [0, 97], "uv_size": [1, -15]}
							}
						},
						{
							"origin": [0.75101, 1.17262, -8],
							"size": [1, 4, 22],
							"uv": {
								"north": {"uv": [97, 16], "uv_size": [1, 4]},
								"east": {"uv": [28, 8], "uv_size": [22, 4]},
								"south": {"uv": [17, 97], "uv_size": [1, 4]},
								"west": {"uv": [32, 12], "uv_size": [22, 4]},
								"up": {"uv": [28, 74], "uv_size": [1, 22]},
								"down": {"uv": [17, 97], "uv_size": [1, -22]}
							}
						},
						{
							"origin": [-0.07081, 0.87958, -8],
							"size": [1, 1, 22],
							"pivot": [0.67919, 2.87958, 3],
							"rotation": [0, 0, -25],
							"uv": {
								"north": {"uv": [102, 92], "uv_size": [1, 1]},
								"east": {"uv": [69, 20], "uv_size": [22, 1]},
								"south": {"uv": [93, 102], "uv_size": [1, 1]},
								"west": {"uv": [71, 51], "uv_size": [22, 1]},
								"up": {"uv": [26, 74], "uv_size": [1, 22]},
								"down": {"uv": [27, 96], "uv_size": [1, -22]}
							}
						}
					]
				},
				{
					"name": "upper",
					"parent": "reciever",
					"pivot": [-0.499, 8.30881, -30.43062],
					"cubes": [
						{
							"origin": [-1.499, 8.25, -45.44589],
							"size": [3, 1.5, 17],
							"uv": {
								"north": {"uv": [93, 51], "uv_size": [3, 2]},
								"east": {"uv": [65, 30], "uv_size": [17, 2]},
								"south": {"uv": [93, 66], "uv_size": [3, 2]},
								"west": {"uv": [65, 32], "uv_size": [17, 2]},
								"up": {"uv": [29, 53], "uv_size": [3, 17]},
								"down": {"uv": [26, 74], "uv_size": [3, -17]}
							}
						},
						{
							"origin": [-0.499, 9.75, -45.44589],
							"size": [1, 0.75, 17],
							"uv": {
								"north": {"uv": [99, 102], "uv_size": [1, 1]},
								"east": {"uv": [76, 15], "uv_size": [17, 1]},
								"south": {"uv": [102, 99], "uv_size": [1, 1]},
								"west": {"uv": [77, 54], "uv_size": [17, 1]},
								"up": {"uv": [8, 78], "uv_size": [1, 17]},
								"down": {"uv": [24, 95], "uv_size": [1, -17]}
							}
						},
						{
							"origin": [0.601, 9.05, -45.44589],
							"size": [1.25, 1, 17],
							"pivot": [1.226, 10.425, -36.94589],
							"rotation": [0, 0, 36.87],
							"uv": {
								"north": {"uv": [102, 100], "uv_size": [1, 1]},
								"east": {"uv": [78, 26], "uv_size": [17, 1]},
								"south": {"uv": [101, 102], "uv_size": [1, 1]},
								"west": {"uv": [80, 34], "uv_size": [17, 1]},
								"up": {"uv": [45, 79], "uv_size": [1, 17]},
								"down": {"uv": [13, 98], "uv_size": [1, -17]}
							}
						},
						{
							"origin": [-1.849, 9.05, -45.44589],
							"size": [1.25, 1, 17],
							"pivot": [-1.224, 10.425, -36.94589],
							"rotation": [0, 0, -36.87],
							"uv": {
								"north": {"uv": [102, 101], "uv_size": [1, 1]},
								"east": {"uv": [80, 35], "uv_size": [17, 1]},
								"south": {"uv": [102, 102], "uv_size": [1, 1]},
								"west": {"uv": [80, 61], "uv_size": [17, 1]},
								"up": {"uv": [14, 81], "uv_size": [1, 17]},
								"down": {"uv": [15, 98], "uv_size": [1, -17]}
							}
						},
						{
							"origin": [-1.499, 7.75, -45.44589],
							"size": [3, 0.5, 2],
							"uv": {
								"north": {"uv": [99, 54], "uv_size": [3, 1]},
								"east": {"uv": [13, 56], "uv_size": [2, 1]},
								"south": {"uv": [99, 56], "uv_size": [3, 1]},
								"west": {"uv": [85, 84], "uv_size": [2, 1]},
								"up": {"uv": [83, 93], "uv_size": [3, 2]},
								"down": {"uv": [93, 85], "uv_size": [3, -2]}
							}
						},
						{
							"origin": [-1.499, 7.75, -40.44589],
							"size": [3, 0.5, 2],
							"uv": {
								"north": {"uv": [64, 99], "uv_size": [3, 1]},
								"east": {"uv": [101, 3], "uv_size": [2, 1]},
								"south": {"uv": [99, 64], "uv_size": [3, 1]},
								"west": {"uv": [101, 6], "uv_size": [2, 1]},
								"up": {"uv": [93, 89], "uv_size": [3, 2]},
								"down": {"uv": [94, 2], "uv_size": [3, -2]}
							}
						},
						{
							"origin": [-1.499, 7.75, -35.44589],
							"size": [3, 0.5, 2],
							"uv": {
								"north": {"uv": [99, 65], "uv_size": [3, 1]},
								"east": {"uv": [101, 7], "uv_size": [2, 1]},
								"south": {"uv": [67, 99], "uv_size": [3, 1]},
								"west": {"uv": [101, 8], "uv_size": [2, 1]},
								"up": {"uv": [94, 4], "uv_size": [3, 2]},
								"down": {"uv": [94, 12], "uv_size": [3, -2]}
							}
						},
						{
							"origin": [-1.499, 7.75, -30.44589],
							"size": [3, 0.5, 2],
							"uv": {
								"north": {"uv": [99, 57], "uv_size": [3, 1]},
								"east": {"uv": [100, 83], "uv_size": [2, 1]},
								"south": {"uv": [99, 63], "uv_size": [3, 1]},
								"west": {"uv": [100, 84], "uv_size": [2, 1]},
								"up": {"uv": [93, 85], "uv_size": [3, 2]},
								"down": {"uv": [93, 89], "uv_size": [3, -2]}
							}
						},
						{
							"origin": [-1.499, 7.80881, -43.71116],
							"size": [3, 1, 0.5],
							"inflate": -0.001,
							"pivot": [0.001, 8.30881, -43.46116],
							"rotation": [-25, 0, 0],
							"uv": {
								"north": {"uv": [99, 68], "uv_size": [3, 1]},
								"east": {"uv": [0, 103], "uv_size": [1, 1]},
								"south": {"uv": [99, 69], "uv_size": [3, 1]},
								"west": {"uv": [103, 0], "uv_size": [1, 1]},
								"up": {"uv": [99, 72], "uv_size": [3, 1]},
								"down": {"uv": [99, 74], "uv_size": [3, -1]}
							}
						},
						{
							"origin": [-1.499, 7.80881, -40.68062],
							"size": [3, 1, 0.5],
							"inflate": -0.001,
							"pivot": [0.001, 8.30881, -40.43062],
							"rotation": [25, 0, 0],
							"uv": {
								"north": {"uv": [78, 99], "uv_size": [3, 1]},
								"east": {"uv": [1, 103], "uv_size": [1, 1]},
								"south": {"uv": [99, 80], "uv_size": [3, 1]},
								"west": {"uv": [103, 1], "uv_size": [1, 1]},
								"up": {"uv": [86, 99], "uv_size": [3, 1]},
								"down": {"uv": [99, 87], "uv_size": [3, -1]}
							}
						},
						{
							"origin": [-1.499, 7.80881, -38.71116],
							"size": [3, 1, 0.5],
							"inflate": -0.001,
							"pivot": [0.001, 8.30881, -38.46116],
							"rotation": [-25, 0, 0],
							"uv": {
								"north": {"uv": [99, 87], "uv_size": [3, 1]},
								"east": {"uv": [2, 103], "uv_size": [1, 1]},
								"south": {"uv": [99, 88], "uv_size": [3, 1]},
								"west": {"uv": [3, 103], "uv_size": [1, 1]},
								"up": {"uv": [89, 99], "uv_size": [3, 1]},
								"down": {"uv": [99, 90], "uv_size": [3, -1]}
							}
						},
						{
							"origin": [-1.499, 7.80881, -35.68062],
							"size": [3, 1, 0.5],
							"inflate": -0.001,
							"pivot": [0.001, 8.30881, -35.43062],
							"rotation": [25, 0, 0],
							"uv": {
								"north": {"uv": [99, 90], "uv_size": [3, 1]},
								"east": {"uv": [103, 3], "uv_size": [1, 1]},
								"south": {"uv": [99, 91], "uv_size": [3, 1]},
								"west": {"uv": [4, 103], "uv_size": [1, 1]},
								"up": {"uv": [99, 92], "uv_size": [3, 1]},
								"down": {"uv": [99, 94], "uv_size": [3, -1]}
							}
						},
						{
							"origin": [-1.499, 7.80881, -33.71116],
							"size": [3, 1, 0.5],
							"inflate": -0.001,
							"pivot": [0.001, 8.30881, -33.46116],
							"rotation": [-25, 0, 0],
							"uv": {
								"north": {"uv": [99, 94], "uv_size": [3, 1]},
								"east": {"uv": [103, 4], "uv_size": [1, 1]},
								"south": {"uv": [99, 95], "uv_size": [3, 1]},
								"west": {"uv": [5, 103], "uv_size": [1, 1]},
								"up": {"uv": [99, 96], "uv_size": [3, 1]},
								"down": {"uv": [99, 98], "uv_size": [3, -1]}
							}
						},
						{
							"origin": [-1.499, 7.80881, -30.68062],
							"size": [3, 1, 0.5],
							"inflate": -0.001,
							"pivot": [0.001, 8.30881, -30.43062],
							"rotation": [25, 0, 0],
							"uv": {
								"north": {"uv": [100, 17], "uv_size": [3, 1]},
								"east": {"uv": [103, 5], "uv_size": [1, 1]},
								"south": {"uv": [100, 18], "uv_size": [3, 1]},
								"west": {"uv": [6, 103], "uv_size": [1, 1]},
								"up": {"uv": [100, 19], "uv_size": [3, 1]},
								"down": {"uv": [100, 21], "uv_size": [3, -1]}
							}
						}
					]
				},
				{
					"name": "barrel",
					"parent": "gun",
					"pivot": [0, -0.15, 0]
				},
				{
					"name": "bone6",
					"parent": "barrel",
					"pivot": [0.4782, 12.59868, -81.098],
					"cubes": [
						{
							"origin": [0, 10.225, -81.4],
							"size": [0.9, 1.7, 2],
							"inflate": -0.301,
							"pivot": [0.6, 10.725, -81.1],
							"rotation": [0, 0, 28],
							"uv": {
								"north": {"uv": [8, 101], "uv_size": [1, 2]},
								"east": {"uv": [98, 19], "uv_size": [2, 2]},
								"south": {"uv": [101, 9], "uv_size": [1, 2]},
								"west": {"uv": [22, 98], "uv_size": [2, 2]},
								"up": {"uv": [10, 101], "uv_size": [1, 2]},
								"down": {"uv": [11, 103], "uv_size": [1, -2]}
							}
						},
						{
							"origin": [-0.81731, 12.56403, -81.4],
							"size": [0.9, 0.95, 2],
							"inflate": -0.302,
							"pivot": [-0.4782, 12.69868, -81.098],
							"rotation": [0, 0, 85],
							"uv": {
								"north": {"uv": [22, 103], "uv_size": [1, 1]},
								"east": {"uv": [101, 11], "uv_size": [2, 1]},
								"south": {"uv": [103, 22], "uv_size": [1, 1]},
								"west": {"uv": [101, 12], "uv_size": [2, 1]},
								"up": {"uv": [12, 101], "uv_size": [1, 2]},
								"down": {"uv": [17, 103], "uv_size": [1, -2]}
							}
						},
						{
							"origin": [-1.23684, 12.12144, -81.4],
							"size": [0.9, 1.2, 2],
							"inflate": -0.3,
							"pivot": [-0.89774, 12.25609, -81.098],
							"rotation": [0, 0, 52.5],
							"uv": {
								"north": {"uv": [23, 103], "uv_size": [1, 1]},
								"east": {"uv": [101, 13], "uv_size": [2, 1]},
								"south": {"uv": [103, 23], "uv_size": [1, 1]},
								"west": {"uv": [18, 101], "uv_size": [2, 1]},
								"up": {"uv": [20, 101], "uv_size": [1, 2]},
								"down": {"uv": [21, 103], "uv_size": [1, -2]}
							}
						},
						{
							"origin": [-1.32, 11.215, -81.4],
							"size": [0.9, 1.5, 2],
							"inflate": -0.302,
							"pivot": [-1, 11.525, -81.1],
							"rotation": [0, 0, 15],
							"uv": {
								"north": {"uv": [101, 23], "uv_size": [1, 2]},
								"east": {"uv": [98, 25], "uv_size": [2, 2]},
								"south": {"uv": [24, 101], "uv_size": [1, 2]},
								"west": {"uv": [29, 98], "uv_size": [2, 2]},
								"up": {"uv": [26, 101], "uv_size": [1, 2]},
								"down": {"uv": [27, 103], "uv_size": [1, -2]}
							}
						},
						{
							"origin": [-0.9, 10.225, -81.4],
							"size": [0.9, 1.7, 2],
							"inflate": -0.301,
							"pivot": [-0.6, 10.725, -81.1],
							"rotation": [0, 0, -28],
							"uv": {
								"north": {"uv": [31, 101], "uv_size": [1, 2]},
								"east": {"uv": [98, 36], "uv_size": [2, 2]},
								"south": {"uv": [32, 101], "uv_size": [1, 2]},
								"west": {"uv": [98, 48], "uv_size": [2, 2]},
								"up": {"uv": [33, 101], "uv_size": [1, 2]},
								"down": {"uv": [101, 36], "uv_size": [1, -2]}
							}
						},
						{
							"origin": [0.42, 11.215, -81.4],
							"size": [0.9, 1.5, 2],
							"inflate": -0.302,
							"pivot": [1, 11.525, -81.1],
							"rotation": [0, 0, -15],
							"uv": {
								"north": {"uv": [36, 101], "uv_size": [1, 2]},
								"east": {"uv": [98, 50], "uv_size": [2, 2]},
								"south": {"uv": [37, 101], "uv_size": [1, 2]},
								"west": {"uv": [98, 58], "uv_size": [2, 2]},
								"up": {"uv": [38, 101], "uv_size": [1, 2]},
								"down": {"uv": [39, 103], "uv_size": [1, -2]}
							}
						},
						{
							"origin": [0.33684, 12.12144, -81.4],
							"size": [0.9, 1.2, 2],
							"inflate": -0.3,
							"pivot": [0.89774, 12.25609, -81.098],
							"rotation": [0, 0, -52.5],
							"uv": {
								"north": {"uv": [24, 103], "uv_size": [1, 1]},
								"east": {"uv": [101, 25], "uv_size": [2, 1]},
								"south": {"uv": [103, 24], "uv_size": [1, 1]},
								"west": {"uv": [40, 101], "uv_size": [2, 1]},
								"up": {"uv": [42, 101], "uv_size": [1, 2]},
								"down": {"uv": [43, 103], "uv_size": [1, -2]}
							}
						},
						{
							"origin": [-0.08269, 12.56403, -81.4],
							"size": [0.9, 0.9, 2],
							"inflate": -0.301,
							"pivot": [0.4782, 12.69868, -81.098],
							"rotation": [0, 0, -85],
							"uv": {
								"north": {"uv": [25, 103], "uv_size": [1, 1]},
								"east": {"uv": [101, 42], "uv_size": [2, 1]},
								"south": {"uv": [103, 25], "uv_size": [1, 1]},
								"west": {"uv": [44, 101], "uv_size": [2, 1]},
								"up": {"uv": [101, 44], "uv_size": [1, 2]},
								"down": {"uv": [46, 103], "uv_size": [1, -2]}
							}
						}
					]
				},
				{
					"name": "bone5",
					"parent": "barrel",
					"pivot": [0.25, 8.9, -65.525],
					"cubes": [
						{
							"origin": [-1, 5.525, -83.3],
							"size": [2, 2, 38],
							"inflate": -0.3,
							"pivot": [0, 6.525, -83.3],
							"rotation": [0, 0, -20],
							"uv": {
								"north": {"uv": [97, 34], "uv_size": [2, 2]},
								"east": {"uv": [38, 36], "uv_size": [38, 2]},
								"south": {"uv": [37, 97], "uv_size": [2, 2]},
								"west": {"uv": [38, 38], "uv_size": [38, 2]},
								"up": {"uv": [38, 40], "uv_size": [2, 38]},
								"down": {"uv": [40, 78], "uv_size": [2, -38]}
							}
						},
						{
							"origin": [-1, 5.025, -46.8],
							"size": [2, 2, 2],
							"inflate": -0.1,
							"pivot": [0, 6.025, -46.8],
							"rotation": [0, 0, -20],
							"uv": {
								"north": {"uv": [39, 97], "uv_size": [2, 2]},
								"east": {"uv": [41, 97], "uv_size": [2, 2]},
								"south": {"uv": [97, 44], "uv_size": [2, 2]},
								"west": {"uv": [46, 97], "uv_size": [2, 2]},
								"up": {"uv": [97, 46], "uv_size": [2, 2]},
								"down": {"uv": [48, 99], "uv_size": [2, -2]}
							}
						},
						{
							"origin": [-1, 3.95, -79.725],
							"size": [2, 2, 35],
							"inflate": -0.7,
							"pivot": [0, 4.95, -79.725],
							"rotation": [0, 0, -20],
							"uv": {
								"north": {"uv": [91, 97], "uv_size": [2, 2]},
								"east": {"uv": [42, 40], "uv_size": [35, 2]},
								"south": {"uv": [97, 92], "uv_size": [2, 2]},
								"west": {"uv": [42, 42], "uv_size": [35, 2]},
								"up": {"uv": [42, 44], "uv_size": [2, 35]},
								"down": {"uv": [44, 79], "uv_size": [2, -35]}
							}
						},
						{
							"origin": [-1, 8.025, -60.05],
							"size": [2, 2, 15],
							"inflate": -0.25,
							"pivot": [0, 9.025, -60.05],
							"rotation": [0, 0, -20],
							"uv": {
								"north": {"uv": [97, 94], "uv_size": [2, 2]},
								"east": {"uv": [65, 34], "uv_size": [15, 2]},
								"south": {"uv": [97, 96], "uv_size": [2, 2]},
								"west": {"uv": [68, 27], "uv_size": [15, 2]},
								"up": {"uv": [0, 67], "uv_size": [2, 15]},
								"down": {"uv": [2, 82], "uv_size": [2, -15]}
							}
						},
						{
							"origin": [-2, 4.375, -46.05],
							"size": [4, 5.55, 1],
							"inflate": 0.001,
							"uv": {
								"north": {"uv": [13, 75], "uv_size": [4, 6]},
								"east": {"uv": [31, 70], "uv_size": [1, 6]},
								"south": {"uv": [31, 76], "uv_size": [4, 6]},
								"west": {"uv": [86, 93], "uv_size": [1, 6]},
								"up": {"uv": [97, 61], "uv_size": [4, 1]},
								"down": {"uv": [98, 17], "uv_size": [4, -1]}
							}
						},
						{
							"origin": [1, 9.925, -46.05],
							"size": [1, 1.025, 1],
							"inflate": -0.001,
							"pivot": [2, 9.925, -46.05],
							"rotation": [0, 0, -47],
							"uv": {
								"north": {"uv": [103, 6], "uv_size": [1, 1]},
								"east": {"uv": [7, 103], "uv_size": [1, 1]},
								"south": {"uv": [103, 7], "uv_size": [1, 1]},
								"west": {"uv": [8, 103], "uv_size": [1, 1]},
								"up": {"uv": [103, 8], "uv_size": [1, 1]},
								"down": {"uv": [9, 104], "uv_size": [1, -1]}
							}
						},
						{
							"origin": [-2, 9.925, -46.05],
							"size": [1, 1.025, 1],
							"inflate": -0.001,
							"pivot": [-2, 9.925, -46.05],
							"rotation": [0, 0, 47],
							"uv": {
								"north": {"uv": [103, 9], "uv_size": [1, 1]},
								"east": {"uv": [10, 103], "uv_size": [1, 1]},
								"south": {"uv": [103, 10], "uv_size": [1, 1]},
								"west": {"uv": [11, 103], "uv_size": [1, 1]},
								"up": {"uv": [103, 11], "uv_size": [1, 1]},
								"down": {"uv": [12, 104], "uv_size": [1, -1]}
							}
						},
						{
							"origin": [-2, 3.35, -46.05],
							"size": [1, 1.025, 1],
							"inflate": -0.001,
							"pivot": [-2, 4.375, -46.05],
							"rotation": [0, 0, -47],
							"uv": {
								"north": {"uv": [103, 12], "uv_size": [1, 1]},
								"east": {"uv": [13, 103], "uv_size": [1, 1]},
								"south": {"uv": [103, 13], "uv_size": [1, 1]},
								"west": {"uv": [14, 103], "uv_size": [1, 1]},
								"up": {"uv": [103, 14], "uv_size": [1, 1]},
								"down": {"uv": [103, 16], "uv_size": [1, -1]}
							}
						},
						{
							"origin": [1, 3.35, -46.05],
							"size": [1, 1.025, 1],
							"inflate": -0.001,
							"pivot": [2, 4.375, -46.05],
							"rotation": [0, 0, 47],
							"uv": {
								"north": {"uv": [17, 103], "uv_size": [1, 1]},
								"east": {"uv": [103, 17], "uv_size": [1, 1]},
								"south": {"uv": [103, 18], "uv_size": [1, 1]},
								"west": {"uv": [103, 19], "uv_size": [1, 1]},
								"up": {"uv": [20, 103], "uv_size": [1, 1]},
								"down": {"uv": [103, 21], "uv_size": [1, -1]}
							}
						},
						{
							"origin": [-1.25, 3.675, -46.05],
							"size": [2.5, 6.95, 1],
							"uv": {
								"north": {"uv": [64, 76], "uv_size": [3, 7]},
								"east": {"uv": [7, 45], "uv_size": [1, 7]},
								"south": {"uv": [67, 76], "uv_size": [3, 7]},
								"west": {"uv": [78, 92], "uv_size": [1, 7]},
								"up": {"uv": [100, 21], "uv_size": [3, 1]},
								"down": {"uv": [100, 23], "uv_size": [3, -1]}
							}
						},
						{
							"origin": [-0.5, 10.275, -80.9],
							"size": [1, 2, 1.25],
							"inflate": -0.4,
							"uv": {
								"north": {"uv": [54, 22], "uv_size": [1, 2]},
								"east": {"uv": [73, 76], "uv_size": [1, 2]},
								"south": {"uv": [99, 100], "uv_size": [1, 2]},
								"west": {"uv": [4, 101], "uv_size": [1, 2]},
								"up": {"uv": [21, 103], "uv_size": [1, 1]},
								"down": {"uv": [103, 22], "uv_size": [1, -1]}
							}
						},
						{
							"origin": [-0.75, 7.15, -80.275],
							"size": [1.5, 3.675, 1.75],
							"inflate": -0.201,
							"pivot": [0.25, 8.9, -80.275],
							"rotation": [22.25, 0, 0],
							"uv": {
								"north": {"uv": [91, 84], "uv_size": [2, 4]},
								"east": {"uv": [91, 88], "uv_size": [2, 4]},
								"south": {"uv": [92, 72], "uv_size": [2, 4]},
								"west": {"uv": [92, 76], "uv_size": [2, 4]},
								"up": {"uv": [13, 98], "uv_size": [2, 2]},
								"down": {"uv": [98, 19], "uv_size": [2, -2]}
							}
						},
						{
							"origin": [-0.75, 6.275, -79.8],
							"size": [1.5, 2, 1.75],
							"inflate": -0.2,
							"uv": {
								"north": {"uv": [83, 97], "uv_size": [2, 2]},
								"east": {"uv": [97, 86], "uv_size": [2, 2]},
								"south": {"uv": [87, 97], "uv_size": [2, 2]},
								"west": {"uv": [97, 88], "uv_size": [2, 2]},
								"up": {"uv": [89, 97], "uv_size": [2, 2]},
								"down": {"uv": [97, 92], "uv_size": [2, -2]}
							}
						},
						{
							"origin": [-0.75, 4.025, -81.05],
							"size": [1.5, 2.25, 2.75],
							"inflate": -0.2,
							"uv": {
								"north": {"uv": [97, 72], "uv_size": [2, 2]},
								"east": {"uv": [94, 53], "uv_size": [3, 2]},
								"south": {"uv": [73, 97], "uv_size": [2, 2]},
								"west": {"uv": [94, 56], "uv_size": [3, 2]},
								"up": {"uv": [58, 94], "uv_size": [2, 3]},
								"down": {"uv": [64, 97], "uv_size": [2, -3]}
							}
						},
						{
							"origin": [-0.75, 6.525, -60.4],
							"size": [1.5, 3, 2.75],
							"inflate": -0.2,
							"pivot": [0.25, 7.525, -60.4],
							"rotation": [-12.75, 0, 0],
							"uv": {
								"north": {"uv": [52, 93], "uv_size": [2, 3]},
								"east": {"uv": [89, 75], "uv_size": [3, 3]},
								"south": {"uv": [5, 94], "uv_size": [2, 3]},
								"west": {"uv": [78, 89], "uv_size": [3, 3]},
								"up": {"uv": [36, 94], "uv_size": [2, 3]},
								"down": {"uv": [56, 97], "uv_size": [2, -3]}
							}
						},
						{
							"origin": [-0.75, 4.275, -62.05],
							"size": [1.5, 2, 1.75],
							"inflate": -0.2,
							"uv": {
								"north": {"uv": [54, 97], "uv_size": [2, 2]},
								"east": {"uv": [56, 97], "uv_size": [2, 2]},
								"south": {"uv": [97, 56], "uv_size": [2, 2]},
								"west": {"uv": [58, 97], "uv_size": [2, 2]},
								"up": {"uv": [64, 97], "uv_size": [2, 2]},
								"down": {"uv": [97, 70], "uv_size": [2, -2]}
							}
						},
						{
							"origin": [-1, 5.525, -62.05],
							"size": [2, 2, 4.5],
							"inflate": -0.15,
							"pivot": [0, 6.525, -62.05],
							"rotation": [0, 0, -20],
							"uv": {
								"north": {"uv": [50, 97], "uv_size": [2, 2]},
								"east": {"uv": [89, 0], "uv_size": [5, 2]},
								"south": {"uv": [97, 53], "uv_size": [2, 2]},
								"west": {"uv": [89, 4], "uv_size": [5, 2]},
								"up": {"uv": [36, 89], "uv_size": [2, 5]},
								"down": {"uv": [58, 94], "uv_size": [2, -5]}
							}
						},
						{
							"origin": [-0.75, 6.275, -81.05],
							"size": [1.5, 5, 1.75],
							"inflate": -0.2,
							"uv": {
								"north": {"uv": [88, 66], "uv_size": [2, 5]},
								"east": {"uv": [83, 88], "uv_size": [2, 5]},
								"south": {"uv": [85, 88], "uv_size": [2, 5]},
								"west": {"uv": [5, 89], "uv_size": [2, 5]},
								"up": {"uv": [97, 12], "uv_size": [2, 2]},
								"down": {"uv": [97, 23], "uv_size": [2, -2]}
							}
						}
					]
				},
				{
					"name": "magazine",
					"parent": "gun",
					"pivot": [0, 2.0488, -23.0502],
					"cubes": [
						{
							"origin": [0.87159, 2.05528, -16.3875],
							"size": [1, 2, 2],
							"inflate": 0.001,
							"pivot": [0, 2.04882, -23.05021],
							"rotation": [-20.56171, -13.14006, 4.87412],
							"uv": {
								"north": {"uv": [101, 76], "uv_size": [1, 2]},
								"east": {"uv": [75, 98], "uv_size": [2, 2]},
								"south": {"uv": [78, 101], "uv_size": [1, 2]},
								"west": {"uv": [98, 76], "uv_size": [2, 2]},
								"up": {"uv": [101, 78], "uv_size": [1, 2]},
								"down": {"uv": [79, 103], "uv_size": [1, -2]}
							}
						},
						{
							"origin": [-1.25, 2.05528, -14.43396],
							"size": [2.5, 2, 7],
							"inflate": 0.002,
							"pivot": [0, 2.04882, -23.05021],
							"rotation": [-20, 0, 0],
							"uv": {
								"north": {"uv": [94, 68], "uv_size": [3, 2]},
								"east": {"uv": [82, 23], "uv_size": [7, 2]},
								"south": {"uv": [94, 72], "uv_size": [3, 2]},
								"west": {"uv": [82, 30], "uv_size": [7, 2]},
								"up": {"uv": [70, 76], "uv_size": [3, 7]},
								"down": {"uv": [19, 84], "uv_size": [3, -7]}
							}
						},
						{
							"origin": [-0.75, 2.05528, -23.43396],
							"size": [1.5, 1, 9],
							"inflate": 0.002,
							"pivot": [0, 2.04882, -23.05021],
							"rotation": [-20, 0, 0],
							"uv": {
								"north": {"uv": [101, 46], "uv_size": [2, 1]},
								"east": {"uv": [15, 52], "uv_size": [9, 1]},
								"south": {"uv": [101, 47], "uv_size": [2, 1]},
								"west": {"uv": [89, 31], "uv_size": [9, 1]},
								"up": {"uv": [78, 71], "uv_size": [2, 9]},
								"down": {"uv": [73, 87], "uv_size": [2, -9]}
							}
						},
						{
							"origin": [-1.87159, 2.05528, -16.3875],
							"size": [1, 2, 2],
							"inflate": 0.001,
							"pivot": [0, 2.04882, -23.05021],
							"rotation": [-20.56171, 13.14006, -4.87412],
							"uv": {
								"north": {"uv": [47, 101], "uv_size": [1, 2]},
								"east": {"uv": [61, 98], "uv_size": [2, 2]},
								"south": {"uv": [101, 48], "uv_size": [1, 2]},
								"west": {"uv": [98, 74], "uv_size": [2, 2]},
								"up": {"uv": [101, 60], "uv_size": [1, 2]},
								"down": {"uv": [101, 76], "uv_size": [1, -2]}
							}
						},
						{
							"origin": [0.87159, 2.23892, -16.21305],
							"size": [1, 1.2, 2],
							"pivot": [0, 2.23246, -22.87576],
							"rotation": [-13.89749, -13.60563, 3.33111],
							"uv": {
								"north": {"uv": [1, 104], "uv_size": [1, 1]},
								"east": {"uv": [102, 49], "uv_size": [2, 1]},
								"south": {"uv": [104, 1], "uv_size": [1, 1]},
								"west": {"uv": [102, 54], "uv_size": [2, 1]},
								"up": {"uv": [58, 102], "uv_size": [1, 2]},
								"down": {"uv": [59, 104], "uv_size": [1, -2]}
							}
						},
						{
							"origin": [-1.25, 2.23892, -14.25951],
							"size": [2.5, 1.2, 7],
							"inflate": -0.001,
							"pivot": [0, 2.23246, -22.87576],
							"rotation": [-13.5, 0, 0],
							"uv": {
								"north": {"uv": [100, 70], "uv_size": [3, 1]},
								"east": {"uv": [92, 63], "uv_size": [7, 1]},
								"south": {"uv": [78, 100], "uv_size": [3, 1]},
								"west": {"uv": [92, 64], "uv_size": [7, 1]},
								"up": {"uv": [46, 77], "uv_size": [3, 7]},
								"down": {"uv": [49, 84], "uv_size": [3, -7]}
							}
						},
						{
							"origin": [-0.75, 2.23892, -23.25951],
							"size": [1.5, 0.5, 9],
							"inflate": -0.001,
							"pivot": [0, 2.23246, -22.87576],
							"rotation": [-13.5, 0, 0],
							"uv": {
								"north": {"uv": [102, 60], "uv_size": [2, 1]},
								"east": {"uv": [90, 6], "uv_size": [9, 1]},
								"south": {"uv": [102, 61], "uv_size": [2, 1]},
								"west": {"uv": [90, 7], "uv_size": [9, 1]},
								"up": {"uv": [36, 80], "uv_size": [2, 9]},
								"down": {"uv": [80, 80], "uv_size": [2, -9]}
							}
						},
						{
							"origin": [-1.87159, 2.23892, -16.21305],
							"size": [1, 1.2, 2],
							"pivot": [0, 2.23246, -22.87576],
							"rotation": [-13.89749, 13.60563, -3.33111],
							"uv": {
								"north": {"uv": [2, 104], "uv_size": [1, 1]},
								"east": {"uv": [102, 63], "uv_size": [2, 1]},
								"south": {"uv": [104, 2], "uv_size": [1, 1]},
								"west": {"uv": [102, 64], "uv_size": [2, 1]},
								"up": {"uv": [60, 102], "uv_size": [1, 2]},
								"down": {"uv": [63, 104], "uv_size": [1, -2]}
							}
						},
						{
							"origin": [-1.87159, 1.93347, -16.21181],
							"size": [1, 1, 2],
							"pivot": [0, 1.92701, -22.87452],
							"rotation": [-8.24159, 13.86102, -1.98735],
							"uv": {
								"north": {"uv": [3, 104], "uv_size": [1, 1]},
								"east": {"uv": [102, 65], "uv_size": [2, 1]},
								"south": {"uv": [104, 3], "uv_size": [1, 1]},
								"west": {"uv": [102, 66], "uv_size": [2, 1]},
								"up": {"uv": [102, 67], "uv_size": [1, 2]},
								"down": {"uv": [70, 104], "uv_size": [1, -2]}
							}
						},
						{
							"origin": [0.87159, 1.93347, -16.21181],
							"size": [1, 1, 2],
							"pivot": [0, 1.92701, -22.87452],
							"rotation": [-8.24159, -13.86102, 1.98735],
							"uv": {
								"north": {"uv": [4, 104], "uv_size": [1, 1]},
								"east": {"uv": [102, 69], "uv_size": [2, 1]},
								"south": {"uv": [104, 4], "uv_size": [1, 1]},
								"west": {"uv": [71, 102], "uv_size": [2, 1]},
								"up": {"uv": [102, 71], "uv_size": [1, 2]},
								"down": {"uv": [73, 104], "uv_size": [1, -2]}
							}
						},
						{
							"origin": [-1.25, 1.93347, -14.25827],
							"size": [2.5, 1, 7],
							"pivot": [0, 1.92701, -22.87452],
							"rotation": [-8, 0, 0],
							"uv": {
								"north": {"uv": [100, 81], "uv_size": [3, 1]},
								"east": {"uv": [92, 65], "uv_size": [7, 1]},
								"south": {"uv": [100, 82], "uv_size": [3, 1]},
								"west": {"uv": [92, 80], "uv_size": [7, 1]},
								"up": {"uv": [78, 0], "uv_size": [3, 7]},
								"down": {"uv": [5, 85], "uv_size": [3, -7]}
							}
						},
						{
							"origin": [-0.75, 1.78347, -22.25827],
							"size": [1.5, 1, 8],
							"pivot": [0, 1.77701, -21.87452],
							"rotation": [-8, 0, 0],
							"uv": {
								"north": {"uv": [102, 73], "uv_size": [2, 1]},
								"east": {"uv": [90, 8], "uv_size": [9, 1]},
								"south": {"uv": [102, 74], "uv_size": [2, 1]},
								"west": {"uv": [90, 9], "uv_size": [9, 1]},
								"up": {"uv": [78, 80], "uv_size": [2, 9]},
								"down": {"uv": [80, 89], "uv_size": [2, -9]}
							}
						}
					]
				},
				{
					"name": "cover",
					"parent": "gun",
					"pivot": [1.226, 10.425, 4.55411],
					"cubes": [
						{
							"origin": [-1.849, 9.05, -0.94589],
							"size": [1.25, 1, 14],
							"inflate": -0.001,
							"pivot": [-1.224, 10.425, 7.55411],
							"rotation": [0, 0, -36.87],
							"uv": {
								"north": {"uv": [26, 103], "uv_size": [1, 1]},
								"east": {"uv": [82, 25], "uv_size": [14, 1]},
								"south": {"uv": [103, 26], "uv_size": [1, 1]},
								"west": {"uv": [82, 32], "uv_size": [14, 1]},
								"up": {"uv": [32, 82], "uv_size": [1, 14]},
								"down": {"uv": [33, 96], "uv_size": [1, -14]}
							}
						},
						{
							"origin": [-1.499, 6.25, -0.94589],
							"size": [3, 3.5, 14],
							"uv": {
								"north": {"uv": [75, 84], "uv_size": [3, 4]},
								"east": {"uv": [46, 52], "uv_size": [14, 4]},
								"south": {"uv": [5, 85], "uv_size": [3, 4]},
								"west": {"uv": [15, 53], "uv_size": [14, 4]},
								"up": {"uv": [13, 61], "uv_size": [3, 14]},
								"down": {"uv": [16, 75], "uv_size": [3, -14]}
							}
						},
						{
							"origin": [-0.499, 9.75, -0.94589],
							"size": [1, 0.75, 14],
							"uv": {
								"north": {"uv": [27, 103], "uv_size": [1, 1]},
								"east": {"uv": [82, 33], "uv_size": [14, 1]},
								"south": {"uv": [103, 27], "uv_size": [1, 1]},
								"west": {"uv": [82, 71], "uv_size": [14, 1]},
								"up": {"uv": [34, 82], "uv_size": [1, 14]},
								"down": {"uv": [82, 86], "uv_size": [1, -14]}
							}
						},
						{
							"origin": [0.601, 9.05, -0.94589],
							"size": [1.25, 1, 14],
							"inflate": -0.001,
							"pivot": [1.226, 10.425, 7.55411],
							"rotation": [0, 0, 36.87],
							"uv": {
								"north": {"uv": [103, 28], "uv_size": [1, 1]},
								"east": {"uv": [83, 12], "uv_size": [14, 1]},
								"south": {"uv": [29, 103], "uv_size": [1, 1]},
								"west": {"uv": [83, 13], "uv_size": [14, 1]},
								"up": {"uv": [54, 83], "uv_size": [1, 14]},
								"down": {"uv": [55, 97], "uv_size": [1, -14]}
							}
						},
						{
							"origin": [-1.499, 6.25, -6.94589],
							"size": [3, 2.5, 6],
							"uv": {
								"north": {"uv": [89, 78], "uv_size": [3, 3]},
								"east": {"uv": [80, 48], "uv_size": [6, 3]},
								"south": {"uv": [89, 81], "uv_size": [3, 3]},
								"west": {"uv": [80, 58], "uv_size": [6, 3]},
								"up": {"uv": [75, 78], "uv_size": [3, 6]},
								"down": {"uv": [42, 85], "uv_size": [3, -6]}
							}
						},
						{
							"origin": [-1.499, 5.5, -14.94589],
							"size": [1, 2, 8],
							"uv": {
								"north": {"uv": [80, 101], "uv_size": [1, 2]},
								"east": {"uv": [81, 4], "uv_size": [8, 2]},
								"south": {"uv": [81, 101], "uv_size": [1, 2]},
								"west": {"uv": [82, 6], "uv_size": [8, 2]},
								"up": {"uv": [61, 89], "uv_size": [1, 8]},
								"down": {"uv": [81, 97], "uv_size": [1, -8]}
							}
						},
						{
							"origin": [0.501, 6.25, -13.94589],
							"size": [1, 2.5, 7],
							"uv": {
								"north": {"uv": [73, 99], "uv_size": [1, 3]},
								"east": {"uv": [76, 12], "uv_size": [7, 3]},
								"south": {"uv": [74, 99], "uv_size": [1, 3]},
								"west": {"uv": [76, 36], "uv_size": [7, 3]},
								"up": {"uv": [79, 92], "uv_size": [1, 7]},
								"down": {"uv": [80, 99], "uv_size": [1, -7]}
							}
						},
						{
							"origin": [-1.499, 6.63478, -7.36664],
							"size": [1, 2, 1],
							"inflate": -0.001,
							"pivot": [-1.999, 7.63478, -6.86664],
							"rotation": [-22.5, 0, 0],
							"uv": {
								"north": {"uv": [85, 101], "uv_size": [1, 2]},
								"east": {"uv": [101, 98], "uv_size": [1, 2]},
								"south": {"uv": [100, 101], "uv_size": [1, 2]},
								"west": {"uv": [101, 100], "uv_size": [1, 2]},
								"up": {"uv": [35, 103], "uv_size": [1, 1]},
								"down": {"uv": [103, 36], "uv_size": [1, -1]}
							}
						},
						{
							"origin": [0.20711, 6.54289, -29.04589],
							"size": [1, 3, 1],
							"uv": {
								"north": {"uv": [14, 100], "uv_size": [1, 3]},
								"east": {"uv": [22, 100], "uv_size": [1, 3]},
								"south": {"uv": [23, 100], "uv_size": [1, 3]},
								"west": {"uv": [100, 23], "uv_size": [1, 3]},
								"up": {"uv": [103, 51], "uv_size": [1, 1]},
								"down": {"uv": [103, 53], "uv_size": [1, -1]}
							}
						},
						{
							"origin": [-0.5, 9.25, -29.04589],
							"size": [1, 1, 1],
							"uv": {
								"north": {"uv": [103, 53], "uv_size": [1, 1]},
								"east": {"uv": [54, 103], "uv_size": [1, 1]},
								"south": {"uv": [55, 103], "uv_size": [1, 1]},
								"west": {"uv": [103, 55], "uv_size": [1, 1]},
								"up": {"uv": [56, 103], "uv_size": [1, 1]},
								"down": {"uv": [103, 57], "uv_size": [1, -1]}
							}
						},
						{
							"origin": [-1, 9.04289, -29.04589],
							"size": [1, 1, 1],
							"pivot": [-0.5, 9.54289, -22.04589],
							"rotation": [0, 0, -45],
							"uv": {
								"north": {"uv": [103, 57], "uv_size": [1, 1]},
								"east": {"uv": [103, 58], "uv_size": [1, 1]},
								"south": {"uv": [103, 59], "uv_size": [1, 1]},
								"west": {"uv": [61, 103], "uv_size": [1, 1]},
								"up": {"uv": [62, 103], "uv_size": [1, 1]},
								"down": {"uv": [103, 63], "uv_size": [1, -1]}
							}
						},
						{
							"origin": [0, 9.04289, -29.04589],
							"size": [1, 1, 1],
							"pivot": [0.5, 9.54289, -22.04589],
							"rotation": [0, 0, 45],
							"uv": {
								"north": {"uv": [64, 103], "uv_size": [1, 1]},
								"east": {"uv": [65, 103], "uv_size": [1, 1]},
								"south": {"uv": [66, 103], "uv_size": [1, 1]},
								"west": {"uv": [67, 103], "uv_size": [1, 1]},
								"up": {"uv": [103, 67], "uv_size": [1, 1]},
								"down": {"uv": [68, 104], "uv_size": [1, -1]}
							}
						},
						{
							"origin": [-1.20711, 6.54289, -29.04589],
							"size": [1, 3, 1],
							"uv": {
								"north": {"uv": [29, 100], "uv_size": [1, 3]},
								"east": {"uv": [30, 100], "uv_size": [1, 3]},
								"south": {"uv": [100, 48], "uv_size": [1, 3]},
								"west": {"uv": [54, 100], "uv_size": [1, 3]},
								"up": {"uv": [103, 68], "uv_size": [1, 1]},
								"down": {"uv": [69, 104], "uv_size": [1, -1]}
							}
						}
					]
				},
				{
					"name": "sight",
					"parent": "gun",
					"pivot": [0.0125, 11.29737, -20.08814],
					"cubes": [
						{
							"origin": [-1.16871, 10.4948, -27.77892],
							"size": [2.34566, 0.73766, 6.68566],
							"inflate": -0.001,
							"uv": {
								"north": {"uv": [102, 31], "uv_size": [2, 1]},
								"east": {"uv": [91, 20], "uv_size": [7, 1]},
								"south": {"uv": [102, 32], "uv_size": [2, 1]},
								"west": {"uv": [92, 41], "uv_size": [7, 1]},
								"up": {"uv": [56, 83], "uv_size": [2, 7]},
								"down": {"uv": [64, 90], "uv_size": [2, -7]}
							}
						},
						{
							"origin": [0.33879, 11.1648, -27.00842],
							"size": [0.67066, 0.73766, 2.34566],
							"inflate": -0.001,
							"pivot": [1.00912, 11.90213, -27.00809],
							"rotation": [-16.75, 0, 0],
							"uv": {
								"north": {"uv": [103, 70], "uv_size": [1, 1]},
								"east": {"uv": [102, 33], "uv_size": [2, 1]},
								"south": {"uv": [71, 103], "uv_size": [1, 1]},
								"west": {"uv": [34, 102], "uv_size": [2, 1]},
								"up": {"uv": [28, 102], "uv_size": [1, 2]},
								"down": {"uv": [102, 36], "uv_size": [1, -2]}
							}
						},
						{
							"origin": [-1.00121, 11.1648, -27.00842],
							"size": [0.67066, 0.73766, 2.34566],
							"inflate": -0.001,
							"pivot": [-1.00088, 11.90213, -27.00809],
							"rotation": [-16.75, 0, 0],
							"uv": {
								"north": {"uv": [103, 71], "uv_size": [1, 1]},
								"east": {"uv": [102, 38], "uv_size": [2, 1]},
								"south": {"uv": [72, 103], "uv_size": [1, 1]},
								"west": {"uv": [102, 39], "uv_size": [2, 1]},
								"up": {"uv": [40, 102], "uv_size": [1, 2]},
								"down": {"uv": [102, 42], "uv_size": [1, -2]}
							}
						},
						{
							"origin": [0.23829, 11.11455, -19.14167],
							"size": [0.67066, 0.67066, 0.67066],
							"inflate": -0.001,
							"pivot": [1.24363, 11.85188, -19.14134],
							"rotation": [-24.25, 0, 0],
							"uv": {
								"north": {"uv": [103, 72], "uv_size": [1, 1]},
								"east": {"uv": [75, 103], "uv_size": [1, 1]},
								"south": {"uv": [103, 75], "uv_size": [1, 1]},
								"west": {"uv": [76, 103], "uv_size": [1, 1]},
								"up": {"uv": [103, 76], "uv_size": [1, 1]},
								"down": {"uv": [103, 78], "uv_size": [1, -1]}
							}
						},
						{
							"origin": [-0.14513, 11.09963, -27.62634],
							"size": [1.3035, 0.868, 9.79],
							"inflate": -0.3,
							"uv": {
								"north": {"uv": [78, 103], "uv_size": [1, 1]},
								"east": {"uv": [89, 2], "uv_size": [10, 1]},
								"south": {"uv": [103, 78], "uv_size": [1, 1]},
								"west": {"uv": [89, 23], "uv_size": [10, 1]},
								"up": {"uv": [77, 88], "uv_size": [1, 10]},
								"down": {"uv": [7, 99], "uv_size": [1, -10]}
							}
						},
						{
							"origin": [0.1587, 11.0993, -18.43667],
							"size": [1, 0.86866, 1.06966],
							"inflate": -0.301,
							"pivot": [0.85837, 11.39963, -18.13634],
							"rotation": [73.75, 0, 0],
							"uv": {
								"north": {"uv": [79, 103], "uv_size": [1, 1]},
								"east": {"uv": [80, 103], "uv_size": [1, 1]},
								"south": {"uv": [81, 103], "uv_size": [1, 1]},
								"west": {"uv": [103, 81], "uv_size": [1, 1]},
								"up": {"uv": [82, 103], "uv_size": [1, 1]},
								"down": {"uv": [103, 83], "uv_size": [1, -1]}
							}
						},
						{
							"origin": [-1.1587, 11.0993, -18.43667],
							"size": [1, 0.86866, 1.06966],
							"inflate": -0.301,
							"pivot": [-0.85837, 11.39963, -18.13634],
							"rotation": [73.75, 0, 0],
							"uv": {
								"north": {"uv": [80, 103], "uv_size": [-1, 1]},
								"east": {"uv": [104, 81], "uv_size": [-1, 1]},
								"south": {"uv": [82, 103], "uv_size": [-1, 1]},
								"west": {"uv": [81, 103], "uv_size": [-1, 1]},
								"up": {"uv": [83, 103], "uv_size": [-1, 1]},
								"down": {"uv": [104, 83], "uv_size": [-1, -1]}
							}
						},
						{
							"origin": [-1.15013, 11.09963, -27.62634],
							"size": [1.3035, 0.868, 9.79],
							"inflate": -0.3,
							"uv": {
								"north": {"uv": [88, 103], "uv_size": [1, 1]},
								"east": {"uv": [89, 24], "uv_size": [10, 1]},
								"south": {"uv": [89, 103], "uv_size": [1, 1]},
								"west": {"uv": [89, 30], "uv_size": [10, 1]},
								"up": {"uv": [25, 89], "uv_size": [1, 10]},
								"down": {"uv": [60, 99], "uv_size": [1, -10]}
							}
						},
						{
							"origin": [-0.90071, 11.11455, -19.14167],
							"size": [0.67066, 0.67066, 0.67066],
							"inflate": -0.001,
							"pivot": [-1.16838, 11.85188, -19.14134],
							"rotation": [-24.25, 0, 0],
							"uv": {
								"north": {"uv": [90, 103], "uv_size": [1, 1]},
								"east": {"uv": [91, 103], "uv_size": [1, 1]},
								"south": {"uv": [103, 91], "uv_size": [1, 1]},
								"west": {"uv": [92, 103], "uv_size": [1, 1]},
								"up": {"uv": [103, 92], "uv_size": [1, 1]},
								"down": {"uv": [93, 104], "uv_size": [1, -1]}
							}
						},
						{
							"origin": [-0.23104, 10.99697, -19.142],
							"size": [0.67132, 0.67132, 0.67132],
							"inflate": -0.002,
							"pivot": [-1.10138, 11.85188, -19.14134],
							"rotation": [-24.25, 0, 0],
							"uv": {
								"north": {"uv": [103, 93], "uv_size": [1, 1]},
								"east": {"uv": [94, 103], "uv_size": [1, 1]},
								"south": {"uv": [103, 94], "uv_size": [1, 1]},
								"west": {"uv": [95, 103], "uv_size": [1, 1]},
								"up": {"uv": [103, 95], "uv_size": [1, 1]},
								"down": {"uv": [96, 104], "uv_size": [1, -1]}
							}
						},
						{
							"origin": [-1.16904, 10.82947, -27.77925],
							"size": [2.34632, 0.73832, 1.00632],
							"inflate": -0.002,
							"uv": {
								"north": {"uv": [102, 43], "uv_size": [2, 1]},
								"east": {"uv": [103, 96], "uv_size": [1, 1]},
								"south": {"uv": [44, 102], "uv_size": [2, 1]},
								"west": {"uv": [97, 103], "uv_size": [1, 1]},
								"up": {"uv": [102, 44], "uv_size": [2, 1]},
								"down": {"uv": [102, 46], "uv_size": [2, -1]}
							}
						},
						{
							"origin": [-1.16904, 10.49447, -21.09425],
							"size": [2.34632, 0.73832, 2.67132],
							"inflate": -0.002,
							"pivot": [0.84162, 11.23213, -21.09359],
							"rotation": [-15.5, 0, 0],
							"uv": {
								"north": {"uv": [48, 102], "uv_size": [2, 1]},
								"east": {"uv": [100, 26], "uv_size": [3, 1]},
								"south": {"uv": [102, 48], "uv_size": [2, 1]},
								"west": {"uv": [100, 36], "uv_size": [3, 1]},
								"up": {"uv": [91, 94], "uv_size": [2, 3]},
								"down": {"uv": [94, 94], "uv_size": [2, -3]}
							}
						},
						{
							"origin": [-1.16871, 8.9968, -27.77892],
							"size": [2.34566, 1.5, 10],
							"inflate": -0.001,
							"uv": {
								"north": {"uv": [98, 83], "uv_size": [2, 2]},
								"east": {"uv": [77, 52], "uv_size": [10, 2]},
								"south": {"uv": [96, 98], "uv_size": [2, 2]},
								"west": {"uv": [78, 63], "uv_size": [10, 2]},
								"up": {"uv": [38, 78], "uv_size": [2, 10]},
								"down": {"uv": [40, 88], "uv_size": [2, -10]}
							}
						},
						{
							"origin": [-1.16871, 6.9968, -27.77892],
							"size": [2.34566, 2, 6],
							"inflate": -0.001,
							"uv": {
								"north": {"uv": [98, 98], "uv_size": [2, 2]},
								"east": {"uv": [86, 58], "uv_size": [6, 2]},
								"south": {"uv": [99, 6], "uv_size": [2, 2]},
								"west": {"uv": [87, 52], "uv_size": [6, 2]},
								"up": {"uv": [42, 85], "uv_size": [2, 6]},
								"down": {"uv": [52, 93], "uv_size": [2, -6]}
							}
						}
					]
				},
				{
					"name": "stock",
					"parent": "gun",
					"pivot": [8.25, 0, 0],
					"cubes": [
						{
							"origin": [-1.751, -0.14122, 8.58453],
							"size": [3.5, 5, 11],
							"inflate": -0.002,
							"pivot": [-0.001, 1.85878, 16.08453],
							"rotation": [-25, 0, 0],
							"uv": {
								"north": {"uv": [76, 58], "uv_size": [4, 5]},
								"east": {"uv": [54, 12], "uv_size": [11, 5]},
								"south": {"uv": [77, 39], "uv_size": [4, 5]},
								"west": {"uv": [54, 17], "uv_size": [11, 5]},
								"up": {"uv": [32, 58], "uv_size": [4, 11]},
								"down": {"uv": [7, 71], "uv_size": [4, -11]}
							}
						},
						{
							"origin": [-1.75, -1.86103, 14.83553],
							"size": [3.5, 4, 7],
							"pivot": [0, 0.13897, 18.33553],
							"rotation": [-42.5, 0, 0],
							"uv": {
								"north": {"uv": [81, 0], "uv_size": [4, 4]},
								"east": {"uv": [16, 48], "uv_size": [7, 4]},
								"south": {"uv": [81, 39], "uv_size": [4, 4]},
								"west": {"uv": [69, 12], "uv_size": [7, 4]},
								"up": {"uv": [32, 69], "uv_size": [4, 7]},
								"down": {"uv": [62, 76], "uv_size": [4, -7]}
							}
						},
						{
							"origin": [-1.75, -5.3667, 20.08213],
							"size": [3.5, 3, 1],
							"inflate": -0.001,
							"pivot": [0, -3.3667, 23.58213],
							"rotation": [-25, 0, 0],
							"uv": {
								"north": {"uv": [84, 65], "uv_size": [4, 3]},
								"east": {"uv": [48, 99], "uv_size": [1, 3]},
								"south": {"uv": [84, 68], "uv_size": [4, 3]},
								"west": {"uv": [49, 99], "uv_size": [1, 3]},
								"up": {"uv": [97, 10], "uv_size": [4, 1]},
								"down": {"uv": [97, 12], "uv_size": [4, -1]}
							}
						},
						{
							"origin": [-1.75, -4.12277, 20.47113],
							"size": [3.5, 7, 7],
							"inflate": 0.001,
							"uv": {
								"north": {"uv": [66, 69], "uv_size": [4, 7]},
								"east": {"uv": [0, 45], "uv_size": [7, 7]},
								"south": {"uv": [19, 70], "uv_size": [4, 7]},
								"west": {"uv": [0, 60], "uv_size": [7, 7]},
								"up": {"uv": [46, 70], "uv_size": [4, 7]},
								"down": {"uv": [50, 77], "uv_size": [4, -7]}
							}
						},
						{
							"origin": [-1.75, 0.37723, 17.47113],
							"size": [3.5, 3, 6],
							"inflate": -0.002,
							"uv": {
								"north": {"uv": [85, 0], "uv_size": [4, 3]},
								"east": {"uv": [78, 65], "uv_size": [6, 3]},
								"south": {"uv": [85, 39], "uv_size": [4, 3]},
								"west": {"uv": [78, 68], "uv_size": [6, 3]},
								"up": {"uv": [74, 66], "uv_size": [4, 6]},
								"down": {"uv": [74, 78], "uv_size": [4, -6]}
							}
						},
						{
							"origin": [-1.75, -3.18717, 27.16508],
							"size": [3.5, 5, 24],
							"pivot": [0, -1.68717, 24.16508],
							"rotation": [-20, 0, 0],
							"uv": {
								"north": {"uv": [78, 7], "uv_size": [4, 5]},
								"east": {"uv": [8, 14], "uv_size": [24, 5]},
								"south": {"uv": [78, 21], "uv_size": [4, 5]},
								"west": {"uv": [8, 19], "uv_size": [24, 5]},
								"up": {"uv": [16, 24], "uv_size": [4, 24]},
								"down": {"uv": [20, 48], "uv_size": [4, -24]}
							}
						},
						{
							"origin": [-1.75, 0.33992, 42.93556],
							"size": [3.5, 2.77, 9],
							"inflate": -0.001,
							"pivot": [0, 1.83992, 14.93556],
							"rotation": [-12.5, 0, 0],
							"uv": {
								"north": {"uv": [85, 72], "uv_size": [4, 3]},
								"east": {"uv": [69, 63], "uv_size": [9, 3]},
								"south": {"uv": [85, 75], "uv_size": [4, 3]},
								"west": {"uv": [71, 48], "uv_size": [9, 3]},
								"up": {"uv": [19, 61], "uv_size": [4, 9]},
								"down": {"uv": [65, 21], "uv_size": [4, -9]}
							}
						},
						{
							"origin": [0.10653, 3.79852, 21.66621],
							"size": [0.7, 1, 3],
							"pivot": [0.25251, 3.22766, 24.22422],
							"rotation": [20.20848, -19.05681, 41.57337],
							"uv": {
								"north": {"uv": [76, 39], "uv_size": [1, 1]},
								"east": {"uv": [65, 21], "uv_size": [3, 1]},
								"south": {"uv": [22, 77], "uv_size": [1, 1]},
								"west": {"uv": [98, 55], "uv_size": [3, 1]},
								"up": {"uv": [50, 99], "uv_size": [1, 3]},
								"down": {"uv": [51, 102], "uv_size": [1, -3]}
							}
						},
						{
							"origin": [-1.75, 1.94668, 21.66621],
							"size": [3.5, 2, 3],
							"inflate": -0.001,
							"pivot": [0.25251, 3.22766, 24.22422],
							"rotation": [27.5, 0, 0],
							"uv": {
								"north": {"uv": [28, 12], "uv_size": [4, 2]},
								"east": {"uv": [92, 81], "uv_size": [3, 2]},
								"south": {"uv": [72, 58], "uv_size": [4, 2]},
								"west": {"uv": [91, 92], "uv_size": [3, 2]},
								"up": {"uv": [85, 78], "uv_size": [4, 3]},
								"down": {"uv": [85, 84], "uv_size": [4, -3]}
							}
						},
						{
							"origin": [-1.24497, 3.44668, 21.66621],
							"size": [2.5, 1, 3],
							"pivot": [0.25251, 3.22766, 24.22422],
							"rotation": [27.5, 0, 0],
							"uv": {
								"north": {"uv": [98, 60], "uv_size": [3, 1]},
								"east": {"uv": [98, 85], "uv_size": [3, 1]},
								"south": {"uv": [99, 2], "uv_size": [3, 1]},
								"west": {"uv": [99, 15], "uv_size": [3, 1]},
								"up": {"uv": [89, 39], "uv_size": [3, 3]},
								"down": {"uv": [89, 75], "uv_size": [3, -3]}
							}
						},
						{
							"origin": [-0.79795, 3.79496, 21.66621],
							"size": [0.7, 1, 3],
							"pivot": [-0.24749, 3.22766, 24.22422],
							"rotation": [20.20848, 19.05681, -41.57337],
							"uv": {
								"north": {"uv": [81, 6], "uv_size": [1, 1]},
								"east": {"uv": [99, 30], "uv_size": [3, 1]},
								"south": {"uv": [92, 83], "uv_size": [1, 1]},
								"west": {"uv": [99, 41], "uv_size": [3, 1]},
								"up": {"uv": [52, 99], "uv_size": [1, 3]},
								"down": {"uv": [53, 102], "uv_size": [1, -3]}
							}
						},
						{
							"origin": [-0.94706, 2.71587, 23.9134],
							"size": [0.7, 1, 28],
							"pivot": [-0.23995, 2.30166, 37.9134],
							"rotation": [-3.54002, -3.53329, -44.89078],
							"uv": {
								"north": {"uv": [93, 53], "uv_size": [1, 1]},
								"east": {"uv": [60, 55], "uv_size": [28, 1]},
								"south": {"uv": [93, 68], "uv_size": [1, 1]},
								"west": {"uv": [68, 29], "uv_size": [28, 1]},
								"up": {"uv": [25, 61], "uv_size": [1, 28]},
								"down": {"uv": [4, 95], "uv_size": [1, -28]}
							}
						},
						{
							"origin": [-1.23995, 2.30166, 23.9134],
							"size": [2.5, 1, 28],
							"pivot": [0.26005, 2.30166, 37.9134],
							"rotation": [-5, 0, 0],
							"uv": {
								"north": {"uv": [99, 53], "uv_size": [3, 1]},
								"east": {"uv": [69, 16], "uv_size": [28, 1]},
								"south": {"uv": [54, 99], "uv_size": [3, 1]},
								"west": {"uv": [69, 17], "uv_size": [28, 1]},
								"up": {"uv": [32, 30], "uv_size": [3, 28]},
								"down": {"uv": [35, 58], "uv_size": [3, -28]}
							}
						},
						{
							"origin": [-1.73995, -4.19834, 23.9134],
							"size": [3.5, 7, 28],
							"inflate": 0.001,
							"pivot": [0.26005, 2.30166, 37.9134],
							"rotation": [-5, 0, 0],
							"uv": {
								"north": {"uv": [70, 69], "uv_size": [4, 7]},
								"east": {"uv": [0, 0], "uv_size": [28, 7]},
								"south": {"uv": [5, 71], "uv_size": [4, 7]},
								"west": {"uv": [0, 7], "uv_size": [28, 7]},
								"up": {"uv": [8, 24], "uv_size": [4, 28]},
								"down": {"uv": [12, 52], "uv_size": [4, -28]}
							}
						},
						{
							"origin": [0.26716, 2.71587, 23.9134],
							"size": [0.7, 1, 28],
							"pivot": [0.26005, 2.30166, 37.9134],
							"rotation": [-3.54002, 3.53329, 44.89078],
							"uv": {
								"north": {"uv": [93, 91], "uv_size": [1, 1]},
								"east": {"uv": [69, 18], "uv_size": [28, 1]},
								"south": {"uv": [95, 26], "uv_size": [1, 1]},
								"west": {"uv": [69, 19], "uv_size": [28, 1]},
								"up": {"uv": [29, 70], "uv_size": [1, 28]},
								"down": {"uv": [30, 98], "uv_size": [1, -28]}
							}
						}
					]
				},
				{
					"name": "bits",
					"parent": "gun",
					"pivot": [0, 8.48431, -11.19589],
					"cubes": [
						{
							"origin": [-0.5, 7.75, -17.69589],
							"size": [1, 2, 4],
							"uv": {
								"north": {"uv": [41, 102], "uv_size": [1, 2]},
								"east": {"uv": [92, 39], "uv_size": [4, 2]},
								"south": {"uv": [50, 102], "uv_size": [1, 2]},
								"west": {"uv": [92, 58], "uv_size": [4, 2]},
								"up": {"uv": [43, 97], "uv_size": [1, 4]},
								"down": {"uv": [81, 101], "uv_size": [1, -4]}
							}
						},
						{
							"origin": [-1, 8.54289, -17.69589],
							"size": [1, 1, 4],
							"inflate": -0.002,
							"pivot": [-0.5, 9.04289, -10.69589],
							"rotation": [0, 0, -45],
							"uv": {
								"north": {"uv": [103, 97], "uv_size": [1, 1]},
								"east": {"uv": [98, 27], "uv_size": [4, 1]},
								"south": {"uv": [98, 103], "uv_size": [1, 1]},
								"west": {"uv": [98, 31], "uv_size": [4, 1]},
								"up": {"uv": [85, 97], "uv_size": [1, 4]},
								"down": {"uv": [15, 102], "uv_size": [1, -4]}
							}
						},
						{
							"origin": [0, 8.54289, -17.69589],
							"size": [1, 1, 4],
							"inflate": -0.002,
							"pivot": [0.5, 9.04289, -10.69589],
							"rotation": [0, 0, 45],
							"uv": {
								"north": {"uv": [103, 98], "uv_size": [1, 1]},
								"east": {"uv": [98, 38], "uv_size": [4, 1]},
								"south": {"uv": [99, 103], "uv_size": [1, 1]},
								"west": {"uv": [98, 52], "uv_size": [4, 1]},
								"up": {"uv": [35, 98], "uv_size": [1, 4]},
								"down": {"uv": [63, 102], "uv_size": [1, -4]}
							}
						},
						{
							"origin": [-1.20711, 6.04289, -17.69589],
							"size": [1, 3, 4],
							"inflate": -0.001,
							"uv": {
								"north": {"uv": [55, 100], "uv_size": [1, 3]},
								"east": {"uv": [87, 84], "uv_size": [4, 3]},
								"south": {"uv": [56, 100], "uv_size": [1, 3]},
								"west": {"uv": [87, 87], "uv_size": [4, 3]},
								"up": {"uv": [77, 98], "uv_size": [1, 4]},
								"down": {"uv": [7, 103], "uv_size": [1, -4]}
							}
						},
						{
							"origin": [0.20711, 6.04289, -17.69589],
							"size": [1, 3, 4],
							"inflate": -0.001,
							"uv": {
								"north": {"uv": [61, 100], "uv_size": [1, 3]},
								"east": {"uv": [38, 88], "uv_size": [4, 3]},
								"south": {"uv": [62, 100], "uv_size": [1, 3]},
								"west": {"uv": [88, 63], "uv_size": [4, 3]},
								"up": {"uv": [99, 21], "uv_size": [1, 4]},
								"down": {"uv": [25, 103], "uv_size": [1, -4]}
							}
						}
					]
				},
				{
					"name": "bits2",
					"parent": "gun",
					"pivot": [0, 7.83431, -19.09589],
					"cubes": [
						{
							"origin": [-0.4, 7.04686, -20.69589],
							"size": [0.8, 1.8, 3],
							"uv": {
								"north": {"uv": [51, 102], "uv_size": [1, 2]},
								"east": {"uv": [93, 94], "uv_size": [3, 2]},
								"south": {"uv": [52, 102], "uv_size": [1, 2]},
								"west": {"uv": [38, 95], "uv_size": [3, 2]},
								"up": {"uv": [64, 100], "uv_size": [1, 3]},
								"down": {"uv": [65, 103], "uv_size": [1, -3]}
							}
						},
						{
							"origin": [-0.7, 7.04686, -21.69589],
							"size": [1.25, 1.25, 1],
							"inflate": 0.1,
							"pivot": [-0.075, 7.67186, -21.19589],
							"rotation": [0, 0, 20],
							"uv": {
								"north": {"uv": [103, 101], "uv_size": [1, 1]},
								"east": {"uv": [102, 103], "uv_size": [1, 1]},
								"south": {"uv": [103, 102], "uv_size": [1, 1]},
								"west": {"uv": [103, 103], "uv_size": [1, 1]},
								"up": {"uv": [0, 104], "uv_size": [1, 1]},
								"down": {"uv": [104, 1], "uv_size": [1, -1]}
							}
						},
						{
							"origin": [-0.8, 7.88118, -20.69589],
							"size": [0.8, 0.8, 3],
							"inflate": -0.001,
							"pivot": [-0.4, 8.28118, -15.09589],
							"rotation": [0, 0, -45],
							"uv": {
								"north": {"uv": [103, 99], "uv_size": [1, 1]},
								"east": {"uv": [100, 37], "uv_size": [3, 1]},
								"south": {"uv": [100, 103], "uv_size": [1, 1]},
								"west": {"uv": [100, 51], "uv_size": [3, 1]},
								"up": {"uv": [66, 100], "uv_size": [1, 3]},
								"down": {"uv": [67, 103], "uv_size": [1, -3]}
							}
						},
						{
							"origin": [0, 7.88118, -20.69589],
							"size": [0.8, 0.8, 3],
							"inflate": -0.001,
							"pivot": [0.4, 8.28118, -15.09589],
							"rotation": [0, 0, 45],
							"uv": {
								"north": {"uv": [103, 100], "uv_size": [1, 1]},
								"east": {"uv": [100, 58], "uv_size": [3, 1]},
								"south": {"uv": [101, 103], "uv_size": [1, 1]},
								"west": {"uv": [100, 59], "uv_size": [3, 1]},
								"up": {"uv": [68, 100], "uv_size": [1, 3]},
								"down": {"uv": [69, 103], "uv_size": [1, -3]}
							}
						},
						{
							"origin": [-0.96569, 5.88118, -20.69589],
							"size": [0.8, 2.4, 3],
							"uv": {
								"north": {"uv": [102, 52], "uv_size": [1, 2]},
								"east": {"uv": [41, 95], "uv_size": [3, 2]},
								"south": {"uv": [53, 102], "uv_size": [1, 2]},
								"west": {"uv": [95, 48], "uv_size": [3, 2]},
								"up": {"uv": [100, 74], "uv_size": [1, 3]},
								"down": {"uv": [75, 103], "uv_size": [1, -3]}
							}
						},
						{
							"origin": [0.16569, 5.88118, -20.69589],
							"size": [0.8, 2.4, 3],
							"uv": {
								"north": {"uv": [102, 56], "uv_size": [1, 2]},
								"east": {"uv": [95, 81], "uv_size": [3, 2]},
								"south": {"uv": [57, 102], "uv_size": [1, 2]},
								"west": {"uv": [83, 95], "uv_size": [3, 2]},
								"up": {"uv": [76, 100], "uv_size": [1, 3]},
								"down": {"uv": [100, 80], "uv_size": [1, -3]}
							}
						}
					]
				},
				{
					"name": "bayonet",
					"parent": "gun",
					"pivot": [0, 3.26648, -38.53985],
					"cubes": [
						{
							"origin": [-1, 2.025, -74.3],
							"size": [2, 2, 8],
							"inflate": -0.3,
							"pivot": [0, 3.025, -74.3],
							"rotation": [0, 0, -20],
							"uv": {
								"north": {"uv": [99, 8], "uv_size": [2, 2]},
								"east": {"uv": [82, 8], "uv_size": [8, 2]},
								"south": {"uv": [99, 12], "uv_size": [2, 2]},
								"west": {"uv": [82, 10], "uv_size": [8, 2]},
								"up": {"uv": [58, 81], "uv_size": [2, 8]},
								"down": {"uv": [60, 89], "uv_size": [2, -8]}
							}
						},
						{
							"origin": [-1, 5.525, -74.05],
							"size": [2, 2, 1.75],
							"inflate": -0.15,
							"pivot": [0, 6.525, -74.05],
							"rotation": [0, 0, -20],
							"uv": {
								"north": {"uv": [99, 34], "uv_size": [2, 2]},
								"east": {"uv": [37, 99], "uv_size": [2, 2]},
								"south": {"uv": [39, 99], "uv_size": [2, 2]},
								"west": {"uv": [41, 99], "uv_size": [2, 2]},
								"up": {"uv": [44, 99], "uv_size": [2, 2]},
								"down": {"uv": [99, 46], "uv_size": [2, -2]}
							}
						},
						{
							"origin": [-0.5, 0.875, -68.55],
							"size": [1, 2, 1.75],
							"inflate": -0.2,
							"uv": {
								"north": {"uv": [74, 102], "uv_size": [1, 2]},
								"east": {"uv": [46, 99], "uv_size": [2, 2]},
								"south": {"uv": [102, 75], "uv_size": [1, 2]},
								"west": {"uv": [99, 46], "uv_size": [2, 2]},
								"up": {"uv": [77, 102], "uv_size": [1, 2]},
								"down": {"uv": [102, 79], "uv_size": [1, -2]}
							}
						},
						{
							"origin": [-0.75, 3.025, -74.05],
							"size": [1.5, 3, 1.75],
							"inflate": -0.2,
							"uv": {
								"north": {"uv": [96, 25], "uv_size": [2, 3]},
								"east": {"uv": [26, 96], "uv_size": [2, 3]},
								"south": {"uv": [32, 96], "uv_size": [2, 3]},
								"west": {"uv": [96, 36], "uv_size": [2, 3]},
								"up": {"uv": [26, 99], "uv_size": [2, 2]},
								"down": {"uv": [32, 101], "uv_size": [2, -2]}
							}
						},
						{
							"origin": [0, 1.775, -66.8],
							"size": [0, 2.5, 27],
							"uv": {
								"north": {"uv": [0, 0], "uv_size": [0, 3]},
								"east": {"uv": [38, 30], "uv_size": [27, 3]},
								"south": {"uv": [0, 0], "uv_size": [0, 3]},
								"west": {"uv": [38, 33], "uv_size": [27, 3]},
								"up": {"uv": [0, 0], "uv_size": [0, 27]},
								"down": {"uv": [0, 27], "uv_size": [0, -27]}
							}
						},
						{
							"origin": [-0.001, 2.01648, -40.03985],
							"size": [0, 2.5, 3],
							"pivot": [0, 3.26648, -38.53985],
							"rotation": [10, 0, 0],
							"uv": {
								"north": {"uv": [0, 0], "uv_size": [0, 3]},
								"east": {"uv": [90, 48], "uv_size": [3, 3]},
								"south": {"uv": [0, 0], "uv_size": [0, 3]},
								"west": {"uv": [90, 66], "uv_size": [3, 3]},
								"up": {"uv": [0, 0], "uv_size": [0, 3]},
								"down": {"uv": [0, 3], "uv_size": [0, -3]}
							}
						}
					]
				},
				{
					"name": "clip",
					"parent": "gun",
					"pivot": [0, -8.5, 9.875]
				},
				{
					"name": "bullets",
					"parent": "clip",
					"pivot": [0, -8.5, 9.875],
					"cubes": [
						{
							"origin": [-0.34471, -9.57956, 43.25],
							"size": [1, 1, 6],
							"pivot": [0, -8.5, 9.875],
							"rotation": [6.76373, -1.80753, 14.89318],
							"uv": {
								"north": {"uv": [10, 104], "uv_size": [1, 1]},
								"east": {"uv": [96, 39], "uv_size": [6, 1]},
								"south": {"uv": [104, 10], "uv_size": [1, 1]},
								"west": {"uv": [96, 40], "uv_size": [6, 1]},
								"up": {"uv": [93, 96], "uv_size": [1, 6]},
								"down": {"uv": [94, 102], "uv_size": [1, -6]}
							}
						},
						{
							"origin": [-0.34471, -9.57956, 43.25],
							"size": [1, 1, 6],
							"pivot": [0, -8.5, 9.875],
							"rotation": [5.07206, -1.35703, 14.93989],
							"uv": {
								"north": {"uv": [11, 104], "uv_size": [1, 1]},
								"east": {"uv": [96, 43], "uv_size": [6, 1]},
								"south": {"uv": [104, 11], "uv_size": [1, 1]},
								"west": {"uv": [96, 66], "uv_size": [6, 1]},
								"up": {"uv": [95, 96], "uv_size": [1, 6]},
								"down": {"uv": [0, 103], "uv_size": [1, -6]}
							}
						},
						{
							"origin": [-0.34471, -9.57956, 43.25],
							"size": [1, 1, 6],
							"pivot": [0, -8.5, 9.875],
							"rotation": [3.38102, -0.90534, 14.97328],
							"uv": {
								"north": {"uv": [12, 104], "uv_size": [1, 1]},
								"east": {"uv": [96, 67], "uv_size": [6, 1]},
								"south": {"uv": [104, 12], "uv_size": [1, 1]},
								"west": {"uv": [96, 71], "uv_size": [6, 1]},
								"up": {"uv": [1, 97], "uv_size": [1, 6]},
								"down": {"uv": [2, 103], "uv_size": [1, -6]}
							}
						},
						{
							"origin": [-0.34471, -9.57956, 43.25],
							"size": [1, 1, 6],
							"pivot": [0, -8.5, 9.875],
							"rotation": [1.69041, -0.45287, 14.99332],
							"uv": {
								"north": {"uv": [13, 104], "uv_size": [1, 1]},
								"east": {"uv": [97, 0], "uv_size": [6, 1]},
								"south": {"uv": [104, 13], "uv_size": [1, 1]},
								"west": {"uv": [97, 1], "uv_size": [6, 1]},
								"up": {"uv": [3, 97], "uv_size": [1, 6]},
								"down": {"uv": [5, 103], "uv_size": [1, -6]}
							}
						},
						{
							"origin": [-0.34471, -9.57956, 43.25],
							"size": [1, 1, 6],
							"pivot": [0, -8.5, 9.875],
							"rotation": [0, 0, 15],
							"uv": {
								"north": {"uv": [14, 104], "uv_size": [1, 1]},
								"east": {"uv": [97, 4], "uv_size": [6, 1]},
								"south": {"uv": [104, 14], "uv_size": [1, 1]},
								"west": {"uv": [97, 5], "uv_size": [6, 1]},
								"up": {"uv": [6, 97], "uv_size": [1, 6]},
								"down": {"uv": [9, 103], "uv_size": [1, -6]}
							}
						}
					]
				},
				{
					"name": "loose",
					"parent": "bullets",
					"pivot": [0, -8.5, 9.875]
				},
				{
					"name": "bullet1",
					"parent": "loose",
					"pivot": [0, -8.5, 9.875],
					"cubes": [
						{
							"origin": [-0.34471, -9.57956, 43.25],
							"size": [1, 1, 6],
							"pivot": [0, -8.5, 9.875],
							"rotation": [15.23869, -4.02857, 14.46087],
							"uv": {
								"north": {"uv": [5, 104], "uv_size": [1, 1]},
								"east": {"uv": [93, 15], "uv_size": [6, 1]},
								"south": {"uv": [104, 5], "uv_size": [1, 1]},
								"west": {"uv": [94, 70], "uv_size": [6, 1]},
								"up": {"uv": [4, 95], "uv_size": [1, 6]},
								"down": {"uv": [8, 101], "uv_size": [1, -6]}
							}
						}
					]
				},
				{
					"name": "bullet2",
					"parent": "loose",
					"pivot": [0, -8.5, 9.875],
					"cubes": [
						{
							"origin": [-0.34471, -9.57956, 43.25],
							"size": [1, 1, 6],
							"pivot": [0, -8.5, 9.875],
							"rotation": [13.54082, -3.58987, 14.57368],
							"uv": {
								"north": {"uv": [7, 104], "uv_size": [1, 1]},
								"east": {"uv": [95, 62], "uv_size": [6, 1]},
								"south": {"uv": [104, 7], "uv_size": [1, 1]},
								"west": {"uv": [96, 14], "uv_size": [6, 1]},
								"up": {"uv": [28, 96], "uv_size": [1, 6]},
								"down": {"uv": [34, 102], "uv_size": [1, -6]}
							}
						}
					]
				},
				{
					"name": "bullet3",
					"parent": "loose",
					"pivot": [0, -8.5, 9.875],
					"cubes": [
						{
							"origin": [-0.34471, -9.57956, 43.25],
							"size": [1, 1, 6],
							"pivot": [0, -8.5, 9.875],
							"rotation": [11.84458, -3.14802, 14.67336],
							"uv": {
								"north": {"uv": [6, 104], "uv_size": [1, 1]},
								"east": {"uv": [95, 3], "uv_size": [6, 1]},
								"south": {"uv": [104, 6], "uv_size": [1, 1]},
								"west": {"uv": [95, 42], "uv_size": [6, 1]},
								"up": {"uv": [24, 95], "uv_size": [1, 6]},
								"down": {"uv": [16, 102], "uv_size": [1, -6]}
							}
						}
					]
				},
				{
					"name": "bullet4",
					"parent": "loose",
					"pivot": [0, -8.5, 9.875],
					"cubes": [
						{
							"origin": [-0.34471, -9.57956, 43.25],
							"size": [1, 1, 6],
							"pivot": [0, -8.5, 9.875],
							"rotation": [10.14979, -2.70342, 14.75988],
							"uv": {
								"north": {"uv": [8, 104], "uv_size": [1, 1]},
								"east": {"uv": [96, 28], "uv_size": [6, 1]},
								"south": {"uv": [104, 8], "uv_size": [1, 1]},
								"west": {"uv": [96, 29], "uv_size": [6, 1]},
								"up": {"uv": [72, 96], "uv_size": [1, 6]},
								"down": {"uv": [82, 102], "uv_size": [1, -6]}
							}
						}
					]
				},
				{
					"name": "bullet5",
					"parent": "loose",
					"pivot": [0, -8.5, 9.875],
					"cubes": [
						{
							"origin": [-0.34471, -9.57956, 43.25],
							"size": [1, 1, 6],
							"pivot": [0, -8.5, 9.875],
							"rotation": [8.45624, -2.25646, 14.83316],
							"uv": {
								"north": {"uv": [9, 104], "uv_size": [1, 1]},
								"east": {"uv": [96, 32], "uv_size": [6, 1]},
								"south": {"uv": [104, 9], "uv_size": [1, 1]},
								"west": {"uv": [96, 33], "uv_size": [6, 1]},
								"up": {"uv": [96, 86], "uv_size": [1, 6]},
								"down": {"uv": [96, 98], "uv_size": [1, -6]}
							}
						}
					]
				},
				{
					"name": "spine",
					"parent": "clip",
					"pivot": [0, -8.5, 9.875],
					"cubes": [
						{
							"origin": [-1, -10, 49],
							"size": [2, 3, 1],
							"inflate": -0.251,
							"uv": {
								"north": {"uv": [44, 96], "uv_size": [2, 3]},
								"east": {"uv": [86, 100], "uv_size": [1, 3]},
								"south": {"uv": [96, 50], "uv_size": [2, 3]},
								"west": {"uv": [87, 100], "uv_size": [1, 3]},
								"up": {"uv": [102, 79], "uv_size": [2, 1]},
								"down": {"uv": [102, 81], "uv_size": [2, -1]}
							}
						},
						{
							"origin": [-1, -10, 49],
							"size": [2, 3, 1],
							"inflate": -0.25,
							"pivot": [0, -8.5, 9.875],
							"rotation": [3.5, 0, 0],
							"uv": {
								"north": {"uv": [52, 96], "uv_size": [2, 3]},
								"east": {"uv": [88, 100], "uv_size": [1, 3]},
								"south": {"uv": [96, 58], "uv_size": [2, 3]},
								"west": {"uv": [89, 100], "uv_size": [1, 3]},
								"up": {"uv": [82, 102], "uv_size": [2, 1]},
								"down": {"uv": [102, 84], "uv_size": [2, -1]}
							}
						},
						{
							"origin": [-1, -10, 49],
							"size": [2, 3, 1],
							"inflate": -0.251,
							"pivot": [0, -8.5, 9.875],
							"rotation": [7, 0, 0],
							"uv": {
								"north": {"uv": [66, 96], "uv_size": [2, 3]},
								"east": {"uv": [90, 100], "uv_size": [1, 3]},
								"south": {"uv": [68, 96], "uv_size": [2, 3]},
								"west": {"uv": [91, 100], "uv_size": [1, 3]},
								"up": {"uv": [102, 84], "uv_size": [2, 1]},
								"down": {"uv": [102, 87], "uv_size": [2, -1]}
							}
						},
						{
							"origin": [-1, -10, 49],
							"size": [2, 3, 1],
							"inflate": -0.25,
							"pivot": [0, -8.5, 9.875],
							"rotation": [10.5, 0, 0],
							"uv": {
								"north": {"uv": [70, 96], "uv_size": [2, 3]},
								"east": {"uv": [96, 100], "uv_size": [1, 3]},
								"south": {"uv": [96, 74], "uv_size": [2, 3]},
								"west": {"uv": [97, 100], "uv_size": [1, 3]},
								"up": {"uv": [102, 87], "uv_size": [2, 1]},
								"down": {"uv": [102, 89], "uv_size": [2, -1]}
							}
						},
						{
							"origin": [-1, -10, 49],
							"size": [2, 3, 1],
							"inflate": -0.251,
							"pivot": [0, -8.5, 9.875],
							"rotation": [14, 0, 0],
							"uv": {
								"north": {"uv": [96, 77], "uv_size": [2, 3]},
								"east": {"uv": [98, 100], "uv_size": [1, 3]},
								"south": {"uv": [96, 83], "uv_size": [2, 3]},
								"west": {"uv": [100, 98], "uv_size": [1, 3]},
								"up": {"uv": [102, 89], "uv_size": [2, 1]},
								"down": {"uv": [102, 91], "uv_size": [2, -1]}
							}
						}
					]
				},
				{
					"name": "bolt",
					"parent": "gun",
					"pivot": [1.001, 4.52919, 21.30411],
					"cubes": [
						{
							"origin": [-0.5, 9.25, -13.94589],
							"size": [1, 1, 13],
							"uv": {
								"north": {"uv": [30, 103], "uv_size": [1, 1]},
								"east": {"uv": [83, 37], "uv_size": [13, 1]},
								"south": {"uv": [31, 103], "uv_size": [1, 1]},
								"west": {"uv": [83, 38], "uv_size": [13, 1]},
								"up": {"uv": [19, 84], "uv_size": [1, 13]},
								"down": {"uv": [20, 97], "uv_size": [1, -13]}
							}
						},
						{
							"origin": [-1, 9.04289, -13.94589],
							"size": [1, 1, 13],
							"pivot": [-0.5, 9.54289, -6.94589],
							"rotation": [0, 0, -45],
							"uv": {
								"north": {"uv": [32, 103], "uv_size": [1, 1]},
								"east": {"uv": [84, 44], "uv_size": [13, 1]},
								"south": {"uv": [33, 103], "uv_size": [1, 1]},
								"west": {"uv": [84, 45], "uv_size": [13, 1]},
								"up": {"uv": [21, 84], "uv_size": [1, 13]},
								"down": {"uv": [46, 97], "uv_size": [1, -13]}
							}
						},
						{
							"origin": [0, 9.04289, -13.94589],
							"size": [1, 1, 13],
							"pivot": [0.5, 9.54289, -6.94589],
							"rotation": [0, 0, 45],
							"uv": {
								"north": {"uv": [34, 103], "uv_size": [1, 1]},
								"east": {"uv": [84, 46], "uv_size": [13, 1]},
								"south": {"uv": [103, 34], "uv_size": [1, 1]},
								"west": {"uv": [84, 47], "uv_size": [13, 1]},
								"up": {"uv": [47, 84], "uv_size": [1, 13]},
								"down": {"uv": [48, 97], "uv_size": [1, -13]}
							}
						},
						{
							"origin": [-1.20711, 6.54289, -13.94589],
							"size": [1, 3, 13],
							"uv": {
								"north": {"uv": [83, 99], "uv_size": [1, 3]},
								"east": {"uv": [65, 0], "uv_size": [13, 3]},
								"south": {"uv": [84, 99], "uv_size": [1, 3]},
								"west": {"uv": [65, 3], "uv_size": [13, 3]},
								"up": {"uv": [49, 84], "uv_size": [1, 13]},
								"down": {"uv": [50, 97], "uv_size": [1, -13]}
							}
						},
						{
							"origin": [0.20711, 6.54289, -13.94589],
							"size": [1, 3, 13],
							"uv": {
								"north": {"uv": [92, 99], "uv_size": [1, 3]},
								"east": {"uv": [65, 6], "uv_size": [13, 3]},
								"south": {"uv": [13, 100], "uv_size": [1, 3]},
								"west": {"uv": [65, 9], "uv_size": [13, 3]},
								"up": {"uv": [51, 84], "uv_size": [1, 13]},
								"down": {"uv": [84, 85], "uv_size": [1, -13]}
							}
						},
						{
							"origin": [-1.20711, 9.54289, -14.69589],
							"size": [2.4142, 1, 1],
							"uv": {
								"north": {"uv": [101, 50], "uv_size": [2, 1]},
								"east": {"uv": [38, 103], "uv_size": [1, 1]},
								"south": {"uv": [101, 55], "uv_size": [2, 1]},
								"west": {"uv": [39, 103], "uv_size": [1, 1]},
								"up": {"uv": [101, 62], "uv_size": [2, 1]},
								"down": {"uv": [101, 86], "uv_size": [2, -1]}
							}
						},
						{
							"origin": [-1.20711, 9.54289, -13.69589],
							"size": [1, 1, 1],
							"uv": {
								"north": {"uv": [103, 40], "uv_size": [1, 1]},
								"east": {"uv": [103, 41], "uv_size": [1, 1]},
								"south": {"uv": [42, 103], "uv_size": [1, 1]},
								"west": {"uv": [103, 42], "uv_size": [1, 1]},
								"up": {"uv": [43, 103], "uv_size": [1, 1]},
								"down": {"uv": [44, 104], "uv_size": [1, -1]}
							}
						},
						{
							"origin": [-2.25711, 9.54289, -13.69589],
							"size": [2, 1, 1],
							"inflate": -0.2,
							"pivot": [-1.90711, 10.04289, -13.19589],
							"rotation": [-20, 0, 0],
							"uv": {
								"north": {"uv": [102, 2], "uv_size": [2, 1]},
								"east": {"uv": [45, 103], "uv_size": [1, 1]},
								"south": {"uv": [102, 16], "uv_size": [2, 1]},
								"west": {"uv": [46, 103], "uv_size": [1, 1]},
								"up": {"uv": [102, 29], "uv_size": [2, 1]},
								"down": {"uv": [102, 31], "uv_size": [2, -1]}
							}
						},
						{
							"origin": [-3.05711, 9.54289, -13.69589],
							"size": [1, 1, 1],
							"pivot": [-1.90711, 10.04289, -13.19589],
							"rotation": [-20, 0, 0],
							"uv": {
								"north": {"uv": [103, 46], "uv_size": [1, 1]},
								"east": {"uv": [47, 103], "uv_size": [1, 1]},
								"south": {"uv": [103, 47], "uv_size": [1, 1]},
								"west": {"uv": [48, 103], "uv_size": [1, 1]},
								"up": {"uv": [49, 103], "uv_size": [1, 1]},
								"down": {"uv": [103, 51], "uv_size": [1, -1]}
							}
						}
					]
				},
				{
					"name": "rightarm",
					"parent": "main",
					"pivot": [-7.8, 1.8, 41.7],
					"rotation": [-86.01781, -10.40481, 10.23788],
					"cubes": [
						{
							"origin": [-11.8, -22.2, 37.7],
							"size": [8, 24, 8],
							"uv": {
								"north": {"uv": [8, 20], "uv_size": [8, 24]},
								"east": {"uv": [16, 20], "uv_size": [8, 24]},
								"south": {"uv": [24, 20], "uv_size": [8, 24]},
								"west": {"uv": [32, 20], "uv_size": [8, 24]},
								"up": {"uv": [11, 68], "uv_size": [8, 8]},
								"down": {"uv": [19, 76], "uv_size": [8, -8]}
							}
						}
					]
				},
				{
					"name": "leftarm",
					"parent": "main",
					"pivot": [8.2, -10.7, 1.4],
					"rotation": [-89.25888, 32.92009, 64.7728],
					"cubes": [
						{
							"origin": [4.2, -34.7, -2.6],
							"size": [8, 24, 8],
							"uv": {
								"north": {"uv": [40, 20], "uv_size": [8, 24]},
								"east": {"uv": [8, 44], "uv_size": [8, 24]},
								"south": {"uv": [16, 44], "uv_size": [8, 24]},
								"west": {"uv": [24, 44], "uv_size": [8, 24]},
								"up": {"uv": [69, 52], "uv_size": [8, 8]},
								"down": {"uv": [69, 68], "uv_size": [8, -8]}
							}
						}
					]
				},
				{
					"name": "muzzleflash",
					"parent": "main",
					"pivot": [0, 6.6, -83.25],
					"cubes": [
						{
							"origin": [-1, 6.1, -83.55],
							"size": [1, 1, 1],
							"inflate": -0.4,
							"uv": {
								"north": {"uv": [14, 35], "uv_size": [0.5, 0.5]},
								"east": {"uv": [13.5, 35], "uv_size": [0.5, 0.5]},
								"south": {"uv": [15, 35], "uv_size": [0.5, 0.5]},
								"west": {"uv": [14.5, 35], "uv_size": [0.5, 0.5]},
								"up": {"uv": [14, 34.5], "uv_size": [0.5, 0.5]},
								"down": {"uv": [14.5, 35], "uv_size": [0.5, -0.5]}
							}
						}
					]
				},
				{
					"name": "scope",
					"parent": "main",
					"pivot": [0, 11.85, 0.75],
					"cubes": [
						{
							"origin": [-0.5, 11.35, 1.45],
							"size": [1, 1, 1],
							"inflate": -0.4,
							"uv": {
								"north": {"uv": [14, 35], "uv_size": [0.5, 0.5]},
								"east": {"uv": [13.5, 35], "uv_size": [0.5, 0.5]},
								"south": {"uv": [15, 35], "uv_size": [0.5, 0.5]},
								"west": {"uv": [14.5, 35], "uv_size": [0.5, 0.5]},
								"up": {"uv": [14, 34.5], "uv_size": [0.5, 0.5]},
								"down": {"uv": [14.5, 35], "uv_size": [0.5, -0.5]}
							}
						}
					]
				},
				{
					"name": "_camera_",
					"pivot": [6.825, 33.725, 26.45]
				}
			]
		}
	]
}