{
	"format_version": "1.12.0",
	"minecraft:geometry": [
		{
			"description": {
				"identifier": "geometry.unknown",
				"texture_width": 256,
				"texture_height": 256,
				"visible_bounds_width": 16,
				"visible_bounds_height": 3.5,
				"visible_bounds_offset": [0, 1.25, 0]
			},
			"bones": [
				{
					"name": "main",
					"pivot": [0, 20, 0]
				},
				{
					"name": "muzzleflash",
					"parent": "main",
					"pivot": [0, 24.35, -68.25],
					"cubes": [
						{
							"origin": [-0.5, 23.85, -68.55],
							"size": [1, 1, 1],
							"inflate": -0.4,
							"uv": {
								"north": {"uv": [45, 89], "uv_size": [1, 1]},
								"east": {"uv": [57, 90], "uv_size": [1, 1]},
								"south": {"uv": [60, 91], "uv_size": [1, 1]},
								"west": {"uv": [21, 93], "uv_size": [1, 1]},
								"up": {"uv": [66, 93], "uv_size": [1, 1]},
								"down": {"uv": [20, 96], "uv_size": [1, -1]}
							}
						}
					]
				},
				{
					"name": "l_arm",
					"parent": "main",
					"pivot": [10.7, 11.3, -8.6]
				},
				{
					"name": "leftarm",
					"parent": "l_arm",
					"pivot": [10.7, 11.3, -8.6],
					"rotation": [-119.61483, 1.67666, -38.31282],
					"cubes": [
						{
							"origin": [5.63166, -4.53077, -18.26766],
							"size": [8, 24, 8],
							"pivot": [13.7, -0.7, -11.6],
							"rotation": [-4.9905, -0.21782, 5.00473],
							"uv": {
								"north": {"uv": [0, 6], "uv_size": [8, 24]},
								"east": {"uv": [8, 6], "uv_size": [8, 24]},
								"south": {"uv": [16, 6], "uv_size": [8, 24]},
								"west": {"uv": [24, 6], "uv_size": [8, 24]},
								"up": {"uv": [59, 79], "uv_size": [8, 8]},
								"down": {"uv": [67, 87], "uv_size": [8, -8]}
							}
						}
					]
				},
				{
					"name": "r_arm",
					"parent": "main",
					"pivot": [-10.8, 12.8, 18.8]
				},
				{
					"name": "Cartridge",
					"parent": "r_arm",
					"pivot": [-9.80154, 18.96375, 33.88371],
					"rotation": [-180, 2.5, 85],
					"cubes": [
						{
							"origin": [-85.39145, 18.42782, 111.54508],
							"size": [5.90159, 1.00319, 1.22319],
							"pivot": [-6.70532, -34.15285, 109.61905],
							"rotation": [0, -90, 0],
							"uv": {
								"north": {"uv": [24, 84], "uv_size": [6, 1]},
								"east": {"uv": [59, 96], "uv_size": [1, 1]},
								"south": {"uv": [81, 89], "uv_size": [6, 1]},
								"west": {"uv": [103, 98], "uv_size": [1, 1]},
								"up": {"uv": [87, 89], "uv_size": [6, 1]},
								"down": {"uv": [0, 91], "uv_size": [6, -1]}
							}
						},
						{
							"origin": [-85.39145, -31.51745, 56.52456],
							"size": [5.90159, 1.00319, 1.22319],
							"inflate": -0.002,
							"pivot": [-6.70532, -34.15285, 109.61905],
							"rotation": [0, -90, -90],
							"uv": {
								"north": {"uv": [15, 90], "uv_size": [6, 1]},
								"east": {"uv": [103, 99], "uv_size": [1, 1]},
								"south": {"uv": [45, 90], "uv_size": [6, 1]},
								"west": {"uv": [103, 100], "uv_size": [1, 1]},
								"up": {"uv": [51, 90], "uv_size": [6, 1]},
								"down": {"uv": [67, 91], "uv_size": [6, -1]}
							}
						},
						{
							"origin": [-85.39145, 0.6622, 148.1611],
							"size": [5.90159, 1.00319, 1.39919],
							"inflate": -0.001,
							"pivot": [-6.70532, -34.15285, 109.61905],
							"rotation": [0, -90, 45],
							"uv": {
								"north": {"uv": [73, 90], "uv_size": [6, 1]},
								"east": {"uv": [101, 103], "uv_size": [1, 1]},
								"south": {"uv": [79, 90], "uv_size": [6, 1]},
								"west": {"uv": [103, 101], "uv_size": [1, 1]},
								"up": {"uv": [90, 83], "uv_size": [6, 1]},
								"down": {"uv": [90, 85], "uv_size": [6, -1]}
							}
						},
						{
							"origin": [-85.39145, 5.09858, 73.93819],
							"size": [5.90159, 1.00319, 1.57519],
							"pivot": [-6.70532, -34.15285, 109.61905],
							"rotation": [0, -90, -45],
							"uv": {
								"north": {"uv": [85, 90], "uv_size": [6, 1]},
								"east": {"uv": [88, 99], "uv_size": [2, 1]},
								"south": {"uv": [90, 85], "uv_size": [6, 1]},
								"west": {"uv": [90, 99], "uv_size": [2, 1]},
								"up": {"uv": [70, 87], "uv_size": [6, 2]},
								"down": {"uv": [76, 89], "uv_size": [6, -2]}
							}
						},
						{
							"origin": [-85.39145, 18.42782, 112.21582],
							"size": [5.90159, 1.00319, 1.75119],
							"inflate": 0.001,
							"pivot": [-6.70532, -34.15285, 109.61905],
							"rotation": [0, -90, 0],
							"uv": {
								"north": {"uv": [90, 86], "uv_size": [6, 1]},
								"east": {"uv": [99, 90], "uv_size": [2, 1]},
								"south": {"uv": [0, 91], "uv_size": [6, 1]},
								"west": {"uv": [99, 91], "uv_size": [2, 1]},
								"up": {"uv": [82, 87], "uv_size": [6, 2]},
								"down": {"uv": [0, 90], "uv_size": [6, -2]}
							}
						},
						{
							"origin": [-85.39145, 0.6622, 149.35984],
							"size": [5.90159, 1.00319, 1.22319],
							"inflate": 0.002,
							"pivot": [-6.70532, -34.15285, 109.61905],
							"rotation": [0, -90, 45],
							"uv": {
								"north": {"uv": [12, 91], "uv_size": [6, 1]},
								"east": {"uv": [102, 103], "uv_size": [1, 1]},
								"south": {"uv": [45, 91], "uv_size": [6, 1]},
								"west": {"uv": [103, 102], "uv_size": [1, 1]},
								"up": {"uv": [51, 91], "uv_size": [6, 1]},
								"down": {"uv": [67, 92], "uv_size": [6, -1]}
							}
						},
						{
							"origin": [-85.39145, -31.51745, 55.32582],
							"size": [5.90159, 1.00319, 1.04719],
							"pivot": [-6.70532, -34.15285, 109.61905],
							"rotation": [0, -90, -90],
							"uv": {
								"north": {"uv": [73, 91], "uv_size": [6, 1]},
								"east": {"uv": [103, 103], "uv_size": [1, 1]},
								"south": {"uv": [79, 91], "uv_size": [6, 1]},
								"west": {"uv": [0, 104], "uv_size": [1, 1]},
								"up": {"uv": [85, 91], "uv_size": [6, 1]},
								"down": {"uv": [91, 91], "uv_size": [6, -1]}
							}
						},
						{
							"origin": [-85.39145, 5.09858, 73.09145],
							"size": [5.90159, 1.00319, 1.22319],
							"inflate": -0.001,
							"pivot": [-6.70532, -34.15285, 109.61905],
							"rotation": [0, -90, -45],
							"uv": {
								"north": {"uv": [91, 91], "uv_size": [6, 1]},
								"east": {"uv": [104, 0], "uv_size": [1, 1]},
								"south": {"uv": [0, 92], "uv_size": [6, 1]},
								"west": {"uv": [1, 104], "uv_size": [1, 1]},
								"up": {"uv": [6, 92], "uv_size": [6, 1]},
								"down": {"uv": [12, 93], "uv_size": [6, -1]}
							}
						}
					]
				},
				{
					"name": "Powder2",
					"parent": "Cartridge",
					"pivot": [-9.80154, 18.96375, 34.84371],
					"cubes": [
						{
							"origin": [-65.1062, 18.5618, 93.90817],
							"size": [4.10619, 0.75239, 0.91739],
							"pivot": [-6.45627, -32.57899, 91.44054],
							"rotation": [0, -90, 0],
							"uv": {
								"north": {"uv": [92, 94], "uv_size": [4, 1]},
								"east": {"uv": [104, 1], "uv_size": [1, 1]},
								"south": {"uv": [94, 92], "uv_size": [4, 1]},
								"west": {"uv": [2, 104], "uv_size": [1, 1]},
								"up": {"uv": [94, 93], "uv_size": [4, 1]},
								"down": {"uv": [0, 96], "uv_size": [4, -1]}
							}
						},
						{
							"origin": [-65.1062, -29.57933, 39.91439],
							"size": [4.10619, 0.75239, 0.91739],
							"pivot": [-6.45627, -32.57899, 91.44054],
							"rotation": [0, -90, -90],
							"uv": {
								"north": {"uv": [4, 95], "uv_size": [4, 1]},
								"east": {"uv": [3, 104], "uv_size": [1, 1]},
								"south": {"uv": [8, 95], "uv_size": [4, 1]},
								"west": {"uv": [4, 104], "uv_size": [1, 1]},
								"up": {"uv": [12, 95], "uv_size": [4, 1]},
								"down": {"uv": [16, 96], "uv_size": [4, -1]}
							}
						},
						{
							"origin": [-65.1062, 1.08574, 129.34742],
							"size": [4.10619, 0.75239, 1.04939],
							"pivot": [-6.45627, -32.57899, 91.44054],
							"rotation": [0, -90, 45],
							"uv": {
								"north": {"uv": [95, 75], "uv_size": [4, 1]},
								"east": {"uv": [104, 4], "uv_size": [1, 1]},
								"south": {"uv": [95, 76], "uv_size": [4, 1]},
								"west": {"uv": [5, 104], "uv_size": [1, 1]},
								"up": {"uv": [95, 77], "uv_size": [4, 1]},
								"down": {"uv": [87, 96], "uv_size": [4, -1]}
							}
						},
						{
							"origin": [-65.1062, 5.85992, 57.12645],
							"size": [4.10619, 0.75239, 1.18139],
							"pivot": [-6.45627, -32.57899, 91.44054],
							"rotation": [0, -90, -45],
							"uv": {
								"north": {"uv": [92, 95], "uv_size": [4, 1]},
								"east": {"uv": [104, 5], "uv_size": [1, 1]},
								"south": {"uv": [0, 96], "uv_size": [4, 1]},
								"west": {"uv": [6, 104], "uv_size": [1, 1]},
								"up": {"uv": [4, 96], "uv_size": [4, 1]},
								"down": {"uv": [8, 97], "uv_size": [4, -1]}
							}
						},
						{
							"origin": [-65.1062, 18.5618, 94.41123],
							"size": [4.10619, 0.75239, 1.31339],
							"pivot": [-6.45627, -32.57899, 91.44054],
							"rotation": [0, -90, 0],
							"uv": {
								"north": {"uv": [12, 96], "uv_size": [4, 1]},
								"east": {"uv": [7, 104], "uv_size": [1, 1]},
								"south": {"uv": [16, 96], "uv_size": [4, 1]},
								"west": {"uv": [8, 104], "uv_size": [1, 1]},
								"up": {"uv": [20, 96], "uv_size": [4, 1]},
								"down": {"uv": [24, 97], "uv_size": [4, -1]}
							}
						},
						{
							"origin": [-65.1062, 1.08574, 130.24647],
							"size": [4.10619, 0.75239, 0.91739],
							"pivot": [-6.45627, -32.57899, 91.44054],
							"rotation": [0, -90, 45],
							"uv": {
								"north": {"uv": [28, 96], "uv_size": [4, 1]},
								"east": {"uv": [9, 104], "uv_size": [1, 1]},
								"south": {"uv": [32, 96], "uv_size": [4, 1]},
								"west": {"uv": [10, 104], "uv_size": [1, 1]},
								"up": {"uv": [36, 96], "uv_size": [4, 1]},
								"down": {"uv": [43, 97], "uv_size": [4, -1]}
							}
						},
						{
							"origin": [-65.1062, -29.57933, 39.01534],
							"size": [4.10619, 0.75239, 0.78539],
							"pivot": [-6.45627, -32.57899, 91.44054],
							"rotation": [0, -90, -90],
							"uv": {
								"north": {"uv": [47, 96], "uv_size": [4, 1]},
								"east": {"uv": [11, 104], "uv_size": [1, 1]},
								"south": {"uv": [51, 96], "uv_size": [4, 1]},
								"west": {"uv": [12, 104], "uv_size": [1, 1]},
								"up": {"uv": [55, 96], "uv_size": [4, 1]},
								"down": {"uv": [96, 84], "uv_size": [4, -1]}
							}
						},
						{
							"origin": [-65.1062, 5.85992, 56.4914],
							"size": [4.10619, 0.75239, 0.91739],
							"pivot": [-6.45627, -32.57899, 91.44054],
							"rotation": [0, -90, -45],
							"uv": {
								"north": {"uv": [96, 84], "uv_size": [4, 1]},
								"east": {"uv": [13, 104], "uv_size": [1, 1]},
								"south": {"uv": [96, 85], "uv_size": [4, 1]},
								"west": {"uv": [14, 104], "uv_size": [1, 1]},
								"up": {"uv": [96, 86], "uv_size": [4, 1]},
								"down": {"uv": [87, 97], "uv_size": [4, -1]}
							}
						}
					]
				},
				{
					"name": "Cartridgerear",
					"parent": "Cartridge",
					"pivot": [-9.79796, 18.93834, 37.32281],
					"cubes": [
						{
							"origin": [-78.26787, 18.40241, 110.30418],
							"size": [1.02159, 1.00319, 1.22319],
							"inflate": -0.003,
							"pivot": [-6.70174, -34.17826, 108.37815],
							"rotation": [0, -90, 0],
							"uv": {
								"north": {"uv": [15, 104], "uv_size": [1, 1]},
								"east": {"uv": [16, 104], "uv_size": [1, 1]},
								"south": {"uv": [17, 104], "uv_size": [1, 1]},
								"west": {"uv": [18, 104], "uv_size": [1, 1]},
								"up": {"uv": [19, 104], "uv_size": [1, 1]},
								"down": {"uv": [20, 105], "uv_size": [1, -1]}
							}
						},
						{
							"origin": [-78.26787, 5.07317, 71.85055],
							"size": [1.02159, 1.00319, 1.22319],
							"pivot": [-6.70174, -34.17826, 108.37815],
							"rotation": [0, -90, -45],
							"uv": {
								"north": {"uv": [21, 104], "uv_size": [1, 1]},
								"east": {"uv": [26, 104], "uv_size": [1, 1]},
								"south": {"uv": [27, 104], "uv_size": [1, 1]},
								"west": {"uv": [30, 104], "uv_size": [1, 1]},
								"up": {"uv": [31, 104], "uv_size": [1, 1]},
								"down": {"uv": [32, 105], "uv_size": [1, -1]}
							}
						},
						{
							"origin": [-78.26787, -31.54286, 54.08492],
							"size": [1.02159, 1.00319, 1.04719],
							"inflate": 0.001,
							"pivot": [-6.70174, -34.17826, 108.37815],
							"rotation": [0, -90, -90],
							"uv": {
								"north": {"uv": [33, 104], "uv_size": [1, 1]},
								"east": {"uv": [34, 104], "uv_size": [1, 1]},
								"south": {"uv": [35, 104], "uv_size": [1, 1]},
								"west": {"uv": [36, 104], "uv_size": [1, 1]},
								"up": {"uv": [37, 104], "uv_size": [1, 1]},
								"down": {"uv": [38, 105], "uv_size": [1, -1]}
							}
						},
						{
							"origin": [-78.26787, 0.63678, 148.11894],
							"size": [1.02159, 1.00319, 1.22319],
							"pivot": [-6.70174, -34.17826, 108.37815],
							"rotation": [0, -90, 45],
							"uv": {
								"north": {"uv": [39, 104], "uv_size": [1, 1]},
								"east": {"uv": [40, 104], "uv_size": [1, 1]},
								"south": {"uv": [41, 104], "uv_size": [1, 1]},
								"west": {"uv": [104, 41], "uv_size": [1, 1]},
								"up": {"uv": [42, 104], "uv_size": [1, 1]},
								"down": {"uv": [104, 43], "uv_size": [1, -1]}
							}
						},
						{
							"origin": [-78.26787, 18.40241, 110.97492],
							"size": [1.02159, 1.00319, 1.75119],
							"inflate": 0.002,
							"pivot": [-6.70174, -34.17826, 108.37815],
							"rotation": [0, -90, 0],
							"uv": {
								"north": {"uv": [43, 104], "uv_size": [1, 1]},
								"east": {"uv": [92, 99], "uv_size": [2, 1]},
								"south": {"uv": [46, 104], "uv_size": [1, 1]},
								"west": {"uv": [94, 99], "uv_size": [2, 1]},
								"up": {"uv": [65, 95], "uv_size": [1, 2]},
								"down": {"uv": [96, 101], "uv_size": [1, -2]}
							}
						},
						{
							"origin": [-78.26787, 5.07317, 72.69729],
							"size": [1.02159, 1.00319, 1.57519],
							"pivot": [-6.70174, -34.17826, 108.37815],
							"rotation": [0, -90, -45],
							"uv": {
								"north": {"uv": [47, 104], "uv_size": [1, 1]},
								"east": {"uv": [99, 97], "uv_size": [2, 1]},
								"south": {"uv": [48, 104], "uv_size": [1, 1]},
								"west": {"uv": [99, 98], "uv_size": [2, 1]},
								"up": {"uv": [97, 99], "uv_size": [1, 2]},
								"down": {"uv": [99, 101], "uv_size": [1, -2]}
							}
						},
						{
							"origin": [-78.26787, 0.63678, 146.9202],
							"size": [1.02159, 1.00319, 1.39919],
							"inflate": -0.002,
							"pivot": [-6.70174, -34.17826, 108.37815],
							"rotation": [0, -90, 45],
							"uv": {
								"north": {"uv": [49, 104], "uv_size": [1, 1]},
								"east": {"uv": [50, 104], "uv_size": [1, 1]},
								"south": {"uv": [51, 104], "uv_size": [1, 1]},
								"west": {"uv": [52, 104], "uv_size": [1, 1]},
								"up": {"uv": [56, 104], "uv_size": [1, 1]},
								"down": {"uv": [57, 105], "uv_size": [1, -1]}
							}
						},
						{
							"origin": [-78.26787, -31.54286, 55.28366],
							"size": [1.02159, 1.00319, 1.22319],
							"inflate": -0.001,
							"pivot": [-6.70174, -34.17826, 108.37815],
							"rotation": [0, -90, -90],
							"uv": {
								"north": {"uv": [58, 104], "uv_size": [1, 1]},
								"east": {"uv": [59, 104], "uv_size": [1, 1]},
								"south": {"uv": [63, 104], "uv_size": [1, 1]},
								"west": {"uv": [64, 104], "uv_size": [1, 1]},
								"up": {"uv": [65, 104], "uv_size": [1, 1]},
								"down": {"uv": [66, 105], "uv_size": [1, -1]}
							}
						}
					]
				},
				{
					"name": "rightarm",
					"parent": "r_arm",
					"pivot": [-10.8, 12.8, 18.8],
					"rotation": [-102.97199, -27.05518, 0.94049],
					"cubes": [
						{
							"origin": [-14.8, -11.2, 14.8],
							"size": [8, 24, 8],
							"uv": {
								"north": {"uv": [0, 30], "uv_size": [8, 24]},
								"east": {"uv": [8, 30], "uv_size": [8, 24]},
								"south": {"uv": [16, 30], "uv_size": [8, 24]},
								"west": {"uv": [24, 30], "uv_size": [8, 24]},
								"up": {"uv": [75, 79], "uv_size": [8, 8]},
								"down": {"uv": [0, 88], "uv_size": [8, -8]}
							}
						}
					]
				},
				{
					"name": "scope",
					"parent": "main",
					"pivot": [0, 28.4, 10.85],
					"cubes": [
						{
							"origin": [-0.5, 27.9, 4.85],
							"size": [1, 1, 1],
							"inflate": -0.4,
							"uv": {
								"north": {"uv": [67, 104], "uv_size": [1, 1]},
								"east": {"uv": [68, 104], "uv_size": [1, 1]},
								"south": {"uv": [69, 104], "uv_size": [1, 1]},
								"west": {"uv": [70, 104], "uv_size": [1, 1]},
								"up": {"uv": [71, 104], "uv_size": [1, 1]},
								"down": {"uv": [72, 105], "uv_size": [1, -1]}
							}
						}
					]
				},
				{
					"name": "Musket",
					"parent": "main",
					"pivot": [0, 0, 0]
				},
				{
					"name": "Barrel",
					"parent": "Musket",
					"pivot": [-21.32888, -69.48653, -42.69182],
					"cubes": [
						{
							"origin": [-89.86024, 24.89113, -36.92182],
							"size": [132.2376, 1.0032, 0.1672],
							"pivot": [-0.96342, 20.28986, -41.71727],
							"rotation": [0, -90, 45],
							"uv": {
								"north": {"uv": [32, 50], "uv_size": [132, 1]},
								"east": {"uv": [73, 104], "uv_size": [1, 1]},
								"south": {"uv": [32, 51], "uv_size": [132, 1]},
								"west": {"uv": [74, 104], "uv_size": [1, 1]},
								"up": {"uv": [32, 52], "uv_size": [132, 1]},
								"down": {"uv": [32, 54], "uv_size": [132, -1]}
							}
						},
						{
							"origin": [-89.86024, 26.04938, -41.62893],
							"size": [132.2376, 1.0032, 0.1672],
							"pivot": [-0.96342, 20.28986, -41.71727],
							"rotation": [0, -90, 0],
							"uv": {
								"north": {"uv": [0, 54], "uv_size": [132, 1]},
								"east": {"uv": [75, 104], "uv_size": [1, 1]},
								"south": {"uv": [54, 18], "uv_size": [132, 1]},
								"west": {"uv": [76, 104], "uv_size": [1, 1]},
								"up": {"uv": [54, 19], "uv_size": [132, 1]},
								"down": {"uv": [54, 21], "uv_size": [132, -1]}
							}
						},
						{
							"origin": [-89.86024, 23.53995, -45.77637],
							"size": [132.2376, 1.0032, 0.1672],
							"pivot": [-0.96342, 20.28986, -41.71727],
							"rotation": [0, -90, -45],
							"uv": {
								"north": {"uv": [54, 21], "uv_size": [132, 1]},
								"east": {"uv": [77, 104], "uv_size": [1, 1]},
								"south": {"uv": [54, 22], "uv_size": [132, 1]},
								"west": {"uv": [104, 77], "uv_size": [1, 1]},
								"up": {"uv": [54, 23], "uv_size": [132, 1]},
								"down": {"uv": [54, 25], "uv_size": [132, -1]}
							}
						},
						{
							"origin": [-89.86024, 24.89113, -39.17656],
							"size": [132.2376, 1.0032, 0.1672],
							"pivot": [-0.96342, 20.28986, -41.71727],
							"rotation": [0, -90, 45],
							"uv": {
								"north": {"uv": [54, 25], "uv_size": [132, 1]},
								"east": {"uv": [78, 104], "uv_size": [1, 1]},
								"south": {"uv": [54, 26], "uv_size": [132, 1]},
								"west": {"uv": [79, 104], "uv_size": [1, 1]},
								"up": {"uv": [54, 27], "uv_size": [132, 1]},
								"down": {"uv": [54, 29], "uv_size": [132, -1]}
							}
						},
						{
							"origin": [-89.86024, 18.83284, -46.93462],
							"size": [132.2376, 1.0032, 0.1672],
							"pivot": [-0.96342, 20.28986, -41.71727],
							"rotation": [0, -90, -90],
							"uv": {
								"north": {"uv": [54, 29], "uv_size": [132, 1]},
								"east": {"uv": [104, 79], "uv_size": [1, 1]},
								"south": {"uv": [54, 30], "uv_size": [132, 1]},
								"west": {"uv": [80, 104], "uv_size": [1, 1]},
								"up": {"uv": [54, 31], "uv_size": [132, 1]},
								"down": {"uv": [0, 56], "uv_size": [132, -1]}
							}
						},
						{
							"origin": [-89.86024, 26.04938, -43.88367],
							"size": [132.2376, 1.0032, 0.1672],
							"pivot": [-0.96342, 20.28986, -41.71727],
							"rotation": [0, -90, 0],
							"uv": {
								"north": {"uv": [0, 56], "uv_size": [132, 1]},
								"east": {"uv": [104, 80], "uv_size": [1, 1]},
								"south": {"uv": [0, 57], "uv_size": [132, 1]},
								"west": {"uv": [81, 104], "uv_size": [1, 1]},
								"up": {"uv": [0, 58], "uv_size": [132, 1]},
								"down": {"uv": [0, 60], "uv_size": [132, -1]}
							}
						},
						{
							"origin": [-89.86024, 23.53995, -48.03111],
							"size": [132.2376, 1.0032, 0.1672],
							"pivot": [-0.96342, 20.28986, -41.71727],
							"rotation": [0, -90, -45],
							"uv": {
								"north": {"uv": [0, 60], "uv_size": [132, 1]},
								"east": {"uv": [104, 81], "uv_size": [1, 1]},
								"south": {"uv": [0, 61], "uv_size": [132, 1]},
								"west": {"uv": [82, 104], "uv_size": [1, 1]},
								"up": {"uv": [0, 62], "uv_size": [132, 1]},
								"down": {"uv": [0, 64], "uv_size": [132, -1]}
							}
						},
						{
							"origin": [-89.86024, 18.83284, -49.18936],
							"size": [132.2376, 1.0032, 0.1672],
							"pivot": [-0.96342, 20.28986, -41.71727],
							"rotation": [0, -90, -90],
							"uv": {
								"north": {"uv": [0, 64], "uv_size": [132, 1]},
								"east": {"uv": [104, 82], "uv_size": [1, 1]},
								"south": {"uv": [0, 65], "uv_size": [132, 1]},
								"west": {"uv": [83, 104], "uv_size": [1, 1]},
								"up": {"uv": [0, 66], "uv_size": [132, 1]},
								"down": {"uv": [0, 68], "uv_size": [132, -1]}
							}
						},
						{
							"origin": [-79.82823, 26.04938, -43.88366],
							"size": [1.82159, 1.00319, 1.22319],
							"pivot": [-0.96342, 20.28986, -41.71727],
							"rotation": [0, -90, 0],
							"uv": {
								"north": {"uv": [0, 100], "uv_size": [2, 1]},
								"east": {"uv": [104, 83], "uv_size": [1, 1]},
								"south": {"uv": [100, 0], "uv_size": [2, 1]},
								"west": {"uv": [84, 104], "uv_size": [1, 1]},
								"up": {"uv": [100, 1], "uv_size": [2, 1]},
								"down": {"uv": [2, 101], "uv_size": [2, -1]}
							}
						},
						{
							"origin": [-0.87456, 26.09354, -120.81987],
							"size": [1.82159, 1.00319, 1.22319],
							"inflate": 0.0014,
							"pivot": [0.03623, 26.59498, -119.67129],
							"rotation": [0, -90, -45],
							"uv": {
								"north": {"uv": [4, 100], "uv_size": [2, 1]},
								"east": {"uv": [104, 84], "uv_size": [1, 1]},
								"south": {"uv": [100, 4], "uv_size": [2, 1]},
								"west": {"uv": [85, 104], "uv_size": [1, 1]},
								"up": {"uv": [6, 100], "uv_size": [2, 1]},
								"down": {"uv": [8, 101], "uv_size": [2, -1]}
							}
						},
						{
							"origin": [-0.87456, 26.13761, -120.83825],
							"size": [1.82159, 1.00319, 1.04719],
							"inflate": 0.0015,
							"pivot": [0.03623, 26.59498, -119.67129],
							"rotation": [0, -90, -90],
							"uv": {
								"north": {"uv": [10, 100], "uv_size": [2, 1]},
								"east": {"uv": [104, 85], "uv_size": [1, 1]},
								"south": {"uv": [16, 100], "uv_size": [2, 1]},
								"west": {"uv": [86, 104], "uv_size": [1, 1]},
								"up": {"uv": [18, 100], "uv_size": [2, 1]},
								"down": {"uv": [24, 101], "uv_size": [2, -1]}
							}
						},
						{
							"origin": [-0.87456, 26.04938, -120.16729],
							"size": [1.82159, 1.00319, 1.75119],
							"inflate": 0.0011,
							"pivot": [0.03623, 26.59498, -119.67129],
							"rotation": [0, -90, 0],
							"uv": {
								"north": {"uv": [26, 100], "uv_size": [2, 1]},
								"east": {"uv": [28, 100], "uv_size": [2, 1]},
								"south": {"uv": [30, 100], "uv_size": [2, 1]},
								"west": {"uv": [32, 100], "uv_size": [2, 1]},
								"up": {"uv": [63, 95], "uv_size": [2, 2]},
								"down": {"uv": [79, 97], "uv_size": [2, -2]}
							}
						},
						{
							"origin": [-0.87456, 26.09354, -119.97313],
							"size": [1.82159, 1.00319, 1.57519],
							"inflate": 0.0012,
							"pivot": [0.03623, 26.59498, -119.67129],
							"rotation": [0, -90, -45],
							"uv": {
								"north": {"uv": [34, 100], "uv_size": [2, 1]},
								"east": {"uv": [100, 40], "uv_size": [2, 1]},
								"south": {"uv": [100, 41], "uv_size": [2, 1]},
								"west": {"uv": [42, 100], "uv_size": [2, 1]},
								"up": {"uv": [40, 96], "uv_size": [2, 2]},
								"down": {"uv": [92, 98], "uv_size": [2, -2]}
							}
						},
						{
							"origin": [-0.87456, 26.031, -120.88209],
							"size": [1.82159, 1.00319, 1.39919],
							"inflate": 0.0013,
							"pivot": [0.03623, 26.59498, -119.67129],
							"rotation": [0, -90, 45],
							"uv": {
								"north": {"uv": [100, 42], "uv_size": [2, 1]},
								"east": {"uv": [104, 86], "uv_size": [1, 1]},
								"south": {"uv": [100, 43], "uv_size": [2, 1]},
								"west": {"uv": [87, 104], "uv_size": [1, 1]},
								"up": {"uv": [44, 100], "uv_size": [2, 1]},
								"down": {"uv": [46, 101], "uv_size": [2, -1]}
							}
						},
						{
							"origin": [-0.87456, 26.031, -119.84209],
							"size": [1.82159, 1.00319, 1.39919],
							"inflate": 0.0002,
							"pivot": [0.03623, 26.59498, -119.67129],
							"rotation": [0, -90, 45],
							"uv": {
								"north": {"uv": [50, 100], "uv_size": [2, 1]},
								"east": {"uv": [104, 87], "uv_size": [1, 1]},
								"south": {"uv": [55, 100], "uv_size": [2, 1]},
								"west": {"uv": [88, 104], "uv_size": [1, 1]},
								"up": {"uv": [57, 100], "uv_size": [2, 1]},
								"down": {"uv": [59, 101], "uv_size": [2, -1]}
							}
						},
						{
							"origin": [-0.87456, 26.13761, -119.63951],
							"size": [1.82159, 1.00319, 1.22319],
							"inflate": 0.005,
							"pivot": [0.03623, 26.59498, -119.67129],
							"rotation": [0, -90, -90],
							"uv": {
								"north": {"uv": [61, 100], "uv_size": [2, 1]},
								"east": {"uv": [104, 88], "uv_size": [1, 1]},
								"south": {"uv": [63, 100], "uv_size": [2, 1]},
								"west": {"uv": [89, 104], "uv_size": [1, 1]},
								"up": {"uv": [67, 100], "uv_size": [2, 1]},
								"down": {"uv": [69, 101], "uv_size": [2, -1]}
							}
						},
						{
							"origin": [-79.52068, 22.06098, -42.93556],
							"size": [1.232, 1.056, 0.528],
							"inflate": 0.0021,
							"pivot": [-0.96342, 20.28986, -41.71727],
							"rotation": [-90, -85.75, 90],
							"uv": {
								"north": {"uv": [104, 91], "uv_size": [1, 1]},
								"east": {"uv": [92, 104], "uv_size": [1, 1]},
								"south": {"uv": [104, 92], "uv_size": [1, 1]},
								"west": {"uv": [93, 104], "uv_size": [1, 1]},
								"up": {"uv": [104, 93], "uv_size": [1, 1]},
								"down": {"uv": [94, 105], "uv_size": [1, -1]}
							}
						}
					]
				},
				{
					"name": "FlintHammer",
					"parent": "Musket",
					"pivot": [-2.35598, 24.3783, 0.15574],
					"rotation": [-7.28741, -1.77784, -13.63678],
					"cubes": [
						{
							"origin": [109.01485, -125.40724, -9.4952],
							"size": [0.1144, 1.2672, 1.3552],
							"inflate": 0.004,
							"pivot": [5.86344, -80.83909, -41.71727],
							"rotation": [90, 1.25, -76.25],
							"uv": {
								"north": {"uv": [95, 104], "uv_size": [1, 1]},
								"east": {"uv": [96, 104], "uv_size": [1, 1]},
								"south": {"uv": [97, 104], "uv_size": [1, 1]},
								"west": {"uv": [98, 104], "uv_size": [1, 1]},
								"up": {"uv": [104, 98], "uv_size": [1, 1]},
								"down": {"uv": [99, 105], "uv_size": [1, -1]}
							}
						},
						{
							"origin": [109.01485, -92.21604, 12.09459],
							"size": [0.1144, 0.9152, 0.99968],
							"inflate": 0.0043,
							"pivot": [5.86344, -80.83909, -41.71727],
							"rotation": [47.8, 1.25, -76.25],
							"uv": {
								"north": {"uv": [104, 99], "uv_size": [1, 1]},
								"east": {"uv": [100, 104], "uv_size": [1, 1]},
								"south": {"uv": [104, 100], "uv_size": [1, 1]},
								"west": {"uv": [101, 104], "uv_size": [1, 1]},
								"up": {"uv": [104, 101], "uv_size": [1, 1]},
								"down": {"uv": [102, 105], "uv_size": [1, -1]}
							}
						},
						{
							"origin": [108.34756, -37.53814, -75.29455],
							"size": [0.1144, 2.28166, 1.3552],
							"inflate": 0.0023,
							"pivot": [5.86344, -80.83909, -41.71727],
							"rotation": [-90, 1.25, -76.25],
							"uv": {
								"north": {"uv": [52, 100], "uv_size": [1, 2]},
								"east": {"uv": [71, 100], "uv_size": [1, 2]},
								"south": {"uv": [72, 100], "uv_size": [1, 2]},
								"west": {"uv": [73, 100], "uv_size": [1, 2]},
								"up": {"uv": [104, 102], "uv_size": [1, 1]},
								"down": {"uv": [103, 105], "uv_size": [1, -1]}
							}
						},
						{
							"origin": [104.87486, -135.02665, -9.0552],
							"size": [0.1584, 1.9712, 0.4752],
							"inflate": 0.0021,
							"pivot": [5.86344, -80.83909, -41.71727],
							"rotation": [90, 6.25, -76.25],
							"uv": {
								"north": {"uv": [74, 100], "uv_size": [1, 2]},
								"east": {"uv": [75, 100], "uv_size": [1, 2]},
								"south": {"uv": [77, 100], "uv_size": [1, 2]},
								"west": {"uv": [100, 79], "uv_size": [1, 2]},
								"up": {"uv": [104, 103], "uv_size": [1, 1]},
								"down": {"uv": [104, 105], "uv_size": [1, -1]}
							}
						},
						{
							"origin": [107.05172, -130.66142, -9.0552],
							"size": [0.1584, 1.9712, 0.4752],
							"inflate": 0.0022,
							"pivot": [5.86344, -80.83909, -41.71727],
							"rotation": [90, 3.75, -76.25],
							"uv": {
								"north": {"uv": [100, 81], "uv_size": [1, 2]},
								"east": {"uv": [100, 83], "uv_size": [1, 2]},
								"south": {"uv": [100, 85], "uv_size": [1, 2]},
								"west": {"uv": [100, 87], "uv_size": [1, 2]},
								"up": {"uv": [0, 105], "uv_size": [1, 1]},
								"down": {"uv": [105, 1], "uv_size": [1, -1]}
							}
						},
						{
							"origin": [50.9357, 21.58083, -9.0552],
							"size": [0.5104, 1.2232, 0.4752],
							"inflate": 0.0025,
							"pivot": [5.86344, -80.83909, -41.71727],
							"rotation": [90, -88.75, -76.25],
							"uv": {
								"north": {"uv": [1, 105], "uv_size": [1, 1]},
								"east": {"uv": [105, 1], "uv_size": [1, 1]},
								"south": {"uv": [2, 105], "uv_size": [1, 1]},
								"west": {"uv": [105, 2], "uv_size": [1, 1]},
								"up": {"uv": [3, 105], "uv_size": [1, 1]},
								"down": {"uv": [105, 4], "uv_size": [1, -1]}
							}
						},
						{
							"origin": [50.7157, 20.12883, -9.0552],
							"size": [0.7304, 1.5752, 0.4752],
							"inflate": 0.0035,
							"pivot": [5.86344, -80.83909, -41.71727],
							"rotation": [90, -88.75, -76.25],
							"uv": {
								"north": {"uv": [88, 100], "uv_size": [1, 2]},
								"east": {"uv": [89, 100], "uv_size": [1, 2]},
								"south": {"uv": [90, 100], "uv_size": [1, 2]},
								"west": {"uv": [91, 100], "uv_size": [1, 2]},
								"up": {"uv": [4, 105], "uv_size": [1, 1]},
								"down": {"uv": [105, 5], "uv_size": [1, -1]}
							}
						},
						{
							"origin": [51.2437, 21.71283, -9.0552],
							"size": [0.2024, 1.5752, 0.4752],
							"inflate": 0.00045,
							"pivot": [5.86344, -80.83909, -41.71727],
							"rotation": [90, -88.75, -76.25],
							"uv": {
								"north": {"uv": [92, 100], "uv_size": [1, 2]},
								"east": {"uv": [93, 100], "uv_size": [1, 2]},
								"south": {"uv": [94, 100], "uv_size": [1, 2]},
								"west": {"uv": [95, 100], "uv_size": [1, 2]},
								"up": {"uv": [5, 105], "uv_size": [1, 1]},
								"down": {"uv": [105, 6], "uv_size": [1, -1]}
							}
						},
						{
							"origin": [51.2437, 17.44369, -1.83795],
							"size": [0.2024, 1.5752, 0.6512],
							"inflate": 0.00024,
							"pivot": [5.86344, -80.83909, -41.71727],
							"rotation": [94.25, -88.75, -76.25],
							"uv": {
								"north": {"uv": [98, 100], "uv_size": [1, 2]},
								"east": {"uv": [100, 99], "uv_size": [1, 2]},
								"south": {"uv": [0, 101], "uv_size": [1, 2]},
								"west": {"uv": [1, 101], "uv_size": [1, 2]},
								"up": {"uv": [6, 105], "uv_size": [1, 1]},
								"down": {"uv": [7, 106], "uv_size": [1, -1]}
							}
						},
						{
							"origin": [51.2437, 24.14245, -25.89195],
							"size": [0.2024, 1.5752, 0.6512],
							"inflate": 0.0056,
							"pivot": [5.86344, -80.83909, -41.71727],
							"rotation": [80.75, -88.75, -76.25],
							"uv": {
								"north": {"uv": [2, 101], "uv_size": [1, 2]},
								"east": {"uv": [3, 101], "uv_size": [1, 2]},
								"south": {"uv": [4, 101], "uv_size": [1, 2]},
								"west": {"uv": [5, 101], "uv_size": [1, 2]},
								"up": {"uv": [8, 105], "uv_size": [1, 1]},
								"down": {"uv": [9, 106], "uv_size": [1, -1]}
							}
						},
						{
							"origin": [-90.05231, -26.6825, -9.2312],
							"size": [0.5104, 2.1472, 0.6512],
							"inflate": 0.0057,
							"pivot": [5.86344, -80.83909, -41.71727],
							"rotation": [-90, -7.5, 103.75],
							"uv": {
								"north": {"uv": [6, 101], "uv_size": [1, 2]},
								"east": {"uv": [7, 101], "uv_size": [1, 2]},
								"south": {"uv": [8, 101], "uv_size": [1, 2]},
								"west": {"uv": [9, 101], "uv_size": [1, 2]},
								"up": {"uv": [10, 105], "uv_size": [1, 1]},
								"down": {"uv": [11, 106], "uv_size": [1, -1]}
							}
						},
						{
							"origin": [16.80384, 27.54189, -9.0552],
							"size": [0.7304, 1.2232, 0.4752],
							"inflate": 0.0065,
							"pivot": [5.86344, -80.83909, -41.71727],
							"rotation": [-90, -73.75, 103.75],
							"uv": {
								"north": {"uv": [12, 105], "uv_size": [1, 1]},
								"east": {"uv": [13, 105], "uv_size": [1, 1]},
								"south": {"uv": [14, 105], "uv_size": [1, 1]},
								"west": {"uv": [15, 105], "uv_size": [1, 1]},
								"up": {"uv": [16, 105], "uv_size": [1, 1]},
								"down": {"uv": [17, 106], "uv_size": [1, -1]}
							}
						},
						{
							"origin": [108.85571, -114.18951, -8.87028],
							"size": [0.9504, 0.9504, 0.4752],
							"inflate": 0.0075,
							"pivot": [5.86344, -80.83909, -41.71727],
							"rotation": [90.07512, -4.73806, -76.12096],
							"uv": {
								"north": {"uv": [18, 105], "uv_size": [1, 1]},
								"east": {"uv": [19, 105], "uv_size": [1, 1]},
								"south": {"uv": [20, 105], "uv_size": [1, 1]},
								"west": {"uv": [21, 105], "uv_size": [1, 1]},
								"up": {"uv": [22, 105], "uv_size": [1, 1]},
								"down": {"uv": [23, 106], "uv_size": [1, -1]}
							}
						},
						{
							"origin": [-30.1192, -183.61118, -9.05307],
							"size": [1.188, 0.9504, 0.4752],
							"inflate": 0.002,
							"pivot": [5.86344, -80.83909, -41.71727],
							"rotation": [90, 86.25, -76.25],
							"uv": {
								"north": {"uv": [24, 105], "uv_size": [1, 1]},
								"east": {"uv": [25, 105], "uv_size": [1, 1]},
								"south": {"uv": [26, 105], "uv_size": [1, 1]},
								"west": {"uv": [27, 105], "uv_size": [1, 1]},
								"up": {"uv": [28, 105], "uv_size": [1, 1]},
								"down": {"uv": [29, 106], "uv_size": [1, -1]}
							}
						},
						{
							"origin": [53.25872, -178.62943, -9.05307],
							"size": [0.9504, 1.188, 0.4752],
							"inflate": 0.0021,
							"pivot": [5.86344, -80.83909, -41.71727],
							"rotation": [90, 41.25, -76.25],
							"uv": {
								"north": {"uv": [30, 105], "uv_size": [1, 1]},
								"east": {"uv": [31, 105], "uv_size": [1, 1]},
								"south": {"uv": [32, 105], "uv_size": [1, 1]},
								"west": {"uv": [33, 105], "uv_size": [1, 1]},
								"up": {"uv": [34, 105], "uv_size": [1, 1]},
								"down": {"uv": [35, 106], "uv_size": [1, -1]}
							}
						},
						{
							"origin": [-30.1192, -184.95525, -9.05307],
							"size": [1.188, 0.9504, 0.4752],
							"inflate": 0.0021,
							"pivot": [5.86344, -80.83909, -41.71727],
							"rotation": [90, 86.25, -76.25],
							"uv": {
								"north": {"uv": [36, 105], "uv_size": [1, 1]},
								"east": {"uv": [37, 105], "uv_size": [1, 1]},
								"south": {"uv": [38, 105], "uv_size": [1, 1]},
								"west": {"uv": [39, 105], "uv_size": [1, 1]},
								"up": {"uv": [40, 105], "uv_size": [1, 1]},
								"down": {"uv": [105, 41], "uv_size": [1, -1]}
							}
						},
						{
							"origin": [53.09071, -179.90391, -9.05307],
							"size": [0.9504, 1.4256, 0.4752],
							"inflate": 0.0022,
							"pivot": [5.86344, -80.83909, -41.71727],
							"rotation": [90, 41.25, -76.25],
							"uv": {
								"north": {"uv": [41, 105], "uv_size": [1, 1]},
								"east": {"uv": [105, 41], "uv_size": [1, 1]},
								"south": {"uv": [42, 105], "uv_size": [1, 1]},
								"west": {"uv": [105, 42], "uv_size": [1, 1]},
								"up": {"uv": [43, 105], "uv_size": [1, 1]},
								"down": {"uv": [105, 44], "uv_size": [1, -1]}
							}
						},
						{
							"origin": [108.35717, -117.49377, -9.05307],
							"size": [0.9504, 0.9504, 0.4752],
							"inflate": 0.0021,
							"pivot": [5.86344, -80.83909, -41.71727],
							"rotation": [90, -3.75, -76.25],
							"uv": {
								"north": {"uv": [44, 105], "uv_size": [1, 1]},
								"east": {"uv": [45, 105], "uv_size": [1, 1]},
								"south": {"uv": [46, 105], "uv_size": [1, 1]},
								"west": {"uv": [47, 105], "uv_size": [1, 1]},
								"up": {"uv": [48, 105], "uv_size": [1, 1]},
								"down": {"uv": [49, 106], "uv_size": [1, -1]}
							}
						},
						{
							"origin": [-92.52934, -128.34473, -9.05307],
							"size": [0.9504, 0.9504, 0.4752],
							"inflate": 0.0025,
							"pivot": [5.86344, -80.83909, -41.71727],
							"rotation": [-90, 48.75, 103.75],
							"uv": {
								"north": {"uv": [50, 105], "uv_size": [1, 1]},
								"east": {"uv": [51, 105], "uv_size": [1, 1]},
								"south": {"uv": [52, 105], "uv_size": [1, 1]},
								"west": {"uv": [53, 105], "uv_size": [1, 1]},
								"up": {"uv": [54, 105], "uv_size": [1, 1]},
								"down": {"uv": [55, 106], "uv_size": [1, -1]}
							}
						},
						{
							"origin": [107.5085, -118.98187, -8.39444],
							"size": [0.4752, 0.4752, 0.2376],
							"inflate": 0.0024,
							"pivot": [5.86344, -80.83909, -41.71727],
							"rotation": [90.08075, -2.23807, -76.1213],
							"uv": {
								"north": {"uv": [56, 105], "uv_size": [1, 1]},
								"east": {"uv": [57, 105], "uv_size": [1, 1]},
								"south": {"uv": [58, 105], "uv_size": [1, 1]},
								"west": {"uv": [59, 105], "uv_size": [1, 1]},
								"up": {"uv": [60, 105], "uv_size": [1, 1]},
								"down": {"uv": [61, 106], "uv_size": [1, -1]}
							}
						},
						{
							"origin": [48.99958, -180.72078, -8.56576],
							"size": [0.4752, 0.594, 0.2376],
							"inflate": 0.0025,
							"pivot": [5.86344, -80.83909, -41.71727],
							"rotation": [90, 43.75, -76.25],
							"uv": {
								"north": {"uv": [62, 105], "uv_size": [1, 1]},
								"east": {"uv": [63, 105], "uv_size": [1, 1]},
								"south": {"uv": [64, 105], "uv_size": [1, 1]},
								"west": {"uv": [65, 105], "uv_size": [1, 1]},
								"up": {"uv": [66, 105], "uv_size": [1, 1]},
								"down": {"uv": [67, 106], "uv_size": [1, -1]}
							}
						},
						{
							"origin": [-34.3507, -182.00037, -8.56576],
							"size": [0.506, 0.4752, 0.2376],
							"inflate": 0.0026,
							"pivot": [5.86344, -80.83909, -41.71727],
							"rotation": [90, 88.75, -76.25],
							"uv": {
								"north": {"uv": [68, 105], "uv_size": [1, 1]},
								"east": {"uv": [69, 105], "uv_size": [1, 1]},
								"south": {"uv": [70, 105], "uv_size": [1, 1]},
								"west": {"uv": [71, 105], "uv_size": [1, 1]},
								"up": {"uv": [72, 105], "uv_size": [1, 1]},
								"down": {"uv": [73, 106], "uv_size": [1, -1]}
							}
						},
						{
							"origin": [-94.24326, -124.0744, -8.56576],
							"size": [0.4752, 0.4752, 0.2376],
							"inflate": 0.0023,
							"pivot": [5.86344, -80.83909, -41.71727],
							"rotation": [-90, 46.25, 103.75],
							"uv": {
								"north": {"uv": [74, 105], "uv_size": [1, 1]},
								"east": {"uv": [75, 105], "uv_size": [1, 1]},
								"south": {"uv": [105, 75], "uv_size": [1, 1]},
								"west": {"uv": [76, 105], "uv_size": [1, 1]},
								"up": {"uv": [105, 76], "uv_size": [1, 1]},
								"down": {"uv": [77, 106], "uv_size": [1, -1]}
							}
						},
						{
							"origin": [106.88554, -121.38926, -8.56576],
							"size": [0.4752, 0.4752, 0.2376],
							"inflate": 0.0027,
							"pivot": [5.86344, -80.83909, -41.71727],
							"rotation": [90, -1.25, -76.25],
							"uv": {
								"north": {"uv": [105, 77], "uv_size": [1, 1]},
								"east": {"uv": [78, 105], "uv_size": [1, 1]},
								"south": {"uv": [79, 105], "uv_size": [1, 1]},
								"west": {"uv": [105, 79], "uv_size": [1, 1]},
								"up": {"uv": [80, 105], "uv_size": [1, 1]},
								"down": {"uv": [105, 81], "uv_size": [1, -1]}
							}
						},
						{
							"origin": [48.95957, -181.28181, -8.56576],
							"size": [0.4752, 0.7128, 0.2376],
							"inflate": 0.0028,
							"pivot": [5.86344, -80.83909, -41.71727],
							"rotation": [90, 43.75, -76.25],
							"uv": {
								"north": {"uv": [81, 105], "uv_size": [1, 1]},
								"east": {"uv": [105, 81], "uv_size": [1, 1]},
								"south": {"uv": [82, 105], "uv_size": [1, 1]},
								"west": {"uv": [105, 82], "uv_size": [1, 1]},
								"up": {"uv": [83, 105], "uv_size": [1, 1]},
								"down": {"uv": [105, 84], "uv_size": [1, -1]}
							}
						},
						{
							"origin": [-34.3507, -182.6724, -8.56576],
							"size": [0.506, 0.4752, 0.2376],
							"pivot": [5.86344, -80.83909, -41.71727],
							"rotation": [90, 88.75, -76.25],
							"uv": {
								"north": {"uv": [84, 105], "uv_size": [1, 1]},
								"east": {"uv": [105, 84], "uv_size": [1, 1]},
								"south": {"uv": [85, 105], "uv_size": [1, 1]},
								"west": {"uv": [105, 85], "uv_size": [1, 1]},
								"up": {"uv": [86, 105], "uv_size": [1, 1]},
								"down": {"uv": [105, 87], "uv_size": [1, -1]}
							}
						},
						{
							"origin": [105.48715, -37.72334, -8.56576],
							"size": [0.4752, 0.8316, 0.2376],
							"inflate": 0.002,
							"pivot": [5.86344, -80.83909, -41.71727],
							"rotation": [90, -46.25, -76.25],
							"uv": {
								"north": {"uv": [87, 105], "uv_size": [1, 1]},
								"east": {"uv": [105, 87], "uv_size": [1, 1]},
								"south": {"uv": [88, 105], "uv_size": [1, 1]},
								"west": {"uv": [105, 88], "uv_size": [1, 1]},
								"up": {"uv": [89, 105], "uv_size": [1, 1]},
								"down": {"uv": [105, 90], "uv_size": [1, -1]}
							}
						},
						{
							"origin": [111.67273, -117.24893, -9.0552],
							"size": [0.1584, 2.0152, 0.4752],
							"inflate": 0.002,
							"pivot": [5.86344, -80.83909, -41.71727],
							"rotation": [90, -3.75, -76.25],
							"uv": {
								"north": {"uv": [10, 101], "uv_size": [1, 2]},
								"east": {"uv": [11, 101], "uv_size": [1, 2]},
								"south": {"uv": [16, 101], "uv_size": [1, 2]},
								"west": {"uv": [17, 101], "uv_size": [1, 2]},
								"up": {"uv": [90, 105], "uv_size": [1, 1]},
								"down": {"uv": [105, 91], "uv_size": [1, -1]}
							}
						},
						{
							"origin": [110.07567, -121.83146, -9.0552],
							"size": [0.1584, 2.0152, 0.4752],
							"inflate": 0.0014,
							"pivot": [5.86344, -80.83909, -41.71727],
							"rotation": [90, -1.25, -76.25],
							"uv": {
								"north": {"uv": [18, 101], "uv_size": [1, 2]},
								"east": {"uv": [19, 101], "uv_size": [1, 2]},
								"south": {"uv": [20, 101], "uv_size": [1, 2]},
								"west": {"uv": [21, 101], "uv_size": [1, 2]},
								"up": {"uv": [91, 105], "uv_size": [1, 1]},
								"down": {"uv": [105, 92], "uv_size": [1, -1]}
							}
						},
						{
							"origin": [103.1493, -33.49627, -9.0552],
							"size": [0.9504, 1.6632, 0.4752],
							"inflate": 0.0015,
							"pivot": [5.86344, -80.83909, -41.71727],
							"rotation": [90, -48.75, -76.25],
							"uv": {
								"north": {"uv": [22, 101], "uv_size": [1, 2]},
								"east": {"uv": [23, 101], "uv_size": [1, 2]},
								"south": {"uv": [24, 101], "uv_size": [1, 2]},
								"west": {"uv": [25, 101], "uv_size": [1, 2]},
								"up": {"uv": [92, 105], "uv_size": [1, 1]},
								"down": {"uv": [105, 93], "uv_size": [1, -1]}
							}
						}
					]
				},
				{
					"name": "StrikerScrew",
					"parent": "Musket",
					"pivot": [68.32962, -70.08342, -39.51133],
					"rotation": [0, 0, -59.5],
					"cubes": [
						{
							"origin": [142.44491, 5.46268, -7.97066],
							"size": [0.2376, 0.2376, 0.1188],
							"pivot": [44.21295, -40.54298, -41.71727],
							"rotation": [90, -45.5, -30.5],
							"uv": {
								"north": {"uv": [93, 105], "uv_size": [1, 1]},
								"east": {"uv": [105, 93], "uv_size": [1, 1]},
								"south": {"uv": [94, 105], "uv_size": [1, 1]},
								"west": {"uv": [105, 94], "uv_size": [1, 1]},
								"up": {"uv": [95, 105], "uv_size": [1, 1]},
								"down": {"uv": [105, 96], "uv_size": [1, -1]}
							}
						},
						{
							"origin": [146.37236, -77.64056, -7.97066],
							"size": [0.2376, 0.3564, 0.1188],
							"pivot": [44.21295, -40.54298, -41.71727],
							"rotation": [90, -0.5, -30.5],
							"uv": {
								"north": {"uv": [96, 105], "uv_size": [1, 1]},
								"east": {"uv": [105, 96], "uv_size": [1, 1]},
								"south": {"uv": [97, 105], "uv_size": [1, 1]},
								"west": {"uv": [105, 97], "uv_size": [1, 1]},
								"up": {"uv": [98, 105], "uv_size": [1, 1]},
								"down": {"uv": [105, 99], "uv_size": [1, -1]}
							}
						},
						{
							"origin": [90.38662, -139.18054, -7.97066],
							"size": [0.253, 0.2376, 0.1188],
							"pivot": [44.21295, -40.54298, -41.71727],
							"rotation": [90, 44.5, -30.5],
							"uv": {
								"north": {"uv": [99, 105], "uv_size": [1, 1]},
								"east": {"uv": [105, 99], "uv_size": [1, 1]},
								"south": {"uv": [100, 105], "uv_size": [1, 1]},
								"west": {"uv": [105, 100], "uv_size": [1, 1]},
								"up": {"uv": [101, 105], "uv_size": [1, 1]},
								"down": {"uv": [105, 102], "uv_size": [1, -1]}
							}
						},
						{
							"origin": [80.8969, 61.6142, -7.97119],
							"size": [0.2376, 0.4158, 0.1188],
							"pivot": [44.21295, -40.54298, -41.71727],
							"rotation": [-90, -89.5, 149.5],
							"uv": {
								"north": {"uv": [102, 105], "uv_size": [1, 1]},
								"east": {"uv": [105, 102], "uv_size": [1, 1]},
								"south": {"uv": [103, 105], "uv_size": [1, 1]},
								"west": {"uv": [105, 103], "uv_size": [1, 1]},
								"up": {"uv": [104, 105], "uv_size": [1, 1]},
								"down": {"uv": [105, 105], "uv_size": [1, -1]}
							}
						},
						{
							"origin": [7.28338, -142.77198, -7.97066],
							"size": [0.2376, 0.2376, 0.1188],
							"pivot": [44.21295, -40.54298, -41.71727],
							"rotation": [90, 89.5, -30.5],
							"uv": {
								"north": {"uv": [105, 105], "uv_size": [1, 1]},
								"east": {"uv": [0, 106], "uv_size": [1, 1]},
								"south": {"uv": [106, 0], "uv_size": [1, 1]},
								"west": {"uv": [1, 106], "uv_size": [1, 1]},
								"up": {"uv": [106, 1], "uv_size": [1, 1]},
								"down": {"uv": [2, 107], "uv_size": [1, -1]}
							}
						},
						{
							"origin": [146.38324, -77.35305, -7.97066],
							"size": [0.2376, 0.297, 0.1188],
							"pivot": [44.21295, -40.54298, -41.71727],
							"rotation": [90, -0.5, -30.5],
							"uv": {
								"north": {"uv": [106, 2], "uv_size": [1, 1]},
								"east": {"uv": [3, 106], "uv_size": [1, 1]},
								"south": {"uv": [106, 3], "uv_size": [1, 1]},
								"west": {"uv": [4, 106], "uv_size": [1, 1]},
								"up": {"uv": [106, 4], "uv_size": [1, 1]},
								"down": {"uv": [5, 107], "uv_size": [1, -1]}
							}
						},
						{
							"origin": [141.55055, 7.45003, -7.67985],
							"size": [0.2376, 0.2376, 0.1188],
							"pivot": [44.21295, -40.54298, -41.71727],
							"rotation": [89.95031, -46.48792, -30.31322],
							"uv": {
								"north": {"uv": [106, 5], "uv_size": [1, 1]},
								"east": {"uv": [6, 106], "uv_size": [1, 1]},
								"south": {"uv": [7, 106], "uv_size": [1, 1]},
								"west": {"uv": [8, 106], "uv_size": [1, 1]},
								"up": {"uv": [9, 106], "uv_size": [1, 1]},
								"down": {"uv": [10, 107], "uv_size": [1, -1]}
							}
						},
						{
							"origin": [90.38662, -138.84453, -7.97066],
							"size": [0.253, 0.2376, 0.1188],
							"pivot": [44.21295, -40.54298, -41.71727],
							"rotation": [90, 44.5, -30.5],
							"uv": {
								"north": {"uv": [11, 106], "uv_size": [1, 1]},
								"east": {"uv": [12, 106], "uv_size": [1, 1]},
								"south": {"uv": [13, 106], "uv_size": [1, 1]},
								"west": {"uv": [14, 106], "uv_size": [1, 1]},
								"up": {"uv": [15, 106], "uv_size": [1, 1]},
								"down": {"uv": [16, 107], "uv_size": [1, -1]}
							}
						}
					]
				},
				{
					"name": "FlashPan",
					"parent": "Musket",
					"pivot": [68.17927, -70.98256, -40.56396],
					"cubes": [
						{
							"origin": [38.49814, 25.50856, -41.20636],
							"size": [0.374, 0.8492, 1.6456],
							"pivot": [-0.96342, 20.28986, -41.71727],
							"rotation": [0, -90, 0],
							"uv": {
								"north": {"uv": [17, 106], "uv_size": [1, 1]},
								"east": {"uv": [100, 89], "uv_size": [2, 1]},
								"south": {"uv": [18, 106], "uv_size": [1, 1]},
								"west": {"uv": [26, 101], "uv_size": [2, 1]},
								"up": {"uv": [28, 101], "uv_size": [1, 2]},
								"down": {"uv": [29, 103], "uv_size": [1, -2]}
							}
						},
						{
							"origin": [37.10334, 25.50856, -42.02916],
							"size": [1.3948, 0.4644, 2.4684],
							"inflate": 0.002,
							"pivot": [-0.96342, 20.28986, -41.71727],
							"rotation": [0, -90, 0],
							"uv": {
								"north": {"uv": [19, 106], "uv_size": [1, 1]},
								"east": {"uv": [30, 101], "uv_size": [2, 1]},
								"south": {"uv": [20, 106], "uv_size": [1, 1]},
								"west": {"uv": [32, 101], "uv_size": [2, 1]},
								"up": {"uv": [34, 101], "uv_size": [1, 2]},
								"down": {"uv": [35, 103], "uv_size": [1, -2]}
							}
						},
						{
							"origin": [37.34334, 25.74176, -39.56076],
							"size": [1.1548, 0.6248, -0.2244],
							"pivot": [-0.96342, 20.28986, -41.71727],
							"rotation": [0, -90, 0],
							"uv": {
								"north": {"uv": [21, 106], "uv_size": [1, 1]},
								"east": {"uv": [22, 106], "uv_size": [1, 1]},
								"south": {"uv": [23, 106], "uv_size": [1, 1]},
								"west": {"uv": [24, 106], "uv_size": [1, 1]},
								"up": {"uv": [25, 106], "uv_size": [1, 1]},
								"down": {"uv": [26, 107], "uv_size": [1, -1]}
							}
						},
						{
							"origin": [37.10334, 25.73296, -41.20636],
							"size": [0.2244, 0.6336, 1.6456],
							"pivot": [-0.96342, 20.28986, -41.71727],
							"rotation": [0, -90, 0],
							"uv": {
								"north": {"uv": [27, 106], "uv_size": [1, 1]},
								"east": {"uv": [40, 101], "uv_size": [2, 1]},
								"south": {"uv": [28, 106], "uv_size": [1, 1]},
								"west": {"uv": [42, 101], "uv_size": [2, 1]},
								"up": {"uv": [44, 101], "uv_size": [1, 2]},
								"down": {"uv": [45, 103], "uv_size": [1, -2]}
							}
						},
						{
							"origin": [-20.59733, -9.0988, -41.20636],
							"size": [0.0484, 1.0252, 0.9416],
							"pivot": [-0.96342, 20.28986, -41.71727],
							"rotation": [90, 41.25, -90],
							"uv": {
								"north": {"uv": [29, 106], "uv_size": [1, 1]},
								"east": {"uv": [30, 106], "uv_size": [1, 1]},
								"south": {"uv": [31, 106], "uv_size": [1, 1]},
								"west": {"uv": [32, 106], "uv_size": [1, 1]},
								"up": {"uv": [33, 106], "uv_size": [1, 1]},
								"down": {"uv": [34, 107], "uv_size": [1, -1]}
							}
						},
						{
							"origin": [38.00537, 30.15939, -41.20636],
							"size": [-0.0748, 0.8228, 1.6456],
							"pivot": [-0.96342, 20.28986, -41.71727],
							"rotation": [-90, -83.5, 90],
							"uv": {
								"north": {"uv": [35, 106], "uv_size": [1, 1]},
								"east": {"uv": [46, 101], "uv_size": [2, 1]},
								"south": {"uv": [36, 106], "uv_size": [1, 1]},
								"west": {"uv": [50, 101], "uv_size": [2, 1]},
								"up": {"uv": [53, 101], "uv_size": [1, 2]},
								"down": {"uv": [54, 103], "uv_size": [1, -2]}
							}
						},
						{
							"origin": [-3.12524, -17.74898, -41.20636],
							"size": [0.0484, 2.7852, 0.9416],
							"pivot": [-0.96342, 20.28986, -41.71727],
							"rotation": [90, 11, -90],
							"uv": {
								"north": {"uv": [21, 90], "uv_size": [1, 3]},
								"east": {"uv": [61, 97], "uv_size": [1, 3]},
								"south": {"uv": [77, 97], "uv_size": [1, 3]},
								"west": {"uv": [20, 98], "uv_size": [1, 3]},
								"up": {"uv": [37, 106], "uv_size": [1, 1]},
								"down": {"uv": [38, 107], "uv_size": [1, -1]}
							}
						},
						{
							"origin": [2.06227, -19.57749, -41.20636],
							"size": [0.0484, 4.8972, 0.9416],
							"pivot": [-0.96342, 20.28986, -41.71727],
							"rotation": [90, 0, -90],
							"uv": {
								"north": {"uv": [42, 94], "uv_size": [1, 5]},
								"east": {"uv": [62, 94], "uv_size": [1, 5]},
								"south": {"uv": [78, 94], "uv_size": [1, 5]},
								"west": {"uv": [91, 94], "uv_size": [1, 5]},
								"up": {"uv": [39, 106], "uv_size": [1, 1]},
								"down": {"uv": [40, 107], "uv_size": [1, -1]}
							}
						},
						{
							"origin": [4.17175, -19.53456, -41.20636],
							"size": [0.0484, 2.0812, 0.9416],
							"pivot": [-0.96342, 20.28986, -41.71727],
							"rotation": [90, 0, -90],
							"uv": {
								"north": {"uv": [55, 101], "uv_size": [1, 2]},
								"east": {"uv": [56, 101], "uv_size": [1, 2]},
								"south": {"uv": [57, 101], "uv_size": [1, 2]},
								"west": {"uv": [58, 101], "uv_size": [1, 2]},
								"up": {"uv": [106, 40], "uv_size": [1, 1]},
								"down": {"uv": [41, 107], "uv_size": [1, -1]}
							}
						},
						{
							"origin": [4.17175, -19.53456, -41.20636],
							"size": [0.2244, 1.7292, 0.9416],
							"pivot": [-0.96342, 20.28986, -41.71727],
							"rotation": [90, 0, -90],
							"uv": {
								"north": {"uv": [59, 101], "uv_size": [1, 2]},
								"east": {"uv": [60, 101], "uv_size": [1, 2]},
								"south": {"uv": [61, 101], "uv_size": [1, 2]},
								"west": {"uv": [62, 101], "uv_size": [1, 2]},
								"up": {"uv": [106, 41], "uv_size": [1, 1]},
								"down": {"uv": [42, 107], "uv_size": [1, -1]}
							}
						},
						{
							"origin": [-20.59733, -9.0988, -41.20636],
							"size": [0.0484, 1.2012, 0.9416],
							"pivot": [-0.96342, 20.28986, -41.71727],
							"rotation": [90, 41.25, -90],
							"uv": {
								"north": {"uv": [106, 42], "uv_size": [1, 1]},
								"east": {"uv": [43, 106], "uv_size": [1, 1]},
								"south": {"uv": [106, 43], "uv_size": [1, 1]},
								"west": {"uv": [44, 106], "uv_size": [1, 1]},
								"up": {"uv": [45, 106], "uv_size": [1, 1]},
								"down": {"uv": [46, 107], "uv_size": [1, -1]}
							}
						},
						{
							"origin": [25.50539, -2.76374, -41.20636],
							"size": [0.0484, 1.2012, 0.9416],
							"pivot": [-0.96342, 20.28986, -41.71727],
							"rotation": [90, -44, -90],
							"uv": {
								"north": {"uv": [47, 106], "uv_size": [1, 1]},
								"east": {"uv": [48, 106], "uv_size": [1, 1]},
								"south": {"uv": [49, 106], "uv_size": [1, 1]},
								"west": {"uv": [50, 106], "uv_size": [1, 1]},
								"up": {"uv": [51, 106], "uv_size": [1, 1]},
								"down": {"uv": [52, 107], "uv_size": [1, -1]}
							}
						}
					]
				},
				{
					"name": "Powder1",
					"parent": "FlashPan",
					"pivot": [-2.12574, 26.18076, -2.87311],
					"cubes": [
						{
							"origin": [37.26334, 26.06856, -41.30916],
							"size": [1.2348, 0.2244, 1.5084],
							"pivot": [-0.96342, 20.84986, -41.71727],
							"rotation": [0, -90, 0],
							"uv": {
								"north": {"uv": [53, 106], "uv_size": [1, 1]},
								"east": {"uv": [63, 101], "uv_size": [2, 1]},
								"south": {"uv": [54, 106], "uv_size": [1, 1]},
								"west": {"uv": [67, 101], "uv_size": [2, 1]},
								"up": {"uv": [69, 101], "uv_size": [1, 2]},
								"down": {"uv": [70, 103], "uv_size": [1, -2]}
							}
						}
					]
				},
				{
					"name": "bone",
					"parent": "Musket",
					"pivot": [0.25, 23.06753, -4.70384],
					"cubes": [
						{
							"origin": [-0.5, 20.75, 1],
							"size": [1, 2, 0.5],
							"pivot": [0, 21.75, 1.25],
							"rotation": [-15, 0, 0],
							"uv": {
								"north": {"uv": [62, 103], "uv_size": [1, 2]},
								"east": {"uv": [103, 79], "uv_size": [1, 2]},
								"south": {"uv": [103, 81], "uv_size": [1, 2]},
								"west": {"uv": [103, 83], "uv_size": [1, 2]},
								"up": {"uv": [102, 106], "uv_size": [1, 1]},
								"down": {"uv": [106, 103], "uv_size": [1, -1]}
							}
						},
						{
							"origin": [-0.75, 20.5, 2.75],
							"size": [1.5, 2, 0.5],
							"pivot": [0.25, 21.5, 3],
							"rotation": [-10, 0, 0],
							"uv": {
								"north": {"uv": [97, 90], "uv_size": [2, 2]},
								"east": {"uv": [103, 85], "uv_size": [1, 2]},
								"south": {"uv": [98, 0], "uv_size": [2, 2]},
								"west": {"uv": [103, 87], "uv_size": [1, 2]},
								"up": {"uv": [103, 76], "uv_size": [2, 1]},
								"down": {"uv": [103, 90], "uv_size": [2, -1]}
							}
						},
						{
							"origin": [-0.75, 19.18829, 1.83153],
							"size": [1.5, 2, 0.5],
							"inflate": -0.001,
							"pivot": [0.25, 20.18829, 2.08153],
							"rotation": [-60, 0, 0],
							"uv": {
								"north": {"uv": [16, 98], "uv_size": [2, 2]},
								"east": {"uv": [90, 103], "uv_size": [1, 2]},
								"south": {"uv": [18, 98], "uv_size": [2, 2]},
								"west": {"uv": [91, 103], "uv_size": [1, 2]},
								"up": {"uv": [103, 90], "uv_size": [2, 1]},
								"down": {"uv": [92, 104], "uv_size": [2, -1]}
							}
						},
						{
							"origin": [-0.75, 17.76516, 0.10236],
							"size": [1.5, 3, 0.5],
							"pivot": [0.25, 19.76516, 0.35236],
							"rotation": [-92.5, 0, 0],
							"uv": {
								"north": {"uv": [72, 94], "uv_size": [2, 3]},
								"east": {"uv": [83, 99], "uv_size": [1, 3]},
								"south": {"uv": [74, 94], "uv_size": [2, 3]},
								"west": {"uv": [84, 99], "uv_size": [1, 3]},
								"up": {"uv": [103, 94], "uv_size": [2, 1]},
								"down": {"uv": [95, 104], "uv_size": [2, -1]}
							}
						},
						{
							"origin": [-0.75, 18.31914, -2.64767],
							"size": [1.5, 3, 0.5],
							"inflate": -0.001,
							"pivot": [0.25, 20.31914, -2.39767],
							"rotation": [-120, 0, 0],
							"uv": {
								"north": {"uv": [76, 94], "uv_size": [2, 3]},
								"east": {"uv": [85, 99], "uv_size": [1, 3]},
								"south": {"uv": [81, 94], "uv_size": [2, 3]},
								"west": {"uv": [86, 99], "uv_size": [1, 3]},
								"up": {"uv": [103, 95], "uv_size": [2, 1]},
								"down": {"uv": [103, 97], "uv_size": [2, -1]}
							}
						},
						{
							"origin": [-0.75, 21.06753, -4.95384],
							"size": [1.5, 3, 0.5],
							"pivot": [0.25, 23.06753, -4.70384],
							"rotation": [20, 0, 0],
							"uv": {
								"north": {"uv": [83, 94], "uv_size": [2, 3]},
								"east": {"uv": [87, 99], "uv_size": [1, 3]},
								"south": {"uv": [85, 94], "uv_size": [2, 3]},
								"west": {"uv": [99, 87], "uv_size": [1, 3]},
								"up": {"uv": [97, 103], "uv_size": [2, 1]},
								"down": {"uv": [103, 98], "uv_size": [2, -1]}
							}
						}
					]
				},
				{
					"name": "MuzzelBrace",
					"parent": "Musket",
					"pivot": [-46.88477, -70.20049, -42.66308],
					"cubes": [
						{
							"origin": [-4.71596, -58.55295, -44.20082],
							"size": [0.704, 2.64, 2.992],
							"pivot": [-0.96342, 20.28986, -41.71727],
							"rotation": [-90, 0, 90],
							"uv": {
								"north": {"uv": [21, 98], "uv_size": [1, 3]},
								"east": {"uv": [54, 82], "uv_size": [3, 3]},
								"south": {"uv": [22, 98], "uv_size": [1, 3]},
								"west": {"uv": [12, 88], "uv_size": [3, 3]},
								"up": {"uv": [23, 98], "uv_size": [1, 3]},
								"down": {"uv": [40, 101], "uv_size": [1, -3]}
							}
						},
						{
							"origin": [-79.80624, 25.4504, -41.54762],
							"size": [2.6444, 1.5048, 0.6908],
							"inflate": 0.002,
							"pivot": [-0.96342, 20.28986, -41.71727],
							"rotation": [0, -90, 0],
							"uv": {
								"north": {"uv": [18, 91], "uv_size": [3, 2]},
								"east": {"uv": [101, 79], "uv_size": [1, 2]},
								"south": {"uv": [57, 91], "uv_size": [3, 2]},
								"west": {"uv": [101, 81], "uv_size": [1, 2]},
								"up": {"uv": [57, 95], "uv_size": [3, 1]},
								"down": {"uv": [47, 99], "uv_size": [3, -1]}
							}
						},
						{
							"origin": [-79.80624, 24.39454, -38.23053],
							"size": [2.6444, 1.5048, 1.8348],
							"inflate": 0.005,
							"pivot": [-0.96342, 20.28986, -41.71727],
							"rotation": [0, -90, 45],
							"uv": {
								"north": {"uv": [28, 92], "uv_size": [3, 2]},
								"east": {"uv": [94, 96], "uv_size": [2, 2]},
								"south": {"uv": [31, 92], "uv_size": [3, 2]},
								"west": {"uv": [96, 94], "uv_size": [2, 2]},
								"up": {"uv": [34, 92], "uv_size": [3, 2]},
								"down": {"uv": [37, 94], "uv_size": [3, -2]}
							}
						},
						{
							"origin": [-79.80624, 18.58147, -49.44667],
							"size": [2.6444, 1.5048, 1.3068],
							"pivot": [-0.96342, 20.28986, -41.71727],
							"rotation": [0, -90, -90],
							"uv": {
								"north": {"uv": [40, 92], "uv_size": [3, 2]},
								"east": {"uv": [101, 83], "uv_size": [1, 2]},
								"south": {"uv": [45, 92], "uv_size": [3, 2]},
								"west": {"uv": [101, 85], "uv_size": [1, 2]},
								"up": {"uv": [50, 98], "uv_size": [3, 1]},
								"down": {"uv": [92, 99], "uv_size": [3, -1]}
							}
						},
						{
							"origin": [-79.80624, 23.04255, -48.3908],
							"size": [2.6444, 1.5048, 2.0988],
							"inflate": 0.002,
							"pivot": [-0.96342, 20.28986, -41.71727],
							"rotation": [0, -90, -45],
							"uv": {
								"north": {"uv": [48, 92], "uv_size": [3, 2]},
								"east": {"uv": [96, 96], "uv_size": [2, 2]},
								"south": {"uv": [51, 92], "uv_size": [3, 2]},
								"west": {"uv": [0, 97], "uv_size": [2, 2]},
								"up": {"uv": [54, 92], "uv_size": [3, 2]},
								"down": {"uv": [60, 94], "uv_size": [3, -2]}
							}
						},
						{
							"origin": [-79.80624, 25.46479, -43.03306],
							"size": [2.6444, 2.0328, 0.8668],
							"pivot": [-0.96342, 20.28986, -41.71727],
							"rotation": [0, -90, 0],
							"uv": {
								"north": {"uv": [67, 92], "uv_size": [3, 2]},
								"east": {"uv": [101, 87], "uv_size": [1, 2]},
								"south": {"uv": [70, 92], "uv_size": [3, 2]},
								"west": {"uv": [101, 90], "uv_size": [1, 2]},
								"up": {"uv": [98, 92], "uv_size": [3, 1]},
								"down": {"uv": [98, 94], "uv_size": [3, -1]}
							}
						},
						{
							"origin": [-79.80624, 25.4504, -44.48972],
							"size": [2.6444, 1.5048, 0.6028],
							"inflate": 0.0024,
							"pivot": [-0.96342, 20.28986, -41.71727],
							"rotation": [0, -90, 0],
							"uv": {
								"north": {"uv": [73, 92], "uv_size": [3, 2]},
								"east": {"uv": [101, 92], "uv_size": [1, 2]},
								"south": {"uv": [76, 92], "uv_size": [3, 2]},
								"west": {"uv": [101, 94], "uv_size": [1, 2]},
								"up": {"uv": [98, 94], "uv_size": [3, 1]},
								"down": {"uv": [95, 99], "uv_size": [3, -1]}
							}
						},
						{
							"origin": [-7.00396, -58.55295, -41.49746],
							"size": [2.64, 2.64, 0.64064],
							"inflate": 0.001,
							"pivot": [-0.96342, 20.28986, -41.71727],
							"rotation": [-90, 0, 90],
							"uv": {
								"north": {"uv": [58, 88], "uv_size": [3, 3]},
								"east": {"uv": [41, 98], "uv_size": [1, 3]},
								"south": {"uv": [28, 89], "uv_size": [3, 3]},
								"west": {"uv": [53, 98], "uv_size": [1, 3]},
								"up": {"uv": [98, 95], "uv_size": [3, 1]},
								"down": {"uv": [98, 97], "uv_size": [3, -1]}
							}
						},
						{
							"origin": [-7.17996, -58.55295, -44.48946],
							"size": [2.816, 2.64, 0.64064],
							"inflate": 0.005,
							"pivot": [-0.96342, 20.28986, -41.71727],
							"rotation": [-90, 0, 90],
							"uv": {
								"north": {"uv": [31, 89], "uv_size": [3, 3]},
								"east": {"uv": [54, 98], "uv_size": [1, 3]},
								"south": {"uv": [34, 89], "uv_size": [3, 3]},
								"west": {"uv": [98, 97], "uv_size": [1, 3]},
								"up": {"uv": [0, 99], "uv_size": [3, 1]},
								"down": {"uv": [99, 3], "uv_size": [3, -1]}
							}
						}
					]
				},
				{
					"name": "Brace2",
					"parent": "Musket",
					"pivot": [13.12594, -72.06091, -42.68378],
					"cubes": [
						{
							"origin": [-6.12396, -17.19295, -44.20082],
							"size": [2.288, 1.408, 2.992],
							"pivot": [-0.96342, 20.28986, -41.71727],
							"rotation": [-90, 0, 90],
							"uv": {
								"north": {"uv": [96, 101], "uv_size": [2, 1]},
								"east": {"uv": [3, 99], "uv_size": [3, 1]},
								"south": {"uv": [101, 96], "uv_size": [2, 1]},
								"west": {"uv": [99, 3], "uv_size": [3, 1]},
								"up": {"uv": [57, 82], "uv_size": [2, 3]},
								"down": {"uv": [79, 95], "uv_size": [2, -3]}
							}
						},
						{
							"origin": [-6.12396, -16.66495, -42.79282],
							"size": [2.464, 0.528, 0.176],
							"pivot": [-0.96342, 20.28986, -41.71727],
							"rotation": [-90, 0, 90],
							"uv": {
								"north": {"uv": [101, 97], "uv_size": [2, 1]},
								"east": {"uv": [55, 106], "uv_size": [1, 1]},
								"south": {"uv": [101, 98], "uv_size": [2, 1]},
								"west": {"uv": [56, 106], "uv_size": [1, 1]},
								"up": {"uv": [99, 101], "uv_size": [2, 1]},
								"down": {"uv": [101, 100], "uv_size": [2, -1]}
							}
						},
						{
							"origin": [-5.59596, 56.37505, -42.79282],
							"size": [2.464, 0.528, 0.176],
							"pivot": [-0.96342, 20.28986, -41.71727],
							"rotation": [-90, 0, 90],
							"uv": {
								"north": {"uv": [101, 100], "uv_size": [2, 1]},
								"east": {"uv": [57, 106], "uv_size": [1, 1]},
								"south": {"uv": [101, 101], "uv_size": [2, 1]},
								"west": {"uv": [58, 106], "uv_size": [1, 1]},
								"up": {"uv": [102, 0], "uv_size": [2, 1]},
								"down": {"uv": [102, 2], "uv_size": [2, -1]}
							}
						},
						{
							"origin": [-3.65996, -16.48895, -44.02482],
							"size": [0.176, 0.176, 2.64],
							"pivot": [-0.96342, 20.28986, -41.71727],
							"rotation": [-90, 0, 90],
							"uv": {
								"north": {"uv": [59, 106], "uv_size": [1, 1]},
								"east": {"uv": [6, 99], "uv_size": [3, 1]},
								"south": {"uv": [60, 106], "uv_size": [1, 1]},
								"west": {"uv": [9, 99], "uv_size": [3, 1]},
								"up": {"uv": [12, 99], "uv_size": [1, 3]},
								"down": {"uv": [13, 102], "uv_size": [1, -3]}
							}
						},
						{
							"origin": [-0.45495, -16.48895, -40.07673],
							"size": [0.176, 0.176, 0.88],
							"pivot": [-0.78741, 20.28986, -41.71727],
							"rotation": [-90, 0, 180],
							"uv": {
								"north": {"uv": [61, 106], "uv_size": [1, 1]},
								"east": {"uv": [62, 106], "uv_size": [1, 1]},
								"south": {"uv": [63, 106], "uv_size": [1, 1]},
								"west": {"uv": [64, 106], "uv_size": [1, 1]},
								"up": {"uv": [65, 106], "uv_size": [1, 1]},
								"down": {"uv": [66, 107], "uv_size": [1, -1]}
							}
						},
						{
							"origin": [-3.62295, -16.48895, -40.07673],
							"size": [0.176, 0.176, 0.88],
							"pivot": [-1.13941, 20.28986, -41.71727],
							"rotation": [-90, 0, 180],
							"uv": {
								"north": {"uv": [67, 106], "uv_size": [1, 1]},
								"east": {"uv": [68, 106], "uv_size": [1, 1]},
								"south": {"uv": [69, 106], "uv_size": [1, 1]},
								"west": {"uv": [70, 106], "uv_size": [1, 1]},
								"up": {"uv": [71, 106], "uv_size": [1, 1]},
								"down": {"uv": [72, 107], "uv_size": [1, -1]}
							}
						},
						{
							"origin": [-2.60396, -16.48895, -44.02482],
							"size": [0.176, 0.176, 2.64],
							"pivot": [-0.96342, 20.28986, -41.71727],
							"rotation": [-90, 0, 90],
							"uv": {
								"north": {"uv": [73, 106], "uv_size": [1, 1]},
								"east": {"uv": [24, 99], "uv_size": [3, 1]},
								"south": {"uv": [74, 106], "uv_size": [1, 1]},
								"west": {"uv": [27, 99], "uv_size": [3, 1]},
								"up": {"uv": [14, 99], "uv_size": [1, 3]},
								"down": {"uv": [15, 102], "uv_size": [1, -3]}
							}
						},
						{
							"origin": [-3.13196, 56.55105, -44.02482],
							"size": [0.176, 0.176, 2.64],
							"pivot": [-0.96342, 20.28986, -41.71727],
							"rotation": [-90, 0, 90],
							"uv": {
								"north": {"uv": [75, 106], "uv_size": [1, 1]},
								"east": {"uv": [30, 99], "uv_size": [3, 1]},
								"south": {"uv": [106, 75], "uv_size": [1, 1]},
								"west": {"uv": [33, 99], "uv_size": [3, 1]},
								"up": {"uv": [36, 99], "uv_size": [1, 3]},
								"down": {"uv": [37, 102], "uv_size": [1, -3]}
							}
						},
						{
							"origin": [-3.62295, 56.55105, -40.60473],
							"size": [0.176, 0.176, 0.88],
							"pivot": [-1.13941, 20.28986, -41.71727],
							"rotation": [-90, 0, 180],
							"uv": {
								"north": {"uv": [76, 106], "uv_size": [1, 1]},
								"east": {"uv": [106, 76], "uv_size": [1, 1]},
								"south": {"uv": [77, 106], "uv_size": [1, 1]},
								"west": {"uv": [106, 77], "uv_size": [1, 1]},
								"up": {"uv": [78, 106], "uv_size": [1, 1]},
								"down": {"uv": [106, 79], "uv_size": [1, -1]}
							}
						},
						{
							"origin": [-0.45495, 56.55105, -40.60473],
							"size": [0.176, 0.176, 0.88],
							"pivot": [-0.78741, 20.28986, -41.71727],
							"rotation": [-90, 0, 180],
							"uv": {
								"north": {"uv": [79, 106], "uv_size": [1, 1]},
								"east": {"uv": [106, 79], "uv_size": [1, 1]},
								"south": {"uv": [80, 106], "uv_size": [1, 1]},
								"west": {"uv": [106, 80], "uv_size": [1, 1]},
								"up": {"uv": [81, 106], "uv_size": [1, 1]},
								"down": {"uv": [106, 82], "uv_size": [1, -1]}
							}
						},
						{
							"origin": [-2.07596, 56.55105, -44.02482],
							"size": [0.176, 0.176, 2.64],
							"pivot": [-0.96342, 20.28986, -41.71727],
							"rotation": [-90, 0, 90],
							"uv": {
								"north": {"uv": [82, 106], "uv_size": [1, 1]},
								"east": {"uv": [42, 99], "uv_size": [3, 1]},
								"south": {"uv": [106, 82], "uv_size": [1, 1]},
								"west": {"uv": [45, 99], "uv_size": [3, 1]},
								"up": {"uv": [38, 99], "uv_size": [1, 3]},
								"down": {"uv": [39, 102], "uv_size": [1, -3]}
							}
						},
						{
							"origin": [-38.44624, 23.04255, -46.32869],
							"size": [1.4124, 1.5048, 1.5708],
							"pivot": [-0.96342, 20.28986, -41.71727],
							"rotation": [0, -90, -45],
							"uv": {
								"north": {"uv": [102, 2], "uv_size": [1, 2]},
								"east": {"uv": [2, 97], "uv_size": [2, 2]},
								"south": {"uv": [12, 102], "uv_size": [1, 2]},
								"west": {"uv": [97, 2], "uv_size": [2, 2]},
								"up": {"uv": [13, 102], "uv_size": [1, 2]},
								"down": {"uv": [14, 104], "uv_size": [1, -2]}
							}
						},
						{
							"origin": [-38.44624, 25.4504, -41.89962],
							"size": [1.4124, 1.5048, 1.0428],
							"pivot": [-0.96342, 20.28986, -41.71727],
							"rotation": [0, -90, 0],
							"uv": {
								"north": {"uv": [15, 102], "uv_size": [1, 2]},
								"east": {"uv": [26, 102], "uv_size": [1, 2]},
								"south": {"uv": [27, 102], "uv_size": [1, 2]},
								"west": {"uv": [30, 102], "uv_size": [1, 2]},
								"up": {"uv": [83, 106], "uv_size": [1, 1]},
								"down": {"uv": [106, 84], "uv_size": [1, -1]}
							}
						},
						{
							"origin": [-38.44624, 24.39454, -38.93453],
							"size": [1.4124, 1.5048, 2.5388],
							"pivot": [-0.96342, 20.28986, -41.71727],
							"rotation": [0, -90, 45],
							"uv": {
								"north": {"uv": [31, 102], "uv_size": [1, 2]},
								"east": {"uv": [81, 92], "uv_size": [3, 2]},
								"south": {"uv": [32, 102], "uv_size": [1, 2]},
								"west": {"uv": [84, 92], "uv_size": [3, 2]},
								"up": {"uv": [48, 99], "uv_size": [1, 3]},
								"down": {"uv": [49, 102], "uv_size": [1, -3]}
							}
						},
						{
							"origin": [-38.44624, 18.58147, -49.44667],
							"size": [1.4124, 1.5048, 1.3068],
							"pivot": [-0.96342, 20.28986, -41.71727],
							"rotation": [0, -90, -90],
							"uv": {
								"north": {"uv": [33, 102], "uv_size": [1, 2]},
								"east": {"uv": [36, 102], "uv_size": [1, 2]},
								"south": {"uv": [37, 102], "uv_size": [1, 2]},
								"west": {"uv": [38, 102], "uv_size": [1, 2]},
								"up": {"uv": [84, 106], "uv_size": [1, 1]},
								"down": {"uv": [106, 85], "uv_size": [1, -1]}
							}
						},
						{
							"origin": [-38.44624, 23.04255, -48.3908],
							"size": [1.4124, 1.5048, 1.5708],
							"pivot": [-0.96342, 20.28986, -41.71727],
							"rotation": [0, -90, -45],
							"uv": {
								"north": {"uv": [39, 102], "uv_size": [1, 2]},
								"east": {"uv": [4, 97], "uv_size": [2, 2]},
								"south": {"uv": [40, 102], "uv_size": [1, 2]},
								"west": {"uv": [6, 97], "uv_size": [2, 2]},
								"up": {"uv": [102, 40], "uv_size": [1, 2]},
								"down": {"uv": [41, 104], "uv_size": [1, -2]}
							}
						},
						{
							"origin": [-38.44624, 25.4504, -44.48972],
							"size": [1.4124, 1.5048, 1.8348],
							"pivot": [-0.96342, 20.28986, -41.71727],
							"rotation": [0, -90, 0],
							"uv": {
								"north": {"uv": [42, 102], "uv_size": [1, 2]},
								"east": {"uv": [8, 97], "uv_size": [2, 2]},
								"south": {"uv": [102, 42], "uv_size": [1, 2]},
								"west": {"uv": [10, 97], "uv_size": [2, 2]},
								"up": {"uv": [43, 102], "uv_size": [1, 2]},
								"down": {"uv": [46, 104], "uv_size": [1, -2]}
							}
						},
						{
							"origin": [-38.44624, 24.39454, -40.02864],
							"size": [1.4124, 1.5048, 1.8348],
							"pivot": [-0.96342, 20.28986, -41.71727],
							"rotation": [0, -90, 45],
							"uv": {
								"north": {"uv": [47, 102], "uv_size": [1, 2]},
								"east": {"uv": [12, 97], "uv_size": [2, 2]},
								"south": {"uv": [48, 102], "uv_size": [1, 2]},
								"west": {"uv": [14, 97], "uv_size": [2, 2]},
								"up": {"uv": [49, 102], "uv_size": [1, 2]},
								"down": {"uv": [50, 104], "uv_size": [1, -2]}
							}
						},
						{
							"origin": [-6.12396, -17.19295, -44.48946],
							"size": [1.936, 1.408, 3.63264],
							"pivot": [-0.96342, 20.28986, -41.71727],
							"rotation": [-90, 0, 90],
							"uv": {
								"north": {"uv": [102, 4], "uv_size": [2, 1]},
								"east": {"uv": [16, 97], "uv_size": [4, 1]},
								"south": {"uv": [51, 102], "uv_size": [2, 1]},
								"west": {"uv": [20, 97], "uv_size": [4, 1]},
								"up": {"uv": [61, 88], "uv_size": [2, 4]},
								"down": {"uv": [43, 93], "uv_size": [2, -4]}
							}
						}
					]
				},
				{
					"name": "Brace1",
					"parent": "Musket",
					"pivot": [38.38752, -70.3383, -42.64303],
					"cubes": [
						{
							"origin": [6.08176, 23.04255, -46.32869],
							"size": [1.4124, 1.5048, 1.5708],
							"pivot": [-0.96342, 20.28986, -41.71727],
							"rotation": [0, -90, -45],
							"uv": {
								"north": {"uv": [63, 102], "uv_size": [1, 2]},
								"east": {"uv": [24, 97], "uv_size": [2, 2]},
								"south": {"uv": [64, 102], "uv_size": [1, 2]},
								"west": {"uv": [26, 97], "uv_size": [2, 2]},
								"up": {"uv": [65, 102], "uv_size": [1, 2]},
								"down": {"uv": [66, 104], "uv_size": [1, -2]}
							}
						},
						{
							"origin": [6.08176, 18.58147, -46.85656],
							"size": [1.4124, 1.5048, 1.0428],
							"pivot": [-0.96342, 20.28986, -41.71727],
							"rotation": [0, -90, -90],
							"uv": {
								"north": {"uv": [67, 102], "uv_size": [1, 2]},
								"east": {"uv": [68, 102], "uv_size": [1, 2]},
								"south": {"uv": [71, 102], "uv_size": [1, 2]},
								"west": {"uv": [72, 102], "uv_size": [1, 2]},
								"up": {"uv": [85, 106], "uv_size": [1, 1]},
								"down": {"uv": [106, 86], "uv_size": [1, -1]}
							}
						},
						{
							"origin": [6.08176, 24.39454, -40.02864],
							"size": [1.4124, 1.5048, 1.8348],
							"pivot": [-0.96342, 20.28986, -41.71727],
							"rotation": [0, -90, 45],
							"uv": {
								"north": {"uv": [73, 102], "uv_size": [1, 2]},
								"east": {"uv": [28, 97], "uv_size": [2, 2]},
								"south": {"uv": [74, 102], "uv_size": [1, 2]},
								"west": {"uv": [30, 97], "uv_size": [2, 2]},
								"up": {"uv": [75, 102], "uv_size": [1, 2]},
								"down": {"uv": [102, 77], "uv_size": [1, -2]}
							}
						},
						{
							"origin": [6.08176, 25.4504, -44.48972],
							"size": [1.4124, 1.5048, 1.8348],
							"pivot": [-0.96342, 20.28986, -41.71727],
							"rotation": [0, -90, 0],
							"uv": {
								"north": {"uv": [76, 102], "uv_size": [1, 2]},
								"east": {"uv": [32, 97], "uv_size": [2, 2]},
								"south": {"uv": [77, 102], "uv_size": [1, 2]},
								"west": {"uv": [34, 97], "uv_size": [2, 2]},
								"up": {"uv": [78, 102], "uv_size": [1, 2]},
								"down": {"uv": [79, 104], "uv_size": [1, -2]}
							}
						},
						{
							"origin": [6.08176, 23.04255, -48.3908],
							"size": [1.4124, 1.5048, 1.5708],
							"pivot": [-0.96342, 20.28986, -41.71727],
							"rotation": [0, -90, -45],
							"uv": {
								"north": {"uv": [102, 79], "uv_size": [1, 2]},
								"east": {"uv": [36, 97], "uv_size": [2, 2]},
								"south": {"uv": [80, 102], "uv_size": [1, 2]},
								"west": {"uv": [38, 97], "uv_size": [2, 2]},
								"up": {"uv": [81, 102], "uv_size": [1, 2]},
								"down": {"uv": [102, 83], "uv_size": [1, -2]}
							}
						},
						{
							"origin": [6.08176, 18.58147, -49.44667],
							"size": [1.4124, 1.5048, 1.3068],
							"pivot": [-0.96342, 20.28986, -41.71727],
							"rotation": [0, -90, -90],
							"uv": {
								"north": {"uv": [82, 102], "uv_size": [1, 2]},
								"east": {"uv": [83, 102], "uv_size": [1, 2]},
								"south": {"uv": [102, 83], "uv_size": [1, 2]},
								"west": {"uv": [84, 102], "uv_size": [1, 2]},
								"up": {"uv": [86, 106], "uv_size": [1, 1]},
								"down": {"uv": [106, 87], "uv_size": [1, -1]}
							}
						},
						{
							"origin": [6.08176, 24.39454, -38.40653],
							"size": [1.4124, 1.5048, 2.0108],
							"pivot": [-0.96342, 20.28986, -41.71727],
							"rotation": [0, -90, 45],
							"uv": {
								"north": {"uv": [85, 102], "uv_size": [1, 2]},
								"east": {"uv": [43, 97], "uv_size": [2, 2]},
								"south": {"uv": [102, 85], "uv_size": [1, 2]},
								"west": {"uv": [45, 97], "uv_size": [2, 2]},
								"up": {"uv": [86, 102], "uv_size": [1, 2]},
								"down": {"uv": [87, 104], "uv_size": [1, -2]}
							}
						},
						{
							"origin": [6.08176, 25.4504, -41.89962],
							"size": [1.4124, 1.5048, 1.0428],
							"pivot": [-0.96342, 20.28986, -41.71727],
							"rotation": [0, -90, 0],
							"uv": {
								"north": {"uv": [102, 87], "uv_size": [1, 2]},
								"east": {"uv": [88, 102], "uv_size": [1, 2]},
								"south": {"uv": [89, 102], "uv_size": [1, 2]},
								"west": {"uv": [102, 89], "uv_size": [1, 2]},
								"up": {"uv": [87, 106], "uv_size": [1, 1]},
								"down": {"uv": [106, 88], "uv_size": [1, -1]}
							}
						},
						{
							"origin": [-6.12396, 27.33505, -44.20082],
							"size": [2.288, 1.408, 2.992],
							"pivot": [-0.96342, 20.28986, -41.71727],
							"rotation": [-90, 0, 90],
							"uv": {
								"north": {"uv": [102, 77], "uv_size": [2, 1]},
								"east": {"uv": [50, 99], "uv_size": [3, 1]},
								"south": {"uv": [90, 102], "uv_size": [2, 1]},
								"west": {"uv": [55, 99], "uv_size": [3, 1]},
								"up": {"uv": [87, 92], "uv_size": [2, 3]},
								"down": {"uv": [89, 95], "uv_size": [2, -3]}
							}
						},
						{
							"origin": [-6.12396, 27.33505, -44.48946],
							"size": [1.936, 1.408, 3.63264],
							"pivot": [-0.96342, 20.28986, -41.71727],
							"rotation": [-90, 0, 90],
							"uv": {
								"north": {"uv": [102, 91], "uv_size": [2, 1]},
								"east": {"uv": [47, 97], "uv_size": [4, 1]},
								"south": {"uv": [92, 102], "uv_size": [2, 1]},
								"west": {"uv": [51, 97], "uv_size": [4, 1]},
								"up": {"uv": [63, 89], "uv_size": [2, 4]},
								"down": {"uv": [65, 93], "uv_size": [2, -4]}
							}
						}
					]
				},
				{
					"name": "Frission",
					"parent": "Musket",
					"pivot": [-2.29668, 25.97911, -4.1226],
					"rotation": [0, 0, 52.5],
					"cubes": [
						{
							"origin": [-5.35627, 25.4429, -3.4509],
							"size": [0.78637, 0.3212, 1.6456],
							"pivot": [-3.56876, 26.95608, -2.62925],
							"rotation": [0, -90, -52.5],
							"uv": {
								"north": {"uv": [88, 106], "uv_size": [1, 1]},
								"east": {"uv": [102, 92], "uv_size": [2, 1]},
								"south": {"uv": [106, 88], "uv_size": [1, 1]},
								"west": {"uv": [102, 93], "uv_size": [2, 1]},
								"up": {"uv": [94, 102], "uv_size": [1, 2]},
								"down": {"uv": [102, 96], "uv_size": [1, -2]}
							}
						},
						{
							"origin": [-5.55111, 25.94783, -3.4509],
							"size": [0.7876, 0.2244, 1.6456],
							"inflate": -0.001,
							"pivot": [-3.56876, 26.95608, -2.62925],
							"rotation": [90, -79, -142.5],
							"uv": {
								"north": {"uv": [89, 106], "uv_size": [1, 1]},
								"east": {"uv": [95, 102], "uv_size": [2, 1]},
								"south": {"uv": [106, 89], "uv_size": [1, 1]},
								"west": {"uv": [97, 102], "uv_size": [2, 1]},
								"up": {"uv": [99, 102], "uv_size": [1, 2]},
								"down": {"uv": [100, 104], "uv_size": [1, -2]}
							}
						},
						{
							"origin": [-4.60066, 25.74323, -3.4509],
							"size": [1.6192, 0.2244, 1.6456],
							"inflate": -0.002,
							"pivot": [-3.56876, 26.95608, -2.62925],
							"rotation": [90, -89.5, -142.5],
							"uv": {
								"north": {"uv": [101, 102], "uv_size": [2, 1]},
								"east": {"uv": [0, 103], "uv_size": [2, 1]},
								"south": {"uv": [2, 103], "uv_size": [2, 1]},
								"west": {"uv": [103, 2], "uv_size": [2, 1]},
								"up": {"uv": [55, 97], "uv_size": [2, 2]},
								"down": {"uv": [57, 99], "uv_size": [2, -2]}
							}
						},
						{
							"origin": [-5.50743, 27.57218, -3.4509],
							"size": [2.992, 0.2244, 1.6456],
							"pivot": [-3.56876, 26.95608, -2.62925],
							"rotation": [-90, 12.25, 37.5],
							"uv": {
								"north": {"uv": [58, 99], "uv_size": [3, 1]},
								"east": {"uv": [103, 3], "uv_size": [2, 1]},
								"south": {"uv": [62, 99], "uv_size": [3, 1]},
								"west": {"uv": [4, 103], "uv_size": [2, 1]},
								"up": {"uv": [91, 92], "uv_size": [3, 2]},
								"down": {"uv": [0, 95], "uv_size": [3, -2]}
							}
						},
						{
							"origin": [-2.78217, 27.57218, -1.84103],
							"size": [1.16688, 0.2244, 1.16688],
							"inflate": -0.001,
							"pivot": [-3.56876, 26.95608, -2.62925],
							"rotation": [-81.27165, -8.6288, 171.84024],
							"uv": {
								"north": {"uv": [90, 106], "uv_size": [1, 1]},
								"east": {"uv": [106, 90], "uv_size": [1, 1]},
								"south": {"uv": [91, 106], "uv_size": [1, 1]},
								"west": {"uv": [106, 91], "uv_size": [1, 1]},
								"up": {"uv": [92, 106], "uv_size": [1, 1]},
								"down": {"uv": [106, 93], "uv_size": [1, -1]}
							}
						}
					]
				},
				{
					"name": "Stock",
					"parent": "Musket",
					"pivot": [64.52072, -74.35363, -42.67406],
					"cubes": [
						{
							"origin": [40.38228, 34.47363, -44.25556],
							"size": [45.584, 2.64, 3.168],
							"inflate": 0.002,
							"pivot": [-0.96342, 20.28986, -41.71727],
							"rotation": [-90, -75, 90],
							"uv": {
								"north": {"uv": [32, 32], "uv_size": [46, 3]},
								"east": {"uv": [37, 89], "uv_size": [3, 3]},
								"south": {"uv": [32, 35], "uv_size": [46, 3]},
								"west": {"uv": [40, 89], "uv_size": [3, 3]},
								"up": {"uv": [32, 38], "uv_size": [46, 3]},
								"down": {"uv": [32, 44], "uv_size": [46, -3]}
							}
						},
						{
							"origin": [40.34189, 37.44006, -44.25556],
							"size": [44.704, 2.0416, 3.168],
							"inflate": 0.0025,
							"pivot": [-0.96342, 20.28986, -41.71727],
							"rotation": [-90, -74, 90],
							"uv": {
								"north": {"uv": [77, 48], "uv_size": [45, 2]},
								"east": {"uv": [3, 93], "uv_size": [3, 2]},
								"south": {"uv": [78, 32], "uv_size": [45, 2]},
								"west": {"uv": [6, 93], "uv_size": [3, 2]},
								"up": {"uv": [32, 44], "uv_size": [45, 3]},
								"down": {"uv": [32, 50], "uv_size": [45, -3]}
							}
						},
						{
							"origin": [53.72969, -6.8924, -44.25556],
							"size": [7.216, 3.872, 3.168],
							"inflate": 0.0001,
							"pivot": [-0.96342, 20.28986, -41.71727],
							"rotation": [90, -65, -90],
							"uv": {
								"north": {"uv": [83, 83], "uv_size": [7, 4]},
								"east": {"uv": [6, 88], "uv_size": [3, 4]},
								"south": {"uv": [8, 84], "uv_size": [7, 4]},
								"west": {"uv": [9, 88], "uv_size": [3, 4]},
								"up": {"uv": [87, 2], "uv_size": [7, 3]},
								"down": {"uv": [15, 90], "uv_size": [7, -3]}
							}
						},
						{
							"origin": [50.51589, -3.15376, -43.73633],
							"size": [10.736, 0.528, 2.112],
							"pivot": [-0.96342, 20.28986, -41.71727],
							"rotation": [90, -65, -90],
							"uv": {
								"north": {"uv": [88, 87], "uv_size": [11, 1]},
								"east": {"uv": [6, 103], "uv_size": [2, 1]},
								"south": {"uv": [88, 88], "uv_size": [11, 1]},
								"west": {"uv": [8, 103], "uv_size": [2, 1]},
								"up": {"uv": [48, 85], "uv_size": [11, 2]},
								"down": {"uv": [87, 2], "uv_size": [11, -2]}
							}
						},
						{
							"origin": [64.71411, 20.80785, -44.25556],
							"size": [22.352, 7.392, 3.168],
							"inflate": 0.008,
							"pivot": [-0.96342, 20.28986, -41.71727],
							"rotation": [-90, -87.5, 90],
							"uv": {
								"north": {"uv": [32, 18], "uv_size": [22, 7]},
								"east": {"uv": [22, 87], "uv_size": [3, 7]},
								"south": {"uv": [32, 25], "uv_size": [22, 7]},
								"west": {"uv": [25, 87], "uv_size": [3, 7]},
								"up": {"uv": [78, 40], "uv_size": [22, 3]},
								"down": {"uv": [37, 82], "uv_size": [22, -3]}
							}
						},
						{
							"origin": [64.80349, 28.1633, -43.73633],
							"size": [22.352, 0.528, 2.112],
							"pivot": [-0.96342, 20.28986, -41.71727],
							"rotation": [-90, -87.5, 90],
							"uv": {
								"north": {"uv": [78, 43], "uv_size": [22, 1]},
								"east": {"uv": [10, 103], "uv_size": [2, 1]},
								"south": {"uv": [84, 78], "uv_size": [22, 1]},
								"west": {"uv": [16, 103], "uv_size": [2, 1]},
								"up": {"uv": [8, 80], "uv_size": [22, 2]},
								"down": {"uv": [8, 84], "uv_size": [22, -2]}
							}
						},
						{
							"origin": [-5.01379, 106.33948, -44.25556],
							"size": [12.32, 2.288, 3.168],
							"inflate": 0.002,
							"pivot": [-0.96342, 20.28986, -41.71727],
							"rotation": [-90, 0, 90],
							"uv": {
								"north": {"uv": [24, 85], "uv_size": [12, 2]},
								"east": {"uv": [9, 93], "uv_size": [3, 2]},
								"south": {"uv": [36, 85], "uv_size": [12, 2]},
								"west": {"uv": [12, 93], "uv_size": [3, 2]},
								"up": {"uv": [30, 82], "uv_size": [12, 3]},
								"down": {"uv": [42, 85], "uv_size": [12, -3]}
							}
						},
						{
							"origin": [75.81263, 26.76346, -44.25556],
							"size": [9.328, 2.288, 3.168],
							"inflate": 0.004,
							"pivot": [-0.96342, 20.28986, -41.71727],
							"rotation": [-90, -82.5, 90],
							"uv": {
								"north": {"uv": [28, 87], "uv_size": [9, 2]},
								"east": {"uv": [15, 93], "uv_size": [3, 2]},
								"south": {"uv": [37, 87], "uv_size": [9, 2]},
								"west": {"uv": [18, 93], "uv_size": [3, 2]},
								"up": {"uv": [15, 84], "uv_size": [9, 3]},
								"down": {"uv": [84, 78], "uv_size": [9, -3]}
							}
						},
						{
							"origin": [38.57645, 33.94516, -43.90356],
							"size": [47.344, 1.936, 2.464],
							"pivot": [-0.96342, 20.28986, -41.71727],
							"rotation": [-90, -75, 90],
							"uv": {
								"north": {"uv": [37, 75], "uv_size": [47, 2]},
								"east": {"uv": [59, 97], "uv_size": [2, 2]},
								"south": {"uv": [37, 77], "uv_size": [47, 2]},
								"west": {"uv": [63, 97], "uv_size": [2, 2]},
								"up": {"uv": [77, 44], "uv_size": [47, 2]},
								"down": {"uv": [77, 48], "uv_size": [47, -2]}
							}
						},
						{
							"origin": [86.4942, 10.99266, -43.90356],
							"size": [0.88, 0.528, 2.464],
							"pivot": [-0.96342, 20.28986, -41.71727],
							"rotation": [0, -90, 0],
							"uv": {
								"north": {"uv": [93, 106], "uv_size": [1, 1]},
								"east": {"uv": [18, 103], "uv_size": [2, 1]},
								"south": {"uv": [106, 93], "uv_size": [1, 1]},
								"west": {"uv": [20, 103], "uv_size": [2, 1]},
								"up": {"uv": [22, 103], "uv_size": [1, 2]},
								"down": {"uv": [23, 105], "uv_size": [1, -2]}
							}
						},
						{
							"origin": [86.6702, 11.47772, -44.25556],
							"size": [0.704, 2.112, 3.168],
							"pivot": [-0.96342, 20.28986, -41.71727],
							"rotation": [0, -90, 0],
							"uv": {
								"north": {"uv": [24, 103], "uv_size": [1, 2]},
								"east": {"uv": [57, 93], "uv_size": [3, 2]},
								"south": {"uv": [25, 103], "uv_size": [1, 2]},
								"west": {"uv": [63, 93], "uv_size": [3, 2]},
								"up": {"uv": [65, 99], "uv_size": [1, 3]},
								"down": {"uv": [66, 102], "uv_size": [1, -3]}
							}
						},
						{
							"origin": [7.41843, 22.80222, -43.90356],
							"size": [37.136, 3.168, 2.464],
							"inflate": -0.001,
							"pivot": [-0.96342, 20.28986, -41.71727],
							"rotation": [-90, -89.75, 90],
							"uv": {
								"north": {"uv": [0, 72], "uv_size": [37, 3]},
								"east": {"uv": [43, 93], "uv_size": [2, 3]},
								"south": {"uv": [37, 72], "uv_size": [37, 3]},
								"west": {"uv": [93, 75], "uv_size": [2, 3]},
								"up": {"uv": [0, 78], "uv_size": [37, 2]},
								"down": {"uv": [78, 36], "uv_size": [37, -2]}
							}
						},
						{
							"origin": [7.42377, 23.19932, -44.25556],
							"size": [36.96, 2.464, 3.168],
							"inflate": 0.0015,
							"pivot": [-0.96342, 20.28986, -41.71727],
							"rotation": [0, -90, 0],
							"uv": {
								"north": {"uv": [78, 36], "uv_size": [37, 2]},
								"east": {"uv": [94, 2], "uv_size": [3, 2]},
								"south": {"uv": [78, 38], "uv_size": [37, 2]},
								"west": {"uv": [21, 94], "uv_size": [3, 2]},
								"up": {"uv": [74, 72], "uv_size": [37, 3]},
								"down": {"uv": [0, 78], "uv_size": [37, -3]}
							}
						},
						{
							"origin": [-79.16823, 24.07932, -44.25556],
							"size": [86.768, 1.584, 3.168],
							"pivot": [-0.96342, 20.28986, -41.71727],
							"rotation": [0, -90, 0],
							"uv": {
								"north": {"uv": [32, 6], "uv_size": [87, 2]},
								"east": {"uv": [24, 94], "uv_size": [3, 2]},
								"south": {"uv": [32, 8], "uv_size": [87, 2]},
								"west": {"uv": [27, 94], "uv_size": [3, 2]},
								"up": {"uv": [0, 0], "uv_size": [87, 3]},
								"down": {"uv": [0, 6], "uv_size": [87, -3]}
							}
						},
						{
							"origin": [-77.23223, 23.60191, -43.73633],
							"size": [84.832, 2.464, 2.112],
							"pivot": [-0.96342, 20.28986, -41.71727],
							"rotation": [0, -90, 0],
							"uv": {
								"north": {"uv": [32, 10], "uv_size": [85, 2]},
								"east": {"uv": [65, 97], "uv_size": [2, 2]},
								"south": {"uv": [32, 12], "uv_size": [85, 2]},
								"west": {"uv": [67, 97], "uv_size": [2, 2]},
								"up": {"uv": [32, 14], "uv_size": [85, 2]},
								"down": {"uv": [32, 18], "uv_size": [85, -2]}
							}
						},
						{
							"origin": [-80.75223, 24.07932, -41.61556],
							"size": [2.64, 1.584, 0.528],
							"pivot": [-0.96342, 20.28986, -41.71727],
							"rotation": [0, -90, 0],
							"uv": {
								"north": {"uv": [30, 94], "uv_size": [3, 2]},
								"east": {"uv": [28, 103], "uv_size": [1, 2]},
								"south": {"uv": [33, 94], "uv_size": [3, 2]},
								"west": {"uv": [29, 103], "uv_size": [1, 2]},
								"up": {"uv": [67, 99], "uv_size": [3, 1]},
								"down": {"uv": [70, 100], "uv_size": [3, -1]}
							}
						},
						{
							"origin": [-80.75223, 23.60191, -43.73633],
							"size": [2.64, 0.528, 2.112],
							"pivot": [-0.96342, 20.28986, -41.71727],
							"rotation": [0, -90, 0],
							"uv": {
								"north": {"uv": [73, 99], "uv_size": [3, 1]},
								"east": {"uv": [34, 103], "uv_size": [2, 1]},
								"south": {"uv": [99, 75], "uv_size": [3, 1]},
								"west": {"uv": [103, 40], "uv_size": [2, 1]},
								"up": {"uv": [36, 94], "uv_size": [3, 2]},
								"down": {"uv": [39, 96], "uv_size": [3, -2]}
							}
						},
						{
							"origin": [-80.75223, 24.07932, -44.25556],
							"size": [2.64, 1.584, 0.528],
							"pivot": [-0.96342, 20.28986, -41.71727],
							"rotation": [0, -90, 0],
							"uv": {
								"north": {"uv": [45, 94], "uv_size": [3, 2]},
								"east": {"uv": [103, 41], "uv_size": [1, 2]},
								"south": {"uv": [48, 94], "uv_size": [3, 2]},
								"west": {"uv": [44, 103], "uv_size": [1, 2]},
								"up": {"uv": [99, 76], "uv_size": [3, 1]},
								"down": {"uv": [99, 78], "uv_size": [3, -1]}
							}
						},
						{
							"origin": [42.27177, 25.66332, -44.25556],
							"size": [1.76, 1.6896, 3.168],
							"pivot": [-0.96342, 20.28986, -41.71727],
							"rotation": [0, -90, 0],
							"uv": {
								"north": {"uv": [69, 97], "uv_size": [2, 2]},
								"east": {"uv": [51, 94], "uv_size": [3, 2]},
								"south": {"uv": [71, 97], "uv_size": [2, 2]},
								"west": {"uv": [54, 94], "uv_size": [3, 2]},
								"up": {"uv": [60, 94], "uv_size": [2, 3]},
								"down": {"uv": [66, 97], "uv_size": [2, -3]}
							}
						},
						{
							"origin": [42.20971, 26.44873, -43.73633],
							"size": [1.584, 1.76, 2.112],
							"pivot": [-0.96342, 20.28986, -41.71727],
							"rotation": [-90, -89.5, 90],
							"uv": {
								"north": {"uv": [73, 97], "uv_size": [2, 2]},
								"east": {"uv": [75, 97], "uv_size": [2, 2]},
								"south": {"uv": [79, 97], "uv_size": [2, 2]},
								"west": {"uv": [81, 97], "uv_size": [2, 2]},
								"up": {"uv": [83, 97], "uv_size": [2, 2]},
								"down": {"uv": [85, 99], "uv_size": [2, -2]}
							}
						},
						{
							"origin": [40.04969, 38.47355, -43.73633],
							"size": [17.072, 1.408, 2.112],
							"pivot": [-0.96342, 20.28986, -41.71727],
							"rotation": [-90, -74, 90],
							"uv": {
								"north": {"uv": [87, 5], "uv_size": [17, 1]},
								"east": {"uv": [103, 43], "uv_size": [2, 1]},
								"south": {"uv": [46, 87], "uv_size": [17, 1]},
								"west": {"uv": [51, 103], "uv_size": [2, 1]},
								"up": {"uv": [83, 79], "uv_size": [17, 2]},
								"down": {"uv": [83, 83], "uv_size": [17, -2]}
							}
						}
					]
				},
				{
					"name": "Plate",
					"parent": "Musket",
					"pivot": [70.06858, -71.69959, -40.85946],
					"cubes": [
						{
							"origin": [34.12078, 16.51469, -41.09067],
							"size": [5.54907, 1.84969, 0.46242],
							"inflate": 0.002,
							"pivot": [-0.96342, 20.28986, -41.71727],
							"rotation": [90, -79, -90],
							"uv": {
								"north": {"uv": [46, 88], "uv_size": [6, 2]},
								"east": {"uv": [45, 103], "uv_size": [1, 2]},
								"south": {"uv": [52, 88], "uv_size": [6, 2]},
								"west": {"uv": [53, 103], "uv_size": [1, 2]},
								"up": {"uv": [93, 89], "uv_size": [6, 1]},
								"down": {"uv": [94, 5], "uv_size": [6, -1]}
							}
						},
						{
							"origin": [19.00977, 47.81073, -41.09067],
							"size": [1.38727, 1.38727, 0.46242],
							"inflate": 0.0015,
							"pivot": [-0.96342, 20.28986, -41.71727],
							"rotation": [-90, -42.5, 90],
							"uv": {
								"north": {"uv": [94, 106], "uv_size": [1, 1]},
								"east": {"uv": [106, 94], "uv_size": [1, 1]},
								"south": {"uv": [95, 106], "uv_size": [1, 1]},
								"west": {"uv": [106, 95], "uv_size": [1, 1]},
								"up": {"uv": [96, 106], "uv_size": [1, 1]},
								"down": {"uv": [106, 97], "uv_size": [1, -1]}
							}
						},
						{
							"origin": [33.74163, 23.1472, -41.09067],
							"size": [6.93634, 1.84969, 0.46242],
							"inflate": 0.0014,
							"pivot": [-0.96342, 20.28986, -41.71727],
							"rotation": [0, -90, 0],
							"uv": {
								"north": {"uv": [30, 80], "uv_size": [7, 2]},
								"east": {"uv": [54, 103], "uv_size": [1, 2]},
								"south": {"uv": [63, 87], "uv_size": [7, 2]},
								"west": {"uv": [55, 103], "uv_size": [1, 2]},
								"up": {"uv": [67, 89], "uv_size": [7, 1]},
								"down": {"uv": [74, 90], "uv_size": [7, -1]}
							}
						},
						{
							"origin": [39.18224, 23.84884, -41.09067],
							"size": [0.93859, 3.00575, 0.46242],
							"inflate": 0.0016,
							"pivot": [-0.96342, 20.28986, -41.71727],
							"rotation": [-90, -89, 90],
							"uv": {
								"north": {"uv": [76, 99], "uv_size": [1, 3]},
								"east": {"uv": [78, 99], "uv_size": [1, 3]},
								"south": {"uv": [79, 99], "uv_size": [1, 3]},
								"west": {"uv": [80, 99], "uv_size": [1, 3]},
								"up": {"uv": [97, 106], "uv_size": [1, 1]},
								"down": {"uv": [106, 98], "uv_size": [1, -1]}
							}
						},
						{
							"origin": [40.12083, 23.84884, -41.09067],
							"size": [1.94975, 3.00575, 0.46242],
							"inflate": 0.002,
							"pivot": [-0.96342, 20.28986, -41.71727],
							"rotation": [-90, -89, 90],
							"uv": {
								"north": {"uv": [68, 94], "uv_size": [2, 3]},
								"east": {"uv": [81, 99], "uv_size": [1, 3]},
								"south": {"uv": [70, 94], "uv_size": [2, 3]},
								"west": {"uv": [82, 99], "uv_size": [1, 3]},
								"up": {"uv": [56, 103], "uv_size": [2, 1]},
								"down": {"uv": [58, 104], "uv_size": [2, -1]}
							}
						},
						{
							"origin": [32.46492, -7.04395, -41.09067],
							"size": [2.0809, 2.17339, 0.46242],
							"inflate": 0.001,
							"pivot": [-0.96342, 20.28986, -41.71727],
							"rotation": [90, -47, -90],
							"uv": {
								"north": {"uv": [87, 97], "uv_size": [2, 2]},
								"east": {"uv": [60, 103], "uv_size": [1, 2]},
								"south": {"uv": [89, 97], "uv_size": [2, 2]},
								"west": {"uv": [61, 103], "uv_size": [1, 2]},
								"up": {"uv": [69, 103], "uv_size": [2, 1]},
								"down": {"uv": [103, 76], "uv_size": [2, -1]}
							}
						}
					]
				},
				{
					"name": "RamRod",
					"parent": "Musket",
					"pivot": [0.05333, 24.4509, -68.35598],
					"cubes": [
						{
							"origin": [-88.77463, 23.73608, -39.70896],
							"size": [125.43882, 0.43006, 0.43006],
							"pivot": [-0.96342, 20.28986, -41.71727],
							"rotation": [0, -90, 45],
							"uv": {
								"north": {"uv": [0, 68], "uv_size": [125, 1]},
								"east": {"uv": [98, 106], "uv_size": [1, 1]},
								"south": {"uv": [0, 69], "uv_size": [125, 1]},
								"west": {"uv": [106, 98], "uv_size": [1, 1]},
								"up": {"uv": [0, 70], "uv_size": [125, 1]},
								"down": {"uv": [0, 72], "uv_size": [125, -1]}
							}
						},
						{
							"origin": [-89.10947, 23.4184, -40.02664],
							"size": [0.32086, 1.06542, 1.06542],
							"pivot": [-0.96342, 20.28986, -41.71727],
							"rotation": [0, -90, 45],
							"uv": {
								"north": {"uv": [99, 106], "uv_size": [1, 1]},
								"east": {"uv": [106, 99], "uv_size": [1, 1]},
								"south": {"uv": [100, 106], "uv_size": [1, 1]},
								"west": {"uv": [106, 100], "uv_size": [1, 1]},
								"up": {"uv": [101, 106], "uv_size": [1, 1]},
								"down": {"uv": [106, 102], "uv_size": [1, -1]}
							}
						}
					]
				},
				{
					"name": "_camera_",
					"pivot": [7.775, 33.775, 17.5]
				}
			]
		}
	]
}