{
	"format_version": "1.12.0",
	"minecraft:geometry": [
		{
			"description": {
				"identifier": "geometry.unknown",
				"texture_width": 256,
				"texture_height": 256,
				"visible_bounds_width": 8,
				"visible_bounds_height": 3.5,
				"visible_bounds_offset": [0, 1.25, 0]
			},
			"bones": [
				{
					"name": "main",
					"pivot": [0, 20, 0]
				},
				{
					"name": "gun",
					"parent": "main",
					"pivot": [1, 11, -1]
				},
				{
					"name": "bone5",
					"parent": "gun",
					"pivot": [2.15, 23.55, 9],
					"cubes": [
						{"origin": [-1.25, 14, -1], "size": [3, 4, 5], "uv": [79, 73]},
						{"origin": [-1.75, 14, -1], "size": [1, 4, 5], "inflate": -0.001, "uv": [73, 98]},
						{"origin": [-1.25, 13.5, -1], "size": [3, 1, 5], "inflate": 0.001, "uv": [27, 15]},
						{"origin": [-1.75, 13.5, -1], "size": [1, 1, 5], "inflate": -0.002, "uv": [7, 100]},
						{"origin": [-2, 3.5, -1], "size": [4, 10, 5], "pivot": [1, 13.5, -1], "rotation": [35, 0, 0], "uv": [50, 23]},
						{"origin": [-2, 13.5, -1], "size": [4, 4, 4], "inflate": -0.002, "pivot": [2, 13.5, -1], "rotation": [-14, 0, 0], "uv": [25, 85]},
						{"origin": [-2, 4.9, 3.4], "size": [4, 1, 6], "pivot": [1, 5.9, 3.3], "rotation": [9, 0, 0], "uv": [0, 16]},
						{"origin": [-2, 5.9, 5.4], "size": [4, 1, 4], "inflate": -0.002, "pivot": [1, 5.9, 3.3], "rotation": [9, 0, 0], "uv": [50, 38]},
						{"origin": [-2, 14.5, 4], "size": [4, 2, 11], "inflate": -0.001, "pivot": [1, 16.5, 4], "rotation": [-53, 0, 0], "uv": [79, 139]},
						{"origin": [-2, 14.5, 14.8], "size": [4, 2, 1], "inflate": -0.002, "pivot": [1, 16.5, 4], "rotation": [-53, 0, 0], "uv": [85, 61]},
						{"origin": [-1.35, 13.9, -2.1], "size": [3, 5, 2], "inflate": -0.1, "uv": [13, 0]},
						{"origin": [-0.5, 15.05, -5.55], "size": [1, 4, 1], "inflate": -0.1, "pivot": [0, 15.05, -4.55], "rotation": [-21, 0, 0], "uv": [51, 23]},
						{"origin": [-1.35, 13.9, -9.1], "size": [3, 5, 1], "inflate": -0.1, "uv": [0, 37]},
						{"origin": [-1.35, 13.9, -2.6], "size": [3, 1, 1], "inflate": -0.11, "uv": [0, 54]},
						{"origin": [-1.35, 13.9, -8.1], "size": [3, 1, 6], "inflate": -0.2, "uv": [0, 64]},
						{"origin": [-1.35, 13.9, -8.6], "size": [3, 1, 1], "inflate": -0.11, "uv": [0, 43]},
						{"origin": [-1.35, 18, -9], "size": [3, 5, 13], "uv": [127, 72]},
						{"origin": [-1.35, 18, 4], "size": [3, 2, 2], "inflate": -0.001, "pivot": [0.65, 18, 4], "rotation": [53, 0, 0], "uv": [38, 40]},
						{"origin": [-1.65, 18, 4], "size": [1, 2, 2], "inflate": -0.002, "pivot": [-0.65, 18, 4], "rotation": [53, 0, 0], "uv": [100, 59]},
						{"origin": [-1.35, 20, 4], "size": [3, 3, 3], "uv": [100, 6]},
						{"origin": [-1.35, 17, 6], "size": [3, 3, 1], "inflate": -0.002, "pivot": [1.65, 20, 7], "rotation": [-74, 0, 0], "uv": [54, 77]},
						{"origin": [-1.65, 17, 6], "size": [1, 3, 1], "inflate": -0.003, "pivot": [-1.65, 20, 7], "rotation": [-74, 0, 0], "uv": [19, 36]},
						{"origin": [-1.65, 20, 4], "size": [1, 3, 3], "inflate": 0.001, "uv": [25, 35]},
						{"origin": [1.05, 19.1, -0.4], "size": [1, 2, 2], "inflate": -0.2, "pivot": [1.05, 19.1, -0.4], "rotation": [24, 0, 0], "uv": [14, 99]},
						{"origin": [1.05, 18.3, -0.3], "size": [1, 2, 1], "inflate": -0.1, "uv": [56, 62]},
						{"origin": [-1.55, 23, -6], "size": [1, 1, 10], "uv": [25, 74]},
						{"origin": [-2.3, 22.6, -17.75], "size": [1, 1, 12], "pivot": [-2.3, 23.6, -16.75], "rotation": [0, 0, -19], "uv": [142, 112]},
						{"origin": [-2.5, 22.2, -7.5], "size": [1, 2, 1], "inflate": 0.001, "pivot": [-2.6, 23.6, -7.45], "rotation": [0, 0, -19], "uv": [49, 62]},
						{"origin": [1.1, 24.1, 5], "size": [1, 2, 2], "pivot": [2.1, 24.1, 5], "rotation": [0, 0, -11], "uv": [94, 98]},
						{"origin": [-0.9, 24.1, 5], "size": [3, 1, 2], "inflate": -0.001, "pivot": [2.1, 24.1, 5], "rotation": [0, 0, -77.5], "uv": [37, 85]},
						{"origin": [-2.1, 24.1, 5], "size": [1, 2, 2], "pivot": [-2.1, 24.1, 5], "rotation": [0, 0, 11], "uv": [6, 92]},
						{"origin": [-2.1, 24.1, 5], "size": [3, 1, 2], "inflate": -0.001, "pivot": [-2.1, 24.1, 5], "rotation": [0, 0, 77.5], "uv": [11, 79]},
						{"origin": [-0.9, 24.1, 5], "size": [3, 1, 2], "inflate": -0.002, "pivot": [2.1, 24.1, 5], "rotation": [0, -55, -77.5], "uv": [65, 78]},
						{"origin": [-2.1, 24.1, 5], "size": [3, 1, 2], "inflate": -0.002, "pivot": [-2.1, 24.1, 5], "rotation": [0, 55, 77.5], "uv": [72, 46]},
						{"origin": [-1.95, 23.95, -7], "size": [1, 1, 12], "pivot": [-1.95, 23.95, -18], "rotation": [0, 0, 61.5], "uv": [142, 90]},
						{"origin": [-1.95, 23.95, -18], "size": [1, 2, 2], "pivot": [-1.95, 23.95, -29], "rotation": [0, 0, 11], "uv": [0, 92]},
						{"origin": [-2.05, 24.9, 6], "size": [1, 1, 2], "inflate": -0.002, "pivot": [-2.05, 24.3, 6], "rotation": [0, 0, 19], "uv": [104, 103]},
						{"origin": [1.05, 24.9, 6], "size": [1, 1, 2], "inflate": -0.002, "pivot": [2.05, 24.3, 6], "rotation": [0, 0, -19], "uv": [104, 100]},
						{"origin": [1.05, 24.3, 6], "size": [1, 1, 2], "pivot": [2.05, 24.3, 6], "rotation": [0, 0, -19], "uv": [104, 97]},
						{"origin": [1.05, 23.3, 6], "size": [1, 1, 2], "inflate": 0.001, "pivot": [2.05, 24.3, 6], "rotation": [0, 0, 19], "uv": [104, 94]},
						{"origin": [1.05, 22.8, 6], "size": [1, 1, 2], "pivot": [2.05, 24.3, 4], "rotation": [0, 0, 19], "uv": [93, 104]},
						{"origin": [-1.65, 18, -9], "size": [1, 5, 13], "inflate": 0.001, "uv": [127, 94]},
						{"origin": [0.85, 16, -16.75], "size": [1, 7, 8], "uv": [0, 49]},
						{"origin": [0.85, 21.5, -18], "size": [1, 1, 2], "inflate": -0.001, "uv": [104, 87]},
						{"origin": [-2, 21.7, -17.8], "size": [4, 1, 1], "pivot": [-1.95, 21.7, -17.8], "rotation": [-26, 0, 0], "uv": [37, 32]},
						{"origin": [0.85, 21.5, -18], "size": [1, 1, 2], "inflate": -0.002, "pivot": [0.9, 21.5, -18], "rotation": [-22, 0, 0], "uv": [87, 104]},
						{"origin": [0.85, 21.5, -18], "size": [1, 1, 2], "inflate": -0.002, "pivot": [0.9, 22.5, -18], "rotation": [14, 0, 0], "uv": [104, 84]},
						{"origin": [-1.85, 21.5, -18], "size": [3, 1, 2], "inflate": -0.003, "pivot": [-0.9, 22.5, -18], "rotation": [14, 0, 0], "uv": [62, 46]},
						{"origin": [-1.85, 21.5, -18], "size": [3, 1, 2], "inflate": -0.003, "pivot": [-0.9, 21.5, -18], "rotation": [-22, 0, 0], "uv": [62, 13]},
						{"origin": [-1.85, 21.5, -18], "size": [3, 1, 2], "inflate": -0.002, "uv": [10, 54]},
						{"origin": [1, 21, -11.75], "size": [1, 2, 2], "inflate": 0.001, "uv": [68, 90]},
						{"origin": [1, 20, -11.75], "size": [1, 1, 1], "inflate": 0.001, "uv": [75, 53]},
						{"origin": [1, 15, -11.75], "size": [1, 5, 2], "inflate": 0.001, "uv": [0, 0]},
						{"origin": [0.95, 20, -11.25], "size": [1, 1, 4], "inflate": 0.001, "uv": [36, 100]},
						{"origin": [1.1, 22, -8.5], "size": [1, 2, 1], "pivot": [2.1, 22, -8.5], "rotation": [0, 0, 6], "uv": [54, 55]},
						{"origin": [0.85, 14.15, -9.75], "size": [1, 2, 1], "inflate": -0.001, "uv": [54, 50]},
						{"origin": [0.85, 15.65, -13.75], "size": [1, 2, 4], "inflate": -0.002, "pivot": [0.9, 15.65, -13.75], "rotation": [-17.5, 0, 0], "uv": [37, 26]},
						{"origin": [-1.85, 15.65, -13.75], "size": [1, 2, 4], "inflate": -0.002, "pivot": [-0.9, 15.65, -13.75], "rotation": [-17.5, 0, 0], "uv": [37, 0]},
						{"origin": [-1.85, 14.15, -9.75], "size": [1, 2, 1], "inflate": -0.001, "uv": [54, 13]},
						{"origin": [-2.75, 20.6, -15.63], "size": [1, 3, 9], "inflate": -0.2, "pivot": [-2.75, 22.6, -15.6], "rotation": [0, 0, 17], "uv": [49, 50]},
						{"origin": [-2.75, 20.9, -11.7], "size": [1, 2, 1], "inflate": -0.1, "pivot": [-2.75, 22.9, -11.7], "rotation": [0, 0, 17], "uv": [50, 38]},
						{"origin": [0.85, 19, -8.75], "size": [1, 4, 2], "uv": [79, 82]},
						{"origin": [0.85, 19, -9.75], "size": [1, 1, 3], "inflate": -0.001, "pivot": [1.9, 19, -6.75], "rotation": [25, 0, 0], "uv": [76, 4]},
						{"origin": [-1.85, 19, -8.75], "size": [1, 4, 2], "uv": [76, 9]},
						{"origin": [-2.1, 17.2, -10.25], "size": [1, 5, 1], "uv": [95, 78]},
						{"origin": [-2.1, 18.2, -9.9], "size": [1, 1, 3], "inflate": -0.001, "uv": [76, 0]},
						{"origin": [-2.4, 19.25, -8.5], "size": [1, 2, 1], "inflate": -0.001, "pivot": [-2.45, 21.25, -7.5], "rotation": [0, 0, -9], "uv": [16, 49]},
						{"origin": [-1.85, 16, -16.75], "size": [1, 7, 8], "uv": [27, 0]},
						{"origin": [-1, 16, -16.75], "size": [2, 8, 0], "inflate": 0.002, "uv": [31, 74]},
						{"origin": [1.1, 16, -17], "size": [1, 1, 8], "pivot": [2.15, 16, -18], "rotation": [-13, 0, 0], "uv": [76, 0]},
						{"origin": [-2.1, 16, -17], "size": [1, 1, 8], "pivot": [-2.15, 16, -18], "rotation": [-13, 0, 0], "uv": [75, 56]},
						{"origin": [-1.5, 16, -17], "size": [3, 1, 1], "inflate": 0.001, "pivot": [0.35, 16, -18], "rotation": [-13, 0, 0], "uv": [14, 42]},
						{"origin": [-2.1, 16, -9.4], "size": [3, 1, 1], "inflate": 0.001, "pivot": [0.35, 16, -18], "rotation": [-13, 0, 0], "uv": [25, 41]},
						{"origin": [0.1, 16, -9.4], "size": [2, 1, 1], "inflate": 0.002, "pivot": [-0.35, 16, -18], "rotation": [-13, 0, 0], "uv": [33, 66]},
						{"origin": [-1, 23.3, -55.05], "size": [2, 2, 18], "inflate": -0.1, "pivot": [0, 24.3, -55.05], "rotation": [0, 0, -20], "uv": [27, 50]},
						{"origin": [-1, 23.3, -44.05], "size": [2, 2, 2], "inflate": 0.1, "pivot": [0, 24.3, -44.05], "rotation": [0, 0, -20], "uv": [75, 60]},
						{"origin": [-1, 23.3, -48.8], "size": [2, 2, 2], "inflate": 0.1, "pivot": [0, 24.3, -49.3], "rotation": [0, 0, -20], "uv": [75, 56]},
						{"origin": [-1, 23.3, -63.8], "size": [2, 2, 9], "inflate": 0.5, "pivot": [0, 24.3, -63.8], "rotation": [0, 0, -20], "uv": [25, 35]},
						{"origin": [-2.15, 20.55, 7], "size": [3, 3, 2], "pivot": [-2.15, 23.55, 9], "rotation": [0, -8, -4], "uv": [100, 51]},
						{"origin": [-0.85, 20.55, 7], "size": [3, 3, 2], "pivot": [2.15, 23.55, 9], "rotation": [0, 8, 4], "uv": [100, 46]}
					]
				},
				{
					"name": "bone",
					"parent": "gun",
					"pivot": [-1.95, 24.2, -19],
					"cubes": [
						{"origin": [-2.05, 24.3, 6], "size": [1, 1, 2], "pivot": [-2.05, 24.3, 6], "rotation": [0, 0, 19], "uv": [104, 81]},
						{"origin": [-2.05, 23.3, 6], "size": [1, 1, 2], "inflate": 0.001, "pivot": [-2.05, 24.3, 6], "rotation": [0, 0, -19], "uv": [104, 78]}
					]
				},
				{
					"name": "bone2",
					"parent": "gun",
					"pivot": [0, 26.2, -19],
					"cubes": [
						{"origin": [0.9, 25.82, 5], "size": [1, 1, 2], "inflate": -0.001, "pivot": [0.35, 26.79, 5], "rotation": [0, 0, 29], "uv": [104, 75]},
						{"origin": [-0.85, 25.54, 5], "size": [1, 1, 2], "inflate": 0.001, "uv": [104, 72]},
						{"origin": [-0.15, 25.54, 5], "size": [1, 1, 2], "uv": [104, 64]},
						{"origin": [-1.9, 25.82, 5], "size": [1, 1, 2], "inflate": -0.001, "pivot": [-0.35, 26.79, 5], "rotation": [0, 0, -29], "uv": [62, 103]},
						{"origin": [-1.75, 25.67, -18], "size": [1, 1, 2], "inflate": -0.001, "pivot": [-0.2, 26.64, -29], "rotation": [0, 0, -29], "uv": [103, 29]},
						{"origin": [-1, 25.38, 7], "size": [1, 1, 1], "inflate": 0.001, "pivot": [0, 26.35, 7], "rotation": [0, 0, -19], "uv": [17, 74]},
						{"origin": [0, 25.38, 7], "size": [1, 1, 1], "pivot": [0, 26.35, 7], "rotation": [0, 0, 19], "uv": [11, 74]},
						{"origin": [-1.6, 25.38, 6], "size": [1, 1, 2], "inflate": -0.001, "pivot": [0, 26.35, 6], "rotation": [0, 0, -19], "uv": [103, 26]},
						{"origin": [0.6, 25.38, 6], "size": [1, 1, 2], "inflate": -0.001, "pivot": [0, 26.35, 6], "rotation": [0, 0, 19], "uv": [103, 23]}
					]
				},
				{
					"name": "bone6",
					"parent": "gun",
					"pivot": [2.65, 24.3, -21.05],
					"cubes": [
						{"origin": [0.65, 22.4, -21.15], "size": [2, 2, 3], "pivot": [2.65, 24.4, -21.15], "rotation": [1.73102, 8.83331, 19.13371], "uv": [100, 12]},
						{"origin": [0.65, 24.3, -21.15], "size": [2, 2, 3], "pivot": [2.65, 24.3, -21.15], "rotation": [-1.73102, 8.83331, -19.13371], "uv": [30, 99]}
					]
				},
				{
					"name": "bone7",
					"parent": "gun",
					"pivot": [-2.65, 24.3, -21.05],
					"cubes": [
						{"origin": [-2.65, 22.4, -21.15], "size": [2, 2, 3], "pivot": [-2.65, 24.4, -21.15], "rotation": [1.73102, -8.83331, -19.13371], "uv": [90, 73]},
						{"origin": [-2.65, 24.3, -21.15], "size": [2, 2, 3], "pivot": [-2.65, 24.3, -21.15], "rotation": [-1.73102, -8.83331, 19.13371], "uv": [86, 46]}
					]
				},
				{
					"name": "bone8",
					"parent": "gun",
					"pivot": [0, 27.05, -21.05],
					"rotation": [0, 0, 90],
					"cubes": [
						{"origin": [-0.01536, 25.05298, -21.14877], "size": [2, 2, 3], "pivot": [0, 27.05, -21.05], "rotation": [1.73102, -8.83331, -19.13371], "uv": [86, 0]},
						{"origin": [-0.01536, 26.94702, -21.14877], "size": [2, 2, 3], "pivot": [0, 26.95, -21.05], "rotation": [-1.73102, -8.83331, 19.13371], "uv": [85, 56]}
					]
				},
				{
					"name": "bone9",
					"parent": "gun",
					"pivot": [0.1, 21.75, -21.05],
					"rotation": [0, 0, -90],
					"cubes": [
						{"origin": [0.08464, 19.85298, -21.14877], "size": [2, 2, 3], "pivot": [0.1, 21.85, -21.05], "rotation": [1.73102, -8.83331, -19.13371], "uv": [85, 9]},
						{"origin": [0.08464, 21.74702, -21.14877], "size": [2, 2, 3], "pivot": [0.1, 21.75, -21.05], "rotation": [-1.73102, -8.83331, 19.13371], "uv": [64, 84]}
					]
				},
				{
					"name": "m16a1kit",
					"parent": "gun",
					"pivot": [-2.5, 22.9, -60.05],
					"cubes": [
						{"origin": [0, 24.3, -40.05], "size": [2, 3, 21], "pivot": [0, 27.3, -57.05], "rotation": [1.65829, -1.11823, 33.98382], "uv": [75, 46]},
						{"origin": [1.5, 22.9, -40.05], "size": [1, 1, 21], "pivot": [2.5, 23.9, -57.05], "rotation": [-3.00411, 2.99588, -0.15715], "uv": [46, 121]},
						{"origin": [-2, 24.3, -40.05], "size": [2, 3, 21], "inflate": 0.001, "pivot": [0, 27.3, -57.05], "rotation": [1.65829, 1.11823, -33.98382], "uv": [0, 75]},
						{"origin": [1, 26.3, -40.05], "size": [1, 1, 21], "inflate": -0.001, "pivot": [0, 27.3, -57.05], "rotation": [1.65801, 0.38114, 34.02722], "uv": [121, 0]},
						{"origin": [0.5, 23.9, -40.05], "size": [2, 2, 21], "pivot": [2.5, 23.9, -57.05], "rotation": [-0.62793, 1.89708, -19.64186], "uv": [98, 23]},
						{"origin": [-0.5, 23.9, -40.05], "size": [3, 2, 21], "pivot": [2.5, 23.9, -57.05], "rotation": [-3.6359, 1.85508, -19.89051], "uv": [27, 73]},
						{"origin": [2.5, 25.9, -40.05], "size": [1, 1, 21], "pivot": [2.5, 26.9, -18.05], "rotation": [1.7, 0, 60], "uv": [119, 118]},
						{"origin": [2.8, 25.9, -19.05], "size": [1, 1, 0], "inflate": -0.001, "pivot": [2.5, 26.9, -18.05], "rotation": [1.7, 0, 60], "uv": [0, 1]},
						{"origin": [-2.5, 22.9, -40.05], "size": [1, 1, 21], "pivot": [-2.5, 23.9, -57.05], "rotation": [-3.00411, -2.99588, 0.15715], "uv": [23, 119]},
						{"origin": [-2.5, 23.9, -40.05], "size": [3, 2, 21], "pivot": [-2.5, 23.9, -57.05], "rotation": [-3.6359, -1.85508, 19.89051], "uv": [48, 50]},
						{"origin": [-2.5, 23.9, -40.05], "size": [2, 2, 21], "pivot": [-2.5, 23.9, -57.05], "rotation": [-0.62793, -1.89708, 19.64186], "uv": [25, 96]},
						{"origin": [-3.8, 25.9, -19.05], "size": [1, 1, 0], "inflate": -0.001, "pivot": [-2.5, 26.9, -18.05], "rotation": [1.7, 0, -60], "uv": [0, 0]},
						{"origin": [-2, 26.3, -40.05], "size": [1, 1, 21], "inflate": -0.001, "pivot": [0, 27.3, -57.05], "rotation": [1.65801, -0.38114, -34.02722], "uv": [96, 117]},
						{"origin": [-3.5, 25.9, -40.05], "size": [1, 1, 21], "pivot": [-2.5, 26.9, -18.05], "rotation": [1.7, 0, -60], "uv": [73, 116]},
						{"origin": [-1.5, 22.15, -40.05], "size": [3, 3, 21], "pivot": [-1.5, 23.9, -57.05], "rotation": [-3.25, 0, 0], "uv": [0, 50]},
						{"origin": [-1.5, 22.15, -40.05], "size": [3, 2, 21], "inflate": -0.001, "pivot": [-1.5, 23.9, -57.05], "rotation": [-3.25445, -2.99517, 0.17023], "uv": [50, 23]},
						{"origin": [-1.5, 22.15, -40.05], "size": [3, 2, 21], "inflate": -0.001, "pivot": [1.5, 23.9, -57.05], "rotation": [-3.25445, 2.99517, -0.17023], "uv": [27, 0]},
						{"origin": [1.5, 21.9, -40.05], "size": [1, 1, 21], "pivot": [2.5, 22.9, -57.05], "rotation": [0.29352, 4.23152, 48.93227], "uv": [104, 95]},
						{"origin": [-2.5, 21.9, -40.05], "size": [1, 1, 21], "pivot": [-2.5, 22.9, -57.05], "rotation": [0.29352, -4.23152, -48.93227], "uv": [104, 72]},
						{"origin": [-0.9, 25.9, -18], "size": [2, 2, 20], "inflate": -0.002, "uv": [104, 50]},
						{"origin": [-1.1, 25.9, -18], "size": [1, 2, 20], "inflate": -0.001, "uv": [0, 122]},
						{"origin": [-0.7, 27.05, 1.45], "size": [2, 1, 4], "inflate": -0.2, "uv": [59, 98]},
						{"origin": [-1.3, 27.05, 1.45], "size": [1, 1, 4], "inflate": -0.202, "uv": [11, 74]},
						{"origin": [-1.3, 31.2, -17.2], "size": [2, 1, 18], "inflate": -0.2, "uv": [54, 0]},
						{"origin": [-1.1, 30.4, -1.35], "size": [1, 1, 3], "uv": [75, 49]},
						{"origin": [-1.1, 30.9, -18], "size": [1, 1, 1], "pivot": [-1.1, 30.9, -18], "rotation": [-39, 0, 0], "uv": [5, 74]},
						{"origin": [-1.1, 31.6, -18], "size": [1, 1, 1], "inflate": 0.001, "pivot": [-1.1, 30.9, -18], "rotation": [-39, 0, 0], "uv": [71, 73]},
						{"origin": [-1.3, 32.6, -16.8], "size": [1, 1, 17], "inflate": -0.198, "pivot": [-1.1, 33.4, 0], "rotation": [4, 0, 0], "uv": [123, 22]},
						{"origin": [0.3, 32.6, -16.8], "size": [1, 1, 17], "inflate": -0.198, "pivot": [1.1, 33.4, 0], "rotation": [4, 0, 0], "uv": [100, 0]},
						{"origin": [0.3, 31.2, -17.2], "size": [1, 1, 18], "inflate": -0.2, "uv": [77, 23]},
						{"origin": [0.1, 27.9, -18], "size": [1, 3, 1], "uv": [31, 24]},
						{"origin": [0.1, 30.4, -1.35], "size": [1, 1, 3], "inflate": -0.001, "uv": [0, 74]},
						{"origin": [-1.3, 27.2, 0], "size": [1, 6, 1], "inflate": -0.2, "pivot": [-1.1, 33, 0.8], "rotation": [30, 0, 0], "uv": [0, 84]},
						{"origin": [0.3, 27.2, 0], "size": [1, 6, 1], "inflate": -0.198, "pivot": [1.1, 33, 0.8], "rotation": [30, 0, 0], "uv": [43, 74]},
						{"origin": [-0.5, 27.4, -0.85], "size": [1, 3, 3], "inflate": 0.001, "uv": [14, 16]},
						{"origin": [-1.1, 27.7, 2.75], "size": [1, 1, 1], "inflate": -0.001, "pivot": [-1.1, 28.7, 2.75], "rotation": [-49, 0, 0], "uv": [65, 73]},
						{"origin": [-1.2, 27.2, -1.25], "size": [1, 1, 4], "inflate": -0.1, "uv": [65, 73]},
						{"origin": [-0.5, 28.4, -2.55], "size": [1, 3, 1], "pivot": [-0.5, 31.4, -2.55], "rotation": [36.5, 0, 0], "uv": [25, 24]},
						{"origin": [-1.1, 30, -2.55], "size": [1, 2, 1], "inflate": -0.002, "pivot": [-1.1, 31, -2.55], "rotation": [55.5, 0, 0], "uv": [10, 49]},
						{"origin": [-1.1, 27.9, -18], "size": [2, 3, 1], "inflate": -0.001, "uv": [86, 51]},
						{"origin": [-0.9, 30.9, -18], "size": [2, 1, 1], "inflate": 0.001, "pivot": [1.1, 30.9, -18], "rotation": [-39, 0, 0], "uv": [27, 66]},
						{"origin": [-0.9, 31.6, -18], "size": [2, 1, 1], "inflate": 0.003, "pivot": [1.1, 30.9, -18], "rotation": [-39, 0, 0], "uv": [66, 19]},
						{"origin": [-1.3, 32.6, -17.2], "size": [1, 1, 1], "inflate": -0.2, "pivot": [-1.1, 33.4, 0], "rotation": [4, 0, 0], "uv": [59, 73]},
						{"origin": [0.3, 32.6, -17.2], "size": [1, 1, 1], "inflate": -0.2, "pivot": [1.1, 33.4, 0], "rotation": [4, 0, 0], "uv": [72, 19]},
						{"origin": [-0.9, 30, -2.55], "size": [2, 2, 1], "inflate": -0.003, "pivot": [1.1, 31, -2.55], "rotation": [55.5, 0, 0], "uv": [100, 63]},
						{"origin": [0.1, 27.7, 2.75], "size": [1, 1, 1], "inflate": -0.001, "pivot": [1.1, 28.7, 2.75], "rotation": [-49, 0, 0], "uv": [70, 46]},
						{"origin": [-0.8, 27.2, -1.25], "size": [2, 1, 4], "inflate": -0.099, "uv": [56, 62]},
						{"origin": [0.1, 27.6, -17.05], "size": [1, 1, 1], "inflate": -0.001, "pivot": [1.1, 28.6, -17.05], "rotation": [-47, 0, 0], "uv": [16, 68]},
						{"origin": [-1.1, 27.6, -17.05], "size": [2, 1, 1], "pivot": [-1.1, 28.6, -17.05], "rotation": [-47, 0, 0], "uv": [66, 16]},
						{"origin": [0.3, 32.1, -11.8], "size": [1, 1, 12], "inflate": -0.201, "pivot": [1.1, 33.4, 0], "rotation": [4, 0, 0], "uv": [142, 22]},
						{"origin": [0.3, 31.6, -4.8], "size": [1, 1, 5], "inflate": -0.198, "pivot": [1.1, 33.4, 0], "rotation": [4, 0, 0], "uv": [100, 0]},
						{"origin": [-1.3, 32.1, -11.8], "size": [1, 1, 12], "inflate": -0.201, "pivot": [-1.1, 33.4, 0], "rotation": [4, 0, 0], "uv": [137, 141]},
						{"origin": [-1.3, 31.6, -4.8], "size": [1, 1, 5], "inflate": -0.198, "pivot": [-1.1, 33.4, 0], "rotation": [4, 0, 0], "uv": [23, 99]},
						{"origin": [-1.3, 32.6, -1.8], "size": [1, 1, 2], "inflate": -0.199, "pivot": [-1.1, 33.4, 0], "rotation": [64, 0, 0], "uv": [100, 18]},
						{"origin": [-1.3, 32.3, -1.8], "size": [1, 1, 2], "inflate": -0.201, "pivot": [-1.1, 33.4, 0], "rotation": [64, 0, 0], "uv": [91, 93]},
						{"origin": [0.3, 32.6, -1.8], "size": [1, 1, 2], "inflate": -0.199, "pivot": [1.1, 33.4, 0], "rotation": [64, 0, 0], "uv": [93, 88]},
						{"origin": [0.3, 32.3, -1.8], "size": [1, 1, 2], "inflate": -0.201, "pivot": [1.1, 33.4, 0], "rotation": [64, 0, 0], "uv": [85, 93]},
						{"origin": [0.3, 31.2, -0.6], "size": [1, 2, 1], "inflate": -0.197, "pivot": [1.1, 33, 0.8], "rotation": [30, 0, 0], "uv": [43, 26]},
						{"origin": [-1.3, 31.2, -0.6], "size": [1, 2, 1], "inflate": -0.197, "pivot": [-1.1, 33, 0.8], "rotation": [30, 0, 0], "uv": [43, 0]},
						{"origin": [-1.1, 27, -0.2], "size": [2, 5, 1], "inflate": 0.001, "pivot": [-1.1, 33, 0.8], "rotation": [30, 0, 0], "uv": [0, 64]},
						{"origin": [0.1, 27, -0.2], "size": [1, 5, 1], "inflate": -0.002, "pivot": [1.1, 33, 0.8], "rotation": [30, 0, 0], "uv": [16, 90]},
						{"origin": [-0.5, 27.9, 1.4], "size": [1, 1, 1], "uv": [12, 68]},
						{"origin": [-0.7, 31.5, -1], "size": [2, 1, 1], "inflate": -0.1, "pivot": [1.3, 32.5, 0], "rotation": [4, 0, 0], "uv": [65, 42]},
						{"origin": [-1.5, 31, -1.4], "size": [1, 2, 2], "inflate": -0.2, "pivot": [-0.5, 32, 0.6], "rotation": [4, 0, 0], "uv": [54, 84]},
						{"origin": [-1.1, 30.4, -1.7], "size": [1, 1, 1], "inflate": -0.001, "uv": [68, 0]},
						{"origin": [0.1, 31.5, -1.05], "size": [1, 2, 1], "inflate": -0.3, "uv": [37, 26]},
						{"origin": [-1.1, 31.5, -1.05], "size": [1, 2, 1], "inflate": -0.3, "uv": [37, 0]},
						{"origin": [-0.3, 32.9, -1.05], "size": [1, 1, 1], "inflate": -0.3, "uv": [67, 39]},
						{"origin": [-0.7, 32.9, -1.05], "size": [1, 1, 1], "inflate": -0.3, "uv": [67, 37]},
						{"origin": [-1.1, 32.9, -1.05], "size": [1, 1, 1], "inflate": -0.301, "pivot": [-0.4, 33.6, -0.75], "rotation": [0, 0, -45], "uv": [67, 4]},
						{"origin": [0.1, 32.9, -1.05], "size": [1, 1, 1], "inflate": -0.301, "pivot": [0.4, 33.6, -0.75], "rotation": [0, 0, 45], "uv": [39, 66]},
						{"origin": [0.1, 31.7, -1.05], "size": [1, 1, 1], "inflate": -0.301, "pivot": [0.4, 32, -0.75], "rotation": [0, 0, -45], "uv": [65, 54]},
						{"origin": [-1.1, 31.7, -1.05], "size": [1, 1, 1], "inflate": -0.301, "pivot": [-0.4, 32, -0.75], "rotation": [0, 0, 45], "uv": [65, 50]},
						{"origin": [0.95, 23.95, -18], "size": [1, 2, 23], "pivot": [1.95, 23.95, -18], "rotation": [0, 0, -11], "uv": [0, 24]},
						{"origin": [0.75, 25.67, -18], "size": [1, 1, 23], "inflate": -0.001, "pivot": [0.2, 26.64, -18], "rotation": [0, 0, 29], "uv": [25, 26]},
						{"origin": [-0.05, 23.95, -18], "size": [2, 1, 23], "pivot": [1.95, 23.95, -18], "rotation": [0, 0, -61.5], "uv": [0, 0]},
						{"origin": [0.7, 24.55, -14.75], "size": [1, 2, 3], "inflate": -0.002, "uv": [49, 50]},
						{"origin": [0.1, 25.9, 2], "size": [1, 1, 1], "inflate": -0.005, "pivot": [1.1, 26.9, 2], "rotation": [-24, 0, 0], "uv": [49, 65]},
						{"origin": [0.1, 25.55, 1.5], "size": [1, 1, 4], "inflate": -0.003, "uv": [10, 49]},
						{"origin": [-1.1, 25.55, 2], "size": [2, 1, 3], "inflate": -0.001, "uv": [25, 30]},
						{"origin": [-1.1, 25.9, 2], "size": [2, 1, 1], "inflate": -0.004, "pivot": [-1.1, 26.9, 2], "rotation": [-24, 0, 0], "uv": [60, 19]},
						{"origin": [-1.95, 23.95, -7], "size": [1, 2, 12], "pivot": [-1.95, 23.95, -18], "rotation": [0, 0, 11], "uv": [97, 140]},
						{"origin": [-1.75, 25.67, -7], "size": [1, 1, 12], "inflate": -0.001, "pivot": [-0.2, 26.64, -18], "rotation": [0, 0, -29], "uv": [30, 141]},
						{"origin": [-2.4, 24.2, -7.4], "size": [2, 2, 3], "pivot": [-2.4, 24.2, -6.4], "rotation": [0, -33, 25], "uv": [38, 35]},
						{"origin": [-2.4, 26.2, -15.6], "size": [1, 1, 9], "inflate": -0.001, "pivot": [-2.4, 24.2, -16.5], "rotation": [0, 0, 25], "uv": [75, 46]},
						{"origin": [-2.4, 24.2, -7.5], "size": [1, 3, 1], "pivot": [-2.4, 24.2, -7.5], "rotation": [0, 0, 25], "uv": [19, 24]},
						{"origin": [-2.3, 25.9, -15.6], "size": [1, 1, 9], "inflate": -0.001, "pivot": [-2.4, 24.2, -16.5], "rotation": [0, 0, 25], "uv": [0, 74]},
						{"origin": [-2.4, 24.2, -16.5], "size": [1, 3, 1], "pivot": [-2.4, 24.2, -16.5], "rotation": [0, 0, 25], "uv": [13, 24]},
						{"origin": [-2.5, 22.2, -16.5], "size": [1, 2, 1], "inflate": 0.001, "pivot": [-2.6, 23.6, -16.5], "rotation": [0, 0, -19], "uv": [30, 35]},
						{"origin": [-2.4, 23.3, -2.95], "size": [3, 2, 8], "inflate": -0.2, "pivot": [-2.4, 23.3, -1.95], "rotation": [1.38249, -12.46915, 7.06579], "uv": [0, 37]},
						{"origin": [0.55, 23, -7], "size": [1, 1, 12], "uv": [123, 140]},
						{"origin": [0.75, 23, -16.75], "size": [1, 1, 10], "inflate": 0.001, "uv": [25, 24]},
						{"origin": [0.85, 22.9, -11.75], "size": [1, 1, 2], "uv": [79, 93]},
						{"origin": [-2.4, 23.3, 3.85], "size": [2, 2, 3], "inflate": -0.4, "pivot": [-2.4, 23.3, -1.95], "rotation": [1.38249, -12.46915, 7.06579], "uv": [38, 15]},
						{"origin": [-2.4, 22.3, 5.85], "size": [2, 3, 1], "inflate": -0.3, "pivot": [-2.4, 23.3, -1.95], "rotation": [1.38249, -12.46915, 7.06579], "uv": [0, 78]},
						{"origin": [-0.8, 24.05, -48.8], "size": [1, 8, 2], "pivot": [-0.8, 32.05, -49.3], "rotation": [0, 0, 2], "uv": [37, 74]},
						{"origin": [-0.2, 24.05, -48.8], "size": [1, 8, 2], "inflate": 0.001, "pivot": [0.8, 32.05, -49.3], "rotation": [0, 0, -2], "uv": [25, 74]},
						{"origin": [-0.2, 31.05, -47.6], "size": [1, 1, 2], "inflate": 0.002, "pivot": [0.8, 32.05, -48.1], "rotation": [0, 0, -2], "uv": [86, 5]},
						{"origin": [-0.8, 31.05, -47.6], "size": [1, 1, 2], "inflate": 0.002, "pivot": [-0.8, 32.05, -48.1], "rotation": [0, 0, 2], "uv": [63, 4]},
						{"origin": [-1, 24.05, -44], "size": [2, 3, 2], "uv": [36, 50]},
						{"origin": [-1, 26.05, -47.75], "size": [2, 1, 4], "inflate": -0.1, "uv": [54, 13]},
						{"origin": [-6.8, 31.05, -45.55], "size": [6, 1, 1], "inflate": -0.002, "pivot": [-0.8, 32.05, -45.55], "rotation": [-88.60015, 34.97556, -87.55894], "uv": [50, 46]},
						{"origin": [0.8, 31.05, -45.55], "size": [6, 1, 1], "inflate": -0.001, "pivot": [0.8, 32.05, -45.55], "rotation": [-88.60015, -34.97556, 87.55894], "uv": [37, 24]},
						{"origin": [-0.5, 30.15, -48.65], "size": [1, 3, 1], "inflate": -0.35, "uv": [19, 15]},
						{"origin": [0.1, 31.1, -48.95], "size": [1, 2, 3], "inflate": -0.301, "pivot": [0.8, 31.9, -48.65], "rotation": [0, 0, 28], "uv": [0, 49]},
						{"origin": [0.52, 32.39, -48.95], "size": [1, 1, 3], "inflate": -0.302, "pivot": [1.2, 32.7, -48.65], "rotation": [0, 0, -15], "uv": [54, 73]},
						{"origin": [0.52, 32.78, -48.95], "size": [1, 1, 3], "inflate": -0.3, "pivot": [1.2, 32.7, -48.65], "rotation": [0, 0, -15], "uv": [12, 64]},
						{"origin": [0.52, 32.98, -48.95], "size": [1, 1, 3], "inflate": -0.301, "pivot": [1.2, 32.7, -48.65], "rotation": [0, 0, -15], "uv": [63, 23]},
						{"origin": [-1.52, 32.98, -48.95], "size": [1, 1, 3], "inflate": -0.301, "pivot": [-1.2, 32.7, -48.65], "rotation": [0, 0, 15], "uv": [63, 0]},
						{"origin": [-1.52, 32.78, -48.95], "size": [1, 1, 3], "inflate": -0.3, "pivot": [-1.2, 32.7, -48.65], "rotation": [0, 0, 15], "uv": [62, 38]},
						{"origin": [-1.52, 32.39, -48.95], "size": [1, 1, 3], "inflate": -0.302, "pivot": [-1.2, 32.7, -48.65], "rotation": [0, 0, 15], "uv": [60, 54]},
						{"origin": [-1.1, 31.1, -48.95], "size": [1, 2, 3], "inflate": -0.301, "pivot": [-0.8, 31.9, -48.65], "rotation": [0, 0, -28], "uv": [14, 37]}
					]
				},
				{
					"name": "bone4",
					"parent": "gun",
					"pivot": [-0.0005, 24.3, -40.55],
					"cubes": [
						{"origin": [-0.829, 22.3, -41.55], "size": [1.657, 4, 2], "inflate": -0.002, "pivot": [-0.0005, 24.3, -40.55], "rotation": [0, 0, 135], "uv": [54, 0]},
						{"origin": [-0.829, 22.3, -41.55], "size": [1.657, 4, 2], "inflate": 0.001, "uv": [27, 50]},
						{"origin": [-0.829, 22.3, -41.55], "size": [1.657, 4, 2], "inflate": -0.001, "pivot": [-0.0005, 24.3, -40.55], "rotation": [0, 0, 90], "uv": [0, 24]},
						{"origin": [-0.829, 22.3, -41.55], "size": [1.657, 4, 2], "pivot": [-0.0005, 24.3, -40.55], "rotation": [0, 0, 45], "uv": [0, 16]}
					]
				},
				{
					"name": "bone3",
					"parent": "gun",
					"pivot": [1.7, 14.35, 30.95],
					"cubes": [
						{"origin": [-0.7, 23.65, 8], "size": [2, 2, 4], "inflate": 0.2, "pivot": [-0.7, 25.65, 8], "rotation": [0, 0, 16], "uv": [0, 99]},
						{"origin": [0, 24.5, 12.15], "size": [2, 2, 21], "pivot": [0, 26.5, 12.15], "rotation": [0, 0, 22], "uv": [79, 93]},
						{"origin": [1.85, 23.75, 12.15], "size": [2, 2, 21], "inflate": 0.001, "pivot": [1.85, 25.75, 12.15], "rotation": [0, 0, 85], "uv": [79, 70]},
						{"origin": [2.02, 21.75, 12.15], "size": [1, 2, 21], "pivot": [2.02, 23.75, 12.15], "rotation": [0, 0, 94], "uv": [0, 99]},
						{"origin": [-2, 24.5, 12.15], "size": [2, 2, 21], "inflate": -0.001, "pivot": [0, 26.5, 12.15], "rotation": [0, 0, -22], "uv": [54, 75]},
						{"origin": [-3.85, 23.75, 12.15], "size": [2, 2, 21], "inflate": 0.001, "pivot": [-1.85, 25.75, 12.15], "rotation": [0, 0, -85], "uv": [75, 0]},
						{"origin": [-3.02, 21.75, 12.15], "size": [1, 2, 21], "pivot": [-2.02, 23.75, 12.15], "rotation": [0, 0, -94], "uv": [50, 98]},
						{"origin": [-1, 19.25, 16.65], "size": [2, 2, 6], "uv": [54, 84]},
						{"origin": [-0.5, 19.75, 16.4], "size": [1, 4, 12], "uv": [73, 98]},
						{"origin": [-0.5, 19.75, 16.4], "size": [1, 4, 1], "inflate": -0.001, "pivot": [0.5, 19.75, 16.4], "rotation": [15, 0, 0], "uv": [27, 15]},
						{"origin": [-1.5, 10.45, 32.4], "size": [3, 16, 1], "inflate": 0.001, "pivot": [1.5, 23.75, 33.4], "rotation": [-9, 0, 0], "uv": [77, 23]},
						{"origin": [-2.1, 10.85, 32.4], "size": [2, 15, 1], "pivot": [-2.1, 23.75, 33.4], "rotation": [-8.99461, -0.31281, -1.9754], "uv": [97, 23]},
						{"origin": [0.1, 10.85, 32.4], "size": [2, 15, 1], "pivot": [2.1, 23.75, 33.4], "rotation": [-8.99461, 0.31281, 1.9754], "uv": [87, 23]},
						{"origin": [-1.6, 13.75, 26.15], "size": [1, 1, 5], "inflate": 0.001, "pivot": [-1.7, 14.35, 30.95], "rotation": [-30.62516, -9.89244, 2.25229], "uv": [87, 98]},
						{"origin": [-1.6, 11.85, 27.85], "size": [1, 1, 5], "inflate": 0.001, "pivot": [-1.7, 14.35, 30.95], "rotation": [-53.51463, -10.29809, 1.44076], "uv": [88, 82]},
						{"origin": [-1.5, 10.85, 23.35], "size": [1, 1, 7], "inflate": 0.001, "pivot": [-1.5, 10.85, 30.35], "rotation": [-54.14954, -3.52249, 4.86023], "uv": [0, 84]},
						{"origin": [-1.4, 12.65, 29.15], "size": [1, 1, 3], "inflate": 0.2, "pivot": [-1.7, 14.35, 30.95], "rotation": [-53.51463, -10.29809, 1.44076], "uv": [60, 50]},
						{"origin": [-0.5, 19.75, 21.4], "size": [1, 2, 11], "inflate": -0.001, "pivot": [0.5, 19.75, 21.4], "rotation": [-30, 0, 0], "uv": [100, 46]},
						{"origin": [-1, 19.25, 22.65], "size": [2, 2, 5], "inflate": -0.001, "pivot": [1, 21.25, 22.65], "rotation": [-46, 0, 0], "uv": [50, 98]},
						{"origin": [-0.5, 20.25, 28.4], "size": [1, 2, 4], "uv": [25, 24]},
						{"origin": [0.6, 11.85, 27.85], "size": [1, 1, 5], "inflate": 0.001, "pivot": [1.7, 14.35, 30.95], "rotation": [-53.51463, 10.29809, -1.44076], "uv": [36, 88]},
						{"origin": [0.5, 10.85, 23.35], "size": [1, 1, 7], "pivot": [1.5, 10.85, 30.35], "rotation": [-54.14954, 3.52249, -4.86023], "uv": [79, 82]},
						{"origin": [0.7, 13.75, 26.15], "size": [1, 1, 5], "inflate": 0.001, "pivot": [1.7, 14.35, 30.95], "rotation": [-30.66518, 10.89166, -2.25951], "uv": [9, 84]},
						{"origin": [-0.5, 21.75, 24.6], "size": [1, 2, 7], "inflate": -0.001, "pivot": [0.5, 19.75, 21.4], "rotation": [-30, 0, 0], "uv": [76, 9]},
						{"origin": [-0.5, 23.75, 27.1], "size": [1, 2, 4], "inflate": -0.001, "pivot": [0.5, 19.75, 21.4], "rotation": [-30, 0, 0], "uv": [13, 24]},
						{"origin": [-1, 18.5, 18.65], "size": [2, 5, 2], "inflate": -0.2, "uv": [27, 0]},
						{"origin": [-0.5, 22.25, 31.9], "size": [1, 1, 1], "uv": [17, 65]},
						{"origin": [-0.5, 10.85, 23.35], "size": [1, 1, 7], "inflate": 0.002, "pivot": [0.5, 10.85, 30.35], "rotation": [-54, 0, 0], "uv": [78, 33]},
						{"origin": [0.4, 12.65, 29.15], "size": [1, 1, 3], "inflate": 0.2, "pivot": [1.7, 14.35, 30.95], "rotation": [-53.51463, 10.29809, -1.44076], "uv": [49, 55]},
						{"origin": [0.6, 13.75, 26.15], "size": [1, 1, 5], "inflate": 0.001, "pivot": [1.7, 14.35, 30.95], "rotation": [-30.62516, 9.89244, -2.25229], "uv": [49, 62]}
					]
				},
				{
					"name": "_cb_scope",
					"parent": "gun",
					"pivot": [0, 30.6, -2.65],
					"cubes": [
						{"origin": [-0.5, 32.15, -7.15], "size": [1, 1, 1], "uv": [17, 63]}
					]
				},
				{
					"name": "rail",
					"parent": "gun",
					"pivot": [1, 13.25, 12],
					"cubes": [
						{"origin": [-1, 32.15, -15.75], "size": [2, 1, 13], "uv": [128, 46]}
					]
				},
				{
					"name": "magazine",
					"parent": "main",
					"pivot": [0.5, 3.75, -10.25],
					"cubes": [
						{"origin": [-1.25, 12.75, -16.25], "size": [3, 9, 7], "uv": [0, 0]},
						{"origin": [-1.25, 6.75, -16.25], "size": [3, 6, 7], "inflate": 0.001, "uv": [0, 24]},
						{"origin": [-1.75, 6.75, -16.25], "size": [1, 6, 7], "inflate": 0.002, "uv": [54, 0]},
						{"origin": [-1.75, 12.75, -16.25], "size": [1, 9, 7], "inflate": 0.001, "uv": [27, 50]}
					]
				},
				{
					"name": "bullet",
					"parent": "magazine",
					"pivot": [0, 21.5, -15.725],
					"cubes": [
						{"origin": [-0.5, 21, -15.725], "size": [1, 1, 6], "inflate": 0.2, "pivot": [0, 21.5, -15.725], "rotation": [0, 0, 21], "uv": [97, 33]}
					]
				},
				{
					"name": "bolt",
					"parent": "main",
					"pivot": [-1.5, 25.5, -15],
					"rotation": [0, 0, 13],
					"cubes": [
						{"origin": [-1.47759, 23.67688, -15.5], "size": [1, 2, 9], "pivot": [-0.5, 23.5, -14], "rotation": [0, 0, 15], "uv": [54, 73]}
					]
				},
				{
					"name": "action",
					"parent": "main",
					"pivot": [0, 26, 3],
					"cubes": [
						{"origin": [-1, 26.4, -6.1], "size": [2, 1, 11], "inflate": -0.1, "uv": [142, 125]},
						{"origin": [-2, 26.55, 4.8], "size": [4, 1, 1], "uv": [37, 6]},
						{"origin": [0, 26.55, 4.8], "size": [2, 1, 1], "inflate": -0.001, "pivot": [2, 26.55, 4.8], "rotation": [0, -25, 0], "uv": [36, 55]},
						{"origin": [-2, 26.55, 4.8], "size": [2, 1, 1], "inflate": -0.001, "pivot": [-2, 26.55, 4.8], "rotation": [0, 24, 0], "uv": [54, 19]}
					]
				},
				{
					"name": "rightarm",
					"parent": "main",
					"pivot": [-4.3, 8.8, 21.8],
					"rotation": [-101.81106, -12.40003, -2.46982],
					"cubes": [
						{"origin": [-8.3, -15.2, 17.8], "size": [8, 24, 8], "uv": [45, 64]}
					]
				},
				{
					"name": "leftarm",
					"parent": "main",
					"pivot": [11.175, 11.75, -8.6],
					"rotation": [-119.67548, 1.92748, -39.89456],
					"cubes": [
						{"origin": [7.175, -12.25, -12.6], "size": [8, 24, 8], "uv": [0, 64]}
					]
				},
				{
					"name": "scope",
					"parent": "main",
					"pivot": [0, 32.8, 5],
					"cubes": [
						{"origin": [-0.5, 32.3, 4.7], "size": [1, 1, 1], "inflate": -0.4, "uv": [64, 64]}
					]
				},
				{
					"name": "muzzleflash",
					"parent": "main",
					"pivot": [0, 24.35, -64.75],
					"cubes": [
						{"origin": [-1, 23.85, -65.05], "size": [1, 1, 1], "inflate": -0.4, "uv": [64, 62]}
					]
				},
				{
					"name": "_camera_",
					"pivot": [6.825, 33.725, 26.45]
				}
			]
		}
	]
}