{
	"format_version": "1.12.0",
	"minecraft:geometry": [
		{
			"description": {
				"identifier": "geometry.unknown",
				"texture_width": 256,
				"texture_height": 256,
				"visible_bounds_width": 11,
				"visible_bounds_height": 4,
				"visible_bounds_offset": [0, 1, 0]
			},
			"bones": [
				{
					"name": "bb_main",
					"pivot": [0, 0, 0]
				},
				{
					"name": "main",
					"pivot": [0, 20, 0]
				},
				{
					"name": "gun",
					"parent": "main",
					"pivot": [1, 11, -1],
					"cubes": [
						{
							"origin": [-2, 5.25, 0],
							"size": [4, 10, 4],
							"inflate": -0.001,
							"pivot": [1, 13.25, 0],
							"rotation": [70, 0, 0],
							"uv": {
								"north": {"uv": [76, 45], "uv_size": [4, 10]},
								"east": {"uv": [76, 56], "uv_size": [4, 10]},
								"south": {"uv": [0, 78], "uv_size": [4, 10]},
								"west": {"uv": [5, 78], "uv_size": [4, 10]},
								"up": {"uv": [93, 39], "uv_size": [4, 4]},
								"down": {"uv": [93, 48], "uv_size": [4, -4]}
							}
						},
						{
							"origin": [-2, 29.5, 0.4],
							"size": [4, 21, 4],
							"pivot": [1, 13.5, -1],
							"rotation": [90, 0, 0],
							"uv": {
								"north": {"uv": [51, 0], "uv_size": [4, 21]},
								"east": {"uv": [51, 22], "uv_size": [4, 21]},
								"south": {"uv": [54, 44], "uv_size": [4, 21]},
								"west": {"uv": [56, 0], "uv_size": [4, 21]},
								"up": {"uv": [88, 94], "uv_size": [4, 4]},
								"down": {"uv": [0, 99], "uv_size": [4, -4]}
							}
						},
						{
							"origin": [1.5, 15.9, -33.75],
							"size": [1, 1, 1],
							"pivot": [2, 16.4, -33.25],
							"rotation": [45, 0, 0],
							"uv": {
								"north": {"uv": [97, 129], "uv_size": [1, 1]},
								"east": {"uv": [101, 129], "uv_size": [1, 1]},
								"south": {"uv": [103, 129], "uv_size": [1, 1]},
								"west": {"uv": [111, 137], "uv_size": [2, 2]},
								"up": {"uv": [107, 129], "uv_size": [1, 1]},
								"down": {"uv": [109, 130], "uv_size": [1, -1]}
							}
						},
						{
							"origin": [1, 46, 3.4],
							"size": [1, 1, 1],
							"pivot": [1, 10, -1],
							"rotation": [90, 0, 0],
							"uv": {
								"north": {"uv": [128, 90], "uv_size": [1, 1]},
								"east": {"uv": [128, 92], "uv_size": [1, 1]},
								"south": {"uv": [128, 96], "uv_size": [1, 1]},
								"west": {"uv": [128, 98], "uv_size": [1, 1]},
								"up": {"uv": [99, 128], "uv_size": [1, 1]},
								"down": {"uv": [128, 101], "uv_size": [1, -1]}
							}
						},
						{
							"origin": [-0.6, 14.45, -38.1],
							"size": [1.2, 31.5, 1.2],
							"pivot": [0, 14.95, -37.5],
							"rotation": [90, 0, 45],
							"uv": {
								"north": {"uv": [51, 74], "uv_size": [1, 32]},
								"east": {"uv": [79, 79], "uv_size": [1, 32]},
								"south": {"uv": [80, 0], "uv_size": [1, 32]},
								"west": {"uv": [81, 33], "uv_size": [1, 32]},
								"up": {"uv": [128, 112], "uv_size": [1, 1]},
								"down": {"uv": [128, 115], "uv_size": [1, -1]}
							}
						},
						{
							"origin": [-0.6, 46.7, -36.1],
							"size": [1.2, 2.5, 1.2],
							"inflate": -0.2,
							"pivot": [0, 14.95, -35.5],
							"rotation": [90, 0, 45],
							"uv": {
								"north": {"uv": [121, 10], "uv_size": [1, 3]},
								"east": {"uv": [12, 121], "uv_size": [1, 3]},
								"south": {"uv": [121, 17], "uv_size": [1, 3]},
								"west": {"uv": [29, 121], "uv_size": [1, 3]},
								"up": {"uv": [76, 129], "uv_size": [1, 1]},
								"down": {"uv": [84, 130], "uv_size": [1, -1]}
							}
						},
						{
							"origin": [-0.85, 40.7, -31.35],
							"size": [1.7, 1, 1.7],
							"inflate": -0.15,
							"pivot": [0, 14.95, -30.5],
							"rotation": [90, 0, 45],
							"uv": {
								"north": {"uv": [123, 65], "uv_size": [2, 1]},
								"east": {"uv": [123, 67], "uv_size": [2, 1]},
								"south": {"uv": [123, 69], "uv_size": [2, 1]},
								"west": {"uv": [70, 123], "uv_size": [2, 1]},
								"up": {"uv": [38, 116], "uv_size": [2, 2]},
								"down": {"uv": [41, 118], "uv_size": [2, -2]}
							}
						},
						{
							"origin": [-0.775, 16.6, -38.3],
							"size": [1.55, 1, 1.6],
							"pivot": [0, 15.1, -37.5],
							"rotation": [90, 0, 45],
							"uv": {
								"north": {"uv": [123, 55], "uv_size": [2, 1]},
								"east": {"uv": [123, 57], "uv_size": [2, 1]},
								"south": {"uv": [123, 59], "uv_size": [2, 1]},
								"west": {"uv": [62, 123], "uv_size": [2, 1]},
								"up": {"uv": [32, 116], "uv_size": [2, 2]},
								"down": {"uv": [35, 118], "uv_size": [2, -2]}
							}
						},
						{
							"origin": [-0.775, 46.1, -36.3],
							"size": [1.55, 1.5, 1.6],
							"pivot": [0, 15.1, -35.5],
							"rotation": [90, 0, 45],
							"uv": {
								"north": {"uv": [16, 117], "uv_size": [2, 2]},
								"east": {"uv": [24, 117], "uv_size": [2, 2]},
								"south": {"uv": [117, 31], "uv_size": [2, 2]},
								"west": {"uv": [117, 34], "uv_size": [2, 2]},
								"up": {"uv": [117, 41], "uv_size": [2, 2]},
								"down": {"uv": [117, 46], "uv_size": [2, -2]}
							}
						},
						{
							"origin": [-0.775, 17.1, -59.3],
							"size": [1.55, 1, 1.6],
							"pivot": [0, 15.1, -58.5],
							"rotation": [90, 0, 45],
							"uv": {
								"north": {"uv": [123, 71], "uv_size": [2, 1]},
								"east": {"uv": [123, 73], "uv_size": [2, 1]},
								"south": {"uv": [123, 84], "uv_size": [2, 1]},
								"west": {"uv": [123, 86], "uv_size": [2, 1]},
								"up": {"uv": [49, 116], "uv_size": [2, 2]},
								"down": {"uv": [74, 118], "uv_size": [2, -2]}
							}
						},
						{
							"origin": [-2, 46, 3.4],
							"size": [1, 1, 1],
							"pivot": [-2, 10, -1],
							"rotation": [90, 0, 0],
							"uv": {
								"north": {"uv": [128, 102], "uv_size": [1, 1]},
								"east": {"uv": [128, 104], "uv_size": [1, 1]},
								"south": {"uv": [128, 106], "uv_size": [1, 1]},
								"west": {"uv": [128, 108], "uv_size": [1, 1]},
								"up": {"uv": [128, 110], "uv_size": [1, 1]},
								"down": {"uv": [111, 129], "uv_size": [1, -1]}
							}
						},
						{
							"origin": [-2, 13.5, -0.6],
							"size": [4, 2, 5],
							"pivot": [1, 13.5, -1],
							"rotation": [90, 0, 0],
							"uv": {
								"north": {"uv": [106, 103], "uv_size": [4, 2]},
								"east": {"uv": [106, 25], "uv_size": [5, 2]},
								"south": {"uv": [106, 106], "uv_size": [4, 2]},
								"west": {"uv": [106, 40], "uv_size": [5, 2]},
								"up": {"uv": [89, 0], "uv_size": [4, 5]},
								"down": {"uv": [5, 94], "uv_size": [4, -5]}
							}
						},
						{
							"origin": [-2, 15.5, 0.4],
							"size": [4, 14, 1],
							"pivot": [1, 13.5, -1],
							"rotation": [90, 0, 0],
							"uv": {
								"north": {"uv": [59, 52], "uv_size": [4, 14]},
								"east": {"uv": [39, 97], "uv_size": [1, 14]},
								"south": {"uv": [61, 0], "uv_size": [4, 14]},
								"west": {"uv": [41, 97], "uv_size": [1, 14]},
								"up": {"uv": [52, 115], "uv_size": [4, 1]},
								"down": {"uv": [115, 53], "uv_size": [4, -1]}
							}
						},
						{
							"origin": [-1.8, 18.95, -6.05],
							"size": [3.6, 14, 3.2],
							"pivot": [2, 18.95, -3],
							"rotation": [90, 0, 0],
							"uv": {
								"north": {"uv": [56, 22], "uv_size": [4, 14]},
								"east": {"uv": [76, 15], "uv_size": [3, 14]},
								"south": {"uv": [59, 37], "uv_size": [4, 14]},
								"west": {"uv": [76, 30], "uv_size": [3, 14]},
								"up": {"uv": [101, 85], "uv_size": [4, 3]},
								"down": {"uv": [102, 3], "uv_size": [4, -3]}
							}
						},
						{
							"origin": [-1, 41.5, 0.4],
							"size": [2, 13, 1],
							"pivot": [1, 17.5, -1],
							"rotation": [90, 0, 0],
							"uv": {
								"north": {"uv": [82, 12], "uv_size": [2, 13]},
								"east": {"uv": [37, 98], "uv_size": [1, 13]},
								"south": {"uv": [83, 26], "uv_size": [2, 13]},
								"west": {"uv": [25, 99], "uv_size": [1, 13]},
								"up": {"uv": [51, 44], "uv_size": [2, 1]},
								"down": {"uv": [107, 21], "uv_size": [2, -1]}
							}
						},
						{
							"origin": [-1, 17.5, 0.4],
							"size": [2, 16, 1],
							"pivot": [1, 17.5, -1],
							"rotation": [90, 0, 0],
							"uv": {
								"north": {"uv": [61, 15], "uv_size": [2, 16]},
								"east": {"uv": [27, 88], "uv_size": [1, 16]},
								"south": {"uv": [81, 79], "uv_size": [2, 16]},
								"west": {"uv": [60, 92], "uv_size": [1, 16]},
								"up": {"uv": [127, 11], "uv_size": [2, 1]},
								"down": {"uv": [127, 23], "uv_size": [2, -1]}
							}
						},
						{
							"origin": [-1, 33.525, 0.4],
							"size": [2, 8, 1],
							"inflate": -0.01,
							"pivot": [1, 17.525, -1],
							"rotation": [90, 0, 0],
							"uv": {
								"north": {"uv": [53, 94], "uv_size": [2, 8]},
								"east": {"uv": [27, 105], "uv_size": [1, 8]},
								"south": {"uv": [5, 95], "uv_size": [2, 8]},
								"west": {"uv": [72, 109], "uv_size": [1, 8]},
								"up": {"uv": [41, 127], "uv_size": [2, 1]},
								"down": {"uv": [127, 44], "uv_size": [2, -1]}
							}
						},
						{
							"origin": [-1, 19.4, -16.75],
							"size": [2, 1, 1],
							"pivot": [0, 19.9, -16.25],
							"rotation": [135, 0, 0],
							"uv": {
								"north": {"uv": [48, 127], "uv_size": [2, 1]},
								"east": {"uv": [125, 129], "uv_size": [1, 1]},
								"south": {"uv": [58, 127], "uv_size": [2, 1]},
								"west": {"uv": [127, 129], "uv_size": [1, 1]},
								"up": {"uv": [61, 127], "uv_size": [2, 1]},
								"down": {"uv": [75, 128], "uv_size": [2, -1]}
							}
						},
						{
							"origin": [0.995, 17.4, -20.5],
							"size": [1.425, 21, 1],
							"pivot": [1, 19.9, -19.5],
							"rotation": [90, 0, 45],
							"uv": {
								"north": {"uv": [72, 87], "uv_size": [1, 21]},
								"east": {"uv": [10, 88], "uv_size": [1, 21]},
								"south": {"uv": [12, 88], "uv_size": [1, 21]},
								"west": {"uv": [88, 12], "uv_size": [1, 21]},
								"up": {"uv": [55, 128], "uv_size": [1, 1]},
								"down": {"uv": [128, 62], "uv_size": [1, -1]}
							}
						},
						{
							"origin": [0.995, 17.4, -4.5],
							"size": [1.425, 2, 1],
							"pivot": [1, 19.9, -3.5],
							"rotation": [90, 0, 45],
							"uv": {
								"north": {"uv": [99, 8], "uv_size": [1, 2]},
								"east": {"uv": [91, 99], "uv_size": [1, 2]},
								"south": {"uv": [55, 117], "uv_size": [1, 2]},
								"west": {"uv": [92, 122], "uv_size": [1, 2]},
								"up": {"uv": [70, 128], "uv_size": [1, 1]},
								"down": {"uv": [72, 129], "uv_size": [1, -1]}
							}
						},
						{
							"origin": [-2.42, 17.4, -4.5],
							"size": [1.425, 2, 1],
							"pivot": [-1, 19.9, -3.5],
							"rotation": [90, 0, -45],
							"uv": {
								"north": {"uv": [123, 0], "uv_size": [1, 2]},
								"east": {"uv": [123, 3], "uv_size": [1, 2]},
								"south": {"uv": [123, 10], "uv_size": [1, 2]},
								"west": {"uv": [14, 123], "uv_size": [1, 2]},
								"up": {"uv": [128, 81], "uv_size": [1, 1]},
								"down": {"uv": [82, 129], "uv_size": [1, -1]}
							}
						},
						{
							"origin": [0.995, 24.4, 0.5],
							"size": [1.125, 14, 1],
							"pivot": [1, 19.9, 1.5],
							"rotation": [90, 0, 45],
							"uv": {
								"north": {"uv": [74, 97], "uv_size": [1, 14]},
								"east": {"uv": [76, 97], "uv_size": [1, 14]},
								"south": {"uv": [97, 96], "uv_size": [1, 14]},
								"west": {"uv": [29, 98], "uv_size": [1, 14]},
								"up": {"uv": [66, 128], "uv_size": [1, 1]},
								"down": {"uv": [68, 129], "uv_size": [1, -1]}
							}
						},
						{
							"origin": [-2.12, 24.4, 0.5],
							"size": [1.125, 14, 1],
							"pivot": [-1, 19.9, 1.5],
							"rotation": [90, 0, -45],
							"uv": {
								"north": {"uv": [98, 29], "uv_size": [1, 14]},
								"east": {"uv": [31, 98], "uv_size": [1, 14]},
								"south": {"uv": [33, 98], "uv_size": [1, 14]},
								"west": {"uv": [35, 98], "uv_size": [1, 14]},
								"up": {"uv": [128, 79], "uv_size": [1, 1]},
								"down": {"uv": [80, 129], "uv_size": [1, -1]}
							}
						},
						{
							"origin": [-2.42, 17.4, -20.5],
							"size": [1.425, 21, 1],
							"pivot": [-1, 19.9, -19.5],
							"rotation": [90, 0, -45],
							"uv": {
								"north": {"uv": [14, 88], "uv_size": [1, 21]},
								"east": {"uv": [16, 88], "uv_size": [1, 21]},
								"south": {"uv": [18, 88], "uv_size": [1, 21]},
								"west": {"uv": [20, 88], "uv_size": [1, 21]},
								"up": {"uv": [128, 63], "uv_size": [1, 1]},
								"down": {"uv": [64, 129], "uv_size": [1, -1]}
							}
						},
						{
							"origin": [-1.5, 12.75, -2.6],
							"size": [3, 14.25, 1],
							"pivot": [0.5, 13.75, -3],
							"rotation": [90, 0, 0],
							"uv": {
								"north": {"uv": [75, 75], "uv_size": [3, 14]},
								"east": {"uv": [8, 95], "uv_size": [1, 14]},
								"south": {"uv": [76, 0], "uv_size": [3, 14]},
								"west": {"uv": [81, 96], "uv_size": [1, 14]},
								"up": {"uv": [120, 23], "uv_size": [3, 1]},
								"down": {"uv": [120, 77], "uv_size": [3, -1]}
							}
						},
						{
							"origin": [-1.25, 19.25, -4.35],
							"size": [2.5, 1, 2.75],
							"inflate": -0.25,
							"pivot": [0.5, 13, -3],
							"rotation": [90, 0, 0],
							"uv": {
								"north": {"uv": [121, 63], "uv_size": [3, 1]},
								"east": {"uv": [70, 121], "uv_size": [3, 1]},
								"south": {"uv": [121, 78], "uv_size": [3, 1]},
								"west": {"uv": [121, 80], "uv_size": [3, 1]},
								"up": {"uv": [106, 43], "uv_size": [3, 3]},
								"down": {"uv": [106, 50], "uv_size": [3, -3]}
							}
						},
						{
							"origin": [-1.25, 20, 0.3],
							"size": [2.5, 1, 3.5],
							"inflate": -0.25,
							"pivot": [0.5, 13.75, 2.4],
							"rotation": [90, 0, 0],
							"uv": {
								"north": {"uv": [122, 14], "uv_size": [3, 1]},
								"east": {"uv": [20, 122], "uv_size": [3, 1]},
								"south": {"uv": [122, 25], "uv_size": [3, 1]},
								"west": {"uv": [122, 27], "uv_size": [3, 1]},
								"up": {"uv": [106, 51], "uv_size": [3, 3]},
								"down": {"uv": [106, 58], "uv_size": [3, -3]}
							}
						},
						{
							"origin": [-1.25, 11.65, -4.35],
							"size": [2.5, 1, 3.5],
							"inflate": -0.251,
							"pivot": [0, 11.9, -4.1],
							"rotation": [71, 0, 0],
							"uv": {
								"north": {"uv": [122, 29], "uv_size": [3, 1]},
								"east": {"uv": [95, 118], "uv_size": [4, 1]},
								"south": {"uv": [48, 122], "uv_size": [3, 1]},
								"west": {"uv": [119, 8], "uv_size": [4, 1]},
								"up": {"uv": [103, 71], "uv_size": [3, 4]},
								"down": {"uv": [3, 108], "uv_size": [3, -4]}
							}
						},
						{
							"origin": [-1.25, 11.15, -4.35],
							"size": [2.5, 1, 2],
							"inflate": -0.251,
							"pivot": [0, 11.9, -4.1],
							"rotation": [-135, 0, 0],
							"uv": {
								"north": {"uv": [121, 82], "uv_size": [3, 1]},
								"east": {"uv": [125, 33], "uv_size": [2, 1]},
								"south": {"uv": [103, 121], "uv_size": [3, 1]},
								"west": {"uv": [125, 35], "uv_size": [2, 1]},
								"up": {"uv": [33, 113], "uv_size": [3, 2]},
								"down": {"uv": [113, 37], "uv_size": [3, -2]}
							}
						},
						{
							"origin": [-1.25, 12.15, -4.85],
							"size": [2.5, 1.5, 2],
							"inflate": -0.251,
							"pivot": [0, 13.4, -4.6],
							"rotation": [135, 0, 0],
							"uv": {
								"north": {"uv": [110, 113], "uv_size": [3, 2]},
								"east": {"uv": [118, 78], "uv_size": [2, 2]},
								"south": {"uv": [113, 110], "uv_size": [3, 2]},
								"west": {"uv": [118, 81], "uv_size": [2, 2]},
								"up": {"uv": [114, 78], "uv_size": [3, 2]},
								"down": {"uv": [114, 83], "uv_size": [3, -2]}
							}
						},
						{
							"origin": [-1.25, 11.15, -11.75],
							"size": [2.5, 1, 2],
							"inflate": -0.251,
							"pivot": [0, 11.9, -10],
							"rotation": [135, 0, 0],
							"uv": {
								"north": {"uv": [0, 122], "uv_size": [3, 1]},
								"east": {"uv": [36, 125], "uv_size": [2, 1]},
								"south": {"uv": [4, 122], "uv_size": [3, 1]},
								"west": {"uv": [125, 37], "uv_size": [2, 1]},
								"up": {"uv": [113, 42], "uv_size": [3, 2]},
								"down": {"uv": [113, 47], "uv_size": [3, -2]}
							}
						},
						{
							"origin": [-1.25, 11.65, -11.25],
							"size": [2.5, 2, 2.25],
							"inflate": -0.251,
							"pivot": [0, 13.4, -9.5],
							"rotation": [-135, 0, 0],
							"uv": {
								"north": {"uv": [83, 113], "uv_size": [3, 2]},
								"east": {"uv": [68, 118], "uv_size": [2, 2]},
								"south": {"uv": [113, 87], "uv_size": [3, 2]},
								"west": {"uv": [71, 118], "uv_size": [2, 2]},
								"up": {"uv": [113, 90], "uv_size": [3, 2]},
								"down": {"uv": [113, 109], "uv_size": [3, -2]}
							}
						},
						{
							"origin": [-1.25, 10.09289, -13.96789],
							"size": [2.5, 1, 4.275],
							"inflate": -0.25,
							"pivot": [0, 10.84289, -9.44289],
							"rotation": [180, 0, 0],
							"uv": {
								"north": {"uv": [107, 121], "uv_size": [3, 1]},
								"east": {"uv": [118, 21], "uv_size": [4, 1]},
								"south": {"uv": [120, 121], "uv_size": [3, 1]},
								"west": {"uv": [118, 65], "uv_size": [4, 1]},
								"up": {"uv": [103, 28], "uv_size": [3, 4]},
								"down": {"uv": [103, 70], "uv_size": [3, -4]}
							}
						},
						{
							"origin": [-0.75, 13.59289, -6.94289],
							"size": [1.5, 1, 3.275],
							"inflate": -0.25,
							"pivot": [0, 14.09289, -5.80539],
							"rotation": [-115, 0, 0],
							"uv": {
								"north": {"uv": [41, 125], "uv_size": [2, 1]},
								"east": {"uv": [74, 122], "uv_size": [3, 1]},
								"south": {"uv": [125, 41], "uv_size": [2, 1]},
								"west": {"uv": [78, 122], "uv_size": [3, 1]},
								"up": {"uv": [59, 114], "uv_size": [2, 3]},
								"down": {"uv": [114, 96], "uv_size": [2, -3]}
							}
						},
						{
							"origin": [-1.25, 10.9, -3.85],
							"size": [2.5, 4.25, 1.5],
							"inflate": -0.25,
							"pivot": [0.5, 13.9, -3.1],
							"rotation": [90, 0, 0],
							"uv": {
								"north": {"uv": [102, 97], "uv_size": [3, 4]},
								"east": {"uv": [46, 110], "uv_size": [2, 4]},
								"south": {"uv": [102, 102], "uv_size": [3, 4]},
								"west": {"uv": [53, 110], "uv_size": [2, 4]},
								"up": {"uv": [29, 113], "uv_size": [3, 2]},
								"down": {"uv": [113, 34], "uv_size": [3, -2]}
							}
						},
						{
							"origin": [-2, 14.15, -16.25],
							"size": [4, 1.5, 1],
							"inflate": -0.001,
							"pivot": [0.5, 14.15, -16.25],
							"rotation": [90, 0, 0],
							"uv": {
								"north": {"uv": [107, 38], "uv_size": [4, 1]},
								"east": {"uv": [53, 128], "uv_size": [1, 1]},
								"south": {"uv": [115, 23], "uv_size": [4, 1]},
								"west": {"uv": [128, 53], "uv_size": [1, 1]},
								"up": {"uv": [115, 48], "uv_size": [4, 1]},
								"down": {"uv": [115, 51], "uv_size": [4, -1]}
							}
						},
						{
							"origin": [-2, 14.15, -17.75],
							"size": [4, 1.5, 1],
							"inflate": -0.002,
							"pivot": [0.5, 14.15, -17.75],
							"rotation": [45, 0, 0],
							"uv": {
								"north": {"uv": [115, 54], "uv_size": [4, 1]},
								"east": {"uv": [128, 83], "uv_size": [1, 1]},
								"south": {"uv": [115, 56], "uv_size": [4, 1]},
								"west": {"uv": [128, 88], "uv_size": [1, 1]},
								"up": {"uv": [115, 58], "uv_size": [4, 1]},
								"down": {"uv": [115, 61], "uv_size": [4, -1]}
							}
						},
						{
							"origin": [-0.9, 50.5, 1.4],
							"size": [1.8, 2, 4],
							"pivot": [1, 13.5, -1],
							"rotation": [90, 0, 0],
							"uv": {
								"north": {"uv": [115, 12], "uv_size": [2, 2]},
								"east": {"uv": [106, 97], "uv_size": [4, 2]},
								"south": {"uv": [115, 20], "uv_size": [2, 2]},
								"west": {"uv": [106, 100], "uv_size": [4, 2]},
								"up": {"uv": [61, 32], "uv_size": [2, 4]},
								"down": {"uv": [95, 33], "uv_size": [2, -4]}
							}
						},
						{
							"origin": [-1.1, 47.725, 4.4],
							"size": [2.2, 1, 1],
							"pivot": [1, 9.725, -1],
							"rotation": [90, 0, 0],
							"uv": {
								"north": {"uv": [123, 51], "uv_size": [2, 1]},
								"east": {"uv": [128, 116], "uv_size": [1, 1]},
								"south": {"uv": [52, 123], "uv_size": [2, 1]},
								"west": {"uv": [128, 118], "uv_size": [1, 1]},
								"up": {"uv": [123, 53], "uv_size": [2, 1]},
								"down": {"uv": [55, 124], "uv_size": [2, -1]}
							}
						},
						{
							"origin": [-1.1, 77.225, 6.4],
							"size": [2.2, 1.5, 2.75],
							"pivot": [1, 9.725, 1],
							"rotation": [90, 0, 0],
							"uv": {
								"north": {"uv": [52, 117], "uv_size": [2, 2]},
								"east": {"uv": [112, 25], "uv_size": [3, 2]},
								"south": {"uv": [117, 86], "uv_size": [2, 2]},
								"west": {"uv": [103, 112], "uv_size": [3, 2]},
								"up": {"uv": [107, 112], "uv_size": [2, 3]},
								"down": {"uv": [0, 116], "uv_size": [2, -3]}
							}
						},
						{
							"origin": [-0.95, 81.725, 6.4],
							"size": [1.9, 1.5, 1.75],
							"pivot": [1, 14.225, 1],
							"rotation": [90, 0, 0],
							"uv": {
								"north": {"uv": [118, 2], "uv_size": [2, 2]},
								"east": {"uv": [118, 5], "uv_size": [2, 2]},
								"south": {"uv": [118, 11], "uv_size": [2, 2]},
								"west": {"uv": [118, 18], "uv_size": [2, 2]},
								"up": {"uv": [118, 37], "uv_size": [2, 2]},
								"down": {"uv": [46, 120], "uv_size": [2, -2]}
							}
						},
						{
							"origin": [-0.48244, 20.90455, -68.275],
							"size": [1, 1, 3],
							"inflate": -0.4,
							"pivot": [0.01756, 21.40455, -67.4],
							"rotation": [90, 45, -1],
							"uv": {
								"north": {"uv": [88, 129], "uv_size": [1, 1]},
								"east": {"uv": [121, 37], "uv_size": [3, 1]},
								"south": {"uv": [90, 129], "uv_size": [1, 1]},
								"west": {"uv": [44, 121], "uv_size": [3, 1]},
								"up": {"uv": [58, 121], "uv_size": [1, 3]},
								"down": {"uv": [60, 124], "uv_size": [1, -3]}
							}
						},
						{
							"origin": [-0.53244, 20.85455, -69.025],
							"size": [1.1, 1.1, 3],
							"inflate": -0.4,
							"pivot": [0.01756, 21.40455, -67.4],
							"rotation": [90, 45, -1],
							"uv": {
								"north": {"uv": [92, 129], "uv_size": [1, 1]},
								"east": {"uv": [121, 61], "uv_size": [3, 1]},
								"south": {"uv": [129, 94], "uv_size": [1, 1]},
								"west": {"uv": [62, 121], "uv_size": [3, 1]},
								"up": {"uv": [66, 121], "uv_size": [1, 3]},
								"down": {"uv": [68, 124], "uv_size": [1, -3]}
							}
						},
						{
							"origin": [-1.425, 20.275, -68.1],
							"size": [1.1, 2.2, 1.7],
							"inflate": -0.35,
							"pivot": [-1.025, 21.375, -67.25],
							"rotation": [90, 0, -44],
							"uv": {
								"north": {"uv": [125, 10], "uv_size": [1, 2]},
								"east": {"uv": [59, 118], "uv_size": [2, 2]},
								"south": {"uv": [16, 125], "uv_size": [1, 2]},
								"west": {"uv": [62, 118], "uv_size": [2, 2]},
								"up": {"uv": [23, 125], "uv_size": [1, 2]},
								"down": {"uv": [25, 127], "uv_size": [1, -2]}
							}
						},
						{
							"origin": [-1.77233, 20.60967, -67.6],
							"size": [1.1, 2.2, 1.7],
							"inflate": -0.35,
							"pivot": [-1.39733, 21.70967, -67.25],
							"rotation": [90, 0, 1],
							"uv": {
								"north": {"uv": [97, 126], "uv_size": [1, 2]},
								"east": {"uv": [55, 120], "uv_size": [2, 2]},
								"south": {"uv": [102, 126], "uv_size": [1, 2]},
								"west": {"uv": [120, 55], "uv_size": [2, 2]},
								"up": {"uv": [104, 126], "uv_size": [1, 2]},
								"down": {"uv": [126, 106], "uv_size": [1, -2]}
							}
						},
						{
							"origin": [-1.75488, 21.60952, -67.625],
							"size": [1, 2.2, 1.45],
							"inflate": -0.35,
							"pivot": [-1.37988, 22.70952, -67.25],
							"rotation": [90, 0, 46],
							"uv": {
								"north": {"uv": [106, 126], "uv_size": [1, 2]},
								"east": {"uv": [126, 107], "uv_size": [1, 2]},
								"south": {"uv": [126, 110], "uv_size": [1, 2]},
								"west": {"uv": [113, 126], "uv_size": [1, 2]},
								"up": {"uv": [117, 129], "uv_size": [1, 1]},
								"down": {"uv": [119, 130], "uv_size": [1, -1]}
							}
						},
						{
							"origin": [0.325, 20.275, -68.1],
							"size": [1.1, 2.2, 1.7],
							"inflate": -0.35,
							"pivot": [1.025, 21.375, -67.25],
							"rotation": [90, 0, 44],
							"uv": {
								"north": {"uv": [20, 127], "uv_size": [1, 2]},
								"east": {"uv": [120, 70], "uv_size": [2, 2]},
								"south": {"uv": [27, 127], "uv_size": [1, 2]},
								"west": {"uv": [120, 73], "uv_size": [2, 2]},
								"up": {"uv": [33, 127], "uv_size": [1, 2]},
								"down": {"uv": [35, 129], "uv_size": [1, -2]}
							}
						},
						{
							"origin": [0.67233, 20.60967, -67.6],
							"size": [1.1, 2.2, 1.7],
							"inflate": -0.35,
							"pivot": [1.39733, 21.70967, -67.25],
							"rotation": [90, 0, -1],
							"uv": {
								"north": {"uv": [0, 127], "uv_size": [1, 2]},
								"east": {"uv": [120, 58], "uv_size": [2, 2]},
								"south": {"uv": [127, 8], "uv_size": [1, 2]},
								"west": {"uv": [120, 67], "uv_size": [2, 2]},
								"up": {"uv": [10, 127], "uv_size": [1, 2]},
								"down": {"uv": [18, 129], "uv_size": [1, -2]}
							}
						},
						{
							"origin": [0.75488, 21.60952, -67.625],
							"size": [1, 2.2, 1.45],
							"inflate": -0.35,
							"pivot": [1.37988, 22.70952, -67.25],
							"rotation": [90, 0, -46],
							"uv": {
								"north": {"uv": [126, 113], "uv_size": [1, 2]},
								"east": {"uv": [126, 116], "uv_size": [1, 2]},
								"south": {"uv": [126, 119], "uv_size": [1, 2]},
								"west": {"uv": [122, 126], "uv_size": [1, 2]},
								"up": {"uv": [121, 129], "uv_size": [1, 1]},
								"down": {"uv": [123, 130], "uv_size": [1, -1]}
							}
						},
						{
							"origin": [-0.9, 16.4, -41.5],
							"size": [1.8, 2, 4],
							"pivot": [0, 17.9, -39.5],
							"rotation": [90, 0, 90],
							"uv": {
								"north": {"uv": [116, 8], "uv_size": [2, 2]},
								"east": {"uv": [90, 109], "uv_size": [4, 2]},
								"south": {"uv": [116, 15], "uv_size": [2, 2]},
								"west": {"uv": [105, 109], "uv_size": [4, 2]},
								"up": {"uv": [59, 109], "uv_size": [2, 4]},
								"down": {"uv": [110, 4], "uv_size": [2, -4]}
							}
						},
						{
							"origin": [-0.775, 16.4, -41.55],
							"size": [1.55, 2, 4.1],
							"pivot": [0, 17.9, -39.5],
							"rotation": [90, 0, 45],
							"uv": {
								"north": {"uv": [21, 116], "uv_size": [2, 2]},
								"east": {"uv": [110, 5], "uv_size": [4, 2]},
								"south": {"uv": [116, 25], "uv_size": [2, 2]},
								"west": {"uv": [8, 110], "uv_size": [4, 2]},
								"up": {"uv": [110, 8], "uv_size": [2, 4]},
								"down": {"uv": [13, 114], "uv_size": [2, -4]}
							}
						},
						{
							"origin": [-0.775, 16.4, -41.55],
							"size": [1.55, 2, 4.1],
							"pivot": [0, 17.9, -39.5],
							"rotation": [90, 0, -45],
							"uv": {
								"north": {"uv": [116, 28], "uv_size": [2, 2]},
								"east": {"uv": [110, 13], "uv_size": [4, 2]},
								"south": {"uv": [29, 116], "uv_size": [2, 2]},
								"west": {"uv": [16, 110], "uv_size": [4, 2]},
								"up": {"uv": [110, 16], "uv_size": [2, 4]},
								"down": {"uv": [110, 32], "uv_size": [2, -4]}
							}
						},
						{
							"origin": [-0.9, 15.9, -61.5],
							"size": [1.8, 3, 4],
							"pivot": [0, 17.9, -59.5],
							"rotation": [90, 0, 90],
							"uv": {
								"north": {"uv": [49, 112], "uv_size": [2, 3]},
								"east": {"uv": [91, 102], "uv_size": [4, 3]},
								"south": {"uv": [112, 54], "uv_size": [2, 3]},
								"west": {"uv": [102, 93], "uv_size": [4, 3]},
								"up": {"uv": [110, 33], "uv_size": [2, 4]},
								"down": {"uv": [110, 47], "uv_size": [2, -4]}
							}
						},
						{
							"origin": [-0.15, 17.4, -54],
							"size": [1.5, 1, 1],
							"pivot": [0.6, 17.9, -55],
							"rotation": [112.5, 0, 90],
							"uv": {
								"north": {"uv": [125, 0], "uv_size": [2, 1]},
								"east": {"uv": [129, 85], "uv_size": [1, 1]},
								"south": {"uv": [125, 2], "uv_size": [2, 1]},
								"west": {"uv": [86, 129], "uv_size": [1, 1]},
								"up": {"uv": [125, 4], "uv_size": [2, 1]},
								"down": {"uv": [10, 126], "uv_size": [2, -1]}
							}
						},
						{
							"origin": [-0.15, 12.65, 16],
							"size": [1, 1, 1],
							"pivot": [0.6, 13.15, 15],
							"rotation": [112.5, 0, 90],
							"uv": {
								"north": {"uv": [130, 21], "uv_size": [1, 1]},
								"east": {"uv": [22, 130], "uv_size": [1, 1]},
								"south": {"uv": [24, 130], "uv_size": [1, 1]},
								"west": {"uv": [26, 130], "uv_size": [1, 1]},
								"up": {"uv": [28, 130], "uv_size": [1, 1]},
								"down": {"uv": [30, 131], "uv_size": [1, -1]}
							}
						},
						{
							"origin": [-1.875, 16.3, -60.375],
							"size": [0, 3, 2],
							"pivot": [-1.875, 17.8, -59],
							"rotation": [90, 0, 62.5],
							"uv": {
								"north": {"uv": [43, 50], "uv_size": [0, 3]},
								"east": {"uv": [90, 112], "uv_size": [2, 3]},
								"south": {"uv": [43, 54], "uv_size": [0, 3]},
								"west": {"uv": [100, 112], "uv_size": [2, 3]},
								"up": {"uv": [43, 58], "uv_size": [0, 2]},
								"down": {"uv": [43, 63], "uv_size": [0, -2]}
							}
						},
						{
							"origin": [-2.625, 15.25, -59.5],
							"size": [1, 3.5, 1],
							"inflate": -0.25,
							"pivot": [-2.125, 17, -59],
							"rotation": [90, 0, 45],
							"uv": {
								"north": {"uv": [44, 116], "uv_size": [1, 4]},
								"east": {"uv": [106, 116], "uv_size": [1, 4]},
								"south": {"uv": [108, 116], "uv_size": [1, 4]},
								"west": {"uv": [110, 116], "uv_size": [1, 4]},
								"up": {"uv": [128, 120], "uv_size": [1, 1]},
								"down": {"uv": [128, 123], "uv_size": [1, -1]}
							}
						},
						{
							"origin": [1.5, 15.25, -59.5],
							"size": [1, 3.5, 1],
							"inflate": -0.25,
							"pivot": [2, 17, -59],
							"rotation": [90, 0, -45],
							"uv": {
								"north": {"uv": [112, 116], "uv_size": [1, 4]},
								"east": {"uv": [0, 117], "uv_size": [1, 4]},
								"south": {"uv": [6, 117], "uv_size": [1, 4]},
								"west": {"uv": [8, 117], "uv_size": [1, 4]},
								"up": {"uv": [128, 124], "uv_size": [1, 1]},
								"down": {"uv": [129, 7], "uv_size": [1, -1]}
							}
						},
						{
							"origin": [-3.175, 17.6, -60.5],
							"size": [1, 1, 2.5],
							"inflate": -0.35,
							"pivot": [-2.675, 18.1, -59],
							"rotation": [-90, 45, 152.5],
							"uv": {
								"north": {"uv": [129, 13], "uv_size": [1, 1]},
								"east": {"uv": [108, 123], "uv_size": [2, 1]},
								"south": {"uv": [129, 15], "uv_size": [1, 1]},
								"west": {"uv": [120, 123], "uv_size": [2, 1]},
								"up": {"uv": [123, 123], "uv_size": [1, 2]},
								"down": {"uv": [0, 126], "uv_size": [1, -2]}
							}
						},
						{
							"origin": [-3.54132, 17.58851, -60.44145],
							"size": [1, 1.25, 1.75],
							"inflate": -0.4,
							"pivot": [-3.05956, 18.87825, -59],
							"rotation": [-112.5, 0, 152.5],
							"uv": {
								"north": {"uv": [47, 129], "uv_size": [1, 1]},
								"east": {"uv": [2, 124], "uv_size": [2, 1]},
								"south": {"uv": [49, 129], "uv_size": [1, 1]},
								"west": {"uv": [5, 124], "uv_size": [2, 1]},
								"up": {"uv": [19, 124], "uv_size": [1, 2]},
								"down": {"uv": [21, 126], "uv_size": [1, -2]}
							}
						},
						{
							"origin": [-3.54132, 17.58851, -60.44145],
							"size": [1, 1.25, 1.75],
							"inflate": -0.4,
							"pivot": [-3.05956, 18.87825, -59],
							"rotation": [67.5, 0, -27.5],
							"uv": {
								"north": {"uv": [129, 55], "uv_size": [1, 1]},
								"east": {"uv": [124, 8], "uv_size": [2, 1]},
								"south": {"uv": [57, 129], "uv_size": [1, 1]},
								"west": {"uv": [124, 22], "uv_size": [2, 1]},
								"up": {"uv": [27, 124], "uv_size": [1, 2]},
								"down": {"uv": [48, 126], "uv_size": [1, -2]}
							}
						},
						{
							"origin": [-3.175, 17.6, -59.75],
							"size": [1, 1, 1.5],
							"inflate": -0.26,
							"pivot": [-2.675, 18.1, -59],
							"rotation": [-90, 45, 152.5],
							"uv": {
								"north": {"uv": [129, 17], "uv_size": [1, 1]},
								"east": {"uv": [129, 38], "uv_size": [1, 1]},
								"south": {"uv": [39, 129], "uv_size": [1, 1]},
								"west": {"uv": [41, 129], "uv_size": [1, 1]},
								"up": {"uv": [43, 129], "uv_size": [1, 1]},
								"down": {"uv": [45, 130], "uv_size": [1, -1]}
							}
						},
						{
							"origin": [-2.375, 13.35, -61],
							"size": [1, 3.5, 2.25],
							"inflate": -0.25,
							"pivot": [-2.15, 15.1, -59],
							"rotation": [90, 0, -45],
							"uv": {
								"north": {"uv": [86, 36], "uv_size": [1, 3]},
								"east": {"uv": [112, 58], "uv_size": [2, 3]},
								"south": {"uv": [3, 100], "uv_size": [1, 3]},
								"west": {"uv": [112, 62], "uv_size": [2, 3]},
								"up": {"uv": [123, 88], "uv_size": [1, 2]},
								"down": {"uv": [123, 93], "uv_size": [1, -2]}
							}
						},
						{
							"origin": [1.375, 13.35, -61],
							"size": [1, 3.5, 2.25],
							"inflate": -0.25,
							"pivot": [2.15, 15.1, -59],
							"rotation": [90, 0, 45],
							"uv": {
								"north": {"uv": [27, 120], "uv_size": [1, 3]},
								"east": {"uv": [80, 112], "uv_size": [2, 3]},
								"south": {"uv": [98, 120], "uv_size": [1, 3]},
								"west": {"uv": [87, 112], "uv_size": [2, 3]},
								"up": {"uv": [104, 123], "uv_size": [1, 2]},
								"down": {"uv": [106, 125], "uv_size": [1, -2]}
							}
						},
						{
							"origin": [-1.13756, 12.11256, -61.05],
							"size": [1, 3.5, 2.3],
							"inflate": -0.25,
							"pivot": [-0.91256, 13.86256, -59],
							"rotation": [90, 0, -90],
							"uv": {
								"north": {"uv": [10, 117], "uv_size": [1, 3]},
								"east": {"uv": [74, 112], "uv_size": [2, 3]},
								"south": {"uv": [42, 119], "uv_size": [1, 3]},
								"west": {"uv": [77, 112], "uv_size": [2, 3]},
								"up": {"uv": [102, 123], "uv_size": [1, 2]},
								"down": {"uv": [123, 104], "uv_size": [1, -2]}
							}
						},
						{
							"origin": [1.375, 17.75, -61.15],
							"size": [1, 1, 2.5],
							"inflate": -0.25,
							"pivot": [1.875, 17, -59],
							"rotation": [90, 0, 0],
							"uv": {
								"north": {"uv": [8, 129], "uv_size": [1, 1]},
								"east": {"uv": [94, 123], "uv_size": [2, 1]},
								"south": {"uv": [129, 8], "uv_size": [1, 1]},
								"west": {"uv": [123, 94], "uv_size": [2, 1]},
								"up": {"uv": [123, 96], "uv_size": [1, 2]},
								"down": {"uv": [123, 101], "uv_size": [1, -2]}
							}
						},
						{
							"origin": [1.375, 15.25, -61.15],
							"size": [1, 1, 2.5],
							"inflate": -0.25,
							"pivot": [1.875, 17, -59],
							"rotation": [90, 0, 0],
							"uv": {
								"north": {"uv": [129, 57], "uv_size": [1, 1]},
								"east": {"uv": [73, 124], "uv_size": [2, 1]},
								"south": {"uv": [59, 129], "uv_size": [1, 1]},
								"west": {"uv": [124, 75], "uv_size": [2, 1]},
								"up": {"uv": [50, 124], "uv_size": [1, 2]},
								"down": {"uv": [76, 126], "uv_size": [1, -2]}
							}
						},
						{
							"origin": [1.375, 15.75, -61.15],
							"size": [1, 2.5, 1.5],
							"inflate": -0.251,
							"pivot": [1.875, 17, -59],
							"rotation": [90, 0, 0],
							"uv": {
								"north": {"uv": [120, 105], "uv_size": [1, 3]},
								"east": {"uv": [120, 109], "uv_size": [1, 3]},
								"south": {"uv": [120, 113], "uv_size": [1, 3]},
								"west": {"uv": [114, 120], "uv_size": [1, 3]},
								"up": {"uv": [129, 59], "uv_size": [1, 1]},
								"down": {"uv": [61, 130], "uv_size": [1, -1]}
							}
						},
						{
							"origin": [-2.375, 15.25, -61.15],
							"size": [1, 1, 2.5],
							"inflate": -0.25,
							"pivot": [-1.875, 17, -59],
							"rotation": [90, 0, 0],
							"uv": {
								"north": {"uv": [129, 73], "uv_size": [1, 1]},
								"east": {"uv": [97, 124], "uv_size": [2, 1]},
								"south": {"uv": [74, 129], "uv_size": [1, 1]},
								"west": {"uv": [113, 124], "uv_size": [2, 1]},
								"up": {"uv": [124, 117], "uv_size": [1, 2]},
								"down": {"uv": [124, 122], "uv_size": [1, -2]}
							}
						},
						{
							"origin": [-2.375, 15.75, -61.15],
							"size": [1, 2.5, 1.5],
							"inflate": -0.25,
							"pivot": [-1.875, 17, -59],
							"rotation": [90, 0, 0],
							"uv": {
								"north": {"uv": [120, 117], "uv_size": [1, 3]},
								"east": {"uv": [121, 0], "uv_size": [1, 3]},
								"south": {"uv": [121, 4], "uv_size": [1, 3]},
								"west": {"uv": [10, 121], "uv_size": [1, 3]},
								"up": {"uv": [129, 69], "uv_size": [1, 1]},
								"down": {"uv": [129, 72], "uv_size": [1, -1]}
							}
						},
						{
							"origin": [-2.375, 17.75, -61.15],
							"size": [1, 1, 2.5],
							"inflate": -0.25,
							"pivot": [-1.875, 17, -59],
							"rotation": [90, 0, 0],
							"uv": {
								"north": {"uv": [129, 65], "uv_size": [1, 1]},
								"east": {"uv": [78, 124], "uv_size": [2, 1]},
								"south": {"uv": [129, 67], "uv_size": [1, 1]},
								"west": {"uv": [84, 124], "uv_size": [2, 1]},
								"up": {"uv": [87, 124], "uv_size": [1, 2]},
								"down": {"uv": [89, 126], "uv_size": [1, -2]}
							}
						},
						{
							"origin": [-0.775, 15.9, -59.55],
							"size": [1.55, 3, 2.1],
							"pivot": [0, 17.9, -59.5],
							"rotation": [90, 0, 45],
							"uv": {
								"north": {"uv": [37, 112], "uv_size": [2, 3]},
								"east": {"uv": [112, 38], "uv_size": [2, 3]},
								"south": {"uv": [40, 112], "uv_size": [2, 3]},
								"west": {"uv": [43, 112], "uv_size": [2, 3]},
								"up": {"uv": [89, 116], "uv_size": [2, 2]},
								"down": {"uv": [100, 118], "uv_size": [2, -2]}
							}
						},
						{
							"origin": [-0.775, 15.9, -59.55],
							"size": [1.55, 3, 2.1],
							"pivot": [0, 17.9, -59.5],
							"rotation": [90, 0, -45],
							"uv": {
								"north": {"uv": [111, 103], "uv_size": [2, 3]},
								"east": {"uv": [3, 112], "uv_size": [2, 3]},
								"south": {"uv": [21, 112], "uv_size": [2, 3]},
								"west": {"uv": [112, 21], "uv_size": [2, 3]},
								"up": {"uv": [83, 116], "uv_size": [2, 2]},
								"down": {"uv": [86, 118], "uv_size": [2, -2]}
							}
						},
						{
							"origin": [-0.9, 50, -16.6],
							"size": [1.8, 3, 2],
							"pivot": [1, 13.5, -21],
							"rotation": [90, 0, 0],
							"uv": {
								"north": {"uv": [68, 111], "uv_size": [2, 3]},
								"east": {"uv": [111, 95], "uv_size": [2, 3]},
								"south": {"uv": [97, 111], "uv_size": [2, 3]},
								"west": {"uv": [111, 99], "uv_size": [2, 3]},
								"up": {"uv": [77, 116], "uv_size": [2, 2]},
								"down": {"uv": [80, 118], "uv_size": [2, -2]}
							}
						},
						{
							"origin": [-0.775, 45.4, -42.4],
							"size": [1.55, 1, 3.8],
							"pivot": [0, 17.9, -40.5],
							"rotation": [90, 0, -90],
							"uv": {
								"north": {"uv": [123, 20], "uv_size": [2, 1]},
								"east": {"uv": [115, 76], "uv_size": [4, 1]},
								"south": {"uv": [24, 123], "uv_size": [2, 1]},
								"west": {"uv": [116, 0], "uv_size": [4, 1]},
								"up": {"uv": [102, 107], "uv_size": [2, 4]},
								"down": {"uv": [0, 112], "uv_size": [2, -4]}
							}
						},
						{
							"origin": [-0.8, 45.4, -42.4],
							"size": [1.6, 1, 3.8],
							"pivot": [0, 17.9, -40.5],
							"rotation": [90, 0, 45],
							"uv": {
								"north": {"uv": [123, 16], "uv_size": [2, 1]},
								"east": {"uv": [115, 72], "uv_size": [4, 1]},
								"south": {"uv": [123, 18], "uv_size": [2, 1]},
								"west": {"uv": [115, 74], "uv_size": [4, 1]},
								"up": {"uv": [107, 87], "uv_size": [2, 4]},
								"down": {"uv": [107, 96], "uv_size": [2, -4]}
							}
						},
						{
							"origin": [-0.775, 43.9, -42.4],
							"size": [1.55, 2.5, 3.8],
							"pivot": [0, 17.9, -40.5],
							"rotation": [90, 0, 0],
							"uv": {
								"north": {"uv": [62, 111], "uv_size": [2, 3]},
								"east": {"uv": [102, 4], "uv_size": [4, 3]},
								"south": {"uv": [65, 111], "uv_size": [2, 3]},
								"west": {"uv": [102, 89], "uv_size": [4, 3]},
								"up": {"uv": [107, 71], "uv_size": [2, 4]},
								"down": {"uv": [87, 111], "uv_size": [2, -4]}
							}
						},
						{
							"origin": [-0.8, 45.4, -42.4],
							"size": [1.6, 1, 3.8],
							"pivot": [0, 17.9, -40.5],
							"rotation": [90, 0, -45],
							"uv": {
								"north": {"uv": [123, 6], "uv_size": [2, 1]},
								"east": {"uv": [115, 68], "uv_size": [4, 1]},
								"south": {"uv": [16, 123], "uv_size": [2, 1]},
								"west": {"uv": [115, 70], "uv_size": [4, 1]},
								"up": {"uv": [50, 107], "uv_size": [2, 4]},
								"down": {"uv": [107, 70], "uv_size": [2, -4]}
							}
						},
						{
							"origin": [-0.225, 44.9, -41.4],
							"size": [1, 1.5, 3.8],
							"pivot": [0, 17.9, -39.5],
							"rotation": [90, 0, -90],
							"uv": {
								"north": {"uv": [123, 41], "uv_size": [1, 2]},
								"east": {"uv": [65, 108], "uv_size": [4, 2]},
								"south": {"uv": [44, 123], "uv_size": [1, 2]},
								"west": {"uv": [3, 109], "uv_size": [4, 2]},
								"up": {"uv": [14, 115], "uv_size": [1, 4]},
								"down": {"uv": [57, 119], "uv_size": [1, -4]}
							}
						},
						{
							"origin": [-0.8, 44.9, -38.7],
							"size": [1.6, 1.5, 1.1],
							"pivot": [0, 17.9, -39.5],
							"rotation": [90, 0, 45],
							"uv": {
								"north": {"uv": [68, 115], "uv_size": [2, 2]},
								"east": {"uv": [123, 31], "uv_size": [1, 2]},
								"south": {"uv": [97, 115], "uv_size": [2, 2]},
								"west": {"uv": [123, 34], "uv_size": [1, 2]},
								"up": {"uv": [123, 39], "uv_size": [2, 1]},
								"down": {"uv": [41, 124], "uv_size": [2, -1]}
							}
						},
						{
							"origin": [-0.8, 44.9, -38.6],
							"size": [1.6, 1.5, 1],
							"pivot": [0, 17.9, -39.5],
							"rotation": [90, 0, -45],
							"uv": {
								"north": {"uv": [103, 115], "uv_size": [2, 2]},
								"east": {"uv": [123, 44], "uv_size": [1, 2]},
								"south": {"uv": [3, 116], "uv_size": [2, 2]},
								"west": {"uv": [46, 123], "uv_size": [1, 2]},
								"up": {"uv": [123, 47], "uv_size": [2, 1]},
								"down": {"uv": [123, 50], "uv_size": [2, -1]}
							}
						},
						{
							"origin": [-0.75, 9.4, -78.25],
							"size": [1.5, 24, 1.5],
							"pivot": [0, 17.9, -77.5],
							"rotation": [90, 0, 45],
							"uv": {
								"north": {"uv": [60, 67], "uv_size": [2, 24]},
								"east": {"uv": [70, 0], "uv_size": [2, 24]},
								"south": {"uv": [70, 25], "uv_size": [2, 24]},
								"west": {"uv": [70, 50], "uv_size": [2, 24]},
								"up": {"uv": [115, 38], "uv_size": [2, 2]},
								"down": {"uv": [46, 117], "uv_size": [2, -2]}
							}
						},
						{
							"origin": [-1, 26.4, -75.5],
							"size": [2, 3, 2],
							"pivot": [0, 17.9, -74.5],
							"rotation": [90, 0, 45],
							"uv": {
								"north": {"uv": [16, 113], "uv_size": [2, 3]},
								"east": {"uv": [113, 16], "uv_size": [2, 3]},
								"south": {"uv": [24, 113], "uv_size": [2, 3]},
								"west": {"uv": [113, 28], "uv_size": [2, 3]},
								"up": {"uv": [114, 117], "uv_size": [2, 2]},
								"down": {"uv": [117, 118], "uv_size": [2, -2]}
							}
						},
						{
							"origin": [-0.75, 17.9, -94.6],
							"size": [1.5, 0, 3.25],
							"pivot": [0, 17.9, -92.975],
							"rotation": [90, 0, 45],
							"uv": {
								"north": {"uv": [89, 81], "uv_size": [2, 0]},
								"east": {"uv": [129, 40], "uv_size": [3, 0]},
								"south": {"uv": [114, 86], "uv_size": [2, 0]},
								"west": {"uv": [129, 87], "uv_size": [3, 0]},
								"up": {"uv": [113, 0], "uv_size": [2, 3]},
								"down": {"uv": [6, 116], "uv_size": [2, -3]}
							}
						},
						{
							"origin": [-0.625, 17.9, -94.65],
							"size": [1.25, 0, 3.35],
							"pivot": [0, 17.9, -92.975],
							"rotation": [90, 0, 0],
							"uv": {
								"north": {"uv": [57, 66], "uv_size": [1, 0]},
								"east": {"uv": [32, 130], "uv_size": [3, 0]},
								"south": {"uv": [81, 66], "uv_size": [1, 0]},
								"west": {"uv": [130, 43], "uv_size": [3, 0]},
								"up": {"uv": [31, 121], "uv_size": [1, 3]},
								"down": {"uv": [33, 124], "uv_size": [1, -3]}
							}
						},
						{
							"origin": [-0.625, 17.9, -94.65],
							"size": [1.25, 0, 3.35],
							"pivot": [0, 17.9, -92.975],
							"rotation": [90, 0, -90],
							"uv": {
								"north": {"uv": [98, 68], "uv_size": [1, 0]},
								"east": {"uv": [130, 44], "uv_size": [3, 0]},
								"south": {"uv": [101, 28], "uv_size": [1, 0]},
								"west": {"uv": [130, 47], "uv_size": [3, 0]},
								"up": {"uv": [35, 121], "uv_size": [1, 3]},
								"down": {"uv": [37, 124], "uv_size": [1, -3]}
							}
						},
						{
							"origin": [-0.75, 17.9, -94.6],
							"size": [1.5, 0, 3.25],
							"pivot": [0, 17.9, -92.975],
							"rotation": [90, 0, 135],
							"uv": {
								"north": {"uv": [117, 47], "uv_size": [2, 0]},
								"east": {"uv": [130, 12], "uv_size": [3, 0]},
								"south": {"uv": [117, 104], "uv_size": [2, 0]},
								"west": {"uv": [130, 23], "uv_size": [3, 0]},
								"up": {"uv": [113, 8], "uv_size": [2, 3]},
								"down": {"uv": [9, 116], "uv_size": [2, -3]}
							}
						},
						{
							"origin": [0.39661, 12.04661, -94.46195],
							"size": [1.5, 7, 1.5],
							"pivot": [1.14661, 19.04661, -92.96195],
							"rotation": [85, 0, 45],
							"uv": {
								"north": {"uv": [76, 67], "uv_size": [2, 7]},
								"east": {"uv": [98, 44], "uv_size": [2, 7]},
								"south": {"uv": [98, 52], "uv_size": [2, 7]},
								"west": {"uv": [98, 60], "uv_size": [2, 7]},
								"up": {"uv": [117, 89], "uv_size": [2, 2]},
								"down": {"uv": [117, 94], "uv_size": [2, -2]}
							}
						},
						{
							"origin": [-1.28033, 20.36967, -83],
							"size": [1.5, 7, 1.5],
							"pivot": [-0.53033, 17.36967, -83],
							"rotation": [95, 0, 45],
							"uv": {
								"north": {"uv": [98, 81], "uv_size": [2, 7]},
								"east": {"uv": [99, 0], "uv_size": [2, 7]},
								"south": {"uv": [22, 99], "uv_size": [2, 7]},
								"west": {"uv": [43, 99], "uv_size": [2, 7]},
								"up": {"uv": [117, 95], "uv_size": [2, 2]},
								"down": {"uv": [117, 100], "uv_size": [2, -2]}
							}
						},
						{
							"origin": [-0.48033, 21.50104, -83.8],
							"size": [1.5, 7, 1.5],
							"pivot": [-0.53033, 18.50104, -83],
							"rotation": [90, 5, 45],
							"uv": {
								"north": {"uv": [88, 99], "uv_size": [2, 7]},
								"east": {"uv": [99, 89], "uv_size": [2, 7]},
								"south": {"uv": [99, 97], "uv_size": [2, 7]},
								"west": {"uv": [0, 100], "uv_size": [2, 7]},
								"up": {"uv": [117, 101], "uv_size": [2, 2]},
								"down": {"uv": [117, 109], "uv_size": [2, -2]}
							}
						},
						{
							"origin": [-0.33268, 9.75339, -93.76195],
							"size": [1.5, 7, 1.5],
							"pivot": [1.21732, 16.75339, -92.96195],
							"rotation": [90, -5, 45],
							"uv": {
								"north": {"uv": [100, 29], "uv_size": [2, 7]},
								"east": {"uv": [100, 68], "uv_size": [2, 7]},
								"south": {"uv": [101, 8], "uv_size": [2, 7]},
								"west": {"uv": [101, 16], "uv_size": [2, 7]},
								"up": {"uv": [117, 110], "uv_size": [2, 2]},
								"down": {"uv": [117, 115], "uv_size": [2, -2]}
							}
						},
						{
							"origin": [-2, 18.5, -5.3],
							"size": [4, 2, 5],
							"inflate": -0.002,
							"pivot": [1, 18.5, -0.7],
							"rotation": [135, 0, 0],
							"uv": {
								"north": {"uv": [106, 63], "uv_size": [4, 2]},
								"east": {"uv": [104, 76], "uv_size": [5, 2]},
								"south": {"uv": [91, 106], "uv_size": [4, 2]},
								"west": {"uv": [106, 22], "uv_size": [5, 2]},
								"up": {"uv": [88, 88], "uv_size": [4, 5]},
								"down": {"uv": [0, 94], "uv_size": [4, -5]}
							}
						},
						{
							"origin": [-2, 11.81569, 0.55185],
							"size": [4, 4, 4],
							"inflate": -0.002,
							"pivot": [1, 15.81569, 4.55185],
							"rotation": [108.75, 0, 0],
							"uv": {
								"north": {"uv": [93, 81], "uv_size": [4, 4]},
								"east": {"uv": [93, 86], "uv_size": [4, 4]},
								"south": {"uv": [93, 91], "uv_size": [4, 4]},
								"west": {"uv": [94, 0], "uv_size": [4, 4]},
								"up": {"uv": [22, 94], "uv_size": [4, 4]},
								"down": {"uv": [94, 73], "uv_size": [4, -4]}
							}
						},
						{
							"origin": [-2, -12.83616, 6.91754],
							"size": [4, 22, 6],
							"pivot": [1, 10.76384, 6.51754],
							"rotation": [88, 0, 0],
							"uv": {
								"north": {"uv": [30, 50], "uv_size": [4, 22]},
								"east": {"uv": [44, 0], "uv_size": [6, 22]},
								"south": {"uv": [35, 50], "uv_size": [4, 22]},
								"west": {"uv": [44, 23], "uv_size": [6, 22]},
								"up": {"uv": [83, 40], "uv_size": [4, 6]},
								"down": {"uv": [83, 53], "uv_size": [4, -6]}
							}
						},
						{
							"origin": [-1, 15.54571, 23.83018],
							"size": [2, 2, 1],
							"pivot": [0, 16.54571, 24.33018],
							"rotation": [87.17272, 44.96511, -1.99878],
							"uv": {
								"north": {"uv": [118, 62], "uv_size": [2, 2]},
								"east": {"uv": [29, 125], "uv_size": [1, 2]},
								"south": {"uv": [65, 118], "uv_size": [2, 2]},
								"west": {"uv": [31, 125], "uv_size": [1, 2]},
								"up": {"uv": [125, 31], "uv_size": [2, 1]},
								"down": {"uv": [33, 126], "uv_size": [2, -1]}
							}
						},
						{
							"origin": [-2, -8.83616, 2.91754],
							"size": [4, 9, 4],
							"pivot": [1, 10.76384, 6.51754],
							"rotation": [88, 0, 0],
							"uv": {
								"north": {"uv": [10, 78], "uv_size": [4, 9]},
								"east": {"uv": [15, 78], "uv_size": [4, 9]},
								"south": {"uv": [20, 78], "uv_size": [4, 9]},
								"west": {"uv": [25, 78], "uv_size": [4, 9]},
								"up": {"uv": [93, 59], "uv_size": [4, 4]},
								"down": {"uv": [93, 68], "uv_size": [4, -4]}
							}
						},
						{
							"origin": [-2, 0.16384, 5.91754],
							"size": [4, 11, 3],
							"inflate": -0.001,
							"pivot": [1, 10.76384, 6.51754],
							"rotation": [78, 0, 0],
							"uv": {
								"north": {"uv": [46, 74], "uv_size": [4, 11]},
								"east": {"uv": [39, 78], "uv_size": [3, 11]},
								"south": {"uv": [70, 75], "uv_size": [4, 11]},
								"west": {"uv": [79, 67], "uv_size": [3, 11]},
								"up": {"uv": [101, 62], "uv_size": [4, 3]},
								"down": {"uv": [101, 84], "uv_size": [4, -3]}
							}
						},
						{
							"origin": [-2, 17.78396, 20.25061],
							"size": [4, 5, 6],
							"inflate": -0.001,
							"pivot": [0, 16.28396, 32.40061],
							"rotation": [82.5, 0, 0],
							"uv": {
								"north": {"uv": [88, 52], "uv_size": [4, 5]},
								"east": {"uv": [82, 0], "uv_size": [6, 5]},
								"south": {"uv": [88, 58], "uv_size": [4, 5]},
								"west": {"uv": [82, 6], "uv_size": [6, 5]},
								"up": {"uv": [83, 54], "uv_size": [4, 6]},
								"down": {"uv": [83, 67], "uv_size": [4, -6]}
							}
						},
						{
							"origin": [-2, 6.92942, 31.44281],
							"size": [4, 4, 3],
							"inflate": -0.002,
							"pivot": [0, 4.92942, 28.81781],
							"rotation": [125, 0, 0],
							"uv": {
								"north": {"uv": [93, 49], "uv_size": [4, 4]},
								"east": {"uv": [100, 37], "uv_size": [3, 4]},
								"south": {"uv": [93, 54], "uv_size": [4, 4]},
								"west": {"uv": [100, 76], "uv_size": [3, 4]},
								"up": {"uv": [101, 24], "uv_size": [4, 3]},
								"down": {"uv": [101, 45], "uv_size": [4, -3]}
							}
						},
						{
							"origin": [-2, 4.47652, 17.39725],
							"size": [4, 6, 3],
							"inflate": -0.002,
							"pivot": [0, 4.75152, 18.22225],
							"rotation": [35, 0, 0],
							"uv": {
								"north": {"uv": [83, 68], "uv_size": [4, 6]},
								"east": {"uv": [39, 90], "uv_size": [3, 6]},
								"south": {"uv": [84, 75], "uv_size": [4, 6]},
								"west": {"uv": [74, 90], "uv_size": [3, 6]},
								"up": {"uv": [101, 46], "uv_size": [4, 3]},
								"down": {"uv": [101, 53], "uv_size": [4, -3]}
							}
						},
						{
							"origin": [-2, 0.47652, 17.47225],
							"size": [4, 4.75, 3],
							"inflate": -0.001,
							"pivot": [0, 4.75152, 18.22225],
							"rotation": [85, 0, 0],
							"uv": {
								"north": {"uv": [88, 64], "uv_size": [4, 5]},
								"east": {"uv": [95, 5], "uv_size": [3, 5]},
								"south": {"uv": [88, 82], "uv_size": [4, 5]},
								"west": {"uv": [93, 96], "uv_size": [3, 5]},
								"up": {"uv": [101, 54], "uv_size": [4, 3]},
								"down": {"uv": [101, 61], "uv_size": [4, -3]}
							}
						},
						{
							"origin": [-2, 7.88691, 3.53154],
							"size": [4, 5, 4],
							"pivot": [1, 11.38691, 3.53154],
							"rotation": [40, 0, 0],
							"uv": {
								"north": {"uv": [22, 88], "uv_size": [4, 5]},
								"east": {"uv": [88, 34], "uv_size": [4, 5]},
								"south": {"uv": [88, 40], "uv_size": [4, 5]},
								"west": {"uv": [88, 46], "uv_size": [4, 5]},
								"up": {"uv": [90, 29], "uv_size": [4, 4]},
								"down": {"uv": [93, 38], "uv_size": [4, -4]}
							}
						}
					]
				},
				{
					"name": "shmigle",
					"parent": "gun",
					"pivot": [0.25, 9.5, 12.75],
					"cubes": [
						{
							"origin": [-5.75, 13.075, -23],
							"size": [4, 1.5, 1.5],
							"pivot": [-3.25, 13.825, -22.25],
							"rotation": [135, 0, 0],
							"uv": {
								"north": {"uv": [110, 66], "uv_size": [4, 2]},
								"east": {"uv": [120, 99], "uv_size": [2, 2]},
								"south": {"uv": [110, 69], "uv_size": [4, 2]},
								"west": {"uv": [120, 102], "uv_size": [2, 2]},
								"up": {"uv": [110, 72], "uv_size": [4, 2]},
								"down": {"uv": [110, 77], "uv_size": [4, -2]}
							}
						},
						{
							"origin": [-0.75, 10.4, -21.25],
							"size": [1.5, 3, 1.5],
							"pivot": [0, 13.4, -21.25],
							"rotation": [120, 0, 0],
							"uv": {
								"north": {"uv": [110, 87], "uv_size": [2, 3]},
								"east": {"uv": [110, 91], "uv_size": [2, 3]},
								"south": {"uv": [110, 109], "uv_size": [2, 3]},
								"west": {"uv": [56, 111], "uv_size": [2, 3]},
								"up": {"uv": [65, 115], "uv_size": [2, 2]},
								"down": {"uv": [115, 67], "uv_size": [2, -2]}
							}
						},
						{
							"origin": [-1.75, 43.5, 16.65],
							"size": [2.5, 2, 1.5],
							"pivot": [0.25, 9.5, 12.75],
							"rotation": [90, 0, 0],
							"uv": {
								"north": {"uv": [110, 78], "uv_size": [3, 2]},
								"east": {"uv": [62, 115], "uv_size": [2, 2]},
								"south": {"uv": [110, 81], "uv_size": [3, 2]},
								"west": {"uv": [115, 62], "uv_size": [2, 2]},
								"up": {"uv": [83, 110], "uv_size": [3, 2]},
								"down": {"uv": [110, 86], "uv_size": [3, -2]}
							}
						}
					]
				},
				{
					"name": "rearsight",
					"parent": "gun",
					"pivot": [0, 20.65, -8.95],
					"cubes": [
						{
							"origin": [-2.25, 19.725, -12.075],
							"size": [4.5, 1, 3.575],
							"inflate": -0.35,
							"pivot": [0, 19.975, -8.95],
							"rotation": [-90, 0, 0],
							"uv": {
								"north": {"uv": [114, 84], "uv_size": [5, 1]},
								"east": {"uv": [29, 119], "uv_size": [4, 1]},
								"south": {"uv": [114, 105], "uv_size": [5, 1]},
								"west": {"uv": [34, 119], "uv_size": [4, 1]},
								"up": {"uv": [88, 70], "uv_size": [5, 4]},
								"down": {"uv": [89, 10], "uv_size": [5, -4]}
							}
						},
						{
							"origin": [1.4, 18.85, -9.6],
							"size": [1, 2.75, 2.25],
							"inflate": -0.35,
							"pivot": [1.925, 21.525, -9.35],
							"rotation": [-90, 35, 0],
							"uv": {
								"north": {"uv": [39, 122], "uv_size": [1, 3]},
								"east": {"uv": [114, 113], "uv_size": [2, 3]},
								"south": {"uv": [82, 122], "uv_size": [1, 3]},
								"west": {"uv": [115, 4], "uv_size": [2, 3]},
								"up": {"uv": [39, 126], "uv_size": [1, 2]},
								"down": {"uv": [44, 128], "uv_size": [1, -2]}
							}
						},
						{
							"origin": [0.35, 20.8, -16],
							"size": [1, 2.25, 2.25],
							"inflate": -0.351,
							"pivot": [0.85, 21.925, -14.875],
							"rotation": [-67.5, 0, 0],
							"uv": {
								"north": {"uv": [125, 43], "uv_size": [1, 2]},
								"east": {"uv": [119, 14], "uv_size": [2, 2]},
								"south": {"uv": [52, 125], "uv_size": [1, 2]},
								"west": {"uv": [21, 119], "uv_size": [2, 2]},
								"up": {"uv": [54, 125], "uv_size": [1, 2]},
								"down": {"uv": [56, 127], "uv_size": [1, -2]}
							}
						},
						{
							"origin": [-1, 27.25, 0.6],
							"size": [2, 6, 2],
							"pivot": [1, 18.25, -1],
							"rotation": [90, 0, 0],
							"uv": {
								"north": {"uv": [56, 37], "uv_size": [2, 6]},
								"east": {"uv": [53, 103], "uv_size": [2, 6]},
								"south": {"uv": [104, 8], "uv_size": [2, 6]},
								"west": {"uv": [104, 15], "uv_size": [2, 6]},
								"up": {"uv": [103, 118], "uv_size": [2, 2]},
								"down": {"uv": [2, 121], "uv_size": [2, -2]}
							}
						},
						{
							"origin": [-1, 16.625, -16.375],
							"size": [2, 4.95, 1],
							"inflate": -0.002,
							"pivot": [0, 21.675, -16.05],
							"rotation": [83.75, 0, 0],
							"uv": {
								"north": {"uv": [62, 105], "uv_size": [2, 5]},
								"east": {"uv": [27, 114], "uv_size": [1, 5]},
								"south": {"uv": [99, 105], "uv_size": [2, 5]},
								"west": {"uv": [12, 115], "uv_size": [1, 5]},
								"up": {"uv": [58, 125], "uv_size": [2, 1]},
								"down": {"uv": [61, 126], "uv_size": [2, -1]}
							}
						},
						{
							"origin": [-0.8, 27.25, 2.4],
							"size": [1.6, 6, 1],
							"inflate": -0.1,
							"pivot": [1, 18.25, -1],
							"rotation": [90, 0, 0],
							"uv": {
								"north": {"uv": [104, 33], "uv_size": [2, 6]},
								"east": {"uv": [93, 112], "uv_size": [1, 6]},
								"south": {"uv": [56, 104], "uv_size": [2, 6]},
								"west": {"uv": [19, 113], "uv_size": [1, 6]},
								"up": {"uv": [125, 61], "uv_size": [2, 1]},
								"down": {"uv": [125, 64], "uv_size": [2, -1]}
							}
						},
						{
							"origin": [-1.35, 20.8, -16],
							"size": [1, 2.25, 2.25],
							"inflate": -0.351,
							"pivot": [-0.85, 21.925, -14.875],
							"rotation": [-67.5, 0, 0],
							"uv": {
								"north": {"uv": [64, 125], "uv_size": [1, 2]},
								"east": {"uv": [119, 25], "uv_size": [2, 2]},
								"south": {"uv": [66, 125], "uv_size": [1, 2]},
								"west": {"uv": [119, 28], "uv_size": [2, 2]},
								"up": {"uv": [68, 125], "uv_size": [1, 2]},
								"down": {"uv": [70, 127], "uv_size": [1, -2]}
							}
						},
						{
							"origin": [-0.8, 27.25, 2.4],
							"size": [1.6, 1, 1],
							"pivot": [1, 18.25, -1],
							"rotation": [90, 0, 0],
							"uv": {
								"north": {"uv": [126, 39], "uv_size": [2, 1]},
								"east": {"uv": [113, 129], "uv_size": [1, 1]},
								"south": {"uv": [126, 55], "uv_size": [2, 1]},
								"west": {"uv": [115, 129], "uv_size": [1, 1]},
								"up": {"uv": [126, 57], "uv_size": [2, 1]},
								"down": {"uv": [126, 60], "uv_size": [2, -1]}
							}
						},
						{
							"origin": [-0.8, 31.25, 7.5],
							"size": [1.6, 2, 1],
							"inflate": -0.2,
							"pivot": [1, 18.25, 4],
							"rotation": [90, 0, 0],
							"uv": {
								"north": {"uv": [52, 120], "uv_size": [2, 2]},
								"east": {"uv": [126, 83], "uv_size": [1, 2]},
								"south": {"uv": [120, 52], "uv_size": [2, 2]},
								"west": {"uv": [84, 126], "uv_size": [1, 2]},
								"up": {"uv": [126, 86], "uv_size": [2, 1]},
								"down": {"uv": [126, 95], "uv_size": [2, -1]}
							}
						},
						{
							"origin": [1.25, 19.6, -10.075],
							"size": [1, 1.8, 2.25],
							"inflate": -0.3599,
							"pivot": [0, 20.65, -8.95],
							"rotation": [-90, 0, 0],
							"uv": {
								"north": {"uv": [46, 126], "uv_size": [1, 2]},
								"east": {"uv": [120, 31], "uv_size": [2, 2]},
								"south": {"uv": [126, 46], "uv_size": [1, 2]},
								"west": {"uv": [120, 34], "uv_size": [2, 2]},
								"up": {"uv": [126, 49], "uv_size": [1, 2]},
								"down": {"uv": [126, 54], "uv_size": [1, -2]}
							}
						},
						{
							"origin": [0.75, 19.725, -12.875],
							"size": [1.5, 1, 1.5],
							"inflate": -0.35,
							"pivot": [0, 19.975, -8.95],
							"rotation": [-90, 0, 0],
							"uv": {
								"north": {"uv": [125, 77], "uv_size": [2, 1]},
								"east": {"uv": [125, 79], "uv_size": [2, 1]},
								"south": {"uv": [125, 81], "uv_size": [2, 1]},
								"west": {"uv": [125, 88], "uv_size": [2, 1]},
								"up": {"uv": [39, 119], "uv_size": [2, 2]},
								"down": {"uv": [49, 121], "uv_size": [2, -2]}
							}
						},
						{
							"origin": [-0.1, 19.525, -13.125],
							"size": [1.5, 1, 1.5],
							"inflate": -0.35,
							"pivot": [-0.85, 19.775, -9.45],
							"rotation": [-90, 0, 0],
							"uv": {
								"north": {"uv": [126, 65], "uv_size": [2, 1]},
								"east": {"uv": [126, 67], "uv_size": [2, 1]},
								"south": {"uv": [126, 69], "uv_size": [2, 1]},
								"west": {"uv": [126, 71], "uv_size": [2, 1]},
								"up": {"uv": [120, 40], "uv_size": [2, 2]},
								"down": {"uv": [120, 45], "uv_size": [2, -2]}
							}
						},
						{
							"origin": [-1.45, 23.0489, -9.04235],
							"size": [2, 1, 1.25],
							"inflate": -0.35,
							"pivot": [-1.1, 23.5489, -8.69235],
							"rotation": [-90, 0, 57.5],
							"uv": {
								"north": {"uv": [125, 125], "uv_size": [2, 1]},
								"east": {"uv": [2, 126], "uv_size": [2, 1]},
								"south": {"uv": [5, 126], "uv_size": [2, 1]},
								"west": {"uv": [126, 6], "uv_size": [2, 1]},
								"up": {"uv": [92, 119], "uv_size": [2, 2]},
								"down": {"uv": [100, 121], "uv_size": [2, -2]}
							}
						},
						{
							"origin": [-1.03173, 22.39506, -9.08033],
							"size": [1.5, 1, 1.5],
							"inflate": -0.35,
							"pivot": [-0.65673, 22.89506, -8.73033],
							"rotation": [-90, 0, 10],
							"uv": {
								"north": {"uv": [108, 125], "uv_size": [2, 1]},
								"east": {"uv": [116, 125], "uv_size": [2, 1]},
								"south": {"uv": [119, 125], "uv_size": [2, 1]},
								"west": {"uv": [125, 123], "uv_size": [2, 1]},
								"up": {"uv": [86, 119], "uv_size": [2, 2]},
								"down": {"uv": [89, 121], "uv_size": [2, -2]}
							}
						},
						{
							"origin": [-0.46827, 22.39506, -9.08033],
							"size": [1.5, 1, 1.5],
							"inflate": -0.35,
							"pivot": [0.65673, 22.89506, -8.73033],
							"rotation": [-90, 0, -10],
							"uv": {
								"north": {"uv": [125, 96], "uv_size": [2, 1]},
								"east": {"uv": [125, 98], "uv_size": [2, 1]},
								"south": {"uv": [125, 100], "uv_size": [2, 1]},
								"west": {"uv": [125, 102], "uv_size": [2, 1]},
								"up": {"uv": [80, 119], "uv_size": [2, 2]},
								"down": {"uv": [83, 121], "uv_size": [2, -2]}
							}
						},
						{
							"origin": [-0.55, 23.0489, -9.04235],
							"size": [2, 1, 1.25],
							"inflate": -0.35,
							"pivot": [1.1, 23.5489, -8.69235],
							"rotation": [-90, 0, -57.5],
							"uv": {
								"north": {"uv": [125, 90], "uv_size": [2, 1]},
								"east": {"uv": [91, 125], "uv_size": [2, 1]},
								"south": {"uv": [125, 92], "uv_size": [2, 1]},
								"west": {"uv": [94, 125], "uv_size": [2, 1]},
								"up": {"uv": [74, 119], "uv_size": [2, 2]},
								"down": {"uv": [77, 121], "uv_size": [2, -2]}
							}
						},
						{
							"origin": [-2.25, 19.725, -12.875],
							"size": [1.5, 1, 1.5],
							"inflate": -0.35,
							"pivot": [0, 19.975, -8.95],
							"rotation": [-90, 0, 0],
							"uv": {
								"north": {"uv": [13, 126], "uv_size": [2, 1]},
								"east": {"uv": [126, 13], "uv_size": [2, 1]},
								"south": {"uv": [126, 15], "uv_size": [2, 1]},
								"west": {"uv": [126, 17], "uv_size": [2, 1]},
								"up": {"uv": [117, 119], "uv_size": [2, 2]},
								"down": {"uv": [14, 122], "uv_size": [2, -2]}
							}
						},
						{
							"origin": [-1.4, 19.525, -13.125],
							"size": [1.5, 1, 1.5],
							"inflate": -0.35,
							"pivot": [0.85, 19.775, -9.45],
							"rotation": [-90, 0, 0],
							"uv": {
								"north": {"uv": [72, 126], "uv_size": [2, 1]},
								"east": {"uv": [126, 73], "uv_size": [2, 1]},
								"south": {"uv": [78, 126], "uv_size": [2, 1]},
								"west": {"uv": [81, 126], "uv_size": [2, 1]},
								"up": {"uv": [120, 46], "uv_size": [2, 2]},
								"down": {"uv": [120, 51], "uv_size": [2, -2]}
							}
						},
						{
							"origin": [-2.4, 18.85, -9.6],
							"size": [1, 2.75, 2.25],
							"inflate": -0.35,
							"pivot": [-1.925, 21.525, -9.35],
							"rotation": [-90, -35, 0],
							"uv": {
								"north": {"uv": [111, 121], "uv_size": [1, 3]},
								"east": {"uv": [114, 97], "uv_size": [2, 3]},
								"south": {"uv": [8, 122], "uv_size": [1, 3]},
								"west": {"uv": [114, 101], "uv_size": [2, 3]},
								"up": {"uv": [100, 125], "uv_size": [1, 2]},
								"down": {"uv": [111, 127], "uv_size": [1, -2]}
							}
						},
						{
							"origin": [-2.25, 19.6, -10.075],
							"size": [1, 1.8, 2.25],
							"inflate": -0.3599,
							"pivot": [0, 20.65, -8.95],
							"rotation": [-90, 0, 0],
							"uv": {
								"north": {"uv": [8, 126], "uv_size": [1, 2]},
								"east": {"uv": [17, 120], "uv_size": [2, 2]},
								"south": {"uv": [126, 19], "uv_size": [1, 2]},
								"west": {"uv": [24, 120], "uv_size": [2, 2]},
								"up": {"uv": [126, 24], "uv_size": [1, 2]},
								"down": {"uv": [126, 29], "uv_size": [1, -2]}
							}
						}
					]
				},
				{
					"name": "thingy",
					"parent": "gun",
					"pivot": [2.11194, 17.4, -55.93862],
					"cubes": [
						{
							"origin": [0.36194, 16.15, -55.68862],
							"size": [3.5, 1.5, 0],
							"pivot": [2.11194, 17.4, -55.68862],
							"rotation": [97.5, 0, 90],
							"uv": {
								"north": {"uv": [110, 48], "uv_size": [4, 2]},
								"east": {"uv": [43, 64], "uv_size": [0, 2]},
								"south": {"uv": [149, 69], "uv_size": [7, 3]},
								"west": {"uv": [66, 0], "uv_size": [0, 2]},
								"up": {"uv": [94, 74], "uv_size": [4, 0]},
								"down": {"uv": [128, 126], "uv_size": [4, 0]}
							}
						}
					]
				},
				{
					"name": "thingy2",
					"parent": "gun",
					"pivot": [2.36194, 13.15, 14.31138],
					"cubes": [
						{
							"origin": [0.61194, 11.9, 14.56138],
							"size": [3.5, 1.5, 0],
							"pivot": [2.36194, 13.15, 14.56138],
							"rotation": [97.5, 0, 90],
							"uv": {
								"north": {"uv": [110, 48], "uv_size": [4, 2]},
								"east": {"uv": [43, 64], "uv_size": [0, 2]},
								"south": {"uv": [149, 69], "uv_size": [7, 3]},
								"west": {"uv": [66, 0], "uv_size": [0, 2]},
								"up": {"uv": [94, 74], "uv_size": [4, 0]},
								"down": {"uv": [128, 126], "uv_size": [4, 0]}
							}
						}
					]
				},
				{
					"name": "barrel_casing",
					"parent": "gun",
					"pivot": [0, 17.9, -42],
					"cubes": [
						{
							"origin": [-0.775, 15.4, -43.9],
							"size": [1.55, 27, 3.8],
							"pivot": [0, 17.9, -42],
							"rotation": [90, 0, -90],
							"uv": {
								"north": {"uv": [64, 43], "uv_size": [2, 27]},
								"east": {"uv": [0, 50], "uv_size": [4, 27]},
								"south": {"uv": [54, 66], "uv_size": [2, 27]},
								"west": {"uv": [5, 50], "uv_size": [4, 27]},
								"up": {"uv": [107, 10], "uv_size": [2, 4]},
								"down": {"uv": [107, 19], "uv_size": [2, -4]}
							}
						},
						{
							"origin": [-0.8, 15.4, -43.9],
							"size": [1.6, 27, 3.8],
							"pivot": [0, 17.9, -42],
							"rotation": [90, 0, 45],
							"uv": {
								"north": {"uv": [67, 0], "uv_size": [2, 27]},
								"east": {"uv": [10, 50], "uv_size": [4, 27]},
								"south": {"uv": [67, 28], "uv_size": [2, 27]},
								"west": {"uv": [15, 50], "uv_size": [4, 27]},
								"up": {"uv": [22, 107], "uv_size": [2, 4]},
								"down": {"uv": [107, 32], "uv_size": [2, -4]}
							}
						},
						{
							"origin": [-0.8, 15.4, -43.9],
							"size": [1.6, 27, 3.8],
							"pivot": [0, 17.9, -42],
							"rotation": [90, 0, -45],
							"uv": {
								"north": {"uv": [67, 56], "uv_size": [2, 27]},
								"east": {"uv": [20, 50], "uv_size": [4, 27]},
								"south": {"uv": [57, 67], "uv_size": [2, 27]},
								"west": {"uv": [25, 50], "uv_size": [4, 27]},
								"up": {"uv": [107, 33], "uv_size": [2, 4]},
								"down": {"uv": [43, 111], "uv_size": [2, -4]}
							}
						},
						{
							"origin": [-0.775, 15.4, -43.9],
							"size": [1.55, 27, 3.8],
							"pivot": [0, 17.9, -42],
							"rotation": [90, 0, 0],
							"uv": {
								"north": {"uv": [40, 50], "uv_size": [2, 27]},
								"east": {"uv": [44, 46], "uv_size": [4, 27]},
								"south": {"uv": [137.775, 0], "uv_size": [1.5, 27]},
								"west": {"uv": [49, 46], "uv_size": [4, 27]},
								"up": {"uv": [107, 0], "uv_size": [2, 4]},
								"down": {"uv": [107, 9], "uv_size": [2, -4]}
							}
						}
					]
				},
				{
					"name": "bone2",
					"parent": "gun",
					"pivot": [0, 26.2, -19]
				},
				{
					"name": "bone4",
					"parent": "gun",
					"pivot": [-1.1, 27.85, -41.75]
				},
				{
					"name": "bipod",
					"parent": "gun",
					"pivot": [0.6382, 14.12927, -60.75],
					"rotation": [0, 0, 22.5],
					"cubes": [
						{
							"origin": [0.1382, 13.32927, -59.7],
							"size": [2, 1, 1],
							"inflate": -0.15,
							"pivot": [1.1382, 13.87927, -59.25],
							"rotation": [45, 0, -45],
							"uv": {
								"north": {"uv": [127, 127], "uv_size": [2, 1]},
								"east": {"uv": [6, 130], "uv_size": [1, 1]},
								"south": {"uv": [128, 0], "uv_size": [2, 1]},
								"west": {"uv": [10, 130], "uv_size": [1, 1]},
								"up": {"uv": [2, 128], "uv_size": [2, 1]},
								"down": {"uv": [128, 3], "uv_size": [2, -1]}
							}
						},
						{
							"origin": [0.21142, 13.20604, -59.75],
							"size": [1.5, 1.25, 1.25],
							"pivot": [0.96142, 14.05604, -59.25],
							"rotation": [0, 0, -45],
							"uv": {
								"north": {"uv": [127, 75], "uv_size": [2, 1]},
								"east": {"uv": [129, 129], "uv_size": [1, 1]},
								"south": {"uv": [86, 127], "uv_size": [2, 1]},
								"west": {"uv": [0, 130], "uv_size": [1, 1]},
								"up": {"uv": [89, 127], "uv_size": [2, 1]},
								"down": {"uv": [92, 128], "uv_size": [2, -1]}
							}
						},
						{
							"origin": [0.46142, -7.94396, -60.15],
							"size": [1, 22.75, 1],
							"pivot": [0.96142, 14.05604, -59.25],
							"rotation": [90, 0, -45],
							"uv": {
								"north": {"uv": [66, 84], "uv_size": [1, 23]},
								"east": {"uv": [68, 84], "uv_size": [1, 23]},
								"south": {"uv": [84, 82], "uv_size": [1, 23]},
								"west": {"uv": [86, 12], "uv_size": [1, 23]},
								"up": {"uv": [2, 130], "uv_size": [1, 1]},
								"down": {"uv": [4, 131], "uv_size": [1, -1]}
							}
						},
						{
							"origin": [0.3882, 12.95427, -37.5],
							"size": [1.5, 1, 2.25],
							"inflate": -0.25,
							"pivot": [1.1382, 13.87927, -37.75],
							"rotation": [1.5, 0, -45],
							"uv": {
								"north": {"uv": [108, 127], "uv_size": [2, 1]},
								"east": {"uv": [115, 127], "uv_size": [2, 1]},
								"south": {"uv": [118, 127], "uv_size": [2, 1]},
								"west": {"uv": [124, 127], "uv_size": [2, 1]},
								"up": {"uv": [120, 84], "uv_size": [2, 2]},
								"down": {"uv": [120, 89], "uv_size": [2, -2]}
							}
						},
						{
							"origin": [-0.1118, 13.37927, -38],
							"size": [2.5, 1, 2.75],
							"inflate": -0.25,
							"pivot": [1.1382, 13.87927, -37.75],
							"rotation": [11.5, 0, -45],
							"uv": {
								"north": {"uv": [84, 122], "uv_size": [3, 1]},
								"east": {"uv": [88, 122], "uv_size": [3, 1]},
								"south": {"uv": [122, 105], "uv_size": [3, 1]},
								"west": {"uv": [122, 107], "uv_size": [3, 1]},
								"up": {"uv": [106, 59], "uv_size": [3, 3]},
								"down": {"uv": [106, 82], "uv_size": [3, -3]}
							}
						}
					]
				},
				{
					"name": "bipod2",
					"parent": "gun",
					"pivot": [-1.6118, 14.87927, -60.75],
					"rotation": [0, 0, 90],
					"cubes": [
						{
							"origin": [-2.1118, 14.07927, -59.7],
							"size": [2, 1, 1],
							"inflate": -0.15,
							"pivot": [-1.1118, 14.62927, -59.25],
							"rotation": [45, 0, -45],
							"uv": {
								"north": {"uv": [128, 4], "uv_size": [2, 1]},
								"east": {"uv": [130, 10], "uv_size": [1, 1]},
								"south": {"uv": [5, 128], "uv_size": [2, 1]},
								"west": {"uv": [12, 130], "uv_size": [1, 1]},
								"up": {"uv": [12, 128], "uv_size": [2, 1]},
								"down": {"uv": [15, 129], "uv_size": [2, -1]}
							}
						},
						{
							"origin": [-2.03858, 13.95604, -59.75],
							"size": [1.5, 1.25, 1.25],
							"pivot": [-1.28858, 14.80604, -59.25],
							"rotation": [0, 0, -45],
							"uv": {
								"north": {"uv": [128, 19], "uv_size": [2, 1]},
								"east": {"uv": [14, 130], "uv_size": [1, 1]},
								"south": {"uv": [22, 128], "uv_size": [2, 1]},
								"west": {"uv": [16, 130], "uv_size": [1, 1]},
								"up": {"uv": [128, 24], "uv_size": [2, 1]},
								"down": {"uv": [128, 27], "uv_size": [2, -1]}
							}
						},
						{
							"origin": [-1.78858, -7.19396, -60.15],
							"size": [1, 22.75, 1],
							"pivot": [-1.28858, 14.80604, -59.25],
							"rotation": [90, 0, -45],
							"uv": {
								"north": {"uv": [46, 86], "uv_size": [1, 23]},
								"east": {"uv": [48, 86], "uv_size": [1, 23]},
								"south": {"uv": [86, 82], "uv_size": [1, 23]},
								"west": {"uv": [70, 87], "uv_size": [1, 23]},
								"up": {"uv": [18, 130], "uv_size": [1, 1]},
								"down": {"uv": [20, 131], "uv_size": [1, -1]}
							}
						},
						{
							"origin": [-1.8618, 13.70427, -37.5],
							"size": [1.5, 1, 2.25],
							"inflate": -0.25,
							"pivot": [-1.1118, 14.62927, -37.75],
							"rotation": [1.5, 0, -45],
							"uv": {
								"north": {"uv": [128, 28], "uv_size": [2, 1]},
								"east": {"uv": [29, 128], "uv_size": [2, 1]},
								"south": {"uv": [128, 30], "uv_size": [2, 1]},
								"west": {"uv": [128, 32], "uv_size": [2, 1]},
								"up": {"uv": [120, 90], "uv_size": [2, 2]},
								"down": {"uv": [120, 95], "uv_size": [2, -2]}
							}
						},
						{
							"origin": [-2.3618, 14.12927, -38],
							"size": [2.5, 1, 2.75],
							"inflate": -0.25,
							"pivot": [-1.1118, 14.62927, -37.75],
							"rotation": [11.5, 0, -45],
							"uv": {
								"north": {"uv": [122, 109], "uv_size": [3, 1]},
								"east": {"uv": [122, 111], "uv_size": [3, 1]},
								"south": {"uv": [122, 113], "uv_size": [3, 1]},
								"west": {"uv": [122, 115], "uv_size": [3, 1]},
								"up": {"uv": [83, 106], "uv_size": [3, 3]},
								"down": {"uv": [106, 86], "uv_size": [3, -3]}
							}
						}
					]
				},
				{
					"name": "rightarm",
					"parent": "main",
					"pivot": [-4.3, 8.8, 21.8],
					"rotation": [-101.81106, -12.40003, -2.46982],
					"cubes": [
						{
							"origin": [-10.79636, -20.27158, 19.72824],
							"size": [8, 24, 8],
							"pivot": [-0.3, -3.2, 17.8],
							"rotation": [-5, 0, -5],
							"uv": {
								"north": {"uv": [40, 153], "uv_size": [8, 24]},
								"east": {"uv": [32, 153], "uv_size": [8, 24]},
								"south": {"uv": [56, 153], "uv_size": [8, 24]},
								"west": {"uv": [48, 153], "uv_size": [8, 24]},
								"up": {"uv": [40, 145], "uv_size": [8, 8]},
								"down": {"uv": [48, 153], "uv_size": [8, -8]}
							}
						}
					]
				},
				{
					"name": "leftarm",
					"parent": "main",
					"pivot": [7.7, 14.3, -8.6],
					"rotation": [-112.11483, 1.67666, -38.31282],
					"cubes": [
						{
							"origin": [-0.37449, -14.80307, -3.08138],
							"size": [8, 24, 8],
							"uv": {
								"north": {"uv": [8, 151], "uv_size": [8, 24]},
								"east": {"uv": [0, 151], "uv_size": [8, 24]},
								"south": {"uv": [24, 151], "uv_size": [8, 24]},
								"west": {"uv": [16, 151], "uv_size": [8, 24]},
								"up": {"uv": [8, 143], "uv_size": [8, 8]},
								"down": {"uv": [16, 151], "uv_size": [8, -8]}
							}
						}
					]
				},
				{
					"name": "muzzleflash",
					"parent": "main",
					"pivot": [0, 17.85, -94.25],
					"cubes": [
						{
							"origin": [-0.5, 17.35, -94.55],
							"size": [1, 1, 1],
							"inflate": -0.4,
							"uv": {
								"north": {"uv": [101, 66], "uv_size": [1, 1]},
								"east": {"uv": [104, 22], "uv_size": [1, 1]},
								"south": {"uv": [104, 40], "uv_size": [1, 1]},
								"west": {"uv": [104, 79], "uv_size": [1, 1]},
								"up": {"uv": [111, 107], "uv_size": [1, 1]},
								"down": {"uv": [116, 3], "uv_size": [1, -1]}
							}
						}
					]
				},
				{
					"name": "scope",
					"parent": "main",
					"pivot": [0, 23.05, -4.25],
					"cubes": [
						{
							"origin": [-0.5, 22.55, -4.55],
							"size": [1, 1, 1],
							"inflate": -0.4,
							"uv": {
								"north": {"uv": [116, 18], "uv_size": [1, 1]},
								"east": {"uv": [25, 128], "uv_size": [1, 1]},
								"south": {"uv": [128, 47], "uv_size": [1, 1]},
								"west": {"uv": [128, 49], "uv_size": [1, 1]},
								"up": {"uv": [51, 128], "uv_size": [1, 1]},
								"down": {"uv": [128, 52], "uv_size": [1, -1]}
							}
						}
					]
				},
				{
					"name": "magazine",
					"parent": "main",
					"pivot": [0.00227, 20.9, -30.08553],
					"cubes": [
						{
							"origin": [-4.975, 8.81447, -31.08553],
							"size": [10, 24.15, 2],
							"inflate": -0.001,
							"pivot": [0.00227, 20.9, -30.08553],
							"rotation": [90, 22.5, 0],
							"uv": {
								"north": {"uv": [0, 0], "uv_size": [10, 24]},
								"east": {"uv": [63, 71], "uv_size": [2, 24]},
								"south": {"uv": [11, 0], "uv_size": [10, 24]},
								"west": {"uv": [73, 0], "uv_size": [2, 24]},
								"up": {"uv": [89, 75], "uv_size": [10, 2]},
								"down": {"uv": [89, 80], "uv_size": [10, -2]}
							}
						},
						{
							"origin": [-5.0135, 8.84138, -31.08553],
							"size": [10, 24.15, 2],
							"pivot": [0.00227, 20.9, -30.08553],
							"rotation": [90, 67.5, 0],
							"uv": {
								"north": {"uv": [33, 0], "uv_size": [10, 24]},
								"east": {"uv": [73, 50], "uv_size": [2, 24]},
								"south": {"uv": [33, 25], "uv_size": [10, 24]},
								"west": {"uv": [43, 74], "uv_size": [2, 24]},
								"up": {"uv": [90, 23], "uv_size": [10, 2]},
								"down": {"uv": [90, 28], "uv_size": [10, -2]}
							}
						},
						{
							"origin": [-4.9872, 8.8312, -31.08553],
							"size": [10, 24.15, 2],
							"inflate": -0.001,
							"pivot": [0.00227, 20.9, -30.08553],
							"rotation": [-90, 67.5, -180],
							"uv": {
								"north": {"uv": [22, 0], "uv_size": [10, 24]},
								"east": {"uv": [73, 25], "uv_size": [2, 24]},
								"south": {"uv": [0, 25], "uv_size": [10, 24]},
								"west": {"uv": [30, 73], "uv_size": [2, 24]},
								"up": {"uv": [90, 11], "uv_size": [10, 2]},
								"down": {"uv": [90, 16], "uv_size": [10, -2]}
							}
						},
						{
							"origin": [-4.98135, 8.84077, -31.08553],
							"size": [10, 24.15, 2],
							"pivot": [0.00227, 20.9, -30.08553],
							"rotation": [-90, 22.5, -180],
							"uv": {
								"north": {"uv": [11, 25], "uv_size": [10, 24]},
								"east": {"uv": [33, 73], "uv_size": [2, 24]},
								"south": {"uv": [22, 25], "uv_size": [10, 24]},
								"west": {"uv": [36, 73], "uv_size": [2, 24]},
								"up": {"uv": [90, 17], "uv_size": [10, 2]},
								"down": {"uv": [90, 22], "uv_size": [10, -2]}
							}
						},
						{
							"origin": [-12.01928, 9.825, -30.077],
							"size": [24, 24.15, 0],
							"pivot": [-0.01928, 21.9, -30.0774],
							"rotation": [90, 67.5, 0],
							"uv": {
								"north": {"uv": [172, 0], "uv_size": [24, 24]},
								"east": {"uv": [0, 0], "uv_size": [0, 24]},
								"south": {"uv": [171, 24], "uv_size": [24, 24]},
								"west": {"uv": [0, 0], "uv_size": [0, 24]},
								"up": {"uv": [0, 0], "uv_size": [24, 0]},
								"down": {"uv": [0, 0], "uv_size": [24, 0]}
							}
						},
						{
							"origin": [-1, 19, 15.5],
							"size": [2, 8, 1],
							"inflate": -0.1,
							"pivot": [1, 2.5, -1],
							"rotation": [90, 0, 0],
							"uv": {
								"north": {"uv": [56, 95], "uv_size": [2, 8]},
								"east": {"uv": [95, 109], "uv_size": [1, 8]},
								"south": {"uv": [62, 96], "uv_size": [2, 8]},
								"west": {"uv": [110, 54], "uv_size": [1, 8]},
								"up": {"uv": [128, 34], "uv_size": [2, 1]},
								"down": {"uv": [128, 37], "uv_size": [2, -1]}
							}
						},
						{
							"origin": [-1, 20.9, -30.5],
							"size": [2, 2, 1],
							"pivot": [0, 21.9, -30],
							"rotation": [90, 45, 0],
							"uv": {
								"north": {"uv": [95, 120], "uv_size": [2, 2]},
								"east": {"uv": [37, 127], "uv_size": [1, 2]},
								"south": {"uv": [120, 96], "uv_size": [2, 2]},
								"west": {"uv": [95, 127], "uv_size": [1, 2]},
								"up": {"uv": [128, 41], "uv_size": [2, 1]},
								"down": {"uv": [128, 46], "uv_size": [2, -1]}
							}
						}
					]
				},
				{
					"name": "_camera_",
					"pivot": [0, 0, 0]
				}
			]
		}
	]
}