{
	"format_version": "1.12.0",
	"minecraft:geometry": [
		{
			"description": {
				"identifier": "geometry.unknown",
				"texture_width": 128,
				"texture_height": 128,
				"visible_bounds_width": 5,
				"visible_bounds_height": 3,
				"visible_bounds_offset": [0, 0.5, 0]
			},
			"bones": [
				{
					"name": "main",
					"pivot": [0, 7, -5]
				},
				{
					"name": "gun",
					"parent": "main",
					"pivot": [-2, 11, -1],
					"cubes": [
						{"origin": [-3, 9, 3], "size": [3, 4, 7], "uv": [26, 66]},
						{"origin": [-3, 12.65, 4.75], "size": [3, 1, 5.25], "inflate": -0.3, "uv": [56, 66]},
						{"origin": [-2.325, 12.25, 8.5], "size": [1.65, 2.1, 1.25], "inflate": -0.5, "uv": [8, 46]},
						{"origin": [-1.925, 12.5, 8.5], "size": [1.25, 2, 1.25], "inflate": -0.5, "uv": [0, 46]},
						{"origin": [-2.175, 13.25, 8.5], "size": [1.25, 1.25, 1.25], "inflate": -0.5, "pivot": [-1.425, 14, 8], "rotation": [0, 0, -64], "uv": [50, 58]},
						{"origin": [-2.075, 13.25, 8.5], "size": [1.25, 1.25, 1.25], "inflate": -0.5, "pivot": [-1.575, 14, 8], "rotation": [0, 0, 64], "uv": [8, 56]},
						{"origin": [-2.325, 12.5, 8.5], "size": [1.25, 2, 1.25], "inflate": -0.5, "uv": [44, 5]},
						{"origin": [-2.7, 12.8, 5.3], "size": [2.5, 1, 4.25], "inflate": -0.3, "uv": [0, 40]},
						{"origin": [-1.15, 13.2, 5.3], "size": [1, 1.25, 4.25], "inflate": -0.3, "uv": [100, 0]},
						{"origin": [-2.85, 13.2, 5.3], "size": [1, 1.25, 4.25], "inflate": -0.3, "uv": [0, 3]},
						{"origin": [-1, 13.05, 4.75], "size": [1, 1.5, 5.25], "inflate": -0.3, "uv": [39, 66]},
						{"origin": [-3, 13.05, 4.75], "size": [1, 1.5, 5.25], "inflate": -0.3, "uv": [27, 46]},
						{"origin": [-3, 9, -8], "size": [3, 3, 11], "uv": [44, 0]},
						{"origin": [-3, 11, -11], "size": [1, 1, 3], "uv": [61, 6]},
						{"origin": [-1, 12, -8], "size": [1, 1, 11], "uv": [0, 60]},
						{"origin": [-2, 11, -8], "size": [1, 2, 1], "uv": [50, 0]},
						{"origin": [-1.25, 11, -7], "size": [1, 2, 9], "uv": [13, 60]},
						{"origin": [-3, 12, -7], "size": [1, 1, 10], "uv": [0, 0]},
						{"origin": [-2.75, 11, -7], "size": [1, 2, 9], "uv": [16, 46]},
						{"origin": [-2, 8.925, 10], "size": [1, 4, 1], "inflate": 0.07, "uv": [52, 21]},
						{"origin": [-2, 11.175, 9.75], "size": [1, 1, 2], "inflate": -0.1, "pivot": [-1.5, 11.675, 10.75], "rotation": [0, 0, -45], "uv": [13, 26]},
						{"origin": [-3, 8.975, 9], "size": [1, 4, 1], "inflate": -0.005, "pivot": [-3, 12.975, 10], "rotation": [0, -16, 0], "uv": [51, 30]},
						{"origin": [-1, 8.975, 9], "size": [1, 4, 1], "inflate": -0.005, "pivot": [0, 12.975, 10], "rotation": [0, 16, 0], "uv": [27, 46]},
						{"origin": [-3, 6.7, 5.15], "size": [3, 3, 2], "inflate": -0.012, "pivot": [-1, 6.7, 5.2], "rotation": [12.5, 0, 0], "uv": [0, 60]},
						{"origin": [-2.5, 7, -8], "size": [2, 2, 4], "uv": [72, 44]},
						{"origin": [-2.775, 4.675, -7.825], "size": [2.575, 1, 3.75], "inflate": -0.32, "uv": [42, 37]},
						{"origin": [-2.775, 4.95, -9.7], "size": [2.575, 1.15, 2.65], "inflate": -0.32, "pivot": [-1.4875, 5.45, -7.825], "rotation": [-90, 0, 0], "uv": [49, 37]},
						{"origin": [-2.775, 4.95, -6.2], "size": [2.575, 1.15, 2.65], "inflate": -0.32, "pivot": [-1.4875, 5.45, -4.325], "rotation": [-90, 0, 0], "uv": [21, 38]},
						{"origin": [-2.775, 5.5, -4.875], "size": [2.575, 1, 1.3], "inflate": -0.32, "pivot": [-1.4875, 5.825, -4.5], "rotation": [-120, 0, 0], "uv": [48, 54]},
						{"origin": [-2.775, 5.8, -4.875], "size": [2.575, 1, 1.3], "inflate": -0.32, "pivot": [-1.4875, 6.475, -4.5], "rotation": [120, 0, 0], "uv": [6, 54]},
						{"origin": [-2.775, 5.5, -8.425], "size": [2.575, 1, 1.3], "inflate": -0.32, "pivot": [-1.4875, 5.825, -7.5], "rotation": [120, 0, 0], "uv": [48, 27]},
						{"origin": [-2.775, 5.8, -8.425], "size": [2.575, 1, 1.3], "inflate": -0.32, "pivot": [-1.4875, 6.475, -7.5], "rotation": [-120, 0, 0], "uv": [33, 52]},
						{"origin": [-2, 5.25, -5.75], "size": [1, 1, 3], "inflate": -0.3, "pivot": [-1.5, 5.4125, -5.75], "rotation": [67.25499, -2.20465, -2.97019], "uv": [0, 15]},
						{"origin": [-2.5, 8.25, 0], "size": [2, 2, 6], "uv": [46, 66]},
						{"origin": [-2.5, 5, -4], "size": [2, 4, 4], "uv": [0, 46]},
						{"origin": [-1.75, 7.9, -2], "size": [2, 1.1, 1.7], "inflate": -0.4, "uv": [24, 66]},
						{"origin": [-1.75, 7.15, -5], "size": [2, 1.1, 1.7], "inflate": -0.4, "uv": [64, 26]},
						{"origin": [-1, 6.15, -8.75], "size": [1, 4.1, 1.7], "inflate": -0.3, "pivot": [-1, 7.2, -7.9], "rotation": [-77.5, 0, 0], "uv": [42, 30]},
						{"origin": [-2.45, 4.45, -0.5], "size": [1.9, 4, 2], "pivot": [-0.5, 8.45, 1.5], "rotation": [-52.5, 0, 0], "uv": [60, 72]},
						{"origin": [-2.575, -0.625, -3.725], "size": [2.175, 6, 4], "pivot": [-0.475, 5, -4], "rotation": [35, 0, 0], "uv": [28, 0]},
						{"origin": [-2.625, 5, -3.975], "size": [2.25, 2.25, 4], "inflate": 0.01, "uv": [12, 72]},
						{"origin": [-2.65, 1.525, 0.475], "size": [2.3, 1.5, 2.15], "inflate": -0.01, "pivot": [-0.5, 2.275, 1.725], "rotation": [-10, 0, 0], "uv": [58, 26]},
						{"origin": [-2.675, -1.375, 0.45], "size": [2.35, 2.5, 1.9], "pivot": [-0.5, 1.15, 2.6], "rotation": [-65, 0, 0], "uv": [66, 6]},
						{"origin": [-2.65, -1.45, -1.85], "size": [2.3, 1.5, 1.9], "inflate": -0.012, "pivot": [-0.5, 0.075, 0.3], "rotation": [-84, 0, 0], "uv": [46, 66]},
						{"origin": [-2.575, 1.3, -2.35], "size": [2.15, 5, 1.9], "inflate": -0.01, "pivot": [-0.5, 3.325, 0.8], "rotation": [25, 0, 0], "uv": [0, 65]},
						{"origin": [-3, 5, 6], "size": [3, 4, 22], "inflate": -0.01, "pivot": [-0.975, 9, 12], "rotation": [-15, 0, 0], "uv": [0, 0]},
						{"origin": [-2, 9, 14], "size": [1, 1, 14], "pivot": [-1, 9, 12], "rotation": [-15, 0, 0], "uv": [43, 31]},
						{"origin": [-2, 9, 26], "size": [1, 1, 2], "inflate": 0.03, "pivot": [-1, 9, 12], "rotation": [-15, 0, 0], "uv": [42, 26]},
						{"origin": [-2, 8.61593, 14.25882], "size": [1, 1.35, 14], "pivot": [-2, 9.96593, 12.25882], "rotation": [-11.17505, 10.07026, 41.5123], "uv": [42, 15]},
						{"origin": [-2, 8.61593, 14.25882], "size": [1, 1.35, 14], "pivot": [-1, 9.96593, 12.25882], "rotation": [-11.17505, -10.07026, -41.5123], "uv": [28, 0]},
						{"origin": [-1.975, 8.59093, 26.25882], "size": [1, 1.35, 2], "inflate": 0.02, "pivot": [-1, 9.96593, 12.25882], "rotation": [-11.17505, -10.07026, -41.5123], "uv": [29, 38]},
						{"origin": [-2.025, 8.59093, 26.25882], "size": [1, 1.35, 2], "inflate": 0.02, "pivot": [-2, 9.96593, 12.25882], "rotation": [-11.17505, 10.07026, 41.5123], "uv": [35, 10]},
						{"origin": [-3, 4, 15], "size": [3, 4, 15], "inflate": -0.05, "pivot": [-1, 8, 15], "rotation": [-32.5, 0, 0], "uv": [21, 26]},
						{"origin": [-3, 1.60456, 24.50528], "size": [3, 4, 2], "inflate": 0.011, "pivot": [-1, 1.60456, 24.48028], "rotation": [-15, 0, 0], "uv": [12, 11]},
						{"origin": [-3, -3.35, 24.575], "size": [3, 5, 2], "inflate": 0.01, "pivot": [-1, 0.65, 25.575], "rotation": [5, 0, 0], "uv": [0, 0]},
						{"origin": [-2.5, 9, -15], "size": [2, 4, 3], "uv": [12, 0]},
						{"origin": [-1.75, 12.25, -12.25], "size": [1.625, 1, 4.5], "inflate": -0.25, "uv": [46, 22]},
						{"origin": [-1, 11, -12], "size": [1, 1, 4], "uv": [44, 5]},
						{"origin": [-1, 9, -12], "size": [1, 2, 1], "uv": [44, 0]},
						{"origin": [-1, 12, -12], "size": [1, 1.05, 4], "pivot": [0, 12, -11], "rotation": [0, 0, -20.5], "uv": [44, 0]},
						{"origin": [-3, 9, -12], "size": [1, 3, 1], "uv": [0, 40]},
						{"origin": [-3, 9, -13], "size": [1, 3, 1], "inflate": -0.01, "pivot": [-3, 11, -12], "rotation": [0, -32.5, 0], "uv": [15, 39]},
						{"origin": [-1, 9, -13], "size": [1, 3, 1], "inflate": -0.01, "pivot": [0, 11, -12], "rotation": [0, 32.5, 0], "uv": [28, 0]},
						{"origin": [-2, 11, -34], "size": [1, 1, 19], "pivot": [-1.5, 11.5, -39], "rotation": [0, 0, 45], "uv": [0, 26]},
						{"origin": [-2, 11, -20.3], "size": [1, 1, 5], "inflate": 0.3, "pivot": [-1.5, 11.5, -39.3], "rotation": [0, 0, 45], "uv": [0, 72]},
						{"origin": [-2, 11, -23.75], "size": [1, 1, 3], "inflate": 0.2, "pivot": [-1.5, 11.5, -43.75], "rotation": [0, 0, 45], "uv": [16, 50]},
						{"origin": [-2, 11, -26.75], "size": [1, 1, 3], "inflate": 0.1, "pivot": [-1.5, 11.5, -46.75], "rotation": [0, 0, 45], "uv": [16, 46]},
						{"origin": [-2, 11, -39], "size": [1, 1, 5], "inflate": 0.2, "pivot": [-1.5, 11.5, -39], "rotation": [0, 0, 45], "uv": [72, 6]},
						{"origin": [-2, 11, -35], "size": [1, 1, 1], "inflate": 0.3, "pivot": [-1.5, 11.5, -39], "rotation": [0, 0, 45], "uv": [18, 64]},
						{"origin": [-2.5, 7.95, -27], "size": [2, 2, 12], "uv": [0, 46]},
						{"origin": [-2, 9.1, -26.5], "size": [1, 1, 12], "uv": [28, 45]},
						{"origin": [-2, 9.35, -25.5], "size": [1, 2, 1], "inflate": -0.2, "pivot": [-1.5, 11.35, -25], "rotation": [0, -45, 0], "uv": [21, 46]},
						{"origin": [-2.5, 5.975, -19.975], "size": [2, 2, 5], "inflate": -0.03, "pivot": [-0.5, 7.975, -14.975], "rotation": [-22, 0, 0], "uv": [42, 30]},
						{"origin": [-2.5, 8.05, -27], "size": [2, 3, 8], "inflate": -0.1, "pivot": [-0.5, 8.05, -27], "rotation": [-55, 0, 0], "uv": [0, 11]},
						{"origin": [-2.5, 3.01473, -21.72672], "size": [2, 1, 2], "inflate": -0.01, "pivot": [-0.5, 3.03973, -19.75172], "rotation": [50, 0, 0], "uv": [42, 54]},
						{"origin": [-2.5, 1.48264, -23.0123], "size": [2, 1, 2], "inflate": -0.02, "pivot": [-0.5, 1.50764, -21.0373], "rotation": [-6, 0, 0], "uv": [27, 52]},
						{"origin": [-2.5, 10.05, -25], "size": [2, 2, 5], "inflate": -0.2, "pivot": [-0.5, 8.05, -27], "rotation": [-55, 0, 0], "uv": [67, 67]},
						{"origin": [-2.5, 6.33685, -23.42766], "size": [2, 2, 2], "inflate": -0.22, "pivot": [-0.5, 7.88685, -22.00266], "rotation": [-15, 0, 0], "uv": [0, 54]},
						{"origin": [-2.5, 2.92164, -20.20654], "size": [2, 2, 2], "inflate": -0.2, "pivot": [-0.5, 4.67164, -20.05654], "rotation": [-80, 0, 0], "uv": [13, 60]},
						{"origin": [-2, 11.875, -35], "size": [1, 1.7, 1.5], "inflate": -0.4, "uv": [27, 38]}
					]
				},
				{
					"name": "bone2",
					"parent": "gun",
					"pivot": [0, 26.2, -19]
				},
				{
					"name": "bone4",
					"parent": "gun",
					"pivot": [-1.1, 27.85, -41.75]
				},
				{
					"name": "reload_thing",
					"parent": "gun",
					"pivot": [-1.25, 14.15, 1.5],
					"cubes": [
						{"origin": [-2, 13, 1], "size": [1, 1, 1], "inflate": -0.2, "pivot": [-1.5, 13.5, 1.5], "rotation": [0, -45, 0], "uv": [36, 54]},
						{"origin": [-1.975, 12.5, 1], "size": [1, 1, 1], "inflate": -0.1, "pivot": [-1.475, 13, 1.5], "rotation": [0, -45, 0], "uv": [50, 5]},
						{"origin": [-2.275, 13.325, 0.75], "size": [1, 1.25, 1.5], "inflate": -0.4, "uv": [50, 7]},
						{"origin": [-1.725, 13.325, 0.75], "size": [1, 1.25, 1.5], "inflate": -0.4, "uv": [21, 50]}
					]
				},
				{
					"name": "rightarm",
					"parent": "main",
					"pivot": [-7.3, -1.2, 17.8],
					"rotation": [-101.81106, -12.40003, -2.46982],
					"cubes": [
						{"origin": [-11.3, -25.2, 13.8], "size": [8, 24, 8], "uv": [32, 145]}
					]
				},
				{
					"name": "leftarm",
					"parent": "main",
					"pivot": [7.2, -6.2, -8.1],
					"rotation": [-124.61483, 1.67666, -38.31282],
					"cubes": [
						{"origin": [3.2, -30.2, -12.1], "size": [8, 24, 8], "uv": [0, 143]}
					]
				},
				{
					"name": "magazine",
					"parent": "main",
					"pivot": [-2, 11, -1],
					"cubes": [
						{"origin": [-3.875, -1.225, -11], "size": [5, 11, 3], "inflate": -0.11, "uv": [0, 26]},
						{"origin": [-3.875, 9.775, -11], "size": [2, 1, 3], "inflate": -0.1, "uv": [8, 40]},
						{"origin": [-0.875, 9.775, -11], "size": [2, 1, 3], "inflate": -0.1, "uv": [28, 10]},
						{"origin": [-3.625, 8.775, -11.7], "size": [4.25, 1, 1], "inflate": -0.3, "uv": [12, 17]},
						{"origin": [-3.625, 8.775, -8.425], "size": [4.25, 1, 1], "inflate": -0.3, "uv": [12, 7]},
						{"origin": [-7.375, 2.275, -11], "size": [12, 5, 3], "inflate": -0.11, "uv": [42, 46]},
						{"origin": [-7.375, -1.275, -8.05], "size": [12, 12, 0], "uv": [58, 14]},
						{"origin": [-7.375, -1.2, -11.025], "size": [12, 12, 0], "uv": [54, 54]},
						{"origin": [-7.375, 7.075, -11], "size": [11.925, 5.15, 3], "inflate": -0.1, "pivot": [-7.275, 7.175, -9.5], "rotation": [0, 0, 45], "uv": [59, 30]},
						{"origin": [-7.325, 7.075, -11], "size": [11.95, 5.15, 3], "inflate": -0.1, "pivot": [4.525, 7.175, -9.5], "rotation": [0, 0, -45], "uv": [25, 58]},
						{"origin": [-3.875, -1.325, -11], "size": [5, 11.25, 1], "uv": [21, 26]},
						{"origin": [-0.875, 7.675, -11], "size": [2, 3.25, 1], "uv": [34, 46]},
						{"origin": [-3.875, 7.675, -11], "size": [2, 3.25, 1], "uv": [36, 0]},
						{"origin": [-7.475, 7.175, -11], "size": [12.2, 5.15, 1], "pivot": [4.625, 7.275, -9.5], "rotation": [0, 0, -45], "uv": [28, 15]},
						{"origin": [-7.475, 7.175, -11], "size": [12.175, 5.15, 1], "pivot": [-7.375, 7.275, -9.5], "rotation": [0, 0, 45], "uv": [59, 38]},
						{"origin": [-7.5, 2.25, -11], "size": [12.25, 5, 1], "uv": [61, 0]},
						{"origin": [-1.9, 4.25, -11.2], "size": [1, 1, 3.25], "pivot": [-1.4, 4.75, -10.2], "rotation": [0, 0, 45], "uv": [0, 11]}
					]
				},
				{
					"name": "bullet",
					"parent": "magazine",
					"pivot": [-23.4, 21, -15.7],
					"cubes": [
						{"origin": [-1.9, 9.25, -11.2], "size": [1, 1, 3], "inflate": -0.2, "pivot": [-1.4, 9.75, -14.2], "rotation": [0, 0, 21], "uv": [13, 64]}
					]
				},
				{
					"name": "muzzleflash",
					"parent": "main",
					"pivot": [-1.5, 11.6, -40.75],
					"cubes": [
						{"origin": [-2, 11.1, -41.05], "size": [1, 1, 1], "inflate": -0.4, "uv": [39, 66]}
					]
				},
				{
					"name": "scope",
					"parent": "main",
					"pivot": [-1.475, 14.05, 8.75],
					"cubes": [
						{"origin": [-2, 13.4, 8.45], "size": [1, 1, 1], "inflate": -0.4, "uv": [6, 65]}
					]
				},
				{
					"name": "_camera_",
					"pivot": [0, 0, 0]
				}
			]
		}
	]
}