{
	"format_version": "1.12.0",
	"minecraft:geometry": [
		{
			"description": {
				"identifier": "geometry.unknown",
				"texture_width": 256,
				"texture_height": 256,
				"visible_bounds_width": 8,
				"visible_bounds_height": 5,
				"visible_bounds_offset": [0, 1.5, 0]
			},
			"bones": [
				{
					"name": "bb_main",
					"pivot": [0, 0, 0]
				},
				{
					"name": "main",
					"pivot": [0, 20, 0]
				},
				{
					"name": "gun",
					"parent": "main",
					"pivot": [1, 15, -4],
					"cubes": [
						{"origin": [0, 18.8, -13], "size": [3, 4.5, 1], "inflate": 0.1, "uv": [31, 31]},
						{"origin": [0, 18.8, -12], "size": [1, 2.5, 11], "uv": [0, 83]},
						{"origin": [0, 21.3, -12.9], "size": [1, 2, 2], "uv": [32, 11]},
						{"origin": [0, 21.3, -3], "size": [2, 2, 2], "uv": [41, 4]},
						{"origin": [1, 18.8, -12], "size": [2, 4.5, 11], "uv": [82, 59]},
						{"origin": [0.7, 23, -13], "size": [1.6, 1, 2], "inflate": 0.1, "uv": [10, 55]},
						{"origin": [0.7, 23, -11], "size": [1.6, 1, 10], "uv": [97, 14]},
						{"origin": [2.45, 23.25, -13.1], "size": [1, 1, 2.2], "pivot": [2.25, 24.25, -4.1], "rotation": [0, 0, 45], "uv": [50, 48]},
						{"origin": [-0.45, 23.25, -13.1], "size": [1, 1, 2.2], "pivot": [0.75, 24.25, -4.1], "rotation": [0, 0, -45], "uv": [41, 48]},
						{"origin": [2.45, 17.85, -13.1], "size": [1, 1, 2.2], "pivot": [2.25, 17.85, -4.1], "rotation": [0, 0, -45], "uv": [41, 35]},
						{"origin": [-0.45, 17.85, -13.1], "size": [1, 1, 2.2], "pivot": [0.75, 17.85, -4.1], "rotation": [0, 0, 45], "uv": [41, 45]},
						{"origin": [0.7, 18.1, -13], "size": [1.6, 1, 2], "inflate": 0.1, "uv": [50, 45]},
						{"origin": [-0.3, 23, -3], "size": [1, 1, 2], "pivot": [0.7, 24, -4], "rotation": [0, 0, -45], "uv": [32, 21]},
						{"origin": [2.3, 23, -11], "size": [1, 1, 10], "pivot": [2.3, 24, -4], "rotation": [0, 0, 45], "uv": [97, 0]},
						{"origin": [-0.3, 19.925, 3.425], "size": [1, 1, 13], "pivot": [0.7, 20.925, 4], "rotation": [-16.32495, -15.69986, -42.73421], "uv": [82, 0]},
						{"origin": [0.7, 19.925, 3.475], "size": [1.6, 1, 13], "pivot": [0.7, 20.925, 4], "rotation": [-22.5, 0, 0], "uv": [82, 14]},
						{"origin": [1.83137, 21.05637, 3.45], "size": [1, 1, 13], "pivot": [0.7, 20.925, 4], "rotation": [-16.32495, 15.69986, 42.73421], "uv": [82, 45]},
						{"origin": [1.83137, 19.75637, 15.95], "size": [1, 1, 25], "pivot": [0.7, 19.625, 16.5], "rotation": [-2.83073, 2.82728, 44.93013], "uv": [159, 79]},
						{"origin": [0.7, 18.625, 15.975], "size": [1.6, 1, 25], "pivot": [0.7, 19.625, 16.5], "rotation": [-4, 0, 0], "uv": [137, 160]},
						{"origin": [-0.3, 18.625, 15.95], "size": [1, 1, 25], "pivot": [0.7, 19.625, 16.525], "rotation": [-2.83073, -2.82728, -44.93013], "uv": [0, 161]},
						{"origin": [1.83137, 17.50637, 11.45], "size": [1, 1, 6], "pivot": [0.7, 17.375, 12], "rotation": [10.72858, -10.54529, 44.00703], "uv": [24, 0]},
						{"origin": [0.7, 16.375, 11.475], "size": [1.6, 1, 6], "pivot": [0.7, 17.375, 12], "rotation": [15, 0, 0], "uv": [23, 32]},
						{"origin": [-0.3, 16.375, 11.425], "size": [1, 1, 6], "pivot": [0.7, 17.375, 12], "rotation": [10.72858, 10.54529, -44.00703], "uv": [41, 32]},
						{"origin": [-0.3, 18.075, -3.3], "size": [1, 1, 16], "pivot": [0.7, 18.075, -3.2], "rotation": [-10.72858, 10.54529, 44.00703], "uv": [0, 42]},
						{"origin": [0.7, 18.075, -3.325], "size": [1.6, 1, 16], "pivot": [0.7, 18.075, -3.2], "rotation": [-15, 0, 0], "uv": [41, 45]},
						{"origin": [1.83137, 16.94363, -3.325], "size": [1, 1, 16], "pivot": [0.7, 18.075, -3.2], "rotation": [-10.72858, -10.54529, -44.00703], "uv": [0, 59]},
						{"origin": [1.87766, 15.11492, 10.59242], "size": [1, 1.3, 5], "inflate": -0.003, "pivot": [0.7, 16.2, 9.65], "rotation": [-53.34877, -38.73952, -24.96737], "uv": [18, 52]},
						{"origin": [0.7, 16.26546, 10.59242], "size": [1.6, 1.3, 5], "inflate": -0.003, "pivot": [0.7, 16.2, 9.65], "rotation": [-62.25, 0, 0], "uv": [41, 54]},
						{"origin": [-0.34629, 16.24629, 10.56742], "size": [1, 1.3, 5], "inflate": -0.003, "pivot": [0.7, 16.2, 9.65], "rotation": [-53.34877, 38.73952, 24.96737], "uv": [56, 33]},
						{"origin": [-0.3, 18.1, -11], "size": [1, 1, 10], "pivot": [0.7, 18.1, -4], "rotation": [0, 0, 45], "uv": [97, 45]},
						{"origin": [0.7, 18.1, -4], "size": [1.6, 1, 3], "uv": [18, 42]},
						{"origin": [0.7, 18.35, 1.425], "size": [1.6, 1, 3], "pivot": [1.3, 18.35, 1.425], "rotation": [-167.5, 0, 0], "uv": [41, 0]},
						{"origin": [0.7, 17.725, 4.975], "size": [1.6, 2, 2], "pivot": [1.3, 18.725, 3.975], "rotation": [-142.5, 0, 0], "uv": [32, 0]},
						{"origin": [0.55, 18.5, -1.325], "size": [2, 1, 3], "inflate": -0.3, "pivot": [1.55, 18.5, -1.325], "rotation": [-100, 0, 0], "uv": [28, 59]},
						{"origin": [0.55, 17.7, 1.8], "size": [2, 1, 3], "inflate": -0.3, "pivot": [1.55, 17.7, 1.8], "rotation": [-92.5, 0, 0], "uv": [29, 46]},
						{"origin": [0.55, 13.8, 1.475], "size": [2, 1, 2], "inflate": -0.3, "pivot": [1.55, 13.8, 0.475], "rotation": [120.5, 0, 0], "uv": [18, 46]},
						{"origin": [0.55, 16.5, 5.1], "size": [2, 1, 1.5], "inflate": -0.3, "pivot": [1.55, 16.5, 3.6], "rotation": [-150, 0, 0], "uv": [32, 4]},
						{"origin": [0.55, 15.275, 1.925], "size": [2, 1, 3], "inflate": -0.3, "pivot": [1.55, 15.275, 1.925], "rotation": [-180, 0, 0], "uv": [25, 52]},
						{"origin": [0.55, 18.3, -0.275], "size": [2, 1, 3], "inflate": -0.3, "pivot": [1.55, 18.3, -0.275], "rotation": [-72.5, 0, 0], "uv": [29, 42]},
						{"origin": [2.3, 18.1, -11], "size": [1, 1, 10], "pivot": [2.3, 18.1, -4], "rotation": [0, 0, -45], "uv": [97, 59]},
						{"origin": [0, 20, -1], "size": [3, 2.3, 13], "inflate": -0.01, "pivot": [1, 22.95, -1], "rotation": [-22.5, 0, 0], "uv": [41, 62]},
						{"origin": [0, 21, 12], "size": [3, 1.3, 2], "inflate": -0.004, "pivot": [1, 22.95, -1], "rotation": [-22.5, 0, 0], "uv": [0, 55]},
						{"origin": [0, 22.3, -0.9], "size": [3, 1, 5], "pivot": [1, 23.55, -1], "rotation": [-25.5, 0, 0], "uv": [13, 32]},
						{"origin": [0, 12.8, 15.9], "size": [3, 6, 25], "pivot": [1, 18.8, 18.9], "rotation": [-4, 0, 0], "uv": [154, 119]},
						{"origin": [0, 10.8, 35.95], "size": [3, 8, 5], "inflate": 0.003, "pivot": [1, 19, 19], "rotation": [-4, 0, 0], "uv": [0, 42]},
						{"origin": [0, 7.1, 37.95], "size": [3, 3.7, 3], "inflate": 0.001, "pivot": [1, 19, 19], "rotation": [-4, 0, 0], "uv": [49, 32]},
						{"origin": [0, 12.68735, 15.83512], "size": [3, 5, 25], "inflate": -0.005, "pivot": [1, 18.18735, 19.63512], "rotation": [-20, 0, 0], "uv": [81, 158]},
						{"origin": [0, 12.19819, 8.39816], "size": [3, 6, 4], "inflate": -0.001, "pivot": [1, 11.19819, 11.99816], "rotation": [-62.5, 0, 0], "uv": [0, 59]},
						{"origin": [0, 15.19819, 7.79816], "size": [3, 5, 4], "inflate": -0.003, "pivot": [1, 13.19819, 10.79816], "rotation": [-75, 0, 0], "uv": [18, 59]},
						{"origin": [0, 18.1, -2.9], "size": [3, 2, 18], "inflate": -0.002, "pivot": [1, 19.318, -0.39404], "rotation": [-15, 0, 0], "uv": [74, 125]},
						{"origin": [1.50801, 23.10801, -13], "size": [1, 1, 2], "pivot": [2.00801, 23.60801, -12], "rotation": [0, 0, -60], "uv": [220, 1]},
						{"origin": [0.49199, 23.10801, -13], "size": [1, 1, 2], "pivot": [0.99199, 23.60801, -12], "rotation": [0, 0, 60], "uv": [248, 0], "mirror": true}
					]
				},
				{
					"name": "bone",
					"parent": "gun",
					"pivot": [0, 17.5, -15.9],
					"cubes": [
						{"origin": [0.45, 22, -61.5], "size": [2, 1, 2], "inflate": -0.2, "uv": [48, 54]},
						{"origin": [0.95, 21.5, -61.5], "size": [1, 2, 2], "inflate": -0.2, "uv": [32, 7]},
						{"origin": [1, 22.7, -58.5], "size": [1, 2, 1], "inflate": -0.4, "pivot": [1.45, 23.625, -58], "rotation": [0, -45, 0], "uv": [24, 32]},
						{"origin": [0.725, 21.025, -60.3], "size": [1.5, 3, 10], "inflate": -0.3, "uv": [52, 89]},
						{"origin": [1.05, 20.825, -59.6], "size": [1, 1, 9], "uv": [18, 42]},
						{"origin": [1.05, 20.425, -55.65], "size": [1, 1, 1], "pivot": [1.55, 20.925, -55.15], "rotation": [45, 0, 0], "uv": [4, 0]},
						{"origin": [0.55, 20.425, -55.65], "size": [2, 1, 1], "inflate": -0.3, "pivot": [1.05, 20.925, -55.15], "rotation": [45, 0, 0], "uv": [48, 57]},
						{"origin": [0.55, 20.425, -59.65], "size": [2, 1, 1], "inflate": -0.3, "pivot": [1.05, 20.925, -59.15], "rotation": [45, 0, 0], "uv": [30, 56]},
						{"origin": [0.55, 20.425, -51.65], "size": [2, 1, 1], "inflate": -0.3, "pivot": [1.05, 20.925, -51.15], "rotation": [45, 0, 0], "uv": [18, 49]},
						{"origin": [1.05, 19.825, -60.6], "size": [1, 1, 2], "pivot": [1.55, 20.325, -59.6], "rotation": [0, 0, 45], "uv": [32, 24]},
						{"origin": [1.05, 16.825, -52.6], "size": [1, 4, 2], "uv": [24, 0]},
						{"origin": [1.05, 16.825, -52.6], "size": [1, 5, 2], "inflate": -0.003, "pivot": [1.8, 16.825, -52.6], "rotation": [22.5, 0, 0], "uv": [0, 0]},
						{"origin": [1.625, 21.1, -60.3], "size": [1.65, 2.925, 10], "inflate": -0.3, "pivot": [1.925, 23.725, -55.3], "rotation": [0, 0, 45], "uv": [0, 96]},
						{"origin": [0.64922, 21.06926, -60.3], "size": [1.65, 2.925, 10], "inflate": -0.3, "pivot": [1.47422, 22.53176, -55.3], "rotation": [0, 0, 135], "uv": [14, 94]},
						{"origin": [0.725, 21.025, -60.3], "size": [1.5, 3, 10], "inflate": -0.3, "pivot": [1.475, 22.525, -55.3], "rotation": [0, 0, 90], "uv": [40, 86]},
						{"origin": [0.725, 21.225, -51.875], "size": [2, 3, 32], "inflate": -0.29, "pivot": [1.475, 22.725, -45.875], "rotation": [0, 0, 90], "uv": [123, 84]},
						{"origin": [1.625, 21.3, -51.875], "size": [1.65, 2.925, 32], "inflate": -0.3, "pivot": [1.925, 23.925, -45.875], "rotation": [0, 0, 45], "uv": [40, 126]},
						{"origin": [0.725, 21.225, -51.875], "size": [1.5, 3, 32], "inflate": -0.3, "uv": [86, 123]},
						{"origin": [0.64922, 21.26926, -51.875], "size": [1.65, 2.925, 32], "inflate": -0.3, "pivot": [1.47422, 22.73176, -45.875], "rotation": [0, 0, 135], "uv": [120, 126]},
						{"origin": [0.85, 17.8, -50.9], "size": [1.5, 3, 39], "inflate": -0.3, "uv": [0, 0]},
						{"origin": [1.75, 17.875, -50.9], "size": [1.65, 2.925, 39], "inflate": -0.3, "pivot": [2.05, 20.5, -45.9], "rotation": [0, 0, 45], "uv": [0, 42]},
						{"origin": [0.85, 17.8, -50.9], "size": [1.5, 3, 39], "inflate": -0.3, "pivot": [1.6, 19.3, -45.9], "rotation": [0, 0, 90], "uv": [41, 3]},
						{"origin": [0.77422, 17.84426, -50.9], "size": [1.65, 2.925, 39], "inflate": -0.3, "pivot": [1.59922, 19.30676, -45.9], "rotation": [0, 0, 135], "uv": [41, 45]},
						{"origin": [0.7, 21.09996, -50.89127], "size": [1.5, 1, 38], "inflate": -0.2, "pivot": [1.1, 22.29996, -13.09127], "rotation": [-0.5, 0, 0], "uv": [122, 1]},
						{"origin": [0.7, 22.90004, -50.89127], "size": [1.5, 1, 38], "inflate": -0.2, "pivot": [1.1, 22.70004, -13.09127], "rotation": [0.5, 0, 0], "uv": [82, 0]},
						{"origin": [0.9, 22.30004, -50.89127], "size": [1.5, 1, 38], "inflate": -0.2, "pivot": [1.3, 22.10004, -13.09127], "rotation": [0.5, 0, -90], "uv": [122, 40]},
						{"origin": [0.5, 22.30004, -50.89127], "size": [1.5, 1, 38], "inflate": -0.2, "pivot": [1.6, 22.10004, -13.09127], "rotation": [0.5, 0, 90], "uv": [82, 45]},
						{"origin": [1.47518, 22.17504, -50.89978], "size": [1.35, 1, 38], "inflate": -0.2, "pivot": [2.67518, 22.95004, -13.07478], "rotation": [0.32, 0, 47], "uv": [0, 122]},
						{"origin": [1.47518, 21.82496, -50.89978], "size": [1.35, 1, 38], "inflate": -0.2, "pivot": [2.67518, 22.04996, -13.07478], "rotation": [-0.32, 0, -47], "uv": [0, 83]},
						{"origin": [0.07482, 21.82496, -50.89978], "size": [1.35, 1, 38], "inflate": -0.2, "pivot": [0.22482, 22.04996, -13.07478], "rotation": [-0.32, 0, 47], "uv": [83, 84]},
						{"origin": [0.07482, 22.17504, -50.89978], "size": [1.35, 1, 38], "inflate": -0.2, "pivot": [0.22482, 22.95004, -13.07478], "rotation": [0.32, 0, -47], "uv": [40, 86]},
						{"origin": [1.55, 21.55, -61.5], "size": [1.1, 1.95, 2], "inflate": -0.2, "pivot": [1.75, 23.3, -14.5], "rotation": [0, 0, 45], "uv": [41, 32]},
						{"origin": [0.89948, 21.5295, -61.5], "size": [1.1, 1.95, 2], "inflate": -0.2, "pivot": [1.44948, 22.5045, -36.5], "rotation": [0, 0, -45], "uv": [32, 27]}
					]
				},
				{
					"name": "ts",
					"parent": "bone",
					"pivot": [1.8, 17.625, -50.9],
					"rotation": [36, 0, 0],
					"cubes": [
						{"origin": [-0.95, 14.625, -50.9], "size": [5, 3, 0], "uv": [6, 34]}
					]
				},
				{
					"name": "reload_thingy",
					"parent": "gun",
					"pivot": [1, 15, -4],
					"cubes": [
						{"origin": [1.4, 19.6, -22], "size": [1, 2, 9], "uv": [204, 29]},
						{"origin": [0.525, 22.225, -11], "size": [2, 1.5, 10], "uv": [13, 83]},
						{"origin": [0.525, 22.725, -1], "size": [2, 1, 1], "inflate": 0.002, "pivot": [1.525, 23.725, -1], "rotation": [-45, 0, 0], "uv": [31, 36]},
						{"origin": [-0.425, 18.375, -38], "size": [4, 1.875, 16], "uv": [80, 103]},
						{"origin": [-0.425, 18.375, -38], "size": [4, 1.875, 16], "pivot": [1.575, 19.3125, -30], "rotation": [0, 0, 90], "uv": [80, 86]},
						{"origin": [-1.625, 19.8, -38], "size": [4.125, 1.5, 16], "inflate": 0.003, "pivot": [2.5, 21.3, -24], "rotation": [0, 0, -45], "uv": [112, 160]},
						{"origin": [-1.65, 17.3, -38], "size": [4.15, 1.5, 16], "inflate": 0.003, "pivot": [2.5, 17.3, -24], "rotation": [0, 0, 45], "uv": [62, 160]}
					]
				},
				{
					"name": "hammer",
					"parent": "gun",
					"pivot": [1, 22.65, -0.25],
					"rotation": [-82.5, 0, 0],
					"cubes": [
						{"origin": [1, 21.1, -0.1], "size": [1, 2, 1], "pivot": [1.5, 22.1, -0.1], "rotation": [50, 0, 0], "uv": [0, 34]},
						{"origin": [1.2, 22.1, 0.125], "size": [1, 1, 2], "inflate": -0.3, "pivot": [1.5, 22.1, -0.1], "rotation": [72.5, 0, 0], "uv": [32, 18]},
						{"origin": [0.8, 22.1, 0.125], "size": [1, 1, 2], "inflate": -0.3, "pivot": [1.5, 22.1, -0.1], "rotation": [72.5, 0, 0], "uv": [32, 15]}
					]
				},
				{
					"name": "another_thing",
					"parent": "gun",
					"pivot": [1, 15, -9],
					"rotation": [0, 0, 0],
					"cubes": [
						{"origin": [0.7, 18.25, -11], "size": [1.6, 2, 7], "uv": [41, 45]}
					]
				},
				{
					"name": "rightarm",
					"parent": "main",
					"pivot": [-7.8, 6.9, 21.6],
					"rotation": [-102.46726, -22.17769, -0.27011],
					"cubes": [
						{"origin": [-11.8, -17.1, 17.6], "size": [8, 24, 8], "uv": [41, 0]}
					]
				},
				{
					"name": "leftarm",
					"parent": "main",
					"pivot": [10.7, 11.3, -8.6],
					"rotation": [-119.61483, 1.67666, -38.31282],
					"cubes": [
						{"origin": [4.27976, -12.9501, -8.84768], "size": [8, 24, 8], "uv": [0, 0]}
					]
				},
				{
					"name": "muzzleflash",
					"parent": "main",
					"pivot": [1.5, 22.6, -68.25],
					"cubes": [
						{"origin": [1, 22.1, -68.55], "size": [1, 1, 1], "inflate": -0.4, "uv": [10, 37]}
					]
				},
				{
					"name": "scope",
					"parent": "main",
					"pivot": [1.475, 24.35, -3.05],
					"cubes": [
						{"origin": [0.975, 23.85, -3.55], "size": [1, 1, 1], "inflate": -0.4, "uv": [24, 35]}
					]
				},
				{
					"name": "bullet",
					"parent": "main",
					"pivot": [1.5, 19.9, -7.4],
					"cubes": [
						{"origin": [1, 19.4, -9.4], "size": [1, 1, 4], "inflate": 0.3, "uv": [0, 34]}
					]
				},
				{
					"name": "_camera_",
					"pivot": [0, 0, 0]
				}
			]
		}
	]
}