{
  "name" : "garandq",
  "type": "Gun",
  "maxAmmoCapacity" : 8,
  "compatibleAmmo" : ["ammocreative","ammo762"],
  "damage" : 7,
  "rpm" : 520,
  "fireModes" : ["SINGLE"],
  "fireSound" : "sl8",
  "drawCooldownDuration" : 650,
  "aimingZoom" : 0.3,
  "gunRecoilInitialAmplitude" : 2.0,
  "shakeRecoilAmplitude" : 0.35,
  "shakeRecoilSpeed" : 2,
  "viewRecoilAmplitude" : 2,
  "inspectCooldownDuration": 5417,

	"compatibleAttachmentGroups":[
			"rf_muzzle"
		],

	"features": [
		{
			"type": "Sound",
			"fireSound": "sl8_silenced",
			"fireSoundVolume": 1,
			"condition": {
				"hasAttachmentGroup": "rf_muzzle"
			}
		}
	],

  "phasedReloads": [
    {
      "phase": "RELOADING",
      "condition": "reloadIterationIndex == 0",
      "duration": 1767,
      "animation": "animation.model.reloadempty"
    },
    {
      "phase": "RELOADING",
      "condition": "reloadIterationIndex > 0",
      "duration": 2500,
      "animation": "animation.model.reload"
    }
  ],
  "effects": [
  	{ 
		"phase": "hit_scan_acquired",
		"name": "tracer"
  	},
        { 
		"phase": "firing",
		"name": "muzzle_flash"
  	}
  ]
}