{
  "name" : "hissniper",
  "type": "Gun",
  "compatibleAttachmentGroups": [
    "snipers_sights"
  ],
  "maxAmmoCapacity" : 1,
  "compatibleAmmo" : ["ammocreative","ammo17mm"],
  "damage" : 28.5,
  "rpm" : 270,
  "fireModes" : ["SINGLE"],
  "fireSound" : "hiss",
  "drawCooldownDuration" : 600,
  "features": [
    { 
      "type": "Aiming",
      "zoom": 0.48,
      "condition": {
        "doesNotHaveAttachmentGroup": "snipers_sights"
      }
    }
  ],
  "gunRecoilInitialAmplitude" : 1.5,
  "shakeRecoilAmplitude" : 0.35,
  "shakeRecoilSpeed" : 2,
  "viewRecoilAmplitude" : 3,
  "inspectCooldownDuration": 3700,
  "phasedReloads": [
    {
      "phase": "RELOADING",
      "duration": 1967,
      "animation": "animation.model.reload"
    }
  ],
  "effects": [
    {
               "phase": "hit_scan_acquired",
               "name": "tracerminigun"
    },
    {
               "phase": "firing",
               "name": "muzzle_flash_big_ex"
    }
]
}