{
  "name" : "m134mq",
  "type": "Gun",
  "maxAmmoCapacity" : "infinite",
  "compatibleAmmo" : ["ammocreative"],
  "damage" : 4,
  "rpm" : 2000,
  "fireModes" : ["AUTOMATIC"],
  "fireSound" : "m134minigun",
  "drawCooldownDuration" : 1200,
  "gunRecoilInitialAmplitude" : 0.2,
  "shakeRecoilAmplitude" : 0.5,
  "shakeRecoilSpeed" : 2,
  "viewRecoilAmplitude" : 6,
  "prepareFireCooldownDuration" : 500,  
  "completeFireCooldownDuration" : 500,  
  "inspectCooldownDuration": 6600,
  "aimingEnabled": false,
  "effects": [
    {
               "phase": "hit_scan_acquired",
               "name": "tracer"
    },
    {
               "phase": "firing",
               "name": "muzzle_flash_big_ex"
    }
]
}