  {
  "name" : "mg3q",
  "type": "Gun",
  "compatibleAttachmentGroups": [
    "ar_sightsandscopes",
    "ar_muzzle"
  ],
  "maxAmmoCapacity" : 125,
  "compatibleAmmo" : ["ammocreative","ammo762x51"],
  "damage" : 6,
  "rpm" : 1050,
  "fireModes" : ["AUTOMATIC"],
  "fireSound" : "p30l",
  "drawCooldownDuration" : 600,
  "features": [
    { 
      "type": "Aiming",
      "zoom": 0.3,
      "condition": {
        "doesNotHaveAttachmentGroup": "ar_sightsandscopes"
      }
    },
    {
      "type": "MuzzleFlash",
      "effects": [
      {
      "phase": "firing",
      "name": "muzzle_flash"
      }
      ],
      "condition": {
      "doesNotHaveAttachmentGroup": "ar_suppressors"
      }
    },
    {
			"type": "Sound",
			"fireSound": "mp7a2devgru",
			"fireSoundVolume": 1,
			"condition": {
			"hasAttachmentGroup": "ar_suppressors"
			}
		},

    {
			"type": "PartVisibility",
			"parts": [
				{
					"name":"rail",
					"visible":false,
					"condition": {
					"doesNotHaveAttachmentGroup":"ar_sightsandscopes"
					}
				}
			]
		}
  ],
  "aimingZoom" : 0.3,
  "gunRecoilInitialAmplitude" : 0.4,
  "shakeRecoilAmplitude" : 0.25,
  "shakeRecoilSpeed" : 1.3,
  "viewRecoilAmplitude" : 2,
  "inspectCooldownDuration": 5266,
  "phasedReloads": [
    {
      "phase": "RELOADING",
      "condition": "reloadIterationIndex == 0",
      "duration": 6333,
      "animation": "animation.model.reloadempty"
    },
    {
      "phase": "RELOADING",
      "condition": "reloadIterationIndex > 0",
      "duration": 4333,
      "animation": "animation.model.reload"
    }
  ],
  "effects": [
    {
               "phase": "firing",
               "name": "muzzle_flash"
    }
]
}