{
  "name" : "mg42q",
  "type": "Gun",
  "maxAmmoCapacity" : 75,
  "compatibleAmmo" : ["ammocreative","ammo762x51"],
  "damage" : 6,
  "rpm" : 1250,
  "fireModes" : ["AUTOMATIC"],
  "fireSound" : "ar57",
  "drawCooldownDuration" : 600,
  "aimingZoom" : 0.3,
  "gunRecoilInitialAmplitude" : 0.4,
  "shakeRecoilAmplitude" : 0.25,
  "shakeRecoilSpeed" : 1.3,
  "viewRecoilAmplitude" : 3.5,
  "inspectCooldownDuration": 5266,
  "phasedReloads": [
    {
      "phase": "RELOADING",
      "condition": "reloadIterationIndex == 0",
      "duration": 7400,
      "animation": "animation.model.reloadempty"
    },
    {
      "phase": "RELOADING",
      "condition": "reloadIterationIndex > 0",
      "duration": 5000,
      "animation": "animation.model.reload"
    }
  ],
  "effects": [
    {
               "phase": "hit_scan_acquired",
               "name": "barium_greentracer"
    },
    {
               "phase": "firing",
               "name": "muzzle_flash"
    }
]
}