  {
  "name" : "pkmq",
  "type": "Gun",
  "compatibleAttachmentGroups": [
    "ar_sightsandscopes"
  ],
  "maxAmmoCapacity" : 200,
  "compatibleAmmo" : ["ammocreative","ammo762x51"],
  "damage" : 6.5,
  "rpm" : 700,
  "fireModes" : ["AUTOMATIC"],
  "fireSound" : "pkm",
  "drawCooldownDuration" : 933,
  "features": [
    { 
      "type": "Aiming",
      "zoom": 0.25,
      "condition": {
        "doesNotHaveAttachmentGroup": "ar_sightsandscopes"
      }
    },
    {
			"type": "PartVisibility",
			"parts": [
				{
					"name":"rail",
					"visible":false,
					"condition": {
					"doesNotHaveAttachmentGroup":"ar_sightsandscopes"
					}
				}
			]
		}
  ],
  "gunRecoilInitialAmplitude" : 0.5,
  "shakeRecoilAmplitude" : 0.5,
  "shakeRecoilSpeed" : 2,
  "viewRecoilAmplitude" : 1.8,
  "inspectCooldownDuration": 3700,
  "phasedReloads": [
    {
      "phase": "RELOADING",
      "condition": "reloadIterationIndex == 0",
      "duration": 4466,
      "animation": "animation.model.reloadempty"
    },
    {
      "phase": "RELOADING",
      "condition": "reloadIterationIndex > 0",
      "duration": 4033,
      "animation": "animation.model.reload"
    }
  ],
  "effects": [
    {
               "phase": "hit_scan_acquired",
               "name": "tracer"
    },
    {
               "phase": "firing",
               "name": "crossflash"
    }
]
}