  {
  "name" : "rpgq",
  "type": "Gun",
  "maxAmmoCapacity" : 1,
  "compatibleAmmo" : ["rpgq_rocket"],
  "damage" : 5,
  "rpm" : 400,
  "fireModes" : ["SINGLE"],
  "fireSound" : "at4",
  "drawCooldownDuration" : 1167,
  "aimingZoom" : 0.6,
  "gunRecoilInitialAmplitude" : 0.6,
  "shakeRecoilAmplitude" : 0.2,
  "shakeRecoilSpeed" : 2,
  "viewRecoilAmplitude" : 1.2,
  "inspectCooldownDuration": 3700,
  "scopeOverlay" : "textures/gui/pgo7v2.png",
  "phasedReloads": [
    {
      "phase": "RELOADING",
      "duration": 3033,
      "animation": "animation.model.reload"
    }
  ],
  "effects": [
    { 
      "phase": "firing",
      "name": "launcher_muzzle"
    }
  ],
  "idleAnimations": [
    {
      "name": "animation.model.idleempty",
      "duration": 100,
      "condition": "ammoCount == 0"
    },
    {
      "name": "animation.model.idle",
      "duration": 100,
      "condition": "ammoCount > 0"
    }
  ]
}