{
  "name" : "whizzbangq",
  "type": "Gun",
  "maxAmmoCapacity" : 1,
  "compatibleAmmo" : ["ammocreative","ammo50bmg"],
  "damage" : 22,
  "rpm" : 60,
  "fireModes" : ["SINGLE"],
  "fireSound" : "hiss",
  "drawCooldownDuration" : 967,
  "gunRecoilInitialAmplitude" : 1.5,
  "shakeRecoilAmplitude" : 0.35,
  "shakeRecoilSpeed" : 2,
  "viewRecoilAmplitude" : 3,
  "prepareFireCooldownDuration" : 500,  
  "inspectCooldownDuration": 6600,
  "aimingEnabled": false,
  "glowingParts": [
    {
      "name": "laser"
    }
  ],
  "phasedReloads": [
    {
      "phase": "RELOADING", 
      "duration": 2300,
      "animation": "animation.model.reload",
      "condition": "random"
    },
    {
      "phase": "RELOADING", 
      "duration": 2367,
      "animation": "animation.model.reload2",
      "condition": "random"
    },
    {
      "phase": "RELOADING", 
      "duration": 2367,
      "animation": "animation.model.reload3",
      "condition": "random"
    },
    {
      "phase": "RELOADING", 
      "duration": 2733,
      "animation": "animation.model.reload4"
    }
  ],
  "effects": [
    {
               "phase": "hit_scan_acquired",
               "name": "tracer"
    },
    {
               "phase": "firing",
               "name": "muzzle_flash_big_ex"
    }
]
}