{
  "name" : "generalliurifle",
  "type": "Gun",
  "maxAmmoCapacity" : 6,
  "maxAmmoPerReloadIteration" : 1,
  "compatibleAmmo" : ["ammocreative","ammo792x57"],
  "damage" : 9,
  "rpm" : 257,
  "fireModes" : ["SINGLE"],
  "fireSound" : "fire_semiauto",
  "drawCooldownDuration" : 600,
  "aimingZoom" : 0.25,
  "gunRecoilInitialAmplitude" : 1.0,
  "shakeRecoilAmplitude" : 0.35,
  "shakeRecoilSpeed" : 1,
  "viewRecoilAmplitude" : 2,
  "inspectCooldownDuration": 3730,

	"compatibleAttachmentGroups":[
			"rf_muzzle"
		],

	"features": [
		{
			"type": "Sound",
			"fireSound": "mk14ebr_silenced",
			"fireSoundVolume": 1,
			"condition": {
				"hasAttachmentGroup": "rf_muzzle"
			}
		}
	],

  "phasedReloads": [
    {
		"phase": "PREPARING",
		"condition": "reloadIterationIndex == -1",
		"duration": 500,
		"animation": "animation.model.reload_prepareempty",
		"shakeEffects": [
		{
			"start": 0,
			"duration": 500,
			"initialAmplitude": 0.1,
			"rateOfAmplitudeDecay": 0.8
		}
		]
	},
    {
		"phase": "PREPARING",
		"condition": "reloadIterationIndex > 0",
		"duration": 1000,
		"animation": "animation.model.reload_prepare",
		"shakeEffects": [
		{
			"start": 250,
			"duration": 500,
			"initialAmplitude": 0.1,
			"rateOfAmplitudeDecay": 0.8
		},
		{
			"start": 200,
			"duration": 500,
			"initialAmplitude": 0.5,
			"rateOfAmplitudeDecay": 0.8
		}
		]
	},
	{
		"phase": "RELOADING",
		"condition": "reloadIterationIndex > 0",
		"duration": 600,
		"animation": "animation.model.reload_load",						
		"shakeEffects": [
		{
			"start": 0,
			"duration": 600,
			"initialAmplitude": 0.1,
			"rateOfAmplitudeDecay": 0.8
		}
		]
	},
	{
		"phase": "COMPLETETING",
		"condition": "reloadIterationIndex >= 0",
		"duration": 1300,
		"animation": "animation.model.reload_finish",
		"shakeEffects": [
		{
			"start": 200,
			"duration": 1000,
			"initialAmplitude": 0.5,
			"rateOfAmplitudeDecay": 0.8
		}
		]
    }
  ],
  "effects": [
  	{ 
		"phase": "hit_scan_acquired",
		"name": "tracerminigun"
  	},
        { 
		"phase": "firing",
		"name": "muzzle_flash"
  	}
  ]
}