{
  "name" : "m79_grenade_launcher",
  "type": "Gun",
  "maxAmmoCapacity" : 1,
  "compatibleAmmo" : ["ammocreative", "grenade40mm"],
  "damage" : 17,
  "rpm" : 76,
  "fireModes" : ["SINGLE"],
  "fireSound" : "mgl_shoot",
  "drawCooldownDuration" : 1000,
  "aimingZoom" : 0.3,
  "gunRecoilInitialAmplitude" : 0.1,
  "shakeRecoilAmplitude" : 2,
  "shakeRecoilSpeed" : 2,
  "viewRecoilAmplitude" : 3,
  "inspectCooldownDuration": 4000,
  "aimingEnabled": false,

  "modelScale": 1,
  "bobbing": 0.25,
  "jumpMultiplier": 0.25,
  "gunRandomizationAmplitude": 0.0025,

  "phasedReloads": [
    {
      "phase": "RELOADING",
      "condition": "reloadIterationIndex == 0",
      "duration": 3000,
      "animation": "animation.model.reload",
      "shakeEffects": [
        {
          "start": 500,
          "duration": 300,
          "initialAmplitude": 0.25,
          "rateOfAmplitudeDecay": 0.1
        },
        {
          "start": 1600,
          "duration": 500,
          "initialAmplitude": 0.15,
          "rateOfAmplitudeDecay": 0.4
        },
        {
          "start": 2600,
          "duration": 400,
          "initialAmplitude": 0.25,
          "rateOfAmplitudeDecay": 0.1
        }
      ]
    }
  ],
  "effects": [
        { 
		"phase": "firing",
		"name": "launcher_muzzle"
  	}
  ],
  "effects": [
        { 
		"phase": "firing",
		"name": "launcher_muzzle"
  	}
  ]
}