{
  "name" : "t91",
  "type": "Gun",
  "maxAmmoCapacity" : 30,
  "compatibleAmmo" : ["ammocreative","ammo556"],
  "damage" : 5,
  "rpm" : 825,
  "fireModes" : ["SINGLE", "AUTOMATIC"],
  "fireSound" : "fire_autorifle556",
  "drawCooldownDuration" : 1500,
  "aimingZoom" : 0.25,
  "gunRecoilInitialAmplitude" : 0.8,
  "shakeRecoilAmplitude" : 0.35,
  "shakeRecoilSpeed" : 2,
  "viewRecoilAmplitude" : 2,
  "inspectCooldownDuration": 3700,

	"compatibleAttachmentGroups":[
			"ar_sightsandscopes",
			"ar_muzzle"
		],

	"features": [
		{
			"type": "Aiming",
				"zoom": 0.25,
				"condition": {
				"doesNotHaveAttachmentGroup": "ar_sightsandscopes"
			}
		},
		{
			"type": "Sound",
			"fireSound": "m4a1_silenced",
			"fireSoundVolume": 1,
			"condition": {
				"hasAttachmentGroup": "ar_suppressors"
			}
		},

		{
			"type": "PartVisibility",
			"parts": [
				{
					"name":"bayonet",
					"visible":false,
					"condition":{
					"hasAttachmentGroup":"ar_muzzle"
					}
				},
				{
					"name":"suppressors",
					"visible":false,
					"condition":{
					"hasAttachmentGroup":"ar_muzzle"
					}
				},
				{
					"name":"ironsights",
					"visible":false,
					"condition": {
					"hasAttachmentGroup":"ar_sightsandscopes"
					}
				}
			]
		}
	],
	

  "phasedReloads": [
    {
      "phase": "RELOADING",
      "condition": "reloadIterationIndex == 0",
      "duration": 2130,
      "animation": "animation.model.reloadempty",
      "shakeEffects": [
        {
          "start": 0,
          "duration": 1500,
          "initialAmplitude": 0.2,
          "rateOfAmplitudeDecay": 0.8
        },
        {
          "start": 250,
          "duration": 1000,
          "initialAmplitude": 0.2,
          "rateOfAmplitudeDecay": 0.5
        },
        {
          "start": 800,
          "duration": 1000,
          "initialAmplitude": 0.15,
          "rateOfAmplitudeDecay": 0.5
        },
        {
          "start": 1100,
          "duration": 600,
          "initialAmplitude": 0.2,
          "rateOfAmplitudeDecay": 0.3
        },
        {
          "start": 1600,
          "duration": 400,
          "initialAmplitude": 0.35,
          "rateOfAmplitudeDecay": 0.3
        }
      ]
    },
    {
      "phase": "RELOADING",
      "condition": "reloadIterationIndex > 0",
      "duration": 1640,
      "animation": "animation.model.reload",
      "shakeEffects": [
        {
          "start": 0,
          "duration": 1500,
          "initialAmplitude": 0.2,
          "rateOfAmplitudeDecay": 0.8
        },
        {
          "start": 600,
          "duration": 1000,
          "initialAmplitude": 0.15,
          "rateOfAmplitudeDecay": 0.5
        },
        {
          "start": 900,
          "duration": 800,
          "initialAmplitude": 0.17,
          "rateOfAmplitudeDecay": 0.5
        },
        {
          "start": 1000,
          "duration": 400,
          "initialAmplitude": 0.22,
          "rateOfAmplitudeDecay": 0.6
        }
      ]
    }
  ],
  "effects": [
  	{ 
		"phase": "hit_scan_acquired",
		"name": "tracerminigun"
  	},
        { 
		"phase": "firing",
		"name": "muzzle_flash"
  	}
  ]
}