  {
  "name" : "eea_rpk",
  "type": "Gun",
  "compatibleAttachmentGroups": [
    "eea_folded_bipod"
  ],
  "maxAmmoCapacity" : 40,
  "compatibleAmmo" : ["ammocreative","ammo762"],
  "damage" : 7,
  "rpm" : 600,
  "fireModes" : ["SINGLE", "AUTOMATIC"],
  "fireSound" : "eea_rpk",
  "drawCooldownDuration" : 1070,
  "gunRecoilInitialAmplitude" : 0.6,
  "shakeRecoilAmplitude" : 0.2,
  "shakeRecoilSpeed" : 2,
  "viewRecoilAmplitude" : 1.3,
  "inspectCooldownDuration": 4500,
  "features": [
  {
      "type": "FireMode",
      "fireModes": [
        {
          "name": "automatic",
          "displayName": "label.pointblank.fireMode.automatic",
          "type": "AUTOMATIC",
          "rpm": 600,
          "damage": 7,
          "animationName": "animation.model.fire",
          "shakeRecoilAmplitude": 0.6,
          "shakeRecoilSpeed": 2.0,
          "shakeRecoilDuration": 350,
          "enableFireModeAnimations": [
            {
              "name": "animation.model.switchdown",
              "duration": 470
            }
          ]
        },
        {
          "name": "single",
          "displayName": "label.pointblank.fireMode.single",
          "type": "SINGLE",
          "rpm": 600,
          "damage": 7,
          "animationName": "animation.model.fire",
          "shakeRecoilAmplitude": 0.6,
          "shakeRecoilSpeed": 2.0,
          "shakeRecoilDuration": 350,
          "enableFireModeAnimations": [
            {
              "name": "animation.model.switchup",
              "duration": 470
            }
          ]
        }
      ]
    },
	{
			"type": "PartVisibility",
			"parts": [
        {
					"name":"bipod",
					"visible":false,
					"condition": {
					"hasAttachmentGroup":"eea_folded_bipod"
					}
				},
				{
					"name":"bipodfolded",
					"visible":false,
					"condition": {
					"doesNotHaveAttachmentGroup":"eea_folded_bipod"
					}
				}
			]
	}
  ],	
  "phasedReloads": [
    {
      "phase": "RELOADING",
      "condition": "reloadIterationIndex == 0",
      "duration": 2600,
      "animation": "animation.model.reloadempty"
    },
    {
      "phase": "RELOADING",
      "condition": "reloadIterationIndex > 0",
      "duration": 2000,
      "animation": "animation.model.reload"
    }
  ],
  "effects": [
    {
               "phase": "hit_scan_acquired",
               "name": "tracer"
    },
    {
               "phase": "firing",
               "name": "muzzle_flash"
    }
]
}