  {
  "name" : "eea_tallinn",
  "type": "Gun",
  "maxAmmoCapacity" : 40,
  "compatibleAmmo" : ["ammocreative", "eea_ammo920"],
  "damage" : 4,
  "rpm" : 600,
  "fireModes" : ["AUTOMATIC"],
  "fireSound" : "eea_tallinn",
  "drawCooldownDuration" : 500,
  "gunRecoilInitialAmplitude" : 0.6,
  "shakeRecoilAmplitude" : 0.2,
  "shakeRecoilSpeed" : 2,
  "viewRecoilAmplitude" : 1.3,
  "inspectCooldownDuration": 4770,	
  "phasedReloads": [
    {
      "phase": "RELOADING",
      "condition": "reloadIterationIndex == 0",
      "duration": 3300,
      "animation": "animation.model.reloadempty"
    },
    {
      "phase": "RELOADING",
      "condition": "reloadIterationIndex > 0",
      "duration": 1850,
      "animation": "animation.model.reload"
    }
  ],
  "effects": [
    {
               "phase": "hit_scan_acquired",
               "name": "tracer"
    },
    {
               "phase": "firing",
               "name": "muzzle_flash"
    }
]
}