{
  "name": "eea_apb",
  "type": "Gun", 
  "maxAmmoCapacity": 20,
  "compatibleAmmo": [
    "ammocreative",
    "eea_ammo918mm"
  ],
  "damage": 4,
  "fireSound": "eea_apb",
  "fireSoundVolume": 1,
  "fireModes" : ["SINGLE", "AUTOMATIC"],
  "rpm": 650,
  "drawCooldownDuration" : 550,
  "gunRecoilInitialAmplitude": 0.8,
  "shakeRecoilAmplitude": 0.35,
  "shakeRecoilSpeed": 3,
  "viewRecoilAmplitude": 3,
  "inspectCooldownDuration": 3870,
  "features": [
    {
      "type": "MuzzleFlash",
      "effects": [
        {
          "phase": "firing",
          "name": "muzzle_flash"
        }
      ],
      "condition": {
        "allOf": [
          {
            "isUsingDefaultMuzzle": true
          },
          {
            "doesNotHaveAttachmentGroup": "smg_suppressors"
          }
        ]
      }
    },
	{
      "type": "FireMode",
      "fireModes": [
        {
          "name": "automatic",
          "displayName": "label.pointblank.fireMode.automatic",
          "type": "AUTOMATIC",
          "rpm": 650,
          "damage": 4,
          "animationName": "animation.model.fire",
          "shakeRecoilAmplitude": 0.3,
          "shakeRecoilSpeed": 1,
          "shakeRecoilDuration": 350,
          "enableFireModeAnimations": [
            {
              "name": "animation.model.switch",
              "duration": 580
            }
          ]
        },
        {
          "name": "single",
          "displayName": "label.pointblank.fireMode.single",
          "type": "SINGLE",
          "rpm": 650,
          "damage": 4,
          "animationName": "animation.model.fire",
          "shakeRecoilAmplitude": 0.3,
          "shakeRecoilSpeed": 1,
          "shakeRecoilDuration": 350,
          "enableFireModeAnimations": [
            {
              "name": "animation.model.switch",
              "duration": 580
            }
          ]
        }
      ]
    }
  ],
  "phasedReloads": [
    {
      "phase": "RELOADING",
      "condition": "reloadIterationIndex > 0",
      "duration": 2500,
      "animation": "animation.model.reload"
    },
    {
      "phase": "RELOADING",
      "condition": "reloadIterationIndex == 0",
      "duration": 2900,
      "animation": "animation.model.reloadempty"
    }
  ]
}