  {
  "name" : "eea_pp90m1",
  "type": "Gun",
  "maxAmmoCapacity" : 64,
  "compatibleAmmo" : ["ammocreative","ammo9mm"],
  "damage" : 4,
  "rpm" : 800,
  "fireModes" : ["SINGLE", "AUTOMATIC"],
  "fireSound" : "eea_pp90m1",
  "drawCooldownDuration" : 500,
  "features": [
    { 
      "type": "Aiming",
      "zoom": 0.3,
      "condition": {
        "doesNotHaveAttachmentGroup": "ar_sightsandscopes"
      }
    },
    {
      "type": "FireMode",
      "fireModes": [
        {
          "name": "automatic",
          "displayName": "label.pointblank.fireMode.automatic",
          "type": "AUTOMATIC",
          "rpm": 800,
          "damage": 4,
          "animationName": "animation.model.fire",
          "shakeRecoilAmplitude": 0.18,
          "shakeRecoilSpeed": 2.0,
          "shakeRecoilDuration": 350,
          "enableFireModeAnimations": [
            {
              "name": "animation.model.switch",
              "duration": 470
            }
          ]
        },
        {
          "name": "single",
          "displayName": "label.pointblank.fireMode.single",
          "type": "SINGLE",
          "rpm": 800,
          "damage": 4,
          "animationName": "animation.model.fire",
          "shakeRecoilAmplitude": 0.18,
          "shakeRecoilSpeed": 2.0,
          "shakeRecoilDuration": 350,
          "enableFireModeAnimations": [
            {
              "name": "animation.model.switch",
              "duration": 470
            }
          ]
        }
      ]
    },
	{
			"type": "PartVisibility",
			"parts": [
        {
					"name":"stock",
					"visible":false,
					"condition": {
					"hasAttachmentGroup":"eea_folded_stock"
					}
				},
				{
					"name":"stockfolded",
					"visible":false,
					"condition": {
					"doesNotHaveAttachmentGroup":"eea_folded_stock"
					}
				}
			]
	}
  ],
  "gunRecoilInitialAmplitude" : 0.45,
  "shakeRecoilAmplitude" : 0.18,
  "shakeRecoilSpeed" : 2,
  "viewRecoilAmplitude" : 1.3,
  "inspectCooldownDuration": 4800,
  "phasedReloads": [
    {
      "phase": "RELOADING",
      "condition": "reloadIterationIndex == 0",
      "duration": 2800,
      "animation": "animation.model.reloadempty"
    },
    {
      "phase": "RELOADING",
      "condition": "reloadIterationIndex > 0",
      "duration": 2350,
      "animation": "animation.model.reload"
    }
  ],
  "effects": [
    {
               "phase": "hit_scan_acquired",
               "name": "tracer"
    },
    {
               "phase": "firing",
               "name": "muzzle_flash"
    }
]
}