  {
  "name" : "eea_pp91",
  "type": "Gun",
  "compatibleAttachmentGroups": [
    "eea_folded_stock"
  ],
  "maxAmmoCapacity" : 20,
  "compatibleAmmo" : ["ammocreative","eea_ammo918mm"],
  "damage" : 4,
  "rpm" : 965,
  "fireModes" : ["SINGLE", "AUTOMATIC"],
  "fireSound" : "eea_pp91",
  "drawCooldownDuration" : 550,
  "features": [
    {
      "type": "MuzzleFlash",
      "effects": [
      {
      "phase": "firing",
      "name": "muzzle_flash"
      }
      ],
      "condition": {
      "doesNotHaveAttachmentGroup": "ar_suppressors"
      }
    },
    {
			"type": "PartVisibility",
			"parts": [
        {
					"name":"stock",
					"visible":false,
					"condition": {
					"hasAttachmentGroup":"eea_folded_stock"
					}
				},
				{
					"name":"stockfolded",
					"visible":false,
					"condition": {
					"doesNotHaveAttachmentGroup":"eea_folded_stock"
					}
				}
			]
	},
	{
      "type": "FireMode",
      "fireModes": [
        {
          "name": "automatic",
          "displayName": "label.pointblank.fireMode.automatic",
          "type": "AUTOMATIC",
          "rpm": 965,
          "damage": 4,
          "animationName": "animation.model.fire",
          "shakeRecoilAmplitude": 0.6,
          "shakeRecoilSpeed": 2.0,
          "shakeRecoilDuration": 350,
          "enableFireModeAnimations": [
            {
              "name": "animation.model.switch",
              "duration": 470
            }
          ]
        },
        {
          "name": "single",
          "displayName": "label.pointblank.fireMode.single",
          "type": "SINGLE",
          "rpm": 965,
          "damage": 4,
          "animationName": "animation.model.fire",
          "shakeRecoilAmplitude": 0.6,
          "shakeRecoilSpeed": 2.0,
          "shakeRecoilDuration": 350,
          "enableFireModeAnimations": [
            {
              "name": "animation.model.switch",
              "duration": 470
            }
          ]
        }
      ]
    }
  ],
  "gunRecoilInitialAmplitude" : 0.6,
  "shakeRecoilAmplitude" : 0.2,
  "shakeRecoilSpeed" : 2,
  "viewRecoilAmplitude" : 1.3,
  "inspectCooldownDuration": 4780,
  "phasedReloads": [
    {
      "phase": "RELOADING",
      "condition": "reloadIterationIndex == 0",
      "duration": 2780,
      "animation": "animation.model.reloadempty"
    },
    {
      "phase": "RELOADING",
      "condition": "reloadIterationIndex > 0",
      "duration": 2150,
      "animation": "animation.model.reload"
    }
  ],
  "effects": [
    {
               "phase": "hit_scan_acquired",
               "name": "tracer"
    },
    {
               "phase": "firing",
               "name": "muzzle_flash"
    }
]
}