  {
  "name" : "eea_aks74",
  "type": "Gun",
  "compatibleAttachmentGroups": [
    "eea_aks74_skins",
	"eea_folded_stock",
	"pso_scope",
	"eea_pbs4"
  ],
  "compatibleAttachments": [
	"eea_pbs4",
	"eea_pso1",
	"eea_pso1_eyecup"
  ],
  "maxAmmoCapacity" : 30,
  "compatibleAmmo" : ["ammocreative","ammo545"],
  "damage" : 6,
  "rpm" : 700,
  "fireModes" : ["SINGLE", "AUTOMATIC"],
  "fireSound" : "eea_aks74",
  "drawCooldownDuration" : 1070,
  "gunRecoilInitialAmplitude" : 0.6,
  "shakeRecoilAmplitude" : 0.2,
  "shakeRecoilSpeed" : 2,
  "viewRecoilAmplitude" : 1.3,
  "inspectCooldownDuration": 4500,
  "features": [
	{	
      "type": "FireMode",
      "fireModes": [
        {
          "name": "automatic",
          "displayName": "label.pointblank.fireMode.automatic",
          "type": "AUTOMATIC",
          "rpm": 700,
          "damage": 6,
          "animationName": "animation.model.fire",
          "shakeRecoilAmplitude": 0.6,
          "shakeRecoilSpeed": 2.0,
          "shakeRecoilDuration": 350,
          "enableFireModeAnimations": [
            {
              "name": "animation.model.switchdown",
              "duration": 470
            }
          ]
        },
        {
          "name": "single",
          "displayName": "label.pointblank.fireMode.single",
          "type": "SINGLE",
          "rpm": 700,
          "damage": 6,
          "animationName": "animation.model.fire",
          "shakeRecoilAmplitude": 0.6,
          "shakeRecoilSpeed": 2.0,
          "shakeRecoilDuration": 350,
          "enableFireModeAnimations": [
            {
              "name": "animation.model.switchup",
              "duration": 470
            }
          ]
        }
      ]
    },
	{
			"type": "PartVisibility",
			"parts": [
				{
					"name":"stock",
					"visible":false,
					"condition": {
					"hasAttachmentGroup":"eea_folded_stock"
					}
				},
				{
					"name":"stockfolded",
					"visible":false,
					"condition": {
					"doesNotHaveAttachmentGroup":"eea_folded_stock"
					}
				},
				{
					"name":"muzzlebrake",
					"visible":false,
					"condition": {
					"hasAttachmentGroup":"eea_pbs4"
					}
				}
			]
	},
	{
			"type": "Sound",
			"fireSound": "eea_ak_silenced",
			"fireSoundVolume": 2,
			"condition": {
			"hasAttachmentGroup": "eea_pbs4"
			}
	},
	{
		"type": "MuzzleFlash",
		"effects": [
			{
			"phase": "firing",
			"name": "muzzle_flash"
			}
			],
			"condition": {
			"allOf": [
			{
			"isUsingDefaultMuzzle": true
			},
			{
			"doesNotHaveAttachmentGroup": "eea_pbs4"
			}
			]
		}
	},
	{
        "type": "Aiming",
        "zoom": 0.35,
        "condition": {
        "doesNotHaveAttachmentGroup": "pso_scope"
    }
    }
  ],	
  "phasedReloads": [
    {
      "phase": "RELOADING",
      "condition": "reloadIterationIndex == 0",
      "duration": 2600,
      "animation": "animation.model.reloadempty"
    },
    {
      "phase": "RELOADING",
      "condition": "reloadIterationIndex > 0",
      "duration": 2000,
      "animation": "animation.model.reload"
    }
  ],
  "effects": [
    {
               "phase": "hit_scan_acquired",
               "name": "tracer"
    },
    {
               "phase": "firing",
               "name": "muzzle_flash"
    }
]
}