  {
  "name" : "eea_la3",
  "type": "Gun",
  "maxAmmoCapacity" : 30,
  "compatibleAmmo" : ["ammocreative","ammo762"],
  "damage" : 7,
  "rpm" : 680,
  "fireModes" : ["AUTOMATIC"],
  "fireSound" : "eea_akm",
  "drawCooldownDuration" : 650,
  "gunRecoilInitialAmplitude" : 0.45,
  "shakeRecoilAmplitude" : 0.18,
  "shakeRecoilSpeed" : 2,
  "viewRecoilAmplitude" : 1.3,
  "inspectCooldownDuration": 4500,
  "phasedReloads": [
    {
      "phase": "RELOADING",
      "condition": "reloadIterationIndex == 0",
      "duration": 2600,
      "animation": "animation.model.reloadempty"
    },
    {
      "phase": "RELOADING",
      "condition": "reloadIterationIndex > 0",
      "duration": 2000,
      "animation": "animation.model.reload"
    }
  ],
  "effects": [
    {
               "phase": "hit_scan_acquired",
               "name": "tracer"
    },
    {
               "phase": "firing",
               "name": "muzzle_flash"
    }
]
}