{
  "name": "eea_pb",
  "type": "Gun",
  "maxAmmoCapacity": 8,
  "compatibleAmmo": [
    "ammocreative",
    "eea_ammo918mm"
  ],
  "damage": 3.5,
  "fireSound": "eea_pb",
  "fireSoundVolume": 3,
  "fireModes" : ["SINGLE"],
  "rpm": 800,
  "compatibleAttachments": [
    "eea_pb_suppressor"
  ],
  "compatibleAttachmentGroups": [
    "eea_pb_suppressor"
  ],
  "gunRecoilInitialAmplitude": 0.8,
  "shakeRecoilAmplitude": 0.35,
  "shakeRecoilSpeed": 3,
  "viewRecoilAmplitude": 3,
  "inspectCooldownDuration": 3870,
  "maxShootingDistance": 50,
  "features": [
    {
		"type": "Sound",
		"fireSound": "eea_pb_silenced",
		"fireSoundVolume": 1,
		"condition": {
		"hasAttachmentGroup": "eea_pb_suppressor"
		}
	}
  ],
  "phasedReloads": [
    {
      "phase": "RELOADING",
      "condition": "reloadIterationIndex > 0",
      "duration": 2200,
      "animation": "animation.model.reload"
    },
    {
      "phase": "RELOADING",
      "condition": "reloadIterationIndex == 0",
      "duration": 2500,
      "animation": "animation.model.reloadempty"
    }
  ]
}