{
  "name": "eea_ots33",
  "type": "Gun",
  "maxAmmoCapacity": 18,
  "compatibleAmmo": [
    "ammocreative",
    "eea_ammo918mm"
  ],
  "damage": 4,
  "fireSound": "eea_ots33",
  "fireModes" : ["SINGLE", "AUTOMATIC"],
  "rpm": 600,
  "gunRecoilInitialAmplitude": 0.8,
  "shakeRecoilAmplitude": 0.35,
  "shakeRecoilSpeed": 3,
  "viewRecoilAmplitude": 3,
  "inspectCooldownDuration": 3700,
  "drawCooldownDuration": 570,
  "features": [
    {
      "type": "MuzzleFlash",
      "effects": [
      {
      "phase": "firing",
      "name": "muzzle_flash"
      }
      ],
      "condition": {
      "doesNotHaveAttachmentGroup": "smg_suppressors"
      }
    }
 ],	
  "phasedReloads": [
    {
      "phase": "RELOADING",
      "condition": "reloadIterationIndex > 0",
      "duration": 1700,
      "animation": "animation.model.reload"
    },
    {
      "phase": "RELOADING",
      "condition": "reloadIterationIndex == 0",
      "duration": 2000,
      "animation": "animation.model.reloadempty"
    }
  ]
}