  {
  "name" : "eea_vssk",
  "type": "Gun",
  "compatibleAttachmentGroups": [
	"ar_sightsandscopes",
	"eea_vssk_scope"
  ],
  "compatibleAttachments": [
	"eea_vssk_scope"
  ],
  "maxAmmoCapacity" : 5,
  "compatibleAmmo" : ["ammocreative","eea_ammo127"],
  "damage" : 18.5,
  "rpm" : 50,
  "fireModes" : ["SINGLE"],
  "fireSound" : "eea_vssk",
  "fireSoundVolume": 1,  
  "drawCooldownDuration" : 1000,
  "features": [
    { 
      "type": "Aiming",
      "zoom": 0.15,
      "condition": {
        "doesNotHaveAttachmentGroup": "ar_sightsandscopes"
      }
    },
    {
      "type": "MuzzleFlash",
      "effects": [
      {
      "phase": "firing",
      "name": "muzzle_flash"
      }
      ],
      "condition": {
      "doesNotHaveAttachmentGroup": "ar_suppressors"
      }
    },
	{
      "type": "PartVisibility",
      "parts": [
        {
          "name": "foresight_flipped",
          "visible": false,
          "condition": {
              "allOf": [
              {
                "doesNotHaveAttachmentGroup": "ar_sightsandscopes"
              },
              {
                "doesNotHaveAttachmentGroup": "eea_vssk_scope"
              }
            ]
          }
        },
        {
          "name": "foresight",
          "visible": true,
          "condition": {
              "allOf": [
              {
                "doesNotHaveAttachmentGroup": "ar_sightsandscopes"
              },
              {
                "doesNotHaveAttachmentGroup": "eea_vssk_scope"
              }
            ]
          }
        },		
        {
          "name": "rearsight",
          "visible": true,
          "condition": {
              "allOf": [
              {
                "doesNotHaveAttachmentGroup": "ar_sightsandscopes"
              },
              {
                "doesNotHaveAttachmentGroup": "eea_vssk_scope"
              }
            ]
          }
        },
        {
          "name": "rearsight_flipped",
          "visible": false,
          "condition": {
              "allOf": [
              {
                "doesNotHaveAttachmentGroup": "ar_sightsandscopes"
              },
              {
                "doesNotHaveAttachmentGroup": "eea_vssk_scope"
              }
            ]
          }
        }
      ]
    }
  ],
  "gunRecoilInitialAmplitude" : 0.2,
  "shakeRecoilAmplitude" : 0.2,
  "shakeRecoilSpeed" : 2,
  "viewRecoilAmplitude" : 1,
  "inspectCooldownDuration": 4850,
  "phasedReloads": [
    {
      "phase": "RELOADING",
      "condition": "reloadIterationIndex == 0",
      "duration": 4300,
      "animation": "animation.model.reloadempty"
    },
    {
      "phase": "RELOADING",
      "condition": "reloadIterationIndex > 0",
      "duration": 3200,
      "animation": "animation.model.reload"
    }
  ],
  "effects": [
    {
               "phase": "hit_scan_acquired",
               "name": "tracer"
    },
    {
               "phase": "firing",
               "name": "muzzle_flash"
    }
]
}