{
  "name" : "eea_malyuk",
  "type": "Gun",
  "compatibleAttachmentGroups": [
    "sights_group",
    "ar_sightsandscopes",
    "snipers_sights",
	"ar_suppressors",
    "underbarrel"
  ],
  "compatibleAttachments":[
    "cantedrail"
  ],	
  "maxAmmoCapacity" : 30,
  "compatibleAmmo" : ["ammocreative","ammo545"],
  "damage" : 6,
  "rpm" : 660,
  "fireModes" : ["SINGLE", "AUTOMATIC"],
  "fireSound" : "eea_vepr",
  "drawCooldownDuration" : 680,
  "gunRecoilInitialAmplitude" : 0.6,
  "shakeRecoilAmplitude" : 0.2,
  "shakeRecoilSpeed" : 2,
  "viewRecoilAmplitude" : 1.3,
  "inspectCooldownDuration": 5600,
  "features": [
  {
      "type": "FireMode",
      "fireModes": [
        {
          "name": "automatic",
          "displayName": "label.pointblank.fireMode.automatic",
          "type": "AUTOMATIC",
          "rpm": 660,
          "damage": 6,
          "animationName": "animation.model.fire",
          "shakeRecoilAmplitude": 0.2,
          "shakeRecoilSpeed": 2.0,
          "shakeRecoilDuration": 350,
          "enableFireModeAnimations": [
            {
              "name": "animation.model.switch",
              "duration": 470
            }
          ]
        },
        {
          "name": "single",
          "displayName": "label.pointblank.fireMode.single",
          "type": "SINGLE",
          "rpm": 660,
          "damage": 6,
          "animationName": "animation.model.fire",
          "shakeRecoilAmplitude": 0.6,
          "shakeRecoilSpeed": 2.0,
          "shakeRecoilDuration": 350,
          "enableFireModeAnimations": [
            {
              "name": "animation.model.switch",
              "duration": 470
            }
          ]
        }
      ]
    },
	{
        "type": "Aiming",
        "zoom": 0.3,
        "condition": {
            "allOf": [
              {
                "doesNotHaveAttachmentGroup": "ar_sightsandscopes"
              },
              {
                "doesNotHaveAttachmentGroup": "snipers_sights"
              },
              {
                "doesNotHaveAttachmentGroup": "sights_group"
              }
            ]
        }
    },
    {
      "type": "PartVisibility",
      "parts": [
        {
          "name": "foresight_flipped",
          "visible": false,
          "condition": {
              "allOf": [
              {
                "doesNotHaveAttachmentGroup": "ar_sightsandscopes"
              },
              {
                "doesNotHaveAttachmentGroup": "snipers_sights"
              },
              {
                "doesNotHaveAttachmentGroup": "sights_group"
              }
            ]
          }
        },
        {
          "name": "foresight_unflipped",
          "visible": true,
          "condition": {
              "allOf": [
              {
                "doesNotHaveAttachmentGroup": "ar_sightsandscopes"
              },
              {
                "doesNotHaveAttachmentGroup": "snipers_sights"
              },
              {
                "doesNotHaveAttachmentGroup": "sights_group"
              }
            ]
          }
        },		
        {
          "name": "rearsight_unflipped",
          "visible": true,
          "condition": {
              "allOf": [
              {
                "doesNotHaveAttachmentGroup": "ar_sightsandscopes"
              },
              {
                "doesNotHaveAttachmentGroup": "snipers_sights"
              },
              {
                "doesNotHaveAttachmentGroup": "sights_group"
              }
            ]
          }
        },
        {
          "name": "rearsight_flipped",
          "visible": false,
          "condition": {
              "allOf": [
              {
                "doesNotHaveAttachmentGroup": "ar_sightsandscopes"
              },
              {
                "doesNotHaveAttachmentGroup": "snipers_sights"
              },
              {
                "doesNotHaveAttachmentGroup": "sights_group"
              }
            ]
          }
        },
        {
          "name": "muzzlebrake",
          "visible": true,
          "condition": {
              "allOf": [
              {
                "doesNotHaveAttachmentGroup": "ar_suppressors"
              }
            ]
          }
        }
      ]
    },
	{
      "type": "MuzzleFlash",
      "effects": [
        {
          "phase": "firing",
          "name": "muzzle_flash"
        }
      ],
        "condition": {
          "allOf": [
            {
              "isUsingDefaultMuzzle": true
            },
            {
              "doesNotHaveAttachmentGroup": "ar_suppressors"
            }
          ]
        }
    },
	{
			"type": "Sound",
			"fireSound": "eea_ak_silenced",
			"fireSoundVolume": 2,
			"condition": {
			"hasAttachmentGroup": "ar_suppressors"
			}
	}
  ],	
  "phasedReloads": [
    {
      "phase": "RELOADING",
      "condition": "reloadIterationIndex == 0",
      "duration": 2610,
      "animation": "animation.model.reloadempty"
    },
    {
      "phase": "RELOADING",
      "condition": "reloadIterationIndex > 0",
      "duration": 1930,
      "animation": "animation.model.reload"
    }
  ],
  "effects": [
    {
               "phase": "hit_scan_acquired",
               "name": "tracer"
    },
    {
               "phase": "firing",
               "name": "muzzle_flash"
    }
]
}