  {
  "name" : "eea_aps",
  "type": "Gun",
  "maxAmmoCapacity" : 26,
  "compatibleAmmo" : ["ammocreative","eea_ammo566"],
  "damage" : 6,
  "rpm" : 600,
  "fireModes" : ["SINGLE", "AUTOMATIC"],
  "fireSound" : "eea_aps",
  "drawCooldownDuration" : 1350,
  "features": [
    {
      "type": "MuzzleFlash",
      "effects": [
      {
      "phase": "firing",
      "name": "muzzle_flash"
      }
      ],
      "condition": {
      "doesNotHaveAttachmentGroup": "ar_suppressors"
      }
    },
	{	
      "type": "FireMode",
      "fireModes": [
        {
          "name": "automatic",
          "displayName": "label.pointblank.fireMode.automatic",
          "type": "AUTOMATIC",
          "rpm": 600,
          "damage": 6,
          "animationName": "animation.model.fire",
          "shakeRecoilAmplitude": 0.6,
          "shakeRecoilSpeed": 2.0,
          "shakeRecoilDuration": 350,
          "enableFireModeAnimations": [
            {
              "name": "animation.model.switch",
              "duration": 660
            }
          ]
        },
        {
          "name": "single",
          "displayName": "label.pointblank.fireMode.single",
          "type": "SINGLE",
          "rpm": 600,
          "damage": 6,
          "animationName": "animation.model.fire",
          "shakeRecoilAmplitude": 0.6,
          "shakeRecoilSpeed": 2.0,
          "shakeRecoilDuration": 350,
          "enableFireModeAnimations": [
            {
              "name": "animation.model.switch",
              "duration": 660
            }
          ]
        }
      ]
    }
  ],
  "gunRecoilInitialAmplitude" : 0.6,
  "shakeRecoilAmplitude" : 0.2,
  "shakeRecoilSpeed" : 2,
  "viewRecoilAmplitude" : 1.3,
  "inspectCooldownDuration": 4500,
  "phasedReloads": [
    {
      "phase": "RELOADING",
      "condition": "reloadIterationIndex == 0",
      "duration": 1950,
      "animation": "animation.model.reloadempty"
    },
    {
      "phase": "RELOADING",
      "condition": "reloadIterationIndex > 0",
      "duration": 1950,
      "animation": "animation.model.reload"
    }
  ],
  "effects": [
    {
               "phase": "hit_scan_acquired",
               "name": "tracer"
    },
    {
               "phase": "firing",
               "name": "muzzle_flash"
    }
]
}