 {
  "name" : "eea_rpd",
  "type": "Gun",
  "compatibleAttachmentGroups": [
    "eea_folded_bipod"
  ],
  "maxAmmoCapacity" : 100,
  "compatibleAmmo" : ["ammocreative","ammo762"],
  "damage" : 7,
  "rpm" : 700,
  "fireModes" : ["AUTOMATIC"],
  "fireSound" : "eea_rpd",
  "drawCooldownDuration" : 830,
  "gunRecoilInitialAmplitude" : 0.6,
  "shakeRecoilAmplitude" : 0.2,
  "shakeRecoilSpeed" : 2,
  "viewRecoilAmplitude" : 1.3,
  "inspectCooldownDuration": 4800,
  "prepareFireCooldownDuration": 270,
  "features": [
	{
			"type": "PartVisibility",
			"parts": [
        {
					"name":"bipod",
					"visible":false,
					"condition": {
					"hasAttachmentGroup":"eea_folded_bipod"
					}
				},
				{
					"name":"bipodfolded",
					"visible":false,
					"condition": {
					"doesNotHaveAttachmentGroup":"eea_folded_bipod"
					}
				}
			]
	}  
 ],
  "phasedReloads": [
    {
      "phase": "RELOADING",
      "condition": "reloadIterationIndex == 0",
      "duration": 4500,
      "animation": "animation.model.reloadempty"
    },
    {
      "phase": "RELOADING",
      "condition": "reloadIterationIndex > 0",
      "duration": 4500,
      "animation": "animation.model.reload"
    }
  ],
  "effects": [
    {
               "phase": "hit_scan_acquired",
               "name": "tracer"
    },
    {
               "phase": "firing",
               "name": "muzzle_flash"
    }
]
}