  {
  "name" : "eea_ots14",
  "type": "Gun",
  "compatibleAttachmentGroups": [
    "eea_ots14_suppressor",
	"eea_ots14_grip",
	"eea_po434"
  ],
  "maxAmmoCapacity" : 20,
  "compatibleAmmo" : ["ammocreative","eea_ammosp5"],
  "damage" : 7,
  "rpm" : 725,
  "fireModes" : ["SINGLE", "AUTOMATIC"],
  "fireSound" : "eea_ots14",
  "drawCooldownDuration" : 1050,
  "gunRecoilInitialAmplitude" : 0.6,
  "shakeRecoilAmplitude" : 0.2,
  "shakeRecoilSpeed" : 2,
  "viewRecoilAmplitude" : 1.3,
  "inspectCooldownDuration": 4470,
  "features": [
	{ 
      "type": "Aiming",
      "zoom": 0.3,
      "condition": {
            "allOf": [
              {
                "doesNotHaveAttachmentGroup": "eea_po434"
              }
            ]
        }
    },
    {
      "type": "FireMode",
      "fireModes": [
        {
          "name": "automatic",
          "displayName": "label.pointblank.fireMode.automatic",
          "type": "AUTOMATIC",
          "rpm": 725,
          "damage": 7,
          "animationName": "animation.model.fire",
          "shakeRecoilAmplitude": 0.6,
          "shakeRecoilSpeed": 2.0,
          "shakeRecoilDuration": 350,
          "enableFireModeAnimations": [
            {
              "name": "animation.model.switchdown",
              "duration": 470
            }
          ]
        },
        {
          "name": "single",
          "displayName": "label.pointblank.fireMode.single",
          "type": "SINGLE",
          "rpm": 725,
          "damage": 7,
          "animationName": "animation.model.fire",
          "shakeRecoilAmplitude": 0.6,
          "shakeRecoilSpeed": 2.0,
          "shakeRecoilDuration": 350,
          "enableFireModeAnimations": [
            {
              "name": "animation.model.switchup",
              "duration": 470
            }
          ]
        }
      ]
    },
	{
		"type": "Sound",
		"fireSound": "eea_ots14_suppressed",
		"fireSoundVolume": 1,
		"condition": {
			"hasAttachmentGroup": "eea_ots14_suppressor"
		}
	},
	{
		"type": "MuzzleFlash",
		"effects": [
			{
			"phase": "firing",
			"name": "muzzle_flash"
			}
			],
			"condition": {
			"allOf": [
			{
			"isUsingDefaultMuzzle": true
			},
			{
			"doesNotHaveAttachmentGroup": "eea_ots14_grip"
			},
			{
			"doesNotHaveAttachmentGroup": "eea_ots14_suppressor"
			}
			]
		}
	},	
	{
		"type": "PartVisibility",
		"parts": [
			{
				"name":"nut",
				"visible":true,
				"condition":{
					"allOf": [
					{
						"doesNotHaveAttachmentGroup": "eea_ots14_suppressor"
					},
					{
						"doesNotHaveAttachmentGroup": "eea_ots14_grip"
					}
			]
        }
	}
	]
	}
  ],	
  "phasedReloads": [
    {
      "phase": "RELOADING",
      "condition": "reloadIterationIndex == 0",
      "duration": 2670,
      "animation": "animation.model.reloadempty"
    },
    {
      "phase": "RELOADING",
      "condition": "reloadIterationIndex > 0",
      "duration": 2030,
      "animation": "animation.model.reload"
    }
  ],
  "effects": [
    {
               "phase": "hit_scan_acquired",
               "name": "tracer"
    },
    {
               "phase": "firing",
               "name": "muzzle_flash"
    }
]
}