  {
  "name" : "eea_vss",
  "type": "Gun",
  "compatibleAttachments": [
    "eea_pso1",
	"eea_pso1_eyecup"
  ],
  "compatibleAttachmentGroups": [
    "pso_scope"
  ],
  "maxAmmoCapacity" : 10,
  "compatibleAmmo" : ["ammocreative","eea_ammosp5"],
  "damage" : 7,
  "rpm" : 600,
  "fireModes" : ["SINGLE"],
  "fireSoundVolume": 1,
  "fireSound" : "eea_vss",
  "drawCooldownDuration" : 800,
  "features": [
    {
        "type": "Aiming",
        "zoom": 0.35,
        "condition": {
          "doesNotHaveAttachmentGroup": "pso_scope"
        }
    }
  ],
  "gunRecoilInitialAmplitude" : 0.2,
  "shakeRecoilAmplitude" : 0.2,
  "shakeRecoilSpeed" : 2,
  "viewRecoilAmplitude" : 1,
  "inspectCooldownDuration": 4530,
  "phasedReloads": [
    {
      "phase": "RELOADING",
      "condition": "reloadIterationIndex == 0",
      "duration": 2550,
      "animation": "animation.model.reloadempty"
    },
    {
      "phase": "RELOADING",
      "condition": "reloadIterationIndex > 0",
      "duration": 1950,
      "animation": "animation.model.reload"
    }
  ],
  "effects": [
    {
               "phase": "hit_scan_acquired",
               "name": "tracer"
    },
    {
               "phase": "firing",
               "name": "muzzle_flash"
    }
]
}