{
  "name": "eea_gsh18",
  "type": "Gun",
  "maxAmmoCapacity": 18,
  "compatibleAmmo": [
    "ammocreative",
    "ammo9mm"
  ],
  "damage": 4,
  "fireSound": "eea_gsh18",
  "fireModes" : ["SINGLE"],
  "rpm": 800,
  "gunRecoilInitialAmplitude": 0.8,
  "shakeRecoilAmplitude": 0.35,
  "shakeRecoilSpeed": 3,
  "viewRecoilAmplitude": 3,
  "inspectCooldownDuration": 3700,
  "drawCooldownDuration": 570,    
  "features": [
    {
      "type": "MuzzleFlash",
      "effects": [
        {
          "phase": "firing",
          "name": "muzzle_flash"
        }
      ],
      "condition": {
        "allOf": [
          {
            "isUsingDefaultMuzzle": true
          },
          {
            "doesNotHaveAttachmentGroup": "smg_suppressors"
          }
        ]
      }
    },
    {
      "type": "Aiming",
      "zoom": 0.25,
      "condition": {
        "doesNotHaveAttachmentGroup": "hg_sights"
      }
    }
  ],
  "phasedReloads": [
    {
      "phase": "RELOADING",
      "condition": "reloadIterationIndex > 0",
      "duration": 1700,
      "animation": "animation.model.reload"
    },
    {
      "phase": "RELOADING",
      "condition": "reloadIterationIndex == 0",
      "duration": 2000,
      "animation": "animation.model.reloadempty"
    }
  ]
}