  {
  "name" : "eea_pm63",
  "type": "Gun",
  "maxAmmoCapacity" : 25,
  "compatibleAmmo" : ["ammocreative","eea_ammo918mm"],
  "damage" : 4,
  "rpm" : 650,
  "fireModes" : ["AUTOMATIC"],
  "fireSound" : "eea_pm63",
  "drawCooldownDuration" : 750,
  "features": [
    { 
      "type": "Aiming",
      "zoom": 0.35,
      "condition": {
        "doesNotHaveAttachmentGroup": "ar_sightsandscopes"
      }
    },
    {
      "type": "MuzzleFlash",
      "effects": [
      {
      "phase": "firing",
      "name": "muzzle_flash"
      }
      ],
      "condition": {
      "doesNotHaveAttachmentGroup": "ar_suppressors"
      }
    },
    {
			"type": "Sound",
			"fireSound": "ak12_silenced",
			"fireSoundVolume": 1,
			"condition": {
			"hasAttachmentGroup": "ar_suppressors"
			}
		},

    {
			"type": "PartVisibility",
			"parts": [
        {
					"name":"brake",
					"visible":false,
					"condition": {
					"hasAttachmentGroup":"ar_muzzle"
					}
				},
				{
					"name":"rail",
					"visible":false,
					"condition": {
					"doesNotHaveAttachmentGroup":"ar_sightsandscopes"
					}
				}
			]
		}
  ],
  "gunRecoilInitialAmplitude" : 0.45,
  "shakeRecoilAmplitude" : 0.18,
  "shakeRecoilSpeed" : 2,
  "viewRecoilAmplitude" : 1.3,
  "inspectCooldownDuration": 5150,
  "phasedReloads": [
    {
      "phase": "RELOADING",
      "condition": "reloadIterationIndex == 0",
      "duration": 2000,
      "animation": "animation.model.reloadempty"
    },
    {
      "phase": "RELOADING",
      "condition": "reloadIterationIndex > 0",
      "duration": 2000,
      "animation": "animation.model.reload"
    }
  ],
  "effects": [
    {
               "phase": "hit_scan_acquired",
               "name": "tracer"
    },
    {
               "phase": "firing",
               "name": "muzzle_flash"
    }
]
}