  {
  "name" : "eea_pp2000",
  "type": "Gun",
  "maxAmmoCapacity" : 20,
  "compatibleAmmo" : ["ammocreative","ammo9mm"],
  "damage" : 5,
  "rpm" : 700,
  "fireModes" : ["SINGLE", "AUTOMATIC"],
  "fireSound" : "eea_pp2000",
  "drawCooldownDuration" : 500,
  "compatibleAttachmentGroups": [
    "smg_muzzle",
	"smg_suppressors",
    "ar_sightsandscopes"
  ],
  "features": [
    { 
      "type": "Aiming",
      "zoom": 0.35,
      "condition": {
        "doesNotHaveAttachmentGroup": "ar_sightsandscopes"
      }
    },
    {
      "type": "MuzzleFlash",
      "effects": [
      {
      "phase": "firing",
      "name": "muzzle_flash"
      }
      ],
      "condition": {
      "doesNotHaveAttachmentGroup": "smg_suppressors"
      }
    },
    {
			"type": "Sound",
			"fireSound": "mp5_silenced",
			"fireSoundVolume": 1,
			"condition": {
			"hasAttachmentGroup": "smg_suppressors"
			}
	},
	{	
      "type": "FireMode",
      "fireModes": [
        {
          "name": "automatic",
          "displayName": "label.pointblank.fireMode.automatic",
          "type": "AUTOMATIC",
          "rpm": 700,
          "damage": 5,
          "animationName": "animation.model.fire",
          "shakeRecoilAmplitude": 0.6,
          "shakeRecoilSpeed": 2.0,
          "shakeRecoilDuration": 350,
          "enableFireModeAnimations": [
            {
              "name": "animation.model.switch",
              "duration": 470
            }
          ]
        },
        {
          "name": "single",
          "displayName": "label.pointblank.fireMode.single",
          "type": "SINGLE",
          "rpm": 700,
          "damage": 5,
          "animationName": "animation.model.fire",
          "shakeRecoilAmplitude": 0.6,
          "shakeRecoilSpeed": 2.0,
          "shakeRecoilDuration": 350,
          "enableFireModeAnimations": [
            {
              "name": "animation.model.switch",
              "duration": 470
            }
          ]
        }
      ]
    }
  ],
  "gunRecoilInitialAmplitude" : 0.45,
  "shakeRecoilAmplitude" : 0.18,
  "shakeRecoilSpeed" : 2,
  "viewRecoilAmplitude" : 1.3,
  "inspectCooldownDuration": 4850,
  "phasedReloads": [
    {
      "phase": "RELOADING",
      "condition": "reloadIterationIndex == 0",
      "duration": 2800,
      "animation": "animation.model.reloadempty"
    },
    {
      "phase": "RELOADING",
      "condition": "reloadIterationIndex > 0",
      "duration": 2150,
      "animation": "animation.model.reload"
    }
  ],
  "effects": [
    {
               "phase": "hit_scan_acquired",
               "name": "tracer"
    },
    {
               "phase": "firing",
               "name": "muzzle_flash"
    }
]
}