  {
  "name" : "eea_sa81",
  "type": "Gun",
  "compatibleAttachmentGroups": [
    "eea_folded_stock"
  ],  
  "maxAmmoCapacity" : 20,
  "compatibleAmmo" : ["ammocreative","ammo762"],
  "damage" : 7,
  "rpm" : 975,
  "fireModes" : ["SINGLE", "AUTOMATIC"],
  "fireSound" : "eea_sa81",
  "drawCooldownDuration" : 500,
  "gunRecoilInitialAmplitude" : 0.8,
  "shakeRecoilAmplitude" : 0.1,
  "shakeRecoilSpeed" : 1.5,
  "viewRecoilAmplitude" : 1.2,
  "inspectCooldownDuration": 4500,
  "features": [
  {
      "type": "FireMode",
      "fireModes": [
        {
          "name": "automatic",
          "displayName": "label.pointblank.fireMode.automatic",
          "type": "AUTOMATIC",
          "rpm": 975,
          "damage": 7,
          "animationName": "animation.model.fire",
          "shakeRecoilAmplitude": 0.8,
          "shakeRecoilSpeed": 2.0,
          "shakeRecoilDuration": 350,
          "enableFireModeAnimations": [
            {
              "name": "animation.model.switch",
              "duration": 470
            }
          ]
        },
        {
          "name": "single",
          "displayName": "label.pointblank.fireMode.single",
          "type": "SINGLE",
          "rpm": 975,
          "damage": 7,
          "animationName": "animation.model.fire",
          "shakeRecoilAmplitude": 0.8,
          "shakeRecoilSpeed": 2.0,
          "shakeRecoilDuration": 350,
          "enableFireModeAnimations": [
            {
              "name": "animation.model.switch",
              "duration": 470
            }
          ]
        }
      ]
    },
	{
			"type": "PartVisibility",
			"parts": [
				{
					"name":"stock",
					"visible":false,
					"condition": {
					"hasAttachmentGroup":"eea_folded_stock"
					}
				},
				{
					"name":"stockfolded",
					"visible":false,
					"condition": {
					"doesNotHaveAttachmentGroup":"eea_folded_stock"
					}
				}
			]
	},
	{
			"type": "Sound",
			"fireSound": "eea_ak_silenced",
			"fireSoundVolume": 2,
			"condition": {
			"hasAttachmentGroup": "eea_pbs4"
			}
	}
  ],
  "phasedReloads": [
    {
      "phase": "RELOADING",
      "condition": "reloadIterationIndex == 0",
      "duration": 2600,
      "animation": "animation.model.reloadempty"
    },
    {
      "phase": "RELOADING",
      "condition": "reloadIterationIndex > 0",
      "duration": 2000,
      "animation": "animation.model.reload"
    }
  ],
  "effects": [
    {
               "phase": "hit_scan_acquired",
               "name": "tracer"
    },
    {
               "phase": "firing",
               "name": "muzzle_flash"
    }
]
}