  {
  "name" : "eea_vsk100bp",
  "type": "Gun",
  "compatibleAttachmentGroups": [
    "sights_group",
    "ar_sightsandscopes",
    "snipers_sights",
	"ar_muzzle",
	"ar_suppressors",
	"underbarrel"
  ],
  "compatibleAttachments":[
    "cantedrail"
  ],	
  "maxAmmoCapacity" : 30,
  "compatibleAmmo" : ["ammocreative","ammo762"],
  "damage" : 7,
  "rpm" : 900,
  "fireModes" : ["SINGLE", "AUTOMATIC"],
  "fireSound" : "eea_akm",
  "drawCooldownDuration" : 600,
  "gunRecoilInitialAmplitude" : 0.6,
  "shakeRecoilAmplitude" : 0.2,
  "shakeRecoilSpeed" : 2,
  "viewRecoilAmplitude" : 1.3,
  "inspectCooldownDuration": 4500,
  "features": [
	{	
      "type": "FireMode",
      "fireModes": [
        {
          "name": "automatic",
          "displayName": "label.pointblank.fireMode.automatic",
          "type": "AUTOMATIC",
          "rpm": 900,
          "damage": 7,
          "animationName": "animation.model.fire",
          "shakeRecoilAmplitude": 0.6,
          "shakeRecoilSpeed": 2.0,
          "shakeRecoilDuration": 350,
          "enableFireModeAnimations": [
            {
              "name": "animation.model.switchdown",
              "duration": 470
            }
          ]
        },
        {
          "name": "single",
          "displayName": "label.pointblank.fireMode.single",
          "type": "SINGLE",
          "rpm": 900,
          "damage": 7,
          "animationName": "animation.model.fire",
          "shakeRecoilAmplitude": 0.6,
          "shakeRecoilSpeed": 2.0,
          "shakeRecoilDuration": 350,
          "enableFireModeAnimations": [
            {
              "name": "animation.model.switchup",
              "duration": 470
            }
          ]
        }
      ]
    },
	{
        "type": "Aiming",
        "zoom": 0.1,
        "condition": {
            "allOf": [
              {
                "doesNotHaveAttachmentGroup": "ar_sightsandscopes"
              },
              {
                "doesNotHaveAttachmentGroup": "snipers_sights"
              },
              {
                "doesNotHaveAttachmentGroup": "sights_group"
              }
            ]
        }
    },	
	{
      "type": "MuzzleFlash",
      "effects": [
        {
          "phase": "firing",
          "name": "muzzle_flash"
        }
      ],
        "condition": {
          "allOf": [
            {
              "isUsingDefaultMuzzle": true
            },
            {
              "doesNotHaveAttachmentGroup": "ar_suppressors"
            }
          ]
        }
    },	
	{
			"type": "Sound",
			"fireSound": "eea_ak_silenced",
			"fireSoundVolume": 2,
			"condition": {
			"hasAttachmentGroup": "ar_suppressors"
			}
	}	
  ],	
  "phasedReloads": [
    {
      "phase": "RELOADING",
      "condition": "reloadIterationIndex == 0",
      "duration": 2600,
      "animation": "animation.model.reloadempty"
    },
    {
      "phase": "RELOADING",
      "condition": "reloadIterationIndex > 0",
      "duration": 2000,
      "animation": "animation.model.reload"
    }
  ],
  "effects": [
    {
               "phase": "hit_scan_acquired",
               "name": "tracer"
    },
    {
               "phase": "firing",
               "name": "muzzle_flash"
    }
]
}