{
  "name": "eea_ots35",
  "type": "Gun",
  "maxAmmoCapacity": 8,
  "compatibleAmmo": [
    "ammocreative",
    "eea_ammo918mm"
  ],
  "damage": 3.5,
  "fireSound": "eea_pm",
  "fireModes" : ["SINGLE"],
  "rpm": 800,
  "gunRecoilInitialAmplitude": 0.8,
  "shakeRecoilAmplitude": 0.1,
  "shakeRecoilSpeed": 1,
  "viewRecoilAmplitude": 3,
  "inspectCooldownDuration": 3870,
  "maxShootingDistance": 50,
  "features": [
    {
      "type": "MuzzleFlash",
      "effects": [
        {
          "phase": "firing",
          "name": "muzzle_flash"
        }
      ],
      "condition": {
        "allOf": [
          {
            "isUsingDefaultMuzzle": true
          }
        ]
      }
    }
  ], 
  "phasedReloads": [
    {
      "phase": "RELOADING",
      "condition": "reloadIterationIndex > 0",
      "duration": 2200,
      "animation": "animation.model.reload"
    },
    {
      "phase": "RELOADING",
      "condition": "reloadIterationIndex == 0",
      "duration": 2500,
      "animation": "animation.model.reloadempty"
    }
  ]
}